Keyword,Intent,Relevance,Volume,Keyword Difficulty,CPC (USD),SERP Features
rtl plus,"Navigational, Commercial",41,1000000,69,0.21,"Sitelinks, Reviews, Video, Video carousel, People also ask, Top stories, Related searches, Ads top, Ads bottom"
rtl live,"Navigational, Transactional",36,450000,64,0.47,"Reviews, Video, People also ask, Related searches"
netflix filme,Transactional,36,74000,57,0.25,"Video, People also ask, Related searches"
netflix kosten,"Informational, Transactional",42,60500,54,0.93,"AI Overview, Reviews, Video, People also ask, Related searches"
telekom glasfaser,"Navigational, Transactional",45,60500,49,3.52,"Sitelinks, Reviews, Video, Video carousel, People also ask, Related searches"
router,"Informational, Transactional",37,40500,51,1.10,"Reviews, Video, Video carousel, People also ask, Knowledge panel, Related searches, Popular products"
netflix neue filme,"Informational, Transactional",37,27100,48,0.19,"Video, People also ask, Related searches"
waipu tv stick,"Navigational, Transactional",35,27100,42,0.10,"Sitelinks, Image, Video, Video carousel, People also ask, Related searches, Ads top"
dsl angebote,Commercial,45,22200,53,3.30,"Sitelinks, AI Overview, Reviews, Video, People also ask, Related searches"
http //fritz.box login,Transactional,35,22200,38,1.49,"Sitelinks, Reviews, People also ask, Related searches"
rtl live stream kostenlos ohne anmeldung,Transactional,42,22200,48,1.14,"AI Overview, Reviews, Video, Related searches"
dsl vergleich,Commercial,42,18100,48,3.84,"Sitelinks, Reviews, Video, People also ask, Related searches"
rtl live fußball,"Navigational, Transactional",38,18100,53,0.64,"Reviews, Video, People also ask, Related searches"
dsl anschluss,Commercial,41,14800,31,6.08,"AI Overview, Reviews, Video, People also ask, Related searches, Ads top, Ads bottom"
kostenlos fernsehen,Commercial,42,14800,57,0.64,"Reviews, Video, Related searches"
netflix abos,"Informational, Transactional",37,14800,63,1.63,"AI Overview, Reviews, Image pack, Video, People also ask, Related searches"
netflix preise,Transactional,41,14800,56,1.38,"AI Overview, Reviews, Video, People also ask, Related searches"
neu bei netflix,"Informational, Transactional",38,14800,53,0.66,"Video, People also ask, Related searches"
telekom dsl,Transactional,41,14800,44,3.89,"AI Overview, Reviews, Video, People also ask, Related searches"
internet für zuhause,Commercial,43,12100,59,4.51,"Reviews, Video, People also ask, Related searches, Ads top, Ads bottom"
internet vergleich,Commercial,40,12100,54,5.23,"Sitelinks, Reviews, Video, People also ask, Related searches"
internet vertrag,Commercial,45,12100,61,6.54,"Reviews, Video, People also ask, Related searches, Ads top"
telekom angebote,Transactional,41,12100,53,0.86,"Reviews, Video, People also ask, Related searches"
tv stick,"Informational, Commercial",38,12100,31,1.37,"Reviews, Video, People also ask, Related searches, Popular products"
dsl vertrag,"Informational, Commercial",44,9900,60,6.60,"Reviews, Video, Related searches"
filme netflix,"Informational, Commercial",36,9900,51,0.06,"Short videos, People also ask, Top stories, Related searches"
internet anbieter,Commercial,47,9900,54,4.29,"AI Overview, Reviews, Video, Video carousel, People also ask, Related searches, Ads top"
netflix abo kosten,"Informational, Transactional",41,9900,55,1.21,"AI Overview, Reviews, Video, People also ask, Related searches"
free tv,Commercial,38,8100,61,0.67,"Reviews, Video, People also ask, Related searches"
internet anbieter vergleich,Commercial,41,8100,50,3.92,"Sitelinks, AI Overview, Reviews, Video, People also ask, Related searches"
iptv kaufen,Commercial,52,8100,23,1.33,"Video, People also ask, Related searches"
programe tv online,Commercial,36,8100,52,0.99,"Reviews, Video, Related searches"
rtl program,"Informational, Transactional",33,8100,74,0.60,"Video, People also ask, Related searches"
sky receiver,"Informational, Transactional",35,8100,39,1.97,"Reviews, Image, Video, People also ask, Related searches, Popular products"
telekom internet tarife,Transactional,43,8100,46,3.00,"Reviews, People also ask, Related searches, Ads top, Ads bottom"
telekom netzabdeckung,"Informational, Transactional",39,8100,40,0.49,"Reviews, Video, People also ask, Related searches"
wlan vertrag,Commercial,40,8100,56,7.74,"AI Overview, Reviews, Video, People also ask, Related searches"
dsl verfügbarkeit,Commercial,43,6600,49,1.61,"Reviews, Video, Related searches"
fritzbox anmelden,Transactional,45,6600,32,1.14,"AI Overview, Reviews, Video, Video carousel, People also ask, Related searches"
glasfaser tarife,Commercial,45,6600,46,0.00,"Reviews, Video, People also ask, Related searches"
netflix account,"Navigational, Transactional",36,6600,74,1.49,"Reviews, People also ask, Related searches"
super rtl live,Commercial,37,6600,38,0.77,"Reviews, Video, People also ask, Related searches"
tv kostenlos,Commercial,41,6600,53,0.87,"AI Overview, Reviews, Video, People also ask, Related searches"
tv live,Commercial,35,6600,76,0.57,"Reviews, Video, Related searches"
dsl internet,"Informational, Commercial",41,5400,42,5.46,"AI Overview, Reviews, Video, People also ask, Related searches"
internet vertrag vergleich,Commercial,44,5400,53,5.16,"Sitelinks, Reviews, Video, People also ask, Related searches"
kosten netflix,"Informational, Transactional",39,5400,54,0.93,"AI Overview, Reviews, Video, People also ask, Related searches"
kostenlos rtl live,Transactional,39,5400,46,1.05,"Reviews, Video, People also ask, Related searches"
netflix deutschland,"Navigational, Transactional",42,5400,82,1.46,"Sitelinks, Reviews, Video, People also ask, Related searches"
netflix film,Transactional,30,5400,52,0.25,"Video, People also ask, Related searches"
netflix.comnetflix.com,"Navigational, Transactional",37,5400,100,1.47,"AI Overview, Reviews, Video, People also ask"
q sky tv,"Navigational, Transactional",39,5400,37,1.44,"AI Overview, Reviews, Video, People also ask, Related searches"
router kaufen,Transactional,40,5400,33,0.88,"Reviews, Video, People also ask, Related searches, Popular products"
telekom festnetz,"Navigational, Transactional",41,5400,39,3.53,"People also ask, Related searches"
tv live stream,Commercial,39,5400,87,0.77,"Reviews, Video, People also ask, Related searches"
2ix2 rtl,"Navigational, Transactional",33,4400,46,0.67,Related searches
de netflix,"Informational, Transactional",42,4400,78,1.87,"AI Overview, Reviews, Video, People also ask, Related searches"
dsl anbieter,Commercial,46,4400,48,4.50,"Sitelinks, AI Overview, Reviews, Video, People also ask, Related searches"
dsl tarife,"Informational, Commercial",40,4400,58,0.00,"Sitelinks, Reviews, Video, People also ask, Related searches"
fernsehen kostenlos,Commercial,42,4400,45,0.64,"AI Overview, Reviews, Video, Related searches"
glasfaser internet,Commercial,42,4400,57,2.30,"Reviews, Video, People also ask, Related searches, Ads top"
glasfaser verfügbarkeit prüfen,Commercial,43,4400,37,1.06,"Reviews, Video, People also ask, Related searches"
glasfaser verfügbarkeit telekom,Transactional,40,4400,32,2.73,"Reviews, People also ask, Related searches"
internetanbieter vergleich,Commercial,43,4400,51,3.97,"Reviews, Video, People also ask, Related searches, Ads top, Ads bottom"
internetvertrag vergleich,Commercial,44,4400,54,5.33,"Reviews, Video, People also ask, Related searches, Ads top, Ads bottom"
netflix abo preise,Transactional,41,4400,58,1.10,"AI Overview, Reviews, Video, People also ask, Related searches, Ads bottom"
netflix angebote preise für neukunden,Transactional,43,4400,47,1.00,"AI Overview, Reviews, Video, People also ask, Related searches, Ads top"
netzabdeckung vodafone,Commercial,42,4400,40,1.56,"Sitelinks, AI Overview, Reviews, Video, People also ask, Related searches"
neue filme auf netflix,"Informational, Transactional",37,4400,51,0.04,"Video, People also ask, Related searches"
rtl live schauen,Transactional,40,4400,50,0.76,"Sitelinks, Reviews, Video, People also ask, Related searches"
rtl sendung verpasst,Transactional,35,4400,54,0.27,"Reviews, Video, People also ask, Related searches, Ads bottom"
rtl up live,Transactional,37,4400,49,0.65,"Reviews, Video, People also ask, Related searches"
sendung verpasst rtl,Transactional,35,4400,51,0.27,"Video, People also ask, Related searches"
telekom dsl tarife,Transactional,41,4400,39,3.61,"Reviews, People also ask, Related searches"
telekom internet verfügbarkeit,Transactional,43,4400,28,2.91,"Reviews, People also ask, Related searches"
tv online gratis,Commercial,40,4400,63,0.70,"AI Overview, Reviews, Video, People also ask, Related searches"
192.168.l.1,Commercial,35,3600,37,0.00,"AI Overview, Reviews, Video, People also ask"
check24 dsl,"Navigational, Transactional",37,3600,61,2.06,"Sitelinks, Reviews, Video, People also ask, Related searches"
glasfaser telekom verfügbarkeit,Transactional,42,3600,33,2.73,"AI Overview, Reviews, People also ask, Related searches, Ads top, Ads bottom"
https //fritz.box login,Transactional,34,3600,40,1.49,"Reviews, People also ask, Related searches"
internet anmelden,Transactional,44,3600,66,10.63,"AI Overview, Reviews, Video, People also ask, Related searches"
internet tarife,Commercial,45,3600,57,2.82,"Reviews, Video, People also ask, Related searches, Ads top"
joyn tv kostenlos ohne anmeldung,Transactional,40,3600,62,0.34,"AI Overview, Reviews, Video, People also ask, Related searches"
kostenlos live tv,Commercial,41,3600,56,0.61,"Reviews, Image, Video, People also ask, Top stories, Related searches"
netflix standard abo,"Informational, Transactional",38,3600,53,2.09,"AI Overview, Reviews, Video, People also ask, Related searches"
netflix-abo,Commercial,41,3600,57,1.63,"AI Overview, Reviews, Video, People also ask, Related searches"
rtl aktuell live,"Informational, Transactional",38,3600,58,0.51,"Reviews, Video, People also ask, Top stories, Related searches"
rtl live fußball kostenlos,Transactional,37,3600,50,0.58,"Sitelinks, Reviews, Video, People also ask, Related searches"
rtl stream live,Transactional,41,3600,49,0.79,"Reviews, Video, People also ask, Related searches"
rtl2 live stream kostenlos,Transactional,37,3600,31,1.00,"Reviews, Image, Video, People also ask, Related searches"
rtl2 livestream,Commercial,38,3600,44,0.83,"Reviews, Video, People also ask, Related searches"
telekom tarife festnetz,Commercial,42,3600,42,1.50,"AI Overview, Reviews, People also ask, Related searches, Ads top"
telekom tarife internet,Transactional,44,3600,48,3.00,"Reviews, Video, People also ask, Related searches"
wlan vergleich,Commercial,36,3600,54,7.54,"Sitelinks, Reviews, Video, People also ask, Related searches"
fritz.box anmelden,"Navigational, Transactional",40,2900,31,1.14,"AI Overview, Reviews, Video, Video carousel, People also ask, Related searches"
glasfaser angebote,Commercial,45,2900,50,1.40,"AI Overview, Reviews, Video, People also ask, Related searches"
glasfaserkabel kaufen,Transactional,39,2900,17,0.45,"Video, People also ask, Related searches, Popular products"
gratis tv schauen,Commercial,42,2900,52,0.51,"AI Overview, Reviews, Video, Video carousel, People also ask, Related searches"
internet und tv,Commercial,49,2900,38,3.01,"AI Overview, Reviews, Image, Video, People also ask, Related searches"
live stream rtl2,Commercial,38,2900,35,0.83,"Video, People also ask, Related searches"
netflix-abo-preise,Transactional,41,2900,53,1.10,"AI Overview, Reviews, People also ask, Related searches"
netzverfügbarkeit telekom prüfen,Transactional,38,2900,40,2.70,"Reviews, People also ask, Related searches"
rtl + kosten,"Informational, Transactional",41,2900,51,0.78,"AI Overview, Reviews, Video, People also ask, Related searches, Ads top"
rtl login,"Navigational, Transactional",33,2900,41,0.30,"Video, People also ask, Related searches"
rtl plus kostenlos ohne anmeldung,"Navigational, Transactional",39,2900,51,0.20,"Sitelinks, AI Overview, Reviews, Video, Video carousel, People also ask, Related searches"
rtl plus programm,Commercial,37,2900,50,0.11,"AI Overview, Reviews, Video, People also ask, Related searches"
streaming angebote,"Informational, Commercial",47,2900,39,2.06,"Sitelinks, AI Overview, Reviews, Video, People also ask, Related searches"
telekom tarife festnetz und internet,"Informational, Transactional",43,2900,44,1.53,"AI Overview, Reviews, People also ask, Related searches"
telekom tv,"Navigational, Transactional",42,2900,45,3.00,"Sitelinks, Reviews, Image, Video, People also ask, Related searches, Ads top, Ads bottom"
waipu tv stick ohne vertrag,Commercial,38,2900,40,0.19,"Sitelinks, Reviews, Video, People also ask, Related searches, Popular products"
192.168.l.0,Commercial,34,2400,44,0.00,"Video, People also ask"
angebote internet telekom,"Informational, Transactional",44,2400,42,3.69,"AI Overview, Reviews, People also ask, Related searches"
dsl angebote neukunde,Commercial,42,2400,50,2.77,"AI Overview, Reviews, People also ask, Related searches, Ads top, Ads bottom"
dsl tarife telekom,Transactional,44,2400,43,3.61,"Reviews, People also ask, Related searches"
dsl tarife vergleich,Commercial,41,2400,49,2.10,"Sitelinks, Reviews, Video, People also ask, Related searches"
dsl verfügbarkeit telekom,"Informational, Transactional",43,2400,23,3.41,"Reviews, People also ask, Related searches"
fernsehen live,Commercial,39,2400,78,0.54,"Reviews, Video, Related searches"
festnetz telekom,"Informational, Transactional",43,2400,31,3.53,"AI Overview, Reviews, Video, People also ask, Related searches"
fritzbox.login,Transactional,39,2400,32,2.30,"Reviews, Video, People also ask"
iptv german,Commercial,54,2400,37,1.10,"AI Overview, People also ask, Related searches"
meine fritzbox,Commercial,41,2400,33,0.77,"AI Overview, Reviews, Video, People also ask, Related searches"
netflix en vodafone,Transactional,39,2400,32,12.10,"AI Overview, Video, People also ask, Related searches"
netflix subscription,"Navigational, Transactional",36,2400,76,1.38,"Reviews, Video, People also ask, Related searches"
rtl 2 live stream kostenlos,Commercial,39,2400,38,1.23,"Reviews, Video, People also ask, Related searches"
rtl fußball live,"Informational, Transactional",38,2400,48,0.64,"Reviews, Video, People also ask, Related searches"
rtl online,"Navigational, Transactional",40,2400,66,0.71,"Sitelinks, Reviews, Video, People also ask, Related searches"
rtl online live stream,Transactional,41,2400,47,0.72,"Sitelinks, Reviews, Video, People also ask, Related searches, Ads bottom"
rtl tv program,"Informational, Transactional",34,2400,59,0.60,"Video, People also ask, Related searches"
sat1 live stream kostenlos ohne anmeldung,Transactional,37,2400,41,0.33,"Reviews, Video, People also ask, Related searches, Ads bottom"
satellite receiver hd,"Informational, Commercial",37,2400,21,0.16,"Video, Video carousel, People also ask, Related searches, Popular products"
serien.to,Commercial,38,2400,30,1.01,"Sitelinks, AI Overview, Reviews, Video, People also ask"
telekom dsl angebote,Transactional,41,2400,36,3.82,"Reviews, People also ask, Related searches"
telekom fernsehen,"Navigational, Transactional",44,2400,47,2.61,"Sitelinks, Reviews, Video, People also ask, Related searches"
vergleich dsl,Commercial,39,2400,44,3.84,"Sitelinks, Reviews, Video, Related searches"
vergleich internetanbieter,Commercial,44,2400,56,3.97,"AI Overview, Reviews, Video, People also ask, Related searches, Ads top, Ads bottom"
vodafone internet zuhause,Commercial,36,2400,44,3.00,"Reviews, Video, People also ask, Related searches, Ads top"
wlan router kaufen,Transactional,37,2400,38,2.08,"Reviews, Video, People also ask, Related searches, Popular products"
dsl günstig,Commercial,43,1900,40,2.72,"Sitelinks, Reviews, Video, People also ask, Related searches, Ads top, Ads middle"
dsl preisvergleich,Commercial,44,1900,51,3.08,"Sitelinks, Reviews, Video, Related searches, Ads top, Ads bottom"
festnetz internet,Commercial,44,1900,44,2.51,"Reviews, Video, People also ask, Related searches, Ads top, Ads bottom"
festnetz und internet angebote,Commercial,45,1900,50,1.32,"AI Overview, Reviews, Video, People also ask, Related searches, Ads top, Ads middle"
glasfaser tarife vergleich,Commercial,45,1900,34,0.78,"AI Overview, Reviews, Video, People also ask, Related searches"
glasfaser vergleich,Commercial,43,1900,33,1.83,"Sitelinks, Reviews, Video, Related searches"
glasfaseranschluss telekom,Commercial,40,1900,36,2.06,"AI Overview, Reviews, Image pack, Video, Video carousel, People also ask, Related searches, Ads top, Ads bottom"
günstige internetanbieter,Commercial,46,1900,46,2.28,"Reviews, Video, People also ask, Related searches"
günstiger internetanbieter,Commercial,47,1900,46,2.28,"AI Overview, Reviews, Video, People also ask, Related searches"
internet flat,Commercial,38,1900,39,3.81,"Reviews, Video, People also ask, Related searches, Ads top, Ads middle"
internet über kabel,Commercial,43,1900,27,2.72,"AI Overview, Reviews, Video, People also ask, Related searches, Ads top, Ads middle"
iptv deutschland,"Informational, Commercial",68,1900,36,1.35,"AI Overview, Video, People also ask, Related searches"
iptv germany,Commercial,63,1900,25,1.44,"AI Overview, Video, People also ask, Related searches"
kabel 1 live stream kostenlos,Transactional,40,1900,35,0.40,"Reviews, Video, People also ask, Related searches"
kabel receiver,Commercial,39,1900,29,0.52,"Reviews, Image pack, Video, People also ask, Related searches, Popular products"
kabelinternet,Commercial,44,1900,31,3.63,"Reviews, Video, People also ask, Related searches, Ads top, Ads middle"
kostenlos fernsehen schauen,Commercial,41,1900,37,0.52,"Reviews, Video, People also ask, Related searches, Ads bottom"
kostenlos rtl schauen,Commercial,41,1900,47,1.18,"AI Overview, Reviews, Video, People also ask, Related searches"
magenta tv live,Commercial,36,1900,58,1.88,"Video, People also ask, Related searches, Ads top"
netflix hotline,"Navigational, Transactional",37,1900,33,0.74,"Sitelinks, People also ask, Related searches"
netflix jahresabo,"Informational, Transactional",41,1900,55,1.24,"AI Overview, Reviews, Related searches"
netflix kontaktnummer,"Navigational, Transactional",34,1900,36,0.44,"Sitelinks, Related searches"
netflix preis,Transactional,40,1900,57,1.38,"AI Overview, Reviews, Video, People also ask, Related searches"
netflix registrieren,"Navigational, Transactional",41,1900,61,2.68,"Video, Video carousel, People also ask, Related searches"
netflix vodafone,"Navigational, Transactional",38,1900,30,12.10,"Sitelinks, Reviews, Video, People also ask, Related searches"
netzabdeckung 1&1,Commercial,37,1900,45,2.20,"Reviews, Video, People also ask, Related searches"
netzabdeckung karte,Commercial,39,1900,36,0.97,"Image, Image pack, Video, People also ask, Related searches"
preise netflix,"Navigational, Transactional",41,1900,56,1.12,"AI Overview, Reviews, Video, People also ask, Related searches"
router router,"Informational, Transactional",33,1900,41,1.10,"People also ask, Knowledge panel, Related searches, Popular products"
rtl app,Commercial,35,1900,48,0.45,"AI Overview, Reviews, Video, People also ask, Related searches, Ads bottom, Ads middle"
rtl live fussball,"Informational, Transactional",35,1900,51,0.78,"Video, People also ask, Related searches"
rtl live stream kostenlos ohne anmeldung 2ix2,"Navigational, Transactional",36,1900,37,0.00,"Reviews, Video, People also ask, Related searches"
rtl plus live,"Navigational, Transactional",39,1900,72,0.33,"Reviews, Video, People also ask, Related searches"
rtl plus pakete,"Informational, Transactional",45,1900,47,2.10,"AI Overview, Reviews, Video, People also ask, Related searches, Ads top, Ads bottom"
rtlup live stream kostenlos ohne anmeldung,"Navigational, Transactional",39,1900,26,0.93,"Sitelinks, Video, People also ask, Related searches"
set top box set top box,"Informational, Commercial",39,1900,17,0.74,"Sitelinks, Reviews, Video, People also ask, Related searches, Popular products"
telekom angebote internet,Transactional,43,1900,51,2.51,"Reviews, People also ask, Related searches"
telekom hybrid 5g,"Informational, Transactional",43,1900,23,2.83,"AI Overview, Reviews, Video, Video carousel, Short videos, People also ask, Related searches"
telekom internet vertrag,Transactional,43,1900,44,2.80,"Reviews, People also ask, Related searches, Ads top, Ads bottom"
telekom netz,"Informational, Transactional",44,1900,40,2.03,"AI Overview, Reviews, Video, People also ask, Knowledge panel, Top stories, Related searches"
telekom netzabdeckung karte,"Informational, Transactional",38,1900,38,0.82,"Reviews, Image pack, People also ask, Related searches"
telekom verfügbarkeit dsl,Transactional,41,1900,23,2.21,"Reviews, People also ask, Related searches"
tv online kostenlos,Commercial,43,1900,50,1.07,"Reviews, Video, People also ask, Related searches"
tv stick vergleich,Commercial,42,1900,31,0.80,"Sitelinks, Reviews, Video, People also ask, Related searches, Ads bottom"
tv und internet telekom,"Navigational, Transactional",45,1900,48,1.71,"Reviews, Video, Related searches"
upiptv,"Informational, Commercial",44,1900,2,1.66,"AI Overview, Related searches"
vergleich internet,Commercial,43,1900,63,5.23,"Reviews, Video, People also ask, Related searches"
vodafone tarife mit handy,Transactional,36,1900,54,2.05,"Reviews, People also ask, Related searches, Popular products"
vodafone unlimited,Transactional,32,1900,37,2.97,"AI Overview, Reviews, Video, Video carousel, People also ask, Related searches, Ads top, Ads bottom"
zu hause internet,Commercial,44,1900,56,4.77,"Reviews, Video, Related searches"
5g empfänger telekom,"Informational, Transactional",38,1600,23,0.96,"Video, Video carousel, People also ask, Related searches"
android tv stick,"Informational, Commercial",39,1600,30,0.45,"Sitelinks, Video, Video carousel, People also ask, Related searches, Popular products"
angebote telekom internet,Transactional,43,1600,39,3.69,"Reviews, Video, People also ask, Related searches"
best streaming services,Commercial,54,1600,74,2.34,"Sitelinks, AI Overview, Reviews, Video, Video carousel, People also ask, Related searches"
bester internetanbieter,Commercial,46,1600,41,2.79,"AI Overview, Reviews, Video, Video carousel, People also ask, Related searches, Ads top, Ads middle"
dsl angebot,Commercial,44,1600,52,3.15,"Reviews, Video, People also ask, Related searches, Ads top, Ads middle"
dsl monatlich kündbar,Commercial,38,1600,37,5.39,"Reviews, Related searches, Ads top, Ads middle"
dsl neukunde angebote,Commercial,42,1600,41,2.50,"AI Overview, Reviews, Video, Related searches, Ads top, Ads bottom"
dsl tarif,Commercial,43,1600,53,2.51,"Reviews, Video, Related searches, Ads top, Ads bottom"
dsl vertrag vergleich,Commercial,41,1600,47,3.78,"Sitelinks, Reviews, Video, People also ask, Related searches, Ads top, Ads bottom"
fernsehen kostenlos schauen,Commercial,39,1600,46,0.52,"AI Overview, Reviews, Video, People also ask, Related searches"
fernsehen rtl,Commercial,39,1600,63,0.49,"Video, People also ask, Top stories, Related searches"
festnetz angebote,Commercial,43,1600,40,1.67,"AI Overview, Reviews, Video, People also ask, Related searches, Ads bottom, Ads middle"
festnetz tarife telekom,"Navigational, Transactional",39,1600,46,1.51,"AI Overview, Reviews, Video, People also ask, Related searches, Ads top, Ads bottom"
free tv deutsch,Commercial,42,1600,50,0.62,"Reviews, Video, People also ask, Related searches"
german iptv,Commercial,52,1600,19,0.87,"Video, People also ask, Related searches"
glasfaser check,Commercial,38,1600,38,1.19,"Reviews, Video, People also ask, Related searches, Ads top, Ads bottom"
glasfaser vertrag,Commercial,43,1600,54,1.84,"AI Overview, Reviews, Video, People also ask, Related searches, Ads top, Ads bottom"
glasfasertarife,Commercial,42,1600,45,0.00,"AI Overview, Reviews, Video, People also ask, Related searches"
günstige internetanbieter für zuhause,Commercial,45,1600,51,1.92,"AI Overview, Reviews, Video, People also ask, Related searches, Ads bottom, Ads middle"
günstiges internet,Commercial,44,1600,58,2.79,"AI Overview, Reviews, Video, People also ask, Related searches"
internet angebot,Commercial,47,1600,52,3.18,"Reviews, Video, People also ask, Related searches"
internet preisvergleich,Commercial,42,1600,52,1.12,"Reviews, Video, People also ask, Related searches"
internet tarif,Commercial,44,1600,59,2.66,"Reviews, Video, People also ask, Related searches"
internet tarif vergleich,Commercial,46,1600,52,3.50,"Sitelinks, Reviews, Video, People also ask, Related searches"
internet tarife telekom,Transactional,43,1600,47,2.34,"Reviews, People also ask, Related searches"
internet tarife vergleich,Commercial,46,1600,51,2.42,"Sitelinks, Video, People also ask, Related searches"
internet tv kostenlos,"Informational, Commercial",52,1600,57,0.65,"AI Overview, Reviews, Video, People also ask, Related searches, Ads bottom, Ads middle"
internet und telefon,Commercial,41,1600,37,1.86,"Sitelinks, AI Overview, Reviews, Video, People also ask, Related searches, Ads top, Ads middle"
internet zuhause günstig,Commercial,44,1600,56,2.90,"AI Overview, Reviews, Video, People also ask, Related searches, Ads top, Ads bottom"
internet über kabelanschluss,Commercial,43,1600,22,3.37,"AI Overview, Reviews, Video, Video carousel, People also ask, Related searches, Ads top, Ads middle"
internetanbieter günstig,"Informational, Commercial",47,1600,58,3.61,"AI Overview, Reviews, Video, People also ask, Related searches, Ads top, Ads middle"
internetanbieter testsieger,Commercial,45,1600,43,0.64,"AI Overview, Reviews, Video, Video carousel, People also ask, Related searches, Ads top, Ads middle"
iptv test,Commercial,54,1600,5,0.89,"Video, People also ask, Related searches"
kabel internet anschluss,Commercial,43,1600,23,3.88,"AI Overview, Reviews, Image pack, Video, People also ask, Related searches, Ads top, Ads middle"
kostenlos tv gucken,Commercial,39,1600,43,1.01,"Reviews, Video, People also ask, Related searches"
live tv vox,Commercial,35,1600,43,0.55,"AI Overview, Reviews, Video, People also ask, Related searches, Ads bottom"
livestream kostenlos rtl,"Navigational, Transactional",40,1600,53,1.04,"Sitelinks, Reviews, Video, People also ask, Related searches"
magenta tv stick kaufen,Transactional,47,1600,29,0.24,"Reviews, People also ask, Related searches, Popular products, Ads bottom"
mediathek rtl live,"Navigational, Transactional",40,1600,63,0.30,"Sitelinks, AI Overview, Reviews, Video, People also ask, Related searches"
netflix germany,"Navigational, Transactional",40,1600,65,1.53,"Sitelinks, Reviews, Video, People also ask, Related searches"
netflix telefonnummer kostenlos,"Informational, Transactional",40,1600,44,0.00,Related searches
netflix testen,"Informational, Transactional",41,1600,50,1.43,"Reviews, Video, People also ask, Related searches"
netflixfilme,Transactional,35,1600,34,0.25,"Video, People also ask, Related searches"
one mediathek serien,"Informational, Transactional",35,1600,50,0.15,"Video, People also ask, Related searches"
onlinetvrecorder,"Informational, Transactional",41,1600,18,1.31,"Reviews, Video, People also ask, Related searches"
receiver kaufen,Transactional,38,1600,32,0.57,"Video, People also ask, Local pack, Related searches"
rtl free live streaming,"Navigational, Transactional",39,1600,42,0.96,"Reviews, Video, People also ask, Related searches"
rtl jetzt live,"Navigational, Transactional",39,1600,74,0.62,"Reviews, Video, People also ask, Related searches"
rtl live kostenlos ohne anmeldung,"Navigational, Transactional",39,1600,42,1.18,"Video, People also ask, Related searches"
rtl live streaming,"Navigational, Transactional",42,1600,40,0.63,"Sitelinks, Reviews, Video, People also ask, Related searches"
rtl live television,"Navigational, Transactional",39,1600,67,0.65,"Sitelinks, Reviews, Video, People also ask, Related searches"
rtl livestream free,Transactional,38,1600,51,1.05,"Reviews, Video, People also ask, Related searches"
rtl livestream jetzt,"Navigational, Transactional",40,1600,60,0.62,"Reviews, Video, People also ask, Related searches"
rtl mediathek kostenlos ohne anmeldung,"Navigational, Transactional",39,1600,54,0.21,"AI Overview, Reviews, Video, People also ask, Related searches"
rtl now kostenlos,"Navigational, Transactional",39,1600,53,0.17,"Reviews, Video, People also ask, Related searches"
rtl ohne anmeldung,"Navigational, Transactional",41,1600,37,1.27,"Reviews, Video, People also ask, Related searches"
rtl plus anmelden,"Navigational, Transactional",41,1600,36,0.56,"Sitelinks, Reviews, Video, People also ask, Related searches"
rtl plus free,Transactional,40,1600,55,0.43,"Reviews, Video, People also ask, Related searches"
rtl streaming,"Navigational, Transactional",47,1600,62,0.81,"Reviews, Video, Video carousel, People also ask, Related searches"
rtl tv heute,Commercial,35,1600,36,0.55,"Video, People also ask, Related searches"
rtl2 live stream kostenlos ohne anmeldung,"Navigational, Transactional",35,1600,29,0.65,"Reviews, Video, People also ask, Related searches"
serien to,Commercial,36,1600,40,1.01,"Sitelinks, Reviews, Video, People also ask, Related searches"
smart ip tv,"Informational, Commercial",51,1600,34,1.22,"Reviews, Image pack, Video, Video carousel, People also ask, Related searches"
streaming dienste vergleich,Commercial,47,1600,43,1.33,"AI Overview, Reviews, Video, Video carousel, People also ask, Related searches, Ads bottom, Ads middle"
tarife telekom festnetz und internet,Commercial,43,1600,43,1.37,"AI Overview, Reviews, Video, People also ask, Related searches, Ads top, Ads bottom"
telefon und internet,Commercial,41,1600,45,1.80,"AI Overview, Reviews, Video, People also ask, Related searches, Ads top, Ads bottom"
telekom anschluss,"Informational, Transactional",38,1600,30,2.58,"AI Overview, Reviews, Video, Video carousel, People also ask, Related searches"
telekom internet für zuhause,Transactional,43,1600,43,2.73,"Reviews, Video, People also ask, Related searches, Ads top, Ads bottom"
telekom internet und tv,"Navigational, Transactional",44,1600,36,2.15,"Reviews, People also ask, Related searches"
telekom tv und internet,Transactional,45,1600,56,1.71,"Reviews, Video, People also ask, Related searches, Ads top, Ads bottom"
telekom vertrag internet,Transactional,44,1600,39,2.80,"Reviews, People also ask, Related searches, Ads top, Ads bottom"
telekom wlan vertrag,Transactional,40,1600,38,3.16,"Reviews, People also ask, Related searches"
tv receiver,"Informational, Commercial",41,1600,20,1.00,"Image pack, Video, Video carousel, People also ask, Related searches, Popular products"
tv schauen online,Commercial,47,1600,60,1.52,"Reviews, Video, People also ask, Related searches, Ads top, Ads bottom"
verfügbarkeit telekom,"Navigational, Transactional",42,1600,21,2.06,"Reviews, Related searches"
verpasste sendung rtl,"Informational, Transactional",32,1600,50,0.27,"Video, People also ask, Related searches"
waipu tv stick angebot,"Informational, Transactional",37,1600,40,0.13,"Reviews, Video, People also ask, Related searches"
wi-fi wireless router,Commercial,35,1600,52,1.76,"Reviews, Video, Video carousel, People also ask, Related searches, Popular products, Ads bottom"
zuhause internet,Commercial,44,1600,50,4.51,"AI Overview, Reviews, Video, Related searches"
2x2 rtl,"Navigational, Transactional",34,1300,70,0.84,"Sitelinks, Video, Related searches"
anbieter fernsehen internet,Commercial,55,1300,37,1.72,"AI Overview, Reviews, Video, People also ask, Related searches"
anbieter glasfaser,Commercial,43,1300,60,1.34,"AI Overview, Reviews, Video, People also ask, Related searches, Ads top, Ads middle"
anbieter kabelfernsehen,"Informational, Commercial",46,1300,45,1.22,"Reviews, Video, People also ask, Related searches"
beste router,Commercial,45,1300,32,0.59,"Sitelinks, Reviews, Video, Video carousel, People also ask, Related searches, Popular products"
beste streaming dienste,Commercial,47,1300,44,1.89,"AI Overview, Reviews, Video, People also ask, Related searches"
bester router,Commercial,38,1300,29,0.59,"Reviews, Video, Video carousel, People also ask, Related searches, Ads bottom"
bester router für glasfaser,Commercial,41,1300,24,0.25,"Sitelinks, Reviews, Video, Video carousel, People also ask, Related searches"
bester streaming dienst,Commercial,47,1300,44,1.71,"AI Overview, Reviews, Video, People also ask, Related searches, Ads bottom, Ads middle"
bester wlan router,Commercial,43,1300,30,0.74,"Sitelinks, Reviews, Video, Video carousel, People also ask, Related searches, Popular products"
deutsche filme auf netflix,Commercial,38,1300,25,0.00,"People also ask, Related searches"
deutschland iptv,Commercial,61,1300,30,1.35,"AI Overview, Video, People also ask, Related searches"
dsl anbieter vergleich,Commercial,41,1300,42,2.91,"Sitelinks, AI Overview, Reviews, Video, People also ask, Related searches, Ads top, Ads middle"
dsl glasfaser,Commercial,41,1300,22,1.75,"AI Overview, Reviews, Video, People also ask, Related searches"
dsl telekom tarife,"Informational, Transactional",44,1300,43,2.39,"Reviews, People also ask, Related searches, Ads top, Ads bottom"
dsl vs kabel,Commercial,42,1300,18,3.09,"Sitelinks, AI Overview, Reviews, Video, Video carousel, Short videos, People also ask, Related searches, Ads bottom, Ads middle"
dsl welcher anbieter,Commercial,43,1300,38,4.67,"Sitelinks, AI Overview, Reviews, Video, People also ask, Related searches, Ads top, Ads middle"
dsl über kabel,Commercial,45,1300,30,3.38,"Video, Video carousel, People also ask, Related searches, Ads top, Ads middle"
entertain plus sky,Transactional,37,1300,37,1.88,"Reviews, Video, People also ask, Related searches, Ads top, Ads bottom"
fe tv,"Informational, Transactional",35,1300,47,0.67,"AI Overview, Reviews, People also ask, Knowledge panel, Related searches"
fernseh stick,Commercial,38,1300,30,1.36,"Sitelinks, Image, Video, People also ask, Related searches, Popular products"
fernsehen internet telefon komplettpakete,Commercial,45,1300,39,0.81,"AI Overview, Reviews, Video, People also ask, Related searches"
festnetz vertrag,Commercial,41,1300,46,2.47,"Reviews, Video, People also ask, Related searches, Ads top, Ads middle"
festnetzanschluss,Commercial,40,1300,40,2.01,"AI Overview, Reviews, Video, People also ask, Related searches, Ads top, Ads middle"
free rtl stream,"Navigational, Transactional",38,1300,54,1.11,"Reviews, Video, People also ask, Related searches"
free tv rtl,"Navigational, Transactional",39,1300,72,0.65,"Sitelinks, Reviews, Video, People also ask, Top stories, Related searches"
fritz glasfaser router,Commercial,39,1300,32,0.18,"Sitelinks, Reviews, Video, Video carousel, People also ask, Related searches, Popular products, Ads top, Ads bottom"
germany iptv,Commercial,47,1300,21,0.87,"AI Overview, Video, Video carousel, Related searches"
glasfaser ausbau,Commercial,36,1300,50,1.24,"AI Overview, Video, Video carousel, People also ask, Related searches"
glasfaserrouter,"Informational, Commercial",46,1300,28,0.38,"Sitelinks, AI Overview, Reviews, Image, Video, Video carousel, People also ask, Related searches, Ads bottom, Ads middle"
gratis fernsehen,Commercial,42,1300,38,1.04,"Reviews, Video, People also ask, Related searches"
günstig internet zuhause,Commercial,44,1300,57,3.07,"Reviews, Video, People also ask, Related searches"
http fritz box de,"Navigational, Transactional",40,1300,38,0.45,"AI Overview, Reviews, People also ask, Related searches"
https fritz box,"Navigational, Transactional",40,1300,38,0.05,"AI Overview, Reviews, People also ask, Related searches"
internet dsl angebote,Commercial,45,1300,49,3.51,"Reviews, Video, People also ask, Related searches, Ads top, Ads middle"
internet festnetz,Commercial,44,1300,41,2.48,"Reviews, Video, People also ask, Related searches"
internet für studenten,Commercial,42,1300,28,3.73,"Reviews, People also ask, Related searches"
internet günstig,Commercial,45,1300,58,3.40,"AI Overview, Reviews, Video, People also ask, Related searches, Ads bottom, Ads middle"
internet günstig zuhause,Commercial,44,1300,65,2.90,"AI Overview, Reviews, Video, People also ask, Related searches, Ads top, Ads bottom"
internet günstigster anbieter,Commercial,46,1300,46,2.28,"AI Overview, Reviews, Video, People also ask, Related searches"
internet monatlich kündbar,Commercial,43,1300,39,6.03,"AI Overview, Reviews, People also ask, Related searches, Ads top, Ads middle"
internet telefon,Commercial,42,1300,44,2.08,"Reviews, Video, People also ask, Related searches, Popular products"
internet verfügbarkeit telekom,"Navigational, Transactional",43,1300,20,2.29,Related searches
internet verfügbarkeit vodafone,Transactional,42,1300,28,1.49,"Reviews, People also ask, Related searches"
internet vergleich anbieter,Commercial,43,1300,49,3.47,"Sitelinks, AI Overview, Reviews, Video, People also ask, Related searches, Ads top, Ads bottom"
internet vergleich tarife,Commercial,46,1300,45,2.42,"Sitelinks, AI Overview, Reviews, Video, People also ask, Related searches, Ads top, Ads middle"
internet über kabel anbieter,Commercial,47,1300,27,3.06,"AI Overview, Reviews, Video, People also ask, Related searches, Ads top, Ads middle"
internetanbieter wechseln,Commercial,45,1300,31,4.07,"AI Overview, Video, People also ask, Related searches, Ads top, Ads bottom"
internetanschluss wohnung,Commercial,42,1300,54,4.26,"AI Overview, Reviews, Video, People also ask, Related searches, Ads top, Ads middle"
iptvkaufen,Transactional,55,1300,21,0.99,"Image pack, Video, Related searches, Ads top, Ads bottom"
iptvmeezzy,Transactional,48,1300,15,0.00,"Sitelinks, AI Overview, Related searches"
kostenlos fernseh schauen,Commercial,39,1300,49,0.57,"AI Overview, Reviews, Image, Video, People also ask, Related searches"
kostenlos fernsehen gucken,Commercial,40,1300,49,0.75,"AI Overview, Reviews, Video, People also ask, Related searches"
kostenlos fernsehen im internet,Commercial,43,1300,38,0.58,"AI Overview, Reviews, Video, People also ask, Related searches"
kostenlos online fernsehen,Commercial,42,1300,52,0.81,"Reviews, Video, People also ask, Knowledge panel, Related searches"
kostenlos serien stream,Commercial,42,1300,29,0.83,"Video, Related searches"
live rtl stream,"Navigational, Transactional",39,1300,46,0.63,"Reviews, Video, People also ask, Related searches, Ads bottom"
magenta internet,Transactional,41,1300,41,2.88,"Reviews, Video, People also ask, Related searches, Ads top, Ads bottom"
magenta tv one 2. generation kaufen,Transactional,39,1300,24,1.76,"People also ask, Related searches, Popular products"
magenta tv plus,"Informational, Commercial",41,1300,50,4.64,"AI Overview, Reviews, Video, People also ask, Related searches"
magenta tv web,"Informational, Transactional",38,1300,61,3.39,"Reviews, Video, People also ask, Related searches"
magentatv smart,"Navigational, Commercial",43,1300,37,2.73,"Sitelinks, AI Overview, Reviews, Video, People also ask, Related searches"
netflix abo abschließen,"Navigational, Transactional",44,1300,68,1.78,"Sitelinks, Reviews, Video, Video carousel, People also ask, Related searches"
netflix abonnement,"Navigational, Transactional",39,1300,54,1.31,"Reviews, Video, People also ask, Related searches"
netflix premium abo,"Informational, Transactional",42,1300,54,1.10,"AI Overview, Reviews, People also ask, Related searches"
netflix standard,"Informational, Transactional",37,1300,55,1.36,"AI Overview, Reviews, Video, People also ask, Related searches"
netflix telefonnummer kundenservice,"Informational, Transactional",40,1300,48,0.00,Related searches
nydus rtl,"Navigational, Transactional",34,1300,33,0.66,"Video, Related searches"
o2 dsl verfügbarkeit,Commercial,38,1300,24,0.61,"Reviews, People also ask, Related searches, Ads top, Ads bottom"
preisvergleich internet,Commercial,47,1300,52,3.74,"Reviews, Video, People also ask, Related searches, Ads top, Ads middle"
programm rtl plus,"Informational, Transactional",37,1300,64,0.06,"Reviews, People also ask, Related searches"
rtl 2 live stream kostenlos ohne anmeldung,"Navigational, Transactional",35,1300,26,0.65,"Reviews, Video, People also ask, Related searches"
rtl free,"Navigational, Transactional",38,1300,54,0.51,"AI Overview, Reviews, Video, Video carousel, People also ask, Related searches"
rtl free live stream,"Navigational, Transactional",41,1300,48,0.83,"Reviews, Video, Related searches"
rtl germany,"Navigational, Transactional",38,1300,90,0.44,"Sitelinks, Reviews, Video, People also ask, Related searches"
rtl kostenlos live,"Navigational, Transactional",39,1300,49,1.05,"Reviews, Video, People also ask, Related searches"
rtl life,"Navigational, Transactional",33,1300,34,0.47,"Sitelinks, Reviews, Video, People also ask, Related searches"
rtl live mediathek,"Navigational, Transactional",40,1300,67,0.30,"Reviews, Video, People also ask, Related searches"
rtl live ohne anmelden,"Navigational, Transactional",39,1300,39,1.03,"Reviews, Video, People also ask, Related searches"
rtl live ohne anmeldung,"Navigational, Transactional",41,1300,53,1.03,"Reviews, Video, Video carousel, People also ask, Related searches"
rtl live programm,Transactional,38,1300,70,0.53,"Reviews, Video, People also ask, Related searches"
rtl plus filme,"Informational, Transactional",38,1300,47,0.20,"Reviews, Video, People also ask, Related searches"
rtl programm live,"Navigational, Transactional",38,1300,68,0.53,"Reviews, Video, People also ask, Related searches"
rtl schauen kostenlos,"Navigational, Transactional",39,1300,53,1.18,"Reviews, Video, People also ask, Related searches, Ads bottom"
rtl schauen live,Transactional,44,1300,50,0.80,"Sitelinks, Reviews, Video, People also ask, Top stories, Related searches"
rtl stream free,Transactional,38,1300,51,1.11,"Reviews, Video, People also ask, Related searches"
rtl up livestream,"Navigational, Transactional",38,1300,45,0.65,"Sitelinks, Reviews, Video, People also ask, Related searches"
rtl2 stream kostenlos,Commercial,40,1300,36,0.97,"Reviews, Video, People also ask, Related searches"
rtlup livestream kostenlos ohne anmeldung,"Navigational, Transactional",37,1300,23,0.00,"Sitelinks, AI Overview, Reviews, Video, People also ask, Related searches"
sat receiver hd+,"Informational, Commercial",34,1300,22,0.13,"Reviews, People also ask, Related searches, Popular products"
sat receiver mit festplatte,Commercial,37,1300,21,0.15,"Reviews, Video, People also ask, Related searches, Popular products, Ads middle"
serien deutsch,Commercial,35,1300,30,0.49,"Image, Video, People also ask"
serien kostenlos schauen,Commercial,42,1300,45,0.52,"AI Overview, Reviews, Video, Related searches"
sky black friday,"Informational, Transactional",31,1300,34,0.00,"Reviews, Video, People also ask, Related searches"
sky box,"Informational, Transactional",38,1300,33,0.84,"Reviews, Image, Video, Video carousel, People also ask, Related searches"
smart tv stick,Commercial,42,1300,30,0.77,"Reviews, Video, Video carousel, People also ask, Related searches, Popular products"
streaming rtl live,"Navigational, Transactional",40,1300,65,0.79,"Sitelinks, Reviews, Video, People also ask, Related searches"
störungen deutsche glasfaser,"Informational, Transactional",37,1300,33,0.00,"Reviews, People also ask, Related searches"
telecom internet,Transactional,44,1300,42,2.86,"Video, People also ask, Related searches, Ads top, Ads bottom"
telekom 5g empfänger,"Informational, Transactional",37,1300,23,1.37,"Reviews, Video, People also ask, Related searches"
telekom 5g router,"Navigational, Transactional",38,1300,29,0.54,"Sitelinks, Reviews, Video, People also ask, Related searches, Popular products"
telekom angebot,"Navigational, Transactional",43,1300,42,0.97,"Reviews, Video, People also ask, Related searches"
telekom dsl angebot,Transactional,42,1300,36,3.82,"Reviews, People also ask, Related searches"
telekom internet kabel,"Navigational, Transactional",43,1300,32,2.58,"Reviews, Video, People also ask, Related searches"
telekom tarife dsl,Transactional,43,1300,43,2.39,"Reviews, Video, People also ask, Related searches, Ads top, Ads bottom"
telekom verfügbarkeit internet,Transactional,42,1300,20,2.23,"Reviews, Related searches, Ads top, Ads bottom"
television receivers,"Informational, Transactional",38,1300,38,1.00,"Reviews, Image pack, Video, People also ask, Related searches, Popular products"
tv gratis schauen,Commercial,38,1300,40,0.51,"Reviews, Video, People also ask, Related searches"
tv gucken kostenlos,Commercial,40,1300,39,0.72,"Reviews, Video, People also ask, Related searches, Ads middle"
tv on a stick,Commercial,49,1300,29,1.37,"Reviews, Video, Video carousel, People also ask, Related searches"
tv rtl,"Informational, Commercial",39,1300,62,0.58,"Reviews, Video, Video carousel, People also ask, Top stories, Related searches"
tv schauen,Commercial,42,1300,72,1.11,"Reviews, Video, People also ask, Related searches"
verfügbarkeit internet telekom,Transactional,45,1300,22,2.23,"Reviews, People also ask, Related searches, Ads top, Ads bottom"
vergleich dsl tarife,Commercial,43,1300,49,2.18,"Sitelinks, Reviews, Video, People also ask, Related searches"
vergleich internet tarife,Commercial,46,1300,52,2.21,"Sitelinks, Reviews, Video, People also ask, Related searches"
vertrag internet,Commercial,45,1300,62,6.28,"Reviews, Video, People also ask, Related searches"
vodafone internet für zuhause,"Informational, Transactional",39,1300,50,3.08,"Reviews, People also ask, Related searches"
vox live stream joyn,"Navigational, Transactional",31,1300,61,0.69,"AI Overview, Reviews, Video, People also ask, Related searches"
waipu app,Commercial,31,1300,36,0.03,"AI Overview, Reviews, Video, People also ask, Related searches, Ads top, Ads bottom"
waipu perfect plus,"Informational, Transactional",32,1300,40,0.08,"Reviews, Video, People also ask, Related searches"
waipu tv 4k stick,"Navigational, Transactional",34,1300,41,0.19,"Sitelinks, Reviews, Image, Video, Video carousel, People also ask, Related searches, Popular products"
waipu tv alternative,"Informational, Commercial",44,1300,28,0.57,"Sitelinks, AI Overview, Reviews, Video, People also ask, Related searches"
waipu tv angebot 12 monate,"Informational, Transactional",41,1300,32,0.24,"Reviews, People also ask, Related searches"
waipu tv anmelden,"Navigational, Transactional",36,1300,30,0.19,"Video, People also ask, Related searches"
waipu tv stick 2. generation,"Informational, Commercial",48,1300,40,0.13,"Video, People also ask, Related searches"
waipu tv stick kaufen,Transactional,38,1300,47,0.15,"Reviews, People also ask, Related searches, Popular products"
wlan-router,Commercial,36,1300,36,2.78,"Reviews, Video, People also ask, Related searches, Popular products, Ads bottom"
2ix2 vox,"Navigational, Transactional",28,1000,28,1.16,"Sitelinks, Reviews, Video, People also ask, Related searches"
6iptv,"Navigational, Transactional",41,1000,6,1.90,"People also ask, Related searches"
abo sky bundesliga,Transactional,39,1000,52,2.08,"Sitelinks, Reviews, Video, Related searches"
anbieter im d1 netz,"Informational, Commercial",46,1000,27,2.83,"AI Overview, Reviews, Video, People also ask, Related searches"
anbieter internet tv,"Informational, Commercial",58,1000,40,2.33,"Sitelinks, AI Overview, Reviews, Video, People also ask, Related searches"
beste fritzbox für glasfaser,Commercial,41,1000,23,0.19,"Sitelinks, Reviews, Video, Video carousel, People also ask, Related searches, Popular products, Ads bottom"
dsl mit prämie,Commercial,37,1000,15,4.25,"Reviews, Video, Related searches"
dsl ohne festnetz,Commercial,41,1000,30,1.55,"AI Overview, Reviews, Video, People also ask, Related searches, Ads top, Ads bottom"
dsl tarife vergleichen,Commercial,45,1000,45,2.10,"Sitelinks, Reviews, Video, People also ask, Related searches"
fernsehen gratis,Commercial,40,1000,40,0.91,"Reviews, Video, People also ask, Top stories, Related searches"
fernsehen gucken kostenlos,Commercial,40,1000,49,0.75,"Reviews, Video, People also ask, Knowledge panel, Related searches"
fernsehen im internet kostenlos ohne anmeldung deutsch,"Navigational, Transactional",38,1000,36,0.37,"Reviews, Video, People also ask, Related searches"
fernsehen kostenlos internet,Commercial,45,1000,49,0.52,"Reviews, Video, People also ask, Knowledge panel, Related searches"
fernsehen über telekom,"Navigational, Commercial",43,1000,41,1.41,"Sitelinks, AI Overview, Reviews, Video, Video carousel, People also ask, Related searches"
festnetz mit internet,Commercial,46,1000,36,2.48,"Reviews, People also ask, Related searches"
fußball rtl live,"Informational, Transactional",38,1000,42,0.64,"Reviews, Video, Related searches"
glasfaser ausbau telekom,"Navigational, Transactional",38,1000,39,2.06,"Reviews, Video, People also ask, Related searches"
glasfaser internet anbieter,Commercial,44,1000,55,1.85,"AI Overview, Reviews, Video, People also ask, Related searches, Ads top, Ads bottom"
glasfaser-tarife,Commercial,44,1000,44,0.00,"Reviews, Video, People also ask, Related searches, Ads top, Ads middle"
günstige telefontarife festnetz und internet,Commercial,43,1000,49,0.88,"AI Overview, Reviews, Video, People also ask, Related searches, Ads top, Ads middle"
günstiges dsl,Commercial,42,1000,50,2.72,"Sitelinks, Reviews, Video, People also ask, Related searches, Ads top, Ads middle"
günstigster internetanbieter,"Informational, Commercial",46,1000,46,1.97,"AI Overview, Reviews, Video, People also ask, Related searches, Ads top, Ads middle"
hausanschluss internet,Commercial,42,1000,25,3.01,"AI Overview, Reviews, Video, Video carousel, People also ask, Related searches, Ads bottom, Ads middle"
homespot router,Commercial,36,1000,20,1.70,"Sitelinks, Reviews, Video, People also ask, Related searches, Popular products, Ads top, Ads bottom"
hybrid router für telekom,"Navigational, Transactional",43,1000,22,0.25,"Reviews, Video, Video carousel, People also ask, Related searches"
internet angebote für zuhause,Commercial,46,1000,58,2.68,"Reviews, Video, Related searches"
internet für zu hause,Commercial,44,1000,50,4.51,"AI Overview, Reviews, Video, People also ask, Related searches"
internet telekom ohne festnetz,Commercial,44,1000,37,1.13,"AI Overview, Reviews, People also ask, Related searches, Ads top, Ads middle"
internet vertrag telekom,Transactional,44,1000,38,2.80,"Reviews, People also ask, Related searches, Ads top, Ads bottom"
internet zu hause günstig,Commercial,44,1000,63,2.76,"AI Overview, Reviews, Video, People also ask, Related searches, Ads top, Ads bottom"
internetanschluss vergleich,Commercial,42,1000,49,3.51,"AI Overview, Reviews, Video, People also ask, Related searches, Ads top, Ads middle"
iptv alle sender,"Informational, Commercial",62,1000,17,0.00,"AI Overview, Reviews, Video, People also ask, Related searches"
kabel vs dsl,"Informational, Commercial",41,1000,25,4.21,"Reviews, People also ask, Related searches"
kabelanbieter internet,Commercial,45,1000,31,3.01,"AI Overview, Reviews, Video, People also ask, Related searches, Ads top, Ads bottom"
kostenlos online tv,Commercial,41,1000,51,1.07,"Reviews, Video, People also ask, Related searches"
kostenlos serien schauen,Commercial,40,1000,30,0.46,"AI Overview, Reviews, Video, Related searches, Ads bottom"
kostenloses live fernsehen,Commercial,40,1000,52,0.49,"AI Overview, Reviews, Video, Related searches, Ads bottom"
live rtl,"Navigational, Transactional",39,1000,70,0.47,"Reviews, Video, Video carousel, People also ask, Top stories, Related searches"
livestream tv kostenlos,Commercial,42,1000,65,0.68,"Reviews, Video, People also ask, Related searches"
magenta tv preise,Commercial,43,1000,31,3.39,"AI Overview, Reviews, Video, People also ask, Related searches, Ads top"
magentatv one 2 generation,Commercial,39,1000,30,2.26,"Sitelinks, Reviews, Video carousel, People also ask, Knowledge panel, Related searches"
modem router dsl,Commercial,42,1000,33,1.03,"Reviews, Video, Video carousel, People also ask, Related searches, Popular products"
netflix account erstellen,"Navigational, Transactional",41,1000,59,2.72,"Video, Video carousel, People also ask, Related searches"
netflix konto erstellen,"Navigational, Transactional",42,1000,58,3.06,"Video, Video carousel, People also ask, Related searches"
netz vodafone,Commercial,38,1000,42,2.85,"AI Overview, Reviews, Video, People also ask, Related searches, Ads top, Ads bottom"
nitro livestream ohne anmeldung,"Navigational, Transactional",35,1000,24,0.00,"Video, People also ask, Related searches"
o2 tv kosten,Transactional,44,1000,36,0.89,"Sitelinks, Reviews, People also ask, Related searches"
preisvergleich dsl,Commercial,43,1000,43,3.08,"Sitelinks, Reviews, Video, Related searches"
prosieben live stream kostenlos,Commercial,39,1000,50,0.48,"Reviews, Video, People also ask, Related searches"
router für telekom glasfaser,"Informational, Transactional",41,1000,36,0.18,"Sitelinks, Reviews, Video, People also ask, Related searches"
rtl aktuell heute,"Informational, Transactional",33,1000,50,0.00,"Video, People also ask, Knowledge panel, Related searches"
rtl de aktuell,"Navigational, Transactional",34,1000,57,0.51,"Sitelinks, Reviews, Video, Video carousel, People also ask, Related searches"
rtl de live,"Navigational, Transactional",38,1000,58,0.81,"Reviews, Video, People also ask, Top stories, Related searches"
rtl free stream,Transactional,39,1000,54,1.11,"Reviews, Video, People also ask, Top stories, Related searches"
rtl kostenlos ohne anmeldung,"Navigational, Transactional",43,1000,55,1.06,"Reviews, Video, People also ask, Related searches"
rtl live fußball ohne anmeldung,"Navigational, Transactional",36,1000,49,0.00,"Reviews, Video, Related searches"
rtl live gucken,Commercial,39,1000,47,1.01,"Sitelinks, Reviews, Video, People also ask, Related searches"
rtl live nydus,"Navigational, Transactional",34,1000,30,0.00,"Sitelinks, Related searches"
rtl plus live programm,"Navigational, Transactional",39,1000,59,0.33,"Sitelinks, Reviews, Video, People also ask, Related searches"
rtl programm heute live,"Informational, Transactional",37,1000,47,0.49,"Sitelinks, Reviews, Video, People also ask, Related searches"
rtl verpasste sendung,Transactional,32,1000,51,0.32,"Video, People also ask, Related searches"
s rtl live,"Navigational, Transactional",38,1000,53,0.77,"Reviews, Video, People also ask, Related searches"
sat 1 kostenlos streamen,Commercial,40,1000,46,0.42,"Reviews, Video, People also ask, Related searches"
sat 1 stream kostenlos,Commercial,39,1000,35,0.49,"Reviews, Video, People also ask, Related searches"
serien .to,Transactional,39,1000,42,1.01,"Reviews, Video, People also ask"
serien schauen kostenlos,Commercial,40,1000,51,0.52,"Sitelinks, Reviews, People also ask, Related searches"
stick für fernseher,"Informational, Commercial",41,1000,29,1.36,"Sitelinks, Reviews, Image, Video, Video carousel, People also ask, Related searches, Popular products"
super rtl live stream,Transactional,38,1000,33,0.98,"Reviews, Video, People also ask, Related searches"
tarif internet,Commercial,44,1000,59,2.82,"AI Overview, Reviews, Video, People also ask, Related searches, Ads top, Ads middle"
tarife dsl vergleich,Commercial,42,1000,47,1.97,"Sitelinks, AI Overview, Video, People also ask, Related searches, Ads top, Ads middle"
telekom festnetz und internet,Commercial,41,1000,41,2.65,"AI Overview, Reviews, People also ask, Related searches, Ads top, Ads middle"
telekom festnetz und internet tarife,"Informational, Transactional",44,1000,36,1.53,"AI Overview, Reviews, People also ask, Related searches, Ads bottom"
telekom internet und festnetz,Commercial,45,1000,36,2.65,"AI Overview, Reviews, Video, People also ask, Related searches, Ads top, Ads middle"
telekom kabelfernsehen,"Informational, Transactional",39,1000,50,1.73,"AI Overview, Reviews, People also ask, Related searches, Ads top"
telekom tv stick,"Informational, Transactional",38,1000,22,0.57,"Reviews, Video, People also ask, Related searches"
telekom verfügbar,Transactional,40,1000,24,2.35,"Reviews, Related searches"
tv kostenlos gucken,Commercial,40,1000,52,1.01,"Reviews, Video, Video carousel, People also ask, Related searches"
tv ohne anmeldung,"Navigational, Transactional",41,1000,38,0.00,"Reviews, Video, People also ask, Related searches"
tv rtl stream,"Navigational, Transactional",45,1000,66,0.65,"Reviews, Video, People also ask, Related searches, Ads top, Ads middle"
tv schauen kostenlos,Commercial,40,1000,49,0.66,"Sitelinks, Reviews, Video, People also ask, Related searches, Ads middle"
tv smart tv box,Commercial,42,1000,18,0.63,"Sitelinks, Reviews, Video, Video carousel, People also ask, Related searches, Popular products"
tv stick für alle sender,Commercial,47,1000,37,0.89,"Sitelinks, Reviews, Video, People also ask, Related searches"
tv streaming dienste,Commercial,49,1000,40,1.28,"AI Overview, Reviews, Video, People also ask, Top stories, Related searches"
tv und internet,Commercial,48,1000,41,2.78,"Reviews, Video, People also ask, Related searches, Ads top, Ads bottom"
tv with tv,"Informational, Transactional",39,1000,55,0.68,"Reviews, Video, Video carousel, People also ask, Related searches"
unlimited prepaid phones,Commercial,32,1000,49,2.14,"Reviews, Video, People also ask, Related searches, Popular products"
verfügbarkeit dsl,Commercial,43,1000,50,1.57,"Reviews, Video, People also ask, Related searches, Ads top, Ads bottom"
verfügbarkeit dsl telekom,Transactional,41,1000,22,2.21,"Reviews, People also ask, Related searches, Ads top, Ads bottom"
verfügbarkeit internet vodafone,Transactional,43,1000,28,1.49,"Reviews, People also ask, Related searches, Ads top, Ads middle"
verfügbarkeit telekom dsl,"Informational, Transactional",41,1000,22,2.21,"Reviews, People also ask, Related searches"
verfügbarkeit telekom prüfen,Transactional,45,1000,20,2.13,"Reviews, Related searches"
vodafone verfügbarkeitscheck,"Navigational, Transactional",34,1000,29,1.69,"Sitelinks, Reviews, People also ask, Related searches, Ads top, Ads bottom"
waipu tv programm,"Navigational, Transactional",35,1000,32,0.06,"Sitelinks, Reviews, People also ask, Related searches"
web tv,"Navigational, Commercial",45,1000,27,1.35,"Sitelinks, Reviews, Video, People also ask, Related searches, Ads bottom"
wlan kaufen,Transactional,38,1000,45,7.74,"Reviews, Video, People also ask, Related searches, Popular products"
wlan vertrag günstig,Commercial,41,1000,46,5.23,"Reviews, Video, People also ask, Related searches, Ads top, Ads middle"
www.fritz box login,Commercial,46,1000,30,1.66,"AI Overview, Reviews, Video, People also ask, Related searches"
1 und 1 cinema,"Informational, Transactional",41,880,27,0.00,"Reviews, People also ask, Related searches"
5 g netzabdeckung,Commercial,36,880,40,1.07,"AI Overview, Reviews, Video, People also ask, Related searches, Ads bottom, Ads middle"
anbieter dsl,Commercial,45,880,44,4.67,"Sitelinks, AI Overview, Reviews, Video, People also ask, Related searches, Ads top, Ads bottom"
angebote dsl,Commercial,44,880,49,3.24,"Video, People also ask, Related searches"
angebote festnetz und internet,Commercial,45,880,46,1.26,"AI Overview, Reviews, Video, People also ask, Related searches, Ads top, Ads middle"
angebote internet und festnetz,Commercial,46,880,49,1.32,"Sitelinks, Reviews, Video, People also ask, Related searches"
angebote telekom neukunden,Commercial,40,880,42,1.09,"AI Overview, Reviews, Video, People also ask, Related searches, Ads top, Ads middle"
angebote wlan,Commercial,41,880,48,3.89,"Reviews, Video, People also ask, Related searches, Ads top, Ads bottom"
anmelden bei fritzbox,"Navigational, Transactional",42,880,30,1.14,"AI Overview, Video, People also ask, Related searches"
beste internetanbieter,Commercial,44,880,30,2.49,"AI Overview, Reviews, Video, Video carousel, People also ask, Related searches, Ads bottom, Ads middle"
bester glasfaser router,Commercial,44,880,27,0.30,"Sitelinks, Reviews, Video, People also ask, Related searches, Popular products"
bestes handynetz für meinen wohnort,Commercial,40,880,36,1.33,"AI Overview, Reviews, Video, People also ask, Related searches, Ads middle"
dsl 250 angebote,Commercial,42,880,30,1.58,"Reviews, People also ask, Related searches"
dsl check24,"Navigational, Transactional",41,880,60,2.06,"Sitelinks, Reviews, Video, People also ask, Related searches, Ads top, Ads middle"
dsl vergleich tarife,Commercial,43,880,49,1.95,"Sitelinks, Reviews, Video, People also ask, Related searches, Ads top, Ads middle"
dsl vertrag mit prämie,Commercial,40,880,10,3.56,"Reviews, Video, Related searches"
dsl verträge,Commercial,45,880,55,5.95,"Sitelinks, Reviews, Video, People also ask, Related searches"
fernseh app,"Informational, Commercial",35,880,50,1.56,"AI Overview, Reviews, Video, People also ask, Related searches, Ads top, Ads bottom"
fernseher mit receiver,Commercial,41,880,21,0.18,"Reviews, Image, Video, People also ask, Related searches, Popular products, Ads top, Ads middle"
fernseher mit wlan,Commercial,42,880,25,0.40,"Video, Video carousel, People also ask, Related searches, Popular products"
flixy tv stick welche sender,Commercial,46,880,29,0.79,"Reviews, Video, People also ask, Related searches"
fritz box de login,"Navigational, Transactional",40,880,36,0.00,"Reviews, Video, People also ask, Related searches"
glasfaser fritz box,"Informational, Transactional",43,880,32,0.26,"Reviews, Video, Video carousel, People also ask, Related searches, Popular products"
glasfaser kosten,Commercial,41,880,39,0.60,"AI Overview, Reviews, Video, Video carousel, People also ask, Related searches, Ads top, Ads middle"
glasfaser prüfen,Commercial,39,880,37,1.18,"Reviews, Video, People also ask, Related searches"
glasfaser tarif,Commercial,42,880,50,0.96,"AI Overview, Reviews, Video, People also ask, Related searches"
glasfaseranbieter,Commercial,46,880,35,1.33,"AI Overview, Reviews, Video, People also ask, Related searches, Ads top, Ads bottom"
gzsz rtlnow,"Navigational, Transactional",31,880,43,0.00,"Sitelinks, Video, Related searches"
günstige internet tarife,Commercial,46,880,43,2.48,"AI Overview, Reviews, Video, People also ask, Related searches, Ads top, Ads bottom"
günstiges internet für zuhause ohne telefon,"Informational, Commercial",41,880,31,1.40,"AI Overview, Reviews, Video, People also ask, Related searches"
http fritz box 7590 login passwort,"Navigational, Transactional",36,880,33,0.00,"Reviews, Video, People also ask, Related searches"
hybrid router telekom,Transactional,40,880,33,0.25,"AI Overview, Reviews, Video, Video carousel, People also ask, Related searches"
internet angebote neukunde,Commercial,44,880,52,2.01,"AI Overview, Reviews, Video, People also ask, Related searches"
internet aus kabelanschluss,Commercial,46,880,26,3.37,"AI Overview, Reviews, Video, People also ask, Related searches, Ads top, Ads middle"
internet flatrate,Commercial,39,880,43,2.74,"AI Overview, Video, People also ask, Related searches, Ads top, Ads middle"
internet für zuhause angebote,Commercial,44,880,56,3.35,"AI Overview, Reviews, Video, People also ask, Related searches, Ads top, Ads middle"
internet mit tv anbieter,Commercial,54,880,45,2.33,"Reviews, Video, People also ask, Related searches"
internet tarife vergleichen,Commercial,45,880,49,2.21,"AI Overview, Reviews, Video, People also ask, Related searches"
internet tv angebote,Commercial,52,880,43,2.06,"Reviews, Video, People also ask, Related searches, Ads middle"
internet verträge,Commercial,46,880,59,6.54,"AI Overview, Reviews, Video, Related searches, Ads top, Ads bottom"
internetanbieter im vergleich,Commercial,40,880,50,3.47,"Sitelinks, AI Overview, Reviews, Video, People also ask, Related searches"
internetanschluss ohne festnetz,Commercial,42,880,30,1.83,"AI Overview, Reviews, Video, Short videos, People also ask, Related searches, Ads top, Ads middle"
internetanschluss telekom,Commercial,44,880,40,2.62,"AI Overview, Reviews, Video, People also ask, Related searches, Ads top, Ads bottom"
internettarife,Commercial,48,880,48,2.66,"Reviews, Video, People also ask, Related searches, Ads top, Ads middle"
internetverträge vergleich,Commercial,44,880,50,5.10,"Reviews, Video, People also ask, Related searches, Ads bottom"
iptv receiver,"Informational, Commercial",48,880,16,0.00,"Sitelinks, Video, People also ask, Related searches, Popular products"
kabel anschluss internet,Commercial,44,880,25,3.37,"AI Overview, Reviews, Image pack, Video, People also ask, Related searches, Ads bottom, Ads middle"
kabel internet vergleich,Commercial,42,880,28,4.05,"Reviews, Video, People also ask, Related searches, Ads top, Ads middle"
konto erstellen netflix,"Navigational, Transactional",41,880,52,3.06,"Video, People also ask, Related searches"
kostenlose tv,Commercial,41,880,37,0.93,"Reviews, Video, People also ask, Related searches"
live tv stream kostenlos,Commercial,39,880,51,1.23,"Reviews, Video, People also ask, Related searches"
livetv alternative,"Informational, Commercial",39,880,30,2.55,"Sitelinks, AI Overview, Video, People also ask, Related searches"
magenta tv filme,"Informational, Transactional",36,880,21,1.26,"Video, People also ask, Related searches"
magentatv stick für bestandskunden,"Informational, Transactional",45,880,28,0.29,"Reviews, Video, People also ask, Related searches, Popular products"
my siptv,"Informational, Transactional",40,880,20,1.04,"Reviews, Video, Video carousel, People also ask, Related searches"
netflix abbo,"Navigational, Transactional",41,880,54,1.43,"People also ask, Related searches"
netflix anmeldung,"Navigational, Transactional",41,880,55,1.58,"Video, People also ask, Related searches"
nitro live stream ohne anmeldung,"Navigational, Transactional",35,880,27,0.00,"Reviews, Video, People also ask, Related searches"
online kostenlos fernsehen,Commercial,42,880,54,0.81,"Reviews, Video, People also ask, Related searches"
otr onlinetvrecorder,"Navigational, Transactional",37,880,24,1.82,"Video, People also ask, Related searches"
receiver telekom,Transactional,38,880,28,1.49,"Reviews, Image pack, Video, Video carousel, People also ask, Related searches, Ads top"
router internet,Commercial,39,880,41,2.32,"Reviews, Image pack, Video, Video carousel, People also ask, Related searches, Popular products, Ads bottom"
routers,"Informational, Transactional",33,880,47,1.10,"Reviews, Video, Video carousel, People also ask, Knowledge panel, Related searches, Popular products"
rtl for free,"Navigational, Transactional",36,880,51,0.57,"Sitelinks, AI Overview, Reviews, Video, People also ask, Related searches, Ads bottom"
rtl free streaming,"Navigational, Transactional",41,880,45,1.07,"AI Overview, Video, People also ask, Top stories, Related searches, Ads top, Ads bottom"
rtl online élő adás ingyen,Commercial,39,880,40,1.06,"Reviews, Video, Related searches"
rtl plus jahresabo,"Informational, Transactional",42,880,44,1.81,"AI Overview, Reviews, Image, Video, People also ask, Related searches"
rtl stream live kostenlos,Transactional,42,880,54,1.04,"Sitelinks, Reviews, Video, People also ask, Related searches"
rtl tv germany,"Navigational, Transactional",38,880,76,0.44,"Sitelinks, AI Overview, Reviews, Video, People also ask, Related searches"
rtl up kostenlos ohne anmeldung,"Navigational, Transactional",36,880,31,0.00,"Reviews, People also ask, Related searches"
rtl uživo,"Navigational, Transactional",39,880,45,0.00,"Video, Related searches"
rtlup live stream kostenlos,Commercial,40,880,26,0.00,"Sitelinks, Reviews, Video, People also ask, Related searches"
schnelles internet,Commercial,41,880,54,2.21,"AI Overview, Video, Video carousel, People also ask, Related searches"
stb set top box,"Informational, Commercial",38,880,27,0.74,"Reviews, Image, People also ask, Knowledge panel, Related searches, Popular products"
tarife dsl telekom,Transactional,42,880,38,3.61,"Reviews, People also ask, Related searches"
tarife festnetz telekom,Commercial,40,880,35,1.51,"AI Overview, Reviews, People also ask, Related searches, Ads top, Ads middle"
tarife telekom internet,Commercial,42,880,44,3.00,"Reviews, Video, People also ask, Related searches, Ads top, Ads middle"
telekom 5g abdeckung,"Informational, Transactional",38,880,27,0.82,"Reviews, Video, People also ask, Related searches"
telekom angebote festnetz,Commercial,41,880,35,2.42,"AI Overview, Reviews, People also ask, Related searches, Ads top, Ads bottom"
telekom angebote für neukunden,Commercial,40,880,39,1.09,"AI Overview, Reviews, People also ask, Related searches, Ads bottom, Ads middle"
telekom festnetz angebote,Transactional,41,880,34,2.07,"Reviews, Video, People also ask, Related searches"
telekom festnetz tarif,Transactional,42,880,35,2.07,"AI Overview, Reviews, Video, People also ask, Related searches, Ads top, Ads bottom"
telekom internet über kabel,Transactional,44,880,31,2.58,"AI Overview, Reviews, Video, People also ask, Related searches, Ads top, Ads bottom"
telekom internetanschluss,Transactional,43,880,36,2.69,"Reviews, Video, People also ask, Related searches"
telekom nur internet,Commercial,44,880,38,2.23,"AI Overview, Reviews, People also ask, Related searches, Ads top, Ads middle"
television and internet,Commercial,40,880,28,2.27,"Sitelinks, AI Overview, Reviews, Video, People also ask, Knowledge panel, Related searches, Ads bottom"
television internet gratis,Commercial,46,880,43,0.59,"Reviews, Video, Video carousel, People also ask, Related searches"
top stream,Commercial,33,880,35,1.03,"Video, People also ask, Related searches"
turkiyede netflix,"Navigational, Transactional",37,880,74,0.00,"Sitelinks, Reviews, Video, People also ask, Related searches"
tv and internet,Commercial,49,880,44,2.27,"AI Overview, Reviews, Video, Knowledge panel, Related searches"
tv anschluss,"Informational, Commercial",40,880,36,2.52,"AI Overview, Reviews, Image, Image pack, Video, People also ask, Related searches, Ads top, Ads middle"
tv sticks im vergleich,Commercial,38,880,30,1.09,"Sitelinks, Video, People also ask, Related searches, Popular products"
tv stream online kostenlos,Commercial,39,880,53,1.13,"AI Overview, Reviews, Video, People also ask, Related searches"
tv und internet angebote,Commercial,52,880,42,2.25,"Reviews, Video, People also ask, Related searches"
tvonline ro,Commercial,35,880,63,0.83,"Reviews, Video, Related searches"
unendlich datenvolumen,Commercial,38,880,34,3.69,"People also ask, Related searches"
verfügbarkeit o2,Transactional,37,880,57,0.69,"Reviews, People also ask, Related searches"
verfügbarkeit prüfen internet,Commercial,43,880,51,1.71,"AI Overview, Reviews, Video, People also ask, Related searches, Ads top, Ads bottom"
wlan anmelden,"Informational, Transactional",43,880,35,8.08,"AI Overview, Reviews, Video, People also ask, Related searches, Ads bottom"
wlan fernseh,Commercial,36,880,21,0.51,"Video, Video carousel, People also ask, Related searches, Popular products"
wlan für zuhause günstig,Commercial,43,880,34,3.39,"Reviews, Video, People also ask, Related searches, Popular products, Ads bottom"
wlan günstig,Commercial,42,880,42,5.28,"Video, People also ask, Related searches, Ads bottom"
wlan mit kabel,Commercial,38,880,24,1.41,"Reviews, Image pack, Video, Video carousel, People also ask, Related searches, Popular products, Ads bottom"
wlan router bester,Commercial,43,880,22,0.74,"Sitelinks, Reviews, Video, Video carousel, People also ask, Related searches, Popular products"
wlan tarife,Commercial,40,880,57,4.37,"Reviews, Video, People also ask, Related searches"
wlan vertrag mit router,Commercial,42,880,43,6.84,"Reviews, Video, People also ask, Related searches, Ads top, Ads middle"
1 und 1 dsl angebote,Commercial,39,720,29,0.87,"Reviews, Video, People also ask, Related searches"
1und1 tv app,"Informational, Transactional",39,720,30,1.51,"AI Overview, Reviews, Video, People also ask, Related searches"
5g empfänger,"Informational, Transactional",39,720,23,1.33,"Reviews, Image pack, Video, Video carousel, People also ask, Related searches, Popular products"
alles störung deutsche glasfaser,"Informational, Transactional",37,720,37,0.00,"Sitelinks, Reviews, People also ask, Related searches"
angebote für festnetz und internet,Commercial,45,720,44,1.32,"AI Overview, Reviews, Video, People also ask, Related searches, Ads top, Ads middle"
angebote waipu tv,"Informational, Transactional",42,720,55,0.17,"Reviews, Video, People also ask, Related searches"
best iptv,"Informational, Commercial",48,720,30,1.12,"Sitelinks, Video, People also ask, Related searches"
beste glasfaser router,Commercial,44,720,30,0.30,"Sitelinks, Reviews, Video, People also ask, Related searches"
d1 netzabdeckung,Commercial,38,720,37,0.87,"Reviews, Video, People also ask, Related searches"
dsl 250,Commercial,37,720,21,2.09,"Reviews, Video, People also ask, Related searches, Ads top, Ads middle"
dsl 50,Commercial,38,720,26,1.56,"Reviews, Video, People also ask, Related searches"
dsl angebote für neukunden,Commercial,43,720,43,2.77,"Sitelinks, Reviews, Video, People also ask, Related searches, Ads top, Ads bottom"
dsl internet vergleich,Commercial,42,720,46,4.43,"Sitelinks, Reviews, Video, People also ask, Related searches"
dsl router test,Commercial,37,720,31,0.46,"Sitelinks, Video, People also ask, Related searches, Ads top, Ads middle"
dsl tarife günstig,Commercial,43,720,39,2.29,"AI Overview, Reviews, Video, People also ask, Related searches"
dsl und festnetz,Commercial,43,720,59,1.96,"AI Overview, Reviews, Video, People also ask, Related searches"
fernseh online,Commercial,38,720,73,1.86,"Reviews, Video, Related searches"
fernseh receiver,Commercial,34,720,35,0.84,"Sitelinks, Video, Video carousel, People also ask, Related searches, Popular products, Ads bottom"
fernsehbox,Commercial,39,720,45,0.21,"Sitelinks, Reviews, Video, People also ask, Related searches, Ads top, Ads bottom"
fernsehen kostenlos streamen,Commercial,41,720,41,0.57,"AI Overview, Reviews, Video, People also ask, Related searches"
fernsehen ohne anschluss und ohne internet,Commercial,48,720,24,1.04,"Sitelinks, Reviews, Video, People also ask, Related searches, Popular products, Ads top, Ads bottom"
fernsehen über stick,Commercial,46,720,29,1.36,"Sitelinks, Image, Video, People also ask, Related searches, Popular products, Ads bottom"
festnetz anbieter,Commercial,46,720,36,1.60,"AI Overview, Reviews, Video, People also ask, Related searches, Ads top"
festnetz und internet telekom,"Informational, Transactional",44,720,36,2.65,"AI Overview, Reviews, People also ask, Related searches"
free rtl tv,"Navigational, Transactional",38,720,63,0.71,"Sitelinks, Reviews, Video, People also ask, Related searches"
fritz box zugang,"Navigational, Transactional",39,720,34,0.00,"Sitelinks, AI Overview, Video, Video carousel, People also ask, Related searches"
fritzbox anmeldung,"Navigational, Transactional",39,720,37,0.68,"AI Overview, Video, People also ask, Related searches"
fritzbox für glasfaser und dsl,Commercial,48,720,35,0.21,"Sitelinks, Reviews, Video, Video carousel, People also ask, Related searches, Popular products, Ads top, Ads bottom"
fritzbox für glasfaseranschluss,Commercial,46,720,29,0.17,"Sitelinks, Reviews, Video, Video carousel, People also ask, Related searches, Ads bottom"
fußball live rtl,"Informational, Transactional",38,720,40,0.72,"Reviews, Video, People also ask, Related searches"
glasfaseranschluss prüfen,Commercial,40,720,38,1.15,"AI Overview, Reviews, Video, People also ask, Related searches, Ads top, Ads bottom"
gratis tv,Commercial,40,720,38,0.91,"Reviews, Video, People also ask, Related searches"
günstig internet,Commercial,45,720,61,2.88,"Reviews, Video, People also ask, Related searches, Popular products, Ads top, Ads bottom"
günstigster anbieter dsl,"Informational, Commercial",41,720,45,2.13,"Sitelinks, AI Overview, Reviews, Video, People also ask, Related searches"
http www fritz box de,"Navigational, Transactional",42,720,39,0.07,"People also ask, Related searches"
im besten netz,Commercial,50,720,26,0.00,"AI Overview, Video, People also ask, Related searches"
internet angebote dsl,Commercial,45,720,51,4.08,"AI Overview, Reviews, Video, People also ask, Related searches, Ads top, Ads middle"
internet anschluss vergleich,Commercial,42,720,55,4.16,"Sitelinks, Reviews, Video, People also ask, Related searches"
internet flat zuhause,Commercial,41,720,39,2.50,"Reviews, Video, Related searches"
internet für zuhause telekom,Transactional,44,720,34,3.91,"Reviews, People also ask, Related searches, Ads top"
internet kabel vergleich,Commercial,41,720,28,4.05,"Reviews, Video, People also ask, Related searches"
internet kaufen,Transactional,42,720,58,7.39,"Reviews, Video, People also ask, Related searches, Popular products"
internet magenta,Transactional,40,720,41,2.88,"Reviews, Video, Video carousel, People also ask, Related searches, Ads top, Ads middle"
internet tarife für zuhause,"Informational, Commercial",45,720,56,2.74,"Reviews, Video, People also ask, Related searches"
internet und telefon anbieter,Commercial,45,720,53,1.66,"AI Overview, Reviews, Video, People also ask, Related searches, Ads top, Ads middle"
internet von telekom,Transactional,43,720,39,2.75,"Reviews, People also ask, Related searches"
internet über kabel oder dsl,"Informational, Commercial",48,720,17,3.53,"Sitelinks, AI Overview, Reviews, Video, Video carousel, People also ask, Related searches, Ads bottom, Ads middle"
internet über kabel vergleich,Commercial,41,720,17,3.48,"Reviews, Video, People also ask, Related searches, Ads top, Ads middle"
internetanbieter über kabel,Commercial,45,720,35,3.01,"AI Overview, Reviews, Video, People also ask, Related searches, Ads top, Ads bottom"
iptv apps,"Informational, Commercial",51,720,39,0.00,"AI Overview, Reviews, Video, Video carousel, People also ask, Related searches"
iptv smarters pro apk,Commercial,40,720,34,0.00,"Reviews, Video, Related searches"
kabel ein live,Commercial,40,720,33,0.49,"Reviews, Video, People also ask, Related searches"
kabel internet verfügbarkeit,Commercial,45,720,46,1.96,"AI Overview, Video, People also ask, Related searches, Ads top, Ads middle"
kostenlos fernsehen online,Commercial,40,720,47,0.75,"Reviews, Video, People also ask, Related searches"
kostenlos online tv schauen ohne anmeldung,"Navigational, Transactional",36,720,50,0.36,"Sitelinks, AI Overview, Reviews, Video, People also ask, Related searches"
live tv app,Commercial,40,720,40,1.53,"Reviews, Video, People also ask, Related searches"
livestream fernsehen,Commercial,41,720,80,0.69,"Reviews, Video, Video carousel, Related searches"
livestream free tv,Commercial,38,720,69,0.00,"Reviews, Video, People also ask, Top stories, Related searches"
magent,"Informational, Transactional",36,720,75,2.97,"Sitelinks, Reviews, Video, People also ask, Knowledge panel, Related searches"
magenta netflix,Commercial,46,720,26,5.41,"AI Overview, Reviews, Video, Short videos, People also ask, Related searches"
monatlich kündbare handyverträge,Commercial,44,720,27,6.25,"Reviews, People also ask, Related searches"
monatlich kündbares internet,Commercial,41,720,39,6.03,"Reviews, Video, Related searches, Ads top, Ads middle"
netflix abo vergleich,"Informational, Commercial",39,720,43,1.82,"Sitelinks, AI Overview, Reviews, Video, People also ask, Related searches, Ads middle"
netflix abos preise,Transactional,36,720,51,0.81,"AI Overview, Reviews, Video, People also ask, Related searches"
netflix email ändern,"Informational, Transactional",40,720,40,0.00,"AI Overview, Reviews, Video, People also ask, Related searches"
netflix filme auf deutsch,Transactional,33,720,43,0.00,"Reviews, Video, People also ask, Related searches"
netflix kostenübersicht,"Informational, Transactional",39,720,49,0.93,"AI Overview, Reviews, Image pack, Video, People also ask, Related searches"
netflix mitgliedschaft,"Navigational, Transactional",40,720,57,2.34,"People also ask, Related searches"
netflix preise abo,Transactional,41,720,50,1.10,"AI Overview, Reviews, Video, People also ask, Related searches"
netflix preise deutschland,Transactional,41,720,49,1.22,"AI Overview, Reviews, Video, People also ask, Related searches"
netflix preistabelle,"Informational, Transactional",41,720,55,1.12,"AI Overview, Reviews, Video, People also ask, Related searches"
netflix preisübersicht,"Informational, Transactional",39,720,54,0.00,"AI Overview, Reviews, People also ask, Related searches"
neukunde telekom,"Navigational, Transactional",38,720,64,1.74,"AI Overview, People also ask, Related searches, Ads top, Ads middle"
online filmer,"Informational, Commercial",39,720,60,0.00,"Reviews, People also ask, Related searches"
receiver für fernseher,Commercial,42,720,25,0.50,"People also ask, Related searches"
router beste,Commercial,44,720,21,0.59,"Sitelinks, Reviews, Video, People also ask, Related searches, Popular products"
router telekom hybrid,"Navigational, Transactional",38,720,25,0.48,"Reviews, Video, Video carousel, People also ask, Related searches"
router vergleich,Commercial,41,720,32,1.14,"Sitelinks, Reviews, Video, People also ask, Related searches"
router wifi,Commercial,36,720,47,1.81,"Reviews, Video, Video carousel, People also ask, Related searches, Popular products"
rtl free livestream,"Navigational, Transactional",40,720,50,1.25,"Reviews, Video, People also ask, Related searches"
rtl gucken,Transactional,39,720,53,1.06,"Reviews, Video, People also ask, Related searches, Ads top, Ads bottom"
rtl live sehen,"Navigational, Transactional",42,720,46,0.84,"Reviews, Video, People also ask, Related searches"
rtl live stream formel 1 kostenlos,"Navigational, Transactional",37,720,29,0.00,"Sitelinks, Reviews, Video, People also ask, Related searches"
rtl livestream ohne anmeldung,"Navigational, Transactional",39,720,38,1.51,"Reviews, Video, People also ask, Related searches"
rtl nydus,"Navigational, Transactional",32,720,35,0.00,"Sitelinks, Related searches"
rtl plus com tv login,"Navigational, Transactional",41,720,40,0.14,"Sitelinks, Reviews, People also ask, Related searches"
rtl plus paket,"Navigational, Transactional",42,720,51,1.99,"AI Overview, Reviews, Video, People also ask, Related searches"
rtl plus programm heute,Commercial,33,720,63,0.24,"Video, People also ask, Related searches"
rtl super live,"Navigational, Transactional",37,720,44,0.30,"Reviews, Video, People also ask, Related searches"
rtlup kostenlos,Commercial,35,720,45,0.74,"Sitelinks, AI Overview, Reviews, Video, People also ask, Related searches"
schalke live stream kostenlos,Commercial,38,720,18,0.63,"Reviews, Video, Video carousel, Related searches"
sky q receiver kaufen,Transactional,36,720,31,0.57,"Reviews, People also ask, Related searches, Popular products, Ads top, Ads bottom"
tarife deutsche glasfaser,"Navigational, Commercial",41,720,27,0.29,"Sitelinks, Reviews, Video, People also ask, Related searches, Ads top, Ads bottom"
tarife dsl,Commercial,42,720,50,2.57,"AI Overview, Reviews, Video, Related searches"
tarife festnetz,Commercial,42,720,35,0.96,"Sitelinks, AI Overview, Reviews, People also ask, Related searches, Ads top, Ads middle"
tarife internet vergleich,Commercial,42,720,53,2.55,"Reviews, Video, People also ask, Related searches"
telekom ausbau karte,"Navigational, Transactional",35,720,34,4.66,"Reviews, Image pack, Video, Related searches, Ads bottom"
telekom dsl vertrag,Transactional,43,720,36,4.17,"Reviews, People also ask, Related searches"
telekom magenta tv stick,"Informational, Transactional",41,720,27,0.32,"Reviews, Video, People also ask, Related searches, Popular products"
telekom stick,"Informational, Transactional",35,720,23,0.61,"Reviews, Video, People also ask, Related searches, Popular products"
tv boxen,Commercial,48,720,34,2.10,"Reviews, Image pack, Video, Video carousel, People also ask, Related searches, Popular products, Ads middle"
tv kostenlos ohne anmeldung,"Navigational, Transactional",37,720,33,0.49,
tv programm live,"Informational, Transactional",39,720,79,0.75,"Reviews, Video, Related searches"
tv stick smart,Commercial,46,720,29,0.80,"Sitelinks, Reviews, Video, Video carousel, People also ask, Related searches, Popular products"
tv sticks vergleich,Commercial,41,720,30,0.66,"Sitelinks, Reviews, Video, People also ask, Related searches"
tv streaming anbieter,"Informational, Commercial",53,720,44,2.34,"AI Overview, Reviews, Video, People also ask, Related searches, Ads top, Ads middle"
tv umsonst,Commercial,39,720,41,1.25,"Reviews, Video, People also ask, Related searches"
unlimited datenvolumen monatlich kündbar,Commercial,37,720,17,3.85,"AI Overview, Reviews, Video, People also ask, Related searches, Ads top, Ads bottom"
vdsl router,Commercial,36,720,28,0.87,"Reviews, Video, People also ask, Related searches, Popular products, Ads bottom"
vdsl verfügbarkeit,Commercial,41,720,49,1.60,"AI Overview, Reviews, People also ask, Related searches"
verfügbarkeit internet,Commercial,45,720,52,1.84,"Reviews, Video, People also ask, Related searches"
verfügbarkeit prüfen dsl,Commercial,41,720,46,1.50,"Reviews, Video, Related searches"
vodafone netzabdeckungskarte,"Informational, Transactional",39,720,33,1.96,"Reviews, Video, People also ask, Related searches"
vodafone unbegrenzt datenvolumen,Commercial,40,720,34,3.56,"AI Overview, Reviews, Video, People also ask, Related searches, Ads top, Ads bottom"
voxup live stream kostenlos,Commercial,38,720,23,0.00,"Sitelinks, Reviews, People also ask, Related searches"
waipu fernbedienung,"Informational, Transactional",34,720,25,0.19,"Sitelinks, Image, Image pack, Video, People also ask, Related searches, Popular products"
waipu tv kundenservice,"Navigational, Transactional",40,720,23,1.29,Related searches
welches handynetz ist das beste,Commercial,43,720,40,2.34,"Sitelinks, AI Overview, Reviews, Video, People also ask, Related searches, Ads bottom"
wireless internet router,Commercial,36,720,34,2.26,"Reviews, Video, People also ask, Related searches, Popular products"
wlan anbieter vergleich,Commercial,39,720,50,4.55,"Sitelinks, AI Overview, Reviews, Video, Related searches"
wlan stick für tv,Commercial,44,720,25,0.63,"Sitelinks, Video, People also ask, Related searches, Popular products"
www waipu tv anmelden,"Navigational, Transactional",38,720,30,0.11,"Reviews, Video, People also ask, Related searches"
1 1 cinema,"Informational, Transactional",36,590,22,1.91,"Video, People also ask, Related searches"
100gb datenvolumen,Commercial,37,590,13,2.81,"Sitelinks, AI Overview, Reviews, People also ask, Related searches, Ads top, Ads bottom"
5g router telekom,Transactional,39,590,28,0.38,"Sitelinks, Reviews, Video, Video carousel, People also ask, Related searches, Popular products"
alternative zu magenta tv,"Informational, Commercial",49,590,17,0.70,"AI Overview, Reviews, Video, People also ask, Related searches"
angebote festnetz,Commercial,43,590,52,1.47,"Reviews, People also ask, Related searches"
beste mobilfunkanbieter,Commercial,45,590,35,2.53,"AI Overview, Reviews, Video, Video carousel, People also ask, Related searches"
bester dsl anbieter,Commercial,46,590,36,2.95,"AI Overview, Reviews, Video, People also ask, Related searches"
cable router,Commercial,38,590,28,0.00,"Reviews, Image pack, Video, People also ask, Related searches, Popular products, Ads middle"
check24 dsl vergleich,"Navigational, Commercial",36,590,68,2.04,"Sitelinks, Reviews, Video, People also ask, Related searches, Ads top, Ads bottom"
deutsch iptv,Commercial,54,590,10,0.00,"AI Overview, Video, Related searches"
deutsche serie,Commercial,33,590,34,0.56,"Video, People also ask, Related searches"
deutsche telekom glasfaser,"Navigational, Transactional",41,590,54,3.23,"Sitelinks, Reviews, Video, People also ask, Related searches"
drama serien,Commercial,30,590,27,0.50,"Image, Video, People also ask, Related searches, See results about"
dsl 50 angebote,Commercial,40,590,40,1.27,"Reviews, People also ask, Related searches"
dsl günstige tarife,Commercial,43,590,44,2.29,"Sitelinks, AI Overview, Reviews, Video, People also ask, Related searches, Ads bottom"
dsl telekom vertrag,Transactional,42,590,38,4.17,"AI Overview, Reviews, People also ask, Related searches, Ads top, Ads bottom"
dsl vergleich anbieter,Commercial,42,590,46,2.91,"Sitelinks, Reviews, Video, People also ask, Related searches"
dsl vertrag günstig,Commercial,43,590,44,3.56,"Sitelinks, Reviews, Video, People also ask, Related searches"
dsl vertrag telekom,Transactional,43,590,38,4.17,"Reviews, People also ask, Related searches"
fernsehen umsonst,Commercial,41,590,57,0.75,"AI Overview, Reviews, Video, People also ask, Related searches"
fernsehen und internet telekom,Transactional,45,590,29,1.22,"Reviews, Video, People also ask, Related searches, Ads top, Ads bottom"
fernseher für kabelanschluss,Commercial,47,590,32,1.48,"Reviews, Image, Video, People also ask, Related searches, Popular products"
fernseher mit internet,Commercial,45,590,28,0.53,"Reviews, Video, People also ask, Related searches, Popular products, Ads bottom"
fernsehn kostenlos,Commercial,41,590,47,0.64,"Reviews, Image, Video, People also ask, Related searches, Ads bottom"
fernsehn kostenlos schauen,Commercial,39,590,37,0.65,"Video, People also ask, Related searches, Ads top, Ads middle"
fernsehn mit wlan,Commercial,40,590,26,0.40,"Video, People also ask, Related searches, Popular products"
festnetz anschluss,Commercial,40,590,38,2.64,"AI Overview, Reviews, Image pack, Video, People also ask, Related searches, Ads top, Ads bottom"
festnetz internet angebote,Commercial,45,590,55,1.72,"Reviews, People also ask, Related searches, Ads bottom"
festnetz internet vergleich,Commercial,40,590,51,1.95,"Sitelinks, Reviews, Video, People also ask, Related searches, Ads top, Ads middle"
festnetz vergleich,Commercial,41,590,42,1.87,"AI Overview, Reviews, Video, People also ask, Related searches"
festnetzanschluss mit internet,Commercial,44,590,39,1.72,"AI Overview, Reviews, Video, People also ask, Related searches, Ads top, Ads middle"
glasfaser anbieter vergleich,Commercial,44,590,32,1.14,"AI Overview, Reviews, Video, People also ask, Related searches, Ads top, Ads bottom"
glasfaser preise,Transactional,42,590,46,0.65,"AI Overview, Reviews, Video, People also ask, Related searches, Ads bottom"
glasfaser prüfung,Commercial,39,590,42,1.18,"Reviews, Video, People also ask, Related searches, Ads top, Ads middle"
glasfaser telekom router,"Informational, Transactional",38,590,27,0.18,"Sitelinks, Reviews, Video, Video carousel, People also ask, Related searches"
glasfaserkabel router,"Informational, Transactional",41,590,27,0.24,"Sitelinks, Image pack, Video, Video carousel, People also ask, Related searches, Popular products, Ads middle"
günstig dsl,Commercial,43,590,41,2.72,"Reviews, Video, Related searches"
günstig internet für zuhause,Commercial,44,590,53,2.90,"AI Overview, Reviews, Video, People also ask, Related searches, Ads top, Ads bottom"
günstiger dsl vertrag,"Informational, Commercial",42,590,48,2.67,"AI Overview, Reviews, Video, People also ask, Related searches"
günstiger wlan vertrag,Commercial,41,590,49,5.23,"AI Overview, Reviews, Video, People also ask, Related searches"
günstiges internet zuhause,Commercial,44,590,46,2.90,"AI Overview, Reviews, Video, Related searches"
günstiges wlan,Commercial,42,590,33,4.37,"Reviews, Video, People also ask, Related searches, Ads top, Ads bottom"
handyverträge von vodafone,"Informational, Transactional",39,590,52,2.72,"Reviews, People also ask, Related searches"
http //fritz.box einrichten,"Informational, Transactional",40,590,38,0.42,"Reviews, Video, Video carousel, People also ask, Related searches"
internet anmelden neue wohnung,Transactional,44,590,25,8.72,"Sitelinks, AI Overview, Reviews, Video, People also ask, Related searches"
internet berlin,Commercial,41,590,34,5.09,"Reviews, Image, Video, People also ask, Related searches, Ads top, Ads bottom"
internet bester anbieter,Commercial,45,590,40,2.79,"AI Overview, Reviews, Video, People also ask, Related searches, Ads top, Ads bottom"
internet dsl vergleich,Commercial,41,590,48,5.29,"Sitelinks, Reviews, Video, People also ask, Related searches, Ads top, Ads middle"
internet mit tv,Commercial,46,590,38,3.87,"Reviews, Video, People also ask, Related searches, Ads top, Ads middle"
internet tv vergleich,Commercial,51,590,36,1.74,"Sitelinks, Reviews, Video, People also ask, Related searches, Ads top, Ads middle"
internet und fernsehen,Commercial,47,590,35,2.31,"Reviews, Video, People also ask, Related searches, Ads top, Ads middle"
internet vergleich dsl,Commercial,40,590,40,4.36,"Sitelinks, Video, Related searches, Ads top, Ads bottom"
internet vergleichen,Commercial,43,590,47,5.23,"Reviews, Video, Related searches, Ads top, Ads bottom"
internet vergleichen anbieter,Commercial,44,590,50,3.97,"Sitelinks, Reviews, Video, People also ask, Related searches"
internet zuhause vergleich,Commercial,38,590,48,3.42,"Sitelinks, AI Overview, Reviews, Video, People also ask, Related searches, Ads top, Ads bottom"
internetangebote telekom,Transactional,45,590,36,2.51,"Reviews, People also ask, Related searches, Ads bottom"
internetanschlüsse im vergleich,Commercial,38,590,56,3.51,"Reviews, Video, People also ask, Related searches"
internetgebühren vergleich,Commercial,43,590,50,5.47,"AI Overview, Reviews, Video, Related searches, Ads top, Ads bottom"
internettarife vergleichen,Commercial,47,590,49,2.21,"Reviews, Video, People also ask, Related searches"
internetverfügbarkeit test,Commercial,41,590,51,1.60,"AI Overview, Reviews, Video, People also ask, Related searches, Ads top, Ads bottom"
internetvergleich,Commercial,43,590,50,4.71,"Sitelinks, Video, People also ask, Related searches, Ads top, Ads middle"
ip tv kaufen,Commercial,59,590,30,1.33,"Video, People also ask, Related searches"
iptv abo,Commercial,59,590,8,0.00,"AI Overview, Image, Video, People also ask"
iptv anbieter vergleich,Commercial,74,590,41,0.00,"AI Overview, Video, People also ask, Related searches"
iptv deutsch,"Informational, Commercial",59,590,30,0.00,"AI Overview, Video, Related searches"
iptv for receiver,Commercial,51,590,15,0.00,"Sitelinks, Reviews, Video, People also ask, Related searches, Popular products"
iptv line,"Informational, Commercial",52,590,10,0.00,"AI Overview, Reviews, Image, Video, People also ask"
iptv player android,Commercial,46,590,26,0.00,"Reviews, Video, Video carousel, People also ask, Related searches"
iptv tv stick,Commercial,57,590,17,0.00,"Sitelinks, Reviews, Video, People also ask, Related searches, Popular products"
kabel internet verfügbar,Commercial,46,590,21,1.60,"Reviews, Video, People also ask, Related searches, Ads top, Ads bottom"
kabel verfügbarkeit internet,Commercial,46,590,40,1.86,"Reviews, Video, People also ask, Related searches"
kosten waipu tv,"Informational, Transactional",42,590,51,0.08,"Featured snippet, Reviews, Video, People also ask, Related searches, Ads bottom"
kostenlose serien,Commercial,40,590,42,0.35,"Sitelinks, AI Overview, Reviews, Image, Video, People also ask, Related searches, Ads bottom"
live fernsehen rtl,"Navigational, Transactional",42,590,57,0.66,"Reviews, Video, People also ask, Related searches"
live tv gratis,Commercial,40,590,50,0.52,"Reviews, Image, Video, People also ask, Related searches"
livestream rtl nitro,Commercial,38,590,30,1.20,"Sitelinks, Reviews, Video, People also ask, Related searches"
livestreams kostenlos,Commercial,41,590,67,0.87,"Reviews, Video, People also ask, Related searches"
livestreamtv,Commercial,37,590,69,0.74,"AI Overview, Reviews, Video, Related searches"
livetv streaming,"Informational, Transactional",42,590,26,1.08,"Reviews, Video, Related searches"
magenta tv geräte,Transactional,44,590,27,3.48,"Reviews, Video, People also ask, Related searches"
magenta tv mit netflix,Commercial,51,590,21,3.07,"Reviews, Video, People also ask, Related searches, Ads middle"
magenta tv wow,Commercial,36,590,32,0.86,"AI Overview, Reviews, Image, Video, People also ask, Related searches, Ads top, Ads middle"
magentatv preise,Commercial,45,590,29,3.39,"AI Overview, Reviews, Video, People also ask, Related searches, Ads top, Ads bottom"
mediamarkt router,"Navigational, Transactional",36,590,31,0.23,"Video, People also ask, Related searches, Popular products, Ads top, Ads bottom"
mein rtl,"Navigational, Transactional",38,590,73,0.40,"Reviews, Video, People also ask, Related searches, Ads top, Ads middle"
monatlich kündbar dsl,Commercial,39,590,34,6.25,"Reviews, Related searches, Ads top, Ads middle"
netflix abo mit werbung,"Informational, Transactional",48,590,55,0.73,"AI Overview, Video, People also ask, Related searches"
netflix abo preis,Transactional,43,590,54,1.10,"AI Overview, Reviews, People also ask, Related searches"
netflix accounts,Transactional,35,590,58,0.90,"Video, People also ask, Related searches"
netflix kaufen,Transactional,40,590,53,1.18,"Reviews, People also ask, Related searches, Ads bottom"
netflix monatliche kosten,"Informational, Transactional",43,590,52,1.11,"AI Overview, Reviews, Video, People also ask, Related searches"
netflix telekom,"Navigational, Transactional",44,590,28,3.18,"Reviews, Video, People also ask, Related searches"
netflix website,Transactional,36,590,92,0.97,"Reviews, People also ask, Related searches"
netzabdeckung d1,Commercial,38,590,31,0.87,"Reviews, Image pack, Video, People also ask, Related searches, Ads top, Ads middle"
nur internet für zuhause,Commercial,42,590,36,1.48,"AI Overview, Reviews, Video, People also ask, Related searches, Ads top, Ads bottom"
nur internet telekom,"Informational, Transactional",44,590,36,2.23,"AI Overview, Reviews, People also ask, Related searches, Ads top, Ads bottom"
o2 5g abdeckung,Commercial,36,590,29,0.35,"Reviews, People also ask, Related searches"
o2 internet und tv,Commercial,45,590,44,0.95,"AI Overview, Reviews, Video, People also ask, Related searches, Ads top, Ads bottom"
rlt live,"Navigational, Transactional",35,590,63,0.47,"Reviews, Video, People also ask, Related searches"
rrl live,"Navigational, Transactional",33,590,42,0.47,"Reviews, Video, People also ask, Related searches"
rtl fernsehen heute,"Navigational, Commercial",34,590,50,0.46,"Sitelinks, Video, People also ask, Related searches"
rtl liv,Transactional,37,590,51,0.47,"Reviews, Video, People also ask, Related searches, Ads top, Ads middle"
rtl live kostenlos schauen,Commercial,39,590,39,0.94,"Featured snippet, Reviews, Video, People also ask, Related searches"
rtl live stream kostenlos ohne anmeldung 2ix2 legal,"Navigational, Transactional",36,590,29,0.00,"Sitelinks, AI Overview, Reviews, Video, People also ask, Related searches"
rtl live stream ohne anmeldung,"Navigational, Transactional",46,590,48,1.08,"Reviews, Video, People also ask, Related searches"
rtl livestram,"Navigational, Transactional",37,590,45,0.63,"Sitelinks, Reviews, Video, People also ask, Related searches, Ads bottom"
rtl livestream kostenlos ohne anmeldung,"Navigational, Transactional",40,590,46,1.20,"AI Overview, Reviews, Video, Related searches"
rtl nfl live-stream kostenlos,"Navigational, Transactional",39,590,29,0.00,"Reviews, Video, People also ask, Related searches"
rtl plus konto,"Navigational, Transactional",42,590,41,1.42,"Reviews, Video, People also ask, Related searches"
rtl plus streamen,Transactional,46,590,49,0.58,"AI Overview, Reviews, Video, Video carousel, People also ask, Related searches, Ads top, Ads bottom"
rtl-mediathek,Transactional,37,590,69,0.19,"Reviews, Video, People also ask, Related searches, Ads top"
rtl2 streamen,Commercial,39,590,45,0.75,"Reviews, Video, People also ask, Related searches"
rtlplus live stream kostenlos ohne anmeldung,"Navigational, Transactional",38,590,41,0.00,"AI Overview, Reviews, Video, People also ask, Related searches"
rtlplus mediathek,Commercial,40,590,31,0.04,"Reviews, Video, People also ask, Related searches, Ads top, Ads bottom"
rtlup live stream kostenlos ohne anmeldung 2ix2,"Navigational, Transactional",36,590,27,0.00,"Sitelinks, Reviews, People also ask, Related searches"
sat receiver mit wlan,Commercial,35,590,17,0.13,"Video, People also ask, Related searches, Popular products, Ads bottom"
serie stream,Commercial,37,590,50,1.42,"Reviews, Video, People also ask, Top stories, Related searches"
serien kostenlos,Commercial,38,590,60,0.35,"Sitelinks, Reviews, People also ask, Related searches, Ads middle"
serien. to,Commercial,37,590,39,1.01,"Sitelinks, Reviews, Video, People also ask, Related searches"
stb приемник,"Informational, Transactional",47,590,25,0.00,"Image pack, Video, People also ask, Knowledge panel, Related searches"
stick android tv,Commercial,41,590,25,0.50,"Sitelinks, Video, Video carousel, People also ask, Related searches, Popular products"
stream film,"Informational, Commercial",35,590,48,0.80,"Reviews, Video, Related searches"
streaming dienste im vergleich,Commercial,45,590,41,1.60,"Reviews, Video, People also ask, Related searches"
telekom festnetz vertrag,Transactional,45,590,30,3.14,"Reviews, People also ask, Related searches, Ads top, Ads middle"
telekom glasfaser preise,"Navigational, Transactional",44,590,37,1.54,"Sitelinks, Reviews, People also ask, Related searches, Ads top, Ads bottom"
telekom internet verfügbarkeit prüfen,Transactional,44,590,21,3.41,"Reviews, People also ask, Related searches"
telekom magentatv one,"Informational, Transactional",38,590,27,2.54,"Reviews, Video, Video carousel, People also ask, Related searches"
telekom sportangebot,Transactional,38,590,50,0.93,"AI Overview, Reviews, Video, People also ask, Related searches, Ads top, Ads bottom"
telekom verfügbarkeitscheck,Transactional,39,590,20,3.16,"Reviews, Related searches"
telekom vertrag festnetz,Transactional,42,590,41,3.14,"Reviews, People also ask, Related searches, Ads top, Ads middle"
television iptv player,Commercial,46,590,44,0.00,"Reviews, Video, Video carousel, People also ask, Related searches"
top tv app,Commercial,41,590,30,1.15,"AI Overview, Reviews, Video, People also ask, Related searches"
tv anbieter vergleich,Commercial,51,590,43,1.58,"AI Overview, Reviews, Video, People also ask, Related searches"
tv free,Commercial,35,590,50,0.71,"Reviews, Video, People also ask, Top stories, Related searches, Ads middle"
tv germany,"Informational, Commercial",41,590,79,0.70,"Reviews, Video, People also ask, Top stories, Related searches, Ads top, Ads bottom"
tv iptv player,"Informational, Transactional",46,590,30,0.00,"Reviews, Video, Video carousel, People also ask, Related searches"
tv mit wlan,Commercial,42,590,25,0.58,"Video, People also ask, Related searches, Popular products"
tv stick 4k,Commercial,41,590,28,0.75,"Sitelinks, Reviews, Video, Video carousel, People also ask, Related searches, Popular products"
tv sticks,Commercial,42,590,33,1.20,"Sitelinks, Reviews, Image pack, Video, Video carousel, People also ask, Related searches, Popular products"
tv über wlan,"Informational, Commercial",43,590,26,1.56,"AI Overview, Reviews, Video, Video carousel, People also ask, Related searches"
umsonst fernsehen,Commercial,40,590,43,0.75,"AI Overview, Reviews, Video, People also ask, Related searches"
unbegrenzte datenvolumen,Commercial,39,590,36,3.06,"Reviews, Video, People also ask, Related searches, Ads top, Ads bottom"
unlimited lte,Commercial,39,590,32,2.73,"Reviews, Video, People also ask, Related searches"
unlimited prepaid,Commercial,35,590,30,2.16,"AI Overview, Reviews, Video, People also ask, Related searches, Ads middle"
verfügbarkeit internet kabel,Commercial,44,590,41,1.60,"AI Overview, Reviews, Video, People also ask, Related searches, Ads top, Ads bottom"
vergleich dsl anbieter,Commercial,42,590,49,2.91,"Sitelinks, AI Overview, Reviews, Video, People also ask, Related searches"
vergleich dsl verträge,Commercial,43,590,48,4.25,"Sitelinks, Reviews, Video, People also ask, Related searches"
vergleich kabel internet,Commercial,44,590,30,3.69,"Video, People also ask, Related searches, Ads top, Ads middle"
vodafone mobile,"Navigational, Transactional",33,590,40,2.64,"Sitelinks, AI Overview, Reviews, Image pack, Video, People also ask, Related searches"
vodafone unbegrenztes datenvolumen,Transactional,39,590,42,3.56,"Reviews, Video carousel, People also ask, Related searches"
vox live nydus,"Navigational, Transactional",32,590,21,0.00,"Video, Related searches"
vox live stream legal,Commercial,34,590,46,0.00,"Sitelinks, AI Overview, Reviews, Video, People also ask, Related searches"
waipu tv preise,"Navigational, Transactional",38,590,40,0.04,"Reviews, Video, People also ask, Related searches"
waipu tv preiserhöhung,"Informational, Transactional",37,590,21,0.04,"Featured snippet, Reviews, Video, People also ask, Related searches"
waipu tv senderübersicht,"Navigational, Transactional",40,590,23,0.03,"Sitelinks, Reviews, Video, People also ask, Related searches, Ads middle"
welcher internetanbieter ist der beste,Commercial,48,590,27,2.11,"Sitelinks, AI Overview, Reviews, Video, Video carousel, People also ask, Related searches, Ads bottom, Ads middle"
welcher streaming dienst ist der beste,Commercial,42,590,36,1.56,"AI Overview, Reviews, Video, People also ask, Related searches, Ads top"
welches ist das beste handynetz,Commercial,46,590,37,1.88,"AI Overview, Reviews, Video, Video carousel, Short videos, People also ask, Related searches"
welches netz ist das beste,Commercial,42,590,26,2.58,"AI Overview, Reviews, Video, Video carousel, Short videos, People also ask, Related searches, Ads bottom, Ads middle"
//fritzbox login,Transactional,46,480,27,2.30,"Video, People also ask, Related searches"
5g abdeckung telekom,Transactional,38,480,32,3.27,"Reviews, Video, People also ask, Related searches, Ads bottom"
anbieter dsl vergleich,Commercial,42,480,46,2.91,"Sitelinks, Reviews, Video, People also ask, Related searches"
anbieteriptv,Commercial,76,480,30,0.00,"AI Overview, Video, Related searches"
angebot internet,Commercial,47,480,54,3.41,"AI Overview, Reviews, Video, Related searches, Ads bottom, Ads middle"
angebot waipu tv,"Informational, Transactional",40,480,55,0.17,"Reviews, Video, People also ask, Related searches, Ads bottom"
angebote internet und tv,Commercial,53,480,42,2.25,"AI Overview, Reviews, Video, People also ask, Related searches, Ads top, Ads bottom"
app zum fernsehen,"Informational, Commercial",42,480,48,1.55,"AI Overview, Reviews, Video, People also ask, Related searches"
best dsl anbieter,Commercial,40,480,31,2.95,"AI Overview, Reviews, Video, People also ask, Related searches"
best iptv player,Commercial,44,480,34,0.00,"Sitelinks, AI Overview, Reviews, Video, Video carousel, People also ask, Related searches"
beste internetanbieter für zuhause,Commercial,45,480,42,2.02,"Sitelinks, AI Overview, Reviews, Video, People also ask, Related searches, Ads top, Ads bottom"
beste wlan router,Commercial,46,480,30,0.72,"Sitelinks, Reviews, Video, Video carousel, People also ask, Related searches, Ads top, Ads bottom"
besten glasfaser router,Commercial,46,480,30,0.30,"Sitelinks, Reviews, Video, Video carousel, People also ask, Related searches, Popular products"
bester anbieter dsl,Commercial,43,480,34,2.95,"AI Overview, Reviews, Video, People also ask, Related searches, Ads top, Ads bottom"
bester iptv anbieter,Commercial,68,480,21,0.00,"Sitelinks, AI Overview, Video, Video carousel, People also ask, Related searches"
bester iptv player,Commercial,47,480,28,0.00,"AI Overview, Reviews, Video, People also ask, Related searches"
billigster internetanbieter,Commercial,46,480,43,1.80,"AI Overview, Reviews, Video, People also ask, Related searches, Ads top, Ads bottom"
bundesligalivestream,Commercial,37,480,42,0.87,"Reviews, Video, Related searches"
bundesligastreams,"Informational, Commercial",41,480,29,1.07,"Reviews, Video, Related searches"
d1 netz tarife,"Informational, Commercial",44,480,33,2.31,"Sitelinks, AI Overview, Reviews, Video, People also ask, Related searches"
deutsche glasfaser speed test,Commercial,47,480,25,0.03,"Sitelinks, AI Overview, Reviews, Video, Video carousel, People also ask, Related searches, Ads top, Ads bottom"
directe rtl,"Navigational, Transactional",34,480,71,0.01,"Sitelinks, Reviews, Video, People also ask, Related searches, Ads bottom"
dls gaming,"Informational, Transactional",31,480,36,0.00,"Reviews, Video, Video carousel, People also ask, Related searches"
dsl anbieter günstig,Commercial,45,480,43,2.13,"Sitelinks, AI Overview, Reviews, Video, People also ask, Related searches, Ads top, Ads middle"
dsl für studenten,Commercial,42,480,21,2.53,"Sitelinks, Reviews, Related searches"
dsl junge leute,Commercial,40,480,27,0.00,"Reviews, Related searches"
dsl router im test,Commercial,41,480,30,0.43,"Sitelinks, Reviews, Video, Related searches"
dsl router kaufen,Transactional,41,480,36,1.50,"Reviews, Video, People also ask, Related searches, Popular products"
dsl studenten,Commercial,40,480,24,2.53,"Sitelinks, Reviews, People also ask, Related searches"
dsl tarif vergleich,Commercial,45,480,50,3.05,"Sitelinks, Reviews, Video, People also ask, Related searches"
dsl tarifvergleich,Commercial,41,480,42,3.04,"Sitelinks, Video, Related searches, Ads top, Ads middle"
dsl telekom angebot,Transactional,43,480,38,3.82,"Reviews, People also ask, Related searches"
dsl verfügbarkeitscheck,Commercial,41,480,51,1.74,"Reviews, Video, People also ask, Related searches, Ads top, Ads bottom"
dsl vergleichen,Commercial,40,480,48,3.84,"Sitelinks, Reviews, Video, Related searches, Ads top"
dsl welcher anbieter ist der beste,Commercial,44,480,40,2.95,"AI Overview, Reviews, Video, People also ask, Related searches, Ads bottom, Ads middle"
dsl zuhause,Commercial,38,480,48,5.59,"Reviews, Video, People also ask, Related searches"
dsl-tarife,Commercial,42,480,55,0.00,"Sitelinks, AI Overview, Reviews, Related searches, Ads top, Ads bottom"
fernseh kostenlos,Commercial,42,480,50,0.57,"Reviews, Video, People also ask, Related searches"
fernseh live,Commercial,35,480,85,0.54,"Reviews, Video, Top stories, Related searches"
fernseh live stream,Commercial,38,480,73,0.73,"Reviews, Video, Related searches"
fernsehen mit receiver integriert,Commercial,43,480,18,0.16,"Reviews, Video, People also ask, Related searches, Popular products, Ads bottom"
fernsehen ohne kabel und satellit und internet,Commercial,49,480,28,0.98,"Sitelinks, Video, Video carousel, People also ask, Related searches, Popular products, Ads top, Ads middle"
fernsehen rtl live,"Navigational, Transactional",40,480,57,0.65,"Reviews, Video, People also ask, Related searches"
fernsehen über tv stick,Commercial,45,480,27,1.18,"Sitelinks, Reviews, Video, People also ask, Related searches"
fernsehgeräte mit internet,Commercial,44,480,24,0.51,"Reviews, Video, People also ask, Related searches, Popular products"
festnetz und internet im vergleich,Commercial,38,480,54,1.68,"Sitelinks, AI Overview, Reviews, Video, People also ask, Related searches, Ads top, Ads middle"
festnetz und internet vergleich,Commercial,40,480,59,1.62,"Sitelinks, AI Overview, Reviews, Video, People also ask, Related searches"
fiber internet,Commercial,39,480,58,2.37,"Video, People also ask, Related searches"
fire tv stick alternativen,"Informational, Commercial",38,480,19,0.48,"Sitelinks, AI Overview, Reviews, Video, People also ask, Related searches"
flixy tv stick mediamarkt,Transactional,49,480,36,0.45,"Sitelinks, Reviews, Video, People also ask, Related searches"
fritzbox für glasfaser anschluss,Commercial,47,480,23,0.15,"Video, Video carousel, People also ask, Related searches, Popular products, Ads top"
fussball rtl live stream,"Navigational, Transactional",39,480,48,0.91,"Reviews, Video, People also ask, Related searches"
glasfaser 1000 mbit,Commercial,37,480,50,1.06,"Reviews, Video, People also ask, Related searches, Ads top, Ads middle"
glasfaser internet vergleich,Commercial,41,480,30,2.15,"Sitelinks, Reviews, People also ask, Related searches, Ads top, Ads bottom"
glasfaser router kaufen,Transactional,44,480,32,0.55,"Reviews, Video, People also ask, Related searches, Popular products"
glasfaser tarife vergleich check24,"Navigational, Commercial",40,480,40,0.28,"Sitelinks, Reviews, People also ask, Related searches, Ads top, Ads bottom"
glasfaser verlängerung,Commercial,38,480,22,0.36,"Image pack, Video, Video carousel, People also ask, Related searches, Popular products"
glasfaserkabel für router,"Informational, Transactional",43,480,17,0.24,"Image pack, Video, Video carousel, People also ask, Related searches, Popular products"
glasfasertarif,Commercial,42,480,50,0.96,"Reviews, Video, People also ask, Related searches, Ads top, Ads bottom"
günstige tarife internet,Commercial,45,480,48,2.48,"Reviews, Video, People also ask, Related searches"
home internet,Commercial,41,480,62,3.93,"Reviews, Video, People also ask, Related searches"
http fritzbox,"Informational, Transactional",38,480,31,0.09,"AI Overview, Video, People also ask, Related searches"
internet dsl kabel,Commercial,40,480,19,3.02,"Reviews, Video, Video carousel, People also ask, Related searches, Ads middle"
internet fernsehgeräte,Commercial,47,480,27,0.51,"Reviews, Video, People also ask, Related searches"
internet festnetz vergleich,Commercial,39,480,49,1.95,"Sitelinks, Reviews, Video, Related searches"
internet ohne vertragslaufzeit,Commercial,40,480,41,4.62,"Reviews, Video, People also ask, Related searches"
internet prüfen adresse,Commercial,40,480,48,1.52,"Reviews, Video, People also ask, Related searches"
internet stick für tv,Commercial,49,480,30,1.21,"Sitelinks, Reviews, Video, People also ask, Related searches, Popular products"
internet tarife günstig,Commercial,43,480,47,2.48,"AI Overview, Reviews, Video, People also ask, Related searches, Ads top, Ads middle"
internet und telefon telekom,"Informational, Transactional",44,480,42,1.99,"AI Overview, Reviews, People also ask, Related searches"
internet verfügbarkeit telekom prüfen,Transactional,45,480,21,2.17,"Reviews, People also ask, Related searches"
internet vergleich kabel,Commercial,39,480,23,4.05,"Reviews, Video, People also ask, Related searches"
internet verträge vergleichen,Commercial,44,480,62,5.16,"Reviews, Video, People also ask, Related searches"
internet wlan,Commercial,39,480,41,4.43,"AI Overview, Reviews, Video, People also ask, Related searches"
internet zu hause angebote,Commercial,45,480,58,3.35,"Reviews, Video, People also ask, Related searches, Ads top"
internet über lte,Commercial,43,480,26,2.23,"AI Overview, Reviews, Video, People also ask, Related searches, Ads top, Ads middle"
internetanbieter in der nähe,Commercial,44,480,28,2.71,"Reviews, Video, People also ask, Local pack, Related searches"
internetangebote für zuhause,Commercial,46,480,60,3.06,"Video, People also ask, Related searches"
internetfähiger fernseher,Commercial,45,480,22,0.24,"Reviews, Video, People also ask, Related searches, Popular products"
internettarife im vergleich,Commercial,46,480,53,2.21,"Reviews, Video, People also ask, Related searches, Ads top, Ads bottom"
internt,Commercial,41,480,70,4.57,"Reviews, Video, People also ask, Related searches"
ip smarters pro apk,Commercial,33,480,37,0.00,"Reviews, Video, People also ask, Related searches"
iptv application android,"Informational, Transactional",46,480,37,0.00,"AI Overview, Reviews, Video, Video carousel, People also ask, Related searches"
iptv box sky,"Informational, Transactional",46,480,32,0.00,"AI Overview, Reviews, Video, Video carousel, People also ask, Related searches"
iptv line kaufen,Commercial,55,480,6,0.00,"Video, People also ask, Popular products"
iptv lines,"Informational, Commercial",45,480,7,0.00,"AI Overview, People also ask, Related searches"
iptv player win,"Informational, Commercial",44,480,27,0.00,"Sitelinks, AI Overview, Reviews, Video, Video carousel, Related searches"
iptv provider,"Informational, Commercial",61,480,34,0.00,"Sitelinks, AI Overview, Video, Video carousel, People also ask, Related searches"
iptv subscription,"Informational, Commercial",46,480,24,1.27,"Sitelinks, AI Overview, Video, Video carousel, People also ask, Related searches"
iptv test line,Commercial,42,480,1,0.00,Related searches
iptvgermany,Commercial,46,480,10,0.88,"Video, Related searches, Ads middle"
kabel internet angebote,Commercial,46,480,25,3.44,"Reviews, People also ask, Related searches, Ads top"
kabel verfügbarkeit prüfen,Commercial,44,480,30,1.55,"Reviews, Video, People also ask, Related searches"
kabelfernsehen anmelden,Transactional,46,480,25,2.24,"AI Overview, Reviews, Video, People also ask, Related searches"
klein fernseher mit wlan,"Informational, Commercial",37,480,28,0.15,"Reviews, Video, People also ask, Related searches, Popular products"
kostenlos rtl live schauen,Commercial,42,480,46,0.94,"AI Overview, Reviews, Video, People also ask, Related searches"
live canal tv,"Informational, Transactional",34,480,36,0.00,"Reviews, Video, People also ask, Related searches"
live rtl gucken,"Navigational, Transactional",38,480,51,1.01,"Sitelinks, Reviews, Video, People also ask, Related searches"
livetv übertragung,"Navigational, Transactional",39,480,20,1.47,"Reviews, Video, People also ask, Related searches"
magenta hybrid,"Informational, Commercial",37,480,29,4.56,"AI Overview, Reviews, Image pack, Video, Video carousel, People also ask, Related searches"
magentatv one 2. generation,Commercial,39,480,29,2.26,"Sitelinks, Reviews, Video carousel, People also ask, Knowledge panel, Related searches"
magentatv testen,Commercial,41,480,24,3.43,"AI Overview, Reviews, Video, People also ask, Related searches"
mediathek serien,Commercial,36,480,50,0.08,"Video, People also ask, Related searches, Ads bottom"
mein netflix,"Navigational, Transactional",43,480,65,0.00,"People also ask, Related searches"
mobile and tv,"Informational, Transactional",38,480,17,0.34,"Reviews, Image, Video, Video carousel, People also ask, Related searches"
netflix abo deutschland,"Informational, Transactional",42,480,56,1.16,"Sitelinks, AI Overview, Reviews, People also ask, Related searches"
netflix abos vergleich,Commercial,39,480,46,0.42,"AI Overview, Reviews, Video, People also ask, Related searches"
netflix deutschland preis,Transactional,40,480,48,1.22,"AI Overview, Reviews, Video, People also ask, Related searches"
netflix deutschland preise,Transactional,43,480,51,1.22,"AI Overview, Reviews, People also ask, Related searches"
netflix movie,"Navigational, Transactional",30,480,100,0.42,"Video, People also ask, Related searches"
netflix probe abo,"Informational, Transactional",37,480,38,1.48,"Reviews, Video, People also ask, Related searches"
netflix serien liste,Commercial,33,480,49,0.03,"Sitelinks, Video, People also ask, Related searches"
netflix stick,Commercial,37,480,34,0.31,"Reviews, People also ask, Related searches, Popular products"
netflix-abo preise,Transactional,39,480,41,0.81,"AI Overview, Reviews, Video, People also ask, Related searches"
netzabdeckung deutschland,Commercial,44,480,50,1.27,"Sitelinks, Reviews, Image, Video, People also ask, Related searches, Ads middle"
netzausbau telekom,"Navigational, Transactional",41,480,36,3.64,"Reviews, Video, People also ask, Related searches, Ads bottom"
neue fime netflix,Commercial,39,480,50,0.18,"Video, People also ask, Related searches"
o2 netzkarte,Commercial,37,480,38,0.17,"AI Overview, Reviews, Related searches"
online tv online free,Commercial,37,480,56,1.22,"AI Overview, Reviews, Video, Knowledge panel, Related searches, Ads bottom"
ont kaufen,Transactional,36,480,17,0.60,"Sitelinks, Reviews, Video, People also ask, Related searches, Popular products"
router kaufen oder mieten,Commercial,46,480,20,2.41,"Sitelinks, AI Overview, Reviews, Video, People also ask, Related searches"
router mieten,Transactional,44,480,26,2.32,"Sitelinks, Reviews, Video, People also ask, Knowledge panel, Related searches"
rtl 2 live stream joyn,"Navigational, Transactional",38,480,56,0.69,"Reviews, Video, People also ask, Related searches"
rtl aktuell sendung verpasst,"Informational, Transactional",35,480,47,0.00,"Reviews, Video, People also ask, Related searches"
rtl free tv stream,"Navigational, Transactional",39,480,50,0.75,"Reviews, Video, People also ask, Related searches"
rtl kostenlos anschauen,Commercial,39,480,46,0.80,"Reviews, Video, People also ask, Related searches"
rtl live schauen kostenlos,"Navigational, Transactional",37,480,50,0.94,"Sitelinks, Reviews, Video, People also ask, Related searches, Ads bottom"
rtl live stream fußball,"Navigational, Transactional",39,480,43,0.91,"Reviews, Video, Related searches"
rtl live stream tv kostenlos,Commercial,40,480,46,0.00,"Reviews, Video, People also ask, Related searches"
rtl nitro livestream kostenlos,Commercial,39,480,26,0.00,"Sitelinks, Reviews, Video, People also ask, Related searches"
rtl plus preis,Transactional,40,480,50,0.70,"AI Overview, Reviews, Video, People also ask, Related searches, Ads bottom, Ads middle"
rtl plus stream kostenlos,"Navigational, Transactional",43,480,51,0.31,"AI Overview, Reviews, Video, People also ask, Related searches"
rtl plus website,"Navigational, Transactional",42,480,56,1.24,"Reviews, Video, People also ask, Related searches"
rtl stram,"Navigational, Transactional",38,480,64,0.77,"Sitelinks, Reviews, Video, People also ask, Related searches"
rtl tv live kostenlos,Commercial,40,480,50,0.90,"Reviews, Video, People also ask, Related searches"
rtlplus live stream kostenlos,"Navigational, Transactional",44,480,50,0.36,"Sitelinks, Video, People also ask, Related searches, Ads bottom"
sat-receiver,Commercial,37,480,29,0.13,"Video, People also ask, Related searches"
sat-receiver hd,"Informational, Commercial",37,480,25,0.13,"Video, People also ask, Related searches, Popular products"
sendung rtl verpasst,Transactional,33,480,47,0.27,"Reviews, Video, People also ask, Related searches"
sendungen rtl,"Informational, Transactional",35,480,52,0.97,"Reviews, Video, Video carousel, People also ask, Top stories, Related searches"
serie to,Commercial,30,480,19,1.01,"Reviews, People also ask, Related searches"
serien-stream,Commercial,40,480,28,1.28,"Reviews, Related searches"
serienstram.to,Transactional,48,480,22,0.98,"Reviews, Video"
series stream,Commercial,35,480,49,1.42,"Reviews, Video, People also ask, Related searches"
sky q box,"Informational, Transactional",34,480,33,1.36,"Reviews, People also ask, Related searches, Popular products"
stream filme,"Informational, Commercial",37,480,34,1.16,"Video, Related searches"
streaming.to,Commercial,42,480,39,1.13,"Sitelinks, Reviews, Video, People also ask"
super rtl mediathek kostenlos ohne anmeldung,Transactional,36,480,26,0.00,"Reviews, Video, People also ask, Related searches"
tarife vodafone festnetz und internet,Transactional,38,480,45,0.70,"Reviews, People also ask, Related searches"
telefon und internet anbieter,Commercial,44,480,39,1.66,"AI Overview, Reviews, Video, People also ask, Related searches, Ads top, Ads middle"
telefonanschluss beantragen,"Navigational, Commercial",38,480,33,5.09,"Sitelinks, Video, People also ask, Related searches, Ads top, Ads bottom"
telefonanschluss mit internet,Commercial,44,480,45,2.28,"AI Overview, Reviews, Video, People also ask, Related searches, Ads top, Ads middle"
telekom glasfaser-anschluss,Commercial,39,480,38,3.73,"AI Overview, Video, Video carousel, People also ask, Related searches, Ads top, Ads bottom"
telekom hybried,"Informational, Commercial",48,480,25,4.31,"AI Overview, Reviews, Video, Video carousel, People also ask, Related searches"
telekom internet anschluss,Transactional,43,480,46,3.99,"Reviews, Video, People also ask, Related searches, Ads top, Ads bottom"
telekom karte,"Navigational, Transactional",39,480,46,3.17,"Reviews, Image pack, People also ask, Related searches"
telekom karte ausbau,"Navigational, Transactional",39,480,38,4.66,"Reviews, Video, People also ask, Related searches"
telekom megastream,"Navigational, Transactional",46,480,24,2.77,"Sitelinks, Reviews, Video, People also ask, Related searches, Ads middle"
telekom netzkarte,Transactional,40,480,33,2.34,"Reviews, People also ask, Related searches"
telekom neukunden angebot,"Navigational, Commercial",39,480,46,1.10,"Sitelinks, Reviews, Video, People also ask, Related searches, Ads top"
telekom sky,Transactional,38,480,30,0.82,"People also ask, Related searches, Ads top"
teleokm,Transactional,39,480,81,0.12,"Reviews, People also ask, Related searches, See results about, Ads top, Ads middle"
telly stick,"Informational, Commercial",49,480,26,0.00,"Reviews, Video, People also ask, Related searches"
top 10 streaming-dienste,"Informational, Commercial",41,480,37,1.20,"AI Overview, Reviews, Video, People also ask, Related searches"
trl live,"Navigational, Transactional",34,480,64,0.47,"Reviews, Video, People also ask, Related searches"
tv app kostenlos ohne anmeldung,Transactional,40,480,37,0.47,"AI Overview, Reviews, Video, People also ask, Related searches"
tv gratis,Commercial,40,480,49,0.93,"Reviews, Video, Top stories, Related searches"
tv im wlan,Commercial,43,480,23,1.29,"Video, Video carousel, People also ask, Related searches, Ads middle"
tv internet schauen,"Informational, Commercial",49,480,50,1.50,"AI Overview, Reviews, Video, People also ask, Related searches, Ads top, Ads middle"
tv kostenlos ansehen,Commercial,41,480,38,0.54,"Reviews, Video, People also ask, Related searches"
tv live gratis,Commercial,40,480,57,0.52,"Reviews, Video, People also ask, Related searches"
tv online free online tv,Commercial,37,480,50,1.22,"AI Overview, Reviews, Video, Related searches"
tv online gratis pro tv,Commercial,42,480,48,0.00,"Reviews, Related searches"
tv stick für fernseher,Commercial,43,480,34,1.18,"Sitelinks, Reviews, Video, Video carousel, People also ask, Related searches, Popular products"
tv-stick ohne vertrag testsieger,Commercial,47,480,37,0.50,"Sitelinks, Reviews, Video, Video carousel, People also ask, Related searches, Ads bottom"
unlimited vertrag,Commercial,39,480,43,3.51,"Reviews, Video, Related searches"
vergleich festnetz internet,Commercial,41,480,52,2.32,"Sitelinks, AI Overview, Reviews, Video, People also ask, Related searches, Ads bottom, Ads middle"
vergleich glasfaser anbieter,Commercial,45,480,30,0.99,"Sitelinks, AI Overview, Reviews, Video, People also ask, Related searches, Ads top, Ads middle"
vergleich wlan,"Navigational, Commercial",36,480,63,7.54,"Sitelinks, Reviews, Video, People also ask, Related searches, Ads top"
vodafone allnet flat,Transactional,33,480,33,3.41,"Video, Video carousel, People also ask, Related searches, Ads bottom"
vodafone mobil,"Navigational, Transactional",35,480,51,2.64,"Reviews, Video, People also ask, Related searches"
voxup live stream kostenlos ohne anmeldung,"Navigational, Transactional",36,480,50,0.00,"Reviews, Related searches"
waipu 4k stick,Commercial,31,480,37,0.16,"Reviews, Video, People also ask, Related searches, Popular products"
waipu stick kaufen,Transactional,33,480,54,0.13,"Reviews, People also ask, Related searches, Popular products"
waipu tv alternativen,Commercial,45,480,21,0.61,"Sitelinks, AI Overview, Reviews, Video, People also ask, Related searches"
web magentatv,Commercial,40,480,55,5.00,"AI Overview, Reviews, Video, People also ask, Related searches"
welche netflix abos gibt es,"Informational, Transactional",41,480,50,1.20,"AI Overview, People also ask, Related searches"
welcher router ist der beste,Commercial,43,480,31,0.39,"Sitelinks, Reviews, Video, People also ask, Related searches"
welcher tv stick ist der beste,Commercial,43,480,31,0.49,"Featured snippet, Video, People also ask, Related searches"
welches internet ist bei mir verfügbar,Commercial,43,480,42,2.19,"AI Overview, Reviews, Video, People also ask, Related searches, Ads top, Ads bottom"
wireless display android,"Informational, Transactional",32,480,26,0.21,"Reviews, Video, Video carousel, People also ask, Related searches"
wlan fernseher,Commercial,41,480,25,0.51,"Video, Video carousel, People also ask, Related searches, Popular products"
wlan für sat receiver,Commercial,50,480,24,0.13,"Sitelinks, Video, People also ask, Related searches, Popular products"
wlan verfügbarkeit prüfen,Commercial,38,480,50,2.64,"Reviews, Video, People also ask, Related searches"
wlan-router kaufen,Transactional,39,480,46,2.08,"Reviews, Video, People also ask, Related searches, Popular products"
wlan-router test,Commercial,40,480,28,0.40,"Sitelinks, Reviews, Video, People also ask, Related searches"
wlan.router,Commercial,31,480,32,2.27,"Reviews, Video, Video carousel, People also ask, Popular products"
www fritz box,"Navigational, Transactional",44,480,37,0.69,"Reviews, People also ask, Related searches"
www rtl now de,"Navigational, Transactional",35,480,70,0.04,"Sitelinks, Reviews, Video, People also ask, Related searches"
www telekom de glasfaser,"Navigational, Transactional",41,480,40,3.25,"Video, People also ask, Related searches, Ads top, Ads middle"
للإنترنت,"Informational, Transactional",45,480,29,2.30,"Reviews, Video, Video carousel, People also ask, Related searches, Ads bottom"
/serienstream,Commercial,48,390,34,0.71,"Sitelinks, Reviews, Related searches"
1 und 1 dsl tarife,Commercial,40,390,34,0.83,"Reviews, People also ask, Related searches, Ads top"
250 mbit internet,Commercial,44,390,27,2.25,"Reviews, People also ask, Related searches"
alternative zu glasfaser,"Informational, Commercial",43,390,26,0.91,"AI Overview, Reviews, Video, Video carousel, People also ask, Related searches"
anbieter mit d1 netz,Commercial,42,390,30,2.83,"Sitelinks, AI Overview, Reviews, Video, People also ask, Related searches"
and tv live streaming free,Commercial,35,390,49,0.95,"Reviews, Video, People also ask, Related searches"
android tv box test,Commercial,34,390,34,0.14,"Sitelinks, Reviews, Video, People also ask, Related searches"
angebote für telefon und internet,Commercial,44,390,54,1.47,"Reviews, Video, People also ask, Related searches"
app für fernsehen,"Informational, Commercial",44,390,48,1.55,"AI Overview, Reviews, Video, People also ask, Related searches"
best android tv box,Commercial,33,390,32,0.33,"Sitelinks, Video, People also ask, Related searches, Popular products"
best rated android tv box,Commercial,36,390,38,0.27,"Sitelinks, Video, Video carousel, People also ask, Related searches, Popular products"
beste iptv,Commercial,65,390,18,0.00,"Sitelinks, AI Overview, Video, People also ask, Related searches"
beste netzabdeckung deutschland,Commercial,44,390,46,2.06,"Sitelinks, AI Overview, Reviews, Video, People also ask, Related searches"
beste streambox,Commercial,38,390,31,0.67,"Reviews, Video, People also ask, Related searches, Popular products, Ads middle"
beste streaming box,Commercial,44,390,19,0.67,"Reviews, Video, People also ask, Related searches, Popular products"
bester dsl router,Commercial,34,390,35,0.75,"Sitelinks, Reviews, Video, People also ask, Related searches"
bester tv stick,Commercial,39,390,29,0.59,"Sitelinks, AI Overview, Reviews, Video, People also ask, Related searches"
bester wlan router reichweite,Commercial,43,390,25,0.35,"Sitelinks, Reviews, Video, Video carousel, People also ask, Related searches"
bestes handynetz,Commercial,43,390,50,1.94,"Sitelinks, AI Overview, Reviews, Video, People also ask, Related searches, Ads top, Ads middle"
bestes handynetz deutschland,Commercial,42,390,42,2.01,"Sitelinks, AI Overview, Reviews, Video, People also ask, Related searches, Ads middle"
bestes internet für zuhause,Commercial,41,390,39,2.91,"AI Overview, Reviews, Video, People also ask, Related searches, Ads middle"
bestes iptv,Commercial,67,390,32,0.00,"AI Overview, Video, People also ask, Related searches"
bestes netz deutschland,Commercial,42,390,30,2.83,"AI Overview, Reviews, Video, People also ask, Related searches, Ads middle"
billige internetanbieter,Commercial,46,390,48,1.89,"AI Overview, Reviews, Video, People also ask, Related searches"
check 24 glasfaser,"Navigational, Transactional",43,390,42,0.94,"Sitelinks, People also ask, Related searches"
datenflat unbegrenzt,Commercial,38,390,31,1.60,"AI Overview, Reviews, Video, People also ask, Related searches, Ads top, Ads bottom"
datenkarte unlimited,Commercial,35,390,37,2.23,"Sitelinks, AI Overview, Reviews, Video, People also ask, Related searches, Ads bottom, Ads middle"
datentarife unbegrenzt,Commercial,35,390,45,1.79,"AI Overview, Reviews, Video, People also ask, Related searches, Ads top, Ads middle"
deutsche glasfaser bewertung,Commercial,37,390,19,1.87,"Sitelinks, Reviews, People also ask, Related searches"
deutsche glasfaser erfahrung,Commercial,37,390,12,1.35,"Sitelinks, AI Overview, Reviews, Video, Video carousel, People also ask, Related searches"
deutsche glasfaser probleme,"Informational, Transactional",36,390,35,0.00,"Reviews, People also ask, Related searches"
deutschland internet,Commercial,42,390,66,3.67,"Reviews, Video, People also ask, Related searches"
dsl 100 mbit,Commercial,40,390,21,2.08,"Reviews, Video, People also ask, Related searches, Ads top, Ads middle"
dsl angebote vergleich,Commercial,40,390,43,2.52,"Sitelinks, Reviews, Video, People also ask, Related searches"
dsl anschluss günstig,Commercial,43,390,49,4.22,"Sitelinks, Reviews, People also ask, Related searches"
dsl anschluss vergleich,Commercial,42,390,48,3.98,"Sitelinks, Reviews, Video, People also ask, Related searches, Ads top, Ads middle"
dsl billig,Commercial,41,390,39,2.77,"Sitelinks, Reviews, Video, People also ask, Related searches"
dsl flat,Commercial,36,390,51,2.22,"Sitelinks, Reviews, Video, People also ask, Related searches, Ads top, Ads middle"
dsl flatrate,Commercial,38,390,51,2.27,"Sitelinks, Reviews, Video, People also ask, Related searches, Ads top, Ads middle"
dsl für zuhause,Commercial,41,390,43,4.73,"Reviews, Video, People also ask, Related searches, Ads top, Ads middle"
dsl günstige anbieter,Commercial,43,390,40,2.13,"Sitelinks, Reviews, Video, Related searches, Ads top"
dsl internetanschluss,"Informational, Commercial",42,390,48,6.34,"AI Overview, Reviews, Video, People also ask, Related searches, Ads top, Ads middle"
dsl kabel anschluss,"Informational, Transactional",41,390,17,3.72,"AI Overview, Image pack, Video, Video carousel, People also ask, Related searches, Ads bottom, Ads middle"
dsl kabel kaufen,Transactional,37,390,28,0.95,"Video, People also ask, Local pack, Related searches, Popular products"
dsl modem router,Commercial,41,390,31,1.34,"Sitelinks, Reviews, Video, People also ask, Related searches, Popular products"
dsl prämie,Commercial,40,390,10,4.25,"AI Overview, Reviews, Video, Related searches"
dsl telekom verfügbarkeit prüfen,Transactional,43,390,21,2.14,"Reviews, People also ask, Related searches"
dsl vergelich,Commercial,47,390,41,3.46,"Sitelinks, Video, Related searches"
dsl wlan,Commercial,36,390,48,8.56,"Reviews, Video, People also ask, Related searches, Ads top, Ads bottom"
fernsehen app,"Informational, Commercial",41,390,51,1.56,"AI Overview, Reviews, Video, People also ask, Related searches, Ads bottom"
fernsehen kostenlos ohne anmeldung,"Navigational, Transactional",39,390,42,0.69,"Reviews, Video, People also ask, Related searches"
fernseher live,Commercial,41,390,73,0.79,"Reviews, Video, People also ask, Top stories, Related searches"
fernseher vertrag,Commercial,45,390,22,2.60,"Reviews, People also ask, Related searches, Popular products, Ads bottom"
fernsehn rtl,"Informational, Commercial",38,390,62,0.80,"Video, People also ask, Top stories, Related searches"
fernsehstick,Commercial,38,390,27,1.49,"People also ask, Related searches"
festnetz und internet-angebote,Commercial,45,390,58,1.32,"AI Overview, Reviews, Video, People also ask, Related searches, Ads top, Ads bottom"
festnetz vertrag telekom,"Navigational, Transactional",45,390,34,2.13,"Reviews, People also ask, Related searches"
festnetzanschluss telekom,Commercial,39,390,48,2.24,"Sitelinks, AI Overview, Reviews, People also ask, Related searches, Ads top, Ads middle"
festplattenreceiver,"Informational, Commercial",36,390,22,0.16,"Video, People also ask, Related searches"
film neu netflix,"Informational, Transactional",34,390,50,0.00,"Video, People also ask, Related searches"
filme und serien bei netflix,"Informational, Transactional",37,390,59,0.61,"Video, People also ask, Related searches"
flatrate internet,Commercial,39,390,45,2.27,"Sitelinks, Reviews, People also ask, Related searches"
free television,"Informational, Commercial",36,390,52,0.74,"Reviews, Video, People also ask, Top stories, Related searches, Ads bottom"
fritz box anmeldung,"Navigational, Transactional",44,390,38,0.68,"Reviews, Video, People also ask, Related searches"
fritzbox log in,Transactional,39,390,29,2.30,"Reviews, Video, People also ask, Related searches"
fritzboxlogin,Transactional,37,390,29,2.67,"Video, People also ask, Related searches"
fußball live stream rtl,"Navigational, Transactional",39,390,49,0.91,"Reviews, Video, People also ask, Related searches"
gigazuhause 1000 kabel,Commercial,38,390,19,1.25,"Video, People also ask, Related searches, Ads top, Ads bottom"
glasfaser 1,Commercial,40,390,23,3.22,"AI Overview, Reviews, Video, Video carousel, People also ask, Related searches"
glasfaser anschluss prüfen,Commercial,40,390,34,1.03,"AI Overview, Reviews, Video, People also ask, Related searches, Ads top, Ads bottom"
glasfaser beantragen,Commercial,38,390,24,2.99,"AI Overview, Reviews, Video, People also ask, Related searches, Ads top, Ads bottom"
glasfaser modem kaufen,Transactional,44,390,29,0.59,"Reviews, Video, People also ask, Related searches, Popular products"
glasfaser preisvergleich,Commercial,45,390,25,1.16,"Sitelinks, Reviews, Video, People also ask, Related searches, Ads top, Ads bottom"
glasfaser telekom preise,"Navigational, Transactional",42,390,31,1.52,"Sitelinks, AI Overview, Reviews, People also ask, Related searches"
glasfaser verträge,Commercial,42,390,47,2.04,"Reviews, Video, People also ask, Related searches"
glasfaseranschluss eon,Transactional,38,390,22,2.42,"Reviews, Image pack, Video, People also ask, Related searches"
gzsz live,Transactional,32,390,46,0.02,"Reviews, Video, People also ask, Related searches"
günstige wlan anbieter,Commercial,45,390,38,3.90,"AI Overview, Reviews, Video, People also ask, Related searches, Ads top, Ads middle"
günstige wlan verträge,Commercial,39,390,43,5.14,"Reviews, Video, People also ask, Related searches, Popular products"
günstiger internet tarif,Commercial,45,390,45,2.48,"Reviews, Video, People also ask, Related searches"
günstigste dsl tarife,Commercial,40,390,6,2.14,"Sitelinks, AI Overview, Reviews, Video, People also ask, Related searches, Ads top, Ads bottom"
handytarife mit d1 netz,Commercial,42,390,29,2.23,"Sitelinks, Reviews, Video, People also ask, Related searches"
http fritz.box login,Transactional,46,390,26,2.04,"People also ask, Related searches"
httpp://fritz.box,Transactional,38,390,33,0.75,"Reviews, Video, People also ask"
internet anbieter finden,Commercial,48,390,49,5.38,"AI Overview, Reviews, Video, People also ask, Related searches, Ads top, Ads middle"
internet angebote vergleich,Commercial,44,390,49,2.69,"Sitelinks, Reviews, Video, People also ask, Related searches, Ads top, Ads middle"
internet check adresse,Commercial,40,390,50,1.60,"Reviews, People also ask, Related searches"
internet für zuhause tarife,Commercial,46,390,55,2.27,"AI Overview, Reviews, Video, People also ask, Related searches, Ads top, Ads bottom"
internet für zuhause vergleich,Commercial,39,390,54,4.20,"AI Overview, Reviews, People also ask, Related searches"
internet geschwindigkeit adresse,Commercial,42,390,56,1.22,"Reviews, Video, People also ask, Related searches, Ads top, Ads bottom"
internet hausanschluss,Commercial,45,390,21,4.55,"AI Overview, Reviews, Video, Video carousel, People also ask, Related searches, Ads top, Ads middle"
internet kabel angebote,Commercial,46,390,32,2.95,"Reviews, Video, People also ask, Related searches, Popular products"
internet münchen,Commercial,42,390,27,4.65,"Reviews, Video, People also ask, Related searches"
internet provider services,Commercial,42,390,15,2.71,"Sitelinks, Reviews, Video, People also ask, Local pack, Knowledge panel, Related searches, Ads top, Ads middle"
internet router kaufen,Transactional,41,390,39,1.90,"Reviews, Video, People also ask, Related searches"
internet tarifvergleich,Commercial,45,390,44,3.71,"Reviews, Video, Related searches, Ads top, Ads bottom"
internet und telefon flat,Commercial,40,390,34,1.87,"AI Overview, Reviews, Video, People also ask, Related searches, Ads top, Ads middle"
internet und telefonanbieter,Commercial,45,390,55,1.66,"Sitelinks, AI Overview, Reviews, Video, People also ask, Related searches, Ads top, Ads bottom"
internet und tv günstig,Commercial,49,390,44,1.43,"Sitelinks, Reviews, Video, People also ask, Related searches"
internet und tv vergleich,Commercial,47,390,45,2.58,"Sitelinks, AI Overview, Reviews, Video, People also ask, Related searches"
internet wlan angebote,Commercial,41,390,50,3.43,"Reviews, Video, People also ask, Related searches, Ads top, Ads middle"
internetanschluss im vergleich,Commercial,43,390,49,4.16,"Sitelinks, AI Overview, Reviews, Video, People also ask, Related searches, Ads top, Ads middle"
internettarif,Commercial,45,390,54,2.66,"Reviews, Video, People also ask, Related searches, Ads top, Ads bottom"
internetverfügbarkeit,Commercial,45,390,50,1.71,"Reviews, Video, People also ask, Related searches"
ip tv box,"Informational, Commercial",52,390,19,1.20,"Video, Video carousel, People also ask, Related searches, Popular products"
iptv anbieter alle sender,Commercial,70,390,19,0.00,"AI Overview, Video, People also ask, Related searches"
iptv anbieter forum,Commercial,48,390,11,0.00,"Sitelinks, People also ask, Related searches"
iptv app android,"Informational, Commercial",49,390,38,0.00,"AI Overview, Reviews, Video, People also ask, Related searches"
iptv lines kaufen,Commercial,53,390,10,0.00,"AI Overview, Video, People also ask, Related searches"
iptv premium,"Informational, Commercial",54,390,15,0.00,"AI Overview, Reviews, Video, Video carousel, People also ask, Related searches"
iptv smarter downloader,"Informational, Transactional",41,390,28,0.00,"Sitelinks, AI Overview, Reviews, Video, Video carousel, People also ask, Related searches"
iptvon,Transactional,47,390,4,1.20,"People also ask, Related searches"
kabel anbieter,Commercial,49,390,44,2.04,"Sitelinks, AI Overview, Reviews, Video, People also ask, Related searches"
kabel für router,Commercial,36,390,29,0.28,"Reviews, Image, Image pack, Video, People also ask, Related searches, Popular products"
kabel internet router,Commercial,42,390,24,2.51,"Reviews, Video, People also ask, Related searches, Popular products, Ads top, Ads bottom"
kabelanbieter,Commercial,44,390,39,1.67,"Sitelinks, AI Overview, Reviews, Video, People also ask, Related searches, Ads top, Ads bottom"
kabelrouter mit wlan,Commercial,38,390,23,3.30,"Reviews, Video, People also ask, Related searches, Popular products"
kabelvertrag,Commercial,47,390,45,3.85,"AI Overview, Reviews, Video, People also ask, Related searches, Ads bottom, Ads middle"
kostenlos fernsehen ohne anmeldung,"Navigational, Transactional",38,390,35,0.41,"Reviews, Video, People also ask, Related searches, Ads middle"
kostenlos internet tv,"Informational, Commercial",45,390,52,0.64,"Reviews, Video, People also ask, Related searches"
kostenlos rtl schauen live,Commercial,39,390,44,0.94,"Reviews, Video, People also ask, Related searches"
kostenlos serien gucken,Commercial,41,390,54,0.60,"Reviews, Related searches"
kostenlos streamen tv,Commercial,40,390,41,0.57,"AI Overview, Reviews, Video, People also ask, Related searches"
live stream tv free,Commercial,38,390,59,1.58,"Reviews, Video, People also ask, Related searches"
livestream rtl kostenlos,Transactional,40,390,60,1.04,"Sitelinks, Reviews, Video, People also ask, Related searches"
lohnt sich magentatv,"Informational, Commercial",48,390,22,5.80,"Sitelinks, AI Overview, Reviews, Video, People also ask, Related searches, Ads middle"
magenda,Commercial,28,390,27,2.60,"Reviews, Image, Video, People also ask, Related searches"
magenta tv 1. generation,Commercial,37,390,28,4.36,"Reviews, Video, People also ask, Related searches"
magenta tv flex preis,Transactional,47,390,35,5.72,"Sitelinks, AI Overview, Reviews, People also ask, Related searches"
magents,"Informational, Transactional",33,390,82,2.88,"Reviews, Image, Image pack, Video, People also ask, Knowledge panel, Related searches"
mega sport telekom,"Navigational, Transactional",36,390,30,2.45,"Reviews, Video, People also ask, Related searches"
megasport telekom,"Navigational, Transactional",36,390,35,0.79,"Video, People also ask, Related searches"
mein fritz login,Commercial,38,390,30,0.00,"AI Overview, Reviews, Video, People also ask, Related searches"
miete router,Commercial,45,390,21,1.92,"Sitelinks, Reviews, Video, People also ask, Related searches, Popular products"
modem dsl router,"Informational, Commercial",39,390,29,1.34,"Sitelinks, Reviews, Video, Video carousel, People also ask, Related searches, Popular products"
monatlich kündbar,"Informational, Commercial",43,390,26,5.66,"AI Overview, Reviews, Video, People also ask, Related searches"
monatlich kündbar internet,Commercial,41,390,37,6.20,"Reviews, Video, Related searches, Ads top, Ads bottom"
netflix abonnement deutschland,"Informational, Transactional",42,390,50,0.93,"AI Overview, Reviews, People also ask, Related searches"
netflix account kosten,"Informational, Transactional",41,390,58,1.11,"AI Overview, Reviews, People also ask, Related searches"
netflix bezahlen,"Informational, Transactional",44,390,41,0.77,"Video, Video carousel, People also ask, Related searches"
netflix com account,"Navigational, Transactional",31,390,72,0.00,"Sitelinks, People also ask, Related searches"
netflix konto aufladen,Transactional,38,390,30,0.58,"AI Overview, Reviews, Video, Video carousel, People also ask, Related searches"
netflix plan,"Navigational, Transactional",38,390,73,1.74,"Reviews, Image pack, Video, People also ask, Related searches"
netflix türkei guthaben,Commercial,36,390,20,0.59,"People also ask, Related searches"
netflix türkei preise,Transactional,41,390,23,0.00,"Sitelinks, AI Overview, Video, People also ask, Related searches"
netz d2 anbieter,"Informational, Commercial",44,390,17,1.59,"Sitelinks, AI Overview, Reviews, Video, Video carousel, People also ask, Related searches"
netzabdeckung 02,Commercial,35,390,38,1.53,"Reviews, Image pack, People also ask, Related searches"
netzkarte telekom,Transactional,41,390,37,2.08,"Reviews, People also ask, Related searches"
ohne vertragslaufzeit dsl,Commercial,38,390,36,5.51,"AI Overview, Reviews, Related searches, Ads top, Ads middle"
player iptv windows,"Informational, Commercial",43,390,21,0.00,"Sitelinks, AI Overview, Reviews, Video, Video carousel, Related searches"
preis netflix,Transactional,41,390,49,0.77,"AI Overview, Reviews, Video, People also ask, Related searches"
prosieben live-stream kostenlos ohne anmeldung joyn,"Navigational, Transactional",36,390,49,0.27,"AI Overview, Reviews, People also ask, Related searches"
receiver für internet,Commercial,46,390,21,2.01,"Sitelinks, Reviews, Video, People also ask, Related searches, Popular products"
receiver für tv,Commercial,41,390,28,0.59,"Video, People also ask, Related searches, Popular products"
receiver über internet,Commercial,45,390,23,1.52,"Sitelinks, Reviews, Video, People also ask, Related searches, Popular products, Ads top, Ads bottom"
recommended android tv box,"Informational, Commercial",34,390,27,0.33,"Sitelinks, Reviews, Video, Video carousel, People also ask, Related searches, Popular products"
router bei media markt,"Informational, Transactional",38,390,34,0.23,"Sitelinks, Video, People also ask, Related searches, Popular products"
router dsl,Commercial,39,390,30,1.80,"Sitelinks, Reviews, Video, People also ask, Related searches, Popular products"
router für internet über kabel,Commercial,37,390,23,2.51,"Reviews, Video, People also ask, Related searches, Popular products"
router für telekom hybrid,"Informational, Transactional",42,390,21,0.48,"Reviews, Video, Video carousel, People also ask, Related searches, Popular products"
rtl 2 kostenlos streamen,Commercial,39,390,31,1.27,"Reviews, Video, People also ask, Related searches"
rtl 2 stream kostenlos,Transactional,39,390,26,1.39,"Reviews, Video, People also ask, Related searches"
rtl 2ix2,"Navigational, Transactional",34,390,22,0.00,"Sitelinks, Reviews, People also ask, Related searches"
rtl aktuell heute 18 45 uhr verpasst,"Informational, Transactional",35,390,40,0.00,"Video, People also ask, Related searches"
rtl aktuell kostenlos ansehen,"Informational, Transactional",39,390,43,0.00,"Reviews, Video, People also ask, Knowledge panel, Related searches"
rtl deutschland live,"Navigational, Transactional",38,390,51,0.57,"Reviews, Video, People also ask, Related searches"
rtl fernsehn live,"Navigational, Transactional",38,390,54,0.65,"Reviews, Video, People also ask, Related searches"
rtl jetzt live stream,"Navigational, Transactional",38,390,64,0.62,"Reviews, Video, People also ask, Related searches"
rtl kostenlos ansehen,Transactional,39,390,50,0.80,"Sitelinks, Reviews, Video, Video carousel, People also ask, Related searches"
rtl live anschauen,Commercial,42,390,46,0.76,"Reviews, Video, People also ask, Related searches, Ads bottom"
rtl live streamen kostenlos,Transactional,45,390,48,1.07,"Reviews, Video, People also ask, Related searches"
rtl livestream fußball,"Informational, Transactional",39,390,50,0.91,"Reviews, Video, People also ask, Related searches"
rtl livestrem,Transactional,36,390,52,0.63,"Reviews, Video, People also ask, Related searches"
rtl mediatek,"Informational, Transactional",35,390,52,0.14,"Reviews, Video, People also ask, Related searches"
rtl plus fußball heute,"Navigational, Transactional",37,390,37,0.80,"Reviews, Video, Related searches"
rtl plus sport,"Navigational, Transactional",38,390,31,1.39,"Reviews, Video, People also ask, Related searches, Ads middle"
rtl programm jetzt live,"Navigational, Transactional",50,390,75,0.54,"Sitelinks, Video, People also ask, Related searches, Ads bottom"
rtl s,"Navigational, Transactional",32,390,85,0.00,"Sitelinks, Reviews, Video, Related searches"
rtl-aktuell online ansehen,"Informational, Transactional",38,390,41,0.00,"Reviews, Video, People also ask, Knowledge panel, Related searches"
rtl2 live kostenlos,Transactional,39,390,30,1.09,"Reviews, Video, People also ask, Related searches"
rtl2 live stream kostenlose,Commercial,39,390,28,0.00,"Reviews, Video, People also ask, Related searches"
rtlive,"Informational, Transactional",50,390,26,1.92,"Video, People also ask"
serie stream free,Commercial,39,390,50,1.57,"Sitelinks, AI Overview, Reviews, People also ask, Related searches"
sim unlimited,Commercial,36,390,28,3.73,"AI Overview, Reviews, Video, People also ask, Related searches"
sky angebote black friday,Transactional,32,390,42,0.00,"Reviews, Video, People also ask, Related searches"
sky studentenrabatt,Transactional,38,390,37,1.72,"People also ask, Related searches"
stick für internet fernsehen,Commercial,48,390,35,1.21,"Sitelinks, Reviews, Video, People also ask, Related searches, Popular products"
stick tv,Commercial,44,390,28,0.98,"Reviews, Video, Video carousel, People also ask, Related searches, Ads top, Ads middle"
stream hd,Commercial,40,390,19,1.18,"Reviews, People also ask, Related searches"
stream serien,Commercial,42,390,31,1.40,"AI Overview, Video, Related searches"
streaming box test,Commercial,37,390,24,0.39,"Sitelinks, Reviews, Video, Related searches, Ads middle"
streaming rtl2,Commercial,39,390,35,0.75,"Sitelinks, Reviews, Video, People also ask, Related searches"
streaming service,"Informational, Commercial",43,390,43,1.90,"AI Overview, Reviews, Video, Video carousel, People also ask, Knowledge panel, Related searches"
super rtl live kostenlos,Transactional,39,390,34,0.00,"Reviews, Video, People also ask"
tarife mit d1 netz,Commercial,43,390,32,2.31,"Sitelinks, AI Overview, Reviews, Video, People also ask, Related searches"
tarife vodafone mobil,Transactional,37,390,55,2.07,"Reviews, People also ask, Related searches"
telcom internet,Transactional,41,390,38,2.93,"AI Overview, Reviews, Video, People also ask, Related searches, Ads top, Ads middle"
telefon und internet angebote,Commercial,44,390,53,1.47,"Reviews, Video, People also ask, Related searches, Ads top, Ads bottom"
telefon und internetanbieter,"Informational, Commercial",43,390,35,1.77,"AI Overview, Reviews, Video, People also ask, Related searches"
telekom 5g verfügbarkeit,Transactional,41,390,36,1.18,"Reviews, Video, People also ask, Related searches"
telekom dsl internet,Transactional,42,390,35,2.87,"Reviews, Video, People also ask, Related searches, Ads top, Ads bottom"
telekom dsl verfügbarkeit prüfen,Transactional,48,390,21,2.14,"Reviews, People also ask, Related searches, Ads top, Ads bottom"
telekom fernbedienung,"Informational, Transactional",35,390,22,0.63,"Reviews, Image pack, Video, People also ask, Related searches"
telekom festnetz internet,Transactional,44,390,31,3.63,"Reviews, People also ask, Related searches, Ads middle"
telekom home internet,Transactional,43,390,45,3.84,"People also ask, Related searches"
telekom internet angebot,"Informational, Transactional",43,390,38,3.69,"Reviews, Video, People also ask, Related searches"
telekom megasport,"Navigational, Transactional",35,390,39,1.03,"Reviews, Video, People also ask, Related searches"
telekom neukunden angebote,"Navigational, Transactional",42,390,42,1.09,"Reviews, People also ask, Related searches"
telekom verfügbarkeit dsl prüfen,Transactional,40,390,21,2.14,"Reviews, People also ask, Related searches, Ads top, Ads bottom"
telekom wlan angebote,Transactional,42,390,37,3.90,"Reviews, People also ask, Related searches"
telekom wow,"Navigational, Transactional",35,390,30,1.64,"Reviews, People also ask, Related searches"
telekome,"Informational, Transactional",35,390,70,0.11,"Reviews, Video, Knowledge panel, Related searches"
telkom magenta tv,"Navigational, Transactional",47,390,42,3.26,"Sitelinks, Reviews, Video, People also ask, Related searches"
test android box tv,"Informational, Commercial",34,390,30,0.14,"Reviews, Video, Video carousel, People also ask, Related searches, Popular products"
test tv box android,Commercial,34,390,30,0.14,"Reviews, Video, Video carousel, People also ask, Related searches, Popular products"
tv android box test,"Informational, Commercial",36,390,30,0.14,"Sitelinks, Reviews, Video, Video carousel, People also ask, Related searches, Popular products"
tv deutsche,Commercial,41,390,62,0.82,"Reviews, Video, Related searches, Ads bottom"
tv internet angebote,Commercial,51,390,45,2.06,"Reviews, Video, People also ask, Related searches"
tv live tv free,Commercial,36,390,53,1.26,"AI Overview, Reviews, Video, People also ask, Related searches"
tv rtl jetzt,Commercial,37,390,51,0.52,"Video, People also ask, Related searches"
tv stick test,Commercial,34,390,39,0.50,"Sitelinks, Reviews, Video, People also ask, Related searches"
tv stream kostenlos ohne anmeldung,"Navigational, Transactional",36,390,54,0.00,"Sitelinks, Reviews, Video, People also ask, Related searches"
tv streaming angebote,Commercial,50,390,41,2.26,"AI Overview, Reviews, Video, People also ask, Related searches"
tv streaming vergleich,Commercial,50,390,40,2.03,"Sitelinks, Reviews, Video, People also ask, Related searches, Ads middle"
tvstream,Commercial,38,390,50,2.15,"AI Overview, Reviews, Video, People also ask, Related searches"
tvzafree,Commercial,32,390,58,0.00,"Reviews, Video, Video carousel, People also ask, Related searches"
umsonst tv,Commercial,39,390,49,1.25,"Reviews, Video, People also ask, Related searches"
unlimited internet flat,Commercial,38,390,31,3.63,"Reviews, Video, Related searches, Ads top"
unlimited tarif,Commercial,43,390,32,3.26,"Reviews, Video, Short videos, People also ask, Related searches, Ads top, Ads bottom"
verfügbarkeit dsl prüfen telekom,Transactional,42,390,28,2.14,"AI Overview, Reviews, People also ask, Related searches, Ads top, Ads bottom"
verfügbarkeit prüfen,Commercial,40,390,51,1.74,"AI Overview, Reviews, Video, People also ask, Related searches"
vergleich dsl internet,Commercial,41,390,46,5.29,"Sitelinks, AI Overview, Reviews, Video, People also ask, Related searches, Ads top, Ads middle"
vergleich festnetz und internet,Commercial,43,390,54,1.68,"Sitelinks, Reviews, Video, People also ask, Related searches, Ads top, Ads bottom"
vergleich internet dsl,Commercial,42,390,46,5.29,"Sitelinks, Reviews, Video, People also ask, Related searches, Ads top, Ads middle"
vergleich router,Commercial,36,390,31,1.14,"Reviews, Video, Video carousel, People also ask, Related searches"
vergleich wlan anbieter,Commercial,38,390,50,4.94,"AI Overview, Reviews, Video, People also ask, Related searches, Ads top, Ads bottom"
vertrag festnetz,Commercial,42,390,48,2.54,"Video, People also ask, Related searches, Ads top, Ads bottom"
vodafone cable max 1000,"Informational, Transactional",41,390,30,1.73,"Reviews, Video, People also ask, Related searches, Ads top, Ads bottom"
vodafone deal,"Informational, Transactional",30,390,21,2.49,"AI Overview, Reviews, Video, Related searches"
vodafone flat,"Navigational, Transactional",31,390,44,2.61,"AI Overview, Reviews, People also ask, Related searches"
vodafone mobilfunkvertrag,Transactional,38,390,56,2.49,"Reviews, People also ask, Related searches"
vodafone shop deals,Transactional,27,390,53,2.04,"Reviews, Video, People also ask, Related searches, Ads bottom"
vodafone tarife festnetz und internet für bestandskunden,"Informational, Transactional",40,390,36,0.87,"AI Overview, Reviews, People also ask, Related searches"
waipu alternative,Commercial,35,390,23,0.78,"Sitelinks, AI Overview, Reviews, Video, People also ask, Related searches"
waipu tv stick angebot 1 jahr kostenlos,"Informational, Transactional",41,390,27,0.11,"Reviews, Video, People also ask, Related searches"
waipu tv türk,Transactional,34,390,21,0.15,"AI Overview, Reviews, Image, Video, People also ask, Related searches, Ads top, Ads bottom"
waipu tv türkisch,Transactional,35,390,21,0.12,"Reviews, Video, People also ask, Related searches, Ads top, Ads bottom"
waipu wow,Transactional,29,390,25,0.10,"Reviews, Video, People also ask, Related searches, Ads top, Ads middle"
was ist eine set top box,"Informational, Commercial",41,390,15,0.91,"AI Overview, Reviews, Video, People also ask, Related searches"
was kostet rtl +,"Informational, Commercial",41,390,45,0.99,"AI Overview, Reviews, Video, People also ask, Related searches, Ads top, Ads middle"
welche streaming dienst ist der beste,Commercial,44,390,38,1.56,"Sitelinks, AI Overview, Reviews, Video, Video carousel, People also ask, Related searches"
welches handynetz am besten,Commercial,40,390,30,2.34,"Sitelinks, AI Overview, Reviews, Video, Video carousel, Short videos, People also ask, Related searches, Ads bottom, Ads middle"
welches internet bei mir verfügbar,Commercial,43,390,50,2.19,"AI Overview, Reviews, Video, People also ask, Related searches, Ads top, Ads bottom"
welches ist das beste netz,Commercial,43,390,35,2.23,"AI Overview, Reviews, Video, People also ask, Related searches"
welches mobilfunknetz ist das beste,Commercial,41,390,49,2.18,"AI Overview, Reviews, Video, People also ask, Related searches"
wlan angebote für zuhause,Commercial,42,390,37,3.76,"Reviews, Video, People also ask, Related searches, Ads top, Ads bottom"
wlan anschluss wohnung,"Informational, Commercial",43,390,40,5.17,"AI Overview, Video, Video carousel, People also ask, Related searches, Ads top, Ads middle"
wlan im vergleich,Commercial,36,390,48,7.54,"Reviews, Video, People also ask, Related searches"
wlan kosten,Commercial,40,390,31,1.06,"AI Overview, Reviews, Video, People also ask, Related searches, Ads bottom, Ads middle"
wlan router beste reichweite,Commercial,44,390,29,0.35,"Sitelinks, Reviews, Video, People also ask, Related searches, Popular products"
wlan vergleich anbieter,Commercial,40,390,48,4.94,"Reviews, Video, People also ask, Related searches, Ads top, Ads middle"
wlan vertrag vergleich,Commercial,39,390,54,6.27,"Sitelinks, Reviews, Video, People also ask, Related searches"
wlan verträge,Commercial,42,390,58,0.00,"Reviews, Video, People also ask, Related searches"
wow telekom,"Navigational, Transactional",35,390,30,1.77,"Reviews, People also ask, Related searches"
www fritz box de login,"Navigational, Transactional",40,390,36,0.00,"People also ask, Related searches"
1 & 1 umzug,Transactional,40,320,27,0.81,"Reviews, Video, People also ask, Related searches, Ads top, Ads bottom"
1 1 tv,Transactional,42,320,38,0.97,"Reviews, People also ask, Related searches"
1 1tv,Transactional,40,320,35,0.97,"Reviews, Video, People also ask, Related searches"
1&1 tv box kaufen,Transactional,49,320,30,0.73,"Reviews, Video, People also ask, Related searches"
100 gb,Commercial,29,320,13,3.17,"Sitelinks, Reviews, Image, Video, Video carousel, People also ask, Related searches, Popular products"
2ix2 rtl live,"Navigational, Transactional",35,320,24,0.00,"Sitelinks, Reviews, Video, People also ask, Related searches"
4k stick,Commercial,38,320,30,0.61,"Sitelinks, Reviews, Video, Video carousel, People also ask, Related searches, Popular products"
5g netzabdeckung telekom,Transactional,38,320,32,3.49,"AI Overview, Reviews, People also ask, Related searches"
all net flat unlimited,Commercial,36,320,35,2.93,"Sitelinks, AI Overview, Reviews, Video, People also ask, Related searches"
alle serien,Commercial,34,320,40,0.48,"Video, People also ask, Related searches"
alleserien.com,Commercial,35,320,26,0.00,"Reviews, Video, People also ask"
anbieter für telefon und internet,Commercial,47,320,47,1.66,"AI Overview, Reviews, Video, People also ask, Related searches, Ads top, Ads middle"
anbieter internet und telefon,Commercial,45,320,37,1.66,"Reviews, Video, People also ask, Related searches, Ads top, Ads middle"
anbieter telefon und internet,Commercial,45,320,53,1.66,"AI Overview, Reviews, Video, People also ask, Related searches, Ads top, Ads middle"
angebot internet festnetz,Commercial,46,320,46,1.72,"AI Overview, Reviews, Video, People also ask, Related searches, Ads top, Ads middle"
angebote festnetz internet,Commercial,45,320,54,1.72,"AI Overview, Reviews, People also ask, Related searches, Ads top, Ads middle"
app fernsehprogramm,"Informational, Commercial",38,320,45,0.77,"Reviews, Video, People also ask, Related searches, Ads bottom"
best player iptv,Commercial,45,320,36,0.00,"Sitelinks, AI Overview, Reviews, Video, People also ask, Related searches"
best tv for android box,Commercial,35,320,36,0.33,"Sitelinks, Video, Video carousel, People also ask, Related searches, Popular products"
best tv stick,Commercial,35,320,35,0.59,"Sitelinks, AI Overview, Reviews, Image, Video, Video carousel, People also ask, Related searches"
beste dsl anbieter,Commercial,46,320,43,2.95,"Reviews, Video, People also ask, Related searches"
beste handynetz deutschland,Commercial,42,320,40,2.01,"AI Overview, Reviews, Video, Video carousel, People also ask, Related searches, Ads bottom, Ads middle"
beste internet zu hause,Commercial,41,320,56,2.88,"AI Overview, Reviews, Video, People also ask, Related searches"
beste iptv anbieter,Commercial,67,320,25,0.00,"Sitelinks, AI Overview, Image, Video, Video carousel, People also ask, Related searches"
beste iptv anbieter illegal,"Informational, Commercial",48,320,29,0.00,"Sitelinks, AI Overview, Video, People also ask, Related searches"
beste iptv app,Commercial,46,320,25,0.00,"AI Overview, Reviews, Video, People also ask, Related searches"
beste iptv-anbieter illegal,Commercial,48,320,26,0.00,"AI Overview, Reviews, Video, People also ask, Related searches"
bester anbieter für internet,Commercial,44,320,33,2.73,"AI Overview, Reviews, Video, People also ask, Related searches, Ads top, Ads middle"
bester anbieter internet,Commercial,47,320,38,2.90,"AI Overview, Reviews, Video, Video carousel, People also ask, Related searches"
bester iptv,Commercial,70,320,21,0.00,"AI Overview, Video, People also ask, Related searches"
bester telefonanbieter festnetz und internet,Commercial,44,320,40,0.84,"Sitelinks, AI Overview, Reviews, Video, People also ask, Related searches, Ads top, Ads middle"
bestes internet zuhause,Commercial,41,320,49,2.88,"AI Overview, Reviews, Video, People also ask, Related searches, Ads top, Ads middle"
bestes mobilfunknetz deutschland,Commercial,43,320,38,2.10,"Sitelinks, AI Overview, Reviews, Video, Video carousel, People also ask, Related searches, Ads middle"
bestes netz in deutschland,Commercial,44,320,35,2.45,"AI Overview, Reviews, Video, Short videos, People also ask, Related searches"
bestiptv,Commercial,47,320,33,1.12,"Video, People also ask, Related searches, Ads top, Ads middle"
black friday sky,"Informational, Transactional",47,320,35,0.00,"Reviews, Video, People also ask, Related searches"
deutsch serien,Commercial,35,320,26,0.29,"Sitelinks, Reviews, Image, Video, People also ask, Related searches"
deutsche multimedia service gmbh,Commercial,38,320,16,1.07,"Reviews, People also ask, Local pack, Related searches"
deutsche series,Commercial,32,320,31,0.23,"Instant answer, Video, People also ask, Related searches"
deutsche telekom internet,Transactional,42,320,42,3.79,"AI Overview, Reviews, Video, People also ask, Related searches"
dsl 50 mbit,Commercial,39,320,27,2.08,"Reviews, Video, People also ask, Related searches"
dsl angebote mit prämie,Commercial,40,320,10,3.34,"AI Overview, Reviews, Related searches, Ads top, Ads middle"
dsl bestellen,Commercial,41,320,50,19.30,"Reviews, Video, Related searches, Popular products, Ads top, Ads middle"
dsl cable,Commercial,38,320,24,1.85,"Image pack, Video, People also ask, Related searches, Popular products"
dsl in meiner nähe,Transactional,47,320,53,1.04,"Reviews, Video, People also ask, Local pack, Related searches"
dsl internetzugang,"Informational, Commercial",41,320,55,5.45,"AI Overview, Reviews, Video, Video carousel, People also ask, Related searches"
dsl ohne anschlussgebühr,Commercial,47,320,40,4.90,"AI Overview, Reviews, Video, People also ask, Related searches"
dsl preise,Commercial,42,320,55,0.96,"AI Overview, Reviews, Video, People also ask, Related searches, Ads top, Ads bottom"
dsl und telefon,Commercial,42,320,44,2.27,"AI Overview, Reviews, Video, People also ask, Related searches"
dsl verfügbarkeit prüfen unabhängig,Commercial,41,320,36,1.21,"AI Overview, Reviews, Video, People also ask, Related searches, Ads top, Ads bottom"
dsl vs kabel internet,Commercial,37,320,26,2.20,"Sitelinks, AI Overview, Reviews, Video, People also ask, Related searches"
dsl website,Commercial,37,320,74,29.79,"AI Overview, Reviews, Video, People also ask, Related searches, Ads top, Ads middle"
dsl wechseln,Commercial,43,320,32,5.58,"AI Overview, Video, People also ask, Related searches, Ads bottom, Ads middle"
dsl-vergleich,Commercial,44,320,50,3.84,"Sitelinks, Reviews, People also ask, Related searches"
easybox 805 kaufen,Transactional,34,320,21,1.30,"Image, Video, People also ask, Related searches, Ads top, Ads middle"
fernsehen digital,Commercial,44,320,66,1.94,"Reviews, Video, People also ask, Top stories, Related searches"
fernsehen mit smart tv,Commercial,44,320,30,0.23,"People also ask, Related searches, Popular products"
fernsehen mit tv stick,Commercial,47,320,32,1.18,"Sitelinks, Reviews, Image, Video, Video carousel, People also ask, Related searches"
fernseher integrierter sat receiver,Commercial,41,320,13,0.17,"Video, People also ask, Related searches, Popular products"
fernseher internetfähig,Commercial,47,320,22,0.40,"Reviews, Video, People also ask, Related searches, Popular products"
fernsehn anbieter,"Informational, Commercial",52,320,61,2.32,"AI Overview, Reviews, Video, People also ask, Related searches, Ads top, Ads middle"
fernsehn kostenlos anschauen,Commercial,41,320,49,0.67,"Video, Related searches, Ads top, Ads middle"
festnetz angebote mit internet,Commercial,44,320,34,1.72,"AI Overview, Reviews, People also ask, Related searches"
festnetz im vergleich,Commercial,42,320,45,1.87,"Reviews, Video, People also ask, Related searches"
festnetz internet anschluss,Commercial,42,320,51,1.88,"AI Overview, Reviews, Video, People also ask, Related searches, Ads top, Ads middle"
festnetz und internet tarife,Commercial,45,320,48,0.96,"Sitelinks, Reviews, Video, People also ask, Related searches"
festnetzanschluss internet,Commercial,44,320,58,1.88,"Reviews, Video, People also ask, Related searches, Ads bottom"
festnetztelefon und internet flat,Commercial,40,320,47,1.06,"Reviews, Video, People also ask, Related searches, Ads top, Ads middle"
filme auf rtl plus,Transactional,37,320,38,0.11,"Reviews, Video, People also ask, Related searches, Ads top"
filme und serien auf netflix,"Informational, Transactional",37,320,60,0.61,"Video, People also ask, Related searches"
films from netflix,Transactional,30,320,58,0.00,"Video carousel, People also ask, Related searches"
forum iptv,"Informational, Transactional",44,320,10,0.00,People also ask
free serien stream,Commercial,42,320,31,0.00,"Sitelinks, Reviews, Video, Related searches"
free tv internet,Commercial,46,320,61,1.22,"AI Overview, Reviews, Video, People also ask, Related searches"
free tv stream online kostenlos fernsehen,Commercial,37,320,45,0.00,"Reviews, Video, People also ask, Related searches"
free tv streamen,Commercial,39,320,62,0.00,"AI Overview, Reviews, Video, People also ask, Top stories, Related searches, Ads bottom"
freies fernsehen,Commercial,39,320,44,0.53,"Reviews, Video, People also ask, Related searches, Ads top, Ads bottom"
fritz box 5530 login,"Navigational, Transactional",36,320,24,0.00,"Video, People also ask, Related searches"
fritz box 7520 login,"Navigational, Transactional",37,320,29,0.00,"AI Overview, Reviews, Video, People also ask, Related searches"
für kabelfernsehen receiver,Commercial,40,320,20,0.46,"Reviews, Video, Video carousel, People also ask, Related searches, Popular products"
german broadband providers,Commercial,43,320,22,3.02,"Sitelinks, AI Overview, Reviews, Video, People also ask, Related searches, Ads bottom, Ads middle"
german internet tv,Commercial,47,320,43,0.64,"Sitelinks, AI Overview, Reviews, Video, People also ask, Related searches, Ads middle"
giga tv senderliste,"Informational, Transactional",41,320,22,1.61,"Reviews, Video, People also ask, Related searches"
glasfaser alternative,Commercial,42,320,30,0.91,"AI Overview, Reviews, Video, People also ask, Related searches, Ads top, Ads bottom"
glasfaser kaufen,Transactional,40,320,21,1.42,"Video, People also ask, Related searches, Popular products"
glasfaser verfügbarkeit prüfen telekom,"Navigational, Transactional",41,320,34,1.27,"Reviews, Video, People also ask, Related searches, Ads bottom"
glasfaser vertrag vergleich,Commercial,44,320,32,1.34,"AI Overview, Reviews, Video, People also ask, Related searches"
glasfaser-tarife vergleich,Commercial,45,320,30,0.90,"Reviews, People also ask, Related searches, Ads top, Ads bottom"
glasfasermodem kaufen,Transactional,43,320,29,0.59,"Image pack, Video, People also ask, Related searches, Popular products"
gute deutsche serien,Commercial,32,320,31,0.00,"Featured snippet, Sitelinks, Video, People also ask, Related searches"
gvg glasfaser kundenportal,"Informational, Transactional",34,320,14,0.00,"Reviews, People also ask, Related searches"
günstig internet und tv,Commercial,47,320,42,1.59,"Reviews, Video, People also ask, Related searches, Ads top, Ads bottom"
günstig tv und internet,Commercial,49,320,50,1.43,"Featured snippet, Reviews, Video, People also ask, Related searches"
günstige dsl angebote,Commercial,43,320,43,2.55,"Sitelinks, Reviews, Video, People also ask, Related searches"
günstiger dsl tarif,"Informational, Commercial",44,320,40,2.14,"Sitelinks, AI Overview, Reviews, Video, Related searches, Ads bottom, Ads middle"
günstiger internetanschluss,Commercial,45,320,57,2.49,"Reviews, Video, People also ask, Related searches, Ads top, Ads middle"
handy auf fernseher übertragen,Commercial,39,320,25,0.17,"Sitelinks, AI Overview, Reviews, Video, Video carousel, People also ask, Related searches, Ads bottom, Ads middle"
handy bestes netz,Commercial,42,320,41,2.38,"Sitelinks, AI Overview, Reviews, Video, Short videos, People also ask, Related searches, Ads bottom, Ads middle"
haus internet,Commercial,40,320,56,3.60,"Reviews, Video, People also ask, Related searches"
internet and tv,Commercial,50,320,34,2.20,"AI Overview, Reviews, Video, People also ask, Related searches, Ads top, Ads middle"
internet angebote im vergleich,Commercial,44,320,44,2.39,"Sitelinks, Reviews, Video, Related searches"
internet anschluss wohnung,Commercial,46,320,43,6.30,"Reviews, Video, Video carousel, People also ask, Related searches"
internet buchen,Commercial,44,320,57,8.01,"AI Overview, Video, People also ask, Related searches"
internet dsl anschluss,"Informational, Commercial",41,320,58,6.31,"AI Overview, Reviews, Video, Video carousel, People also ask, Related searches"
internet flat für zuhause,Commercial,42,320,50,2.58,"AI Overview, Reviews, Video, People also ask, Related searches, Ads bottom"
internet glasfaser vergleich,Commercial,41,320,28,1.92,"Sitelinks, Reviews, Video, People also ask, Related searches, Ads top, Ads bottom"
internet kabel verfügbarkeit,Commercial,45,320,40,1.60,"AI Overview, Reviews, Video, People also ask, Related searches, Ads top, Ads middle"
internet köln,"Navigational, Commercial",39,320,28,5.02,"Sitelinks, Reviews, Video, People also ask, Related searches, Ads top, Ads middle"
internet mit festnetz angebote,Commercial,45,320,45,1.93,"Reviews, People also ask, Related searches, Ads top, Ads middle"
internet mit telefonanschluss,Commercial,41,320,41,2.28,"AI Overview, Reviews, Video, People also ask, Related searches, Ads top, Ads bottom"
internet preise,Transactional,44,320,57,1.11,"Reviews, Video, People also ask, Related searches"
internet receiver,Commercial,41,320,19,2.01,"Sitelinks, Reviews, Video, People also ask, Related searches, Popular products"
internet stick für fernseher,Commercial,48,320,30,1.21,"Sitelinks, Reviews, Video, People also ask, Related searches, Popular products, Ads bottom"
internet tarife zuhause,Commercial,45,320,60,2.74,"AI Overview, Reviews, Video, People also ask, Related searches"
internet tv anbieter vergleich,Commercial,55,320,40,1.58,"Sitelinks, AI Overview, Reviews, Video, People also ask, Related searches, Ads top, Ads bottom"
internet tv stick,Commercial,46,320,28,1.22,"Sitelinks, Reviews, Video, People also ask, Related searches, Popular products"
internet umzug,Commercial,46,320,30,4.72,"AI Overview, Reviews, Video, Video carousel, People also ask, Related searches, Ads bottom, Ads middle"
internet und fernsehen telekom,Transactional,45,320,49,1.80,"Reviews, Video, People also ask, Related searches"
internet und festnetz vergleich,Commercial,41,320,55,1.62,"Sitelinks, AI Overview, Reviews, Video, Related searches"
internet und kabelfernsehen,Commercial,46,320,50,1.62,"AI Overview, Reviews, Video, People also ask, Related searches, Ads top, Ads bottom"
internet und telefon flat festnetz,Commercial,41,320,36,0.92,"Reviews, People also ask, Related searches"
internet zuhause tarife,Commercial,45,320,54,2.27,"AI Overview, Reviews, Video, Related searches, Ads top, Ads middle"
internet über kabelanbieter,Commercial,45,320,34,2.97,"Reviews, People also ask, Related searches"
internetanbieter vergleichen,Commercial,40,320,49,3.97,"Reviews, Video, People also ask, Related searches, Ads top, Ads middle"
internetanschluss angebote,Commercial,44,320,49,2.94,"AI Overview, Reviews, Video, People also ask, Related searches, Ads top, Ads bottom"
internetfernsehen kostenlos,"Informational, Commercial",44,320,44,0.58,"AI Overview, Reviews, Video, People also ask, Related searches, Ads bottom, Ads middle"
internetflat,Commercial,40,320,30,3.84,"Reviews, Video, People also ask, Related searches"
iptv for smart,"Informational, Transactional",57,320,27,1.22,"AI Overview, Reviews, Video, Video carousel, Related searches"
iptv for windows,Commercial,45,320,41,0.00,"Video, Video carousel, People also ask, Related searches"
iptv free terial,"Informational, Commercial",52,320,8,0.00,"Sitelinks, Video, Video carousel, People also ask, Related searches"
iptv smarters apk,Commercial,41,320,35,0.00,"Reviews, Video, People also ask, Related searches"
iptv-anbieter vergleich,Commercial,68,320,38,0.00,"Sitelinks, AI Overview, Video, People also ask, Related searches"
kabel 1 kostenlos streamen,Commercial,40,320,30,0.57,"Sitelinks, People also ask, Related searches"
kabel internet vs dsl,Commercial,38,320,19,2.35,"Sitelinks, AI Overview, Image pack, Video, Video carousel, People also ask, Related searches"
kabelrouter kaufen,Transactional,41,320,25,1.54,"Reviews, Image, People also ask, Related searches, Popular products"
kleine smart tv mit wlan,Commercial,40,320,23,0.13,"Reviews, People also ask, Related searches, Popular products"
kostenlos fernseh gucken,Commercial,40,320,39,0.72,"AI Overview, Reviews, Video, People also ask, Related searches"
kostenlos live stream fernsehen,Commercial,41,320,57,0.90,"Reviews, Image, Video, People also ask, Top stories, Related searches"
kostenlos tv ansehen,Commercial,43,320,43,0.48,"Reviews, Video, People also ask, Related searches"
kostenlos tv sehen,Commercial,40,320,41,0.41,"Reviews, Video, People also ask, Related searches"
kostenlose streamen,Commercial,39,320,45,0.77,"Reviews, Video, People also ask, Related searches"
liste serien netflix,Commercial,33,320,39,0.03,"Sitelinks, Video, People also ask, Related searches"
live rtl schauen kostenlos,Commercial,40,320,38,0.99,"AI Overview, Reviews, Video, People also ask, Related searches, Ads top, Ads bottom"
live stream kostenlos ohne anmeldung,"Navigational, Transactional",35,320,59,0.41,"Sitelinks, Reviews, Video, Related searches"
live tv ohne anmeldung,"Navigational, Transactional",37,320,45,1.00,"Sitelinks, Video, People also ask, Related searches"
livestream rtl 2,Commercial,38,320,41,1.02,"Reviews, Video, Related searches"
magenta dazn angebot,Transactional,48,320,31,1.58,"Reviews, Video, People also ask, Related searches, Ads top"
magenta stick kaufen,Transactional,41,320,27,0.20,"Reviews, People also ask, Related searches, Popular products, Ads top, Ads middle"
magenta tv tarife übersicht,"Navigational, Commercial",47,320,30,1.97,"Sitelinks, Reviews, Video, People also ask, Related searches"
magenta tv wm,"Informational, Commercial",47,320,26,4.35,"Reviews, Video, People also ask, Top stories, Related searches"
magentasport buchen,Transactional,36,320,36,1.91,"Reviews, Video, People also ask, Related searches, Ads top"
magentatv app freischalten,Commercial,40,320,25,2.61,"Reviews, Video, People also ask, Related searches"
mobile hotspots,Commercial,35,320,27,1.21,"Reviews, Video, Video carousel, People also ask, Related searches, Popular products"
modem internet,Commercial,40,320,32,0.00,"Reviews, Video, People also ask, Related searches, Popular products"
movies online netflix,"Navigational, Transactional",32,320,95,0.00,"Video, People also ask, Related searches"
netflix account kaufen,Transactional,39,320,32,0.46,"Reviews, Video, People also ask, Related searches"
netflix cenas,"Navigational, Transactional",47,320,55,1.30,"Reviews, Video, People also ask, Related searches"
netflix katalog,Transactional,39,320,60,1.55,"People also ask, Related searches"
netflix kosten deutschland,"Informational, Transactional",43,320,48,0.46,"AI Overview, Reviews, Video, People also ask, Related searches"
netflix prem,"Informational, Transactional",38,320,45,1.33,"AI Overview, Reviews, People also ask, Related searches"
netflix premium-abo,"Informational, Transactional",40,320,57,2.00,"AI Overview, Reviews, Video, People also ask, Related searches"
netflix probe,"Informational, Transactional",32,320,59,1.50,"Reviews, Video, People also ask, Related searches"
netflix programm heute,"Informational, Transactional",37,320,58,0.00,"Video, People also ask, Related searches"
netflix registrieren kostenlos,"Navigational, Transactional",43,320,64,2.67,"AI Overview, Video, People also ask, Related searches, Ads bottom"
netflix standard-abo,"Informational, Transactional",41,320,49,2.09,"AI Overview, Reviews, Video, People also ask, Related searches"
netflix tr,"Navigational, Transactional",35,320,40,0.00,"Sitelinks, Reviews, Video, People also ask, Related searches"
netzabdeckung prüfen,Commercial,38,320,39,1.09,"People also ask, Related searches, Ads top"
netzabdeckung von vodafone,Commercial,47,320,28,1.55,"Video, People also ask, Related searches, Ads top, Ads bottom"
neue wohnung internet anmelden,Transactional,45,320,24,8.72,"AI Overview, Reviews, Video, People also ask, Related searches"
nur internet zu hause,"Informational, Commercial",41,320,39,1.50,"AI Overview, Reviews, Video, People also ask, Related searches, Ads top, Ads middle"
nydus tv rtl,"Navigational, Transactional",36,320,29,0.66,"Sitelinks, Reviews, Related searches"
o2 tv und internet,Commercial,40,320,43,0.95,"Reviews, People also ask, Related searches, Ads top, Ads middle"
online fernsehen anbieter,Commercial,53,320,37,2.76,"AI Overview, Reviews, Video, People also ask, Related searches, Ads top, Ads bottom"
online stream serien kostenlos,Commercial,40,320,41,0.67,"Sitelinks, Reviews, Video, People also ask, Related searches"
online tv 2,Commercial,40,320,25,1.03,"Reviews, Video, Video carousel, Related searches"
online tv anbieter,"Informational, Commercial",54,320,37,2.82,"AI Overview, Reviews, Video, People also ask, Related searches"
preis glasfaser,Transactional,41,320,45,0.66,"Reviews, Video, People also ask, Related searches"
program tv online live,Commercial,36,320,62,1.42,"Video, Related searches"
router dsl modem,Commercial,41,320,32,1.34,"Sitelinks, Reviews, Video, Video carousel, People also ask, Related searches, Popular products, Ads middle"
router mit modem,Commercial,40,320,29,0.95,"Sitelinks, Reviews, Video, People also ask, Related searches, Popular products"
rtl + mediathek,"Informational, Transactional",38,320,73,0.19,"Reviews, Video, People also ask, Related searches"
rtl aktuell live stream kostenlos,"Navigational, Transactional",40,320,57,0.44,"Video, People also ask, Related searches"
rtl aktuell stream,"Informational, Transactional",39,320,47,0.00,"Reviews, Video, People also ask, Knowledge panel, Related searches"
rtl gestern,"Informational, Transactional",34,320,61,0.00,"Sitelinks, Video, People also ask, Related searches"
rtl ive,"Navigational, Transactional",40,320,70,0.47,"Reviews, Video, People also ask, Top stories, Related searches"
rtl jetzt im tv,Commercial,36,320,44,0.00,"Video, People also ask, Related searches"
rtl kostenlos online,Commercial,39,320,51,1.13,"Reviews, Video, People also ask, Related searches"
rtl live deutschland,"Navigational, Transactional",39,320,58,0.62,"Reviews, Video, People also ask, Related searches"
rtl live kostenlos ohne anmelden,"Navigational, Transactional",37,320,57,0.87,"Reviews, Video, Related searches"
rtl live kostenlos streamen,Commercial,43,320,51,1.06,"Sitelinks, Reviews, Video, People also ask, Related searches, Ads middle"
rtl live stream hd,"Navigational, Transactional",41,320,43,1.08,"Sitelinks, Reviews, Video, People also ask, Related searches"
rtl mediathek heute,Transactional,35,320,71,0.13,"People also ask, Related searches"
rtl online schauen kostenlos,Commercial,39,320,55,1.08,"Sitelinks, AI Overview, Reviews, Video, People also ask, Related searches"
rtl plus heute,"Navigational, Transactional",40,320,59,0.23,"Sitelinks, Reviews, Video, People also ask, Related searches"
rtl plus.com/buchen,"Navigational, Transactional",40,320,42,1.42,"Reviews, Video, People also ask, Ads top, Ads middle"
rtl programm gestern anschauen,"Informational, Transactional",34,320,38,0.46,"Reviews, Video, People also ask, Related searches"
rtl stream live online,Commercial,43,320,38,0.70,"AI Overview, Video, People also ask, Related searches, Ads middle"
rtl strem,"Navigational, Transactional",39,320,54,0.81,"Reviews, Video, People also ask, Top stories, Related searches, Ads top, Ads bottom"
rtl up kostenlos live,Transactional,50,320,32,0.69,"Reviews, Video, People also ask, Related searches"
rtl up live stream,"Navigational, Transactional",38,320,42,0.65,"Sitelinks, Reviews, Video, People also ask, Related searches"
rtl up stream,"Navigational, Transactional",40,320,50,0.87,"Reviews, Video, People also ask, Related searches"
rtl2 gucken kostenlos,Commercial,39,320,30,1.35,"Reviews, Video, People also ask, Related searches"
rtl2 live tv,Commercial,38,320,48,0.70,"AI Overview, Reviews, Video, People also ask, Related searches"
rtlmediathek,Commercial,37,320,52,0.19,"Reviews, Video, People also ask, Related searches, Ads top, Ads bottom"
rtlplus.com/buchen,"Navigational, Transactional",39,320,36,1.90,"Reviews, Video, People also ask, Ads top, Ads bottom"
rtltv,Transactional,37,320,71,0.44,"Reviews, Video, People also ask, Knowledge panel, Related searches, Ads middle"
s to serien stream,Commercial,37,320,33,0.62,"Reviews, Video, People also ask, Related searches"
satellite tv tv,Commercial,41,320,21,1.39,"Reviews, Video, Video carousel, People also ask, Knowledge panel, Related searches"
serie streaming,Commercial,36,320,43,1.13,"Reviews, Image, Video, Related searches"
serie thrillers,"Informational, Commercial",31,320,35,0.03,"Featured snippet, Video, People also ask, Related searches"
serien auf netflix liste,Commercial,33,320,44,0.03,"Sitelinks, AI Overview, Video, People also ask, Related searches"
serien bei netflix liste,Commercial,39,320,38,0.03,"AI Overview, People also ask, Related searches"
serien gucken kostenlos,Commercial,41,320,52,0.60,"Sitelinks, Reviews, People also ask, Related searches"
serien jugendliche,Commercial,34,320,25,0.00,"AI Overview, Image, Video, People also ask, Related searches"
serien kostenlos gucken,Commercial,39,320,52,0.60,"Sitelinks, Reviews, Video, Related searches"
serien und filme auf netflix,"Informational, Transactional",37,320,63,0.64,"Video, People also ask, Top stories, Related searches"
serienstream. io,Commercial,48,320,28,0.98,"Sitelinks, AI Overview, Reviews, Video, People also ask, Related searches"
sim-karte vertrag unbegrenzt internet,Commercial,37,320,34,6.30,"Reviews, Video, People also ask, Related searches"
sky angebote neukunden media markt,"Informational, Commercial",42,320,29,0.00,"AI Overview, Reviews, Video, People also ask, Related searches"
sky komplettpaket,"Informational, Transactional",35,320,35,1.66,"Reviews, Image, Video, People also ask, Related searches"
sky q sky,Commercial,47,320,22,2.08,"AI Overview, Video, People also ask, Related searches, Ads top, Ads bottom"
skyq receiver,"Informational, Transactional",47,320,23,2.12,"Reviews, Video, Video carousel, People also ask, Related searches, Popular products"
smat tv,Commercial,35,320,34,0.24,"Video, Video carousel, People also ask, Related searches"
stick für internet tv,Commercial,45,320,26,1.21,"Sitelinks, Reviews, Video, People also ask, Related searches, Popular products"
stick tv android,Commercial,41,320,24,0.50,"Sitelinks, Reviews, Video, Video carousel, People also ask, Related searches, Popular products"
streaming anbieter vergleich,Commercial,48,320,36,1.84,"AI Overview, Reviews, Video, People also ask, Related searches"
streaming bundles,Commercial,46,320,36,1.68,"AI Overview, Reviews, Video, People also ask, Related searches, Ads top, Ads middle"
super rtl livestream joyn,Transactional,41,320,56,0.57,"Reviews, Video, People also ask, Related searches"
tarifvergleich dsl,Commercial,44,320,47,3.05,"Sitelinks, Reviews, Video, Related searches"
telefon und internet flat festnetz,Commercial,43,320,40,0.92,"Reviews, People also ask, Related searches"
telefon und internet vergleich,Commercial,41,320,52,1.71,"Sitelinks, Reviews, Video, People also ask, Related searches"
telefon und internet-flat festnetz,Commercial,41,320,38,0.92,"Reviews, People also ask, Related searches"
telefonanschluss internet,"Informational, Commercial",44,320,40,2.28,"AI Overview, Reviews, Video, People also ask, Related searches, Ads top, Ads middle"
telekom adresse prüfen,"Navigational, Transactional",39,320,27,0.57,"Reviews, People also ask, Related searches"
telekom internetvertrag,Transactional,44,320,43,2.87,"Reviews, People also ask, Related searches"
telekom sport paket,"Navigational, Transactional",37,320,54,1.30,"Reviews, Video, People also ask, Related searches"
telekom streaming,"Navigational, Transactional",50,320,50,3.12,"Reviews, Video, People also ask, Related searches"
telekom tarife hybrid,"Informational, Transactional",39,320,30,3.95,"AI Overview, Video, People also ask, Related searches"
telekom tv angebote,"Navigational, Commercial",44,320,41,2.77,"Sitelinks, Reviews, People also ask, Related searches"
telekom tv pakete,"Navigational, Transactional",52,320,64,2.10,"Sitelinks, Reviews, Video, People also ask, Related searches"
telekom verfuegbarkeit,Transactional,43,320,20,3.16,"Reviews, Related searches"
top box,"Informational, Commercial",32,320,13,0.00,"Reviews, Video, People also ask, Related searches, Popular products"
tv box alle sender kostenlos,Commercial,46,320,41,0.73,"Reviews, Video, People also ask, Related searches, Popular products"
tv box test,Commercial,35,320,36,0.32,"Sitelinks, Reviews, Video, Video carousel, People also ask, Related searches, Ads bottom"
tv im internet schauen,Commercial,46,320,53,1.50,"AI Overview, Reviews, Video, People also ask, Related searches, Ads top, Ads bottom"
tv internet vergleich,Commercial,50,320,39,1.74,"Sitelinks, Reviews, Video, People also ask, Related searches"
tv kabelanbieter,Commercial,47,320,35,1.40,"AI Overview, Reviews, Video, People also ask, Related searches, Ads top, Ads bottom"
tv kostenlos sehen,Commercial,41,320,46,0.45,"Reviews, Video, People also ask, Related searches"
tv live streamen,Commercial,43,320,59,0.77,"Reviews, Video, Top stories, Related searches, Ads middle"
tv stick fernsehen,Commercial,45,320,25,1.08,"Sitelinks, Reviews, Video, Video carousel, People also ask, Related searches, Popular products"
tv und internet günstig,Commercial,47,320,40,1.43,"Sitelinks, Reviews, Video, People also ask, Related searches"
türkische sender,"Informational, Commercial",40,320,21,2.77,"AI Overview, Reviews, Image, Video, People also ask, Related searches"
unlimited data,Commercial,34,320,31,3.57,"Reviews, Video, Video carousel, People also ask, Related searches"
up iptv,Commercial,46,320,3,1.62,"People also ask, Related searches"
verfügbarkeit kabel internet,Commercial,46,320,24,1.86,"Reviews, Video, People also ask, Related searches, Ads top, Ads bottom"
vergleich dsl vertrag,Commercial,41,320,48,4.25,"Sitelinks, Reviews, Video, People also ask, Related searches, Ads top, Ads middle"
vergleich internet tv,Commercial,50,320,39,1.77,"Sitelinks, Reviews, Video, People also ask, Related searches, Ads top, Ads bottom"
vergleich tv anbieter,Commercial,51,320,34,1.36,"Sitelinks, Reviews, Video, People also ask, Related searches"
vertrag mit fernseher,Commercial,44,320,10,2.60,"Reviews, Related searches"
vodafone abdeckung,"Informational, Transactional",40,320,36,1.90,"Reviews, Image pack, Video, People also ask, Related searches, Popular products"
vodafone tarife für handy,Transactional,39,320,54,2.15,"AI Overview, Reviews, People also ask, Related searches"
vodafone unlimited tarif,"Informational, Transactional",33,320,39,2.30,"Reviews, Video, People also ask, Related searches"
vox live 2ix2,"Navigational, Transactional",30,320,33,0.00,"Sitelinks, Reviews, People also ask, Related searches"
waipu tv fernbedienung anleitung,"Informational, Transactional",33,320,25,0.00,"AI Overview, Reviews, Image, Image pack, Video, Video carousel, People also ask, Related searches"
was kostet ein router,"Informational, Commercial",40,320,30,0.35,"Video, People also ask, Related searches, Popular products"
waypu,"Navigational, Commercial",32,320,50,0.09,"Sitelinks, Video, People also ask, Top stories, Related searches, Ads top"
web magenta tv,"Informational, Transactional",40,320,57,5.00,"AI Overview, Reviews, Video, People also ask, Related searches"
web2 magenta tv,Commercial,40,320,38,0.00,"Video, People also ask, Related searches"
welche internetanbieter ist am besten,Commercial,47,320,42,2.11,"Reviews, Video, People also ask, Related searches"
welcher anbieter hat das beste netz,Commercial,42,320,31,2.39,"Sitelinks, AI Overview, Reviews, Video, People also ask, Related searches"
welcher internetanbieter ist am besten,Commercial,45,320,30,2.11,"AI Overview, Reviews, Video, Video carousel, People also ask, Related searches, Ads bottom"
welcher internetanbieter ist der beste in meiner straße,Commercial,42,320,45,1.89,"AI Overview, Reviews, Video, People also ask, Related searches, Ads bottom"
wireless router router,Commercial,35,320,36,1.34,"Reviews, Image pack, Video, Video carousel, People also ask, Related searches, Popular products"
wlan anbieter günstig,Commercial,45,320,38,3.90,"Reviews, Video, People also ask, Related searches, Popular products"
wlan beantragen,Commercial,35,320,38,11.92,"AI Overview, Reviews, Video, People also ask, Related searches, Ads top, Ads middle"
wlan kabelrouter,Commercial,38,320,28,3.30,"Reviews, Image pack, Video, People also ask, Related searches, Popular products, Ads top, Ads bottom"
wlan router kabelanschluss,Commercial,35,320,24,2.55,"Reviews, Video, People also ask, Related searches, Popular products"
wlan tarif,Commercial,39,320,57,4.37,"AI Overview, Reviews, Video, People also ask, Related searches"
wlan tv stick,Commercial,41,320,28,0.74,"Sitelinks, Reviews, Image, Video, People also ask, Related searches"
www http fritz box,"Navigational, Transactional",39,320,36,0.24,"AI Overview, Reviews, People also ask, Related searches"
www rtl de live,"Navigational, Transactional",38,320,76,0.25,"Reviews, Video, People also ask, Related searches, Ads bottom"
über internet tv schauen,"Informational, Commercial",50,320,43,1.57,"AI Overview, Reviews, Video, People also ask, Related searches, Ads top, Ads bottom"
//fritz.box login,Transactional,46,260,31,2.30,"Reviews, Video, People also ask, Related searches"
1&1 angebote internet zuhause,Commercial,41,260,56,0.90,"Reviews, People also ask, Related searches, Ads top, Ads bottom"
50 mbit dsl,Commercial,39,260,30,1.70,"Sitelinks, Reviews, People also ask, Related searches"
5g masten in meiner nähe,Transactional,35,260,38,0.77,"AI Overview, People also ask, Related searches"
5g netzabdeckung vodafone,"Informational, Commercial",34,260,33,1.51,"AI Overview, Reviews, People also ask, Related searches, Ads bottom"
5g verfügbarkeit,Commercial,39,260,33,1.13,"AI Overview, Reviews, People also ask, Related searches"
5g verfügbarkeit prüfen,Commercial,36,260,36,1.09,"AI Overview, Reviews, Video, People also ask, Related searches, Ads top, Ads bottom"
alternative kabelfernsehen,Commercial,46,260,15,1.04,"Sitelinks, AI Overview, Reviews, Video, Video carousel, People also ask, Related searches, Ads bottom, Ads middle"
alternative zu chromecast,Commercial,40,260,17,0.47,"Sitelinks, AI Overview, Reviews, Video, Video carousel, People also ask, Related searches, Ads middle"
anbieter d2 netz,"Informational, Commercial",45,260,20,1.59,"Sitelinks, AI Overview, Reviews, Video, Video carousel, People also ask, Related searches, Ads top, Ads middle"
anbieter für internet und festnetz,Commercial,48,260,51,1.50,"AI Overview, Reviews, Video, People also ask, Related searches, Ads top, Ads middle"
anbieter für internet und telefon,Commercial,47,260,50,1.66,"AI Overview, Reviews, People also ask, Related searches"
anbieter im vodafone netz,Commercial,42,260,19,2.41,"Sitelinks, AI Overview, Reviews, Video, Video carousel, People also ask, Related searches, Ads bottom, Ads middle"
anbieter internet und festnetz,Commercial,48,260,51,1.50,"AI Overview, Reviews, Video, People also ask, Related searches, Ads top, Ads bottom"
android box tv test,Commercial,34,260,30,0.14,"Sitelinks, Reviews, Video, Video carousel, People also ask, Related searches, Popular products"
android tv box testsieger,Commercial,42,260,34,0.14,"Sitelinks, Video, People also ask, Related searches, Popular products"
android tv stick 4k,"Informational, Commercial",42,260,26,0.38,"Sitelinks, Reviews, Image pack, Video, Video carousel, People also ask, Related searches, Popular products"
angebote für internet und telefon,Commercial,44,260,50,1.47,"Sitelinks, Reviews, Video, People also ask, Related searches, Ads top, Ads middle"
angebote für telekom kunden,"Navigational, Transactional",42,260,47,0.67,"Reviews, Video, People also ask, Related searches"
angebote internet und telefon,Commercial,45,260,50,1.49,"AI Overview, Video, People also ask, Related searches, Ads top, Ads bottom"
anmelden internet,"Navigational, Transactional",47,260,46,9.49,"AI Overview, Reviews, Video, People also ask, Related searches, Ads middle"
anmeldung internet,Transactional,41,260,40,9.49,"AI Overview, Reviews, Video, People also ask, Related searches, Ads top, Ads middle"
app iptv android,"Informational, Commercial",45,260,31,0.00,"Sitelinks, AI Overview, Reviews, Video, Video carousel, People also ask, Related searches"
apple tv alternative,Commercial,44,260,18,0.41,"AI Overview, Video, Video carousel, People also ask, Related searches"
beste handynetz,Commercial,43,260,42,1.94,"AI Overview, Reviews, Video, Video carousel, People also ask, Related searches"
beste netz in deutschland,Commercial,42,260,29,2.45,"AI Overview, Reviews, Video, Video carousel, Short videos, People also ask, Related searches"
beste router wlan,Commercial,45,260,27,0.74,"Sitelinks, Reviews, Video, People also ask, Related searches, Ads bottom"
bester internet anbieter,Commercial,44,260,32,2.90,"Sitelinks, AI Overview, Reviews, Video, Video carousel, People also ask, Related searches, Ads bottom"
bester internetanbieter für zuhause,Commercial,42,260,38,2.02,"AI Overview, Reviews, Video, People also ask, Related searches, Ads top, Ads bottom"
bester kabelrouter,Commercial,37,260,22,0.72,"Sitelinks, Reviews, Video, People also ask, Related searches"
bester router dsl,Commercial,36,260,30,0.45,"Sitelinks, Video, People also ask, Related searches"
billig internet,Commercial,42,260,59,2.67,"Reviews, Video, People also ask, Related searches, Popular products"
billiges dsl,Commercial,42,260,42,2.46,"Sitelinks, Reviews, Video, People also ask, Related searches"
billigster dsl,Commercial,41,260,47,2.77,"Sitelinks, Reviews, Video, People also ask, Related searches, Ads bottom"
box android iptv,"Informational, Commercial",41,260,16,0.00,"Reviews, Video, People also ask, Related searches, Popular products"
bundesliga iptv,Commercial,55,260,19,0.00,"Sitelinks, Reviews, Video, Related searches"
bundesliga live-stream kostenlos ausland,Commercial,48,260,29,0.97,"Sitelinks, Reviews, Video, Related searches"
deutsch series,Commercial,31,260,32,0.52,"AI Overview, Reviews, Image, Video, Video carousel, People also ask, Related searches"
deutsche glasfaser preise,"Navigational, Transactional",40,260,26,0.30,"Sitelinks, Video, People also ask, Related searches"
deutschland internet provider,Commercial,46,260,55,3.02,"Sitelinks, AI Overview, Reviews, Video, People also ask, Local pack, Related searches, Ads bottom"
disney plus über sky,Commercial,36,260,28,3.00,"Sitelinks, AI Overview, Reviews, Video, Video carousel, People also ask, Related searches"
dsl 100 mbit angebote,Commercial,42,260,27,1.44,"Sitelinks, Reviews, Video, People also ask, Related searches, Ads top, Ads middle"
dsl 1000,Commercial,36,260,27,1.61,"Reviews, Video, People also ask, Related searches, Ads top"
dsl 50 mbit s,Commercial,41,260,27,2.08,"Reviews, People also ask, Related searches"
dsl alternative,Commercial,43,260,20,1.64,"AI Overview, Reviews, Video, People also ask, Related searches, Ads top, Ads middle"
dsl angebote im vergleich,Commercial,38,260,52,2.52,"Sitelinks, Reviews, People also ask, Related searches"
dsl beste anbieter,Commercial,45,260,33,2.60,"AI Overview, Reviews, Video, People also ask, Related searches, Ads top, Ads middle"
dsl bester anbieter,Commercial,44,260,41,2.95,"Sitelinks, AI Overview, Reviews, Video, People also ask, Related searches, Ads top, Ads middle"
dsl festnetz,Commercial,43,260,49,2.02,"Reviews, Video, People also ask, Related searches, Ads top, Ads middle"
dsl festnetz angebot,Commercial,44,260,47,1.91,"Video, People also ask, Related searches, Ads bottom"
dsl günstige angebote,Commercial,41,260,43,2.55,"Sitelinks, Reviews, Video, People also ask, Related searches"
dsl im vergleich,Commercial,36,260,44,3.19,"Sitelinks, Reviews, Video, People also ask, Related searches, Ads top, Ads middle"
dsl internet anschluss,Commercial,41,260,38,6.34,"AI Overview, Reviews, Video, Video carousel, People also ask, Related searches, Ads bottom, Ads middle"
dsl internet telekom,"Navigational, Transactional",42,260,38,4.20,"AI Overview, Reviews, People also ask, Related searches, Ads top, Ads middle"
dsl mit telefon,Commercial,40,260,44,2.51,"Reviews, Video, People also ask, Related searches, Ads top, Ads middle"
dsl ohne laufzeit,Commercial,37,260,38,6.90,"Reviews, Related searches"
dsl router modem,Commercial,39,260,32,1.34,"Reviews, Video, Video carousel, People also ask, Related searches, Popular products"
dsl verfügbarkeit prüfen telekom,"Informational, Transactional",44,260,20,2.14,"Reviews, People also ask, Related searches"
dsl verfügbarkeit telekom prüfen,Commercial,43,260,20,2.14,"Reviews, People also ask, Related searches, Ads top, Ads bottom"
dsl vergleich angebote,Commercial,41,260,39,2.51,"Sitelinks, Reviews, Video, Related searches"
dsl vergleichsportal,Commercial,43,260,44,3.69,"Reviews, Video, People also ask, Related searches, Ads top, Ads bottom"
dsl über kabelanschluss,Commercial,45,260,24,3.34,"AI Overview, Reviews, Video, People also ask, Related searches, Ads top, Ads middle"
dsl-kabel,Commercial,41,260,21,2.07,"Video, People also ask, Related searches, Popular products"
dsl-router,Commercial,51,260,25,1.95,"Sitelinks, Reviews, Video, Video carousel, People also ask, Related searches, Popular products, Ads top, Ads bottom"
familienfilme netflix neu,Commercial,32,260,34,0.00,"AI Overview, Video, People also ask, Related searches"
fernseh schauen online,Commercial,43,260,68,1.69,AI Overview
fernseh sticks,Commercial,49,260,33,1.60,"Sitelinks, Video, Video carousel, People also ask, Related searches, Popular products"
fernsehen kostenlos anschauen,Commercial,39,260,50,0.31,"Reviews, Video, People also ask, Related searches"
fernsehen mit integriertem receiver,Commercial,43,260,24,0.16,"People also ask, Related searches, Popular products"
fernsehen mit internet stick,Commercial,47,260,34,1.21,"Sitelinks, Reviews, Video, People also ask, Related searches, Popular products"
fernsehen mit wlan,"Informational, Commercial",44,260,30,0.00,"AI Overview, Reviews, Video, Video carousel, People also ask, Related searches, Ads bottom, Ads middle"
fernsehen ohne kabel und sat schüssel,Commercial,44,260,24,0.84,"Reviews, Video, Video carousel, People also ask, Related searches, Popular products"
fernseher für internet,Commercial,48,260,23,0.53,"Reviews, Video, People also ask, Related searches, Popular products"
fernseher internet,Commercial,46,260,26,0.47,"Reviews, Video, Video carousel, People also ask, Related searches, Ads top, Ads bottom"
fernseher internettauglich,Commercial,38,260,27,0.40,"Reviews, Video, People also ask, Related searches, Popular products"
fernseher receiver,Commercial,41,260,27,1.28,"Reviews, Video, Video carousel, People also ask, Related searches, Popular products"
fernseher receiver integriert,Commercial,42,260,13,0.19,"Video, People also ask, Related searches"
fernseher wlan fähig,Commercial,39,260,23,0.26,"Video, People also ask, Related searches, Popular products, Ads top"
fernsehn schauen online,Commercial,45,260,80,1.88,"Sitelinks, Video, Related searches, Ads top, Ads middle"
fernsehprogramm rtl plus,"Informational, Transactional",35,260,60,0.26,"Reviews, People also ask"
festnetz internet tarife,Commercial,45,260,52,1.18,"Sitelinks, Reviews, People also ask, Related searches, Ads top, Ads middle"
festnetz internet telekom,Commercial,44,260,34,2.29,"Reviews, Video, People also ask, Related searches, Ads top, Ads middle"
festnetz mit internet angebote,Commercial,45,260,52,1.93,"AI Overview, Reviews, People also ask, Related searches, Ads top, Ads middle"
festnetz mit internet vergleich,"Informational, Commercial",42,260,55,2.32,"Sitelinks, AI Overview, Reviews, Video, People also ask, Related searches, Ads top"
festnetz telefontarife,Commercial,44,260,41,0.80,"Sitelinks, AI Overview, Reviews, People also ask, Related searches"
festnetztarife,Commercial,45,260,43,0.98,"AI Overview, Reviews, Video, People also ask, Related searches"
festnetzvertrag,Commercial,43,260,41,2.50,"Reviews, People also ask, Related searches"
free internet tv online,Commercial,37,260,72,1.22,"Reviews, Video, People also ask, Related searches"
free tv ohne anmeldung,"Navigational, Transactional",39,260,42,0.63,"Reviews, Video, People also ask, Related searches"
fritz box menü,"Informational, Transactional",42,260,34,0.00,"Image pack, Video, Video carousel, People also ask, Related searches"
fritz box mit glasfaseranschluss,"Informational, Transactional",38,260,32,0.18,"Reviews, Image pack, Video, Video carousel, People also ask, Related searches, Popular products"
fritz box router glasfaser,"Informational, Transactional",39,260,33,0.20,"Sitelinks, Reviews, Video, Video carousel, People also ask, Related searches, Popular products, Ads top, Ads bottom"
fritz box übertragen,"Informational, Transactional",45,260,28,0.05,"Video, Video carousel, People also ask, Related searches, Popular products"
fritz box.de,"Navigational, Transactional",39,260,37,0.45,"Sitelinks, Reviews, Video, People also ask"
fritzbox für dsl und glasfaser,Commercial,46,260,39,0.23,"Sitelinks, Reviews, Video, People also ask, Related searches, Popular products"
fritzbox mit glasfaseranschluss,"Informational, Transactional",39,260,28,0.20,"Reviews, Image pack, Video, Video carousel, People also ask, Related searches, Popular products"
funkmast in meiner nähe,"Informational, Transactional",36,260,27,0.30,"AI Overview, Reviews, Image, Image pack, People also ask, Related searches"
german television online,"Informational, Transactional",39,260,43,0.64,"Reviews, Video, People also ask, Related searches, Ads top, Ads bottom"
geschwindigkeit dsl verfügbarkeit,Commercial,42,260,45,1.22,"AI Overview, Reviews, Video, Related searches"
glasfaser günstig,Commercial,42,260,46,1.81,"Reviews, Video, People also ask, Related searches"
glasfaser kabel router,"Informational, Transactional",47,260,12,0.25,"Sitelinks, Image pack, Video, Video carousel, People also ask, Related searches, Popular products"
glasfaser tarif vergleich,Commercial,43,260,27,1.30,"AI Overview, Reviews, Video, People also ask, Related searches, Ads top, Ads middle"
glasfaser verfügbarkeitscheck,Commercial,40,260,35,0.87,"AI Overview, Reviews, Video, People also ask, Related searches"
glasfaser zu hause,Commercial,39,260,17,1.13,"AI Overview, Image pack, Video, Video carousel, People also ask, Related searches, Ads top, Ads middle"
glasfaseranschluss beantragen,Commercial,39,260,30,2.84,"AI Overview, Reviews, Video, Video carousel, People also ask, Related searches"
glasfaseranschluss fritzbox,"Informational, Transactional",39,260,24,0.52,"Sitelinks, Image pack, Video, Video carousel, Related searches, Popular products"
glasfasermodem ont kaufen,Transactional,43,260,21,0.64,"Sitelinks, Reviews, Video, People also ask, Related searches, Popular products"
glasfasertarif vergleich,Commercial,42,260,36,1.01,"Reviews, Video, People also ask, Related searches"
glasfaservertrag,Commercial,42,260,50,2.04,"AI Overview, Reviews, Video, People also ask, Related searches, Ads top, Ads bottom"
gratis tv stream,Commercial,39,260,46,1.36,"Reviews, Video, People also ask, Related searches"
guenstig internet,Commercial,44,260,53,2.88,"Reviews, People also ask, Related searches, Popular products, Ads top, Ads bottom"
gzsz live stream kostenlos,Commercial,38,260,38,0.02,"Reviews, Video, People also ask, Related searches"
günstige dsl,Commercial,43,260,40,2.72,"Reviews, Video, Related searches, Ads top, Ads middle"
günstige internet anbieter,Commercial,47,260,46,2.80,"Reviews, Video, People also ask, Related searches, Ads top"
günstiger anbieter internet,Commercial,46,260,52,2.45,"Reviews, Video, People also ask, Related searches, Ads top, Ads middle"
günstiger festnetzanschluss,Commercial,44,260,41,1.02,"AI Overview, Reviews, People also ask, Related searches, Ads top, Ads middle"
günstigster internet-tarif für zuhause,"Informational, Commercial",50,260,50,1.61,"AI Overview, Reviews, Video, People also ask, Related searches, Ads bottom, Ads middle"
handy vodafone,Transactional,31,260,52,2.19,"Video, People also ask, Related searches, Popular products"
handynetz vergleich,Commercial,45,260,46,1.68,"AI Overview, Reviews, Video, Short videos, People also ask, Related searches"
handynetzabdeckung,Commercial,39,260,47,1.34,"AI Overview, Reviews, Video, People also ask, Related searches"
handynetze,"Informational, Commercial",43,260,35,1.76,"AI Overview, Reviews, Video, Short videos, People also ask, Related searches, Ads bottom, Ads middle"
handytarife mit d1,Commercial,40,260,24,2.24,"Reviews, Video, People also ask, Related searches, Popular products"
hd serien,Commercial,38,260,14,1.06,"AI Overview, Reviews, Video, Related searches"
hdtv receiver,Commercial,36,260,30,0.58,"Video, People also ask, Related searches, Popular products"
hybrid magenta,"Informational, Commercial",36,260,18,3.17,"AI Overview, Reviews, Image pack, Video, Video carousel, People also ask, Related searches, Ads bottom, Ads middle"
i. p. t. v. smarters pro,"Informational, Commercial",46,260,32,0.00,"Reviews, Video, Video carousel, People also ask, Related searches"
intenet,Commercial,41,260,66,4.71,"Reviews, Video, People also ask, Related searches"
internet billig,Commercial,44,260,54,2.94,"AI Overview, Video, People also ask, Related searches, Ads bottom"
internet deutsche telekom,Commercial,43,260,43,2.73,"AI Overview, Reviews, Video, People also ask, Related searches, Ads top, Ads middle"
internet dsl telekom,"Informational, Transactional",43,260,37,2.87,"Reviews, Video, People also ask"
internet dsl vs kabel,Commercial,39,260,17,2.20,"Sitelinks, AI Overview, Reviews, Video, Video carousel, Short videos, People also ask, Related searches, Ads bottom, Ads middle"
internet fernsehen stick,Commercial,47,260,30,1.21,"Sitelinks, Reviews, Video, People also ask, Related searches, Popular products, Ads bottom"
internet fernsehen vergleich,Commercial,52,260,36,1.49,"AI Overview, Reviews, Video, People also ask, Related searches, Ads bottom"
internet festnetz telekom,Transactional,45,260,37,2.50,"Video, People also ask, Related searches"
internet flat zu hause,Commercial,41,260,50,2.50,"Reviews, Video, People also ask, Related searches"
internet hamburg,Commercial,42,260,31,4.21,"Sitelinks, Reviews, Video, People also ask, Related searches, Ads top, Ads bottom"
internet home,Commercial,40,260,59,3.93,"Reviews, Video, People also ask, Related searches"
internet in meiner nähe,Transactional,44,260,51,0.00,"AI Overview, Reviews, Video, People also ask, Related searches, Ads bottom, Ads middle"
internet jetzt geöffnet,Commercial,42,260,50,1.14,"Reviews, Video, People also ask, Local pack, Related searches, Ads top, Ads bottom"
internet kabel vs dsl,Commercial,40,260,19,3.37,"Sitelinks, AI Overview, Reviews, Video, Video carousel, Short videos, People also ask, Related searches"
internet provider in deutschland,Commercial,45,260,45,3.02,"Sitelinks, Reviews, Video, People also ask, Local pack, Related searches"
internet providers germany,Commercial,42,260,22,3.02,"Sitelinks, AI Overview, Reviews, Video, People also ask, Related searches, Ads bottom"
internet stick für den fernseher,Commercial,45,260,30,1.21,"Sitelinks, Reviews, Video, People also ask, Related searches"
internet stick für tv ohne vertrag,Commercial,49,260,29,1.07,"Sitelinks, Reviews, Video, People also ask, Related searches, Popular products"
internet stick für tv ohne wlan,Commercial,44,260,28,1.05,"Sitelinks, Reviews, Video, People also ask, Related searches"
internet telefon anbieter,Commercial,45,260,59,3.08,"Sitelinks, AI Overview, Reviews, Video, People also ask, Related searches, Ads top, Ads bottom"
internet telefonie kosten,Commercial,42,260,25,1.61,"AI Overview, Reviews, Video, People also ask, Related searches, Ads middle"
internet und festnetz anbieter,Commercial,48,260,50,1.50,"Reviews, People also ask, Related searches"
internet und festnetz tarife,Commercial,45,260,51,0.96,"Reviews, Video, People also ask, Related searches, Ads top, Ads middle"
internet und telefon anbieter vergleich,Commercial,42,260,52,1.56,"Sitelinks, AI Overview, Reviews, Video, People also ask, Related searches"
internet und telefon im vergleich,Commercial,39,260,51,1.71,"Sitelinks, AI Overview, Reviews, Video, People also ask, Related searches, Ads top, Ads middle"
internet und telefon vergleich,Commercial,39,260,52,1.71,"Reviews, Video, People also ask, Related searches, Ads top, Ads middle"
internet und telefonanbieter im vergleich,Commercial,42,260,42,1.78,"AI Overview, Reviews, Video, People also ask, Related searches, Ads top, Ads middle"
internet verfügbar,Commercial,45,260,48,1.84,"AI Overview, Reviews, Video, People also ask, Related searches, Ads top, Ads bottom"
internet wohnung,Commercial,44,260,60,4.72,"Reviews, Video, People also ask, Related searches"
internet über festnetzanschluss,Commercial,44,260,48,1.88,"Sitelinks, AI Overview, Reviews, Video, People also ask, Related searches, Ads bottom, Ads middle"
internetanbieter berlin,Commercial,44,260,34,4.12,"AI Overview, Reviews, Video, People also ask, Related searches"
internetangebote vergleich,Commercial,44,260,48,2.39,"Reviews, Video, People also ask, Related searches"
internetanschluss dsl,Commercial,42,260,39,6.31,"AI Overview, Reviews, Video, People also ask, Related searches, Ads top, Ads bottom"
internetanschluß,Commercial,43,260,38,5.34,"Reviews, Video, Video carousel, People also ask, Related searches, Ads top, Ads bottom"
internetfähigen fernseher,Commercial,43,260,26,0.24,"Reviews, Video, People also ask, Related searches, Popular products"
internetvertrag abschließen,Commercial,45,260,55,11.13,"AI Overview, Reviews, Video, Related searches"
internetvertrag telekom,Transactional,41,260,39,2.80,"Reviews, People also ask, Related searches"
internetverträge,Commercial,44,260,58,4.50,"Reviews, Video, People also ask, Related searches"
ip satellite receiver,Commercial,40,260,21,0.13,"Sitelinks, Video, People also ask, Related searches, Popular products"
iptv abonnement,Commercial,60,260,14,0.00,"Video, People also ask, Related searches"
iptv anbieter deutschland,"Informational, Commercial",68,260,30,0.00,"AI Overview, Video, People also ask, Related searches"
iptv mega,Commercial,51,260,24,0.00,"Reviews, People also ask, Related searches"
iptv palyer,Commercial,46,260,43,1.01,"Reviews, Video, Video carousel, People also ask, Related searches"
iptv subscriptions,"Informational, Commercial",48,260,37,0.93,"Sitelinks, AI Overview, Video, Video carousel, People also ask, Related searches"
iptv windows,"Informational, Commercial",44,260,35,0.00,"Sitelinks, AI Overview, Reviews, Video, People also ask, Related searches"
iptv-abonnement,"Informational, Commercial",60,260,15,0.00,"Video, People also ask, Related searches"
kabel 1 kostenlos,Commercial,41,260,31,0.44,"Reviews, Video, People also ask, Related searches"
kabel anmelden fernsehen,Transactional,47,260,25,2.08,"AI Overview, Reviews, Video, People also ask, Related searches, Ads top, Ads middle"
kabel router kaufen,Transactional,38,260,24,1.54,"Reviews, People also ask, Related searches, Popular products"
kabel wlan,Commercial,38,260,32,7.86,"Image pack, Video, People also ask, Related searches, Popular products"
kabelanschluss anbieter,Commercial,43,260,39,1.46,"Reviews, Video, People also ask, Related searches"
kosten netflix deutschland,"Informational, Transactional",43,260,46,0.54,"AI Overview, Reviews, Video, People also ask, Related searches, Ads bottom"
kostenlos fernseh ohne anmeldung,Transactional,38,260,36,0.52,"Reviews, Video, People also ask, Related searches, Ads bottom"
kostenlos ohne anmeldung fernsehen,"Navigational, Transactional",40,260,34,0.69,"Reviews, Video, People also ask, Related searches"
kostenlos rtl online schauen,Commercial,38,260,36,1.08,"Sitelinks, Reviews, Video, People also ask, Related searches"
kostenlos rtl2 schauen,Commercial,41,260,35,0.91,"AI Overview, Reviews, Video, People also ask, Related searches"
kostenlos tv schauen app,"Informational, Commercial",44,260,42,0.72,"AI Overview, Video, People also ask, Related searches, Ads bottom, Ads middle"
kostenlos tv schauen ohne anmeldung,"Navigational, Transactional",36,260,49,0.33,"Sitelinks, Reviews, Video, Related searches"
kostenlos und ohne anmeldung fernsehen,Transactional,36,260,40,0.76,"AI Overview, Reviews, Video, Related searches"
live rtl anschauen,"Navigational, Transactional",40,260,54,0.75,"AI Overview, Reviews, Video, People also ask, Related searches, Ads top, Ads middle"
live stream rtl aktuell,"Navigational, Transactional",40,260,58,0.56,"Reviews, Video, People also ask, Related searches"
live stream rtl hrvatska,"Navigational, Transactional",37,260,31,0.91,"Sitelinks, Video, People also ask, Related searches"
live tv free,Commercial,38,260,55,1.49,"AI Overview, Reviews, Image, Video, People also ask, Related searches"
livestream fernsehen kostenlos,Commercial,38,260,69,0.90,"AI Overview, Reviews, Video, People also ask, Related searches"
livestream rtl gratis,Commercial,37,260,48,1.03,"Reviews, Video, People also ask, Related searches"
livestream rtl2,Commercial,38,260,50,0.54,"Reviews, Video, People also ask, Related searches"
livestream super rtl kostenlos,Commercial,39,260,37,0.00,"Reviews, Video, People also ask, Related searches"
livetv free streaming,"Navigational, Transactional",36,260,33,1.58,"Video, People also ask, Related searches"
magenta internet und tv,Commercial,44,260,36,1.84,"Reviews, Video, People also ask, Related searches, Ads top"
magenta tv 1. gen,Commercial,40,260,32,3.35,"Reviews, Video, People also ask, Related searches"
magenta tv hardware,Commercial,41,260,25,3.67,"Reviews, Video, People also ask, Related searches, Ads top"
magenta tv test,Commercial,45,260,22,3.43,"Reviews, Video, People also ask, Related searches"
magenta web tv,"Informational, Transactional",42,260,49,6.19,"Reviews, Video, People also ask, Related searches"
magenta zuhause hybrid,"Informational, Commercial",37,260,21,3.24,"AI Overview, Reviews, Video, Video carousel, People also ask, Related searches, Ads bottom, Ads middle"
media markt wlan router,Transactional,41,260,29,0.27,"Sitelinks, Video, People also ask, Related searches, Popular products, Ads top, Ads bottom"
mediathek rtl heute,"Informational, Transactional",35,260,72,0.15,"Video, People also ask, Related searches"
megastream telekom,Transactional,47,260,19,2.74,"Video, People also ask, Related searches"
mobil tarife vodafone,"Informational, Transactional",39,260,55,2.07,"Reviews, People also ask, Related searches"
mobilfunk netzabdeckung prüfen,Commercial,42,260,36,0.72,"Video, People also ask, Related searches"
modem mit wlan,Commercial,37,260,35,2.56,"Reviews, Video, Video carousel, People also ask, Related searches, Popular products"
musik-streaming-dienste vergleich 2025,Commercial,54,260,34,0.00,"Sitelinks, Reviews, Video, People also ask, Related searches"
netflix acc,"Navigational, Transactional",36,260,60,1.49,"People also ask, Related searches"
netflix angebote preise,Transactional,43,260,50,1.33,"AI Overview, Reviews, People also ask, Related searches, Ads bottom"
netflix deutschland kosten,"Informational, Transactional",39,260,46,0.46,"Sitelinks, AI Overview, Reviews, Video, People also ask, Related searches"
netflix ohne werbung kosten,"Informational, Transactional",39,260,45,0.27,"AI Overview, Reviews, Video, People also ask, Related searches"
netflix preis deutschland,Transactional,43,260,46,0.68,"AI Overview, Reviews, Video, People also ask, Related searches"
netflix serie aktuell,"Informational, Commercial",35,260,48,0.00,"AI Overview, Image, Video, People also ask, Top stories, Related searches"
netflix turkey,"Navigational, Transactional",35,260,59,0.00,"Reviews, Video, People also ask, Related searches"
netflix und disney+ plus paket,"Informational, Commercial",44,260,31,1.22,"AI Overview, Reviews, Video, People also ask, Related searches"
netflix vertrag,"Navigational, Transactional",44,260,61,1.49,"AI Overview, Reviews, Video, People also ask, Related searches"
netflix welche filme und serien,"Informational, Transactional",36,260,51,0.64,"Video, People also ask, Top stories, Related searches"
netzabdeckung mobilfunk,Commercial,40,260,46,1.36,"Reviews, Video, People also ask, Related searches"
netzabdeckung vergleich,Commercial,43,260,39,1.83,"Sitelinks, Reviews, Video, People also ask, Related searches"
netzabdeckungskarte,Commercial,36,260,38,1.43,"Sitelinks, AI Overview, Image pack, People also ask, Related searches"
online iptv player,"Informational, Transactional",43,260,55,0.00,"Reviews, People also ask, Knowledge panel"
online serien stream kostenlos,Commercial,39,260,43,0.67,"Sitelinks, AI Overview, Reviews, Video, Related searches"
online stream kostenlos serien,Commercial,40,260,41,1.43,"Sitelinks, Reviews, Video, Related searches"
otelo netz prüfen,"Informational, Transactional",38,260,25,0.73,"AI Overview, Reviews, Video, People also ask, Related searches"
programm netflix,"Informational, Transactional",43,260,55,0.00,"Video, People also ask, Top stories, Related searches"
receiver für satellitenschüssel,Commercial,37,260,28,0.22,"Video, Video carousel, People also ask, Related searches, Popular products, Ads bottom"
receiver mit wlan,Commercial,34,260,20,1.05,"Video, People also ask, Related searches, Popular products"
router glasfaser fritzbox,"Informational, Commercial",42,260,32,0.18,"Sitelinks, Reviews, Video, Video carousel, People also ask, Related searches, Popular products"
router mit bester wlan reichweite,Commercial,40,260,27,0.47,"Sitelinks, Reviews, Video, People also ask, Related searches, Popular products"
router telekom glasfaser,"Navigational, Transactional",40,260,32,0.16,"Image pack, Video, People also ask, Related searches, Popular products"
rtl ab,Commercial,34,260,52,1.35,"Reviews, Video, People also ask, Top stories, Related searches, Ads top, Ads bottom"
rtl anschauen,Transactional,43,260,73,0.86,"Reviews, Video, People also ask, Related searches"
rtl hrvatska live stream,"Navigational, Transactional",37,260,25,0.99,"Sitelinks, Reviews, Video, Related searches"
rtl hrvatska uzivo,Transactional,38,260,34,0.00,"Reviews, Related searches"
rtl live hd stream,"Navigational, Transactional",39,260,49,0.87,"Reviews, Video, People also ask, Related searches"
rtl live stream 2ix2,"Navigational, Transactional",36,260,14,0.00,"Sitelinks, Reviews, Video, Related searches"
rtl live stream nydus,"Navigational, Transactional",34,260,29,0.00,"Sitelinks, Related searches"
rtl live streaming kostenlos,Commercial,40,260,48,1.11,"Sitelinks, Reviews, Video, People also ask, Related searches"
rtl livesrream,"Navigational, Transactional",50,260,61,0.60,"Reviews, Video, People also ask, Related searches, Ads middle"
rtl livestream tv,"Navigational, Transactional",50,260,50,0.98,"Reviews, Video, People also ask, Related searches"
rtl nitro free stream,Transactional,37,260,24,1.60,"Reviews, Video, People also ask, Related searches"
rtl nord livestream,"Navigational, Transactional",38,260,38,0.92,"Video, People also ask, Related searches"
rtl p,"Navigational, Transactional",32,260,62,0.22,"Sitelinks, Reviews, Video, Related searches"
rtl plus live stream,"Navigational, Transactional",45,260,62,0.31,"Sitelinks, AI Overview, Reviews, Video, People also ask, Related searches"
rtl plus sendung verpasst,"Navigational, Transactional",35,260,40,0.00,"Sitelinks, Video, People also ask, Related searches"
rtl site,"Navigational, Transactional",38,260,87,1.58,"Sitelinks, Video, People also ask, Related searches"
rtl super live stream kostenlos,Commercial,39,260,36,0.00,"Reviews, Video, People also ask, Related searches"
rtl up kostenlos deutsche kanäle,Commercial,39,260,34,0.00,"AI Overview, Reviews, Video, People also ask, Related searches"
rtl zwei live stream kostenlos,Commercial,39,260,29,0.00,"Reviews, Video, People also ask, Related searches"
rtl2 kostenlos gucken,Commercial,42,260,30,0.93,"Reviews, Video, People also ask, Related searches"
rtl2 kostenlos stream,Commercial,40,260,28,0.97,"Reviews, Video, People also ask, Related searches"
rtl2 live mediathek,"Navigational, Transactional",39,260,41,0.00,"AI Overview, Reviews, Video, Video carousel, People also ask, Related searches"
rtl2 live streaming,Commercial,38,260,41,0.83,"Reviews, Video, Video carousel, People also ask, Related searches"
rtl2 mediathek live,Commercial,39,260,42,0.49,"Sitelinks, Reviews, Video, People also ask, Related searches, Ads bottom"
rtlplus mediathek kostenlos ohne anmeldung,"Informational, Transactional",41,260,31,0.10,"AI Overview, Reviews, Video, People also ask, Related searches"
sat receiver kaufen,Transactional,40,260,34,0.13,"Video, People also ask, Local pack, Related searches, Popular products, Ads bottom"
schnelles internet ohne glasfaser,"Informational, Commercial",42,260,27,1.12,"AI Overview, Reviews, Video, People also ask, Related searches"
serien für jugendliche,Commercial,35,260,18,0.00,"AI Overview, Image, Video, People also ask, Related searches"
serien kostenlos anschauen,Commercial,42,260,54,0.21,"Sitelinks, Reviews, People also ask, Related searches"
serien stream online,"Informational, Commercial",43,260,40,1.65,"Sitelinks, Reviews, Video, Related searches"
serien stream online kostenlos,Commercial,42,260,37,1.43,"Sitelinks, AI Overview, Reviews, Video, Related searches"
serien streamer,"Informational, Commercial",48,260,39,0.00,"Image pack, Video, People also ask, Related searches"
sky reciver,Transactional,37,260,32,1.97,"Reviews, Image, Image pack, People also ask, Related searches, Popular products"
startseite to stream,"Navigational, Transactional",36,260,36,0.00,"Sitelinks, AI Overview, Reviews, Related searches"
stick telekom,Transactional,37,260,24,0.35,"Reviews, Video, People also ask, Related searches, Popular products"
stream web,Commercial,37,260,83,1.41,"Reviews, Video, People also ask, Related searches, Ads top, Ads middle"
streaming angebot,Commercial,49,260,45,1.63,"AI Overview, Reviews, Video, People also ask, Related searches, Ads bottom"
streaming deutschland,"Informational, Commercial",44,260,92,1.54,"Reviews, Video, People also ask, Related searches"
streaming media stick,Commercial,43,260,24,0.89,"Video, Video carousel, People also ask, Related searches, Popular products"
super rtl kostenlos,Commercial,35,260,49,0.00,"Reviews, Video, People also ask, Related searches, Ads middle"
t mobile netzabdeckung,Transactional,37,260,34,3.48,"Reviews, Video, People also ask, Related searches, Ads bottom"
tarife im d1 netz,Commercial,43,260,29,2.31,"Sitelinks, Reviews, Video, People also ask, Related searches"
tarife internet und festnetz,Commercial,45,260,46,0.96,"Reviews, Video, People also ask, Related searches"
tarife telekom glasfaser,"Navigational, Commercial",42,260,33,1.97,"Sitelinks, Reviews, People also ask, Related searches"
telefon internet anbieter,Commercial,47,260,45,2.03,"Reviews, Video, People also ask, Related searches"
telefon und internet vergleich anbieter,Commercial,42,260,50,1.78,"Sitelinks, AI Overview, Reviews, Video, People also ask, Related searches, Ads top, Ads middle"
telefon und internetanbieter im vergleich,Commercial,41,260,42,1.78,"AI Overview, Reviews, Video, People also ask, Related searches, Ads top, Ads middle"
telefonanbieter im vergleich,Commercial,40,260,49,1.60,"AI Overview, Reviews, Video, People also ask, Related searches, Ads top, Ads middle"
telefonanbieter und internet vergleich,Commercial,39,260,46,1.78,"AI Overview, Reviews, Video, Related searches"
telekom 5g karte,"Informational, Transactional",38,260,31,5.19,"Reviews, People also ask, Related searches"
telekom 5g netzabdeckung,Transactional,37,260,32,3.70,"Reviews, People also ask, Related searches"
telekom angebote wlan,"Navigational, Transactional",40,260,42,3.90,"AI Overview, Reviews, People also ask, Related searches"
telekom geschwindigkeit adresse,Transactional,37,260,21,3.25,"Reviews, People also ask, Related searches, Ads top, Ads bottom"
telekom internet anmelden,"Navigational, Transactional",41,260,36,3.39,"AI Overview, Video, People also ask, Related searches, Ads top, Ads bottom"
telekom internet festnetz,Transactional,44,260,34,2.29,"Reviews, People also ask, Related searches, Ads top, Ads bottom"
telekom internet germany,"Navigational, Transactional",43,260,62,4.10,"Reviews, People also ask, Related searches"
telekom internet home,Transactional,42,260,36,2.72,"Reviews, Video, People also ask, Related searches, Ads top, Ads middle"
telekom internet tv,"Navigational, Transactional",45,260,57,2.55,"Reviews, Video, People also ask, Related searches"
telekom magenta app,Commercial,34,260,45,0.69,"Reviews, Video, Video carousel, People also ask, Related searches, Ads top"
telekom magenta receiver,"Informational, Transactional",36,260,27,2.04,"Reviews, Video, Video carousel, People also ask, Related searches"
telekom magenta tv-stick,"Informational, Transactional",46,260,26,0.32,"Reviews, Video, People also ask, Related searches"
telekom mobilfunk netzabdeckung,"Informational, Transactional",39,260,46,4.33,"Reviews, Video, People also ask, Related searches"
telekom netzausbau karte,"Navigational, Transactional",38,260,36,2.72,"Reviews, Related searches"
telekom oder vodafone netz,"Informational, Commercial",43,260,35,1.84,"AI Overview, Reviews, Video, People also ask, Related searches"
telekom verfügbarkeit karte,"Navigational, Transactional",39,260,48,5.24,"Reviews, Image pack, People also ask, Related searches"
television rtl,"Informational, Transactional",39,260,76,0.58,"Reviews, Video, People also ask, Top stories, Related searches"
test tv box,"Informational, Commercial",50,260,31,0.28,"Sitelinks, Reviews, Video, Video carousel, People also ask, Related searches"
tv anbieter check24,Transactional,47,260,43,0.47,"AI Overview, Reviews, Video, People also ask, Related searches, Ads top, Ads bottom"
tv box telekom,"Informational, Transactional",38,260,29,2.31,"Reviews, Video, People also ask, Related searches, Popular products"
tv internet stick,Commercial,46,260,35,1.27,"Sitelinks, Reviews, Video, People also ask, Related searches, Popular products"
tv live rtl,"Navigational, Transactional",40,260,58,0.66,"Reviews, Video, People also ask, Top stories, Related searches"
tv mit vertrag,Commercial,46,260,10,2.43,"Reviews, Related searches, Popular products"
tv online free watch tv online live,Commercial,36,260,65,0.00,"AI Overview, Reviews, Video, Related searches"
tv reciever,Commercial,42,260,36,1.00,"Video, People also ask, Related searches, Popular products, Ads bottom"
tv stick alle sender,Commercial,44,260,24,1.07,"Sitelinks, Reviews, Image pack, Video, Video carousel, People also ask, Related searches, Popular products, Ads middle"
tv stick im vergleich,Commercial,49,260,27,0.66,"Sitelinks, Video, Video carousel, People also ask, Related searches, Ads top, Ads bottom"
tv sticks best,Commercial,37,260,33,0.59,"Featured snippet, Sitelinks, Reviews, Video, Video carousel, Related searches, Popular products, Ads bottom"
tv streaming box,Commercial,46,260,35,1.61,"Sitelinks, Reviews, Video, Video carousel, People also ask, Knowledge panel, Related searches"
tv streaming stick,Commercial,41,260,27,0.81,"Sitelinks, Video, People also ask, Related searches, Popular products"
tv telekom internet,Transactional,47,260,37,2.55,"Reviews, Video, People also ask, Related searches, Ads top, Ads middle"
tv wlan stick,Commercial,43,260,25,0.77,"Sitelinks, Video, People also ask, Related searches"
tvlivestream,Commercial,36,260,66,0.79,"Reviews, Video, People also ask, Related searches"
tvnow login,"Informational, Transactional",38,260,40,0.29,"Sitelinks, Reviews, Video, People also ask, Related searches, Ads top, Ads middle"
türkisches fernsehen,"Informational, Commercial",39,260,27,2.10,"Reviews, Video, People also ask, Related searches"
unlimited sim,Commercial,36,260,16,4.02,"Reviews, Video, Related searches"
verfügbare dsl geschwindigkeit,"Informational, Commercial",41,260,47,1.41,"AI Overview, Reviews, Video, People also ask, Related searches, Ads top, Ads middle"
verfügbarkeit dsl telekom prüfen,Transactional,42,260,20,2.14,"Reviews, People also ask, Related searches"
verfügbarkeitsprüfung telekom,Transactional,39,260,27,2.10,"Reviews, Related searches"
vergleich dsl angebote,Commercial,43,260,46,2.52,"Sitelinks, Reviews, Video, People also ask, Related searches"
vergleich fernsehen internet,Commercial,48,260,36,1.49,"Reviews, Video, People also ask, Related searches, Ads top, Ads middle"
vergleich festnetz,Commercial,41,260,42,1.87,"AI Overview, Reviews, Video, People also ask, Related searches"
vergleich glasfaser tarife,Commercial,46,260,29,1.10,"Reviews, Video, People also ask, Related searches"
vergleich internet und telefon,Commercial,39,260,52,1.71,"AI Overview, Reviews, Video, People also ask, Related searches, Ads top, Ads middle"
vergleich telefon und internetanbieter,Commercial,43,260,49,1.78,"AI Overview, Reviews, Video, People also ask, Related searches, Ads top, Ads middle"
vergleichsportal internetanbieter,Commercial,43,260,50,3.51,"AI Overview, Reviews, Video, Related searches"
vertrag tv,Commercial,43,260,26,2.43,"AI Overview, Reviews, Video, People also ask, Top stories, Related searches"
viva premium iptv,Transactional,46,260,14,0.00,"Reviews, People also ask, Related searches"
vodafone 1000mbit,Transactional,37,260,44,1.32,"Reviews, Video, People also ask, Related searches, Ads top, Ads bottom"
vodafone data,Transactional,29,260,32,3.11,"Reviews, Video, People also ask, Related searches, Ads top, Ads bottom"
vodafone gigabyte,Transactional,36,260,46,2.12,"Reviews, Video, People also ask, Related searches, Ads top, Ads middle"
vodafone glasfaser router,"Informational, Transactional",42,260,21,0.82,"Video, People also ask, Related searches, Popular products"
vodafone monatlich kündbar,Transactional,40,260,41,3.10,"Reviews, Video, People also ask, Related searches"
vodafone tarife günstig,"Informational, Commercial",42,260,36,2.04,"AI Overview, Reviews, People also ask, Related searches, Ads top, Ads bottom"
vodafone unlimited datenvolumen,Transactional,36,260,27,3.29,"Sitelinks, Reviews, Video, People also ask, Related searches, Ads top, Ads bottom"
vodafone vs telekom,Commercial,38,260,21,1.10,"Sitelinks, AI Overview, Reviews, Video, Video carousel, People also ask, Related searches"
vox live stream free,Transactional,33,260,39,0.00,"Reviews, Video, People also ask, Related searches"
voxup livestream kostenlos,Commercial,38,260,25,0.00,"Sitelinks, Reviews, People also ask, Related searches"
waipu amazon fire tv,"Informational, Transactional",38,260,17,0.21,"Reviews, Video, Video carousel, People also ask, Related searches"
waipu stick angebot,"Informational, Transactional",30,260,36,0.12,"Reviews, People also ask, Related searches"
waipu testen,"Navigational, Transactional",28,260,33,0.54,"AI Overview, Reviews, Video, People also ask, Related searches"
waipu tv deal,Transactional,37,260,46,0.25,"Sitelinks, Reviews, People also ask, Related searches"
waipu tv stick 2 generation kaufen,Transactional,48,260,31,0.12,"Video, People also ask, Related searches, Popular products"
waipu tv stick 2.generation,"Informational, Commercial",48,260,25,0.13,"Reviews, Video, Video carousel, People also ask, Popular products"
waipu tv stick 4k,Transactional,34,260,43,0.16,"Reviews, Video, People also ask, Related searches, Popular products"
waipu tv stick mit vertrag,Transactional,36,260,46,0.34,"Reviews, People also ask, Related searches, Ads top, Ads middle"
waipu türkische sender,"Navigational, Transactional",34,260,21,0.15,"AI Overview, Reviews, People also ask, Related searches"
watch live television online for free,Commercial,35,260,72,1.31,"AI Overview, Reviews, Video, People also ask, Related searches, Ads middle"
welche iptv box ist die beste,Commercial,51,260,21,0.00,"Video, People also ask, Related searches, Popular products"
welcher fire tv stick ist der beste,Commercial,40,260,30,0.34,"Sitelinks, AI Overview, Reviews, Video, Video carousel, People also ask, Related searches"
welcher router ist am besten,Commercial,42,260,27,0.39,"Sitelinks, Reviews, Video, Video carousel, People also ask, Related searches"
welcher tv anbieter ist der beste,Commercial,55,260,39,1.55,"Sitelinks, AI Overview, Reviews, Image, Video, People also ask, Related searches"
welches ist das beste mobilfunknetz,Commercial,43,260,30,2.32,"AI Overview, Reviews, Video, Video carousel, Short videos, People also ask, Related searches"
welches mobilfunknetz ist am besten,Commercial,41,260,39,2.32,"AI Overview, Reviews, Video, Video carousel, Short videos, People also ask, Related searches, Ads bottom, Ads middle"
wlan anbieter im vergleich,Commercial,37,260,48,4.94,"AI Overview, Reviews, People also ask, Related searches"
wlan anbieter ohne telefon,"Informational, Commercial",39,260,32,1.80,"AI Overview, Reviews, Video, People also ask, Related searches"
wlan angebot,Commercial,42,260,42,3.89,"Reviews, Video, People also ask, Related searches, Ads top, Ads middle"
wlan angebote telekom,Transactional,40,260,37,2.71,"Reviews, People also ask, Related searches"
wlan dsl,Commercial,36,260,53,8.96,"Reviews, Video, People also ask, Related searches"
wlan fernseher klein,Commercial,37,260,25,0.17,"Image, Image pack, People also ask, Related searches, Popular products"
wlan geräte,Commercial,38,260,21,1.56,"Reviews, Video, Video carousel, People also ask, Related searches, Popular products"
wlan günstig anbieter,Commercial,43,260,50,3.90,"Reviews, Video, People also ask, Related searches, Popular products"
wlan mit modem,Commercial,37,260,30,2.56,"Reviews, Video, Video carousel, People also ask, Related searches, Popular products"
wlan modem,Commercial,35,260,32,2.16,"Video, People also ask, Related searches, Popular products"
wlan router für dsl,Commercial,37,260,34,2.69,"Sitelinks, Reviews, Video, People also ask, Related searches, Popular products, Ads top, Ads bottom"
wlan router media markt,Transactional,42,260,30,0.35,"Sitelinks, Video, People also ask, Related searches, Popular products"
wlan router mit bester reichweite,Commercial,40,260,23,0.35,"Sitelinks, Reviews, Video, People also ask, Related searches, Popular products"
wlan router vergleich,Commercial,39,260,29,2.29,"Sitelinks, Reviews, Video, Video carousel, People also ask, Related searches, Ads bottom"
wlan stick tv,Commercial,46,260,24,0.77,"Sitelinks, Reviews, Video, People also ask, Related searches, Popular products"
wlan vergleichen,Commercial,36,260,58,6.90,"Reviews, Video, People also ask, Related searches, Ads bottom"
zattoo alternative,"Informational, Commercial",40,260,28,0.80,"Sitelinks, AI Overview, Reviews, Video, People also ask, Related searches"
zattoo kostenlos rtl,"Informational, Transactional",34,260,50,0.73,"Reviews, Video, People also ask, Related searches"
zattoo vs waipu,Commercial,28,260,23,1.99,"Sitelinks, AI Overview, Reviews, Video, People also ask, Related searches"
1 & 1 cinema,"Informational, Transactional",39,210,27,0.00,"AI Overview, Reviews, Image, Video, People also ask, Related searches"
1&1 fernseh,Transactional,50,210,42,0.77,"Video, People also ask, Related searches, Ads top, Ads bottom"
1&1 fernsehen dazubuchen,"Informational, Transactional",45,210,30,0.71,"AI Overview, Reviews, Video, People also ask, Related searches"
1&1 netzabdeckung prüfen,Commercial,41,210,44,0.00,"Reviews, People also ask, Related searches"
1&1 tv stick kaufen,Transactional,50,210,34,0.84,"Reviews, People also ask, Related searches"
1&1 tv-box,"Informational, Transactional",45,210,28,0.94,"Reviews, Video, Video carousel, People also ask, Related searches"
1000 mbit leitung,Commercial,42,210,35,1.42,"Sitelinks, AI Overview, Video, People also ask, Related searches, Ads bottom, Ads middle"
1und1 bei umzug,Transactional,36,210,27,0.80,"AI Overview, Reviews, Video, People also ask, Related searches, Ads top, Ads bottom"
1und1 tv stick,"Navigational, Transactional",39,210,33,0.79,"Reviews, Image, Image pack, Video, Video carousel, People also ask, Related searches, Popular products"
2 bundesliga live stream kostenlos ausland,Commercial,45,210,22,0.85,"Sitelinks, Reviews, Video, Related searches"
2ix2 formel 1 live,"Navigational, Transactional",33,210,35,0.00,"Video, People also ask, Related searches"
2ix2 nitro,"Navigational, Transactional",28,210,31,0.00,"Sitelinks, Reviews, Video, Related searches"
2ix2 pro7,"Navigational, Transactional",29,210,38,0.00,"Sitelinks, Reviews, Video, People also ask, Related searches"
50 gb,Commercial,31,210,13,3.81,"Reviews, Video, People also ask, Related searches, Popular products"
50 mbit s dsl,Commercial,38,210,19,2.08,"Sitelinks, Reviews, People also ask, Related searches"
5g karte,Commercial,37,210,48,1.43,"Reviews, Image, Image pack, People also ask, Related searches"
5g masten karte,Commercial,34,210,52,1.45,"Reviews, Image pack, Video, People also ask, Related searches"
5g netz abdeckung,Commercial,37,210,42,0.87,"Reviews, Image pack, Video, People also ask, Related searches"
abdeckung vodafone,Transactional,38,210,32,1.90,"Reviews, Video, People also ask, Related searches, Popular products, Ads top, Ads middle"
abo bundesliga,Commercial,37,210,27,1.74,"Reviews, Video, People also ask, Related searches"
abonnement netflix,"Navigational, Transactional",39,210,51,1.31,"AI Overview, Reviews, People also ask, Related searches"
airtel xstream stick,"Informational, Transactional",49,210,34,0.00,"Reviews, Image pack, Video, Video carousel, People also ask, Related searches"
alternative live tv,"Informational, Commercial",37,210,30,2.55,"Video, People also ask, Related searches"
alternative zattoo,"Informational, Commercial",36,210,24,0.77,"AI Overview, Reviews, Video, Video carousel, People also ask, Related searches, Ads bottom"
alternative zu waipu tv,"Informational, Commercial",46,210,28,0.66,"Sitelinks, AI Overview, Reviews, Video, People also ask, Related searches"
am pc fernsehen,"Informational, Commercial",45,210,19,0.56,"AI Overview, Video, People also ask, Related searches"
anbieter festnetz und internet,Commercial,47,210,51,1.50,"Sitelinks, Reviews, Video, People also ask, Related searches"
anbieter für fernsehen,"Informational, Commercial",55,210,35,2.50,"AI Overview, Reviews, Video, People also ask, Related searches"
angebot internet und festnetz,Commercial,47,210,,1.26,"AI Overview, Reviews, Video, People also ask, Related searches, Ads top, Ads middle"
apple tv telekom,"Informational, Transactional",45,210,21,4.68,"Reviews, Video, Video carousel, People also ask, Related searches"
apple vs fire tv,Commercial,37,210,10,0.00,"AI Overview, Reviews, Image pack, Video, Video carousel, People also ask, Related searches"
avm router glasfaser,Commercial,32,210,34,0.17,"Sitelinks, Reviews, Video, Video carousel, People also ask, Related searches, Popular products"
bei fritzbox anmelden,"Informational, Transactional",43,210,27,1.35,"AI Overview, Video, Video carousel, People also ask, Related searches"
best iptv provider,Commercial,52,210,43,0.00,"AI Overview, Video, Video carousel, People also ask, Related searches"
beste iptv app für fire stick,Commercial,43,210,7,0.00,"Sitelinks, AI Overview, Video, Video carousel, People also ask, Related searches"
beste iptv player,Commercial,46,210,21,0.00,"AI Overview, Reviews, Video, Video carousel, People also ask, Related searches"
beste iptv player android,Commercial,45,210,18,0.00,"Sitelinks, AI Overview, Reviews, Video, Video carousel, People also ask, Related searches"
beste tv app kostenlos,Commercial,41,210,44,0.58,"AI Overview, Reviews, Video, People also ask, Related searches"
beste tv box,Commercial,42,210,28,0.63,"Reviews, Video, People also ask, Related searches, Popular products, Ads bottom"
besten router,Commercial,42,210,24,0.59,"Sitelinks, Reviews, Video, Video carousel, People also ask, Related searches"
bester android tv box,Commercial,37,210,23,0.27,"Sitelinks, Reviews, Video, Video carousel, People also ask, Related searches, Popular products"
bester glasfaser anbieter,Commercial,51,210,43,1.23,"AI Overview, Reviews, Video, People also ask, Related searches, Ads top, Ads middle"
bester internetanbieter deutschland,Commercial,47,210,35,2.07,"Reviews, Video, People also ask, Related searches"
bester iptv anbieter illegal,Commercial,48,210,27,0.00,"AI Overview, Reviews, Video, People also ask, Related searches"
bester iptv-anbieter illegal,Commercial,48,210,29,0.00,"AI Overview, Reviews, Video, People also ask, Related searches"
bester kabel router,Commercial,38,210,27,0.87,"Sitelinks, Video, People also ask, Related searches, Popular products"
bester streaming stick,Commercial,42,210,35,0.64,"Sitelinks, Reviews, Instant answer, Video, People also ask, Related searches, Popular products"
bestes mobilfunknetz,Commercial,41,210,41,2.07,"AI Overview, Reviews, Video, Video carousel, People also ask, Related searches"
bestes netflix angebot,Commercial,47,210,,0.92,"AI Overview, Reviews, Video, People also ask, Related searches, Ads bottom"
billig dsl,Commercial,43,210,42,2.77,"Sitelinks, Reviews, Video, People also ask, Related searches, Popular products"
billiger internetanbieter,Commercial,46,210,45,2.42,"Reviews, Video, People also ask, Related searches, Ads top, Ads bottom"
coverage checker telekom,"Navigational, Transactional",39,210,47,5.76,"Sitelinks, Related searches, Ads top, Ads bottom"
datentarif unlimited,Commercial,40,210,24,2.57,"Sitelinks, AI Overview, Reviews, Video, Related searches, Ads bottom, Ads middle"
datentarif vodafone prepaid,Transactional,33,210,37,2.04,"Sitelinks, AI Overview, Reviews, Video, People also ask, Related searches, Ads top, Ads middle"
dazn sky angebot,"Informational, Transactional",41,210,53,1.13,"Reviews, People also ask, Related searches"
deutsche glasfaser ausfall,"Informational, Transactional",36,210,31,0.29,"Reviews, People also ask, Related searches"
die besten streaming dienste,Commercial,47,210,34,1.37,"AI Overview, Reviews, Video, People also ask, Related searches, Ads middle"
digitale fernseher,"Informational, Transactional",43,210,25,1.70,"Reviews, Video, People also ask, Knowledge panel, Related searches, Popular products, Ads bottom"
dsl angebote günstig,Commercial,43,210,38,2.55,"Sitelinks, Reviews, Video, People also ask, Related searches"
dsl berlin,Commercial,38,210,50,4.33,"AI Overview, Reviews, Video, People also ask, Related searches"
dsl dauerhaft günstig,Commercial,41,210,37,1.54,"Sitelinks, Reviews, Video, People also ask, Related searches, Ads top, Ads middle"
dsl mit festnetz,Commercial,41,210,51,2.02,"AI Overview, Reviews, Video, Related searches"
dsl mit wlan router,Commercial,35,210,31,2.69,"Sitelinks, Reviews, Video, People also ask, Related searches, Popular products, Ads top, Ads bottom"
dsl router wlan,Commercial,32,210,32,2.69,"Reviews, Video, People also ask, Related searches, Popular products"
dsl tarife im vergleich,Commercial,42,210,47,1.95,"Sitelinks, Reviews, Video, People also ask, Related searches"
dsl vergleich check24,"Navigational, Commercial",36,210,59,1.55,"Sitelinks, Reviews, Video, People also ask, Related searches"
dsl vergleiche,Commercial,41,210,48,3.19,"Sitelinks, AI Overview, Reviews, Video, Related searches"
dsl-anbieter,Commercial,50,210,42,4.33,"AI Overview, Video, People also ask, Related searches"
dsl100,Commercial,32,210,14,2.33,"Video, People also ask, Related searches, Ads top, Ads bottom"
e stream online,Commercial,35,210,9,1.20,"Reviews, Video, Related searches"
entertain von telekom,Transactional,42,210,56,3.87,"AI Overview, Reviews, Video, People also ask, Related searches, Ads top, Ads middle"
fernsehen frei,Commercial,38,210,47,0.53,"Sitelinks, Reviews, Video, People also ask, Knowledge panel, Related searches, Ads bottom"
fernsehen internet telefon komplettpakete vergleich,Commercial,43,210,39,0.79,"AI Overview, Reviews, Video, People also ask, Related searches"
fernsehen internet vergleich,Commercial,52,210,37,1.61,"Sitelinks, AI Overview, Reviews, Video, People also ask, Related searches"
fernsehen kostenlos live stream,Commercial,40,210,63,0.90,"AI Overview, Reviews, Video, People also ask, Related searches"
fernsehen kostenlos und ohne anmeldung,"Informational, Transactional",38,210,33,0.42,"Reviews, Video, People also ask, Related searches, Ads bottom"
fernsehen mit dem pc,"Informational, Commercial",41,210,19,0.53,"AI Overview, Reviews, Video, Video carousel, People also ask, Related searches, Ads top, Ads middle"
fernsehen mit stick,Commercial,43,210,34,1.49,"Sitelinks, Reviews, Video, People also ask, Related searches, Popular products"
fernsehen über internet kostenlos ohne anmeldung,"Informational, Transactional",42,210,31,0.29,"AI Overview, Reviews, Video, People also ask, Related searches, Ads bottom, Ads middle"
fernsehen über internet stick,Commercial,46,210,33,1.21,"Sitelinks, Reviews, Video, People also ask, Related searches, Popular products"
fernsehen über internet telekom,Commercial,46,210,48,2.24,"AI Overview, Reviews, Video, People also ask, Related searches, Ads bottom, Ads middle"
fernseher für pc,"Informational, Commercial",43,210,25,0.56,"Sitelinks, Video, Video carousel, People also ask, Related searches, Popular products"
fernseher mit antennenanschluss,Commercial,43,210,24,0.51,"Reviews, Video, People also ask, Related searches, Popular products"
fernseher stick,Commercial,42,210,33,1.97,"Sitelinks, Reviews, Video, People also ask, Related searches, Ads bottom"
fernsehschauen,Commercial,38,210,23,0.97,"AI Overview, Reviews, Video, People also ask, Related searches, Ads bottom"
festnetz günstig,Commercial,42,210,46,1.56,"Reviews, Video, People also ask, Related searches"
festnetz tarife vergleich,Commercial,42,210,45,1.30,"Reviews, People also ask, Related searches"
festnetz und dsl,Commercial,44,210,50,1.61,"AI Overview, Reviews, Video, People also ask, Related searches, Ads top, Ads middle"
festnetzanbieter vergleich,"Informational, Commercial",43,210,37,1.29,"AI Overview, Reviews, People also ask, Related searches"
festnetzanschluss günstig,Commercial,42,210,49,1.02,"Reviews, People also ask, Related searches"
fiber router,"Informational, Commercial",39,210,16,0.77,"Reviews, Image pack, Video, Video carousel, People also ask, Related searches, Popular products"
film serien,Commercial,31,210,45,0.00,"Video, People also ask, Related searches"
fire tv stick vs apple tv,Commercial,36,210,26,0.00,"AI Overview, Reviews, Video, Video carousel, People also ask, Related searches"
free tv online,Commercial,37,210,57,0.94,"AI Overview, Reviews, Video, Related searches"
fritz box benutzer,"Informational, Transactional",42,210,29,0.00,"Sitelinks, Reviews, Video, Video carousel, People also ask, Related searches, Popular products"
frizbox login,Transactional,32,210,22,2.30,"People also ask, Related searches"
funkmast in der nähe,Commercial,35,210,28,0.64,"Reviews, Image, Video, People also ask, Related searches"
funkmasten in der nähe,Commercial,35,210,33,0.93,"Reviews, Video, People also ask, Related searches, Ads bottom"
germaniptv,Commercial,47,210,17,0.88,"Video, People also ask, Related searches"
glasfaser anmelden,Transactional,40,210,26,3.93,"AI Overview, Reviews, Video, People also ask, Related searches"
glasfaser bestellen,Commercial,40,210,46,4.28,"Reviews, Video, People also ask, Related searches, Ads top, Ads middle"
glasfaser tarife vergleichen,Commercial,44,210,28,0.90,"People also ask, Related searches"
glasfaser-anbieter vergleich,Commercial,44,210,32,1.14,"AI Overview, Reviews, Video, People also ask, Related searches"
glasfaser-dsl,Commercial,43,210,28,1.75,"AI Overview, Reviews, Video, People also ask, Related searches"
glasfaser-tarife vergleich check24,"Navigational, Commercial",47,210,38,0.28,"Sitelinks, Reviews, People also ask, Related searches"
gratis live tv,Commercial,40,210,54,0.82,"Reviews, Video, Related searches"
gratis serien schauen,Commercial,40,210,52,0.67,"Reviews, Video, Related searches"
greatestiptv,Transactional,47,210,10,0.00,"People also ask, Related searches"
günstiger dsl,Commercial,42,210,40,2.72,"Sitelinks, AI Overview, Reviews, Video, Related searches, Ads top, Ads middle"
günstigster anbieter internet,Commercial,46,210,49,2.45,"AI Overview, Reviews, Video, People also ask, Related searches, Ads top, Ads middle"
günstigster dsl tarif,Commercial,42,210,47,1.78,"Video, People also ask, Related searches, Ads top, Ads middle"
günstigster internet vertrag,"Informational, Commercial",44,210,44,4.13,"AI Overview, Reviews, Video, People also ask, Related searches, Ads top, Ads middle"
handynetze im vergleich,Commercial,39,210,36,1.90,"AI Overview, Reviews, Video, Short videos, People also ask, Related searches"
hd receiver kaufen,Transactional,40,210,33,0.33,"Video, People also ask, Local pack, Related searches, Popular products"
hdmi stick tv,Commercial,40,210,36,0.72,"Sitelinks, Reviews, Video, People also ask, Related searches, Ads bottom"
hdtv sat receiver,"Informational, Transactional",35,210,26,0.08,"Video, Video carousel, People also ask, Related searches, Popular products"
hotspot wifi,Commercial,34,210,41,1.08,"Reviews, Video, Video carousel, People also ask, Related searches"
ibiptv,"Informational, Commercial",47,210,29,1.20,"Reviews, People also ask, Related searches"
illegale filme gucken,Commercial,38,210,30,0.00,"Sitelinks, Reviews, Video, People also ask, Related searches"
illegale website,"Informational, Commercial",37,210,27,0.00,"Video, People also ask, Related searches"
internet 5g,Commercial,41,210,26,2.17,"AI Overview, Reviews, Video, Video carousel, Short videos, People also ask, Related searches, Ads top, Ads bottom"
internet anbieter vergleichen,Commercial,44,210,47,3.92,"Reviews, Video, People also ask, Related searches"
internet fernsehen telekom,Commercial,44,210,57,1.18,"AI Overview, Reviews, Video, People also ask, Related searches, Ads bottom, Ads middle"
internet festnetz ohne telefon,Commercial,48,210,29,1.18,"AI Overview, Reviews, Video, People also ask, Related searches, Ads top, Ads middle"
internet festnetzanschluss,Commercial,47,210,42,1.76,"AI Overview, Video, People also ask, Related searches, Ads top, Ads middle"
internet für wohnung,Commercial,45,210,51,4.72,"AI Overview, Reviews, Video, People also ask, Related searches, Ads top, Ads middle"
internet guenstig,Commercial,44,210,48,3.40,"Sitelinks, Reviews, Video, People also ask, Related searches, Popular products"
internet kabel router,Commercial,43,210,28,2.66,"Reviews, Video, People also ask, Related searches, Popular products"
internet kabeltje,Commercial,36,210,32,3.86,"Reviews, Video, People also ask, Related searches"
internet mit festnetz,Commercial,44,210,53,2.51,"Reviews, Video, People also ask, Related searches, Ads top, Ads middle"
internet mit kabelanschluss,Commercial,44,210,25,3.37,"AI Overview, Reviews, Video, People also ask, Related searches, Ads top, Ads middle"
internet telefonanbieter,Commercial,44,210,39,2.03,"Sitelinks, AI Overview, Reviews, Video, People also ask, Related searches, Ads top, Ads middle"
internet und fernsehn,Commercial,47,210,43,2.46,"AI Overview, Reviews, Video, People also ask, Related searches, Ads top, Ads middle"
internet und festnetz günstig,Commercial,44,210,43,1.32,"Reviews, Video, People also ask, Related searches"
internet und festnetz preisvergleich,Commercial,44,210,49,1.56,"AI Overview, Reviews, Video, People also ask, Related searches, Ads top, Ads bottom"
internet und telefon tarife,Commercial,44,210,53,1.08,"Reviews, Video, People also ask, Related searches, Ads top, Ads bottom"
internet und tv telekom,Transactional,45,210,34,2.15,"Reviews, Video, People also ask, Related searches, Ads top, Ads middle"
internet verfügbarkeit adresse,Commercial,43,210,50,1.41,"Reviews, Video, People also ask, Related searches, Ads top, Ads bottom"
internet verfügbarkeitsprüfung,Commercial,42,210,50,2.07,"Reviews, Video, People also ask, Related searches, Ads bottom"
internet vertrag mit tv gerät,Commercial,46,210,17,2.55,"Reviews, Video, People also ask, Related searches, Ads top, Ads middle"
internet vertrag ohne festnetz,"Informational, Commercial",43,210,31,2.07,"AI Overview, Reviews, Video, People also ask, Related searches, Ads top, Ads middle"
internet wlan anbieter,Commercial,46,210,46,4.50,"Reviews, Video, People also ask, Related searches"
internet zu hause vergleich,Commercial,40,210,49,4.20,"Sitelinks, Reviews, Video, People also ask, Related searches"
internetanbieter finden,Commercial,45,210,50,5.20,"Reviews, Image pack, Video, People also ask, Related searches"
internetanbieter preisvergleich,Commercial,44,210,50,3.27,"Video, People also ask, Related searches, Ads top, Ads middle"
intrnet,Commercial,39,210,60,4.71,"Sitelinks, Reviews, Video, People also ask, Related searches"
ip tv deutschland,"Informational, Commercial",66,210,41,1.17,"AI Overview, Reviews, Video, People also ask, Related searches"
ip tv player,"Informational, Commercial",44,210,38,0.53,"Reviews, Video, Video carousel, People also ask, Related searches"
ip tv receiver,"Informational, Commercial",46,210,19,0.00,"Video, People also ask, Related searches, Popular products"
ip tv smart,Commercial,51,210,36,0.00,"Reviews, Image pack, Video, People also ask, Related searches"
ip-tv player,Commercial,44,210,39,0.53,"Reviews, Video, People also ask, Related searches"
iptv box kaufen,Transactional,51,210,24,0.00,"Video, People also ask, Related searches, Popular products"
iptv code kaufen,Commercial,48,210,13,0.00,"AI Overview, Related searches"
iptv deutschland anbieter,"Informational, Commercial",73,210,32,0.00,"AI Overview, Video, Short videos, People also ask, Related searches"
iptv player for windows,"Informational, Commercial",43,210,30,0.00,"Reviews, Video, Related searches"
iptv services,"Informational, Commercial",53,210,26,0.00,"Sitelinks, Video, Video carousel, People also ask, Related searches"
iptv smart apk,"Informational, Transactional",54,210,25,0.00,"Reviews, Video, Related searches"
iptv testen,Commercial,58,210,0,0.00,Related searches
iptv tv box,Commercial,53,210,21,0.00,"People also ask, Related searches, Popular products"
iptv25,Transactional,47,210,6,1.03,"People also ask, Related searches"
iptvhafen,"Informational, Transactional",48,210,2,0.00,Related searches
iptvhdserver,"Navigational, Transactional",47,210,10,0.00,"Sitelinks, Reviews, Video, People also ask, Ads top, Ads middle"
kabel ein stream,Commercial,40,210,42,0.67,"Reviews, Video, People also ask, Related searches"
kabel internet monatlich kündbar,"Informational, Commercial",41,210,21,4.11,"AI Overview, Related searches, Ads top, Ads middle"
kabel tarife,"Informational, Commercial",45,210,27,1.70,"Reviews, Video, Related searches, Ads bottom"
kabel verfügbarkeit,Commercial,46,210,35,1.54,"Reviews, Video, People also ask, Related searches"
kabelanschluss verfügbarkeit,Commercial,46,210,37,1.03,"AI Overview, Reviews, Video, People also ask, Related searches, Ads middle"
kabelinternet anbieter,Commercial,46,210,29,3.06,"Reviews, People also ask, Related searches"
kaufen iptv,Commercial,58,210,30,0.00,"Video, People also ask, Related searches, Popular products"
kostenlos rtl2 gucken,Commercial,41,210,26,1.05,"Video, People also ask, Related searches"
kostenlos super rtl,Commercial,38,210,21,0.00,"Reviews, Video, People also ask, Related searches"
kostenlos tv streamen ohne anmeldung,"Navigational, Transactional",36,210,50,0.00,"Sitelinks, AI Overview, Reviews, Video, People also ask, Related searches"
kostenlose livestream,Commercial,37,210,69,1.68,"Reviews, Video, People also ask, Top stories, Related searches"
kostenloses live tv,Commercial,44,210,61,0.61,"AI Overview, Reviews, Image, Video, People also ask, Related searches, Ads bottom"
kostenloses tv streaming,Commercial,41,210,47,0.93,"Reviews, Video, People also ask, Related searches"
live stream rtl fussball,Transactional,41,210,46,0.91,
live tv schauen,Commercial,43,210,70,1.07,"Reviews, Video, People also ask, Related searches"
live tv se,"Informational, Transactional",40,210,87,1.29,"Reviews, Video, People also ask, Related searches"
livestream kostenlos ohne anmeldung,"Navigational, Transactional",35,210,37,0.48,"Sitelinks, Reviews, Video, Related searches"
livestream rtl de,"Navigational, Transactional",39,210,64,0.71,"Reviews, Video, People also ask, Related searches"
livetv online,"Informational, Transactional",39,210,5,1.07,"Reviews, Related searches"
magenta angebote telekom,"Navigational, Transactional",41,210,39,1.63,"Sitelinks, Reviews, Video, People also ask, Related searches"
magenta box kaufen,Transactional,40,210,24,2.10,"Image pack, People also ask, Related searches, Popular products"
magenta live tv,"Informational, Transactional",38,210,50,3.25,"Reviews, Video, People also ask, Related searches"
magenta preise,"Navigational, Transactional",38,210,34,2.89,"Sitelinks, AI Overview, Reviews, Video, People also ask, Related searches"
magenta tv alternative,"Informational, Commercial",47,210,19,1.18,"Sitelinks, AI Overview, Reviews, Video, People also ask, Related searches"
magenta tv alternativen,Commercial,50,210,23,1.69,"AI Overview, Reviews, Video, People also ask, Related searches"
magenta tv one 2 generation kaufen,Transactional,39,210,23,1.76,"People also ask, Related searches, Popular products, Ads bottom"
magenta tv one 2. generation bedienungsanleitung,"Informational, Transactional",38,210,17,0.00,"Video, Video carousel, People also ask, Related searches"
magentasport abo,"Informational, Transactional",34,210,34,1.31,"Reviews, Video, People also ask, Related searches"
media markt satelliten receiver,"Informational, Transactional",39,210,24,0.04,"Image pack, People also ask, Related searches, Popular products"
mediathek serien empfehlung,Commercial,34,210,28,0.04,"Video, People also ask, Related searches"
mein rtl plus,"Navigational, Transactional",41,210,42,1.64,"Reviews, Video, People also ask, Related searches"
mobile phone unlimited internet,Commercial,36,210,40,2.80,"Reviews, Video, People also ask, Related searches"
mobilfunk netzabdeckung telekom,Transactional,39,210,33,4.33,"Reviews, Video, People also ask, Related searches"
multimedia service,Commercial,36,210,8,0.00,"Reviews, Video, People also ask, Local pack, Related searches"
münchen internet,Commercial,43,210,24,4.65,"AI Overview, Reviews, Video, People also ask, Related searches"
netflix basis abonnement,"Informational, Transactional",40,210,52,1.20,"AI Overview, Reviews, Video, People also ask, Related searches"
netflix com konto,"Navigational, Transactional",37,210,63,1.63,"People also ask, Related searches"
netflix es,"Navigational, Transactional",34,210,48,0.00,"Reviews, Video, People also ask, Related searches"
netflix guthaben türkei,Commercial,36,210,15,0.00,"AI Overview, Related searches"
netflix in,"Navigational, Transactional",39,210,86,0.00,"Reviews, People also ask, Related searches"
netflix inhalte,Transactional,43,210,65,2.10,"Video, People also ask, Related searches"
netflix jahresabo kosten,"Informational, Transactional",39,210,50,1.04,"AI Overview, Reviews, People also ask, Related searches"
netflix kino filme,Commercial,33,210,37,0.17,"AI Overview, Reviews, Video, People also ask, Related searches"
netflix kosten familie,"Informational, Transactional",37,210,47,0.00,"AI Overview, Video, People also ask, Related searches"
netflix monatsabo,"Informational, Transactional",36,210,56,1.12,"AI Overview, Reviews, Video, People also ask, Related searches"
netflix new films,"Navigational, Transactional",29,210,83,0.00,"Video, People also ask, Related searches"
netflix online login,"Navigational, Transactional",34,210,70,0.00,"People also ask, Related searches"
netflix preise 2026,Transactional,47,210,43,0.51,"AI Overview, Reviews, People also ask, Related searches"
netflix serien auf deutsch,Commercial,34,210,21,0.00,"Sitelinks, Reviews, Video, People also ask, Related searches"
netflix testmonat,"Informational, Transactional",40,210,50,1.63,"Video, People also ask, Top stories, Related searches"
netflix tv stick,Transactional,41,210,41,0.39,"Sitelinks, Reviews, Video, People also ask, Related searches, Popular products"
netflix zusatzaccount,"Informational, Transactional",39,210,41,0.91,"AI Overview, Reviews, Video, People also ask, Related searches"
netflix-abo angebot,"Informational, Commercial",47,210,40,1.49,"AI Overview, Reviews, People also ask, Related searches"
netflixabo,"Navigational, Transactional",42,210,51,1.35,"Reviews, Video, People also ask, Related searches"
netzabdeckung o2 prüfen,Commercial,35,210,37,0.16,"AI Overview, Reviews, People also ask, Related searches, Ads top"
netzabdeckung otelo,"Informational, Transactional",38,210,16,1.10,"Reviews, Image pack, People also ask, Related searches"
netzabdeckung telekom mobilfunk,"Informational, Transactional",42,210,42,4.23,"Reviews, Video, People also ask, Related searches"
neue deutsche serien,Commercial,32,210,23,0.00,"AI Overview, Image, Video, People also ask, Related searches"
new film netflix,"Informational, Transactional",29,210,68,0.00,"AI Overview, Video, People also ask, Related searches"
o2 5g netzabdeckung,Commercial,35,210,26,0.31,"Reviews, People also ask, Related searches"
o2 fernseher,"Navigational, Commercial",42,210,40,1.08,"Reviews, Video, Video carousel, People also ask, Related searches"
online tv kostenlos schauen,Commercial,40,210,53,1.00,"AI Overview, Reviews, Video, People also ask, Related searches"
play waipu tv,Transactional,41,210,44,0.03,"Reviews, Video, People also ask, Related searches, Ads middle"
preis magenta tv,Transactional,43,210,45,0.86,"AI Overview, Reviews, Video, People also ask, Related searches"
preisvergleich internetanbieter,Commercial,45,210,43,3.74,"Reviews, Video, People also ask, Related searches, Ads top, Ads middle"
pro7 kostenlos streamen,Commercial,42,210,44,0.48,"Reviews, Video, People also ask, Related searches"
probleme deutsche glasfaser,"Informational, Transactional",36,210,34,0.00,"AI Overview, Video, People also ask, Related searches"
receiver für fernsehen,Commercial,40,210,30,0.74,"Video, Video carousel, People also ask, Related searches, Popular products"
recommended iptv providers,Commercial,44,210,44,0.00,"Sitelinks, People also ask, Related searches"
resiever,Commercial,30,210,25,0.88,"Video, People also ask, Related searches, Popular products"
rtl + kostenlos testen,Commercial,39,210,44,2.13,"AI Overview, Reviews, Video, People also ask, Related searches, Ads top, Ads bottom"
rtl aktuell now,"Navigational, Transactional",36,210,61,0.00,"Reviews, Video, Related searches"
rtl canlı izle,"Navigational, Transactional",40,210,44,0.00,Reviews
rtl de programme,"Navigational, Transactional",33,210,71,0.00,"Sitelinks, Reviews, Video, People also ask, Related searches"
rtl fernseh,Commercial,37,210,58,0.49,"Reviews, Video, People also ask, Related searches"
rtl kostenlos live sehen,Commercial,42,210,49,1.00,"Sitelinks, Reviews, Video, People also ask, Related searches, Ads middle"
rtl live ansehen,"Navigational, Transactional",39,210,53,0.88,"Reviews, Video, People also ask, Related searches"
rtl live fußball deutschland,"Navigational, Transactional",38,210,50,0.00,"Sitelinks, Reviews, Video, People also ask, Related searches"
rtl live stream kostenlos ohne anmeldung nydus,"Navigational, Transactional",37,210,20,0.00,"Reviews, Video, People also ask"
rtl live stream online,"Navigational, Transactional",41,210,54,0.72,"Reviews, Video, People also ask, Related searches"
rtl mediathek aktuell,"Informational, Transactional",38,210,50,0.00,"Reviews, Video, People also ask, Related searches"
rtl nitro stream kostenlos,Commercial,39,210,19,0.00,"Reviews, Video, People also ask"
rtl now aktuell,"Navigational, Transactional",38,210,55,0.00,"Reviews, Video, People also ask, Knowledge panel, Related searches"
rtl now.de,"Navigational, Transactional",38,210,72,0.08,"Sitelinks, Reviews, Video, People also ask, Knowledge panel"
rtl online kostenlos schauen,Commercial,43,210,43,1.57,"Sitelinks, Reviews, Video, People also ask, Related searches"
rtl plzs,"Navigational, Commercial",38,210,59,0.26,"Sitelinks, Reviews, Video, People also ask, Related searches, Ads top, Ads bottom"
rtl televizija live stream,"Navigational, Transactional",42,210,53,0.90,"Reviews, Video, People also ask, Related searches"
rtl uzivo,"Informational, Transactional",39,210,48,0.93,"Reviews, Video, People also ask, Related searches"
rtl uživo stream,"Navigational, Transactional",42,210,47,0.99,"AI Overview, Reviews, Video, People also ask, Related searches"
rtl von gestern,"Informational, Transactional",34,210,37,0.79,"Video, People also ask, Related searches"
rtl zwei livestream,Commercial,38,210,36,1.05,"Reviews, Video, People also ask, Related searches"
rtl2 kostenlos ansehen,Commercial,39,210,29,0.00,"Reviews, Video, People also ask, Related searches"
rtl2 livestream kostenlos,Commercial,40,210,25,1.00,"AI Overview, Reviews, Video, Related searches"
rtl2 online schauen,Commercial,39,210,43,0.83,"AI Overview, Reviews, Video, People also ask, Related searches"
rtl2 online sehen,Commercial,39,210,30,0.87,"Reviews, Video, People also ask, Related searches"
s to serien streamen kostenlos,Commercial,48,210,18,0.00,"Sitelinks, People also ask, Related searches"
sat receiver mit smart tv,Commercial,39,210,23,0.13,"Video, People also ask, Related searches, Popular products"
satelliten festplattenreceiver,Commercial,37,210,19,0.16,"Reviews, Video, People also ask, Related searches, Popular products"
serie jugendliche,Commercial,32,210,25,0.00,"Image, Video, People also ask, Related searches"
serie streamen kostenlos,Commercial,41,210,34,0.73,"AI Overview, Reviews, People also ask, Related searches"
serien als stream,Commercial,43,210,34,0.00,"AI Overview, Reviews, Video, People also ask, Related searches"
serien im stream,Commercial,41,210,36,0.00,"AI Overview, Video, People also ask, Related searches"
serien kostenlos ansehen,"Informational, Commercial",39,210,41,0.50,"Sitelinks, Reviews, Video, Related searches"
serien kostenlos online schauen,Commercial,38,210,41,0.57,"AI Overview, Reviews, Related searches"
serien online kostenlos streamen,Commercial,41,210,38,0.67,"Sitelinks, Reviews, Related searches"
serien online stream kostenlos,Commercial,40,210,45,1.43,"Sitelinks, AI Overview, Reviews, Video, Related searches"
serien streams to,Commercial,40,210,20,0.83,"Sitelinks, Reviews, Video, People also ask, Related searches"
serienstream .sx,Commercial,48,210,36,0.00,"Sitelinks, AI Overview, Reviews, People also ask"
serienstream seite,"Informational, Commercial",43,210,36,0.00,"AI Overview, People also ask, Related searches"
serienstream.domain,Commercial,48,210,29,0.80,"Reviews, Video, People also ask"
serienstrewm,Commercial,48,210,22,0.71,"Sitelinks, Reviews, Related searches"
sky deal,Transactional,33,210,35,0.71,"Reviews, Video, People also ask, Related searches, Ads bottom"
sky mini box,"Informational, Transactional",30,210,28,1.22,"Reviews, Video, People also ask, Related searches, Popular products"
sky q mini kaufen,Transactional,32,210,30,0.69,"Reviews, Video, People also ask, Related searches, Popular products"
sky sat receiver,Commercial,35,210,34,2.45,"Reviews, Video, People also ask, Related searches, Popular products"
sky ticket sports,"Informational, Transactional",33,210,76,3.47,"AI Overview, Reviews, Video, People also ask, Related searches"
smart receiver,Commercial,36,210,25,0.69,"Reviews, Image pack, Video, People also ask, Related searches, Popular products"
smart tv box test,Commercial,37,210,44,0.33,"Sitelinks, Reviews, Video, People also ask, Related searches, Popular products"
smart tv mit wlan,Commercial,44,210,24,0.31,"People also ask, Related searches, Popular products"
smart tv player,"Informational, Transactional",41,210,29,0.45,"Reviews, Video, Video carousel, People also ask, Related searches"
speedcheck deutsche glasfaser,"Informational, Transactional",47,210,28,0.03,"Reviews, Video, People also ask, Related searches"
stick hdmi tv,Commercial,35,210,36,0.60,"Reviews, Video, People also ask, Related searches, Popular products"
stream fernsehen kostenlos,Commercial,41,210,45,0.86,"Reviews, Video, People also ask, Related searches"
stream serie,Commercial,39,210,45,1.24,"Reviews, Video, People also ask, Related searches"
streaming anbieter im vergleich,Commercial,45,210,40,1.58,"AI Overview, Reviews, Video, People also ask, Related searches, Ads bottom"
streaming stick vergleich,Commercial,41,210,32,0.47,"Sitelinks, Reviews, Video, People also ask, Related searches"
studenten wlan,Commercial,39,210,28,5.10,"Reviews, People also ask, Related searches, Ads top, Ads middle"
super rtl live stream kostenlos ohne anmeldung,"Navigational, Transactional",36,210,28,0.00,"Reviews, Video, People also ask, Related searches"
tarife bei vodafone,Commercial,37,210,42,2.20,"AI Overview, Reviews, People also ask, Related searches, Ads top, Ads bottom"
tarife glasfaser,Commercial,45,210,45,1.01,"Reviews, Video, Video carousel, People also ask, Related searches"
telecom angebote,Transactional,43,210,38,0.97,"Reviews, Video, People also ask, Related searches, Ads top, Ads middle"
telecom glasfaser,"Navigational, Transactional",40,210,44,3.52,"Sitelinks, Reviews, Video, Video carousel, People also ask, Related searches"
telefon internet vergleich,Commercial,39,210,52,2.19,"Sitelinks, Reviews, Video, People also ask, Related searches, Ads top, Ads bottom"
telefon und internetanbieter vergleich,Commercial,41,210,49,1.78,"AI Overview, Reviews, Video, People also ask, Related searches"
telefonanbieter festnetz und internet,Commercial,46,210,45,1.42,"AI Overview, Reviews, Video, People also ask, Related searches, Ads top, Ads middle"
telefonvertrag festnetz,Commercial,42,210,37,1.22,"AI Overview, Reviews, People also ask, Related searches, Ads top, Ads middle"
telekom apple tv,"Navigational, Transactional",44,210,21,7.85,"Reviews, Video, People also ask, Related searches"
telekom big tv,"Navigational, Transactional",40,210,21,5.28,"Reviews, Video, People also ask, Related searches"
telekom festnetz mit internet,Commercial,43,210,34,2.29,"AI Overview, Reviews, Video, People also ask, Related searches, Ads top, Ads bottom"
telekom glasfaser box,"Informational, Transactional",36,210,35,5.50,"Image pack, Video carousel, People also ask, Related searches"
telekom internet tarif,Transactional,44,210,37,3.00,"Reviews, Video, People also ask, Related searches"
telekom internet und fernsehen,"Navigational, Transactional",47,210,34,1.80,"Reviews, Video, People also ask, Related searches"
telekom internet verträge,Transactional,43,210,40,4.09,"Reviews, People also ask, Related searches"
telekom kundenservice magentatv,"Navigational, Transactional",47,210,47,0.28,"Video, People also ask, Related searches"
telekom magentatv stick,"Informational, Transactional",39,210,23,0.42,"Reviews, Video, People also ask, Related searches, Popular products"
telekom netzabdeckung mobilfunk,Transactional,39,210,34,4.33,"Reviews, Video, People also ask, Related searches"
telekom senderliste,"Navigational, Transactional",36,210,31,7.36,"People also ask, Related searches"
telekom wlan tarife,"Navigational, Transactional",39,210,37,2.60,"Reviews, People also ask, Related searches, Ads top, Ads bottom"
telekom young tarif internet,Transactional,42,210,31,1.02,"Reviews, People also ask, Related searches"
television telekom,Transactional,45,210,58,2.14,"AI Overview, Reviews, Video, People also ask, Related searches, Ads top"
televisions smart,Commercial,36,210,36,0.80,"Video, People also ask, Related searches, Popular products"
tv anschluss check,Commercial,42,210,30,1.92,"AI Overview, Reviews, Video, People also ask, Related searches, Ads top, Ads bottom"
tv free streaming,Commercial,38,210,46,0.89,"AI Overview, Reviews, Video, Related searches"
tv internet anbieter vergleich,Commercial,55,210,36,1.58,"Sitelinks, Reviews, People also ask, Related searches"
tv internet telekom,"Navigational, Transactional",46,210,56,2.55,"Reviews, Video, People also ask, Related searches"
tv internetfähig,Commercial,50,210,22,2.24,"Reviews, Video, People also ask, Related searches, Popular products, Ads top, Ads bottom"
tv mit receiver,Commercial,42,210,24,0.74,"Video, People also ask, Related searches, Popular products"
tv programm live kostenlos,Commercial,41,210,68,0.47,"Reviews, Video, People also ask, Related searches"
tv stick ohne vertrag media markt,Commercial,41,210,31,0.57,"Sitelinks, Reviews, People also ask, Related searches, Popular products"
tv sticks for streaming,"Informational, Commercial",42,210,26,0.81,"Sitelinks, Reviews, Video, Video carousel, People also ask, Related searches, Popular products"
tv streaming gratis,Commercial,38,210,32,1.00,"Reviews, Video, People also ask, Related searches, Ads bottom"
tv tarife,"Informational, Commercial",51,210,43,2.03,"AI Overview, Reviews, Video, People also ask, Related searches, Ads top"
umsonst fernsehn,Commercial,38,210,42,0.75,"AI Overview, Reviews, Video, People also ask, Related searches, Ads top, Ads middle"
unbegrenzte datenflat,Commercial,39,210,29,1.60,"AI Overview, Reviews, Video, People also ask, Related searches"
unlimited datenvolumen ohne handy,Commercial,49,210,22,3.05,"Video, People also ask, Related searches, Ads top, Ads middle"
unlimited flat,Commercial,36,210,33,3.64,"Reviews, Video, People also ask, Related searches"
vdsl über kabel,Commercial,41,210,17,1.01,"People also ask, Related searches"
verfügbarkeit vdsl,Commercial,40,210,49,1.60,"Reviews, People also ask, Related searches"
verfügbarkeitsabfrage vodafone,"Navigational, Transactional",36,210,19,1.36,"Sitelinks, Reviews, People also ask, Related searches, Ads top, Ads middle"
verfügbarkeitscheck internet,Commercial,43,210,50,2.07,"AI Overview, Reviews, Video, People also ask, Related searches"
verfügbarkeitsprüfung internet,Commercial,42,210,50,2.07,"Reviews, Video, People also ask, Related searches, Ads middle"
vergleich dsl anschluss,Commercial,38,210,43,3.67,"Sitelinks, AI Overview, Reviews, Video, People also ask, Related searches, Ads bottom"
vergleich glasfaser,Commercial,42,210,31,1.83,"Sitelinks, Reviews, People also ask, Related searches"
vergleich handynetze,Commercial,40,210,43,1.90,"AI Overview, Reviews, Video, People also ask, Related searches"
vergleich internet tv anbieter,Commercial,56,210,35,1.58,"Sitelinks, Reviews, Video, People also ask, Related searches"
vergleich streaming anbieter,Commercial,47,210,42,1.84,"Reviews, Video, People also ask, Related searches"
vergleich telefon und internet,Commercial,39,210,54,2.37,"AI Overview, Reviews, Video, People also ask, Related searches"
vergleichsportal internet,Commercial,38,210,54,4.24,"AI Overview, Reviews, Video, People also ask, Related searches"
vertrag mit tv,Commercial,47,210,18,2.60,"Reviews, Image, Related searches, Ads top, Ads bottom"
vodafon handytarife,Commercial,34,210,50,2.05,"Reviews, People also ask, Related searches, Ads top, Ads bottom"
vodafon vertrag ohne handy,Commercial,36,210,44,2.53,"Reviews, People also ask, Related searches"
vodafone internet verfügbarkeit prüfen,Transactional,39,210,22,1.20,"Reviews, People also ask, Related searches, Ads top, Ads bottom"
vodafone kabel 1000,Transactional,40,210,30,1.86,"Reviews, Video, People also ask, Related searches, Ads top"
vodafone netzverfügbarkeit,Transactional,39,210,27,1.69,"Sitelinks, Reviews, Video, People also ask, Related searches, Ads top, Ads bottom"
vodafone oder o2,Commercial,40,210,19,0.00,"Sitelinks, AI Overview, Reviews, Video, Video carousel, People also ask, Related searches"
vodafone oder telekom netz,Commercial,41,210,38,1.84,"AI Overview, Reviews, Video, People also ask, Related searches"
vodafone tarife mobilfunk,Transactional,37,210,52,2.05,"Reviews, People also ask, Related searches"
vodafone unlimited vertrag,Transactional,37,210,23,2.23,"AI Overview, Reviews, Video, People also ask, Related searches"
vox gucken live,Commercial,31,210,35,0.86,"Reviews, Video, People also ask, Related searches"
w lan router,Commercial,31,210,44,2.27,"Reviews, Video, Video carousel, People also ask, Related searches, Popular products, Ads top, Ads bottom"
waipu abo,"Navigational, Transactional",28,210,43,0.18,"AI Overview, Reviews, People also ask, Related searches"
waipu angebot für bestandskunden,"Informational, Transactional",34,210,40,0.18,"Reviews, People also ask, Related searches"
waipu tarife,"Navigational, Transactional",33,210,39,0.06,"Video, People also ask, Related searches"
waipu tv bewertungen,Commercial,41,210,16,0.00,"AI Overview, Reviews, Video, Video carousel, People also ask, Related searches"
waipu tv kaufen,Transactional,37,210,45,0.25,"Reviews, People also ask, Related searches, Popular products"
waipu tv mit wow,Transactional,39,210,30,0.18,"Reviews, Video, People also ask, Related searches"
waipu tv probemonat,"Navigational, Transactional",34,210,30,0.48,"AI Overview, Reviews, Image, People also ask, Related searches"
waipu tv tarife,Transactional,40,210,46,0.05,"Video, People also ask, Related searches, Ads top, Ads bottom"
waiputv angebote,Transactional,44,210,55,0.14,"AI Overview, Reviews, Image, People also ask, Related searches, Ads top"
was ist set top box,"Informational, Commercial",38,210,14,0.00,"Reviews, Image, Video, People also ask, Related searches, Popular products"
was kostet glasfaser,Commercial,40,210,37,0.48,"Sitelinks, AI Overview, Reviews, Video, Video carousel, People also ask, Related searches, Ads bottom"
welches internet ist das beste,Commercial,45,210,32,2.16,"AI Overview, Reviews, Video, People also ask, Related searches"
welches netz,"Navigational, Commercial",35,210,40,3.36,"Sitelinks, Reviews, Video, People also ask, Related searches"
wlan angebote mit router,Commercial,42,210,42,2.47,"Reviews, Video, People also ask, Related searches, Popular products, Ads top, Ads bottom"
wlan fähiger fernseher,Commercial,39,210,24,0.26,"Video, People also ask, Related searches, Popular products"
wlan günstiger anbieter,"Informational, Commercial",45,210,37,3.90,"AI Overview, Reviews, Video, People also ask, Related searches, Ads top, Ads middle"
wlan internetanbieter,Commercial,45,210,43,4.72,"Sitelinks, AI Overview, Reviews, Video, People also ask, Related searches, Ads top, Ads middle"
wlan mit router,Commercial,39,210,29,2.27,"Reviews, Video, Video carousel, People also ask, Related searches"
wlan preisvergleich,Commercial,41,210,50,4.80,"Reviews, People also ask, Related searches"
wlan router mit dsl,Commercial,36,210,35,2.69,"Sitelinks, Reviews, Video, People also ask, Related searches, Popular products"
wlan router test stiftung warentest,Commercial,31,210,38,0.28,"Sitelinks, AI Overview, Reviews, Video, People also ask, Related searches"
wlan stick für tv ohne vertrag,Commercial,43,210,29,0.85,"Sitelinks, Reviews, Video, People also ask, Related searches, Popular products"
wlan studenten,Commercial,38,210,31,4.27,"Reviews, Related searches"
wlan vertrag monatlich kündbar,Commercial,36,210,33,6.94,"Reviews, Video, Related searches, Ads top, Ads bottom"
wm magenta tv,"Informational, Commercial",47,210,,5.34,"Reviews, Video, Video carousel, Top stories, Related searches"
woher weiß ich ob ich glasfaser habe,"Informational, Commercial",43,210,34,1.81,"AI Overview, Reviews, Video, People also ask, Related searches, Ads top, Ads bottom"
wow tv magenta,"Informational, Commercial",33,210,21,1.20,"Sitelinks, AI Overview, Reviews, Video, People also ask, Related searches"
www rtl de now,"Navigational, Transactional",37,210,76,0.04,"Reviews, Video, Related searches, Ads top"
1 und 1 internet zuhause,Commercial,42,170,47,1.20,"Reviews, People also ask, Related searches"
1&1 hd tv plus,"Informational, Transactional",46,170,32,0.77,"Reviews, People also ask, Related searches"
1&1 vertrag ohne handy monatlich kündbar,"Informational, Commercial",47,170,49,1.00,"AI Overview, Reviews, People also ask, Related searches, Ads bottom"
100 mbit dsl,Commercial,42,170,24,2.44,"Reviews, People also ask, Related searches, Ads top"
16 dsl,Commercial,33,170,19,1.47,"Sitelinks, AI Overview, Reviews, Video, People also ask, Related searches, Ads top, Ads middle"
192.168.1-1,Commercial,35,170,40,0.00,"AI Overview, Video, Video carousel, People also ask"
1u1 cinema,"Informational, Transactional",38,170,30,0.00,"Reviews, Video, People also ask, Related searches"
1und1 fernseher,"Informational, Transactional",50,170,39,0.72,"Reviews, People also ask, Related searches"
1und1 tv senderliste,"Navigational, Transactional",47,170,26,0.00,"Reviews, People also ask, Related searches"
abo netflix kosten,"Informational, Transactional",42,170,53,0.64,"AI Overview, Reviews, People also ask, Related searches"
abonnement netflix kosten,"Informational, Transactional",39,170,44,0.54,"AI Overview, People also ask, Related searches"
alternative für kabelfernsehen,"Informational, Commercial",50,170,14,1.17,"Sitelinks, AI Overview, Video, Video carousel, People also ask, Related searches, Ads top, Ads middle"
alternative zu waipu,"Informational, Commercial",36,170,28,0.59,"Sitelinks, AI Overview, Reviews, Video, People also ask, Related searches"
alternative zu zattoo,Commercial,35,170,17,0.80,"AI Overview, Reviews, Video, Video carousel, People also ask, Related searches"
amazon stick bei media markt,"Informational, Commercial",36,170,34,0.36,"Video, People also ask, Related searches, Popular products"
anbieter für festnetz und internet,Commercial,47,170,45,1.50,"Sitelinks, Reviews, Video, People also ask, Related searches, Ads top, Ads bottom"
anbieter internet telefon,Commercial,45,170,55,2.03,"AI Overview, Reviews, Video, People also ask, Related searches, Ads bottom, Ads middle"
anbieter kabelanschluss,Commercial,42,170,38,1.42,"AI Overview, Reviews, Video, People also ask, Related searches, Ads top, Ads middle"
anbieter telefon internet,Commercial,45,170,37,2.03,"AI Overview, Reviews, People also ask, Related searches"
anbieter telefon und internet vergleich,Commercial,42,170,51,1.56,"Sitelinks, Reviews, Video, People also ask, Related searches"
android 4k tv stick,"Informational, Transactional",40,170,23,0.36,"Video, Video carousel, People also ask, Related searches, Popular products"
angebot dsl,Commercial,44,170,51,3.15,"Reviews, Video, People also ask, Related searches"
angebot waipu,Transactional,34,170,54,0.20,"Reviews, People also ask, Related searches"
angebote dsl festnetz,Commercial,43,170,40,1.70,"AI Overview, Reviews, Video, People also ask, Related searches, Ads top, Ads middle"
angebote dsl und festnetz,Commercial,44,170,54,1.42,"Reviews, Video, People also ask, Related searches"
bei der fritzbox anmelden,"Informational, Transactional",44,170,24,1.35,"AI Overview, Video, Video carousel, People also ask, Related searches"
berliner internetanbieter,Commercial,43,170,23,4.12,"Reviews, Video, People also ask, Local pack, Related searches"
best ip tv,Commercial,45,170,33,1.12,"Sitelinks, Reviews, Video, Video carousel, People also ask, Related searches"
best isp in germany,Commercial,40,170,18,2.94,"Sitelinks, AI Overview, Reviews, Video, People also ask, Related searches, Ads bottom, Ads middle"
best streaming stick,Commercial,35,170,40,0.64,"Sitelinks, Reviews, Video, Video carousel, People also ask, Related searches, Popular products"
beste dsl angebote,Commercial,41,170,46,2.71,"Sitelinks, Reviews, Video, People also ask, Related searches, Ads top, Ads bottom"
beste internet,Commercial,42,170,35,2.92,"AI Overview, Reviews, Video, People also ask, Related searches"
beste internet angebote,Commercial,45,170,50,3.08,"Reviews, People also ask, Related searches"
beste internetanbieter deutschland,Commercial,44,170,38,2.07,"Sitelinks, AI Overview, Reviews, Video, Video carousel, People also ask, Related searches"
beste iptv anbieter forum,Commercial,49,170,10,0.00,"Sitelinks, Reviews, People also ask, Related searches"
beste mobilfunknetz,Commercial,41,170,30,2.07,"AI Overview, Reviews, Video, Video carousel, Short videos, People also ask, Related searches"
besten internetanbieter,Commercial,48,170,38,2.63,"Reviews, Video, People also ask, Related searches"
bester iptv anbieter deutschland,Commercial,68,170,19,0.00,"Sitelinks, AI Overview, Video, Short videos, People also ask, Related searches"
bester iptv provider,Commercial,65,170,20,0.00,"Sitelinks, AI Overview, Video, People also ask, Related searches"
bester sat receiver,Commercial,32,170,21,0.14,"Sitelinks, Reviews, Video, Video carousel, People also ask, Related searches"
bester tv anbieter,Commercial,51,170,41,1.97,"Sitelinks, AI Overview, Reviews, Video, People also ask, Related searches"
bester wlan anbieter,Commercial,47,170,31,4.14,"Sitelinks, AI Overview, Reviews, Video, People also ask, Related searches, Ads top, Ads bottom"
bestes dsl angebot,Commercial,41,170,46,2.71,"Sitelinks, Reviews, Video, Related searches"
bestes internet,Commercial,43,170,46,3.16,"AI Overview, Video, Video carousel, People also ask, Related searches, Ads top, Ads middle"
billiges internet für zuhause,"Informational, Commercial",44,170,56,2.78,"AI Overview, Reviews, Video, People also ask, Related searches, Ads top, Ads middle"
bundesliga bei der telekom,Transactional,41,170,49,0.40,"Sitelinks, AI Overview, Reviews, Video, People also ask, Related searches"
bundesligastreaming com,Commercial,35,170,29,1.40,"Sitelinks, Video, People also ask, Related searches"
d netz qualität,"Informational, Commercial",35,170,21,2.78,"Sitelinks, Reviews, People also ask, Related searches"
dazn fussbal,"Navigational, Transactional",59,170,65,0.89,"Video, Video carousel, People also ask, Top stories, Related searches"
dazn fussball live,"Navigational, Transactional",59,170,72,0.75,"Reviews, Video, Top stories, Related searches"
dazn fußball live,"Navigational, Transactional",59,170,69,0.75,"Reviews, Video, Top stories, Related searches"
deutsche glasfaser internet störung,"Informational, Transactional",36,170,33,0.00,"Reviews, People also ask, Related searches"
deutsche glasfaser widerruf,"Informational, Transactional",39,170,20,0.74,"Reviews, Video, People also ask, Related searches"
deutschland handynetze,"Informational, Commercial",40,170,48,1.31,"AI Overview, Reviews, Video, People also ask, Related searches"
die besten router,Commercial,43,170,20,0.40,"Sitelinks, Video, People also ask, Related searches"
digital antenne tv,Commercial,36,170,17,0.37,"Video, People also ask, Related searches, Popular products"
dsl 16 mbit,Commercial,39,170,19,1.51,"Sitelinks, Reviews, Video, People also ask, Related searches"
dsl aktion,Commercial,36,170,41,2.43,"Reviews, Video, Related searches"
dsl anbieter billig,Commercial,42,170,44,2.34,"Sitelinks, Reviews, Video, People also ask, Related searches"
dsl anschluß,Commercial,42,170,35,5.71,"AI Overview, Reviews, Image pack, Video, Video carousel, People also ask, Related searches, Ads top, Ads bottom"
dsl festnetz angebote,Commercial,42,170,42,2.07,"AI Overview, Reviews, People also ask, Related searches, Ads top, Ads bottom"
dsl internet anbieter,Commercial,44,170,43,5.07,"Sitelinks, Reviews, Video, People also ask, Related searches, Ads top, Ads middle"
dsl internet günstig,Commercial,43,170,35,3.28,"Sitelinks, AI Overview, Reviews, Video, Related searches, Ads middle"
dsl kabel für router,Commercial,38,170,14,0.98,"Reviews, Video, People also ask, Related searches, Popular products"
dsl mit fernsehen,Commercial,47,170,31,2.42,"AI Overview, Reviews, Video, Related searches"
dsl provider,Commercial,41,170,43,2.98,"Sitelinks, AI Overview, Reviews, Video, People also ask, Related searches"
dsl tarif telekom,Commercial,43,170,41,2.39,"Reviews, People also ask, Related searches, Ads top, Ads bottom"
dsl verträge vergleich,Commercial,39,170,45,4.25,"Sitelinks, Reviews, Video, People also ask, Related searches"
dsl verträge vergleichen,Commercial,39,170,40,3.74,"Sitelinks, Video, People also ask, Related searches, Ads top, Ads bottom"
dvb s receiver,Commercial,34,170,19,0.28,"Image pack, People also ask, Related searches, Popular products"
empfohlene sendungen,"Informational, Commercial",35,170,33,0.00,"Video, People also ask, Related searches"
fernseh kostenlos anschauen,Commercial,39,170,41,0.31,"Sitelinks, Reviews, Video, People also ask, Related searches, Ads middle"
fernseh online kostenlos,Commercial,42,170,60,0.81,"Reviews, Video, People also ask, Related searches"
fernseh stick wlan,Commercial,37,170,30,0.50,"Sitelinks, Reviews, Video, People also ask, Related searches, Popular products, Ads top, Ads bottom"
fernsehen auf dem laptop kostenlos,Commercial,40,170,42,0.38,"AI Overview, Reviews, Video, Video carousel, People also ask, Related searches, Ads top, Ads middle"
fernsehen auf laptop kostenlos,"Informational, Commercial",40,170,53,0.45,"AI Overview, Video, People also ask, Related searches, Ads bottom, Ads middle"
fernsehen auf pc,Commercial,45,170,30,0.56,"AI Overview, Reviews, Video, People also ask, Related searches, Ads bottom, Ads middle"
fernsehen online schauen,Commercial,42,170,58,1.15,"Reviews, Video, People also ask, Related searches"
fernsehen über internet vergleich,Commercial,50,170,36,1.61,"AI Overview, Reviews, Video, People also ask, Related searches, Ads top, Ads bottom"
festnetz günstiger anbieter,"Informational, Commercial",44,170,49,1.30,"AI Overview, Reviews, Video, People also ask, Related searches, Ads top, Ads bottom"
festnetz internet und tv,Commercial,48,170,49,1.71,"Reviews, Video, People also ask, Related searches, Ads top, Ads middle"
festnetz tarif,"Informational, Commercial",44,170,44,1.36,"Reviews, People also ask, Related searches"
festnetz telefontarife vergleich,Commercial,44,170,39,0.99,"Sitelinks, Reviews, People also ask, Related searches"
festnetz tv internet,Commercial,48,170,42,1.78,"Reviews, Video, People also ask, Related searches"
festnetz und dsl angebote,"Informational, Commercial",44,170,46,1.60,"Sitelinks, AI Overview, Reviews, People also ask, Related searches"
festnetz und handy bei telekom,Commercial,38,170,39,0.69,"AI Overview, Reviews, People also ask, Related searches, Ads top, Ads bottom"
festnetz und internet günstig,Commercial,44,170,43,1.32,"Reviews, People also ask, Related searches"
festnetzanbieter mit internet,Commercial,46,170,47,1.98,"Sitelinks, Reviews, Video, People also ask, Related searches"
flixi tv stick kaufen,"Informational, Transactional",49,170,24,0.56,"Sitelinks, Reviews, Video, Video carousel, People also ask, Related searches, Popular products"
flixy tv stick kaufen,Transactional,49,170,15,0.68,"Sitelinks, Video, People also ask, Related searches, Popular products"
free fernsehen,Commercial,43,170,38,0.94,"AI Overview, Reviews, Video, People also ask, Top stories, Related searches"
free tv live stream,Commercial,38,170,54,0.62,"Reviews, Video, People also ask, Related searches"
free tv show stream online,Commercial,33,170,66,0.00,"Sitelinks, Video, People also ask, Related searches"
free tv stick,Commercial,39,170,27,0.47,"Sitelinks, Reviews, Video, Video carousel, People also ask, Related searches"
freetvstream,Commercial,35,170,42,2.32,"Reviews, Video, Related searches"
fritz box einwahl,"Navigational, Transactional",44,170,32,0.00,"Sitelinks, Video, People also ask, Related searches, Popular products"
fritzbox deutsche glasfaser,"Informational, Transactional",37,170,27,0.46,"Reviews, Image pack, Video, Video carousel, People also ask, Related searches"
funkmasten in meiner nähe,Transactional,37,170,26,0.00,"Sitelinks, AI Overview, Reviews, Video, People also ask, Related searches"
fußball live dazn,"Navigational, Transactional",59,170,69,0.75,"Reviews, Video, Top stories, Related searches"
germany ip tv,Commercial,50,170,16,0.87,"AI Overview, Video, People also ask, Related searches"
geräte zum streamen,Commercial,46,170,23,0.63,"Video, People also ask, Related searches, Popular products"
gestern rtl,Transactional,34,170,39,0.79,"Video, People also ask, Related searches"
gigacube vodafone datenvolumen,Transactional,36,170,22,3.89,"Sitelinks, Reviews, Video, People also ask, Related searches, Ads top, Ads bottom"
glasfaser anbieter verfügbarkeit,Commercial,46,170,35,1.04,"Reviews, People also ask, Related searches, Ads top, Ads bottom"
glasfaser angebot telekom,"Navigational, Transactional",43,170,36,1.49,"Sitelinks, People also ask, Related searches"
glasfaser angebote vergleich,Commercial,44,170,30,1.28,"AI Overview, Reviews, People also ask, Related searches, Ads top, Ads middle"
glasfaser internet vodafone,Commercial,39,170,31,1.20,"Sitelinks, Reviews, Video, People also ask, Related searches, Ads top, Ads bottom"
glasfaser preis,Transactional,42,170,,0.65,"People also ask, Related searches"
glasfaser verlegen kosten,Commercial,42,170,17,0.82,"AI Overview, Reviews, Video, Video carousel, People also ask, Related searches"
glasfaserkabel für internet,"Informational, Transactional",41,170,12,1.42,"Reviews, Image pack, Video, Video carousel, People also ask, Related searches, Popular products, Ads bottom"
gratis streamen serien,Commercial,40,170,30,0.98,"AI Overview, Reviews, Related searches, Ads bottom"
guter router,Commercial,39,170,28,0.63,"Sitelinks, Reviews, Video, People also ask, Related searches, Popular products"
günstige verträge vodafone,Commercial,39,170,32,2.79,"Reviews, Video, People also ask, Related searches, Ads top, Ads middle"
günstige wlan tarife,Commercial,41,170,33,4.09,"Reviews, Video, People also ask, Related searches, Ads top, Ads middle"
günstiger festnetzanschluss mit internet,Commercial,46,170,49,1.47,"Reviews, People also ask, Related searches, Ads top, Ads middle"
günstiger internet anbieter,Commercial,46,170,46,2.45,"AI Overview, Reviews, Video, People also ask, Related searches, Ads top, Ads bottom"
günstiger internetanbieter für zuhause,Commercial,45,170,55,1.92,"AI Overview, Reviews, Video, People also ask, Related searches, Ads top, Ads middle"
günstiges internet dsl,Commercial,43,170,39,3.27,"Reviews, Video, Related searches"
günstiges internet ohne festnetz,Commercial,43,170,30,1.07,"AI Overview, Reviews, Video, People also ask, Related searches, Ads top, Ads middle"
günstiges kabel internet,Commercial,45,170,30,2.83,"Reviews, Video, People also ask, Related searches"
günstigster internet tarif,Commercial,44,170,50,1.92,"AI Overview, Reviews, Video, People also ask, Related searches, Ads top, Ads middle"
handynetz telekom,Commercial,38,170,47,1.48,"AI Overview, Reviews, Video, People also ask, Related searches, Ads top, Ads bottom"
hd online tv,Commercial,45,170,60,2.09,"AI Overview, Reviews, Video, Related searches, Ads top, Ads middle"
hd sat receiver mit hd+ karte,Commercial,50,170,21,0.14,"People also ask, Related searches, Popular products"
hdmi tv stick,Commercial,43,170,31,0.72,"Sitelinks, Reviews, Video, People also ask, Related searches"
http www fritz box de login,"Navigational, Transactional",40,170,34,0.00,"AI Overview, Reviews, People also ask, Related searches"
internet 1000 mbit angebote,Commercial,41,170,28,1.94,"AI Overview, Reviews, Video, People also ask, Related searches, Ads top, Ads middle"
internet anmelden telekom,"Informational, Transactional",47,170,30,3.39,"AI Overview, Reviews, Video, Video carousel, People also ask, Related searches"
internet dsl anbieter,Commercial,44,170,48,5.81,"Sitelinks, AI Overview, Reviews, Related searches, Ads top, Ads bottom"
internet dsl günstig,Commercial,44,170,37,3.28,"Sitelinks, Reviews, Video, People also ask, Related searches"
internet fur zuhause,Commercial,44,170,50,4.56,"Reviews, Video, People also ask, Related searches, Ads top, Ads middle"
internet für die wohnung,Commercial,45,170,50,4.72,"Reviews, Video, People also ask, Related searches, Ads top, Ads bottom"
internet für zuhause ohne telefon mit router,Commercial,48,170,29,1.68,"AI Overview, Reviews, Video, Video carousel, People also ask, Related searches, Ads top, Ads middle"
internet in germany,Commercial,42,170,33,3.85,"Sitelinks, AI Overview, Reviews, Video, Video carousel, People also ask, Related searches, Ads bottom, Ads middle"
internet kabelfernsehen,Commercial,51,170,30,1.52,"AI Overview, Reviews, Video, People also ask, Related searches, Ads top, Ads middle"
internet muenchen,Commercial,40,170,27,4.87,"Reviews, Video, People also ask, Related searches"
internet provider service,Commercial,42,170,31,3.43,"Featured snippet, Reviews, Video, People also ask, Local pack, Knowledge panel, Related searches"
internet provider vergleich,Commercial,42,170,46,2.66,"AI Overview, Reviews, Video, People also ask, Related searches, Ads top, Ads bottom"
internet prämie,Commercial,40,170,13,5.07,"Sitelinks, Reviews, Related searches, Ads top, Ads bottom"
internet telefon vergleich,Commercial,38,170,56,2.19,"Sitelinks, Reviews, Video, People also ask, Related searches"
internet telefonie anbieter,"Informational, Commercial",44,170,21,5.29,"Sitelinks, AI Overview, Reviews, Video, People also ask, Related searches, Ads top, Ads bottom"
internet tv kabel,Commercial,49,170,38,1.93,"Reviews, Video, People also ask, Related searches"
internet ummelden bei umzug,Commercial,44,170,31,2.34,"People also ask, Related searches"
internet und telefonanbieter vergleich,Commercial,41,170,50,1.78,"AI Overview, Reviews, Video, People also ask, Related searches"
internet und telefontarife,Commercial,45,170,46,1.08,"Reviews, Video, People also ask, Related searches"
internet vegleich,Commercial,50,170,50,5.26,"Sitelinks, Reviews, Video, People also ask, Related searches, Ads top, Ads middle"
internet zuhause anbieter,Commercial,45,170,48,3.53,"Reviews, People also ask, Related searches"
internet über kabel router,Commercial,47,170,34,2.66,"Reviews, Video, Related searches, Popular products"
internet über telekom,Transactional,45,170,33,3.82,"AI Overview, Reviews, Video, People also ask, Related searches, Ads top, Ads middle"
internet-anschluss,Commercial,48,170,53,5.26,"AI Overview, Reviews, Video, Video carousel, People also ask, Related searches, Ads bottom, Ads middle"
internet.,"Informational, Commercial",43,170,71,4.57,"Reviews, Video, People also ask, Top stories, Related searches"
internetanbieter dsl,Commercial,44,170,42,5.56,"Video, People also ask, Related searches, Ads top, Ads middle"
internetanbieter für zu hause,"Informational, Commercial",47,170,55,4.45,"AI Overview, Video, People also ask, Related searches, Ads top, Ads bottom"
internetanbieter leipzig,Commercial,44,170,13,4.27,"Sitelinks, Reviews, People also ask, Related searches"
internetanbieter monatlich kündbar,Commercial,43,170,36,5.79,"Reviews, Video, People also ask, Related searches, Ads top, Ads bottom"
internetanbieter telefon,Commercial,43,170,62,2.03,"Reviews, Video, People also ask, Related searches"
internetanbieter telekom,"Navigational, Transactional",45,170,35,4.13,"Reviews, People also ask, Related searches"
internetanbieter test,Commercial,47,170,35,1.87,"AI Overview, Reviews, Video, People also ask, Related searches, Ads bottom"
internetanbieter zu hause,Commercial,44,170,52,3.53,"Reviews, Video, People also ask, Related searches"
internetanbieter zuhause,Commercial,45,170,50,3.53,"Reviews, People also ask, Related searches"
internetkabel router,"Informational, Commercial",39,170,24,0.80,"Video, People also ask, Related searches, Popular products, Ads bottom"
internetkosten,Commercial,41,170,20,1.17,"AI Overview, Reviews, Video, Video carousel, People also ask, Related searches"
ip tv boxen,"Informational, Commercial",47,170,25,0.00,"Video, Video carousel, People also ask, Related searches, Popular products"
ip tv smart player,Transactional,40,170,31,0.00,"Reviews, Video, People also ask, Related searches"
iptv best,Commercial,52,170,26,0.00,"Sitelinks, AI Overview, Video, Video carousel, People also ask, Related searches"
iptv buy,"Informational, Commercial",44,170,45,0.00,"AI Overview, Video, Related searches"
iptv kaufen deutschland,Commercial,71,170,19,0.00,"Video, Related searches"
iptv service,"Informational, Commercial",69,170,32,0.00,"AI Overview, Reviews, Video, Video carousel, People also ask, Related searches"
iptv smarters pro apk download,Commercial,46,170,33,0.00,"Reviews, Video, People also ask, Related searches"
iptv smarters pro download android,Commercial,40,170,33,0.00,"Reviews, Video carousel, Related searches"
iptv smarters pro mac,Commercial,46,170,37,0.00,"Reviews, Video, Related searches"
iptv sub,"Informational, Commercial",48,170,17,1.05,"Sitelinks, Video, Video carousel, People also ask, Related searches"
iptv telekom,"Navigational, Transactional",54,170,65,0.00,"Sitelinks, AI Overview, Reviews, Video, People also ask, Related searches"
iptv türkisch,Commercial,54,170,18,0.00,"Reviews, Video, People also ask"
iptv türkische sender,"Informational, Commercial",52,170,15,0.00,"AI Overview, Reviews, Video, People also ask, Related searches"
kabel internet günstig,Commercial,46,170,32,3.07,"Reviews, Video, People also ask, Related searches"
kabel receiver für sky,Commercial,41,170,32,1.74,"Sitelinks, Reviews, Video, People also ask, Related searches, Popular products"
kabel receiver mit sky,Commercial,40,170,27,2.10,"Reviews, Video, Video carousel, People also ask, Related searches, Popular products, Ads bottom"
kabelfersehen,Commercial,50,170,31,1.16,"Reviews, Image, Video, People also ask, Related searches"
kostenlos fernsehen am laptop,"Informational, Commercial",40,170,25,0.36,"Sitelinks, AI Overview, Reviews, Video, Video carousel, People also ask, Related searches, Ads middle"
kostenlos fernsehen online ohne anmeldung,"Navigational, Transactional",38,170,55,0.00,"AI Overview, Reviews, Video, People also ask, Related searches, Ads bottom"
kostenlos fernsehen schauen ohne anmeldung,"Navigational, Transactional",35,170,40,0.00,"Sitelinks, Reviews, Video, People also ask, Related searches"
kostenlos tv online schauen,Commercial,40,170,50,1.00,"Reviews, Video, People also ask, Related searches"
kostenlose live tv,Commercial,41,170,39,0.61,"Reviews, Video, Related searches"
live pro tv gratis,Commercial,39,170,52,0.00,"Reviews, Video, People also ask, Related searches"
live rtl now,"Navigational, Transactional",36,170,50,0.26,"Reviews, Video, People also ask, Related searches"
live stream com,Commercial,35,170,58,0.00,"Reviews, Video, People also ask, Related searches"
live stream ohne anmeldung,"Navigational, Transactional",36,170,40,0.36,"Sitelinks, Reviews, Video, Related searches"
live streams kostenlos,Commercial,39,170,64,0.71,"Sitelinks, Reviews, Video, People also ask, Top stories, Related searches"
magenta big tv,Commercial,37,170,17,4.48,"Sitelinks, AI Overview, Reviews, Video, People also ask, Related searches"
magenta ohne telekom,"Informational, Commercial",40,170,31,5.71,"AI Overview, Reviews, People also ask, Related searches, Ads top"
magenta tv fernseher,"Informational, Transactional",40,170,46,3.53,"Reviews, Image, Video, People also ask, Related searches"
magenta tv ohne festnetz,"Informational, Commercial",46,170,31,2.63,"Sitelinks, AI Overview, Reviews, Video, People also ask, Related searches"
magenta tv ohne telekom vertrag,"Informational, Commercial",44,170,25,2.98,"AI Overview, Reviews, Video, People also ask, Related searches"
magenta tv program,Commercial,34,170,38,2.85,"AI Overview, Reviews, Video, People also ask, Related searches, Ads top"
magenta tv stick 2.0,Commercial,41,170,20,0.25,"Reviews, Video, Video carousel, People also ask, Ads middle"
magenta tv stick anmelden,"Informational, Transactional",43,170,16,0.00,"AI Overview, Reviews, Video, Video carousel, People also ask, Related searches"
magenta tv stick anmelden für live-tv,Transactional,48,170,24,0.00,"Video, Video carousel, People also ask, Related searches"
magenta tv vs waipu,"Informational, Commercial",41,170,19,0.00,"Sitelinks, AI Overview, Reviews, Video, People also ask, Related searches"
magentatv angebot,Commercial,45,170,43,2.57,"Reviews, People also ask, Related searches, Ads bottom"
media markt receiver,Commercial,42,170,30,0.08,"Image pack, People also ask, Related searches, Popular products"
media markt sat receiver,"Informational, Transactional",41,170,23,0.04,"People also ask, Related searches, Popular products"
ml tv stick,"Informational, Transactional",49,170,30,0.39,"Reviews, Video, Video carousel, People also ask, Knowledge panel, Related searches, Ads middle"
mobil tv,Commercial,44,170,26,1.14,"AI Overview, Reviews, Video, People also ask, Related searches"
mobilfunk netzabdeckung,Commercial,42,170,48,1.16,"Reviews, Video, Video carousel, People also ask, Related searches, Ads middle"
monatlich kündbarer dsl vertrag,Commercial,41,170,35,7.00,"Reviews, People also ask, Related searches"
nerflix preis,Transactional,47,170,48,1.38,"AI Overview, Reviews, Video, People also ask, Related searches, Ads bottom"
netflix .de,"Navigational, Transactional",40,170,83,1.87,"Sitelinks, Reviews, Video, People also ask"
netflix abo optionen,"Informational, Transactional",42,170,52,0.00,"AI Overview, Reviews, Video, People also ask, Related searches"
netflix abomodelle,"Informational, Transactional",35,170,55,1.61,"AI Overview, Reviews, Video, People also ask, Related searches"
netflix basis,"Informational, Transactional",44,170,54,1.48,"AI Overview, Image, Image pack, People also ask, Related searches, Ads bottom"
netflix cost,"Informational, Transactional",36,170,79,1.19,"AI Overview, Reviews, Video, People also ask, Related searches"
netflix giriş,"Navigational, Transactional",41,170,75,0.00,"People also ask, Related searches"
netflix gucken,"Navigational, Transactional",43,170,58,1.73,"Sitelinks, Reviews, Video, People also ask, Related searches"
netflix im monat,"Informational, Transactional",39,170,42,0.99,"AI Overview, Reviews, Video, People also ask, Related searches"
netflix login konto,"Navigational, Transactional",43,170,65,0.00,"People also ask, Related searches"
netflix mediathek,"Informational, Transactional",38,170,69,1.04,"Video, People also ask, Related searches"
netflix movies in germany,"Informational, Commercial",0,170,45,0.00,"Video, People also ask, Related searches"
netflix rechnung,"Navigational, Transactional",38,170,46,0.00,"People also ask, Related searches"
netflix standard vs premium,"Informational, Commercial",37,170,36,0.00,"AI Overview, Reviews, Video, People also ask, Related searches"
netflix test abo,"Informational, Transactional",36,170,45,1.39,"AI Overview, Reviews, Video, People also ask, Related searches"
netflix tv login,"Navigational, Transactional",40,170,59,0.00,"Video, People also ask, Related searches"
netflix uhd,"Informational, Transactional",39,170,40,0.00,"AI Overview, Image, Video, People also ask, Related searches"
netflixkosten,"Informational, Transactional",47,170,41,0.47,"AI Overview, Reviews, Video, People also ask, Related searches"
netz telekom,"Navigational, Transactional",40,170,36,1.31,"Reviews, Video, People also ask, Related searches"
netzabdeckung im vergleich,Commercial,42,170,38,1.83,"Sitelinks, Reviews, Video, People also ask, Related searches"
netzabdeckung lte,Commercial,41,170,33,1.42,"Sitelinks, Video, People also ask, Related searches"
netzabdeckung mobilfunk telekom,Transactional,40,170,37,4.23,"Reviews, People also ask, Related searches"
netzabdeckungskarte telekom,Transactional,38,170,35,1.67,"Reviews, Image pack, People also ask, Related searches, Ads top, Ads bottom"
netzausbau telekom karte,Transactional,40,170,34,2.06,"Reviews, People also ask, Related searches"
neue thriller serien,"Informational, Commercial",32,170,25,0.03,"AI Overview, Video, People also ask, Related searches"
ntktrjv,Commercial,29,170,63,0.94,"AI Overview, Reviews, Video, Related searches, Ads bottom"
nur internet,Commercial,40,170,35,1.64,"Reviews, Video, Video carousel, People also ask, Related searches"
nur wlan ohne festnetzanschluss,Commercial,38,170,27,1.19,"Reviews, People also ask, Related searches, Ads top"
o2 netz abdeckung,Commercial,36,170,30,0.13,"Reviews, People also ask, Related searches, Ads top, Ads middle"
o2 netzabdeckung 5g,Commercial,35,170,22,0.27,"People also ask, Related searches"
online fernsehen kostenlos ohne anmeldung,"Navigational, Transactional",38,170,59,0.00,"Sitelinks, Reviews, Video, Related searches, Ads bottom"
online kostenlos fernsehen ohne anmeldung,"Navigational, Transactional",37,170,44,0.00,"AI Overview, Reviews, Video, People also ask, Related searches"
online tv schauen kostenlos,Commercial,40,170,47,0.89,"Sitelinks, Reviews, Video, People also ask, Related searches"
pay tv anbieter,"Informational, Commercial",53,170,27,1.69,"Sitelinks, AI Overview, Reviews, Video, People also ask, Related searches, Ads top, Ads middle"
preise für internet,Commercial,43,170,58,1.11,"AI Overview, Reviews, Video, People also ask, Related searches"
preisvergleich festnetz und internet,Commercial,44,170,47,1.56,"AI Overview, Reviews, Video, People also ask, Related searches, Ads top, Ads bottom"
preisvergleich internet und festnetz,"Informational, Commercial",45,170,54,1.37,"AI Overview, Reviews, Video, People also ask, Related searches"
prosieben kostenlos streamen,Commercial,42,170,41,0.48,"Reviews, Video, People also ask, Related searches"
receiver für kabel deutschland,Commercial,41,170,22,1.56,"Reviews, Video, People also ask, Related searches, Popular products"
receiver für sky kabel,"Informational, Transactional",40,170,30,2.10,"Reviews, Video carousel, People also ask, Related searches, Popular products"
receiver media markt,"Informational, Transactional",43,170,29,0.10,"Video, People also ask, Related searches, Popular products, Ads bottom"
receiver sat hd+,"Informational, Commercial",35,170,21,0.27,"People also ask, Related searches, Popular products"
receiver satellit kaufen,Transactional,39,170,30,0.12,"Sitelinks, Video, People also ask, Local pack, Related searches, Popular products"
receiver tv satellit,Commercial,40,170,21,0.42,"Video, Video carousel, People also ask, Related searches, Popular products"
reseiver,Commercial,29,170,25,0.88,"Video, People also ask, Related searches, Popular products"
reviever,Commercial,27,170,24,0.88,"Video, Video carousel, People also ask, Related searches, Popular products"
router bester,Commercial,37,170,26,0.51,"Sitelinks, Reviews, Video, Video carousel, People also ask, Related searches"
router testsieger,Commercial,47,170,32,0.36,"Sitelinks, Reviews, Video, People also ask, Related searches"
rtl ansehen live,"Navigational, Transactional",42,170,68,0.88,"Reviews, Video, People also ask, Related searches"
rtl de programma,"Navigational, Transactional",34,170,72,0.70,"Sitelinks, Video, People also ask, Related searches"
rtl gestern abend,"Informational, Transactional",34,170,34,0.71,"Video, People also ask, Related searches"
rtl gestern sendung verpasst,"Informational, Transactional",32,170,58,0.22,"Video, People also ask, Related searches"
rtl internet live,Transactional,46,170,49,0.94,"Sitelinks, Reviews, Video, People also ask, Related searches"
rtl kostenlos anschauen live,Commercial,40,170,44,0.79,"Reviews, Video, People also ask, Related searches, Ads bottom"
rtl kostenlos live ansehen,Commercial,40,170,51,1.24,"Sitelinks, Reviews, Video, People also ask, Related searches, Ads middle"
rtl kostenlos und ohne anmeldung,"Navigational, Transactional",41,170,29,0.00,"AI Overview, Reviews, Image, Video, People also ask, Related searches"
rtl l,"Navigational, Transactional",35,170,87,0.61,"Sitelinks, Reviews, Video, People also ask, Related searches"
rtl live anschauen kostenlos,Transactional,42,170,47,0.79,"Reviews, Video, People also ask, Related searches"
rtl live kostenlos sehen,Commercial,42,170,55,1.00,"Reviews, Video, People also ask, Related searches"
rtl live youtube,"Navigational, Transactional",50,170,,0.00,"Video, Video carousel, People also ask, Related searches"
rtl live übertragung,"Navigational, Transactional",42,170,50,0.67,"Sitelinks, Reviews, Video, People also ask, Top stories, Related searches"
rtl livestream de,Commercial,44,170,50,0.71,"Reviews, Video, People also ask, Related searches"
rtl livestream formel 1,Transactional,35,170,38,0.00,"Reviews, Video, Video carousel, People also ask, Related searches"
rtl now live,"Navigational, Transactional",41,170,50,0.29,"Reviews, Video, People also ask, Related searches, Ads bottom"
rtl television live heute,"Informational, Transactional",50,170,68,0.40,"Video, People also ask, Related searches"
rtl tv livestream,"Navigational, Transactional",39,170,48,0.74,"Sitelinks, Reviews, Video, People also ask, Top stories, Related searches"
rtl2 kostenlos anschauen,Commercial,41,170,34,0.00,"AI Overview, Reviews, Video, People also ask, Related searches"
rtl2 live streamen,Commercial,38,170,24,0.85,"Reviews, Video, People also ask, Related searches, Ads bottom"
rtl2 streaming,Commercial,39,170,40,0.73,"Video, People also ask, Related searches, Ads top"
sat hd receiver,"Informational, Commercial",37,170,26,0.36,"Video, People also ask, Related searches"
sateliten receiver,Commercial,37,170,23,0.22,"Image pack, Video, Video carousel, People also ask, Related searches, Popular products, Ads bottom"
satellite receiver media markt,"Informational, Transactional",42,170,19,0.04,"People also ask, Related searches, Popular products"
satelliten hd receiver,"Informational, Commercial",36,170,21,0.14,"Video, Video carousel, People also ask, Related searches, Popular products"
satelliten receiver festplatte,"Informational, Commercial",36,170,23,0.16,"Reviews, Video, People also ask, Related searches, Popular products"
satelliten receiver kaufen,Transactional,37,170,29,0.15,"Video, People also ask, Local pack, Related searches, Popular products"
sender bei magenta tv,Commercial,45,170,29,0.38,"AI Overview, Reviews, Video, People also ask, Related searches"
senderliste telekom,Transactional,39,170,33,0.00,"Reviews, Video, People also ask, Related searches"
serien drama,Commercial,32,170,24,0.67,"Reviews, Image, Video, People also ask, Related searches"
serien im fernsehen,"Informational, Transactional",35,170,42,0.08,"Sitelinks, Reviews, Video, People also ask, Knowledge panel, Related searches"
serien online schauen kostenlos,Commercial,40,170,58,0.57,"AI Overview, Reviews, Related searches"
serien schauen online kostenlos,Commercial,38,170,47,0.57,"AI Overview, Reviews, Video, Related searches"
serienstreaam,Commercial,48,170,35,1.28,"Sitelinks, Reviews, Related searches"
serienstreams domains,Commercial,48,170,21,1.54,"Sitelinks, Video, Related searches"
set top boxen,Commercial,47,170,14,0.54,"Sitelinks, Image, Image pack, Video, People also ask, Related searches, Popular products"
sim card unlimited,Commercial,30,170,25,3.61,"Reviews, Video, People also ask, Related searches, Popular products, Shopping ads, Ads top, Ads middle"
sky dazn angebote,Transactional,37,170,40,1.18,"Reviews, Video, People also ask, Related searches, Ads top, Ads middle"
sky formel 1 abo,Transactional,36,170,55,0.77,"Reviews, Video, People also ask, Related searches, Ads top, Ads middle"
sky q iptv box kaufen,Transactional,48,170,27,0.00,"Reviews, Video, People also ask, Related searches, Popular products"
sky rabatte,Transactional,38,170,46,0.88,"Sitelinks, AI Overview, Reviews, Video, People also ask, Related searches, Ads bottom"
sky reciever,Transactional,35,170,35,1.97,"Reviews, Image, Image pack, People also ask, Related searches, Popular products"
smart iptv smart tv,"Informational, Transactional",52,170,31,0.00,"Reviews, Video, Video carousel, People also ask, Related searches"
smart stick tv,Commercial,40,170,30,0.77,"Sitelinks, Reviews, Video, Video carousel, People also ask, Related searches, Popular products"
smart tv smart box,Commercial,42,170,30,0.96,"Sitelinks, Reviews, Video, Video carousel, People also ask, Related searches, Popular products"
smarters players lite,"Informational, Commercial",28,170,40,0.32,"Reviews, Video, People also ask, Knowledge panel, Related searches"
stick free tv,"Informational, Commercial",39,170,35,1.04,"Sitelinks, Reviews, Video, Video carousel, People also ask, Related searches, Popular products"
stick stream,Commercial,33,170,25,0.89,"Reviews, Video, People also ask, Related searches"
stream deutsche serien,Commercial,40,170,32,0.54,"AI Overview, Reviews, Video, People also ask, Related searches"
stream tv live free,Commercial,37,170,55,1.58,"Reviews, Video, People also ask, Related searches"
streaming geräte,"Informational, Commercial",48,170,30,0.94,"People also ask, Related searches, Popular products"
streaming info,"Informational, Commercial",39,170,38,0.00,"AI Overview, Reviews, Video, People also ask, Related searches"
streaming pakete vergleich,"Informational, Commercial",47,170,33,1.39,"AI Overview, Reviews, Video, People also ask, Related searches"
streaming series,Commercial,35,170,78,1.40,"AI Overview, Reviews, Video, People also ask, Related searches"
streaming stick tv,Commercial,44,170,30,0.81,"Sitelinks, Reviews, Video, People also ask, Related searches, Popular products"
streaming sticks for tv,Commercial,43,170,30,0.81,"Sitelinks, Reviews, Video, Video carousel, People also ask, Related searches, Popular products"
studenten internet,Commercial,41,170,26,3.73,"Sitelinks, Reviews, Related searches"
tarif telekom festnetz,Transactional,41,170,43,1.50,"AI Overview, Video, People also ask, Related searches, Ads bottom"
tarife festnetz internet,"Informational, Commercial",44,170,44,1.25,"AI Overview, People also ask, Related searches"
tarife internet und telefon,Commercial,42,170,56,1.08,"AI Overview, Reviews, Video, People also ask, Related searches, Ads top, Ads middle"
tarife telefon und internet,Commercial,43,170,50,1.08,"AI Overview, Reviews, Video, People also ask, Related searches, Ads bottom, Ads middle"
telecom festnetz,"Navigational, Transactional",40,170,29,2.54,"Video, People also ask, Related searches, Ads top, Ads bottom"
telecom magenta,"Navigational, Transactional",37,170,63,1.82,"Reviews, People also ask, Knowledge panel, Related searches"
telefon internet fernsehen komplettpaket,Commercial,47,170,44,0.94,"Reviews, Video, People also ask, Related searches, Ads top, Ads bottom"
telefon router,Commercial,42,170,24,0.58,"Image pack, Video, People also ask, Related searches, Popular products"
telefon und internetanbieter günstig,Commercial,44,170,31,1.32,"Reviews, Video, People also ask, Related searches"
telefontarife festnetz vergleich,Commercial,44,170,40,1.04,"Sitelinks, Reviews, People also ask, Related searches, Ads top, Ads bottom"
telekom 1000 mbit,"Informational, Transactional",38,170,20,2.33,"AI Overview, Reviews, People also ask, Related searches"
telekom 5g hybrid,Transactional,41,170,21,5.10,"AI Overview, Reviews, Video, Video carousel, People also ask, Related searches"
telekom 5g verfügbarkeit karte,Transactional,38,170,29,0.00,"Reviews, People also ask, Related searches"
telekom check,"Navigational, Transactional",37,170,25,1.11,"Reviews, People also ask, Related searches"
telekom de internet,"Navigational, Transactional",45,170,45,2.77,"Reviews, People also ask, Related searches"
telekom dsl 100,Commercial,39,170,37,3.34,"AI Overview, Reviews, People also ask, Related searches, Ads top"
telekom glasfaser bestellen,"Navigational, Transactional",43,170,45,3.81,"Reviews, Video, People also ask, Related searches"
telekom hybrid fritzbox,Commercial,42,170,20,0.00,"Reviews, Video, People also ask, Related searches"
telekom internet preise,Transactional,44,170,36,1.36,"Reviews, People also ask, Related searches"
telekom internettarife,Transactional,44,170,40,3.00,"Reviews, Video, People also ask, Related searches, Ads top, Ads middle"
telekom mega sport,Transactional,35,170,24,3.61,"Reviews, Video, People also ask, Related searches, Ads top, Ads bottom"
telekom netzstärke,"Navigational, Transactional",38,170,49,3.40,"Reviews, Related searches"
telekom neukunden,"Navigational, Transactional",38,170,65,1.63,"People also ask, Related searches"
telekom neuvertrag,"Navigational, Transactional",40,170,50,1.87,"Sitelinks, Reviews, Video, People also ask, Related searches, Ads top, Ads bottom"
telekom tarife festnetz und internet und tv,Commercial,47,170,39,0.88,"AI Overview, Reviews, Video, People also ask, Related searches, Ads top, Ads bottom"
telekom tarife wlan,"Navigational, Transactional",39,170,41,2.60,"Reviews, Video, Related searches"
telekom tv kabel,"Navigational, Transactional",39,170,30,1.76,"AI Overview, Reviews, Video, People also ask, Related searches"
telekom verfügbarkeitskarte,"Navigational, Transactional",39,170,51,2.54,"Reviews, People also ask, Related searches, Ads top"
telekom verträge internet,"Navigational, Transactional",45,170,37,2.94,"Video, People also ask, Related searches"
top 10 streaming dienste,"Informational, Commercial",54,170,39,1.08,"AI Overview, Video, People also ask, Related searches"
tv empfang ohne kabel,Commercial,46,170,24,1.06,"Sitelinks, Reviews, Video, Video carousel, People also ask, Related searches, Popular products, Ads top"
tv empfangen ohne kabel,Commercial,49,170,24,1.06,"Reviews, Video, Video carousel, People also ask, Related searches, Popular products, Ads top, Ads middle"
tv festnetz und internet,Commercial,50,170,50,1.71,"Reviews, Video, People also ask, Related searches"
tv internet kabel,Commercial,54,170,39,1.93,"Reviews, Video, People also ask, Related searches, Ads top, Ads middle"
tv live ohne anmeldung,"Navigational, Transactional",38,170,48,0.00,"Sitelinks, Reviews, Video, People also ask, Related searches"
tv livestream free,Commercial,36,170,60,1.58,"Reviews, Video, Top stories, Related searches"
tv online deutsch,Commercial,41,170,60,0.64,"Reviews, Video, Video carousel, People also ask, Related searches, Ads middle"
tv online kostenlos schauen,Commercial,40,170,50,0.89,"Reviews, Video, People also ask, Related searches, Ads bottom"
tv paket,Commercial,49,170,61,2.29,"Reviews, Video, People also ask, Related searches, Ads top, Ads bottom"
tv programm live stream,Commercial,41,170,72,0.71,"Reviews, Video, People also ask, Related searches, Ads bottom"
tv rtl2 live,Commercial,38,170,40,0.88,"Reviews, Video, People also ask, Related searches"
tv schauen gratis,Commercial,40,170,38,0.46,"Reviews, Video, People also ask, Related searches"
tv stick hdmi,Commercial,44,170,30,0.60,"Sitelinks, Image, Video, People also ask, Related searches, Popular products"
tv stick kaufen,Transactional,42,170,30,0.99,"Sitelinks, Reviews, Video, People also ask, Related searches, Popular products"
tv stick ohne monatliche kosten,Commercial,47,170,27,0.70,"Sitelinks, Reviews, Video, People also ask, Related searches, Popular products"
tv stick wlan,Commercial,43,170,30,1.12,"Sitelinks, Reviews, Video, People also ask, Related searches, Popular products, Ads top, Ads middle"
tv streamen kostenlos ohne anmeldung,"Navigational, Transactional",36,170,47,0.00,"Sitelinks, Reviews, Video, Related searches"
tv streaming anbieter vergleich,Commercial,53,170,36,1.88,"Sitelinks, AI Overview, Reviews, Video, People also ask, Related searches, Ads top, Ads bottom"
tv streaming app,Commercial,45,170,45,1.96,"AI Overview, Reviews, Video, People also ask, Related searches"
tv streaming kostenlos ohne anmeldung,"Navigational, Transactional",36,170,56,0.00,"Sitelinks, AI Overview, Reviews, Video, People also ask, Related searches"
tv und internet vergleich,Commercial,49,170,40,2.26,"Sitelinks, Reviews, Video, People also ask, Related searches"
türkische iptv,Commercial,50,170,14,0.00,"Reviews, Image, Video, People also ask, Related searches"
türkische kanal,Commercial,37,170,22,2.06,"Sitelinks, Reviews, Image, Video, People also ask, Related searches, Ads bottom"
türkische tv sender,"Informational, Commercial",41,170,21,1.95,"Sitelinks, AI Overview, Reviews, Image, Video, People also ask, Related searches"
umzug 1und1,"Navigational, Transactional",37,170,27,0.80,"AI Overview, Reviews, Video, People also ask, Related searches"
unbegrenzte internet flat handy,Commercial,41,170,23,1.95,"Sitelinks, Reviews, Video, People also ask, Related searches"
unbegrenztes datenvolumen vertrag,Commercial,38,170,20,3.57,"AI Overview, Reviews, Related searches"
unendlich mobile daten,Commercial,40,170,44,2.36,"AI Overview, Reviews, Video, People also ask, Related searches"
unlimited datentarif,Commercial,42,170,33,2.62,"Sitelinks, AI Overview, Reviews, Video, People also ask, Related searches"
usb tv stick,Commercial,39,170,21,0.70,"Sitelinks, Video, People also ask, Related searches, Popular products"
verfügbarkeitstest telekom,Transactional,40,170,21,2.37,"Reviews, People also ask, Related searches"
vergleich festnetz tarife,Commercial,44,170,42,1.21,"Video, People also ask, Related searches, Ads top, Ads middle"
vergleich internet fernsehen,Commercial,48,170,37,1.61,"Sitelinks, AI Overview, Reviews, Video, People also ask, Related searches"
vergleich internet und tv,Commercial,46,170,39,2.26,"Reviews, Video, People also ask, Related searches"
vergleich netzabdeckung,Commercial,42,170,37,1.83,"Sitelinks, Reviews, Video, People also ask, Related searches"
vergleich streaming dienste,Commercial,45,170,36,1.79,"AI Overview, Reviews, Video, People also ask, Related searches"
viva iptv,"Informational, Commercial",44,170,23,0.00,"AI Overview, Reviews, People also ask"
vodafon mobil,Commercial,34,170,50,2.65,"Reviews, Video, People also ask, Related searches, Ads top, Ads middle"
vodafone 1000,Transactional,39,170,22,1.43,"Reviews, Video, People also ask, Related searches, Ads top, Ads bottom"
vodafone cable 1000,Transactional,39,170,38,1.85,"Reviews, Video, People also ask, Related searches"
vodafone datenvolumen kaufen,Transactional,36,170,45,3.33,"AI Overview, Reviews, Video, People also ask, Related searches"
vodafone gigamobil xl,Commercial,31,170,31,3.31,"Sitelinks, Reviews, Video, People also ask, Related searches, Ads bottom"
vodafone hd karte,"Navigational, Transactional",30,170,32,1.38,"People also ask, Related searches, Ads top, Ads bottom"
vodafone sim only,Transactional,27,170,38,2.56,"Reviews, People also ask, Related searches"
vodafone sim only offers,Commercial,27,170,34,3.87,"AI Overview, Video, People also ask, Related searches, Ads bottom"
vpn bundesliga,Commercial,39,170,37,0.00,"Sitelinks, Reviews, Video, People also ask, Related searches"
wach netflix,"Informational, Transactional",34,170,84,0.00,"Reviews, Video, People also ask, Related searches"
waipu programm,"Navigational, Transactional",30,170,30,0.04,"Sitelinks, Reviews, Video, People also ask, Related searches"
waipu tv stick 30 euro,Commercial,33,170,28,0.19,"Reviews, People also ask, Related searches"
waiput tv,"Navigational, Commercial",38,170,55,0.08,"Sitelinks, Reviews, Video, People also ask, Top stories, Related searches, Ads top"
was kostet wlan router,"Informational, Commercial",39,170,41,0.57,"Sitelinks, Reviews, Video, People also ask, Related searches, Popular products, Ads bottom"
wechsel dsl,Commercial,40,170,34,4.92,"AI Overview, Reviews, Video, Video carousel, People also ask, Related searches, Ads top, Ads middle"
welcher streaming anbieter ist der beste,Commercial,50,170,40,1.89,"AI Overview, Reviews, Video, Video carousel, People also ask, Related searches"
welcher wlan router ist der beste,Commercial,40,170,19,0.85,"Sitelinks, Reviews, Video, People also ask, Related searches, Ads bottom"
welches internet ist am besten,Commercial,42,170,43,2.00,"Sitelinks, AI Overview, Reviews, Video, Video carousel, People also ask, Related searches, Ads bottom, Ads middle"
wipu tv,"Navigational, Commercial",43,170,35,0.10,"Sitelinks, Reviews, Video, Video carousel, People also ask, Related searches, Ads top, Ads bottom"
wlan 50 mbit,Commercial,39,170,30,3.05,"Video, People also ask, Related searches, Ads middle"
wlan bester anbieter,Commercial,42,170,32,4.14,"Sitelinks, AI Overview, Reviews, Video, People also ask, Related searches, Ads top, Ads middle"
wlan für sky receiver,"Informational, Transactional",40,170,27,1.30,"Reviews, Video carousel, People also ask, Related searches"
wlan für smart tv,Commercial,42,170,24,0.32,"Reviews, Video, People also ask, Related searches, Ads top, Ads middle"
wlan günstig mit router,Commercial,51,170,39,4.84,"AI Overview, Reviews, Video, People also ask, Related searches, Popular products, Ads top, Ads middle"
wlan router im vergleich,Commercial,39,170,30,2.03,"Sitelinks, Reviews, Video, People also ask, Related searches, Ads bottom"
wlan stick für den fernseher,Commercial,46,170,22,0.50,"Reviews, Video, People also ask, Related searches, Popular products, Ads top, Ads bottom"
wlan tarife vergleich,Commercial,38,170,47,3.96,"AI Overview, Reviews, Video, People also ask, Related searches, Ads top, Ads bottom"
wlan vertrag telekom,Transactional,41,170,40,4.62,"Reviews, People also ask, Related searches"
wlan zuhause ohne festnetz,Commercial,37,170,30,2.61,"Reviews, Video, People also ask, Related searches, Ads top"
wlan-router beste reichweite,Commercial,42,170,29,0.35,"Sitelinks, Reviews, Video, People also ask, Related searches, Popular products"
wow netflix,Commercial,40,170,32,0.00,"AI Overview, Reviews, Video, People also ask, Related searches"
www mediathek de rtl,"Navigational, Transactional",36,170,57,0.15,"Reviews, Video, People also ask"
www netflix m,"Navigational, Transactional",40,170,77,0.00,"People also ask, Related searches"
ıptv free,"Informational, Transactional",43,170,55,0.90,"Reviews, Video, Video carousel, People also ask, Related searches"
1&1 internet bestellen,"Navigational, Transactional",46,140,70,2.31,"Video, People also ask, Related searches, Ads top, Ads middle"
192.168.178.1/#/,"Informational, Commercial",36,140,20,2.03,"Reviews, Video, People also ask, Related searches"
1und1 tv-app,"Informational, Transactional",44,140,36,1.51,"Reviews, Video, People also ask, Related searches"
250 mbit dsl,Commercial,44,140,12,2.09,"Reviews, Video, People also ask, Related searches"
2ix2rtl,"Navigational, Transactional",32,140,35,1.44,"AI Overview, Reviews, Related searches"
4k android tv stick,"Informational, Commercial",42,140,23,0.38,"Sitelinks, Reviews, Video, Video carousel, People also ask, Related searches, Popular products"
50 gigabyte,Commercial,32,140,15,3.81,"People also ask, Related searches"
5g karte deutschland,Commercial,39,140,42,0.90,"Reviews, Image pack, Video, Related searches, Ads bottom"
5g router mieten,Commercial,39,140,8,1.66,"Reviews, Video, People also ask, Related searches, Popular products"
abdeckung telekom,"Informational, Transactional",39,140,33,4.22,"Reviews, Video, People also ask, Related searches, Ads bottom"
aktuelle telekom angebote,Transactional,41,140,39,1.27,"Reviews, People also ask, Related searches, Ads top, Ads bottom"
alle netflix serien,Commercial,32,140,47,0.00,"Sitelinks, Video, People also ask, Related searches"
alternative zum dsl,Commercial,41,140,22,1.30,"Sitelinks, AI Overview, Reviews, Video, People also ask, Related searches, Ads top, Ads middle"
amazon fire tv stick vergleich,Commercial,41,140,25,0.54,"Sitelinks, Reviews, Video, People also ask, Related searches"
amazon sat receiver,"Navigational, Transactional",34,140,34,0.09,"Sitelinks, People also ask, Related searches, Popular products, Ads top"
an fritzbox anmelden,"Informational, Transactional",42,140,30,0.00,"AI Overview, Video, Video carousel, People also ask, Related searches"
anbieter für kabelanschluss,Commercial,45,140,35,1.46,"Sitelinks, Reviews, People also ask, Related searches, Ads top, Ads bottom"
anbieter internet vergleich,Commercial,50,140,47,3.92,"Sitelinks, AI Overview, Reviews, Video, People also ask, Related searches"
anbieter kabel,Commercial,43,140,31,2.04,"Sitelinks, Reviews, Video, People also ask, Related searches"
anbieter mit d1,"Informational, Commercial",46,140,28,3.10,"AI Overview, Reviews, Video, People also ask, Related searches"
anbieter vergleich festnetz,Commercial,44,140,45,1.37,"Sitelinks, AI Overview, Reviews, Video, People also ask, Related searches, Ads top, Ads bottom"
anbieter wechseln dsl,"Informational, Commercial",44,140,35,5.05,"Reviews, Video, Video carousel, People also ask, Related searches"
angebot internet und tv,Commercial,47,140,42,2.11,"AI Overview, Video, People also ask, Related searches, Ads top, Ads middle"
angebot internet zu hause,Commercial,45,140,57,2.04,"AI Overview, Reviews, Video, People also ask, Related searches, Ads top, Ads middle"
anmeldung an fritzbox,"Informational, Transactional",43,140,27,0.00,"Sitelinks, AI Overview, Reviews, Video, Video carousel, People also ask, Related searches"
arte serien empfehlung,Commercial,30,140,34,0.00,"Video, People also ask, Related searches"
avm glasfaser,Commercial,39,140,36,0.39,"AI Overview, Reviews, Video, Video carousel, People also ask, Related searches, Ads top, Ads middle"
berlin internetanbieter,Commercial,43,140,30,4.12,"Reviews, People also ask, Local pack, Related searches"
best iptv app,Commercial,44,140,21,0.00,"AI Overview, Reviews, Video, Video carousel, People also ask, Related searches"
best wireless internet router,Commercial,38,140,50,0.98,"Sitelinks, Reviews, Video, Video carousel, People also ask, Related searches, Ads bottom"
beste angebote internet,Commercial,45,140,36,3.08,"Reviews, People also ask, Related searches"
beste dsl router,Commercial,41,140,31,0.75,"Sitelinks, Reviews, Video, People also ask, Related searches"
beste internet anbieter,Commercial,46,140,20,2.49,"Sitelinks, AI Overview, Reviews, Video, Video carousel, People also ask, Related searches, Ads top, Ads middle"
beste iptv app für android tv,Commercial,45,140,20,0.00,"Sitelinks, AI Overview, Reviews, Video, Video carousel, People also ask, Related searches"
beste netz deutschland,Commercial,45,140,37,2.83,"AI Overview, Reviews, Video, Video carousel, People also ask, Related searches"
beste tv anbieter,Commercial,54,140,32,1.75,"Sitelinks, AI Overview, Reviews, Video, People also ask, Related searches, Ads top, Ads middle"
beste tv app,Commercial,45,140,37,2.01,"AI Overview, Reviews, Video, People also ask, Related searches"
beste wlan anbieter,Commercial,45,140,27,4.14,"Sitelinks, AI Overview, Reviews, Video, People also ask, Related searches, Ads top, Ads middle"
bester dsl tarif,Commercial,40,140,50,2.61,"Sitelinks, AI Overview, Reviews, Video, People also ask, Related searches"
bester internetanbieter stiftung warentest,Commercial,39,140,40,1.21,"AI Overview, Reviews, Video, People also ask, Related searches, Ads bottom"
bester tv streaming dienst,Commercial,49,140,39,2.13,"Sitelinks, AI Overview, Reviews, Video, People also ask, Related searches"
bestes handynetz in deutschland,Commercial,47,140,,1.67,"AI Overview, Reviews, Video, Video carousel, Short videos, People also ask, Related searches, Ads bottom, Ads middle"
bestes wlan,Commercial,42,140,30,2.64,"Sitelinks, Reviews, Video, Video carousel, People also ask, Related searches, Popular products"
billig internet zuhause,Commercial,42,140,50,2.56,"AI Overview, Reviews, Video, Related searches, Ads top, Ads middle"
billiger internet,Commercial,38,140,47,2.67,"Sitelinks, Reviews, Video, People also ask, Related searches"
black friday angebote sky,Transactional,33,140,31,0.00,"Reviews, Image, Video, People also ask, Related searches"
breitbandmessung app bundesnetzagentur,"Informational, Transactional",31,140,31,0.24,"Reviews, Video, People also ask, Related searches"
bundesliga streams.net,Commercial,37,140,20,0.00,"Sitelinks, People also ask"
bundesnetzagentur karte,"Informational, Transactional",34,140,29,2.16,"Image pack, Video, People also ask, Related searches"
cabel router,Commercial,35,140,28,1.15,"Reviews, Image pack, Video, People also ask, Related searches, Popular products"
check24 internet kabel,"Navigational, Commercial",36,140,31,2.64,"Sitelinks, Reviews, Video, People also ask, Related searches, Ads top, Ads bottom"
check24 internet telefon,"Navigational, Transactional",42,140,46,1.73,"Reviews, People also ask, Related searches"
dazn illegal streamen,Commercial,40,140,37,1.07,"Reviews, Video, People also ask, Related searches"
deal dsl,Commercial,39,140,33,3.02,"Reviews, Video, Related searches"
deutsche glasfaser störung niedersachsen,"Informational, Transactional",37,140,32,0.00,"Reviews, People also ask, Related searches"
deutsche kanäle live,Commercial,39,140,34,1.03,"Reviews, Video, Related searches, Ads bottom"
deutsche tv sender,Commercial,42,140,41,0.92,"Sitelinks, Reviews, Video, People also ask, Related searches"
deutsches fernsehen im internet im ausland kostenlos,Commercial,48,140,30,0.71,"Sitelinks, AI Overview, Reviews, Video, Video carousel, People also ask, Related searches, Ads top, Ads middle"
deutschland mobile operators,Commercial,35,140,21,3.99,"Sitelinks, AI Overview, Reviews, Video, People also ask, Ads bottom"
deutschland schweiz free tv,"Informational, Commercial",49,140,36,0.00,"Featured snippet, Reviews, Video, People also ask, Related searches"
die besten internetanbieter,Commercial,44,140,37,1.74,"AI Overview, Reviews, Video, Video carousel, People also ask, Related searches"
digitale satelliten receiver,"Informational, Commercial",37,140,30,0.12,"Video, Video carousel, People also ask, Related searches, Popular products"
dsl 50 mbit angebote,Commercial,41,140,35,1.38,"Sitelinks, Reviews, People also ask, Related searches"
dsl anbieter test,Commercial,48,140,30,1.98,"Sitelinks, AI Overview, Reviews, Video, People also ask, Related searches"
dsl angebote monatlich kündbar,Commercial,47,140,33,4.26,"Video, Related searches, Ads top, Ads middle"
dsl angebote vergleichen,Commercial,50,140,41,2.21,"Sitelinks, Video, Related searches, Ads top, Ads middle"
dsl beste angebote,Commercial,41,140,36,2.40,"Sitelinks, Reviews, Video, People also ask, Related searches"
dsl billiganbieter,"Informational, Commercial",43,140,36,2.34,"Sitelinks, AI Overview, Reviews, Video, Related searches, Ads top, Ads middle"
dsl billiger,Commercial,50,140,41,2.50,"Sitelinks, Video, Related searches, Ads top, Ads middle"
dsl black friday,Commercial,40,140,15,0.00,"Reviews, People also ask, Related searches"
dsl deals,Commercial,40,140,32,3.18,"Reviews, Video, Related searches, Ads top"
dsl festnetz vergleich,Commercial,42,140,43,1.98,"Sitelinks, AI Overview, Reviews, Video, People also ask, Related searches"
dsl flex tarife,Commercial,42,140,38,3.07,"Reviews, Related searches"
dsl günstige,Commercial,50,140,40,2.96,"Reviews, Video, Related searches, Ads bottom"
dsl internet vertrag,Commercial,44,140,45,7.49,"Sitelinks, Reviews, Video, Related searches, Ads top, Ads bottom"
dsl mit handyvertrag,Commercial,43,140,28,1.90,"Reviews, Video, Related searches"
dsl mit router,Commercial,40,140,34,3.31,"Reviews, Video, Video carousel, People also ask, Related searches"
dsl mit telefonanschluss,Commercial,40,140,30,2.74,"Reviews, Video, People also ask, Related searches"
dsl o2 verfügbarkeit,Commercial,38,140,29,0.61,"Reviews, People also ask, Related searches, Ads top, Ads bottom"
dsl ohne mindestlaufzeit,Commercial,37,140,37,5.12,"Sitelinks, Reviews, Related searches, Ads top, Ads bottom"
dsl preis,Commercial,40,140,47,0.96,"Reviews, Video, People also ask, Related searches"
dsl telefonanschluss,Commercial,42,140,27,2.57,"AI Overview, Reviews, Video, Video carousel, People also ask, Related searches, Ads bottom, Ads middle"
dsl und tv,Commercial,48,140,36,3.62,"Sitelinks, Reviews, Video, People also ask, Related searches, Ads top, Ads middle"
dsl vergl,Commercial,47,140,44,3.84,"Sitelinks, Reviews, Video, People also ask, Related searches, Ads top, Ads bottom"
dsl vertrag ohne laufzeit,Commercial,38,140,37,4.76,"Sitelinks, Reviews, Related searches, Ads top, Ads middle"
dsl vertrag vergleichen,Commercial,50,140,46,3.78,"Sitelinks, Reviews, Video, Related searches, Ads top, Ads middle"
etflix abos,"Informational, Transactional",41,140,55,1.63,"AI Overview, Reviews, Image pack, People also ask, Related searches"
fernseh gucken internet,"Informational, Commercial",42,140,35,1.36,"AI Overview, Reviews, Video, Video carousel, People also ask, Related searches, Ads bottom, Ads middle"
fernseh gucken online,Commercial,41,140,47,2.02,"Sitelinks, Reviews, Video, People also ask, Related searches"
fernseh online schauen,Commercial,43,140,59,1.69,"Reviews, Video, People also ask, Related searches, Ads bottom"
fernseh stream online,Commercial,39,140,60,1.94,"Reviews, Video, Related searches"
fernsehen anmelden,Transactional,44,140,41,3.09,"AI Overview, Reviews, Video, People also ask, Related searches"
fernsehen auf dem pc,"Informational, Commercial",43,140,17,0.56,"AI Overview, Reviews, Video, People also ask, Related searches, Ads top, Ads bottom"
fernsehen free,Commercial,39,140,62,1.39,"AI Overview, Reviews, Video, People also ask, Top stories, Related searches"
fernsehen live stream rtl,Transactional,45,140,43,0.65,"Sitelinks, Video, People also ask, Related searches"
fernsehen ohne antennenanschluss,Commercial,45,140,19,0.88,"AI Overview, Reviews, Video, Video carousel, People also ask, Related searches, Ads bottom, Ads middle"
fernsehen ohne internet und kabel,Commercial,49,140,21,0.98,"Reviews, Video, People also ask, Related searches, Popular products, Ads top, Ads bottom"
fernsehen online kostenlos ohne anmeldung,"Navigational, Transactional",37,140,39,0.00,"Sitelinks, Reviews, Video, Related searches"
fernsehen pc,"Informational, Commercial",42,140,20,1.19,"Reviews, Video, People also ask, Related searches, Ads middle"
fernsehen rtl live stream,"Navigational, Transactional",40,140,49,0.56,"Sitelinks, Reviews, Video, People also ask, Related searches"
fernsehen telekom über wlan,Transactional,44,140,29,1.29,"Reviews, Video, People also ask, Related searches, Ads top"
fernsehen über kabel,"Informational, Commercial",44,140,20,1.43,"AI Overview, Reviews, Video, People also ask, Related searches, Ads top, Ads middle"
fernsehen über pc,Commercial,43,140,32,0.68,"AI Overview, Reviews, Video, People also ask, Related searches, Ads bottom, Ads middle"
festnetz angebot,Commercial,43,140,41,1.47,"Reviews, People also ask, Related searches"
festnetz dsl angebote,Commercial,42,140,50,2.07,"Reviews, Video, People also ask, Related searches, Ads top, Ads bottom"
festnetz internet tv,Commercial,49,140,45,1.78,"AI Overview, Reviews, Video, People also ask, Related searches, Ads top, Ads bottom"
festnetz tarife im vergleich,Commercial,41,140,50,1.39,"AI Overview, Reviews, Video, People also ask, Related searches, Ads bottom"
festnetz vergleich tarife,Commercial,42,140,45,1.39,"AI Overview, Reviews, Video, People also ask, Related searches, Ads bottom"
festnetzanschluss vergleich,Commercial,41,140,41,2.14,"Reviews, Video, People also ask, Related searches, Ads top, Ads bottom"
film webseiten,Commercial,36,140,72,0.46,"Video, People also ask"
filme auf magenta tv,"Informational, Commercial",38,140,19,0.00,"AI Overview, People also ask, Related searches"
fire tv stick vergleich tabelle,"Informational, Commercial",38,140,21,0.33,"Sitelinks, Image pack, Video, People also ask, Related searches"
flixy tv stick amazon,"Navigational, Transactional",49,140,34,0.64,"Video, People also ask, Related searches, Popular products"
free iptv player,"Informational, Commercial",45,140,37,0.00,"AI Overview, Reviews, Video, People also ask, Related searches"
funkmasten telekom karte,"Informational, Transactional",36,140,39,0.00,"Reviews, Video, People also ask, Related searches, Ads bottom"
german ip tv,Commercial,52,140,10,0.87,"AI Overview, Video, People also ask, Related searches"
german iptv erfahrungen,"Informational, Commercial",55,140,22,0.00,"Sitelinks, AI Overview, Reviews, Video, Video carousel, People also ask, Related searches"
glasfaser firma,Commercial,39,140,67,2.90,"Reviews, Image pack, Video, People also ask, Local pack, Related searches"
glasfaser kundencenter,Commercial,39,140,30,0.00,"Video, People also ask, Related searches"
glasfaser router vergleich,Commercial,44,140,23,0.37,"Sitelinks, AI Overview, Reviews, Video, People also ask, Related searches"
glasfaser verfügbar,Commercial,42,140,31,1.20,"Reviews, Video, People also ask, Related searches, Ads top, Ads middle"
glasfaseranschluss verfügbarkeit prüfen,Commercial,41,140,32,0.86,"AI Overview, Reviews, Video, People also ask, Related searches"
great wifi routers,Commercial,30,140,70,0.98,"Sitelinks, Reviews, Image, Video, Video carousel, People also ask, Related searches, Popular products"
gute internetanbieter,Commercial,45,140,40,3.01,"AI Overview, Reviews, Video, Video carousel, People also ask, Related searches, Ads top, Ads bottom"
guter wlan router,Commercial,41,140,28,0.46,"Sitelinks, Reviews, Video, Video carousel, People also ask, Related searches, Popular products"
günstig fernsehen,Commercial,48,140,41,0.29,"AI Overview, Reviews, Video, Video carousel, People also ask, Related searches"
günstig internet und festnetz,Commercial,43,140,42,1.38,"AI Overview, Reviews, Video, People also ask, Related searches, Ads top, Ads middle"
günstig internet und telefon,Commercial,44,140,40,1.32,"Reviews, Video, People also ask, Related searches"
günstig wlan,Commercial,42,140,30,3.95,"Reviews, Video, People also ask, Related searches, Ads bottom"
günstige anbieter für internet und telefon,Commercial,46,140,45,1.53,"Sitelinks, Reviews, Video, People also ask, Related searches, Ads top, Ads middle"
günstige internet verträge,Commercial,45,140,55,4.08,"Reviews, Video, Related searches"
günstige wlan router,Commercial,42,140,30,3.67,"Sitelinks, Reviews, Video, People also ask, Related searches, Popular products, Ads bottom"
günstiges internet für studenten,Commercial,41,140,26,2.29,"Reviews, People also ask, Related searches, Ads top, Ads bottom"
günstigste internet,Commercial,50,140,43,2.79,"AI Overview, Reviews, Video, People also ask, Related searches, Ads top, Ads bottom"
günstigstes dsl,Commercial,42,140,34,2.80,"Sitelinks, Video, People also ask, Related searches"
günstigstes internet,Commercial,42,140,48,2.79,"Reviews, Video, Related searches"
handyvertrag mit fernseher 65 zoll,Commercial,39,140,19,1.07,"Reviews, People also ask, Related searches, Popular products, Ads bottom"
handyvertrag mit fernseher 75 zoll,Commercial,40,140,9,0.90,Related searches
hd receiver media markt,"Informational, Transactional",41,140,25,0.16,"Image pack, Video, People also ask, Related searches, Popular products"
hd+ receiver sat,Commercial,34,140,21,0.46,"People also ask, Related searches, Popular products"
homespot router 5g,Commercial,32,140,19,1.34,"Reviews, Video, Video carousel, People also ask, Related searches, Popular products"
http ://fritz.box login,Transactional,46,140,28,1.49,"Reviews, Video, People also ask, Related searches"
internet angebot für zuhause,Commercial,46,140,58,2.68,"AI Overview, Reviews, Video, People also ask, Related searches, Ads top, Ads middle"
internet anmeldung,Transactional,42,140,41,9.52,"AI Overview, Video, People also ask, Related searches"
internet beste angebote,Commercial,44,140,48,3.08,"AI Overview, Reviews, Video, People also ask, Related searches, Ads top, Ads middle"
internet festnetz tv,Commercial,48,140,39,1.57,"AI Overview, Reviews, Video, People also ask, Related searches, Ads bottom"
internet festnetz und tv,Commercial,49,140,44,1.71,"Reviews, Image, Video, People also ask, Related searches, Ads top, Ads middle"
internet flat handy unbegrenzt,Commercial,42,140,23,2.19,"Reviews, Video, People also ask, Related searches, Ads top, Ads middle"
internet frankfurt,Commercial,40,140,15,4.39,"AI Overview, Reviews, Video, People also ask, Related searches, Ads top"
internet für neue wohnung,Commercial,48,140,23,6.92,"Sitelinks, AI Overview, Reviews, Video, People also ask, Related searches, Ads top, Ads middle"
internet für zuhause anbieter,Commercial,47,140,49,3.53,"Reviews, Video, People also ask, Related searches"
internet für zuhause angebot,Commercial,47,140,56,3.02,"AI Overview, Reviews, Video, People also ask, Related searches, Ads top, Ads bottom"
internet für zuhause billig,Commercial,44,140,51,2.56,"Reviews, People also ask, Related searches"
internet für zuhause ohne festnetzanschluss,"Informational, Commercial",48,140,31,1.37,"AI Overview, Video, Short videos, People also ask, Related searches, Ads top, Ads middle"
internet glasfaser verfügbarkeit,Commercial,42,140,37,0.00,"Reviews, People also ask, Related searches"
internet house,Commercial,35,140,51,3.78,"Reviews, Video, Video carousel, People also ask, Related searches, Ads bottom, Ads middle"
internet mit router angebote,Commercial,43,140,49,3.21,"Reviews, Video, People also ask, Related searches"
internet ohne festnetz 1&1,Commercial,48,140,33,0.65,"AI Overview, Reviews, People also ask, Related searches, Ads bottom, Ads middle"
internet ohne telefonie,"Informational, Commercial",39,140,29,1.41,"AI Overview, Reviews, Video, Video carousel, People also ask, Related searches, Ads top, Ads middle"
internet preise telekom,Transactional,44,140,35,1.52,"AI Overview, Reviews, People also ask, Related searches"
internet provider germany,Commercial,45,140,36,3.02,"Sitelinks, AI Overview, Reviews, Video, People also ask, Related searches, Ads bottom"
internet test verfügbarkeit,Commercial,43,140,53,1.64,"Reviews, Video, People also ask, Related searches, Ads top, Ads middle"
internet tv receiver,Commercial,46,140,26,1.87,"Sitelinks, Reviews, Image, Video, People also ask, Related searches, Popular products"
internet tv via,Commercial,50,140,33,1.52,"Reviews, Video, People also ask, Related searches, Ads top, Ads middle"
internet und telefon günstig,Commercial,44,140,46,1.32,"Sitelinks, Reviews, Video, People also ask, Related searches"
internet und telefonanbieter günstig,Commercial,41,140,45,1.53,"Sitelinks, AI Overview, Reviews, Video, People also ask, Related searches, Ads top, Ads middle"
internet verträge im vergleich,Commercial,50,140,50,5.16,"Sitelinks, Reviews, Video, People also ask, Related searches"
internet zu festnetz telefonieren,Commercial,41,140,21,1.73,"Sitelinks, Reviews, Video, People also ask, Related searches"
internet zuhause billig,Commercial,44,140,55,2.78,"Reviews, Video, People also ask, Related searches, Ads top, Ads middle"
internet-angebote für zuhause,Commercial,47,140,55,2.68,"AI Overview, Reviews, Video, People also ask, Related searches, Ads top, Ads bottom"
internetanbieter festnetz,Commercial,46,140,45,2.16,"Reviews, Video, People also ask, Related searches"
internetanbieter für zuhause,Commercial,46,140,55,3.98,"AI Overview, Reviews, Video, People also ask, Related searches, Ads top, Ads middle"
internetanbieter hamburg,"Informational, Commercial",44,140,30,3.46,"Sitelinks, AI Overview, Reviews, Video, People also ask, Related searches"
internetanbieter im test,Commercial,49,140,45,1.99,"AI Overview, Reviews, Video, Video carousel, People also ask, Related searches, Ads top, Ads middle"
internetanbieter kabel,Commercial,45,140,42,3.06,"AI Overview, Reviews, Video, People also ask, Related searches, Ads top, Ads bottom"
internetanbieter wlan,Commercial,45,140,44,4.72,"AI Overview, Reviews, Video, People also ask, Related searches, Ads top, Ads bottom"
internetanschluss check24,"Navigational, Transactional",47,140,50,2.45,"Sitelinks, Reviews, Video, People also ask, Related searches, Ads top, Ads middle"
internetanschluss für zuhause,Commercial,43,140,45,3.35,"Reviews, Video, People also ask, Related searches"
internetanschluss günstig,Commercial,46,140,50,2.76,"Reviews, Video, People also ask, Related searches, Popular products, Ads top, Ads bottom"
ip tv app windows,"Informational, Commercial",54,140,33,0.00,"Sitelinks, AI Overview, Reviews, Video, Video carousel, People also ask, Related searches"
iptv amazon fire tv stick,Transactional,51,140,27,0.00,"Sitelinks, Video, Video carousel, People also ask, Related searches, Popular products"
iptv apk pro,Commercial,42,140,25,0.00,"Reviews, Video, Related searches"
iptv apps windows,"Informational, Commercial",44,140,31,0.00,"AI Overview, Reviews, Video, Video carousel, Related searches"
iptv blogspot,"Navigational, Transactional",47,140,20,0.00,Related searches
iptv europe,"Informational, Commercial",47,140,31,1.02,"AI Overview, Video, Video carousel, People also ask, Related searches"
iptv liste kaufen,Commercial,53,140,1,0.00,"AI Overview, People also ask, Related searches"
iptv online kaufen,Commercial,58,140,22,0.00,"Video, People also ask, Related searches, Popular products"
iptv player apkpure,"Navigational, Transactional",54,140,20,0.00,"AI Overview, Reviews, Related searches"
iptv player pc,Commercial,44,140,26,0.00,"Sitelinks, Reviews, Video, Video carousel, Related searches"
iptv samsung app,Commercial,46,140,29,0.00,"Video, Video carousel, People also ask, Related searches"
iptv shop,Commercial,52,140,17,0.00,"AI Overview, Video, People also ask, Related searches"
iptv smarters app,Commercial,45,140,42,0.00,"Reviews, Video, Video carousel, People also ask, Related searches"
iptv smarters pro download pc,Commercial,46,140,36,0.00,"Video carousel, People also ask, Related searches"
iptv smarters pro kaufen,Transactional,48,140,6,0.00,"People also ask, Related searches"
iptv smarters pro pc,"Informational, Transactional",43,140,31,0.00,"Reviews, Video, Related searches"
iptv stream player windows,"Informational, Commercial",43,140,30,0.00,"AI Overview, Reviews, Video, People also ask, Related searches"
iptv vergleich,Commercial,67,140,37,0.00,"AI Overview, Reviews, Video, People also ask, Related searches"
iptv-anbieter liste,"Informational, Commercial",48,140,30,0.00,"Sitelinks, AI Overview, Video, People also ask, Related searches"
iptv-smarters-pro,"Informational, Commercial",46,140,38,0.00,"AI Overview, Reviews, Video, Video carousel, People also ask, Related searches"
iptvdeutschland,Commercial,54,140,12,1.35,"AI Overview, Video, Video carousel, People also ask, Related searches"
joyn nitro,"Navigational, Transactional",28,140,66,0.84,"Sitelinks, Reviews, People also ask, Related searches"
kabel für sky receiver,"Informational, Commercial",41,140,27,1.74,"Sitelinks, Reviews, Video, People also ask, Related searches, Popular products"
kabel internet oder dsl,"Informational, Commercial",46,140,18,3.47,"Sitelinks, AI Overview, Reviews, Video, Video carousel, People also ask, Related searches"
kostenlos fernsehen streamen,Commercial,43,140,55,0.90,"Reviews, Video, Video carousel, People also ask, Knowledge panel, Related searches, Ads middle"
kostenlos serien,Commercial,40,140,32,0.45,"Reviews, People also ask, Related searches"
kostenlos stream,Commercial,39,140,56,0.87,"Reviews, Image, Video, People also ask, Top stories, Related searches"
kostenlos tv ohne anmeldung,"Navigational, Transactional",39,140,36,0.67,"Sitelinks, Reviews, Video, Related searches"
let's dance rtl now,"Navigational, Transactional",33,140,44,0.46,"Sitelinks, Reviews, Video, Video carousel, People also ask, Related searches"
liste der serien,Commercial,33,140,37,0.00,"AI Overview, Video, Related searches"
live fernsehen rtl kostenlos,Commercial,40,140,48,0.94,"AI Overview, Reviews, Video, People also ask, Related searches, Ads bottom"
live fernsehen stream,Commercial,42,140,70,1.26,"Reviews, Video, People also ask, Related searches, Ads top, Ads bottom"
live rtl2 schauen,Commercial,39,140,32,0.80,"Reviews, Video, People also ask, Related searches"
live tv.com,Commercial,35,140,65,1.26,"Reviews, Video, People also ask"
livetvstream,Commercial,39,140,67,1.08,"Reviews, Video, Video carousel, Related searches"
lte telekom zuhause,Transactional,40,140,26,1.78,"AI Overview, Reviews, Video, People also ask, Related searches"
magenta festnetz tarife,Commercial,44,140,32,1.28,"Reviews, Video, People also ask, Related searches, Ads top, Ads bottom"
magenta geräte,Commercial,36,140,26,2.29,"Reviews, Video, People also ask, Related searches"
magenta tv anmelden mit zugangsdaten,Transactional,53,140,29,2.70,"AI Overview, Video, People also ask, Related searches"
magenta tv ohne internet vertrag,"Informational, Commercial",46,140,33,3.08,"AI Overview, Reviews, People also ask, Related searches"
magenta tv voraussetzungen,"Informational, Commercial",46,140,32,5.65,"Sitelinks, AI Overview, Reviews, Video, People also ask, Related searches, Ads bottom"
magenta verträge,Commercial,40,140,47,1.51,"Reviews, Video, People also ask, Related searches, Ads top"
media markt waipu tv stick,"Informational, Transactional",34,140,35,0.42,"Reviews, Video, People also ask, Related searches, Popular products"
mobiles internet für zuhause unbegrenzt,Commercial,47,140,32,2.14,"Video, People also ask, Related searches"
mobilfunkanbieter test,Commercial,43,140,51,1.65,"Reviews, Video, People also ask, Related searches"
mobilfunknetz vergleich,Commercial,43,140,40,2.53,"Sitelinks, Reviews, Video, People also ask, Related searches, Ads top, Ads middle"
mobilfunknetze im vergleich,Commercial,40,140,41,2.53,"Sitelinks, AI Overview, Reviews, Video, Short videos, People also ask, Related searches, Ads top, Ads bottom"
modem kaufen,Transactional,40,140,28,1.14,"Reviews, Video, People also ask, Related searches, Popular products"
monatlich kündbare dsl verträge,Commercial,39,140,34,7.00,"Sitelinks, Reviews, Related searches"
münchen kabelfernsehen,Commercial,36,140,25,1.07,"People also ask, Related searches"
netflix abonnements,"Navigational, Transactional",37,140,57,1.41,"AI Overview, Reviews, Video, People also ask, Related searches"
netflix abonnieren,"Navigational, Transactional",43,140,57,1.35,"Reviews, Video, People also ask, Related searches"
netflix alemania,"Navigational, Transactional",35,140,70,1.68,"Reviews, Video, People also ask, Related searches"
netflix angebot preis,Transactional,42,140,37,0.91,"AI Overview, Reviews, People also ask, Related searches"
netflix catálogo,"Informational, Transactional",36,140,71,0.00,"AI Overview, Video, People also ask, Knowledge panel, Related searches"
netflix deutschland telefonnummer,"Navigational, Transactional",40,140,36,0.00,"Sitelinks, Related searches"
netflix filme serien,"Informational, Transactional",38,140,53,0.00,"Video, People also ask, Related searches"
netflix kombi angebot,Commercial,46,140,42,1.38,"Sitelinks, AI Overview, Reviews, Video, People also ask, Related searches, Ads top, Ads bottom"
netflix modelle,"Informational, Transactional",35,140,67,1.94,"AI Overview, Reviews, Image pack, Video, People also ask, Related searches"
netflix neu filme,"Informational, Transactional",35,140,50,0.19,"Video, People also ask, Related searches"
netflix neue,Commercial,42,140,54,0.00,"Video, People also ask, Top stories, Related searches"
netflix pläne,"Navigational, Transactional",41,140,63,1.31,"AI Overview, Reviews, People also ask, Related searches"
netflix profil,"Informational, Transactional",37,140,35,0.00,"AI Overview, Video, People also ask, Related searches"
netflix schauen,"Navigational, Transactional",45,140,70,1.24,"Sitelinks, Reviews, Video, People also ask, Related searches"
netflix standart abo,"Informational, Transactional",42,140,50,2.09,"AI Overview, Reviews, Video, People also ask, Related searches"
netflix tv program,"Informational, Transactional",33,140,77,0.00,"Reviews, Video, People also ask, Related searches"
netflix upgraden,"Informational, Transactional",43,140,30,3.06,"AI Overview, Video, People also ask, Related searches"
netflix zahlungen,"Informational, Transactional",42,140,39,0.00,"AI Overview, Video, People also ask, Related searches"
netflix. abo,Commercial,47,140,60,1.63,"AI Overview, Reviews, Video, People also ask, Related searches"
netfliy preise,Transactional,47,140,46,0.93,"AI Overview, Reviews, Video, People also ask, Related searches"
netlite vrx,Commercial,30,140,28,0.97,"Image pack, Video, People also ask, Related searches"
netzabdeckung handy,Commercial,41,140,45,1.07,"Sitelinks, AI Overview, Reviews, Video, Video carousel, People also ask, Related searches"
netzabdeckung vodafone vs telekom,"Informational, Commercial",44,140,32,0.00,"Sitelinks, AI Overview, Reviews, Video, People also ask, Related searches"
netzausbau o2,Commercial,35,140,29,0.16,"Reviews, People also ask, Related searches"
netzverfügbarkeit,Commercial,41,140,40,1.24,"People also ask, Related searches"
online kostenlos serien schauen,Commercial,42,140,51,0.57,"Sitelinks, AI Overview, Reviews, Related searches"
online kostenlos tv schauen,Commercial,39,140,50,0.89,"Reviews, Video, People also ask, Related searches, Ads bottom"
online serien schauen kostenlos,Commercial,40,140,27,1.13,"Sitelinks, AI Overview, Reviews, Related searches"
online stream fernsehen,Commercial,43,140,68,1.94,"Reviews, Video, Related searches, Ads bottom"
online stream kostenlos,Commercial,38,140,52,0.00,"Reviews, Video, People also ask, Top stories, Related searches"
online tv free,Commercial,37,140,49,1.22,"AI Overview, Reviews, Video, Related searches"
online tv gucken,Commercial,46,140,46,2.42,"Reviews, Video, People also ask, Related searches"
online tv ohne anmeldung,Transactional,39,140,46,8.29,"Reviews, Video, Related searches"
onlinetvrecorder login,"Navigational, Transactional",48,140,13,0.00,"Reviews, Video, Related searches"
preisvergleich wlan,Commercial,41,140,35,5.02,"Reviews, Video, People also ask, Related searches, Popular products"
pro 7 live stream kostenlos ohne anmeldung,Transactional,39,140,33,0.34,"Reviews, Video, People also ask, Related searches"
profiles netflix,"Informational, Transactional",31,140,38,0.00,"Image pack, Video, People also ask, Related searches"
programm rtlplus,Commercial,37,140,46,0.33,"Reviews, People also ask, Related searches, Ads top, Ads bottom"
programma netflix,"Informational, Transactional",36,140,65,0.00,"Reviews, People also ask, Related searches"
programme rtl tv,Commercial,33,140,40,0.00,"Video, People also ask, Related searches"
prosieben live schauen,Commercial,41,140,49,0.47,"Reviews, Video, People also ask, Related searches"
provider internet vergleich,Commercial,44,140,47,2.94,"Sitelinks, Reviews, Video, People also ask, Related searches"
provider vergleich internet,Commercial,42,140,47,2.94,"Sitelinks, Reviews, Video, People also ask, Related searches"
punkt 12 live,"Informational, Transactional",31,140,29,0.48,"Reviews, Video, People also ask, Related searches"
rlt live stream,"Navigational, Transactional",36,140,43,0.60,"Sitelinks, Reviews, Video, People also ask, Top stories, Related searches"
router für kabel deutschland,Commercial,40,140,31,0.98,"Reviews, Video, People also ask, Related searches, Popular products"
router glasfaser test,Commercial,47,140,28,0.18,"Sitelinks, Reviews, Video, Video carousel, People also ask, Related searches"
router mit starkem wlan,Commercial,40,140,30,0.36,"Sitelinks, Reviews, Video, People also ask, Related searches, Ads top, Ads bottom"
router starkes wlan,Commercial,39,140,28,0.57,"Sitelinks, Reviews, Video, Video carousel, People also ask, Related searches, Popular products, Ads top, Ads bottom"
rtl aktuell livestream,"Informational, Transactional",39,140,67,0.00,"Reviews, Video, People also ask, Related searches"
rtl com,"Navigational, Transactional",34,140,70,1.27,"Sitelinks, Reviews, Video, People also ask, Related searches"
rtl de livestream,"Navigational, Transactional",41,140,49,0.96,"Reviews, Video, People also ask, Related searches"
rtl film heute,Commercial,36,140,39,0.00,"Video, People also ask, Related searches"
rtl germany live,Transactional,38,140,75,0.50,"Reviews, Video, Video carousel, People also ask, Related searches, Ads bottom"
rtl hr live stream,Transactional,37,140,35,0.99,"Reviews, Video, People also ask, Related searches"
rtl kostenlos live anschauen,Commercial,40,140,48,1.24,"Sitelinks, AI Overview, Reviews, Video, People also ask, Related searches"
rtl kostenlose,"Navigational, Transactional",38,140,58,0.89,"Reviews, Video, People also ask, Related searches"
rtl kostenloser livestream,Commercial,40,140,42,1.01,"Sitelinks, Reviews, Video, People also ask, Related searches, Ads top, Ads middle"
rtl life streamen,"Navigational, Transactional",39,140,35,0.63,"Reviews, Video, People also ask, Related searches"
rtl live gratis,Commercial,39,140,55,1.37,"Sitelinks, Reviews, Video, People also ask, Related searches"
rtl live stream online free,Commercial,38,140,51,0.00,"Sitelinks, AI Overview, Reviews, Video, People also ask, Related searches"
rtl live stresm,Commercial,38,140,50,0.00,"Reviews, Video, People also ask, Related searches"
rtl livestream kostenlos und ohne anmeldung,"Navigational, Transactional",50,140,42,0.00,"Sitelinks, Video, People also ask, Related searches"
rtl livw,"Navigational, Transactional",36,140,62,0.47,"Reviews, Video, People also ask, Top stories, Related searches"
rtl nitro 2ix2,"Navigational, Transactional",35,140,29,0.00,"Reviews, Video, Related searches"
rtl plus app download,Commercial,39,140,36,0.39,"Reviews, People also ask, Related searches"
rtl plus live stream kostenlos ohne anmeldung,Transactional,37,140,54,0.00,"AI Overview, Reviews, Video, People also ask, Related searches"
rtl plus live tv,"Navigational, Transactional",45,140,42,0.64,"Sitelinks, Reviews, Video, People also ask, Related searches"
rtl plus mitgliedschaft,"Navigational, Transactional",41,140,49,1.45,"Reviews, Video, Video carousel, People also ask, Related searches"
rtl sehen,"Navigational, Transactional",45,140,61,0.74,"Reviews, Video, People also ask, Related searches, Ads top, Ads bottom"
rtl spezial heute,"Informational, Transactional",34,140,46,0.00,"Sitelinks, Video, People also ask, Related searches"
rtl tv live stream,"Navigational, Transactional",42,140,46,0.90,"Sitelinks, Reviews, Video, People also ask, Related searches"
rtl tv login,"Navigational, Transactional",39,140,39,0.43,"AI Overview, Reviews, Video, People also ask, Related searches"
rtl tv uživo,"Navigational, Transactional",39,140,39,0.93,"Reviews, Video, Related searches"
rtl umsonst streamen,Commercial,41,140,46,2.10,"Sitelinks, AI Overview, Reviews, Video, Video carousel, People also ask, Related searches"
rtl von gestern abend,Transactional,34,140,38,0.71,"Video, People also ask"
rtl2 kostenlos ohne anmeldung,"Navigational, Transactional",34,140,28,0.00,"Reviews, Video, People also ask, Related searches"
rtl2 programm live,Commercial,37,140,41,0.64,"Reviews, Video, People also ask, Related searches"
rtl2 schauen live,Commercial,39,140,35,0.80,"Reviews, Video, People also ask, Related searches"
samsung tv to smart tv,"Navigational, Transactional",41,140,37,0.25,"Video, Video carousel, People also ask, Related searches"
sat 1 live stream kostenlos ohne anmeldung 2ix2,"Navigational, Transactional",37,140,45,0.00,"Sitelinks, Reviews, Video, Related searches"
sat 1 live streaming kostenlos,Commercial,40,140,40,0.29,"Reviews, Video, People also ask, Related searches"
sat receiver bei media markt,"Informational, Transactional",40,140,30,0.04,"People also ask, Related searches, Popular products"
sendung verpasst rtl unter uns,"Informational, Transactional",32,140,34,0.00,"Sitelinks, Video, People also ask, Top stories, Related searches"
serie deutsch neu,"Informational, Commercial",32,140,28,0.00,"AI Overview, Reviews, Image pack, Video, People also ask, Related searches"
serie film,Commercial,30,140,51,0.00,"Reviews, Image, Video, Video carousel, People also ask, Related searches"
serien free,Commercial,40,140,50,1.05,"Sitelinks, Reviews, Related searches"
serien gratis schauen,Commercial,40,140,55,0.67,"Sitelinks, AI Overview, Reviews, Video, People also ask, Related searches, Ads bottom"
serien kostenlos online stream,Commercial,41,140,37,0.67,"Sitelinks, Reviews, Video, Related searches"
serien kostenlos stream,Commercial,42,140,55,0.00,"Sitelinks, AI Overview, Reviews, Video, Related searches"
serien streamen gratis,Commercial,40,140,44,0.98,"Sitelinks, Reviews, People also ask, Related searches"
serienstream kostenlos,Commercial,43,140,42,1.62,"Sitelinks, Reviews, People also ask, Related searches"
seriernstream,"Informational, Commercial",48,140,37,0.71,"Reviews, Related searches"
series online gratis,Commercial,36,140,55,0.00,"Reviews, Video, Related searches"
sky bei telekom,Commercial,39,140,23,0.67,"AI Overview, People also ask, Related searches, Ads bottom, Ads middle"
sky bestandskunden,Transactional,41,140,28,2.55,"AI Overview, Reviews, People also ask, Related searches"
sky q reciever,"Informational, Transactional",33,140,28,1.84,"AI Overview, Reviews, Video, People also ask, Related searches, Ads bottom"
sky receiver für kabel,"Informational, Transactional",40,140,30,1.74,"Reviews, Video carousel, People also ask, Related searches, Popular products, Ads bottom"
sky receiver für satellit,"Informational, Transactional",37,140,33,1.59,"Reviews, Video, People also ask, Related searches, Popular products, Ads middle"
sky und dazn kombi,"Informational, Transactional",40,140,39,2.01,"Reviews, People also ask, Related searches"
smarter iptv apk download,Commercial,41,140,32,0.00,"Reviews, Video, Related searches"
smarters iptv pro apk,Commercial,46,140,30,0.00,"Reviews, Video, Related searches"
smarters pro player,Commercial,28,140,35,0.00,"Reviews, Image pack, Video, Video carousel, People also ask, Related searches"
smartiptv app,Commercial,54,140,32,0.00,"Reviews, Video, People also ask, Related searches"
stb tv box,Commercial,43,140,22,0.88,"Reviews, Video, People also ask, Related searches, Popular products"
stick smart tv,Commercial,42,140,26,0.80,"Sitelinks, Reviews, Video, Video carousel, People also ask, Related searches, Popular products"
streaming dienste angebote,"Informational, Commercial",47,140,39,1.74,"AI Overview, Reviews, Video, People also ask, Related searches"
streaming kombi angebote,"Informational, Commercial",45,140,32,1.75,"AI Overview, Reviews, Video, People also ask, Related searches, Ads bottom, Ads middle"
streaming stick test,Commercial,35,140,36,0.36,"Sitelinks, Reviews, Video, Video carousel, People also ask, Related searches, Ads middle"
streaming tv anbieter,Commercial,54,140,34,2.07,"AI Overview, Reviews, Video, People also ask, Related searches, Ads top, Ads middle"
subscribeip tv,"Informational, Commercial",48,140,13,0.00,"Sitelinks, Video, Video carousel, Related searches"
t mobile unlimited,Commercial,31,140,30,1.31,"Reviews, Video, People also ask, Related searches, Ads top, Ads bottom"
tarif telekom festnetz internet,Transactional,41,140,38,1.65,"AI Overview, Reviews, Video, People also ask, Related searches, Ads top, Ads bottom"
tarife festnetz vergleich,Commercial,41,140,42,1.39,"AI Overview, Reviews, Video, People also ask, Related searches"
tarifvergleich internet,Commercial,46,140,55,2.81,"Reviews, Video, People also ask, Related searches"
telefon dsl anschluss,"Informational, Commercial",42,140,27,2.57,"AI Overview, Reviews, Image pack, Video, Video carousel, People also ask, Related searches"
telefon festnetz tarife vergleich,Commercial,41,140,37,0.99,"Sitelinks, Reviews, People also ask, Related searches"
telefon festnetz vertrag,Commercial,41,140,36,1.22,"Reviews, People also ask, Related searches"
telefonanschluss festnetz,Commercial,41,140,32,1.21,"AI Overview, Reviews, Video, People also ask, Related searches, Ads bottom, Ads middle"
telefontarife festnetz und internet,Commercial,44,140,44,1.01,"AI Overview, Reviews, Video, People also ask, Related searches, Ads top, Ads middle"
telefontarife vergleich festnetz,Commercial,44,140,41,0.99,"Sitelinks, Reviews, People also ask, Related searches"
telekom aktuelle angebote,"Navigational, Transactional",43,140,49,0.86,"Reviews, People also ask, Related searches"
telekom angebote magenta tv,"Navigational, Commercial",44,140,37,2.50,"Sitelinks, Reviews, People also ask, Related searches, Ads top, Ads bottom"
telekom fernsehen internet,Transactional,43,140,54,2.24,"AI Overview, Reviews, Video, People also ask, Related searches, Ads top, Ads bottom"
telekom fernsehen kabel,Commercial,41,140,35,2.94,"AI Overview, Reviews, Video, People also ask, Related searches, Ads top, Ads middle"
telekom hybrid verfügbarkeit,Transactional,44,140,20,0.00,"Sitelinks, Reviews, Video, People also ask, Related searches, Ads top, Ads middle"
telekom internet bestellen,"Informational, Transactional",42,140,36,5.41,"Reviews, Video, People also ask, Related searches, Ads top, Ads middle"
telekom internetanbieter,Commercial,45,140,38,2.71,"AI Overview, Reviews, People also ask, Related searches, Ads top, Ads bottom"
telekom internetverbindung,"Navigational, Transactional",43,140,39,2.34,"AI Overview, Reviews, People also ask, Related searches"
telekom magenta box,Transactional,35,140,25,3.13,"Reviews, Video, People also ask, Related searches, Popular products, Ads top, Ads bottom"
telekom magenta tv pakete,"Navigational, Transactional",47,140,45,4.39,"Sitelinks, Reviews, Video, People also ask, Related searches, Ads top, Ads bottom"
telekom mega stream,Transactional,45,140,24,2.85,"Sitelinks, Reviews, Video, People also ask, Related searches"
telekom mobilfunk abdeckung,Transactional,38,140,42,4.99,"Reviews, Video, People also ask, Related searches"
telekom sport abo,"Navigational, Transactional",39,140,53,0.50,"AI Overview, Reviews, Video, People also ask, Related searches"
telekom telefonanschluss beantragen,Transactional,35,140,30,2.76,"People also ask, Related searches, Ads top, Ads bottom"
telekom tv angebot,"Navigational, Transactional",48,140,39,2.18,"Sitelinks, Reviews, People also ask, Related searches, Ads bottom"
telekom verfügbarkeit vdsl,Transactional,41,140,22,2.03,"Reviews, People also ask, Related searches, Ads top, Ads bottom"
telekomnetz,Commercial,46,140,41,3.40,"AI Overview, Reviews, Video, People also ask, Top stories, Related searches, Ads top, Ads middle"
testsieger router,Commercial,49,140,29,0.36,"Sitelinks, Reviews, Video, People also ask, Related searches"
tv gucken online,Commercial,41,140,49,2.64,"Sitelinks, Video, People also ask, Related searches"
tv internet free streaming,Commercial,42,140,54,1.35,"Reviews, Video, People also ask, Related searches, Ads bottom"
tv internet und festnetz,Commercial,47,140,44,1.71,"AI Overview, Reviews, Video, People also ask, Related searches, Ads top, Ads bottom"
tv kostenlos schauen pc,Commercial,38,140,40,0.40,"AI Overview, Reviews, Video, People also ask, Related searches"
tv live kostenlos ohne anmeldung,"Navigational, Transactional",38,140,37,0.00,"Video, People also ask, Related searches"
tv magenta stick,"Informational, Commercial",44,140,23,0.25,"Reviews, Video, Video carousel, People also ask, Related searches, Popular products"
tv mit handyvertrag,Commercial,40,140,10,1.35,"Reviews, Video, Related searches"
tv mit satellitenanschluss,Commercial,38,140,17,1.00,"Reviews, Video, People also ask, Related searches, Popular products"
tv programm kostenlos streamen,Commercial,40,140,51,0.66,"Reviews, Video, People also ask, Related searches"
tv programm streamen,Commercial,44,140,54,1.05,"AI Overview, Reviews, Video, People also ask, Ads top, Ads middle"
tv schauen auf pc kostenlos,Commercial,36,140,41,0.40,"AI Overview, Reviews, Video, Video carousel, People also ask, Related searches, Ads top, Ads middle"
tv set top box,Commercial,42,140,16,0.88,"Sitelinks, Reviews, Video, People also ask, Knowledge panel, Related searches, Popular products"
tv smart stick,Commercial,43,140,30,0.71,"Sitelinks, Reviews, Video, Video carousel, People also ask, Related searches, Ads bottom"
tv stick streaming,Commercial,45,140,29,0.90,"Sitelinks, Reviews, Video, Video carousel, People also ask, Related searches, Popular products, Ads bottom"
tv usb tv stick,Commercial,39,140,21,0.70,"Sitelinks, Reviews, Video, Video carousel, People also ask, Related searches, Popular products, Ads middle"
türk kanallar,"Informational, Transactional",48,140,62,1.88,"Reviews, Video, People also ask, Related searches"
türk television,Commercial,39,140,29,1.21,"AI Overview, Reviews, Image, Video, People also ask, Related searches"
türkisch iptv,Commercial,51,140,18,0.00,"Reviews, Video, People also ask, Related searches"
türkische iptv sender,Commercial,52,140,10,0.00,"AI Overview, Reviews, Video, People also ask, Related searches"
türkische sender iptv,"Informational, Commercial",50,140,13,0.00,"AI Overview, Reviews, Video carousel, People also ask, Related searches"
unbegrenzt mobile daten,Commercial,37,140,30,2.43,"Sitelinks, AI Overview, Reviews, Video, People also ask, Related searches"
unbegrenzte internet flat,Commercial,41,140,31,2.84,"AI Overview, Reviews, Video, People also ask, Related searches"
vdsl telekom verfügbarkeit,Transactional,43,140,23,2.03,"Reviews, People also ask, Related searches, Ads top, Ads bottom"
verfügbarkeit internet testen,Commercial,42,140,50,1.64,"Reviews, Video, People also ask, Related searches"
verfügbarkeit telekom vdsl,Transactional,42,140,20,2.03,"AI Overview, Reviews, People also ask, Related searches, Ads top, Ads bottom"
verfügbarkeitscheck telekom,Transactional,39,140,21,2.10,"AI Overview, Reviews, People also ask, Related searches"
vergleich festnetz dsl,Commercial,39,140,44,2.32,"Sitelinks, Reviews, Video, People also ask, Related searches"
vergleich internet telefon,Commercial,41,140,52,2.10,"Sitelinks, Reviews, Video, People also ask, Related searches, Ads top, Ads middle"
vergleich mobilfunknetze,Commercial,39,140,42,2.53,"Reviews, Video, People also ask, Related searches"
vergleich telefon internet,Commercial,41,140,49,2.10,"Sitelinks, AI Overview, Reviews, Video, People also ask, Related searches, Ads top, Ads middle"
vergleich telefontarife festnetz,Commercial,42,140,39,0.99,"Sitelinks, Reviews, People also ask, Related searches"
vergleich wlan router,Commercial,39,140,27,2.03,"Sitelinks, Reviews, Video, People also ask, Related searches, Ads top"
video anschauen,"Informational, Transactional",35,140,59,0.55,"AI Overview, Reviews, Video, Video carousel, People also ask, Related searches"
vipo tv,"Navigational, Commercial",41,140,45,0.59,"Sitelinks, Reviews, Video, Video carousel, People also ask, Related searches"
vodafone data only sim,Transactional,25,140,39,3.82,"Reviews, People also ask, Related searches, Popular products"
vodafone datenkarten,Transactional,29,140,38,3.11,"AI Overview, Reviews, Video, People also ask"
vodafone internet mobile,Commercial,31,140,36,2.76,"Reviews, Video, People also ask, Related searches, Ads top, Ads bottom"
vodafone lte verfügbarkeit,"Informational, Transactional",40,140,30,1.75,"AI Overview, Reviews, People also ask, Related searches, Ads bottom"
vodafone mobilfunk verträge,Transactional,38,140,50,2.81,"Reviews, Video, People also ask, Related searches, Ads top"
vodafone smart ultimate,"Informational, Transactional",32,140,31,2.03,"Reviews, People also ask, Related searches"
vodafone tarife ohne vertrag,Transactional,33,140,47,1.93,"Reviews, People also ask, Related searches, Ads top, Ads bottom"
vodafone vertrag mit tablet,"Informational, Transactional",34,140,30,2.78,"Reviews, People also ask, Related searches, Popular products"
vodafone vs telekom netz,"Informational, Commercial",42,140,37,0.00,"Sitelinks, AI Overview, Reviews, Video, Video carousel, People also ask, Related searches"
vonovia glasfaser,"Informational, Transactional",41,140,22,1.27,"AI Overview, People also ask, Related searches, Ads bottom"
vox live stream kostenlos ansehen pinto,Commercial,35,140,46,0.00,"AI Overview, Reviews, Video, People also ask, Related searches"
waipu tv 4k,Transactional,34,140,38,0.12,"Video, People also ask, Related searches"
waipu tv amazon,"Informational, Transactional",37,140,19,0.00,"Reviews, Video, People also ask, Related searches"
waipu tv beratung,"Navigational, Transactional",48,140,29,0.42,"AI Overview, Video, People also ask, Related searches"
waipu tv fernbedienung kaufen,Transactional,36,140,24,0.08,"Reviews, People also ask, Related searches, Popular products, Ads top"
waipu tv perfect plus preis,"Navigational, Transactional",48,140,38,0.06,"Reviews, People also ask, Related searches, Ads bottom"
waipu tv stick 1. generation,"Informational, Transactional",48,140,,0.00,"Reviews, Video, Video carousel, People also ask, Related searches, Popular products"
waipu vs zattoo,Commercial,30,140,16,2.05,"Sitelinks, AI Overview, Reviews, Video, Video carousel, People also ask, Related searches"
was ist der beste router,Commercial,47,140,25,0.34,"Sitelinks, Reviews, Video, Video carousel, People also ask, Related searches, Ads bottom"
web tv free streaming,Commercial,38,140,64,1.35,"Reviews, Video, Related searches"
welche internet anbieter gibt es,Commercial,46,140,29,1.74,"AI Overview, Reviews, Video, People also ask, Related searches"
welcher internet anbieter ist der beste,Commercial,47,140,28,2.34,"AI Overview, Reviews, Video, People also ask, Related searches"
welches ist das beste internet,Commercial,41,140,44,2.00,"AI Overview, Reviews, Video, Video carousel, People also ask, Related searches, Ads bottom, Ads middle"
welches ist das beste netz in deutschland,Commercial,43,140,35,2.60,"Sitelinks, AI Overview, Reviews, Video, Video carousel, People also ask, Related searches"
wer hat das beste handynetz,Commercial,42,140,35,1.83,"Sitelinks, AI Overview, Reviews, Video, Short videos, People also ask, Related searches, Ads bottom"
wer ist der günstigste internetanbieter,"Informational, Commercial",45,140,38,1.00,"AI Overview, Reviews, Video, People also ask, Related searches, Ads top, Ads middle"
wlan anmelden neue wohnung,Transactional,43,140,23,8.83,"Sitelinks, AI Overview, Reviews, Video, Video carousel, People also ask, Related searches, Ads top, Ads middle"
wlan für zuhause ohne festnetz,Commercial,40,140,29,2.61,"Reviews, Video, Video carousel, People also ask, Related searches, Ads top, Ads middle"
wlan internet anbieter,Commercial,45,140,37,4.72,"Sitelinks, AI Overview, Reviews, Video, People also ask, Related searches, Ads top, Ads middle"
wlan router dsl,Commercial,34,140,32,3.30,"Sitelinks, Reviews, Video, People also ask, Related searches, Popular products"
wlan router günstig,Commercial,39,140,30,3.80,"Reviews, People also ask, Related searches, Popular products, Ads top, Ads bottom"
wlan router im test,Commercial,44,140,29,0.40,"Sitelinks, Reviews, Video, People also ask, Related searches, Ads top, Ads bottom"
wlan router testsieger,Commercial,46,140,29,0.52,"Reviews, Video, People also ask, Related searches"
wlan stick für fernseher,Commercial,47,140,24,0.57,"Video, People also ask, Related searches, Popular products"
wlan tarif vergleich,Commercial,38,140,62,4.81,"Reviews, Video, People also ask, Related searches, Ads top, Ads middle"
wlan zuhause ohne telefon,Commercial,38,140,30,2.28,"Reviews, Video, Video carousel, People also ask, Related searches, Ads top, Ads middle"
www rtl de mediathek,"Navigational, Transactional",36,140,71,0.15,"Reviews, Video, People also ask, Related searches"
www rtl plus,"Navigational, Transactional",40,140,65,0.57,"Sitelinks, Reviews, Video, Video carousel, People also ask, Related searches"
xstream fire tv stick,Commercial,56,140,19,0.00,"Sitelinks, AI Overview, Video, Video carousel, People also ask, Related searches"
z2u iptv,"Navigational, Transactional",48,140,11,0.00,"People also ask, Related searches"
übertragung handy tv,Commercial,40,140,27,0.17,"Sitelinks, AI Overview, Video, Video carousel, People also ask, Related searches, Ads bottom, Ads middle"
1 und 1 cinema login,"Navigational, Transactional",50,110,30,0.00,"Reviews, People also ask, Related searches"
1&1 tv und filme-app,"Informational, Commercial",40,110,27,0.00,"AI Overview, Reviews, Video carousel, People also ask, Related searches"
1&1tv und filme app,Commercial,50,110,32,0.00,"AI Overview, Video, People also ask, Related searches"
1+1 cinema,"Informational, Transactional",36,110,27,0.00,"Reviews, People also ask, Related searches"
10 gb vodafone,Transactional,33,110,30,3.26,"AI Overview, Reviews, Image pack, Video, People also ask, Related searches, Ads top, Ads middle"
1000er leitung internet,"Informational, Commercial",44,110,30,1.50,"Sitelinks, AI Overview, Reviews, Video, People also ask, Related searches, Ads bottom, Ads middle"
1und1 umzug melden,"Navigational, Transactional",34,110,26,0.00,"Reviews, Video, People also ask, Related searches"
5g abdeckung o2,Commercial,34,110,25,0.23,"People also ask, Related searches"
5g ausbau karte,Commercial,36,110,38,1.42,"Reviews, Image pack, Video, People also ask, Related searches, Ads top, Ads bottom"
5g karte telekom,Transactional,40,110,30,4.54,"Reviews, Related searches"
5g netzabdeckung prüfen,"Informational, Commercial",36,110,48,0.96,"AI Overview, Reviews, Video, People also ask, Related searches, Ads top, Ads bottom"
5g unlimited monatlich kündbar,"Informational, Commercial",47,110,24,3.50,"Sitelinks, AI Overview, Video, Related searches, Ads top, Ads bottom"
5g verstärker telekom,"Informational, Transactional",35,110,20,0.28,"Reviews, Video, Video carousel, People also ask, Related searches, Ads top, Ads middle"
abdeckung d netz,Commercial,37,110,45,1.53,"Sitelinks, Reviews, Video, People also ask, Related searches, Ads top, Ads middle"
aktuelle angebote der telekom,Transactional,43,110,39,1.27,"AI Overview, Reviews, Video, People also ask, Related searches, Ads top, Ads middle"
all ip anschluss,"Informational, Commercial",48,110,8,1.97,"Featured snippet, Sitelinks, Video, People also ask, Ads top, Ads middle"
alleserien com,Commercial,35,110,40,0.00,"Sitelinks, Reviews, Video, People also ask, Related searches"
alte serien kostenlos streamen,"Informational, Commercial",35,110,23,0.00,"Sitelinks, AI Overview, Reviews, Video, People also ask, Related searches"
alternative dsl,"Informational, Commercial",40,110,26,1.64,"Sitelinks, AI Overview, Reviews, Video, People also ask, Related searches, Ads top, Ads middle"
alternative magenta tv,Commercial,44,110,33,0.82,"AI Overview, Reviews, Video, Video carousel, People also ask, Related searches, Ads bottom"
alternative zu amazon fire tv stick,Commercial,46,110,18,0.69,"Sitelinks, Reviews, Video, Video carousel, Short videos, People also ask, Related searches, Ads bottom"
alternativen zu dsl,"Informational, Commercial",39,110,22,1.30,"Sitelinks, AI Overview, Reviews, Video, People also ask, Related searches, Ads top, Ads middle"
alternativen zu waipu tv,"Informational, Commercial",48,110,28,0.65,"Sitelinks, AI Overview, Video, People also ask, Related searches"
amazon waipu,"Informational, Transactional",34,110,32,0.00,"Reviews, Video, People also ask, Related searches"
anbieter hdtv,"Informational, Commercial",55,110,42,2.25,"Reviews, People also ask, Related searches"
android iptv player,Commercial,44,110,30,0.00,"Reviews, Video, People also ask, Related searches"
android receiver,"Informational, Transactional",40,110,10,0.60,"Video, People also ask, Related searches, Popular products"
angebot telekom internet,Commercial,44,110,36,3.69,"AI Overview, Reviews, Video, People also ask, Related searches, Ads top, Ads middle"
angebote streaming dienste,"Informational, Commercial",48,110,43,1.63,"AI Overview, Reviews, Video, People also ask, Related searches"
anmelden an fritzbox,"Informational, Transactional",45,110,32,0.00,"AI Overview, Video, Video carousel, People also ask, Related searches"
anmeldung router,"Informational, Transactional",42,110,35,2.48,"Sitelinks, AI Overview, Reviews, Video, Video carousel, People also ask, Related searches"
app fernsehprogramm kostenlos,"Informational, Commercial",41,110,41,0.53,"AI Overview, Reviews, Video, People also ask, Related searches"
apple tv fußball,"Navigational, Transactional",59,110,42,1.08,"Video, People also ask, Related searches"
apple tv live,"Navigational, Transactional",48,110,51,1.15,"Sitelinks, Video, People also ask, Related searches"
apple tv live stream,"Navigational, Transactional",48,110,55,0.00,"Video, People also ask, Related searches"
apple tv livestream,"Navigational, Transactional",48,110,62,0.00,"Sitelinks, Reviews, Video, People also ask, Related searches"
ausfall deutsche glasfaser,"Informational, Transactional",35,110,35,0.00,"Reviews, People also ask, Related searches"
best fire stick for tv,Commercial,32,110,30,0.41,"Reviews, Image, Image pack, Video, Video carousel, People also ask, Related searches, Popular products"
best iptv player for windows,Commercial,40,110,31,0.00,"Reviews, Video carousel, People also ask, Related searches"
best player for iptv windows,Commercial,39,110,26,0.00,"Sitelinks, AI Overview, Reviews, Video, Video carousel, People also ask, Related searches"
best router,Commercial,38,110,37,0.93,"Sitelinks, Reviews, Video, Video carousel, People also ask, Related searches, Popular products"
best wlan router,Commercial,33,110,29,0.74,"Sitelinks, Reviews, Video, Video carousel, People also ask, Related searches, Popular products"
bestandskunden sky,"Informational, Transactional",35,110,34,2.55,"Sitelinks, Reviews, Video, People also ask, Related searches"
beste dsl tarife,Commercial,40,110,50,2.61,"Sitelinks, AI Overview, Reviews, Video, People also ask, Related searches, Ads top"
beste glasfaser anbieter,Commercial,49,110,41,1.28,"AI Overview, Reviews, Video, People also ask, Related searches, Ads bottom"
beste handy netz deutschland,Commercial,42,110,32,1.99,"Sitelinks, AI Overview, Reviews, Video, Video carousel, Short videos, People also ask, Related searches"
beste internet tarife,Commercial,44,110,50,2.79,"AI Overview, Video, People also ask, Related searches, Ads top, Ads middle"
beste iptv app für lg tv,Commercial,45,110,20,0.00,"AI Overview, Video, People also ask, Related searches"
beste mobilfunkanbieter deutschland,Commercial,50,110,35,1.94,"Sitelinks, AI Overview, Reviews, Video, Short videos, People also ask, Related searches, Ads middle"
beste netz,Commercial,43,110,39,3.26,"Sitelinks, AI Overview, Reviews, Video, Short videos, People also ask, Related searches, Ads bottom"
beste router dsl,Commercial,42,110,31,0.45,"Sitelinks, Reviews, Video, Video carousel, People also ask, Related searches, Popular products"
beste streaming anbieter,Commercial,47,110,39,1.96,"AI Overview, Reviews, Video, People also ask, Related searches"
besten iptv anbieter,Commercial,72,110,17,0.00,"Sitelinks, AI Overview, Video, Related searches"
bester empfang handy,Commercial,44,110,22,0.95,"Sitelinks, AI Overview, Reviews, Video, People also ask, Related searches, Ads middle"
bester iptv player android,Commercial,43,110,17,0.00,"Sitelinks, AI Overview, Reviews, Video, Video carousel, People also ask, Related searches"
bester iptv player windows,Commercial,54,110,18,0.00,"Reviews, People also ask, Related searches"
bester mobilfunkanbieter deutschland,Commercial,42,110,33,2.28,"Featured snippet, Reviews, Video, Short videos, People also ask, Related searches, Ads bottom"
bester router für kabel,Commercial,37,110,30,0.66,"Sitelinks, Reviews, Video, People also ask, Popular products"
bester streaming anbieter,Commercial,47,110,40,1.96,"Sitelinks, AI Overview, Reviews, Video, People also ask, Related searches, Ads top"
bester streaming service,Commercial,45,110,38,1.67,"AI Overview, Reviews, Video, People also ask, Related searches"
bestes internet für meine adresse,Commercial,44,110,46,1.84,"AI Overview, Reviews, Video, People also ask"
bestes netz,Commercial,41,110,38,3.10,"Sitelinks, AI Overview, Reviews, Video, Video carousel, People also ask, Related searches"
bestes wlan für zuhause,Commercial,40,110,22,3.68,"Sitelinks, Reviews, Video, Video carousel, People also ask, Related searches, Ads bottom"
big tv telekom,"Navigational, Transactional",42,110,23,5.28,"AI Overview, Reviews, Video, People also ask, Related searches"
bild router,"Informational, Transactional",31,110,26,0.00,"Image pack, Video, People also ask, Related searches"
billig dsl anbieter,Commercial,44,110,43,2.10,"Sitelinks, Reviews, Video, People also ask, Related searches, Popular products"
billigster-internetanbieter,Commercial,50,110,47,1.77,"AI Overview, Video, People also ask, Related searches"
bubble rtl kostenlos,"Navigational, Transactional",50,110,43,0.00,"Sitelinks, Related searches"
bundesliga angebote,Commercial,36,110,30,1.43,"AI Overview, Reviews, Video, People also ask, Related searches"
bundesliga streaming vpn,"Informational, Commercial",48,110,24,1.56,"Sitelinks, Reviews, Video, Related searches"
bundesliga über ausland schauen,Commercial,37,110,30,1.61,"Sitelinks, Reviews, Video, People also ask, Related searches"
casa iptv,Commercial,47,110,2,0.00,"AI Overview, People also ask, Related searches"
check 24 internetvertrag,"Navigational, Commercial",45,110,51,3.50,"Sitelinks, Reviews, Video, People also ask, Related searches"
d1 netz telekom,Commercial,42,110,30,2.41,"Reviews, Video, People also ask, Related searches, Ads top, Ads bottom"
d1 unlimited,Commercial,41,110,34,1.82,"AI Overview, Reviews, Video, People also ask, Related searches, Ads top, Ads middle"
deutsche glasfaser beschwerde,"Navigational, Transactional",36,110,36,0.00,"Reviews, Video, People also ask, Related searches"
deutsche glasfaser down,"Informational, Transactional",38,110,33,0.00,"Reviews, People also ask, Related searches, Ads bottom"
deutsche glasfaser gutschein,Transactional,47,110,11,0.00,"Sitelinks, People also ask, Related searches, Ads bottom"
deutsche glasfaser rezension,"Informational, Commercial",39,110,19,1.43,"Sitelinks, AI Overview, Reviews, Video, People also ask, Related searches"
deutsche glasfaser shop in der nähe,Transactional,47,110,25,0.65,"Video, People also ask, Local pack, Related searches, Ads bottom"
deutsche glasfaser shopfinder,"Navigational, Transactional",37,110,16,0.62,"Reviews, Video, People also ask, Related searches, Ads top, Ads bottom"
deutsche glasfaser wartung,Transactional,39,110,32,0.39,"Sitelinks, Reviews, People also ask, Related searches"
deutsche netflix filme,Commercial,33,110,28,0.00,"Video, People also ask, Related searches"
deutsche serien streamen,Commercial,43,110,24,0.78,"Sitelinks, Reviews, Image, Video, People also ask, Related searches"
die besten internet tv anbieter,Commercial,58,110,35,1.32,"Sitelinks, AI Overview, Reviews, Video, People also ask, Related searches, Ads bottom, Ads middle"
die besten wlan router,Commercial,43,110,24,0.50,"Sitelinks, Reviews, Video, Video carousel, People also ask, Related searches, Popular products"
digital sat receiver,Commercial,37,110,27,0.15,"Video, Video carousel, People also ask, Related searches, Popular products"
digital satellite receiver,"Informational, Commercial",36,110,27,0.19,"Video, Video carousel, People also ask, Related searches, Popular products"
digital tv receiver,Commercial,39,110,28,0.55,"Reviews, Video, People also ask, Related searches"
digitale satellitenreceiver,"Informational, Transactional",35,110,23,0.16,"Video, People also ask, Related searches, Popular products"
dsl 100 vergleich,Commercial,38,110,44,1.69,"Sitelinks, Reviews, Video, People also ask, Related searches"
dsl 250 mbit angebote,Commercial,44,110,23,1.75,"Reviews, People also ask, Related searches, Ads middle"
dsl 500 mbit,Commercial,44,110,30,1.88,"Sitelinks, Reviews, Video, People also ask, Related searches, Ads bottom"
dsl angebote mit router,Commercial,41,110,50,3.16,"Reviews, Video, People also ask, Related searches"
dsl anschluss monatlich kündbar,Commercial,38,110,35,6.04,"Reviews, People also ask, Related searches, Ads top, Ads bottom"
dsl anschlüsse im vergleich,Commercial,41,110,45,3.98,"Sitelinks, Reviews, Video, People also ask, Related searches"
dsl bestes angebot,Commercial,50,110,38,2.58,"Sitelinks, Video, People also ask, Related searches"
dsl deal,Commercial,38,110,24,3.02,"Reviews, Video, Related searches"
dsl mit fernseher,Commercial,48,110,17,2.44,"AI Overview, Reviews, Video, Related searches"
dsl neukunden angebote,Commercial,42,110,40,2.40,"AI Overview, Video, People also ask, Related searches, Ads top, Ads middle"
dsl router vergleich,Commercial,41,110,33,1.65,"Reviews, Video, Related searches, Popular products"
dsl tarif monatlich kündbar,Commercial,39,110,34,3.18,"Reviews, Related searches, Ads top, Ads bottom"
dsl verglecih,Commercial,47,110,43,3.84,"Sitelinks, Reviews, Video, People also ask, Related searches, Ads top, Ads bottom"
dsl zu hause,Commercial,40,110,45,4.24,"Reviews, Video, People also ask, Related searches"
empfang telekom,Transactional,42,110,36,3.17,"Reviews, Video, People also ask, Related searches"
fernbedienung magenta tv stick,"Informational, Transactional",38,110,20,0.11,"Image pack, Video, Related searches"
fernseh internet,"Informational, Commercial",42,110,40,1.27,"AI Overview, Reviews, Video, People also ask, Related searches, Ads top, Ads bottom"
fernseh ohne antenne,Commercial,41,110,19,0.80,"Reviews, Video, Video carousel, People also ask"
fernseh stick ohne internet,Commercial,43,110,23,1.12,"Sitelinks, Reviews, Video, Video carousel, People also ask, Related searches, Popular products"
fernsehen gucken internet,"Informational, Commercial",46,110,35,1.36,"AI Overview, Reviews, Image, Video, Video carousel, People also ask, Related searches"
fernsehen kostenlos auf pc,Commercial,39,110,30,0.39,"AI Overview, Reviews, Video, Video carousel, People also ask, Related searches"
fernsehen mit usb stick,Commercial,43,110,22,0.63,"Reviews, Video, Video carousel, People also ask, Related searches, Popular products"
fernsehen mit wlan stick,Commercial,46,110,28,0.50,"Sitelinks, Reviews, Video, People also ask, Related searches, Popular products, Ads top, Ads bottom"
fernsehen ohne anschluss,Commercial,47,110,25,1.15,"Reviews, Video, People also ask, Related searches, Ads top, Ads bottom"
fernsehen umsonst schauen,Commercial,38,110,35,0.50,"AI Overview, Reviews, Video, People also ask, Related searches"
fernseher anbieter,Commercial,52,110,34,2.32,"Reviews, Image, Video, People also ask, Related searches, Ads top, Ads bottom"
fernseher für iptv,"Informational, Commercial",62,110,29,0.00,"Sitelinks, Video, People also ask, Related searches, Popular products"
fernseher für unterwegs,Commercial,40,110,24,0.94,"Reviews, Video, People also ask, Related searches, Popular products, Ads bottom"
fernseher mit magentatv,Commercial,42,110,36,0.65,"AI Overview, Reviews, Video, Video carousel, People also ask, Related searches, Ads top, Ads middle"
fernseher wlan,Commercial,41,110,23,0.60,"Video, Video carousel, People also ask, Related searches, Popular products"
fernsehn app kostenlos,Commercial,40,110,50,0.61,"AI Overview, Reviews, Video, People also ask, Related searches, Ads middle"
fernsehn ohne kabelanschluss,Commercial,45,110,22,1.05,"Reviews, Video, Video carousel, People also ask, Related searches, Ads top, Ads middle"
fernsehn über pc,"Informational, Commercial",45,110,14,0.68,"AI Overview, Reviews, Video, Video carousel, People also ask, Related searches"
fernsehprogramme über internet,"Informational, Commercial",48,110,40,1.08,"AI Overview, Reviews, Video, People also ask, Related searches, Ads bottom, Ads middle"
festnetz anbieter günstig,"Informational, Commercial",50,110,38,1.48,"Sitelinks, AI Overview, Reviews, Video, People also ask, Related searches, Ads top, Ads middle"
festnetz dsl vergleich,Commercial,39,110,43,2.32,"Sitelinks, AI Overview, Reviews, Video, People also ask, Related searches"
festnetz günstige tarife,Commercial,42,110,40,1.01,"AI Overview, Reviews, Video, People also ask, Related searches, Ads top, Ads middle"
festnetz tarife günstig,Commercial,44,110,53,1.01,"Reviews, Video, People also ask, Related searches"
festnetz telekom tarife,"Informational, Transactional",43,110,42,1.50,"AI Overview, Reviews, People also ask, Related searches"
festnetzanbieter günstig,"Informational, Commercial",50,110,38,1.48,"Sitelinks, Reviews, Video, People also ask, Related searches"
festnetzanschluss telefon,Commercial,39,110,33,0.94,"AI Overview, Reviews, Video, People also ask, Related searches, Ads top, Ads bottom"
film stre,"Informational, Commercial",28,110,37,0.00,"Reviews, People also ask, Related searches"
filmstreaming seiten,Commercial,44,110,53,5.53,"Sitelinks, AI Overview, Reviews, Video, People also ask, Related searches"
fire stick alternative,Commercial,36,110,19,0.45,"Sitelinks, Video, Video carousel, People also ask, Related searches, Popular products"
flachbildfernseher mit sat receiver,Commercial,40,110,25,0.17,"Video, People also ask, Related searches"
flatrate festnetz telekom,Transactional,37,110,28,1.58,"AI Overview, Reviews, People also ask, Related searches, Ads top, Ads bottom"
free tv stream online,Commercial,37,110,51,1.69,"Sitelinks, Reviews, Video, People also ask, Related searches"
free-tv rtl,"Navigational, Transactional",50,110,74,0.65,"Reviews, Video, People also ask, Related searches, Ads bottom"
fritzbox 7590 anmelden,"Navigational, Transactional",37,110,24,0.00,"AI Overview, Video, Video carousel, Related searches"
fritzbox online,Commercial,39,110,38,1.40,"Reviews, Video, People also ask, Related searches"
fussball abo,Commercial,35,110,76,1.06,"Reviews, Video, People also ask, Related searches"
fußball live-stream kostenlos ausland,Commercial,48,110,39,0.84,"Sitelinks, Reviews, Video, Related searches"
german iptv anbieter,Commercial,71,110,,0.00,"AI Overview, Related searches"
gibt es eine rtl mediathek,"Navigational, Transactional",38,110,57,0.37,"Sitelinks, Reviews, Video, People also ask, Related searches"
gigabyte vodafone,Commercial,34,110,38,2.06,"AI Overview, Reviews, Video, People also ask, Related searches, Ads top, Ads middle"
glasfaser adresse prüfen,Commercial,40,110,33,0.93,"Reviews, Video, People also ask, Related searches"
glasfaser anschluss ohne vertrag,"Informational, Commercial",42,110,21,1.16,"Sitelinks, AI Overview, Reviews, Video, Video carousel, People also ask, Related searches, Ads bottom, Ads middle"
glasfaser sinnvoll,"Informational, Commercial",38,110,30,0.90,"Sitelinks, AI Overview, Reviews, Video, Video carousel, People also ask, Related searches"
glasfaser tarife angebote,"Informational, Commercial",47,110,46,0.92,"AI Overview, Reviews, Video, People also ask, Related searches, Ads middle"
glasfaser verfügbarkeit vodafone,"Informational, Transactional",37,110,24,0.79,"Reviews, People also ask, Related searches"
glasfaser überprüfen,Commercial,39,110,32,1.11,"Reviews, Video, People also ask, Related searches, Ads top, Ads bottom"
glasfaseranschluss vergleich,Commercial,43,110,35,1.68,"Sitelinks, Reviews, Video, People also ask, Related searches, Ads bottom"
glasfaserinternet,Commercial,43,110,65,1.84,"Sitelinks, AI Overview, Reviews, Video, People also ask, Related searches, Ads top, Ads middle"
glasfaserkabel telekom kaufen,Transactional,38,110,20,0.74,"Reviews, People also ask, Related searches, Popular products"
glasphaser,Commercial,35,110,60,2.00,"AI Overview, Reviews, Video, People also ask, Knowledge panel, Related searches, See results about, Ads bottom"
gratis serien gucken,Commercial,40,110,28,0.56,"Sitelinks, Reviews, Video, Related searches"
gute serien mediathek,Commercial,38,110,30,0.04,"Video, People also ask, Related searches"
günstig dsl internet,Commercial,44,110,36,3.27,"AI Overview, Reviews, Video, People also ask, Related searches, Ads top, Ads bottom"
günstige anbieter für telefon und internet,Commercial,45,110,30,1.32,"Reviews, Video, People also ask, Related searches"
günstige dsl verträge,Commercial,43,110,43,3.56,"Sitelinks, Reviews, People also ask, Related searches, Ads top"
günstige internettarife,Commercial,47,110,44,2.29,"Reviews, Video, People also ask, Popular products"
günstige tarife vodafone,Commercial,41,110,30,1.90,"AI Overview, Reviews, People also ask, Related searches, Ads top, Ads middle"
günstige tv anbieter,"Informational, Commercial",51,110,31,1.86,"AI Overview, Reviews, Video, People also ask, Related searches, Ads top, Ads middle"
günstigen internetanbieter,Commercial,46,110,40,2.45,"AI Overview, Reviews, People also ask, Related searches"
günstiger anbieter für telefon und internet,Commercial,44,110,40,1.32,"Sitelinks, Reviews, Video, People also ask, Related searches"
günstiger internet vertrag,"Informational, Commercial",44,110,55,4.13,"AI Overview, Reviews, Video, People also ask, Related searches, Ads top"
günstiger wlan anbieter,Commercial,43,110,41,2.81,"AI Overview, Video, People also ask, Related searches"
günstigste dsl anbieter,Commercial,44,110,40,2.58,"Sitelinks, AI Overview, Reviews, Video, People also ask, Related searches, Ads top, Ads middle"
günstigster internetanschluss,Commercial,44,110,43,1.54,"AI Overview, Reviews, Video, People also ask, Related searches, Ads top, Ads bottom"
handy netze,Commercial,36,110,33,2.29,"Featured snippet, Video, People also ask, Related searches, Popular products, Ads top, Ads middle"
handy über fernseher,"Informational, Transactional",37,110,23,0.39,"Sitelinks, Reviews, Video, Video carousel, People also ask, Related searches"
handynetz check,Commercial,41,110,33,1.51,"Sitelinks, Video, People also ask, Related searches"
handynetz test,Commercial,45,110,38,1.13,"Reviews, Video, People also ask, Related searches, Ads bottom"
handynetze vergleich,Commercial,42,110,41,1.90,"AI Overview, Reviews, Video, People also ask, Related searches, Ads top, Ads bottom"
handytarife mit vodafone netz,Commercial,38,110,35,2.24,"Reviews, People also ask, Related searches"
handytarife vodafone prepaid,Transactional,32,110,42,1.89,"Reviews, People also ask, Related searches"
handyvertrag für senioren vodafone,Commercial,38,110,29,1.80,"AI Overview, Reviews, People also ask, Related searches"
hat waipu tv rtl plus,"Informational, Transactional",34,110,24,0.83,"Sitelinks, AI Overview, Reviews, Video, People also ask, Related searches"
haus internet angebot,Commercial,43,110,55,2.53,"AI Overview, Reviews, Video, People also ask, Related searches, Ads top, Ads middle"
hdstream to,Commercial,40,110,20,0.00,"Reviews, Video, Related searches"
hdtv live,Commercial,41,110,63,1.00,"AI Overview, Reviews, Video, People also ask, Related searches"
home internet germany,Commercial,40,110,64,3.71,"Sitelinks, Reviews, Video, Related searches"
injternet,Commercial,41,110,58,6.34,"AI Overview, Video, People also ask, Knowledge panel, Related searches"
internet 300 mbit,Commercial,38,110,20,2.52,"AI Overview, Reviews, Video, People also ask, Related searches, Ads top, Ads bottom"
internet abschließen,Commercial,41,110,57,14.74,"AI Overview, Reviews, Video, Related searches, Ads top, Ads middle"
internet alternativen,Commercial,48,110,24,1.88,"Video, People also ask, Related searches, Ads top, Ads middle"
internet anbieter für zu hause,Commercial,47,110,51,4.12,"AI Overview, Video, People also ask, Related searches, Ads top, Ads bottom"
internet anbieter hamburg,Commercial,45,110,41,3.36,"Sitelinks, Reviews, Video, People also ask, Knowledge panel, Related searches, Ads top, Ads bottom"
internet daheim,"Informational, Commercial",41,110,55,4.47,"Reviews, Video, People also ask, Related searches"
internet dsl monatlich kündbar,Commercial,40,110,35,5.17,"Reviews, Video, Related searches, Ads top, Ads bottom"
internet dsl vertrag,Commercial,45,110,51,6.42,"Reviews, Video, Related searches"
internet fernseh gucken,"Informational, Commercial",45,110,38,1.50,"AI Overview, Reviews, Video, Video carousel, People also ask, Related searches, Ads top, Ads middle"
internet fernsehen gucken,"Informational, Commercial",47,110,34,1.50,"AI Overview, Reviews, Video, Video carousel, People also ask, Related searches"
internet for home,Commercial,41,110,56,3.93,"Sitelinks, Reviews, Video, Video carousel, People also ask, Related searches"
internet günstiger anbieter,Commercial,47,110,46,2.28,"AI Overview, Reviews, Video, People also ask, Related searches, Ads bottom"
internet hamburg anbieter,Commercial,44,110,31,4.25,"Sitelinks, AI Overview, Reviews, Video, People also ask, Related searches, Ads top, Ads bottom"
internet kabel anbieter,Commercial,46,110,30,3.55,"Reviews, Video, People also ask, Related searches"
internet kabel tarife,Commercial,45,110,30,2.50,"Reviews, Video, People also ask, Related searches"
internet mit prämie fernseher,Commercial,43,110,8,2.93,"Sitelinks, AI Overview, Reviews, Related searches, Ads top, Ads middle"
internet ohne festnetzanschluß,"Informational, Commercial",38,110,29,1.28,"AI Overview, Reviews, Video, Video carousel, People also ask, Related searches, Ads top, Ads bottom"
internet plus tv,Commercial,47,110,42,2.40,"AI Overview, Reviews, Video, People also ask, Related searches, Ads bottom, Ads middle"
internet preis,Commercial,42,110,55,1.12,"AI Overview, Reviews, Video, People also ask, Related searches"
internet provider im vergleich,Commercial,43,110,43,2.66,"Sitelinks, AI Overview, Reviews, Video, People also ask, Related searches, Ads top, Ads bottom"
internet router wlan,Commercial,38,110,38,3.65,"Sitelinks, Reviews, Video, People also ask, Related searches, Popular products, Ads top, Ads middle"
internet service,Commercial,42,110,58,3.01,"Reviews, Video, People also ask, Local pack, Related searches"
internet telefon kaufen,Transactional,41,110,21,0.59,"Video, People also ask, Related searches, Popular products"
internet tv festnetz,Commercial,47,110,40,1.78,"AI Overview, Reviews, Video, Related searches, Ads top, Ads middle"
internet ummelden,Commercial,43,110,25,3.47,"Reviews, Video, Video carousel, People also ask, Related searches"
internet und fernsehn anbieter,Commercial,50,110,49,2.38,"Sitelinks, AI Overview, Video, People also ask, Related searches"
internet und kabel tv,Commercial,52,110,47,2.23,"Reviews, Video, People also ask, Related searches, Ads top, Ads bottom"
internet und telefonie anbieter vergleich,Commercial,50,110,49,1.56,"Sitelinks, Reviews, Video, People also ask, Related searches, Ads middle"
internet verfügbarkeitscheck,Commercial,42,110,48,1.69,"Reviews, Video, Related searches, Ads top, Ads middle"
internet vertrag dsl,Commercial,45,110,46,6.78,"Reviews, Video, Related searches, Ads top, Ads middle"
internet vertrag wlan,Commercial,43,110,49,6.97,"Reviews, Video, People also ask, Related searches"
internet vertrag zuhause,"Informational, Commercial",44,110,52,5.48,"Sitelinks, AI Overview, Reviews, Video, Related searches, Ads bottom"
internet via tv,Commercial,48,110,31,1.48,"AI Overview, Reviews, Video, Video carousel, People also ask, Related searches, Ads bottom, Ads middle"
internet wlan router,Commercial,38,110,36,3.65,"Reviews, Video, Video carousel, People also ask, Related searches, Popular products"
internet wlan vertrag,Commercial,43,110,47,6.97,"AI Overview, Reviews, Video, Related searches"
internet-vergleich,Commercial,42,110,50,5.23,"Sitelinks, Reviews, Video, People also ask, Related searches, Ads top, Ads bottom"
internetangebot,Commercial,45,110,57,3.41,"Reviews, Related searches"
internetanschluss für zu hause,Commercial,47,110,58,3.68,"Video, People also ask, Related searches, Ads top, Ads bottom"
internetanschluss monatlich kündbar,Commercial,40,110,35,3.02,"Reviews, Video, People also ask, Related searches"
internetfähige fernseher,Commercial,43,110,21,0.26,"Reviews, Video, People also ask, Related searches, Popular products"
internetvertrag monatlich kündbar,Commercial,47,110,37,4.13,"Reviews, Video, People also ask, Related searches, Ads top, Ads bottom"
internez,Commercial,40,110,54,4.57,"Reviews, Video, People also ask, Related searches"
ip television pc,"Informational, Commercial",47,110,36,0.00,"Featured snippet, Reviews, Video, People also ask, Related searches, Ads middle"
ip tv anbieter vergleich,Commercial,64,110,37,0.00,"Video, People also ask, Related searches"
ip tv app für fire tv stick,"Informational, Commercial",56,110,10,0.00,"Sitelinks, AI Overview, Video, Video carousel, People also ask, Related searches"
iptv abo kaufen,Commercial,57,110,10,0.00,"Video, Related searches"
iptv abonnementen,"Informational, Commercial",59,110,36,0.00,"AI Overview, Video, People also ask, Related searches"
iptv anbieter mit sky,"Informational, Commercial",59,110,20,0.00,"Sitelinks, AI Overview, Reviews, Video, People also ask, Related searches"
iptv anbieter testsieger,"Informational, Commercial",48,110,30,0.00,"AI Overview, Video, People also ask, Related searches"
iptv bester,Commercial,48,110,27,0.00,"AI Overview, Video, People also ask, Related searches"
iptv bester anbieter,Commercial,72,110,24,0.00,"AI Overview, Reviews, Video, Video carousel, People also ask, Related searches"
iptv box alle sender,Commercial,58,110,46,0.00,"Image, Video, People also ask, Related searches, Popular products"
iptv günstig,"Informational, Commercial",67,110,39,0.00,"Video, People also ask, Related searches"
iptv list kaufen,Commercial,56,110,10,0.00,"AI Overview, Video, People also ask, Related searches"
iptv listen kaufen,Commercial,53,110,8,0.00,"AI Overview, People also ask, Related searches"
iptv pc player,Commercial,45,110,25,0.00,"AI Overview, Reviews, Video, People also ask, Related searches"
iptv preis,Transactional,52,110,35,0.00,"Sitelinks, AI Overview, Video, People also ask, Related searches"
iptv preise,Transactional,62,110,32,0.00,"AI Overview, Reviews, Image, Video, People also ask, Related searches"
iptv set top box,Commercial,49,110,15,0.00,"Video, People also ask, Related searches, Popular products"
iptv stick kaufen,Transactional,55,110,21,0.00,"Video, People also ask, Related searches, Popular products"
iptv subscribe,"Informational, Commercial",48,110,34,0.00,"Sitelinks, AI Overview, Video, Video carousel, People also ask, Related searches"
iptv the best,Commercial,53,110,47,0.00,"Video, Video carousel, People also ask, Related searches"
iptv windows 11,Commercial,43,110,22,0.00,"AI Overview, Reviews, Video, Video carousel, People also ask, Related searches"
iptvq,"Informational, Transactional",47,110,36,1.05,"Reviews, Video, Short videos, People also ask, Knowledge panel, Related searches, Ads top, Ads bottom"
iptvrapid,Transactional,47,110,8,1.08,People also ask
joyn tv live,"Navigational, Transactional",40,110,66,0.27,"Reviews, Video, People also ask, Knowledge panel, Top stories, Related searches, Ads top, Ads bottom"
kabel fernsehen anbieter,Commercial,50,110,28,1.19,"Sitelinks, AI Overview, Video, People also ask, Related searches, Ads top, Ads bottom"
kabel internet tarife,Commercial,46,110,28,2.50,"AI Overview, Reviews, Video, People also ask, Related searches, Ads top, Ads bottom"
kabel live stream,Commercial,39,110,34,0.36,"Reviews, Video, People also ask, Related searches"
kinderfilme neu netflix,Commercial,31,110,32,0.00,"AI Overview, Image, Video, People also ask, Related searches"
kleiner wlan router,Commercial,34,110,22,0.56,"Sitelinks, Reviews, Image pack, Video, Video carousel, People also ask, Related searches, Popular products"
kosten für internet,"Informational, Commercial",42,110,51,0.57,"Sitelinks, AI Overview, Reviews, Video, People also ask, Related searches, Ads bottom, Ads middle"
kosten router,Commercial,40,110,42,0.65,"Reviews, Video, People also ask, Related searches, Popular products"
kostenlos anschauen,Commercial,39,110,56,0.41,"AI Overview, Reviews, Video, People also ask, Related searches"
kostenlos fernseh schauen online,Commercial,39,110,52,0.77,"AI Overview, Reviews, Video, Related searches, Ads middle"
kostenlos fernsehen online schauen,Commercial,39,110,43,0.77,"Sitelinks, Reviews, Video, People also ask, Related searches"
kostenlos hd fernsehen,Commercial,42,110,19,0.89,"AI Overview, Reviews, Video, People also ask, Related searches, Ads top, Ads bottom"
kostenlos kabel 1 schauen,Commercial,39,110,25,0.66,"Sitelinks, Video, People also ask, Related searches"
kostenlos ohne anmeldung,"Navigational, Transactional",33,110,55,0.00,"Reviews, Video, People also ask, Related searches"
kostenlos rtl live gucken,Transactional,43,110,47,0.89,"Sitelinks, Reviews, Video, Video carousel, People also ask, Related searches, Ads top, Ads middle"
kostenlos serien schauen online,Commercial,40,110,46,0.57,"Sitelinks, AI Overview, Reviews, Video, Related searches"
kostenlos vox gucken,Commercial,40,110,46,0.77,"AI Overview, Reviews, Video, People also ask, Related searches"
kostenlose fernsehprogramme,Commercial,38,110,42,0.42,"AI Overview, Reviews, Video, People also ask, Related searches, Ads bottom, Ads middle"
kurze serien,Commercial,32,110,20,1.40,"AI Overview, Image, Video, People also ask, Related searches"
live show free,Commercial,32,110,62,0.00,"AI Overview, Reviews, Video, Video carousel, Related searches"
live streaming rtl,"Navigational, Transactional",43,110,40,0.76,"Reviews, Video, People also ask, Related searches, Ads bottom"
live tv kostenlos online,Commercial,41,110,52,1.31,"Reviews, Video, People also ask, Related searches"
live tv streamen kostenlos,Commercial,41,110,47,0.63,"Reviews, Video, People also ask, Related searches"
live übertragung rtl,"Navigational, Transactional",44,110,65,0.57,"AI Overview, Reviews, Video, Top stories, Related searches"
livestream ohne anmeldung,"Navigational, Transactional",34,110,46,0.35,"Sitelinks, Reviews, Video, Related searches"
livestream pro7 kostenlos,Commercial,41,110,42,0.50,"Reviews, Video, People also ask, Related searches"
magenta fire tv stick,"Informational, Transactional",45,110,19,0.39,"Video, Video carousel, People also ask, Related searches, Popular products"
magenta paket,"Navigational, Commercial",38,110,21,2.61,"Reviews, Video, People also ask, Related searches, Ads top, Ads bottom"
magenta sport 3 liga kosten,Transactional,38,110,40,0.54,"Reviews, Video, People also ask, Related searches"
magenta sport preise,Transactional,38,110,26,0.27,"AI Overview, Reviews, People also ask, Related searches"
magenta tv apk,Commercial,39,110,33,4.68,"AI Overview, Reviews, Related searches"
magenta tv liv,Commercial,47,110,58,3.13,"Reviews, Video, People also ask, Related searches, Ads top, Ads bottom"
magenta tv live stream kostenlos ohne anmeldung,"Informational, Transactional",47,110,30,2.31,"AI Overview, Reviews, Video, People also ask, Related searches"
magenta tv mit netflix und disney+ plus,Transactional,47,110,31,3.64,"Reviews, Video, People also ask, Related searches, Ads bottom"
magenta tv smart senderliste pdf,"Informational, Transactional",40,110,34,0.00,"Reviews, Video, People also ask, Related searches"
magenta tv stick media markt,Commercial,41,110,25,0.00,"Sitelinks, Reviews, Video, People also ask, Related searches"
magenta tv vergleich,Commercial,44,110,33,3.02,"Reviews, Video, People also ask, Related searches"
magenta vertrag telekom,"Navigational, Transactional",40,110,48,1.74,"AI Overview, Reviews, Video, People also ask, Related searches, Ads top, Ads bottom"
magentasport angebot,Transactional,35,110,30,1.10,"Reviews, Video, People also ask, Related searches"
magentatv kaufen,Transactional,43,110,35,2.82,"Sitelinks, Reviews, People also ask, Related searches, Popular products"
magentatv stick kaufen,Transactional,47,110,24,0.24,"Reviews, People also ask, Related searches, Popular products"
media markt tv stick,Commercial,38,110,30,0.57,"Sitelinks, People also ask, Related searches, Popular products, Ads bottom"
mesh geräte telekom,"Navigational, Transactional",48,110,20,0.12,"Video, Video carousel, People also ask, Related searches, Popular products"
mobil internet zuhause,"Informational, Commercial",47,110,34,1.94,"AI Overview, Reviews, Video, People also ask, Related searches, Ads top, Ads middle"
mobilfunknetze abdeckung,Commercial,47,110,44,1.47,"Image pack, Video, People also ask, Related searches, Popular products, Ads bottom"
modem wifi,Commercial,36,110,35,1.23,"Reviews, Image pack, Video, Video carousel, People also ask, Related searches, Popular products"
my rtl plus,"Navigational, Transactional",35,110,44,1.64,"Sitelinks, Reviews, Video, People also ask, Related searches, Ads top, Ads bottom"
net flix movies,Transactional,32,110,83,0.42,"People also ask, Related searches"
netflix 12 monate,Commercial,36,110,27,0.77,"AI Overview, Reviews, People also ask, Related searches"
netflix abbuchung ohne abo,"Informational, Transactional",43,110,33,0.00,"Sitelinks, AI Overview, Video, People also ask, Related searches"
netflix abo 4 99,"Informational, Transactional",43,110,47,2.24,"AI Overview, Video, People also ask, Related searches"
netflix abo kaufen,"Navigational, Transactional",42,110,55,1.20,"Reviews, People also ask, Related searches"
netflix abo varianten,"Informational, Transactional",44,110,47,0.00,"AI Overview, Reviews, Video, People also ask, Related searches"
netflix accounts login,"Navigational, Transactional",36,110,70,0.00,"People also ask, Related searches"
netflix accoutn,"Navigational, Transactional",36,110,59,1.49,"People also ask, Related searches"
netflix acount,"Navigational, Transactional",36,110,68,0.90,"People also ask, Related searches"
netflix com abo,"Navigational, Transactional",36,110,66,1.56,"Reviews, Video, People also ask, Related searches"
netflix deutschland filme,Transactional,36,110,50,0.00,"Video, People also ask"
netflix disney+ plus paket,"Informational, Commercial",40,110,34,1.12,"AI Overview, Reviews, Video, People also ask, Related searches"
netflix hotline kosten,"Informational, Transactional",36,110,35,0.00,"Video, People also ask, Related searches"
netflix konto reaktivieren,"Informational, Transactional",36,110,50,0.00,"AI Overview, Reviews, Video, People also ask, Related searches"
netflix mein konto,"Navigational, Transactional",41,110,59,0.00,"AI Overview, Video, People also ask, Related searches"
netflix membership,"Navigational, Transactional",36,110,73,1.28,"Reviews, Video, People also ask, Related searches"
netflix mitgliedschaft verwalten,Transactional,46,110,57,0.00,"Video, People also ask, Related searches"
netflix mitgliedschaften,"Informational, Transactional",40,110,63,1.87,"AI Overview, Reviews, People also ask, Related searches"
netflix moveis,Transactional,32,110,91,0.23,"People also ask, Related searches"
netflix neu anmelden,"Navigational, Transactional",44,110,58,2.11,"AI Overview, Video, People also ask, Related searches"
netflix paket,"Informational, Commercial",46,110,43,1.45,"AI Overview, Reviews, Video, People also ask, Related searches"
netflix paketleri,"Navigational, Transactional",43,110,81,1.24,"Reviews, Video, People also ask, Related searches"
netflix rechnungen,"Navigational, Transactional",40,110,35,2.28,"Reviews, People also ask, Related searches"
netflix und disney plus abo,"Informational, Commercial",43,110,36,1.22,"AI Overview, Reviews, Video, People also ask, Related searches"
netflix vodafone aktivieren,"Informational, Transactional",41,110,20,6.18,"Sitelinks, AI Overview, Video, People also ask, Related searches"
netflix österreich,"Navigational, Transactional",38,110,69,0.00,"Sitelinks, Reviews, Video, People also ask, Related searches"
netglix account,"Navigational, Transactional",32,110,53,1.49,"People also ask, Related searches"
netzabdeckung 1 1,Commercial,40,110,38,0.00,"Reviews, Video, People also ask, Related searches"
netzabdeckung e plus,Commercial,39,110,21,1.09,"Sitelinks, Reviews, Image pack, People also ask, Related searches"
netzabdeckung prüfen adresse,Commercial,47,110,34,0.93,"Reviews, People also ask, Related searches"
netzabdeckung vergleich karte,Commercial,42,110,44,2.19,"Sitelinks, Reviews, Image pack, Video, People also ask, Related searches, Ads bottom"
neuester wlan router,Commercial,34,110,43,1.79,"Reviews, Video, Video carousel, People also ask, Related searches, Popular products"
new netflix,"Navigational, Transactional",32,110,76,0.00,"Video, People also ask, Related searches"
nur internet für zuhause günstig,"Informational, Commercial",47,110,,1.23,"AI Overview, Reviews, Video, People also ask, Related searches, Ads top, Ads bottom"
o2 mobilfunk netzabdeckung,Commercial,47,110,34,0.20,"Sitelinks, Reviews, People also ask, Related searches, Ads top, Ads middle"
o2 vs telekom,"Informational, Commercial",46,110,21,0.00,"Sitelinks, Reviews, Video, People also ask, Related searches"
ohne kabel fernseh schauen,"Informational, Commercial",45,110,24,1.50,"AI Overview, Reviews, Video, Video carousel, People also ask, Related searches, Ads top, Ads middle"
online fernsehen schauen kostenlos,Commercial,39,110,52,0.77,"AI Overview, Reviews, Video, People also ask, Related searches, Ads top, Ads bottom"
online vox gucken,Commercial,34,110,43,1.06,"Reviews, Video, People also ask, Related searches"
pc television,"Informational, Commercial",40,110,19,0.00,"Reviews, Image, Video, Video carousel, People also ask, Related searches, Popular products"
pc tv schauen,Commercial,40,110,17,0.76,"Reviews, Video, Video carousel, People also ask, Related searches, Popular products, Ads middle"
player iptv pc,Commercial,44,110,26,0.00,"AI Overview, Reviews, Video, Video carousel, Related searches"
player smart tv,"Informational, Transactional",42,110,29,0.45,"Reviews, Video, People also ask, Related searches"
preise dsl,Commercial,41,110,54,1.13,"Sitelinks, Reviews, Video, People also ask, Related searches"
preise magenta tv,Transactional,47,110,39,0.90,"Video, People also ask, Related searches"
preise netflix deutschland,Transactional,41,110,49,0.64,"AI Overview, Reviews, Video, People also ask, Related searches"
preise telekom festnetz,"Navigational, Transactional",40,110,34,0.93,"People also ask, Related searches"
rabatte bei vodafone,"Informational, Transactional",30,110,25,2.24,"AI Overview, Reviews, Video, People also ask, Related searches, Ads top, Ads middle"
receiver mit hd karte,Commercial,41,110,16,0.42,"Video, People also ask, Related searches, Popular products"
retl,"Informational, Transactional",28,110,24,0.46,"Reviews, People also ask, Related searches"
router fritzbox glasfaser,"Informational, Commercial",39,110,30,0.22,"Sitelinks, Reviews, Video, Video carousel, People also ask, Related searches, Popular products, Ads bottom"
router günstig,Commercial,40,110,30,1.58,"Reviews, Video, People also ask, Related searches, Popular products, Ads middle"
router mit großer wlan reichweite,Commercial,42,110,26,0.39,"Sitelinks, Reviews, Video, People also ask, Related searches, Popular products, Ads top, Ads bottom"
router mit gutem wlan,Commercial,42,110,23,0.78,"Sitelinks, Reviews, Video, Video carousel, People also ask, Related searches, Popular products"
router mit wlan,Commercial,35,110,30,2.27,"Video, People also ask, Related searches, Popular products"
router preis,Transactional,42,110,33,0.65,"Video, People also ask, Related searches, Popular products"
routervergleich,Commercial,37,110,30,1.13,"Sitelinks, Video, People also ask, Related searches"
rtl 1,Transactional,34,110,72,0.52,"Reviews, Video, People also ask, Related searches"
rtl 2 live kostenlos,Commercial,39,110,29,0.00,"Reviews, Video, People also ask, Related searches"
rtl fernsehen live kostenlos,Commercial,42,110,46,0.94,"Reviews, Video, People also ask, Related searches"
rtl fernsehen live stream,"Navigational, Transactional",44,110,54,0.56,"Sitelinks, Reviews, Video, People also ask, Related searches"
rtl free tv live,Transactional,39,110,52,0.65,"Sitelinks, Reviews, Video, People also ask, Related searches"
rtl freetv,"Navigational, Transactional",39,110,62,0.71,"Reviews, Video, People also ask, Top stories, Related searches, Ads bottom"
rtl gucken live,Transactional,50,110,45,0.94,"Sitelinks, Reviews, Video, People also ask, Related searches"
rtl im fernsehen,"Informational, Commercial",38,110,43,0.80,"Sitelinks, Video, People also ask, Top stories, Related searches"
rtl kostenlos im internet,"Navigational, Transactional",42,110,50,0.64,"Sitelinks, Reviews, Video, People also ask, Related searches"
rtl liuve,"Navigational, Transactional",35,110,50,0.47,"Reviews, Video, People also ask, Related searches"
rtl live free-tv,"Navigational, Transactional",50,110,52,0.93,"Sitelinks, Reviews, Video, People also ask, Related searches"
rtl live kostenlos gucken,Commercial,42,110,34,0.94,"Video, People also ask, Related searches"
rtl live kostenlos und ohne anmeldung,"Navigational, Transactional",42,110,27,0.00,"AI Overview, Reviews, Video, People also ask, Related searches"
rtl live nachrichten,Transactional,37,110,50,0.68,"Reviews, Video, People also ask, Top stories, Related searches"
rtl live sendung heute,"Informational, Transactional",37,110,65,0.00,"Reviews, Video, People also ask, Related searches, Ads bottom"
rtl live stream kostenlos & ohne anmeldung,"Navigational, Transactional",38,110,41,0.00,"Reviews, Video, People also ask, Related searches"
rtl live-stream fußball,Transactional,39,110,39,0.97,"Reviews, Video, Related searches"
rtl livestream fussball,"Navigational, Transactional",38,110,36,0.97,"Reviews, Video, People also ask, Related searches"
rtl livestream nydus,"Navigational, Transactional",34,110,26,0.00,"Sitelinks, Reviews, People also ask, Related searches"
rtl livestrean,"Navigational, Transactional",38,110,44,0.63,"Reviews, Video, People also ask, Related searches"
rtl livstream,Transactional,40,110,48,0.70,"Video, People also ask, Top stories, Related searches"
rtl lviestream,Commercial,39,110,34,0.60,"Reviews, Video, People also ask, Related searches"
rtl n,"Navigational, Transactional",35,110,79,0.06,"Sitelinks, Reviews, Video, People also ask, Knowledge panel, Related searches"
rtl nachrichten live,"Informational, Transactional",37,110,58,0.68,"Sitelinks, Reviews, Video, People also ask, Knowledge panel, Related searches"
rtl nitro kostenlos streamen,Commercial,39,110,19,1.46,"Sitelinks, Reviews, Video, People also ask, Related searches"
rtl ohne anmelden,Transactional,50,110,47,1.27,"Reviews, Video, People also ask, Related searches"
rtl online stream kostenlos,Commercial,39,110,47,1.36,"Sitelinks, Reviews, Video, People also ask, Related searches, Ads bottom"
rtl plus fernsehprogramm,Commercial,35,110,43,0.26,"Reviews, People also ask, Related searches"
rtl plus kostenlos live stream,"Navigational, Transactional",50,110,,0.56,"Reviews, Video, People also ask, Related searches"
rtl plus livestream kostenlos,"Navigational, Transactional",46,110,60,0.32,"Reviews, People also ask, Related searches"
rtl programm livestream,"Navigational, Transactional",39,110,61,0.63,"Reviews, Video, People also ask, Related searches"
rtl sendung,"Informational, Commercial",35,110,62,0.99,"Video, Video carousel, People also ask, Top stories, Related searches"
rtl tv live stream free,Commercial,41,110,47,0.00,"Reviews, Video, People also ask, Related searches"
rtl tv live stream kostenlos ohne anmeldung,"Navigational, Transactional",38,110,40,0.00,"Reviews, Video, People also ask, Related searches"
rtl+ kaufen,Transactional,42,110,31,1.19,"Reviews, Video, People also ask, Related searches, Popular products, Ads top, Ads bottom"
rtl2 live schauen,Commercial,39,110,28,0.69,"AI Overview, Reviews, Video, People also ask, Related searches"
rtl2 ohne anmeldung,"Navigational, Transactional",34,110,31,0.00,"AI Overview, Reviews, Video, People also ask, Related searches"
rtl2 online stream,Commercial,38,110,26,0.95,"Reviews, Video, People also ask, Related searches"
rtl2 streaming kostenlos,Commercial,42,110,29,0.62,"Reviews, Video, People also ask, Related searches"
s.t.o serienstream,Commercial,48,110,15,0.00,"Reviews, Related searches"
sat 1 free stream,Commercial,35,110,27,0.53,"Reviews, Video, Related searches"
sat 1 stream kostenlos ohne anmeldung,"Navigational, Transactional",35,110,32,0.55,"Reviews, Video, People also ask, Related searches"
sat receiver 4k,Commercial,36,110,10,0.25,"Sitelinks, Reviews, Video, Video carousel, People also ask, Related searches, Popular products"
sat receiver hdmi,"Informational, Commercial",38,110,26,0.11,"Image pack, People also ask, Related searches, Popular products"
sat receiver mit smart tv funktion,Commercial,40,110,20,0.26,"Sitelinks, Reviews, Video, People also ask, Related searches, Popular products"
sat receiver mit wlan und smart tv,Commercial,41,110,21,0.33,"Video, People also ask, Related searches, Popular products"
sat receiver smart,"Informational, Commercial",38,110,19,0.16,"Video, Video carousel, People also ask, Related searches, Popular products"
sat1 hd stream,Transactional,39,110,43,1.09,"AI Overview, Reviews, Video, People also ask, Related searches, Ads middle"
sat1 live stream kostenlos ohne anmeldung anschauen,"Navigational, Transactional",37,110,39,0.00,"Reviews, Video, People also ask, Related searches"
satellit receiver,"Informational, Transactional",36,110,30,0.22,"Image pack, Video carousel, People also ask, Related searches, Popular products"
satelliten receiver aufnahmefunktion,Commercial,35,110,17,0.19,"Video, People also ask, Related searches, Popular products"
satelliten receiver smart,"Informational, Commercial",39,110,23,0.16,"Video, Video carousel, People also ask, Related searches, Popular products"
serie in streaming,Commercial,38,110,44,0.81,"AI Overview, Reviews, Video, People also ask, Top stories, Related searches"
serien anschauen,Commercial,41,110,40,0.46,"Sitelinks, Reviews, Video, People also ask, Related searches"
serien gratis gucken,Commercial,40,110,30,0.56,"Sitelinks, Reviews, Video, People also ask, Related searches"
serien staffel,Commercial,36,110,40,0.00,"Video, People also ask, Top stories, Related searches"
serien stream deutsch kostenlos,Commercial,39,110,31,0.00,"Sitelinks, AI Overview, Reviews, Video, Related searches"
serien stream kostenlos deutsch,Commercial,41,110,46,0.00,"Sitelinks, AI Overview, Reviews, Video, People also ask, Related searches"
serien streams reddit,"Navigational, Transactional",48,110,29,0.00,"People also ask, Related searches"
serienstream online,Commercial,48,110,41,1.77,"Reviews, Related searches"
serienstreamen to,Commercial,48,110,28,0.98,"Sitelinks, Video, People also ask, Related searches"
serienstresm,Commercial,48,110,32,0.71,"Reviews, Related searches"
series streaming online,"Informational, Commercial",34,110,61,1.33,"AI Overview, People also ask, Related searches"
sim monatlich kündbar,Commercial,39,110,25,7.67,"AI Overview, Reviews, Related searches, Shopping ads"
sky black friday deals,Commercial,47,110,29,0.00,"Reviews, Image, Video, People also ask, Related searches"
sky dazn kombi angebot,"Informational, Transactional",39,110,39,1.17,"Sitelinks, Reviews, People also ask, Related searches"
sky günstig,"Informational, Transactional",40,110,42,2.45,"Reviews, Video, People also ask, Related searches"
sky receiver satellit,Transactional,34,110,33,1.59,"Reviews, Video, People also ask, Related searches, Popular products, Ads top, Ads bottom"
sky verlängerungsangebot,Transactional,38,110,41,1.27,"Reviews, Video, People also ask, Related searches"
smart player for tv,"Informational, Transactional",35,110,28,0.45,"Reviews, Video, People also ask, Related searches"
smart receiver for tv,Commercial,42,110,22,0.85,"Video, People also ask, Related searches, Popular products, Ads middle"
smart sat receiver,Commercial,37,110,19,0.18,"Video, Video carousel, People also ask, Related searches, Popular products"
smart stick,Commercial,35,110,19,0.70,"Video, Video carousel, People also ask, Related searches, Popular products, Ads bottom"
smart tv box alle sender kostenlos,"Informational, Commercial",46,110,34,0.00,"Reviews, Video, Video carousel, People also ask, Related searches"
smarters iptv apk,Commercial,40,110,33,0.00,"Reviews, Video, Related searches"
smarters iptv windows,"Informational, Transactional",42,110,41,0.00,"AI Overview, Reviews, Video, Video carousel, People also ask, Related searches"
starker wlan router,"Informational, Commercial",41,110,30,0.57,"Sitelinks, Reviews, Video, People also ask, Related searches, Popular products"
stick für tv,Commercial,43,110,33,1.41,"Sitelinks, Reviews, Video, People also ask, Related searches, Popular products"
stick hdmi,Commercial,40,110,27,0.51,"Image pack, Video, People also ask, Related searches, Popular products"
stranger things kostenlos schauen,"Informational, Transactional",48,110,30,0.00,"Reviews, Video, Video carousel, People also ask, Knowledge panel, Related searches"
stream kostenlos deutsch,Commercial,40,110,49,0.00,"Reviews, Video, Related searches"
streamen kostenlos ohne anmeldung,"Navigational, Transactional",35,110,39,0.17,"Sitelinks, Video, People also ask, Related searches"
streaming platformen,"Informational, Commercial",47,110,50,2.24,"Featured snippet, Video, People also ask, Related searches, Ads top, Ads bottom"
super rtl livestream kostenlos ohne anmeldung,"Navigational, Transactional",39,110,28,0.00,"Reviews, Video, People also ask"
t com internet,"Informational, Transactional",40,110,40,2.60,"Reviews, Video, People also ask, Related searches"
t online angebote,Commercial,41,110,34,0.49,"Reviews, People also ask, Related searches, Ads top"
telefon anbieter vergleich,Commercial,38,110,40,1.50,"Video, People also ask, Related searches, Ads top, Ads bottom"
telefon festnetz angebote,Commercial,42,110,24,0.82,"Sitelinks, People also ask, Related searches"
telefon und dsl,Commercial,41,110,36,2.27,"Reviews, Video, People also ask, Related searches, Ads top, Ads middle"
telefon und internetflat,Commercial,41,110,42,1.98,"Sitelinks, Reviews, Video, People also ask, Related searches, Ads top, Ads middle"
telefonanbieter festnetz günstig,Commercial,43,110,37,0.99,"AI Overview, Reviews, People also ask, Related searches, Ads top, Ads middle"
telefonanbieter günstig festnetz,Commercial,43,110,39,0.99,"AI Overview, Reviews, People also ask, Related searches"
telefonanschluss mit dsl,"Informational, Commercial",41,110,37,2.74,"AI Overview, Reviews, Video, People also ask, Related searches"
telekom aktionen,"Navigational, Transactional",36,110,25,1.93,"Reviews, Video, People also ask, Related searches"
telekom dsl 50,"Informational, Transactional",42,110,34,2.26,"Reviews, People also ask, Related searches"
telekom fernseher,"Navigational, Transactional",39,110,42,1.73,"Sitelinks, Reviews, Video, People also ask, Related searches"
telekom festnetz internet tarife,Transactional,43,110,34,1.65,"Reviews, People also ask, Related searches, Ads top, Ads bottom"
telekom festnetz kosten,Commercial,41,110,33,1.02,"AI Overview, Reviews, Video, People also ask, Related searches, Ads top, Ads bottom"
telekom festnetz tarife mit internet,Commercial,43,110,34,2.17,"AI Overview, Reviews, Video, People also ask, Related searches, Ads top, Ads bottom"
telekom flatrate festnetz,Transactional,40,110,30,1.58,"AI Overview, Reviews, People also ask, Related searches, Ads top, Ads bottom"
telekom glasfaser mit magenta tv,Transactional,47,110,19,1.29,"AI Overview, Reviews, People also ask, Related searches, Ads top, Ads middle"
telekom haus internet,"Navigational, Transactional",43,110,36,3.84,"Reviews, People also ask, Related searches, Ads top, Ads middle"
telekom intenet,Transactional,42,110,34,2.75,"Reviews, Video, People also ask, Related searches, Ads top, Ads middle"
telekom internet festnetz tarife,Transactional,43,110,31,1.65,"AI Overview, Reviews, Video, People also ask, Related searches, Ads top, Ads bottom"
telekom internet mit magenta tv,Commercial,47,110,50,2.62,"AI Overview, Reviews, Video, People also ask, Related searches, Ads top, Ads middle"
telekom internet tarife zuhause,Transactional,47,110,33,2.30,"Reviews, People also ask, Related searches"
telekom komplettpaket,"Navigational, Transactional",38,110,42,0.70,"Video, People also ask, Related searches"
telekom magenta tv smart,"Navigational, Transactional",43,110,38,2.76,"Sitelinks, Reviews, Video, People also ask, Related searches"
telekom netflix disney,"Informational, Transactional",48,110,41,3.35,"Reviews, Video, Video carousel, People also ask, Related searches"
telekom netflix zubuchen,"Navigational, Transactional",40,110,29,5.97,"AI Overview, Reviews, Video, People also ask, Related searches"
telekom netz d1,Commercial,41,110,29,2.18,"Sitelinks, AI Overview, Reviews, Video, People also ask, Related searches, Ads bottom, Ads middle"
telekom neukunde internet,"Navigational, Transactional",47,110,40,2.74,"AI Overview, Video, People also ask, Related searches, Ads bottom"
telekom smart,"Navigational, Transactional",36,110,36,5.78,"Sitelinks, Reviews, Video, People also ask, Related searches"
telekom streaming angebote,"Navigational, Transactional",48,110,35,2.81,"Sitelinks, Reviews, People also ask, Related searches"
telekom tarife festnetz internet,Transactional,43,110,42,1.65,"AI Overview, Reviews, Video, People also ask, Related searches, Ads top, Ads bottom"
telekom verfügbarkeit hybrid,Transactional,45,110,19,2.07,"Reviews, Video, People also ask, Related searches, Ads top, Ads bottom"
telekom werbung neu,"Informational, Transactional",36,110,33,0.00,"AI Overview, Reviews, Video, Video carousel, People also ask, Related searches, Ads bottom"
telekom wlan anschluss,Transactional,40,110,30,2.62,"Reviews, Video, People also ask, Related searches"
telkom glasfaser,"Navigational, Transactional",41,110,38,2.40,"Sitelinks, Reviews, Video, Video carousel, People also ask, Related searches"
top 10 streaming dienste kosten,"Informational, Commercial",54,110,37,1.10,"Sitelinks, AI Overview, Reviews, Video, People also ask, Related searches"
tv direkt app kostenlos,Commercial,41,110,33,0.26,"AI Overview, Reviews, People also ask, Related searches"
tv festnetz internet,Commercial,49,110,42,1.57,"Reviews, Video, People also ask, Related searches"
tv hdmi stick,Commercial,40,110,36,0.72,"Sitelinks, Reviews, Video, People also ask, Related searches, Popular products"
tv kabelanschluss prüfen,"Informational, Commercial",44,110,27,0.92,"AI Overview, Reviews, Video, People also ask, Related searches, Ads top, Ads bottom"
tv kosten,"Informational, Commercial",46,110,57,1.45,"Reviews, Video, People also ask, Related searches"
tv live online kostenlos,Commercial,41,110,67,1.31,"AI Overview, Reviews, Video, People also ask, Related searches"
tv mit dsl,Commercial,48,110,35,2.76,"Reviews, Video, People also ask, Related searches"
tv online live kostenlos,Commercial,41,110,58,1.31,"AI Overview, Reviews, Video, People also ask, Related searches"
tv online ohne anmeldung,"Navigational, Transactional",37,110,41,0.00,"Sitelinks, Reviews, Video, People also ask, Related searches"
tv per internet,Commercial,50,110,41,1.55,"Reviews, Video, People also ask, Related searches"
tv programm stream kostenlos,Commercial,43,110,51,1.36,"AI Overview, Reviews, Video, People also ask, Related searches"
tv receiver kaufen,Transactional,43,110,25,0.70,"People also ask, Related searches, Popular products"
tv recorder,Commercial,38,110,27,0.51,"Reviews, Video, People also ask, Related searches, Popular products, Ads bottom"
tv schauen über pc,Commercial,45,110,27,0.95,"AI Overview, Video, Video carousel, People also ask, Related searches, Ads middle"
tv serie online watch,Commercial,34,110,70,0.00,"AI Overview, Reviews, Video, Related searches, Ads bottom"
tv serien auf deutsch,Commercial,35,110,30,0.31,"AI Overview, Reviews, Video, People also ask, Related searches"
tv stick angebot,Commercial,45,110,25,1.50,"Sitelinks, Reviews, People also ask, Related searches, Popular products"
tv stick waipu,"Navigational, Transactional",35,110,38,0.25,"Sitelinks, Reviews, Video, Video carousel, People also ask, Related searches, Popular products"
tv stream app,"Informational, Commercial",41,110,49,1.76,"AI Overview, Reviews, Video, People also ask, Related searches"
tv stream live kostenlos,Commercial,42,110,64,1.35,"Sitelinks, Reviews, Video, People also ask, Related searches"
tv über dsl,Commercial,57,110,30,2.76,"Sitelinks, Reviews, Image, Video, People also ask, Related searches"
tv-receiver,"Informational, Commercial",50,110,30,1.14,"Video, People also ask, Related searches, Popular products"
tvkostenlos,Commercial,40,110,37,0.69,"AI Overview, Reviews, Video, People also ask, Related searches, Ads bottom"
tvmagenta,Commercial,47,110,62,2.65,"Reviews, Video, People also ask, Related searches, Ads top, Ads bottom"
türk kanal,"Informational, Transactional",48,110,76,1.43,"Image, Image pack, Video, Video carousel, Related searches"
türkische fernsehsender,"Informational, Commercial",42,110,30,2.42,"Featured snippet, Reviews, Image, Video, People also ask, Related searches, Ads top, Ads bottom"
unbegrenztes datenvolumen sim karte,Commercial,35,110,28,4.84,"Reviews, Video, People also ask, Related searches"
unlimited monatlich kündbar,Commercial,37,110,15,5.00,"Sitelinks, AI Overview, Reviews, Video, Related searches, Shopping ads, Ads top, Ads middle"
unlimited sim card,Commercial,34,110,35,3.61,"Reviews, Video, People also ask, Related searches, Popular products"
unlimited tarife monatlich kündbar,Commercial,47,110,20,3.60,"Sitelinks, AI Overview, Video, Related searches, Ads top, Ads bottom"
unlimited verträge,Commercial,43,110,33,3.62,"Reviews, Video, Related searches"
unlimited vodafone,Commercial,32,110,36,2.55,"AI Overview, Reviews, Video, Video carousel, People also ask, Related searches"
vdsl anbieter,Commercial,50,110,20,2.87,"AI Overview, Video, People also ask, Related searches, Ads top, Ads bottom"
verfügbarkeit 02,Commercial,36,110,34,0.88,"AI Overview, Reviews, People also ask, Related searches, Ads top, Ads middle"
verfügbarkeit kabelfernsehen,Commercial,44,110,25,0.74,"AI Overview, Reviews, People also ask, Related searches, Ads top, Ads middle"
verfügbarkeit telekom hybrid,Transactional,43,110,19,2.07,"AI Overview, Reviews, Video, People also ask, Related searches, Ads top, Ads bottom"
vergleich dsl festnetz,Commercial,38,110,53,1.98,"Sitelinks, Reviews, People also ask, Related searches"
vergleich festnetzanbieter,Commercial,43,110,41,1.29,"Reviews, Video, People also ask, Related searches"
vergleich iptv,Commercial,64,110,37,0.00,"Sitelinks, AI Overview, Reviews, Video, People also ask, Related searches"
vergleich telefontarife festnetz und internet,Commercial,43,110,40,1.31,"Sitelinks, AI Overview, Reviews, Video, People also ask, Related searches"
vodafone 5g karte,Transactional,31,110,30,2.67,"Reviews, Video, People also ask, Related searches, Ads top"
vodafone angebote tarife,Transactional,37,110,50,1.93,"Reviews, People also ask, Related searches, Ads top, Ads middle"
vodafone hybrid dsl,Commercial,34,110,26,1.99,"Sitelinks, AI Overview, Reviews, People also ask, Related searches, Ads top, Ads middle"
vodafone netflix 2 99,"Informational, Transactional",48,110,26,7.35,"Reviews, Video, People also ask, Related searches"
vodafone smart xxl,Commercial,33,110,10,1.99,"People also ask, Related searches, Ads top, Ads middle"
vodafone tarife mit smartphone,"Navigational, Transactional",37,110,47,1.84,"Reviews, People also ask, Related searches, Popular products"
vom handy zum tv,"Informational, Transactional",40,110,26,0.12,"Sitelinks, AI Overview, Reviews, Video, Video carousel, People also ask, Related searches, Ads top"
vox live stream kostenlos ohne anmeldung nydus,"Navigational, Transactional",36,110,30,0.00,"Reviews, Video, People also ask, Related searches"
w-lan router,Commercial,51,110,,2.27,"Reviews, Video, Video carousel, People also ask, Related searches, Popular products, Ads top, Ads middle"
waipu programmübersicht,"Informational, Transactional",31,110,23,0.03,"AI Overview, Reviews, Video, People also ask, Related searches"
waipu stick ohne abo,Commercial,28,110,30,0.21,"Sitelinks, Reviews, Video, People also ask, Related searches"
waipu tv bedienungsanleitung,"Navigational, Transactional",34,110,25,0.00,"Image, Video, People also ask, Related searches"
waipu tv pay tv sender,"Informational, Transactional",35,110,26,0.05,"AI Overview, Reviews, Video, People also ask, Related searches"
waipu tv sky bundesliga,Transactional,38,110,29,0.38,"People also ask, Related searches"
waipu tv stick kaufen saturn,Transactional,41,110,30,0.23,"Reviews, Video, People also ask, Related searches, Popular products"
waipu tv stick ohne abo,Commercial,38,110,36,0.24,"Sitelinks, Reviews, Video, People also ask, Related searches"
waipu tv türk paketi,Transactional,48,110,19,0.13,"Reviews, Video, People also ask, Related searches"
waipu tv vs magenta tv,Commercial,48,110,18,0.00,"Sitelinks, AI Overview, Reviews, Video, People also ask, Related searches"
waipu vs magenta,Commercial,38,110,18,0.00,"Sitelinks, AI Overview, Reviews, Video, People also ask, Related searches"
was ist das beste netz in deutschland,Commercial,41,110,32,2.45,"Sitelinks, AI Overview, Reviews, Video, People also ask, Related searches, Ads bottom"
was ist der beste wlan router,Commercial,43,110,35,0.42,"Sitelinks, Reviews, Video, Video carousel, People also ask, Related searches"
welche internetanbieter gibt es bei mir,Commercial,44,110,45,2.11,"AI Overview, Reviews, Video, People also ask, Related searches, Ads top, Ads middle"
welcher dsl anbieter ist der beste,Commercial,44,110,33,2.30,"AI Overview, Reviews, Video, People also ask, Related searches, Ads top, Ads middle"
welcher ist der beste dsl anbieter,Commercial,46,110,30,1.81,"AI Overview, Reviews, Video, People also ask, Related searches, Ads top, Ads middle"
welches handynetz ist das beste in deutschland,Commercial,47,110,,2.00,"Sitelinks, AI Overview, Reviews, Video, Short videos, People also ask, Related searches"
welches ist das beste handynetz in deutschland,Commercial,47,110,41,2.00,"AI Overview, Reviews, Video, Video carousel, Short videos, People also ask, Related searches, Ads middle"
welches telefonnetz ist das beste,Commercial,43,110,30,1.58,"AI Overview, Video, People also ask, Related searches"
wer ist der beste internetanbieter,Commercial,49,110,29,1.07,"Reviews, Video, Video carousel, People also ask, Related searches, Ads top, Ads bottom"
win iptv player,Commercial,43,110,30,0.00,"AI Overview, Reviews, Video, People also ask, Related searches"
wlan 6 router,Commercial,34,110,30,0.67,"Reviews, Video, Video carousel, People also ask, Related searches, Popular products"
wlan buchen,Commercial,40,110,46,11.25,"AI Overview, Reviews, Video, People also ask, Related searches, Ads bottom"
wlan für ferienwohnung,Commercial,35,110,8,1.08,"Sitelinks, Reviews, Video, People also ask, Related searches"
wlan für wohnung,Commercial,43,110,30,5.81,"Reviews, Video, People also ask, Related searches, Popular products, Ads top, Ads bottom"
wlan internet vertrag,Commercial,43,110,50,6.97,"Reviews, Video, People also ask, Related searches"
wlan mit prämie,Commercial,39,110,9,6.73,"Reviews, Video, Related searches"
wlan preise,Commercial,40,110,47,1.73,"Video, People also ask, Related searches, Ads top, Ads middle"
wlan router für große reichweite,Commercial,40,110,25,0.39,"Sitelinks, Reviews, Video, People also ask, Related searches, Popular products"
wlan router internet,Commercial,39,110,35,2.94,"Reviews, Video, People also ask, Related searches, Popular products, Ads middle"
wlan router mit großer reichweite,Commercial,42,110,21,0.41,"Sitelinks, Video, People also ask, Related searches, Popular products, Ads bottom"
wlan tarife günstig,Commercial,40,110,39,4.09,"AI Overview, Reviews, Video, People also ask, Related searches"
wlan vertrag mit prämie,Commercial,39,110,11,4.76,"Reviews, Related searches, Ads top, Ads bottom"
wlan young tarif,Commercial,37,110,27,4.40,"Reviews, Related searches"
wlanrouter,Commercial,34,110,38,2.27,"Reviews, Video, People also ask, Related searches, Popular products"
wow sport probemonat,"Informational, Commercial",33,110,13,0.41,"Sitelinks, AI Overview, Reviews, People also ask, Related searches, Ads top"
wowtv de magentatv,"Navigational, Transactional",47,110,40,0.97,"AI Overview, Reviews, Video, People also ask, Related searches"
www.rtlplus.de tv login,Transactional,40,110,39,0.45,"Reviews, Video, People also ask, Related searches"
öffne netflix,"Navigational, Transactional",38,110,77,0.00,"Sitelinks, Reviews, People also ask, Related searches"
über internet fernsehen gucken,"Informational, Commercial",51,110,35,1.50,"AI Overview, Reviews, Video, Video carousel, People also ask, Related searches, Ads top, Ads middle"
ıptv test,"Informational, Commercial",45,110,10,0.89,"Sitelinks, Video, Related searches"
1 und 1 umzug melden,"Informational, Transactional",37,90,25,0.00,"Reviews, Video, People also ask, Related searches"
1&1tv box,"Informational, Transactional",44,90,20,1.05,"Reviews, Video, Video carousel, People also ask, Related searches, Popular products"
1000 mbit wlan,Commercial,39,90,23,4.69,"Sitelinks, Reviews, Video, People also ask, Related searches"
1und 1 cinema,"Informational, Transactional",41,90,38,1.73,"Reviews, People also ask, Related searches"
1und 1tv,"Informational, Transactional",50,90,32,0.78,"Reviews, Video, People also ask, Related searches"
1und1 hd tv,"Navigational, Transactional",46,90,30,0.90,"Reviews, Video, People also ask, Related searches"
1und1 internet bestellen,"Navigational, Transactional",46,90,65,2.37,"People also ask, Related searches"
1und1 tv kosten,"Navigational, Transactional",50,90,32,0.45,"Reviews, People also ask, Related searches"
1und1cinema,"Informational, Transactional",43,90,29,0.00,"Reviews, People also ask, Related searches"
250 dsl,Commercial,39,90,16,2.46,"AI Overview, Reviews, Video, People also ask, Related searches, Ads top, Ads middle"
250 mbit leitung,Commercial,43,90,23,1.46,"Sitelinks, Reviews, Video, People also ask, Related searches"
4k tv stick,"Informational, Commercial",42,90,26,0.63,"Sitelinks, Video, Video carousel, People also ask, Related searches, Popular products"
50 gb handyvertrag,Commercial,47,90,15,2.89,"People also ask, Related searches, Popular products, Ads top, Ads middle"
5g hybrid telekom,"Informational, Transactional",42,90,20,3.70,"AI Overview, Reviews, Image pack, Video, Video carousel, People also ask, Related searches"
abonnement iptv,Commercial,50,90,19,0.00,"AI Overview, Video, People also ask, Related searches"
about netflix,"Navigational, Transactional",35,90,91,0.00,"Sitelinks, Video, Video carousel, People also ask, Related searches"
activation iptv,"Informational, Transactional",52,90,10,0.00,"Reviews, Video, Video carousel, People also ask, Related searches"
aktion dsl,Commercial,35,90,43,2.58,"Reviews, Video, People also ask, Related searches"
am pc tv schauen,"Informational, Commercial",40,90,23,0.95,"AI Overview, Reviews, Video, Video carousel, People also ask, Related searches"
amazon fire tv stick fernsehen,Commercial,46,90,21,0.77,"Sitelinks, Video, People also ask, Related searches, Popular products, Ads top"
amazon stick iptv,"Informational, Transactional",45,90,31,0.00,"Sitelinks, People also ask, Related searches"
anbieter digitales fernsehen,"Informational, Commercial",54,90,46,1.45,"Sitelinks, AI Overview, Reviews, Video, People also ask, Related searches, Ads bottom"
anbieter für digitales fernsehen,Commercial,55,90,38,1.82,"Reviews, Video, People also ask, Related searches"
anbieter kabel internet,Commercial,46,90,25,3.06,"AI Overview, Reviews, Video, People also ask, Related searches, Ads bottom, Ads middle"
anbieter vergleich,Commercial,50,90,58,2.45,"AI Overview, Video, People also ask, Related searches"
angebote für internet und festnetz,Commercial,47,90,47,1.26,"AI Overview, Reviews, Video, People also ask, Related searches, Ads top, Ads middle"
angebote internetanschluss,Commercial,44,90,53,3.18,"Sitelinks, Reviews, Video, Related searches"
angebote telefon und internet telekom,Transactional,44,90,38,1.98,"AI Overview, Reviews, People also ask, Related searches, Ads middle"
anmeldung fernsehen,Transactional,42,90,61,2.48,"AI Overview, Reviews, Video, People also ask, Related searches"
app waipu tv,Commercial,37,90,37,0.03,"AI Overview, Reviews, Video, People also ask, Related searches, Ads top, Ads bottom"
apple tv auf magenta tv aktivieren,Commercial,49,90,27,3.94,"AI Overview, Reviews, Video, Video carousel, People also ask, Related searches, Ads middle"
b1g iptv,Commercial,47,90,7,0.00,"Reviews, Video, People also ask, Related searches"
best android player for iptv,Commercial,42,90,31,0.00,"Sitelinks, AI Overview, Reviews, Video, Video carousel, People also ask, Related searches"
best iptv player android,Commercial,41,90,41,0.00,"Sitelinks, AI Overview, Reviews, Video, Video carousel, People also ask, Related searches"
beste deutsche serie,Commercial,30,90,19,0.00,"Sitelinks, Video, People also ask, Related searches"
beste handy empfang,Commercial,45,90,26,0.82,"Sitelinks, AI Overview, Reviews, Video, People also ask, Related searches"
beste ip tv app,Commercial,54,90,17,0.00,"AI Overview, Reviews, Video, People also ask, Related searches"
beste iptv app für apple tv,Commercial,50,90,25,0.00,"Sitelinks, AI Overview, Reviews, Video, Related searches"
beste iptv box android,"Informational, Commercial",50,90,16,0.00,"Video, Video carousel, People also ask, Related searches"
beste netzabdeckung,Commercial,42,90,36,3.03,"Sitelinks, AI Overview, Reviews, Video, People also ask, Related searches"
beste screen mirroring app kostenlos,Commercial,31,90,17,0.18,"AI Overview, Reviews, Video, People also ask, Related searches"
beste streaming angebote,Commercial,54,90,38,1.31,"AI Overview, Reviews, Video, People also ask, Related searches"
beste tv stick,Commercial,41,90,31,0.93,"Sitelinks, Reviews, Video, People also ask, Related searches, Popular products"
besten dsl tarife,Commercial,50,90,50,2.45,"Sitelinks, Video, People also ask, Related searches, Ads top, Ads middle"
besten wlan router,Commercial,45,90,19,0.63,"Sitelinks, Reviews, Video, People also ask, Related searches, Ads bottom"
bestenliste router,Commercial,46,90,27,0.80,"Sitelinks, Reviews, Video, Related searches, Popular products"
bester internetanbieter berlin,Commercial,42,90,23,3.41,"AI Overview, Reviews, Video, People also ask, Related searches"
bester streaming dienst tv,Commercial,54,90,37,1.77,"Sitelinks, AI Overview, Reviews, Video, People also ask, Related searches"
bestes netz handy,Commercial,44,90,36,2.24,"Sitelinks, AI Overview, Reviews, Image pack, Video, Related searches"
bestes streaming angebot,Commercial,47,90,34,1.39,"AI Overview, Reviews, Video, People also ask, Related searches"
bestes wlan zu hause,Commercial,44,90,28,2.21,"Sitelinks, AI Overview, Reviews, Video, Video carousel, People also ask, Related searches, Ads bottom"
bewertung deutsche glasfaser,Commercial,37,90,15,0.00,"Sitelinks, Reviews, Video, People also ask, Related searches"
billige dsl tarife,"Informational, Commercial",42,90,40,1.85,"Sitelinks, AI Overview, Reviews, Video, Related searches, Ads bottom, Ads middle"
billigste internet für zuhause,Commercial,44,90,47,1.73,"AI Overview, Reviews, Video, People also ask, Related searches, Ads top, Ads middle"
black friday sky angebot,Commercial,34,90,35,0.00,"Reviews, Video, People also ask, Related searches"
breitband -anachlusskabel,Commercial,50,90,66,1.78,"People also ask, Local pack, Related searches"
bundesliga kostenlos schauen vpn,Commercial,39,90,22,0.00,"Sitelinks, AI Overview, Reviews, Video, Related searches, Ads bottom, Ads middle"
bundesliga paket,Commercial,37,90,34,1.15,"AI Overview, Reviews, Video, Related searches"
büro internetanschluss,Commercial,47,90,27,0.00,"AI Overview, Reviews, Video, People also ask, Related searches, Ads bottom"
cable vs dsl,Commercial,36,90,30,3.41,"Sitelinks, AI Overview, Reviews, Video, Video carousel, Short videos, People also ask, Related searches"
check24 internet anbieter vergleich,"Navigational, Commercial",50,90,57,1.97,"Sitelinks, Video, People also ask, Related searches, Ads top, Ads bottom"
chromecast oder fire tv,Commercial,37,90,19,0.00,"Sitelinks, AI Overview, Video, Video carousel, People also ask, Related searches"
chromecast vs fire tv,Commercial,34,90,18,0.00,"Sitelinks, AI Overview, Video, Video carousel, People also ask, Related searches"
d 1,Commercial,32,90,23,2.41,"Reviews, Image pack, Video, People also ask, Local pack, Related searches"
d1 mobilfunktarife,Commercial,46,90,31,2.64,"Sitelinks, Reviews, Video, People also ask, Related searches, Ads top, Ads middle"
das beste internet,Commercial,50,90,34,2.24,"AI Overview, Reviews, Video, Video carousel, People also ask, Related searches, Ads bottom"
das neue magenta tv,Commercial,47,90,36,2.31,"AI Overview, Reviews, Video, Video carousel, People also ask, Related searches, Ads middle"
datenkarte für router,Commercial,51,90,28,2.50,"Video, People also ask, Related searches, Popular products, Ads top, Ads bottom"
datentarif d1 netz,Commercial,47,90,23,2.35,"Sitelinks, Video, People also ask, Related searches"
der beste internetanbieter,Commercial,46,90,33,1.43,"AI Overview, Reviews, Video, Video carousel, People also ask, Related searches, Ads top"
der beste router,Commercial,37,90,29,0.36,"Sitelinks, Reviews, Video, Video carousel, People also ask, Related searches"
der beste router für wlan,Commercial,44,90,26,0.67,"Sitelinks, Reviews, Video, Video carousel, People also ask, Related searches, Popular products, Ads bottom"
der beste wlan router,Commercial,38,90,30,0.65,"Sitelinks, Video, Video carousel, People also ask, Related searches, Popular products"
deutsch glasfaser tarife,"Navigational, Commercial",41,90,21,0.72,"Sitelinks, Reviews, Video, People also ask, Related searches, Ads top, Ads bottom"
deutsche glasfaser adresse,Transactional,37,90,29,0.41,"Reviews, People also ask, Local pack, Related searches"
deutsche glasfaser büro in der nähe,Commercial,47,90,35,0.75,"People also ask, Local pack, Related searches, Ads top, Ads bottom"
deutsche glasfaser internet,"Navigational, Commercial",47,90,39,1.38,"Sitelinks, Video, People also ask, Related searches, Ads top, Ads bottom"
deutsche glasfaser rezensionen,"Informational, Commercial",37,90,21,1.67,"Sitelinks, AI Overview, Reviews, Video, People also ask, Related searches"
deutsche tv serien,Commercial,34,90,27,0.48,"AI Overview, Video, People also ask, Related searches"
deutschlands bestes handynetz,Commercial,47,90,34,2.01,"Sitelinks, AI Overview, Reviews, Video, People also ask, Related searches"
die beste deutsche serien,Commercial,34,90,22,0.00,"Sitelinks, AI Overview, Video, People also ask, Related searches"
digitalfernsehen 7 tage news,"Navigational, Transactional",43,90,27,0.00,"People also ask, Related searches"
dls vergleich,Commercial,39,90,43,3.84,"Sitelinks, Reviews, Video, People also ask, Related searches"
dsl 50 mbit angebot,Commercial,47,90,43,1.48,"People also ask, Related searches"
dsl 50 telekom,Transactional,40,90,31,2.89,"AI Overview, Reviews, People also ask, Related searches, Ads middle"
dsl alternativen,Commercial,47,90,20,1.30,"AI Overview, Reviews, Video, People also ask, Related searches, Ads top, Ads middle"
dsl anbieter im test,Commercial,44,90,43,2.04,"Reviews, Video, People also ask, Related searches"
dsl anbieter preisvergleich,Commercial,50,90,51,3.04,"Sitelinks, Reviews, Video, People also ask, Related searches"
dsl anbieter vergleichen,Commercial,42,90,41,2.48,"Sitelinks, Reviews, Video, People also ask, Related searches, Ads top, Ads bottom"
dsl anmelden,Transactional,47,90,26,15.91,"AI Overview, Reviews, Video, People also ask, Related searches"
dsl anschlus,Commercial,47,90,32,6.08,"AI Overview, Reviews, Video, People also ask, Related searches, Ads top, Ads bottom"
dsl anschluss internet,Commercial,43,90,36,4.01,"AI Overview, Reviews, Video, Video carousel, People also ask, Related searches, Ads top, Ads middle"
dsl anschluss ohne festnetz,"Informational, Commercial",48,90,31,1.37,"AI Overview, Video, People also ask, Related searches, Ads top, Ads middle"
dsl festnetz tarife,Commercial,41,90,52,1.38,"Sitelinks, Reviews, People also ask, Related searches"
dsl glasfaser angebote,Commercial,44,90,55,1.83,"Reviews, Video, People also ask, Related searches"
dsl handy komplettpaket,Commercial,47,90,34,0.00,"People also ask, Related searches, Ads top, Ads middle"
dsl internet tarife,Commercial,43,90,50,3.46,"Sitelinks, Reviews, Video, Related searches"
dsl internet und tv,Commercial,47,90,40,3.07,"Sitelinks, Reviews, Video, People also ask, Related searches, Ads top, Ads middle"
dsl internet vs cable,"Informational, Commercial",31,90,23,3.41,"Sitelinks, AI Overview, Reviews, Video, Video carousel, Short videos, People also ask, Related searches"
dsl internet vs cable internet,"Informational, Commercial",37,90,26,3.30,"Sitelinks, AI Overview, Reviews, Video, Video carousel, Short videos, People also ask, Related searches, Ads middle"
dsl internetanbieter,Commercial,50,90,38,3.73,"AI Overview, Video, People also ask, Related searches, Ads top, Ads middle"
dsl kaufen,Transactional,47,90,58,4.00,"Reviews, Video, People also ask, Related searches, Popular products, Ads top, Ads middle"
dsl komplettpaket,Commercial,47,90,33,0.00,"Reviews, Video, People also ask, Related searches"
dsl monatlich kündbar vergleich,Commercial,47,90,36,2.68,"Related searches, Ads top, Ads middle"
dsl router im vergleich,Commercial,34,90,30,1.49,"Sitelinks, Reviews, Video, Video carousel, People also ask, Related searches"
dsl test anbieter,Commercial,43,90,48,2.04,"AI Overview, Reviews, Video, People also ask, Related searches"
dsl tv angebote,Commercial,46,90,40,2.60,"Sitelinks, Video, People also ask, Related searches"
dsl und tv angebote,Commercial,46,90,38,2.39,"Reviews, Video, Related searches"
dsl verfügbarkeit test,Commercial,41,90,36,1.49,"AI Overview, Reviews, Video, People also ask, Related searches, Ads top, Ads middle"
dsl verlgeich,Commercial,39,90,45,3.19,"Sitelinks, Reviews, Video, Related searches"
dsl vertrag mit router,Commercial,51,90,49,3.67,"Reviews, Video, People also ask, Related searches, Ads top, Ads middle"
dsl-router kaufen,Transactional,51,90,35,1.50,"Reviews, Video, People also ask, Related searches, Popular products"
dslvergleich,Commercial,42,90,48,3.19,"Sitelinks, Reviews, Video, People also ask, Related searches"
easybox 805 kaufen media markt,Transactional,36,90,28,0.69,"Image pack, People also ask, Related searches"
englische serien liste,"Informational, Commercial",31,90,21,0.00,"AI Overview, Video, People also ask, Related searches"
fernseh kostenlos streamen,Commercial,41,90,56,0.64,"Sitelinks, Reviews, Video, People also ask, Related searches, Ads bottom"
fernseh schauen gratis,Commercial,37,90,44,0.85,"AI Overview, Reviews, Video, People also ask, Related searches"
fernseh stream kostenlos,Commercial,41,90,49,0.84,"Video, People also ask, Knowledge panel, Related searches"
fernseh streaming anbieter,Commercial,56,90,40,2.47,"AI Overview, Reviews, Video, People also ask, Related searches, Ads bottom"
fernsehanbieter im vergleich,Commercial,50,90,30,1.01,"AI Overview, Reviews, Video, People also ask, Related searches, Ads top, Ads middle"
fernsehanbieter vergleich,Commercial,53,90,34,1.14,"Sitelinks, AI Overview, Reviews, Video, People also ask, Related searches"
fernsehen am tablet kostenlos,Commercial,46,90,50,0.39,"AI Overview, Reviews, Video, People also ask, Related searches, Ads bottom, Ads middle"
fernsehen auf rtl,Commercial,50,90,57,0.49,"Video, People also ask, Top stories, Related searches"
fernsehen internet telefon,Commercial,43,90,42,1.22,"AI Overview, Reviews, Video, People also ask, Related searches, Ads top, Ads middle"
fernsehen kostenfrei,Commercial,41,90,59,0.65,"Reviews, Video, People also ask, Knowledge panel, Related searches, Ads bottom"
fernsehen live tv,Commercial,43,90,75,0.72,"Reviews, Video, People also ask, Related searches, Ads bottom"
fernsehen mit receiver,Commercial,43,90,17,0.00,"Reviews, Video, People also ask, Related searches"
fernsehen mit wlan kaufen,Transactional,41,90,22,0.29,"Video, People also ask, Related searches, Popular products"
fernsehen ohne kabel und schüssel,Commercial,46,90,29,1.02,"Reviews, Video, Video carousel, People also ask, Related searches, Popular products, Ads top, Ads bottom"
fernsehen online kostenlos schauen,Commercial,39,90,47,0.85,"Reviews, Video, People also ask, Related searches"
fernsehen stick,"Informational, Commercial",43,90,27,1.49,"Sitelinks, Video, People also ask, Knowledge panel, Related searches, Popular products"
fernsehen tv live,Commercial,42,90,68,0.72,"Reviews, Video, Related searches"
fernsehen usb stick,Commercial,43,90,19,0.63,"Sitelinks, Reviews, Video, Video carousel, People also ask, Related searches, Popular products, Ads top"
fernseher internet stick,Commercial,47,90,27,1.34,"Sitelinks, Reviews, Video, People also ask, Related searches, Popular products"
fernseher mit internetanschluss,Commercial,47,90,23,0.60,"Reviews, Video, People also ask, Related searches, Popular products"
fernseher mobil,Commercial,43,90,24,0.11,"Video, People also ask, Related searches, Popular products, Ads bottom"
fernseher serien,"Informational, Commercial",39,90,25,0.23,"Sitelinks, AI Overview, Video, People also ask, Related searches"
fernsehkabel anbieter,"Informational, Commercial",45,90,33,1.25,"Sitelinks, AI Overview, Reviews, Video, People also ask, Related searches, Ads top, Ads bottom"
fernsehn am pc,"Informational, Commercial",40,90,19,0.53,"AI Overview, Reviews, Video, People also ask, Related searches, Ads top"
fernsehprogramm heute rtl plus,Commercial,34,90,44,0.00,"Video, People also ask, Related searches"
fernsehprogramm kostenlos streamen,Commercial,40,90,50,0.83,"Sitelinks, Reviews, Video, People also ask, Related searches"
fernsehsticks,Commercial,37,90,45,1.56,"Sitelinks, Reviews, Video, People also ask, Related searches, Ads top, Ads bottom"
festnetz anbieter vergleich,Commercial,43,90,40,1.78,"Sitelinks, AI Overview, Reviews, Video, People also ask, Related searches, Ads bottom"
festnetz internet günstig,Commercial,45,90,42,1.73,"AI Overview, Reviews, Video, People also ask, Related searches, Ads top, Ads bottom"
festnetz und internetangebote,Commercial,47,90,52,0.00,"Sitelinks, AI Overview, Video, People also ask, Related searches, Ads top, Ads bottom"
festnetz vertrag mit internet,Commercial,44,90,53,2.95,"Reviews, People also ask, Related searches"
festnetzanbieter im vergleich,Commercial,43,90,37,1.37,"Reviews, Video, People also ask, Related searches"
festnetzanschluss und internet,Commercial,47,90,34,2.01,"AI Overview, Reviews, Video, People also ask, Related searches, Ads top, Ads bottom"
festnetzanschlüsse im vergleich,Commercial,39,90,44,2.14,"Reviews, Video, People also ask, Related searches"
festnetztarif,Commercial,43,90,39,1.40,"AI Overview, Reviews, Video, People also ask, Related searches, Ads top, Ads middle"
fire tv stick hd vs 4k,Commercial,33,90,15,0.00,"Sitelinks, Reviews, Video, Video carousel, People also ask, Related searches"
flex tv stick,"Informational, Transactional",49,90,26,0.60,"Reviews, Video, Video carousel, People also ask, Related searches, Popular products, Ads bottom"
flixy tv stick bewertung,Commercial,49,90,14,0.13,"Sitelinks, AI Overview, Reviews, Video, People also ask, Related searches"
free fernsehn,Commercial,36,90,50,0.94,"AI Overview, Reviews, Video, People also ask, Related searches"
free live stream tv,Commercial,36,90,46,0.90,"Reviews, Video, Related searches"
free tv streams,Commercial,36,90,70,0.00,"Sitelinks, Reviews, Video, Video carousel, Top stories, Related searches, Ads bottom"
freetv rtl,"Navigational, Transactional",50,90,55,0.72,"Sitelinks, Video, People also ask, Top stories, Related searches"
fritz box com,"Navigational, Transactional",43,90,40,0.43,"Reviews, People also ask, Related searches"
fritz box einwählen,"Navigational, Transactional",42,90,31,0.00,"Sitelinks, Video, People also ask, Related searches"
fritz box iptv,"Informational, Transactional",52,90,23,0.00,"Video, People also ask, Related searches, Popular products"
fritz box link,"Navigational, Transactional",40,90,35,0.00,"Sitelinks, People also ask, Related searches"
fritz box mieten,"Navigational, Commercial",44,90,17,2.20,"Reviews, Video, People also ask, Related searches, Popular products"
fritz.boxlogin,Transactional,46,90,27,0.00,"Reviews, Video, People also ask, Related searches"
fritzbox lwl,"Informational, Transactional",35,90,30,0.24,"Image pack, Video, People also ask, Related searches, Popular products"
fritzbox sicherung,"Informational, Transactional",34,90,17,0.00,"Image pack, Video, Video carousel, People also ask, Related searches, Popular products"
fritzbox. login,Transactional,46,90,26,2.30,"Reviews, Video, People also ask, Related searches"
germany ıptv,"Informational, Commercial",49,90,10,0.87,"AI Overview, Video, People also ask, Related searches"
germanyiptv,Commercial,49,90,4,1.15,"AI Overview, Video, People also ask, Ads bottom"
gibt es bei mir glasfaser,Commercial,41,90,35,1.11,"Video, People also ask, Related searches, Ads top, Ads bottom"
giga internet,Commercial,41,90,16,2.52,"Reviews, Video, Video carousel, People also ask, Local pack, Related searches"
glasfaser auf kupfer telekom,"Informational, Transactional",40,90,22,3.30,"AI Overview, Image pack, Video, People also ask, Related searches"
glasfaser dsl vergleich,Commercial,43,90,27,1.91,"AI Overview, Reviews, Video, Video carousel, People also ask, Related searches"
glasfaser in der nähe telekom,Commercial,42,90,33,1.19,"AI Overview, Reviews, People also ask, Related searches, Ads top, Ads bottom"
glasfaser kundencenter telekom,"Navigational, Transactional",41,90,30,0.00,"Sitelinks, Video, People also ask, Related searches"
glasfaser netzausbau,Commercial,36,90,48,1.08,"AI Overview, Reviews, Video, People also ask, Related searches"
glasfaser ohne festnetz,Commercial,48,90,32,0.83,"AI Overview, Video, People also ask, Related searches"
glasfaser tarifvergleich,Commercial,42,90,32,1.30,"Reviews, Video, People also ask, Related searches"
glasfaser wanddose,"Informational, Transactional",36,90,17,0.00,"Image pack, Video, Video carousel, People also ask, Related searches, Popular products"
google chromecast vs amazon fire tv,Commercial,33,90,18,0.00,"Sitelinks, AI Overview, Video, Video carousel, Short videos, People also ask, Related searches"
gute router,Commercial,41,90,24,0.63,"Sitelinks, Reviews, Video, People also ask, Related searches, Popular products"
gute und günstige internetanbieter,Commercial,50,90,52,2.14,"AI Overview, Reviews, Video, People also ask, Related searches, Ads top, Ads bottom"
günstig dsl anschluss,Commercial,47,90,46,3.68,"Video, People also ask, Related searches, Ads top, Ads middle"
günstige streaming dienste,"Informational, Commercial",47,90,30,1.41,"Sitelinks, AI Overview, Reviews, Video, People also ask, Related searches, Ads top, Ads middle"
günstige und gute internetanbieter,Commercial,50,90,46,2.14,"AI Overview, Reviews, Video, People also ask, Related searches, Ads top, Ads bottom"
günstige wlan angebote,Commercial,38,90,37,3.11,"Reviews, Related searches, Popular products"
günstiger internet und telefonanbieter,Commercial,43,90,44,1.53,"Sitelinks, AI Overview, Reviews, Video, People also ask, Related searches, Ads top, Ads middle"
günstiges dsl für zuhause,Commercial,42,90,50,3.17,"Sitelinks, Reviews, Video, People also ask, Related searches"
günstiges festnetz mit internet,Commercial,43,90,50,1.73,"Reviews, People also ask, Related searches, Ads top, Ads middle"
günstigster dsl vertrag,Commercial,42,90,41,2.17,"Sitelinks, Reviews, Video, People also ask, Related searches, Ads top, Ads middle"
günstigstes festnetz internet,"Informational, Commercial",43,90,52,1.73,"Sitelinks, AI Overview, Reviews, People also ask, Related searches, Ads top, Ads middle"
handytarif 100 gb,Commercial,47,90,21,2.43,"Sitelinks, Video, People also ask, Related searches, Popular products, Ads top, Ads bottom"
handytarif mit unbegrenztem datenvolumen,Commercial,42,90,38,2.16,"People also ask, Related searches"
handyvertrag monatlich kündbar mit handy,Commercial,47,90,18,3.34,"AI Overview, Related searches, Ads top, Ads bottom"
handyvertrag und internet zuhause,Commercial,47,90,37,1.50,"Reviews, Video, People also ask, Related searches"
hd receiver für kabelfernsehen,Commercial,42,90,22,0.47,"Reviews, Video, Video carousel, People also ask, Related searches, Popular products"
hd reciver,Commercial,36,90,29,0.54,"Video, People also ask, Related searches, Popular products"
hd+ receiver,Commercial,34,90,26,0.60,"Reviews, People also ask, Related searches, Popular products"
hdmi stick smart tv,Commercial,35,90,25,0.52,"Sitelinks, Reviews, Video, People also ask, Related searches, Popular products"
hdtv live streaming,Commercial,44,90,68,1.21,"Reviews, Video, People also ask, Related searches"
hdtv stream,Commercial,43,90,59,1.75,"AI Overview, Reviews, Video, People also ask, Related searches"
hilfe waipu tv,"Navigational, Transactional",41,90,31,0.89,"Video, People also ask, Related searches"
hotspot finden,Commercial,33,90,43,1.10,"Reviews, Video, People also ask, Related searches"
http fritz box 7560 login,"Navigational, Transactional",35,90,25,0.00,"Reviews, People also ask, Related searches"
https //192.168.l.1.1 login,Commercial,33,90,42,0.00,"Video, People also ask, Related searches"
hybrid 5g telekom,Transactional,42,90,20,0.77,"Video, Video carousel, People also ask, Related searches"
hybrid lte telekom,"Navigational, Transactional",48,90,20,1.19,"Video, People also ask, Related searches"
illegale streaming-seiten serien,"Informational, Commercial",48,90,18,0.00,"Sitelinks, Reviews, Video, Related searches"
im netzwerk anmelden,"Informational, Transactional",40,90,31,1.84,"AI Overview, Reviews, Video, Video carousel, People also ask, Related searches"
imiptv,Commercial,47,90,13,0.99,"Video, People also ask, Related searches"
inetnet,Commercial,42,90,67,4.71,"AI Overview, Reviews, Video, Video carousel, People also ask, Related searches, Ads top, Ads bottom"
internet 12 monate laufzeit,Commercial,40,90,34,4.76,Related searches
internet 500 mbit,Commercial,42,90,30,2.02,"AI Overview, Reviews, Video, People also ask, Related searches, Ads bottom, Ads middle"
internet an,Commercial,41,90,53,2.98,"AI Overview, Reviews, Video, People also ask, Related searches, Ads top, Ads middle"
internet anbieter test,Commercial,47,90,45,2.75,"AI Overview, Reviews, Video, Video carousel, People also ask, Related searches"
internet anbietet,Commercial,41,90,50,4.09,"Reviews, Video, People also ask, Knowledge panel, Related searches, Ads top, Ads middle"
internet anbiter,Commercial,40,90,48,4.09,"Reviews, Video, People also ask, Related searches"
internet anschluss telekom,Transactional,44,90,35,2.83,"Reviews, Video, People also ask, Related searches"
internet deals,Commercial,43,90,34,3.97,"Reviews, Video, People also ask, Related searches"
internet dsl angebot,Commercial,45,90,50,4.08,"AI Overview, Reviews, Related searches"
internet dsl tarife,Commercial,43,90,47,3.75,"AI Overview, Reviews, Video, Related searches"
internet fernsehen telefon,"Informational, Commercial",43,90,45,1.22,"AI Overview, Reviews, Video, People also ask, Related searches, Ads top, Ads middle"
internet fernseher kaufen,Transactional,45,90,28,0.59,"Reviews, Video, People also ask, Related searches, Popular products"
internet festnetz günstig,"Informational, Commercial",42,90,42,1.73,"AI Overview, Reviews, Video, People also ask, Related searches, Ads top, Ads middle"
internet flat festnetz,Commercial,47,90,38,1.84,"AI Overview, Reviews, People also ask, Related searches, Ads top, Ads middle"
internet flatrate zuhause,"Informational, Commercial",41,90,46,2.06,"AI Overview, Reviews, Video, People also ask, Related searches"
internet günstig dsl,Commercial,44,90,33,3.17,"AI Overview, Reviews, Video, Related searches, Ads top, Ads middle"
internet haus,"Informational, Commercial",40,90,56,4.13,"Reviews, Video, People also ask, Related searches"
internet hd fernsehen,Commercial,50,90,50,1.59,"Reviews, Video, People also ask, Related searches"
internet kabel preisvergleich,Commercial,43,90,22,3.86,"Reviews, Video, People also ask, Related searches"
internet mieten,Commercial,47,90,10,10.47,"AI Overview, Video, People also ask, Related searches, Ads top, Ads bottom"
internet mit vertrag,Commercial,46,90,52,5.96,"Video, People also ask, Related searches"
internet ohne anschlussgebühr,"Informational, Commercial",48,90,29,8.79,"AI Overview, Reviews, Video, People also ask, Related searches, Ads top, Ads bottom"
internet online bestellen,Commercial,41,90,67,18.16,"Reviews, Video, People also ask, Related searches, Ads top, Ads bottom"
internet paket telekom,Transactional,45,90,44,2.55,"Reviews, Video, People also ask, Related searches, Ads top, Ads middle"
internet plan,Commercial,40,90,56,4.64,"AI Overview, Reviews, Video, People also ask, Related searches, Ads bottom"
internet preise vergleichen,Commercial,41,90,54,2.19,"AI Overview, Reviews, Video, People also ask, Related searches"
internet provider internet,Commercial,44,90,59,3.21,"Reviews, Video, Video carousel, People also ask, Local pack, Knowledge panel, Related searches"
internet rooter,Commercial,38,90,46,2.88,"Reviews, Video, Video carousel, People also ask, Knowledge panel, Related searches, Popular products"
internet stick fernseher,Commercial,47,90,33,1.34,"Sitelinks, Reviews, Video, People also ask, Related searches, Popular products"
internet stick tv,Commercial,48,90,30,1.58,"Sitelinks, Reviews, Image, Video, People also ask, Related searches, Popular products"
internet tv smart,"Informational, Commercial",45,90,26,0.74,"Reviews, Video, People also ask, Related searches, Ads bottom"
internet tv-anbieter vergleich,Commercial,50,90,38,1.58,"Sitelinks, AI Overview, Reviews, Video, People also ask, Related searches, Ads bottom"
internet und mobilfunk kombi,Commercial,47,90,27,1.48,"AI Overview, Reviews, Video, Related searches, Ads top, Ads middle"
internet und telefonie,Commercial,44,90,48,1.86,"AI Overview, Reviews, Video, Related searches, Ads top, Ads bottom"
internet verlgeich,Commercial,50,90,45,5.47,"Sitelinks, Reviews, Video, Related searches"
internet vertrag mit router,Commercial,51,90,44,5.81,"Video, Related searches, Popular products, Ads top, Ads bottom"
internet wlan für zuhause,Commercial,43,90,41,4.36,"Reviews, People also ask, Related searches"
internet wlan zuhause,Commercial,43,90,32,4.36,"Reviews, Video, People also ask, Related searches"
internet zu buchen telekom,"Navigational, Transactional",42,90,47,4.70,"Sitelinks, Video, People also ask, Related searches"
internet zuhause telekom,Transactional,43,90,36,3.91,"Reviews, Video, People also ask, Related searches"
internetanbieter angebote,Commercial,50,90,,3.09,"Reviews, Video, People also ask, Related searches, Ads bottom"
internetanschluss fernseher,"Informational, Commercial",48,90,23,0.96,"AI Overview, Reviews, Video, Video carousel, People also ask, Related searches"
internetanschluss für fernseher,Commercial,48,90,34,0.60,"AI Overview, Reviews, Video, People also ask, Related searches, Ads top, Ads middle"
internettarife vergleich,Commercial,46,90,49,2.55,"Reviews, Video, People also ask, Related searches, Ads top, Ads middle"
internetverbindung telekom,Transactional,44,90,40,2.41,"AI Overview, Reviews, People also ask, Related searches, Ads top, Ads bottom"
internetvertrag mit router,Commercial,51,90,54,6.28,"Video, People also ask, Related searches, Ads top, Ads bottom"
internset,"Informational, Commercial",37,90,59,4.71,"Reviews, Video, People also ask, Related searches, Ads bottom"
ip receiver,"Informational, Commercial",39,90,12,0.54,"Video, People also ask, Related searches, Popular products"
ip tv provider,"Informational, Commercial",62,90,31,0.00,"Video, People also ask, Related searches"
ip tv subscription,Commercial,45,90,47,1.27,"Sitelinks, AI Overview, Video, Video carousel, People also ask, Related searches"
iptv activare,"Informational, Transactional",52,90,19,0.00,"Reviews, Video, Video carousel, Related searches"
iptv anbieter deutsch,"Informational, Commercial",48,90,27,0.00,"AI Overview, Video, Related searches"
iptv app lg,Commercial,43,90,16,0.00,"Video, Video carousel, People also ask, Related searches"
iptv box test,Commercial,49,90,17,0.00,"Sitelinks, Reviews, Video, Video carousel, People also ask, Related searches"
iptv decoder box,Commercial,43,90,23,0.00,"Video, People also ask, Related searches, Popular products"
iptv for pc,Commercial,54,90,,0.00,"Reviews, Video, Video carousel, Related searches"
iptv gratuits,"Informational, Commercial",59,90,30,0.00,"Reviews, Video, People also ask, Related searches"
iptv set top,Commercial,46,90,16,0.00,"Video, People also ask, Related searches, Popular products"
iptv smarters windows,"Informational, Transactional",43,90,34,0.00,"Reviews, Video, Video carousel, People also ask, Related searches"
iptv stick amazon,"Informational, Transactional",51,90,31,0.00,"Sitelinks, Video, People also ask, Related searches, Popular products"
iptv türkei,Commercial,48,90,26,0.00,"Video, People also ask, Related searches"
iptv website,Commercial,54,90,38,0.00,"AI Overview, People also ask, Related searches"
iptv windows player,"Informational, Commercial",44,90,22,0.00,"Reviews, Video, Related searches"
iptvzi,Commercial,47,90,10,0.00,"Reviews, Video"
ist magenta tv gut,Commercial,47,90,14,4.78,"AI Overview, Video, Video carousel, People also ask, Related searches, Ads middle"
it anbieter,Transactional,50,90,21,4.54,"Reviews, Video, People also ask, Local pack, Knowledge panel, Related searches"
kabel berlin internet,Commercial,42,90,26,3.70,"AI Overview, Reviews, Video, Related searches"
kabel hd receiver,Commercial,37,90,22,0.38,"Reviews, Video, Video carousel, People also ask, Related searches, Popular products"
kabel internet mit prämie,Commercial,47,90,8,4.36,"Related searches, Ads top, Ads middle"
kabel tv anbieter ohne internet,"Informational, Commercial",50,90,27,1.72,"AI Overview, Video, People also ask, Related searches, Ads top, Ads bottom"
kabel verfügbar,Commercial,41,90,25,1.54,"AI Overview, Reviews, Video, People also ask, Related searches, Ads top, Ads bottom"
kabelfernseh kosten,Commercial,50,90,31,0.63,"AI Overview, Reviews, Video, People also ask, Related searches, Ads bottom, Ads middle"
kabelfernsehen receiver,Commercial,40,90,27,0.41,"Reviews, Video, Video carousel, People also ask, Related searches, Popular products"
karte lte netzabdeckung,Commercial,41,90,32,0.78,"Reviews, Image pack, Video, Related searches, Ads bottom"
kosten fernsehen über internet,Commercial,50,90,42,0.58,"Reviews, Video, People also ask, Related searches, Ads bottom"
kosten telefonanschluss,"Informational, Commercial",39,90,38,0.52,"AI Overview, Reviews, Video, People also ask, Related searches, Ads bottom, Ads middle"
kosten telefonanschluss telekom,"Informational, Transactional",37,90,35,0.89,"AI Overview, Reviews, Video, People also ask, Related searches"
kosten wlan router,Commercial,39,90,33,1.83,"Reviews, People also ask, Related searches, Popular products"
kostenfrei fernsehen,Commercial,40,90,51,0.55,"AI Overview, Reviews, Video, People also ask, Related searches"
kostenlos online fernsehen schauen,Commercial,39,90,58,0.77,"Sitelinks, Reviews, Video, People also ask, Related searches, Ads top, Ads bottom"
kostenlos serien online schaun,Commercial,41,90,24,1.13,"AI Overview, Reviews, Video, Related searches"
liegt bei mir glasfaser,Commercial,43,90,35,1.14,"Reviews, Video, People also ask, Related searches"
live programm rtl,"Informational, Transactional",50,90,34,0.55,"Video, People also ask, Related searches"
live rtl gucken kostenlos,Commercial,40,90,55,0.89,"AI Overview, Reviews, Video, People also ask, Related searches, Ads top, Ads middle"
live tv fernsehen,Commercial,44,90,69,0.72,"Reviews, Video, People also ask, Related searches"
livestream fernsehen rtl,"Navigational, Transactional",50,90,52,0.56,"Reviews, Video, People also ask, Related searches, Ads bottom"
livetv streamen,"Informational, Transactional",41,90,34,1.64,"Reviews, Video, Video carousel, People also ask, Related searches"
lte netzabdeckung telekom,"Informational, Transactional",42,90,31,3.76,"Reviews, People also ask, Related searches"
lte verfügbarkeit vodafone,"Informational, Transactional",36,90,30,1.76,"AI Overview, Reviews, People also ask, Related searches, Ads top, Ads bottom"
m-net tv plus,"Navigational, Transactional",46,90,22,1.58,"Sitelinks, Reviews, Video, People also ask, Related searches"
m-net tvplus,"Navigational, Transactional",48,90,23,1.58,"Sitelinks, Reviews, Video, People also ask, Related searches"
magenta online shop,Commercial,33,90,48,2.75,"Reviews, People also ask, Related searches"
magenta tv anmelden live tv,"Navigational, Transactional",45,90,45,0.00,"AI Overview, Reviews, Video, Video carousel, People also ask, Related searches"
magenta tv bewertung,Commercial,51,90,16,6.87,"AI Overview, Reviews, Video, Video carousel, People also ask, Related searches"
magenta tv ohne receiver nachteile,"Informational, Commercial",45,90,21,5.83,"AI Overview, Reviews, Video, People also ask, Related searches, Ads middle"
magenta tv one anmelden,"Informational, Transactional",44,90,27,0.00,"AI Overview, Video, Video carousel, People also ask, Related searches"
magenta tv pakete preise,Transactional,47,90,50,3.40,"AI Overview, Reviews, People also ask, Related searches"
magenta tv startseite,Commercial,47,90,34,3.15,"AI Overview, Video, Video carousel, People also ask, Related searches, Ads top"
magenta tv stick alternative,Commercial,47,90,21,0.27,"Sitelinks, Reviews, Video, People also ask, Related searches"
magentatv ohne vertrag,Commercial,47,90,28,3.31,"AI Overview, Reviews, People also ask, Related searches"
magentatv serien kostenlos,"Informational, Commercial",39,90,19,0.00,"Reviews, Video, People also ask, Related searches"
mediamarkt waipu tv stick,"Informational, Transactional",48,90,,0.42,"Video, People also ask, Related searches, Popular products, Ads bottom"
mediathek rtl livestream,"Navigational, Transactional",40,90,48,0.00,"Reviews, Video, People also ask, Related searches, Ads bottom"
mobile flat vodafone,Commercial,28,90,39,3.09,"AI Overview, Reviews, People also ask, Related searches, Ads bottom, Ads middle"
mobilfunk monatlich kündbar,Commercial,45,90,19,6.73,"AI Overview, Reviews, Video, Related searches, Ads top, Ads middle"
mobilfunk netzabdeckung vergleich,Commercial,47,90,35,2.43,"Sitelinks, Video, People also ask, Related searches, Ads bottom"
mobilfunk vergleich netzabdeckung,Commercial,47,90,37,2.43,"Sitelinks, AI Overview, Video, People also ask, Related searches, Ads top, Ads bottom"
mobilfunkabdeckung,Commercial,40,90,56,1.52,"Reviews, Video, People also ask, Related searches"
mobilfunktarif d1 netz,Commercial,47,90,29,2.66,"Sitelinks, Video, People also ask, Related searches, Shopping ads, Ads top, Ads middle"
mobilfunktarife d1 netz,Commercial,47,90,26,2.66,"Sitelinks, AI Overview, Video, People also ask, Related searches, Ads top, Ads middle"
mobilfunktarife im d1 netz,Commercial,47,90,28,2.66,"Sitelinks, Video, People also ask, Related searches, Ads top, Ads middle"
monatlich kündbar sim,Commercial,42,90,26,7.63,"Reviews, Related searches"
moxi player tv stick,"Informational, Commercial",49,90,,0.00,"Sitelinks, Reviews, Video, People also ask, Related searches, Popular products"
musik streaming dienste im test,Commercial,54,90,27,0.66,"Sitelinks, Reviews, Video, Short videos, People also ask, Related searches"
myfritz anmelden,"Navigational, Transactional",37,90,31,0.00,"Sitelinks, Video, People also ask, Related searches"
neflix abo,"Navigational, Transactional",39,90,55,1.63,"Reviews, Video, People also ask, Related searches"
netfix abo,"Navigational, Transactional",39,90,50,1.63,"Reviews, Video, People also ask, Related searches"
netflex plan,"Navigational, Transactional",35,90,79,1.22,"Image pack, Video, People also ask, Related searches"
netflix 4k abonnement,"Informational, Transactional",38,90,42,1.44,"Sitelinks, AI Overview, Reviews, Video, People also ask, Related searches"
netflix 4k preis,Transactional,40,90,39,0.97,"AI Overview, Reviews, People also ask, Related searches"
netflix a,"Navigational, Transactional",38,90,76,0.00,"Sitelinks, Reviews, People also ask, Knowledge panel, Related searches"
netflix abo erweitern,"Informational, Transactional",47,90,59,0.00,"Video, Video carousel, People also ask, Related searches"
netflix abonnement kosten,"Informational, Transactional",41,90,50,1.21,"AI Overview, Reviews, Video, People also ask, Related searches"
netflix bibliothek,Commercial,34,90,70,0.00,"Sitelinks, AI Overview, Reviews, Video, People also ask, Related searches"
netflix familien abo preis,"Navigational, Transactional",38,90,59,0.00,"AI Overview, Reviews, Video, People also ask, Related searches"
netflix film deutsch,Transactional,33,90,28,0.00,"Sitelinks, Video, Video carousel, People also ask, Related searches"
netflix filme übersicht,Commercial,36,90,39,0.00,"Video, People also ask, Related searches"
netflix login web,"Navigational, Transactional",38,90,73,0.00,Related searches
netflix monthly subscription deutsch,"Informational, Transactional",38,90,56,1.25,"AI Overview, Reviews, Video, People also ask, Related searches"
netflix optionen,"Informational, Transactional",43,90,58,0.00,"AI Overview, Reviews, Video, People also ask, Related searches"
netflix premium günstiger,Commercial,47,90,24,0.70,"Sitelinks, AI Overview, Video, People also ask, Related searches, Ads middle"
netflix premium preis,Transactional,45,90,51,1.95,"AI Overview, Reviews, Video, People also ask, Related searches"
netflix premum,Transactional,47,90,50,2.26,"Reviews, Video, People also ask, Related searches"
netflix standart,"Informational, Transactional",39,90,51,2.05,"Reviews, Image pack, Video, People also ask, Related searches"
netflix sticks,Commercial,49,90,30,0.35,"Reviews, Video, People also ask, Related searches"
netflix telefonnummer ändern,"Navigational, Transactional",39,90,34,0.00,"AI Overview, Video, People also ask, Related searches"
netflix testabo,"Informational, Transactional",39,90,44,1.56,"Video, People also ask, Top stories, Related searches"
netflix videos,"Informational, Transactional",33,90,77,0.00,"Reviews, Video, Video carousel, People also ask, Related searches"
netflix welche serien,Commercial,33,90,48,0.28,"Video, People also ask, Top stories"
netlix abo,"Navigational, Transactional",41,90,54,1.43,"Video, People also ask, Related searches"
netz check,Commercial,34,90,33,1.62,"Reviews, Video, People also ask, Related searches"
netzabdeckung 4g,Commercial,36,90,36,0.66,"Reviews, Image pack, Video, People also ask, Related searches"
netzabdeckung bundesnetzagentur,Transactional,35,90,32,0.00,"Reviews, Video, People also ask, Related searches"
netzabdeckung karte telekom,"Informational, Transactional",39,90,35,1.27,"Reviews, Image pack, People also ask, Related searches"
netzabdeckung karte vodafone,Commercial,47,90,26,1.48,"Image pack, Video, People also ask, Related searches, Ads top, Ads bottom"
netzabdeckung mobilfunk vergleich,Commercial,47,90,35,2.43,"Sitelinks, Video, People also ask, Related searches, Ads top, Ads bottom"
netzabdeckung mobilfunk vodafone,Commercial,39,90,32,1.74,"Sitelinks, Reviews, Video, People also ask, Related searches, Ads top, Ads bottom"
netzabdeckung prüfen telekom,"Navigational, Transactional",39,90,40,0.29,"Sitelinks, Reviews, Video, People also ask, Related searches"
netzabdeckung telekom lte,"Informational, Transactional",40,90,45,3.03,"Reviews, People also ask, Related searches"
netzabdeckung telekom prüfen,Transactional,41,90,35,0.25,"Reviews, Video, People also ask, Related searches"
netzausbau glasfaser,Commercial,38,90,49,1.25,"Sitelinks, AI Overview, Reviews, Video, People also ask, Related searches, Ads bottom, Ads middle"
neuen router kaufen,Transactional,41,90,37,0.76,"Reviews, Video, Video carousel, People also ask, Related searches, Popular products"
nitro livestream nydus,"Navigational, Transactional",34,90,23,0.00,"Reviews, Video, People also ask, Related searches"
nur internet tarif,Commercial,40,90,36,1.37,"AI Overview, Video, People also ask, Related searches"
nur magenta tv buchen,Commercial,47,90,33,2.71,"AI Overview, Reviews, People also ask, Related searches, Ads bottom, Ads middle"
o2 fernseher kaufen,"Informational, Transactional",41,90,34,1.06,"Video, Related searches, Popular products"
o2 tv sender,Transactional,43,90,29,1.05,"AI Overview, Reviews, Video, People also ask, Related searches, Ads bottom"
ohne kabel tv schauen,"Informational, Commercial",47,90,30,2.29,"Featured snippet, Sitelinks, Reviews, Video, Video carousel, People also ask, Related searches, Popular products, Ads bottom, Ads middle"
online fernsehen gratis,Commercial,42,90,44,0.89,"Reviews, Video, People also ask, Related searches"
online gratis fernsehen,Commercial,42,90,40,1.37,"Reviews, Video, People also ask, Related searches"
online tv freeware,Commercial,43,90,38,0.83,"Reviews, Video, People also ask, Related searches"
online tv schauen kostenlos ohne anmeldung rtl,Transactional,50,90,30,0.00,"AI Overview, Reviews, Video, People also ask, Related searches"
pc iptv,Commercial,54,90,31,0.00,"AI Overview, Reviews, Video, People also ask"
preise netflix abo,Transactional,43,90,50,1.02,"AI Overview, Reviews, Video, People also ask, Related searches"
preise waipu tv,Transactional,41,90,46,0.05,"Reviews, People also ask, Related searches, Ads top, Ads bottom"
preisliste vodafone,"Navigational, Transactional",34,90,36,0.00,"Reviews, People also ask, Related searches"
premium netflix,"Informational, Transactional",42,90,61,0.00,"AI Overview, Reviews, Video, People also ask, Related searches"
programm rtl live,"Informational, Transactional",50,90,,0.55,"Video, People also ask, Related searches, Ads bottom"
rabatte vodafone,Transactional,30,90,14,2.16,"Sitelinks, Video, People also ask, Related searches, Ads bottom"
receiver hd kaufen,Transactional,40,90,29,0.33,"Video, People also ask, Related searches"
receiver sky,Transactional,33,90,32,1.73,"Reviews, Image, Video, People also ask, Related searches, Ads bottom"
receiver stream,"Informational, Commercial",37,90,12,0.00,"Reviews, Video, People also ask, Related searches"
router abdeckung,"Informational, Transactional",36,90,29,0.11,"Image, Image pack, Video, Video carousel, People also ask, Related searches, Popular products"
router bestenliste,Commercial,47,90,32,0.80,"Reviews, Video, People also ask, Related searches"
router für fernseher,"Informational, Transactional",43,90,32,0.95,"Reviews, Image, Video, Video carousel, People also ask, Related searches, Popular products"
router hersteller,"Informational, Commercial",36,90,24,0.00,"Reviews, Video, People also ask, Related searches, Popular products"
router mediamarkt,"Informational, Transactional",37,90,30,0.22,"People also ask, Related searches, Popular products"
router neu kaufen,Transactional,51,90,35,0.76,"Reviews, Video, People also ask, Related searches, Popular products"
router wi fi,Commercial,37,90,36,1.88,"Reviews, Video, Video carousel, People also ask, Related searches, Popular products"
rtl 2 kostenlos,Commercial,38,90,31,2.02,"AI Overview, Video, People also ask, Related searches"
rtl 2 kostenlos schauen,Commercial,39,90,28,1.23,"Reviews, Video, People also ask, Related searches"
rtl 4 live,"Navigational, Transactional",37,90,34,0.71,"AI Overview, Reviews, Video, People also ask, Related searches"
rtl de stream live,"Navigational, Transactional",43,90,83,0.71,"Reviews, Video, People also ask, Related searches"
rtl ii livestream,Commercial,39,90,31,0.68,"Reviews, Video, People also ask, Related searches"
rtl kostenlos live gucken,Commercial,42,90,30,0.89,"Reviews, Video, People also ask, Related searches, Ads bottom"
rtl kostenlos ohne anmeldung live,Transactional,50,90,39,0.00,"AI Overview, Reviews, Video, People also ask, Related searches"
rtl kostenlos streamen ohne anmeldung,Transactional,40,90,45,0.00,"AI Overview, Reviews, Video, People also ask, Related searches"
rtl kostenlos tv,Transactional,40,90,50,0.76,"Reviews, Video, People also ask, Related searches, Ads bottom"
rtl live now,"Navigational, Transactional",50,90,67,0.26,"Reviews, Video, People also ask, Related searches"
rtl live sender,"Navigational, Transactional",50,90,69,0.70,"Sitelinks, Reviews, Video, People also ask, Related searches"
rtl live ticker,"Navigational, Transactional",34,90,62,0.00,"Reviews, Video, People also ask, Top stories, Related searches"
rtl livestraem,"Navigational, Transactional",38,90,48,0.60,"Reviews, Video, People also ask, Related searches"
rtl livestream hd,"Navigational, Transactional",39,90,52,0.87,"Reviews, Video, People also ask, Related searches"
rtl livestream mediathek,"Navigational, Transactional",40,90,48,0.00,"Reviews, Video, People also ask, Related searches"
rtl livew,"Navigational, Transactional",38,90,68,0.47,"Reviews, Video, People also ask, Top stories, Related searches"
rtl media,"Navigational, Transactional",36,90,70,0.14,"Sitelinks, Reviews, Video, People also ask, Related searches"
rtl mediathek livestream,"Navigational, Transactional",42,90,44,0.00,
rtl online live,"Navigational, Transactional",50,90,53,1.00,"Video, People also ask, Top stories, Related searches"
rtl online sehen,"Navigational, Transactional",41,90,46,0.82,"Reviews, Video, People also ask, Related searches, Ads bottom"
rtl plus fernsehprogramm heute,Commercial,50,90,44,0.33,"People also ask, Related searches"
rtl plus live programm heute,"Navigational, Transactional",50,90,85,0.15,"Sitelinks, People also ask, Related searches"
rtl punkt 12 live,"Navigational, Transactional",36,90,34,0.00,"Sitelinks, Video, People also ask, Related searches"
rtl sender live,"Navigational, Transactional",50,90,67,0.70,"Sitelinks, Reviews, Video, People also ask, Related searches"
rtl stream ohne anmeldung,"Navigational, Transactional",39,90,42,1.31,"AI Overview, Reviews, Video, People also ask, Related searches"
rtl stream online kostenlos,Commercial,40,90,60,1.36,"AI Overview, Reviews, Video, People also ask, Related searches"
rtl tv kostenlos,Commercial,42,90,44,0.72,"Reviews, Video, People also ask, Related searches"
rtl tv live heute,"Navigational, Transactional",50,90,51,0.36,"Reviews, Video, People also ask, Related searches"
rtl wiederholung,"Informational, Transactional",34,90,51,0.52,"Video, People also ask, Related searches"
rtl1,"Informational, Transactional",32,90,67,0.65,"Reviews, Video, Related searches"
rtl2 gucken,Commercial,36,90,45,0.77,"Reviews, Video, People also ask, Related searches"
samsung mobile wifi hotspot,"Informational, Transactional",37,90,29,1.49,"Reviews, Video, Video carousel, Short videos, People also ask, Related searches, Popular products, Ads bottom"
samsung sat receiver,Commercial,35,90,30,0.07,"People also ask, Popular products"
sat 1 hd live stream,Commercial,37,90,29,0.70,"Reviews, Video, People also ask, Related searches, Ads bottom"
sat 1 live ohne anmelden,"Navigational, Transactional",36,90,31,0.41,"Reviews, Video, Related searches"
sat receiver digital,"Informational, Commercial",36,90,17,0.19,"Video, Video carousel, People also ask, Related searches, Popular products"
sat receiver mit apps,Commercial,40,90,11,0.34,"Sitelinks, Video, People also ask, Related searches, Popular products"
satellite and receiver,"Informational, Commercial",36,90,14,0.15,"Image pack, Video, Related searches, Popular products"
satellite tv live,Commercial,39,90,58,0.32,"AI Overview, Reviews, Video, People also ask, Related searches"
save tv angebot,"Informational, Transactional",44,90,21,1.66,"Sitelinks, Reviews, Video, People also ask, Related searches"
sendung verpasst rtl2 now,"Informational, Transactional",35,90,45,0.00,"Reviews, People also ask, Related searches"
serie free,"Informational, Transactional",32,90,26,0.86,"Sitelinks, Reviews, Image, Video, People also ask, Knowledge panel, Related searches, Ads bottom"
serie illegal streamen,"Informational, Commercial",48,90,46,0.00,"Sitelinks, Reviews, Video, People also ask, Related searches"
serie stream io,Commercial,48,90,33,0.00,"AI Overview, Reviews, People also ask, Related searches"
serie streaming tv,Commercial,38,90,43,0.00,"AI Overview, Reviews, Video, Related searches"
serie tv streaming,"Informational, Commercial",39,90,45,0.00,"Reviews, Video, People also ask, Top stories, Related searches"
serien filme,Commercial,32,90,57,0.67,"Sitelinks, Image, Video, Video carousel, People also ask, Top stories, Related searches"
serien gucken gratis,Commercial,41,90,31,0.56,"Sitelinks, Reviews, Video, People also ask, Related searches"
serien stream sto,Commercial,48,90,31,0.00,"Reviews, Video, People also ask, Related searches"
serien streamen io,Commercial,48,90,29,0.00,"Sitelinks, Reviews, Video, People also ask, Related searches"
serien zum anschauen,Commercial,38,90,43,0.46,"AI Overview, Video, People also ask, Related searches"
serienstraem,Commercial,48,90,10,0.71,Related searches
serienstream ip,Commercial,48,90,32,0.00,"Reviews, Video, People also ask, Related searches"
serienstream.to domains,Commercial,48,90,30,0.00,"Reviews, Video, People also ask, Related searches"
serietvu streaming,Commercial,48,90,41,0.00,"AI Overview, Reviews, Video, People also ask, Related searches"
set box tv,"Informational, Commercial",39,90,17,1.14,"Sitelinks, Reviews, Video, People also ask, Related searches, Popular products"
set top box tv,Commercial,39,90,13,0.88,"Image pack, People also ask, Related searches, Popular products"
sim unbegrenztes datenvolumen,Commercial,36,90,22,4.89,"Reviews, Video, People also ask, Related searches, Ads top, Ads middle"
sky abo mit netflix,Commercial,38,90,34,1.71,"AI Overview, Reviews, Video, People also ask, Related searches, Ads bottom, Ads middle"
sky abo verlängern,Transactional,37,90,26,1.71,"Reviews, Video, People also ask, Related searches"
sky de black friday,Transactional,32,90,30,0.00,"Reviews, Video, People also ask, Related searches"
sky oder dazn,Commercial,37,90,27,0.00,"Sitelinks, Video, People also ask, Related searches"
sky q receiver bestellen,"Informational, Transactional",47,90,29,1.92,"AI Overview, Reviews, People also ask, Related searches"
sky sport studenten,Transactional,35,90,30,0.00,"Reviews, People also ask, Related searches"
smart iptv app kostenlos,"Informational, Commercial",54,90,30,0.00,"AI Overview, Reviews, Video, People also ask, Related searches"
smart iptv download chip,Transactional,54,90,42,0.00,"Video, People also ask, Related searches"
smart iptv eu,"Informational, Transactional",43,90,29,0.00,"AI Overview, Reviews, Video, Video carousel, People also ask, Related searches"
smart iptv kaufen,Transactional,52,90,29,0.00,"Reviews, Video, People also ask, Related searches"
smart iptv player pro,"Informational, Transactional",54,90,39,0.00,"Reviews, Video, Video carousel, People also ask, Related searches"
smart satelliten receiver,"Informational, Commercial",39,90,25,0.16,"Video, Video carousel, People also ask, Related searches, Popular products"
smart tv adapter,Commercial,42,90,26,0.28,"Sitelinks, Video, People also ask, Related searches, Popular products"
smart tv and internet,Commercial,43,90,44,1.15,"Sitelinks, AI Overview, Reviews, Video, Video carousel, People also ask, Related searches"
smart tv box erfahrungen,Commercial,42,90,27,0.00,"Sitelinks, Reviews, Video, Video carousel, People also ask, Related searches"
smart tv stick usb,Commercial,39,90,22,0.45,"Sitelinks, Reviews, Video, People also ask, Related searches, Popular products"
smart tv vertrag,Commercial,45,90,20,2.90,"Reviews, People also ask, Related searches, Popular products, Ads top, Ads middle"
smarters lite,"Informational, Transactional",28,90,34,0.00,"Reviews, People also ask, Knowledge panel, Related searches"
spannende thriller serien,Commercial,35,90,23,0.03,"Image, Video, People also ask, Related searches"
speedport hybrid 5g,"Informational, Transactional",36,90,24,0.00,"Reviews, Image pack, Video, Video carousel, People also ask, Related searches"
stick hdmi smart tv,Commercial,40,90,26,0.64,"Sitelinks, People also ask, Related searches"
stream anbieter,"Informational, Commercial",51,90,45,2.07,"Sitelinks, AI Overview, Video, People also ask, Related searches, Ads top, Ads middle"
stream tv free,Commercial,39,90,52,0.94,"Reviews, Video, People also ask, Related searches"
stream tv tv series,Commercial,41,90,61,2.94,"AI Overview, Reviews, Video, People also ask, Related searches"
streamanbieter,Commercial,54,90,45,7.65,"AI Overview, Reviews, Video, People also ask, Related searches, Ads middle"
streaming dienst vergleich,Commercial,54,90,37,1.60,"Reviews, Video, Video carousel, People also ask, Related searches"
streaming geraete,"Informational, Commercial",49,90,16,0.94,"Reviews, Video, Video carousel, People also ask, Related searches, Popular products"
streaming hd film,Commercial,33,90,29,0.00,"AI Overview, Reviews, Video, Related searches"
streaming services germany,Commercial,47,90,50,1.56,"Sitelinks, AI Overview, Reviews, Video, People also ask, Related searches"
streaming vergleich,Commercial,47,90,38,1.89,"Reviews, Video, People also ask, Related searches"
streaming-dienste vergleich,Commercial,54,90,35,1.33,"AI Overview, Reviews, Video, People also ask, Related searches"
stärkster wlan router,Commercial,38,90,25,0.45,"Sitelinks, Reviews, Video, Video carousel, People also ask, Related searches, Popular products"
super rtl livestream kostenlos,Commercial,50,90,39,0.00,"Video, People also ask, Related searches"
superrtl livestream,Commercial,38,90,22,0.73,"Reviews, Video, People also ask, Related searches"
t mobile dsl,"Informational, Transactional",37,90,33,2.01,"Reviews, Video, People also ask, Related searches"
t online fernsehen,Commercial,42,90,42,0.42,"Reviews, Video, Video carousel, People also ask, Related searches"
t online tv,Commercial,38,90,50,0.55,"Reviews, Video, People also ask, Top stories, Related searches"
tarife telefon telekom,"Navigational, Transactional",41,90,43,2.19,"Reviews, Video, People also ask, Related searches"
tarnkappe iptv,"Navigational, Transactional",46,90,23,0.00,"Sitelinks, Reviews, Related searches"
telefon angebote festnetz,Commercial,41,90,38,0.94,"Reviews, People also ask, Related searches, Ads top, Ads middle"
telefon dsl,Commercial,40,90,33,3.99,"AI Overview, Reviews, Video, Video carousel, People also ask, Related searches, Ads middle"
telefon fernsehen internet,Commercial,43,90,42,1.67,"AI Overview, Reviews, Video, People also ask, Related searches, Ads top, Ads middle"
telefon festnetzanschluss,Commercial,39,90,35,0.94,"AI Overview, Reviews, Video, People also ask, Related searches, Ads top, Ads bottom"
telefon internet fernsehen,"Informational, Commercial",43,90,43,1.67,"AI Overview, Reviews, Video, People also ask, Related searches"
telefonanschluss kosten telekom,"Informational, Transactional",38,90,40,0.89,"AI Overview, Reviews, Video, People also ask, Related searches"
telekom 100 mbit preis,"Navigational, Transactional",39,90,27,1.26,"Reviews, People also ask, Related searches"
telekom 250 mbit preis,"Navigational, Transactional",47,90,,1.54,"Reviews, People also ask, Related searches, Ads top, Ads middle"
telekom angebote telefon und internet,Transactional,44,90,40,1.74,"AI Overview, Reviews, People also ask, Related searches, Ads top, Ads middle"
telekom de magentatv login,Transactional,53,90,34,0.00,"Video, People also ask, Related searches"
telekom dsl anschluss prüfen,Commercial,41,90,19,2.10,"Reviews, People also ask, Related searches, Ads top, Ads bottom"
telekom dsl erfahrungen,Commercial,43,90,18,2.09,"Sitelinks, AI Overview, Reviews, Video, People also ask, Related searches"
telekom dsl hybrid,Transactional,44,90,24,3.04,"Reviews, Video, Video carousel, People also ask, Related searches, Ads top, Ads bottom"
telekom dsl preise,Transactional,41,90,32,1.63,"AI Overview, Reviews, People also ask, Related searches"
telekom festnetz preise,Transactional,38,90,34,1.36,"AI Overview, Reviews, People also ask, Related searches, Ads top, Ads bottom"
telekom festnetz verfügbarkeit,"Navigational, Transactional",40,90,17,2.11,"Reviews, Related searches"
telekom glasfaser 2000,"Informational, Transactional",47,90,15,5.75,"Reviews, Image pack, Video, People also ask, Related searches"
telekom glasfaser kostenlos,Commercial,47,90,28,4.77,"Sitelinks, AI Overview, Video, Video carousel, Short videos, People also ask, Related searches, Ads top, Ads bottom"
telekom internet anschluss prüfen,Transactional,44,90,22,3.46,"Reviews, People also ask, Related searches"
telekom internet ohne anschluss,Commercial,38,90,23,2.71,"AI Overview, Reviews, Video, People also ask, Related searches, Ads top, Ads middle"
telekom internet paket,"Navigational, Transactional",46,90,40,2.55,"Reviews, Video, People also ask, Related searches, Ads bottom"
telekom internet und magenta tv,Commercial,47,90,48,2.70,"Reviews, People also ask, Related searches, Ads top, Ads bottom"
telekom internet und telefon angebote,Transactional,43,90,40,1.98,"Reviews, People also ask, Related searches"
telekom internettarif,Transactional,47,90,37,3.00,"Reviews, Video, People also ask, Related searches"
telekom kosten telefonanschluss,"Informational, Transactional",37,90,41,0.89,"AI Overview, Reviews, Video, People also ask, Related searches"
telekom magenta tv und internet,Commercial,47,90,33,3.36,"AI Overview, Reviews, People also ask, Related searches, Ads top, Ads middle"
telekom netzabdeckung 5g,Transactional,38,90,31,4.68,"Reviews, Video, People also ask, Related searches"
telekom netzverfügbarkeit,"Navigational, Transactional",40,90,35,2.79,"AI Overview, Reviews, People also ask, Related searches"
telekom preise festnetz,Transactional,41,90,31,0.77,"AI Overview, Reviews, Video, People also ask, Related searches"
telekom preise internet,Transactional,43,90,33,1.20,"AI Overview, Reviews, People also ask, Related searches, Ads top, Ads bottom"
telekom router mesh,"Informational, Transactional",48,90,25,0.00,"Video, People also ask, Related searches, Popular products"
telekom router mesh fähig,"Informational, Transactional",48,90,19,0.00,"Reviews, Video, People also ask, Related searches, Ads bottom"
telekom sdsl preise,Transactional,41,90,32,1.63,"Reviews, Related searches"
telekom tarife internet und festnetz,Transactional,43,90,40,2.03,"Reviews, People also ask, Related searches, Ads top, Ads bottom"
telekom tarife telefon,Transactional,38,90,62,2.19,"Reviews, People also ask, Related searches"
telekom tarife telefon und internet,"Navigational, Transactional",40,90,42,1.87,"Reviews, People also ask, Related searches"
telekom tarife vdsl,Commercial,42,90,42,2.03,"AI Overview, Reviews, Video, People also ask, Related searches, Ads top, Ads bottom"
telekom telefon und internet angebote,Transactional,43,90,40,1.74,"Sitelinks, AI Overview, Reviews, People also ask, Related searches, Ads top, Ads middle"
telekom tv app,Transactional,39,90,46,3.74,"Reviews, Video, People also ask, Related searches"
telekom verfügbarkeit lte,Transactional,42,90,30,1.16,"Reviews, People also ask, Related searches"
telekom vertrag dsl,Transactional,42,90,29,2.60,"Reviews, People also ask, Related searches, Ads top, Ads bottom"
telekom vertrag wlan,"Navigational, Transactional",40,90,40,2.81,"Reviews, People also ask, Related searches"
telekom verträge festnetz,Commercial,42,90,30,2.13,"AI Overview, Reviews, People also ask, Related searches, Ads top, Ads bottom"
telekom wlan verfügbarkeit,"Navigational, Transactional",39,90,20,3.35,"Reviews, People also ask, Related searches, Ads top"
television gratis online,Commercial,40,90,56,0.00,"AI Overview, Reviews, Video, Related searches"
test dsl anbieter,Commercial,46,90,45,2.04,"Reviews, Video, People also ask, Related searches"
test tv stick,Commercial,36,90,33,0.40,"Sitelinks, Reviews, Video, People also ask, Related searches"
test tv sticks,Commercial,49,90,27,0.50,"Sitelinks, Video, Video carousel, People also ask, Related searches"
tv anschluss kabel anbieter,Commercial,48,90,32,1.70,"Reviews, Image, Video, People also ask, Related searches"
tv auf pc schauen,Commercial,43,90,42,0.76,"AI Overview, Reviews, Video, People also ask, Related searches, Ads bottom, Ads middle"
tv box 4k,"Informational, Transactional",42,90,29,0.74,"Reviews, Video, Video carousel, People also ask, Related searches, Popular products"
tv box kaufen,Transactional,50,90,22,1.46,"Video, People also ask, Related searches, Popular products"
tv dongle,"Informational, Commercial",40,90,26,0.48,"Video, Video carousel, People also ask, Related searches, Popular products"
tv fernsehen live,Commercial,38,90,60,0.72,"Reviews, Video, Video carousel, People also ask, Related searches"
tv live free,Commercial,36,90,62,1.58,"Reviews, Video, People also ask, Related searches"
tv magenta login,Commercial,47,90,33,0.00,"Video, People also ask, Related searches"
tv mit satellit,"Informational, Commercial",50,90,16,0.96,"Reviews, Video, People also ask, Related searches, Popular products"
tv mit satelliten receiver,Commercial,40,90,19,0.21,"Video, People also ask, Related searches, Popular products, Ads middle"
tv programm streamen kostenlos,Commercial,40,90,45,0.66,"Reviews, Video, People also ask, Related searches"
tv receiver integriert,Commercial,45,90,16,0.15,"Reviews, Video, People also ask, Related searches"
tv receiver mit festplatte,Commercial,39,90,18,0.38,"Video, People also ask, Related searches, Popular products"
tv receiver über internet,Commercial,45,90,24,1.20,"Sitelinks, Reviews, Video, People also ask, Related searches, Popular products, Ads top, Ads middle"
tv schauen am pc,Commercial,44,90,24,0.76,"AI Overview, Reviews, Video, Video carousel, People also ask, Related searches, Ads top, Ads middle"
tv schauen ohne kabel,Commercial,49,90,24,2.30,"Sitelinks, Reviews, Video, Video carousel, People also ask, Related searches, Popular products, Ads top, Ads middle"
tv stick best,Commercial,49,90,29,0.59,"Sitelinks, Reviews, Video, Video carousel, People also ask, Related searches, Popular products, Ads middle"
tv sticks für fernseher,"Informational, Commercial",49,90,27,1.18,"Sitelinks, Reviews, Video, Video carousel, People also ask, Related searches, Popular products"
tv sticks test,Commercial,49,90,28,0.76,"Sitelinks, Video, Video carousel, People also ask, Related searches, Ads bottom"
tv streaming online live,Commercial,41,90,67,0.54,"Reviews, Video, Related searches"
tv umsonst schauen,Commercial,38,90,50,1.04,"Reviews, Video, People also ask, Related searches"
tv watch,"Informational, Transactional",35,90,39,0.62,"Reviews, Image, Image pack, Video, Video carousel, People also ask, Related searches, Popular products"
tv über internet receiver,Commercial,48,90,30,1.20,"Sitelinks, Reviews, Video, People also ask, Related searches, Popular products"
tv über pc schauen,"Informational, Commercial",43,90,17,0.95,"AI Overview, Reviews, Video, People also ask, Related searches"
tv über stick,Commercial,42,90,28,1.41,"Sitelinks, Reviews, Video, Video carousel, People also ask, Related searches, Popular products"
tv&internet,Commercial,45,90,39,2.24,"Reviews, Video, People also ask, Related searches"
türkei iptv,"Informational, Commercial",48,90,19,0.00,"AI Overview, Reviews, Video, People also ask, Related searches"
türkisch tv,Commercial,41,90,22,2.11,"Reviews, Image, Video, Related searches"
unbegrenztes datenvolumen günstig,Commercial,49,90,25,2.78,"AI Overview, Reviews, Video, People also ask, Related searches, Ads top, Ads middle"
unlimited daten,Commercial,42,90,21,3.87,"AI Overview, Reviews, Video, People also ask, Related searches, Ads top, Ads bottom"
unlimited datenvolumen vergleich,Commercial,43,90,28,2.48,"Sitelinks, Reviews, Video, People also ask, Related searches"
unlimited mobilfunk,Commercial,40,90,36,3.50,"Sitelinks, AI Overview, Reviews, Video, Related searches"
usb stick smart tv,Commercial,40,90,22,0.45,"Video, Video carousel, People also ask, Related searches, Popular products, Ads bottom"
verbraucherzentrale glasfaser,Transactional,37,90,20,0.00,"Sitelinks, Video, People also ask, Related searches"
verfügbarkeit hybrid telekom,Transactional,45,90,20,2.07,"AI Overview, Reviews, Video, People also ask, Related searches, Ads top, Ads bottom"
verfügbarkeit internetanbieter,Commercial,46,90,52,2.60,"AI Overview, Reviews, Video, People also ask, Related searches"
verfügbarkeit kabel,Commercial,43,90,34,1.54,"Reviews, Video, People also ask, Related searches"
verfügbarkeit lte telekom,"Navigational, Transactional",41,90,51,1.16,"Reviews, People also ask, Related searches"
verfügbarkeit telekom lte,"Navigational, Transactional",43,90,33,1.16,"Reviews, People also ask, Related searches"
vergleich dsl glasfaser,Commercial,42,90,19,1.91,"AI Overview, Reviews, Video, People also ask, Related searches, Ads bottom"
vergleich dsl router,Commercial,39,90,30,1.65,"Sitelinks, Reviews, Video, Video carousel, People also ask, Related searches"
vergleich fernsehanbieter,Commercial,54,90,39,1.14,"Sitelinks, Reviews, Video, People also ask, Related searches, Ads top, Ads bottom"
vergleich festnetzanschluss,Commercial,41,90,39,2.41,"Reviews, People also ask, Related searches"
vergleich internettarife,Commercial,47,90,48,2.55,"Reviews, Video, People also ask, Related searches"
vergleich netzabdeckung mobilfunk,Commercial,47,90,37,2.43,"Sitelinks, AI Overview, Video, People also ask, Related searches"
vergleich streaming,Commercial,45,90,40,1.89,"Reviews, Video, People also ask, Related searches"
voda data,"Navigational, Transactional",29,90,41,3.11,"Reviews, Video, People also ask, Related searches"
vodafon handyvertrag ohne handy,Commercial,34,90,44,2.42,"People also ask, Related searches"
vodafone angebote smartphone,"Navigational, Transactional",31,90,56,1.71,"Sitelinks, Reviews, People also ask, Related searches, Popular products"
vodafone datenkarte prepaid,"Navigational, Transactional",31,90,42,1.91,"Sitelinks, Reviews, Video, People also ask, Related searches"
vodafone handynetz,Transactional,37,90,46,2.31,"AI Overview, Reviews, Video, People also ask, Related searches, Ads bottom, Ads middle"
vodafone mobil vertrag,"Informational, Transactional",35,90,50,2.21,"Reviews, Video, People also ask, Related searches"
vodafone netz test,Commercial,40,90,43,1.59,"Reviews, Video, People also ask, Related searches"
vodafone neue frequenzen,"Informational, Transactional",49,90,37,0.00,"Reviews, People also ask, Related searches"
vodafone shop angebote,"Informational, Transactional",30,90,55,2.18,"AI Overview, Reviews, Video, People also ask, Related searches"
vodafone tarife angebote,Transactional,37,90,48,2.11,"Reviews, People also ask, Related searches"
vodafone tarifvertrag,Transactional,33,90,16,2.49,"People also ask, Related searches"
vodafone unlimited internet,Transactional,35,90,30,2.88,"AI Overview, Reviews, Video, People also ask, Related searches"
vodafone unlimted,Commercial,49,90,40,2.50,"Reviews, Video, People also ask, Related searches, Ads top, Ads bottom"
vonovia multimedia,"Informational, Transactional",35,90,24,0.00,"Reviews, Video, People also ask, Related searches"
waipu alternativen,Commercial,36,90,25,0.78,"AI Overview, Reviews, Video, People also ask, Related searches"
waipu amazon,"Informational, Transactional",28,90,32,0.00,"Reviews, Video, People also ask, Related searches, Ads bottom"
waipu perfect,"Navigational, Transactional",24,90,34,0.08,"AI Overview, Reviews, Image, Video carousel, People also ask, Related searches"
waipu rtl,"Navigational, Transactional",31,90,26,0.64,"AI Overview, Reviews, Video, People also ask, Related searches, Ads bottom"
waipu stick 2. generation,Transactional,48,90,36,0.11,"Reviews, Video, People also ask, Related searches, Popular products"
waipu tv 1 monat kostenlos,"Navigational, Transactional",42,90,28,0.53,"AI Overview, Reviews, Video, People also ask, Related searches"
waipu tv mit stick,Transactional,48,90,46,0.23,"Reviews, Video, Video carousel, People also ask, Related searches, Popular products"
waipu tv preis,"Navigational, Transactional",48,90,46,0.04,"Reviews, Video, People also ask, Related searches"
waipu tv programme,"Navigational, Transactional",29,90,22,0.03,"Sitelinks, Reviews, Video, People also ask, Related searches, Ads bottom"
waipu tv stick kaufen media markt,Transactional,48,90,24,0.25,"Video, People also ask, Related searches"
waipu tv vergleich,Commercial,48,90,40,0.42,"Sitelinks, AI Overview, Reviews, Video, People also ask, Related searches"
waipu tv-stick ohne abo,Commercial,48,90,33,0.24,"Sitelinks, Reviews, People also ask, Related searches"
was ist das beste handynetz,Commercial,43,90,37,1.75,"AI Overview, Reviews, Video, Short videos, People also ask, Related searches, Ads bottom, Ads middle"
was ist das beste internet,Commercial,43,90,37,1.62,"AI Overview, Reviews, Video, People also ask, Related searches"
was ist der beste internetanbieter,Commercial,50,90,25,1.96,"AI Overview, Reviews, Video, People also ask, Related searches, Ads top, Ads bottom"
was ist der beste musik streaming dienst,Commercial,54,90,19,0.71,"Sitelinks, AI Overview, Reviews, Video, People also ask, Related searches, Ads bottom"
was ist eine set-top-box,"Informational, Commercial",47,90,13,0.46,"AI Overview, Reviews, Video, People also ask, Related searches"
was kostet telefonanschluss,"Informational, Commercial",42,90,36,0.42,"Reviews, Video, People also ask, Related searches"
was sind die besten handynetze,Commercial,39,90,34,1.74,"AI Overview, Reviews, Video, Short videos, People also ask, Related searches"
web browser iptv,Commercial,45,90,44,0.00,"Reviews, Video, People also ask, Related searches"
webmail deutsche glasfaser,Commercial,35,90,22,0.00,"Video, People also ask, Related searches"
welche anbieter nutzen vodafone netz,Commercial,37,90,18,2.33,"Sitelinks, AI Overview, Reviews, Video, Video carousel, People also ask, Related searches, Ads middle"
welche netzanbieter haben d1,"Informational, Commercial",43,90,27,2.76,"Sitelinks, AI Overview, Reviews, Video, People also ask, Related searches, Ads bottom, Ads middle"
welcher dsl anbieter ist am besten,Commercial,46,90,37,2.30,"AI Overview, Reviews, Video, People also ask, Related searches, Ads top, Ads middle"
welcher iptv player ist der beste,Commercial,54,90,,0.00,"AI Overview, Reviews, Video, People also ask, Related searches"
welcher ist der beste internetanbieter,Commercial,50,90,,1.90,"AI Overview, Reviews, People also ask, Related searches, Ads bottom, Ads middle"
welcher ist der beste router,Commercial,43,90,26,0.41,"Sitelinks, Reviews, Video, Video carousel, People also ask, Related searches, Ads top, Ads bottom"
welcher netzanbieter ist der beste,Commercial,46,90,36,2.57,"Sitelinks, AI Overview, Reviews, Video, Video carousel, Short videos, People also ask"
welcher router,Commercial,43,90,19,1.15,"Sitelinks, Reviews, Video, People also ask, Related searches, Popular products"
welcher streamingdienst ist der beste,Commercial,44,90,30,1.46,"AI Overview, Reviews, Video, Video carousel, People also ask, Related searches"
welcher telefonanbieter hat das beste netz,Commercial,50,90,27,2.10,"AI Overview, Reviews, Video, Video carousel, Short videos, People also ask, Related searches, Ads top, Ads middle"
welches ist das beste telefonnetz,Commercial,41,90,30,1.58,"Featured snippet, Sitelinks, Reviews, Video, Short videos, People also ask, Related searches, Ads middle"
welches netz ist am besten,Commercial,40,90,35,2.79,"Sitelinks, AI Overview, Reviews, Video, Video carousel, Short videos, People also ask, Related searches, Ads bottom, Ads middle"
wer bietet kabelfernsehen an,"Informational, Commercial",50,90,19,0.80,"AI Overview, Video, People also ask, Related searches, Ads bottom, Ads middle"
wieviel kostet waipu tv,"Informational, Transactional",40,90,50,0.06,"Sitelinks, AI Overview, Reviews, People also ask, Related searches"
wifi angebote,Commercial,42,90,49,4.02,"Reviews, Video, People also ask, Related searches"
wifi für zuhause,Commercial,43,90,40,5.12,"Reviews, Video, People also ask, Related searches, Ads top, Ads bottom"
wifi geräte,Commercial,38,90,16,1.32,"Reviews, Video, Video carousel, People also ask, Related searches, Popular products"
wlan 1000 mbit,Commercial,38,90,27,4.69,"Reviews, Video, People also ask, Related searches, Ads top, Ads bottom"
wlan anschluss telekom,Transactional,37,90,34,2.62,"AI Overview, Reviews, Video, Video carousel, People also ask, Related searches, Ads top, Ads bottom"
wlan billig,Commercial,38,90,32,3.59,"Reviews, Video, People also ask, Related searches, Popular products, Ads top, Ads middle"
wlan fernseher kaufen,Transactional,41,90,22,0.29,"Video, People also ask, Related searches, Popular products, Ads bottom"
wlan für die wohnung,Commercial,43,90,31,5.77,"Reviews, Video, People also ask, Related searches, Ads top, Ads middle"
wlan günstige angebote,Commercial,40,90,38,3.11,"Reviews, Video, People also ask, Related searches, Popular products, Ads top, Ads middle"
wlan router für fernseher,Commercial,46,90,21,0.95,"Video, Video carousel, People also ask, Related searches, Popular products, Ads top, Ads middle"
wlan router große reichweite,Commercial,41,90,24,0.39,"Sitelinks, Reviews, Video, People also ask, Related searches, Popular products, Ads bottom"
wlan router kaufen günstig,Transactional,41,90,32,1.83,"Sitelinks, Reviews, Video, People also ask, Local pack, Related searches, Popular products, Ads top, Ads bottom"
wlan router kosten,Commercial,39,90,28,1.13,"Reviews, People also ask, Related searches, Popular products, Ads bottom"
wlan router mit größter reichweite,Commercial,44,90,26,0.25,"Sitelinks, Reviews, Video, People also ask, Related searches, Popular products, Ads middle"
wlan router preis,Transactional,41,90,44,1.02,"Reviews, People also ask, Related searches, Popular products"
wlan tv empfänger,Commercial,44,90,19,0.33,"Video, People also ask, Related searches, Popular products, Ads bottom"
wlan vertrag studenten,Commercial,39,90,28,4.47,"Related searches, Ads top, Ads middle"
wo kann ich waipu tv kaufen,Transactional,48,90,45,0.28,"Reviews, People also ask, Local pack, Related searches"
zattoo test,Commercial,27,90,22,1.83,"Sitelinks, AI Overview, Reviews, Video, People also ask, Related searches"
вай фай роутер,"Informational, Commercial",34,90,37,2.04,"Reviews, Image pack, Video, Video carousel, People also ask, Related searches, Popular products"
.fritz.box login,Commercial,46,70,30,2.30,"AI Overview, Reviews, Video, People also ask, Related searches"
02 internet verfügbarkeit,Commercial,38,70,24,0.85,"Reviews, People also ask, Related searches, Ads top, Ads middle"
1&1 tv box alternative,"Informational, Commercial",49,70,23,0.40,"AI Overview, Video, People also ask, Related searches"
1&1 tv sender,Commercial,50,70,26,0.77,"AI Overview, Reviews, Video, People also ask, Related searches"
1&1tv und filme,"Informational, Transactional",50,70,34,0.76,"Reviews, Video, People also ask, Related searches"
1und1 hd tv senderliste,"Navigational, Transactional",48,70,25,0.00,"Reviews, People also ask, Related searches"
1und1 tv app windows,"Informational, Transactional",43,70,24,0.00,"AI Overview, Reviews, Video, People also ask, Related searches"
1und1 tv box kaufen,Transactional,55,70,29,0.00,"Reviews, Video, People also ask, Related searches"
400g internetanbindung,"Informational, Commercial",47,70,15,0.00,"Reviews, Video, Related searches"
5g box telekom,"Navigational, Transactional",48,70,,0.70,"Sitelinks, Reviews, Video, People also ask, Related searches, Popular products"
5g internet zuhause monatlich kündbar,Commercial,47,70,31,1.63,"Sitelinks, Reviews, Video, Related searches, Ads top, Ads middle"
abdeckung lte telekom,"Informational, Transactional",40,70,50,1.32,"Reviews, People also ask, Related searches"
abo kosten netflix,"Informational, Transactional",47,70,44,0.94,"AI Overview, People also ask, Related searches"
abo preise netflix,Transactional,47,70,46,0.94,"AI Overview, Reviews, Video, People also ask, Related searches"
alle internetanbieter,Commercial,50,70,34,2.68,"Sitelinks, AI Overview, Reviews, Video, People also ask, Related searches, Ads bottom, Ads middle"
alternativen zu magenta tv,Commercial,47,70,19,0.69,"AI Overview, Video, People also ask, Related searches, Ads top"
amazon fire tv stick waipu,"Informational, Transactional",40,70,20,0.00,"Image, Video, People also ask, Related searches"
amazon fire tv stick welche sender,Commercial,46,70,12,0.92,"Sitelinks, AI Overview, Video, Video carousel, People also ask, Related searches, Ads middle"
anbieter fernsehen über internet,Commercial,71,70,41,1.82,"AI Overview, Reviews, Video, People also ask, Related searches, Ads top, Ads middle"
anbieter internet telefon tv,Commercial,49,70,48,1.26,"AI Overview, Reviews, Video, People also ask, Related searches, Ads top, Ads middle"
anbieter internet tv telefon,Commercial,51,70,43,1.26,"Sitelinks, AI Overview, Reviews, Video, People also ask, Related searches, Ads top, Ads middle"
anbieter telefon internet tv,Commercial,51,70,41,1.26,"Sitelinks, AI Overview, Reviews, Video, People also ask, Related searches, Ads top, Ads middle"
anbieter tv telefon internet,Commercial,49,70,43,1.14,"Sitelinks, AI Overview, Reviews, Video, People also ask, Related searches, Ads top, Ads middle"
android hdmi stick,"Informational, Commercial",42,70,23,0.33,"Video, Video carousel, People also ask, Related searches, Popular products"
android stick hdmi,Commercial,37,70,23,0.33,"Reviews, Video, People also ask, Related searches, Popular products"
android tv sticks,"Informational, Commercial",49,70,35,0.45,"Sitelinks, Video, Video carousel, People also ask, Related searches, Popular products"
angebot fernsehen internet telefon,Commercial,47,70,44,0.00,"Reviews, Video, People also ask, Related searches"
angebote telefon internet,Commercial,45,70,60,1.49,"AI Overview, Reviews, Video, People also ask, Related searches, Ads top, Ads middle"
anmelden bei magenta tv,Transactional,53,70,37,4.10,"Featured snippet, Reviews, Video carousel, People also ask, Related searches"
aplle tv box,"Navigational, Transactional",50,70,49,0.30,"Sitelinks, Video, People also ask, Related searches, Popular products"
app magenta tv,Commercial,40,70,54,0.00,"AI Overview, Reviews, Video carousel, People also ask, Related searches, Ads top"
apple tv magenta tv app,"Informational, Transactional",49,70,47,4.92,"Reviews, Video, People also ask, Related searches"
ausbaukarte telekom,"Navigational, Transactional",33,70,34,4.81,"Reviews, Video, People also ask, Related searches"
best iptv player for android,Commercial,43,70,47,0.00,"Sitelinks, AI Overview, Reviews, Video, Video carousel, People also ask, Related searches"
best iptv providers,"Informational, Commercial",51,70,49,0.00,"Featured snippet, Sitelinks, Video, Video carousel, People also ask, Related searches"
best router 2025,Commercial,31,70,40,0.00,"Sitelinks, Reviews, Video, People also ask, Related searches"
beste anbieter internet,Commercial,50,70,38,2.90,"Sitelinks, AI Overview, Reviews, Video, Video carousel, People also ask, Related searches, Ads bottom, Ads middle"
beste netzanbieter,Commercial,46,70,41,2.51,"Sitelinks, AI Overview, Reviews, Video, Short videos, People also ask, Related searches"
beste streaming dienst,Commercial,54,70,35,1.89,"AI Overview, Reviews, Video, People also ask, Related searches"
beste streaming seiten,Commercial,41,70,28,1.99,"Sitelinks, AI Overview, People also ask, Related searches"
beste streaming-dienste,Commercial,54,70,40,1.71,"Sitelinks, AI Overview, Reviews, Video, People also ask, Related searches, Ads bottom"
besten streaming dienste,Commercial,44,70,37,1.89,"AI Overview, Reviews, Video, People also ask, Related searches, Ads middle"
bester handy empfang,Commercial,45,70,34,0.82,"Sitelinks, AI Overview, Reviews, Video, People also ask, Related searches"
bester internet router,Commercial,39,70,28,0.95,"Sitelinks, Reviews, Video, Video carousel, People also ask, Related searches, Popular products, Ads bottom"
bester internet tv anbieter,Commercial,55,70,39,2.11,"Sitelinks, AI Overview, Reviews, Video, People also ask, Related searches, Ads top, Ads middle"
bester internetanbieter für meine adresse,Commercial,50,70,44,2.93,"AI Overview, Reviews, Video, People also ask, Related searches, Ads top, Ads middle"
bester netzanbieter,Commercial,44,70,30,2.04,"AI Overview, Reviews, Video, People also ask, Related searches, Ads bottom, Ads middle"
billig internet für zuhause,Commercial,44,70,59,2.25,"AI Overview, Reviews, Video, People also ask, Related searches, Ads top, Ads bottom"
billiger internet zu hause,"Informational, Commercial",47,70,48,2.72,"AI Overview, Reviews, Video, People also ask, Related searches, Ads top, Ads middle"
billigste dsl anbieter,"Informational, Commercial",50,70,36,1.66,"Sitelinks, AI Overview, Reviews, Video, People also ask, Related searches, Ads top, Ads middle"
black friday dsl angebote,Commercial,40,70,23,0.00,"Reviews, People also ask, Related searches"
bobres iptv,Transactional,59,70,0,0.00,"People also ask, Related searches"
box internet tv,Commercial,49,70,16,1.90,"Reviews, Video, People also ask, Related searches, Popular products"
bundesliga im ausland streamen,Commercial,48,70,27,1.32,"Sitelinks, Reviews, Video, People also ask, Related searches"
bundesliga über vpn,Commercial,41,70,20,0.00,"Sitelinks, Reviews, Video, Related searches"
business internet vergleich,Commercial,50,70,26,5.59,"Sitelinks, Related searches, Ads top, Ads bottom"
check 24 dsl vergleich,"Navigational, Commercial",50,70,53,2.04,"Sitelinks, Reviews, Video, People also ask, Related searches"
chromecast amazon fire stick,Commercial,41,70,28,0.35,"Sitelinks, Reviews, Video, People also ask, Related searches, Popular products"
ctv vs ott advertising,"Informational, Commercial",49,70,19,0.00,"Reviews, Video, Video carousel, People also ask, Related searches"
d netz angebote,"Informational, Commercial",47,70,28,2.54,"Sitelinks, Reviews, Video, People also ask, Related searches"
datentarife unlimited,Commercial,36,70,27,2.89,"Sitelinks, Reviews, Video, People also ask, Related searches"
dazn oder sky,Commercial,41,70,35,0.00,"Reviews, Video, People also ask, Related searches"
der günstigste internetanbieter,Commercial,50,70,37,1.37,"Reviews, Video, People also ask, Related searches, Ads top, Ads middle"
deutsche fernsehen kostenlos ohne anmeldung,"Navigational, Transactional",38,70,50,0.00,"Sitelinks, AI Overview, Reviews, Video, People also ask, Related searches"
deutsche glasfaser anmeldung,"Navigational, Transactional",47,70,,1.40,"AI Overview, Reviews, Video, People also ask, Related searches"
deutsche glasfaser bewertungen,Commercial,37,70,21,1.64,"Sitelinks, AI Overview, Reviews, Video, People also ask, Related searches"
deutsche glasfaser router kaufen,"Navigational, Transactional",47,70,18,0.33,"Sitelinks, Reviews, Video, People also ask, Related searches, Popular products"
deutsche glasfaser test,Commercial,47,70,26,0.30,"AI Overview, Reviews, Video, People also ask, Related searches, Ads top, Ads bottom"
deutsche glasfaser verstärker,Transactional,47,70,19,0.40,"Sitelinks, Image pack, Video, People also ask, Related searches"
deutsche glasfaser wholesale,"Informational, Transactional",47,70,30,0.85,"Reviews, People also ask, Knowledge panel, Related searches, Ads middle"
deutsche iptv,"Informational, Commercial",71,70,20,0.00,"AI Overview, Video, Related searches"
die beste internetanbieter,Commercial,50,70,,1.74,"AI Overview, Reviews, Video, Video carousel, People also ask, Related searches"
die besten internet anbieter,Commercial,50,70,,1.74,"AI Overview, Reviews, Video, People also ask, Related searches, Ads bottom, Ads middle"
die besten tv sticks,Commercial,49,70,26,0.54,"Sitelinks, Reviews, Video, Video carousel, People also ask, Related searches, Popular products, Ads bottom"
digitaler kabelanschluss,Commercial,48,70,25,1.50,"AI Overview, Reviews, Video, People also ask, Related searches, Ads bottom, Ads middle"
dls internet,"Informational, Commercial",39,70,50,5.45,"AI Overview, Reviews, Video, People also ask, Related searches"
dsl anbieter im vergleich,Commercial,39,70,45,2.48,"Sitelinks, Reviews, Video, People also ask, Related searches, Ads top, Ads middle"
dsl anschluss angebote,Commercial,43,70,47,4.44,"AI Overview, Reviews, Video, Related searches, Ads top, Ads middle"
dsl anschluss computer,Commercial,47,70,10,0.00,"Sitelinks, Reviews, Video, People also ask"
dsl anschluss kosten,Commercial,42,70,40,1.04,"AI Overview, Reviews, Video, People also ask, Related searches, Ads bottom, Ads middle"
dsl anschluss preisvergleich,Commercial,47,70,45,3.44,"Sitelinks, AI Overview, Reviews, Video, People also ask, Related searches"
dsl flat vergleich,Commercial,50,70,46,3.94,"Sitelinks, AI Overview, Reviews, Video, Related searches, Ads middle"
dsl flatrate vergleich,Commercial,50,70,42,1.40,"Sitelinks, Reviews, Video, People also ask, Related searches, Ads bottom"
dsl für zu hause,Commercial,47,70,50,5.50,"Video, People also ask, Related searches, Popular products, Ads top, Ads middle"
dsl günstig anbieter,"Informational, Commercial",50,70,37,2.22,"Sitelinks, AI Overview, Video, People also ask, Related searches, Ads top, Ads middle"
dsl modem mit router,Commercial,42,70,31,0.60,"Sitelinks, Reviews, Video, Video carousel, People also ask, Related searches"
dsl monatlich kündbar telekom,Transactional,40,70,33,2.67,"Reviews, People also ask, Related searches"
dsl router mit modem,Commercial,43,70,30,0.60,"Sitelinks, Reviews, Video, People also ask, Related searches, Popular products, Ads bottom"
dsl und telefon flat,Commercial,47,70,20,0.00,"Reviews, Video, People also ask, Related searches, Ads middle"
dsl vergleich monatlich kündbar,Commercial,47,70,36,3.65,"AI Overview, Reviews, Related searches"
dsl vertrag mit fernseher,Commercial,50,70,22,2.62,"AI Overview, Reviews, Video, Related searches, Ads top, Ads middle"
dsl vetrag,Commercial,38,70,51,5.95,"Reviews, Video, Related searches, Ads top, Ads middle"
dsl wireless modem router,Commercial,38,70,31,0.60,"Reviews, Video, People also ask, Related searches, Popular products"
dsl zuhause günstig,Commercial,47,70,41,2.96,"Sitelinks, Reviews, Video, People also ask, Related searches, Ads middle"
dsl-internet,Commercial,40,70,45,5.46,"AI Overview, Reviews, Video, People also ask, Related searches"
entertain plus,Commercial,35,70,19,1.95,"Reviews, Video, People also ask, Related searches"
entrnet,Commercial,38,70,62,4.71,"Reviews, Image pack, Video, People also ask, Local pack, Related searches"
erfahrungen telekom hybrid,Commercial,48,70,16,4.23,"Sitelinks, AI Overview, Video, People also ask, Related searches, Ads top, Ads bottom"
europe iptv,Commercial,50,70,18,0.75,"Video, People also ask, Related searches"
fernseh kabelanbieter,Commercial,50,70,38,1.37,"AI Overview, Reviews, Video, People also ask, Related searches, Ads top, Ads middle"
fernseh live rtl,"Navigational, Transactional",50,70,59,0.65,"Reviews, Video, People also ask, Related searches"
fernseh online schauen kostenlos,Commercial,39,70,51,0.85,"Reviews, Image, Video, People also ask, Related searches, Ads bottom"
fernseh über internet anbieter,"Informational, Commercial",71,70,35,1.82,"AI Overview, Reviews, Video, People also ask, Related searches, Ads top, Ads middle"
fernsehanbieter kabel,Commercial,47,70,33,1.25,"Reviews, Video, People also ask, Related searches"
fernsehen am computer,"Informational, Commercial",41,70,16,0.42,"AI Overview, Reviews, Video, People also ask, Related searches, Ads bottom, Ads middle"
fernsehen am ipad kostenlos,Commercial,46,70,30,0.39,"AI Overview, Reviews, Video, Video carousel, People also ask, Related searches, Ads top, Ads middle"
fernsehen auf dem computer,"Informational, Commercial",45,70,17,0.42,"AI Overview, Reviews, Video, People also ask, Related searches, Ads top, Ads middle"
fernsehen auf den pc,Commercial,46,70,21,0.55,"Video, Video carousel, People also ask, Related searches"
fernsehen auf ipad kostenlos,"Informational, Commercial",42,70,31,0.39,"AI Overview, Reviews, Video, Video carousel, People also ask, Related searches, Ads bottom, Ads middle"
fernsehen im internet ohne anmeldung kostenlos,Transactional,39,70,40,0.00,"AI Overview, Reviews, Video, People also ask, Related searches"
fernsehen in deutschland,"Informational, Transactional",37,70,47,1.67,"Sitelinks, Reviews, Video, People also ask, Knowledge panel, Related searches"
fernsehen ipad kostenlos,"Informational, Commercial",46,70,33,0.38,"AI Overview, Reviews, Video, People also ask, Related searches, Ads bottom, Ads middle"
fernseher kaufen mit wlan,Transactional,39,70,25,0.30,"Sitelinks, Video, People also ask, Local pack, Related searches, Popular products"
fernseher mit magenta tv,Transactional,41,70,39,1.57,"Reviews, Video, Video carousel, People also ask, Related searches"
fernseher satellit kabel,Commercial,50,70,12,0.17,"Image pack, Video, Video carousel, People also ask, Related searches, Popular products"
fernsehschauen online,Commercial,43,70,74,1.57,"AI Overview, Reviews, Video, People also ask, Related searches, Ads top"
fernsehsender im internet,Commercial,48,70,59,0.80,"AI Overview, Reviews, Video, People also ask, Related searches, Ads top, Ads middle"
fester internetanschluss,Commercial,47,70,48,0.00,"Reviews, Video, People also ask, Related searches"
festnetz internet vertrag,Commercial,44,70,42,2.65,"AI Overview, Reviews, Video, People also ask, Related searches, Ads top, Ads middle"
festnetz verfügbarkeit telekom,Transactional,39,70,19,2.11,"Reviews, People also ask, Related searches, Ads top, Ads bottom"
festnetz wlan,Commercial,39,70,43,2.29,"Reviews, Video, Related searches"
fiberglas internet,Commercial,40,70,41,2.06,"Reviews, Video, Video carousel, People also ask, Related searches, Ads top, Ads middle"
filme digital kaufen,Transactional,40,70,16,1.40,"Sitelinks, AI Overview, Video, People also ask, Related searches, Ads bottom"
fire tv stick 4k max nachfolger,Commercial,37,70,22,0.29,"Sitelinks, Reviews, Video, People also ask, Related searches"
free internet tv streaming,"Informational, Commercial",40,70,48,1.35,"AI Overview, Reviews, Video, Related searches, Ads bottom"
free tv online streaming,Commercial,37,70,50,1.69,"AI Overview, Reviews, Video, Related searches"
free watch online tv,Commercial,34,70,90,0.63,"Reviews, Video, People also ask, Related searches"
fritz anmelden,Transactional,37,70,28,0.68,"Video, People also ask, Related searches"
fritz box interface,"Navigational, Transactional",41,70,28,0.00,"Sitelinks, Video, People also ask, Related searches, Popular products"
fritzbox für glasfaser kaufen,Transactional,41,70,29,0.29,"Reviews, People also ask, Related searches, Popular products"
fritzbox hybrid 5g,Commercial,42,70,18,0.45,"Video, People also ask, Related searches, Ads bottom"
frtizbox login,Transactional,46,70,,2.30,"Reviews, Video, People also ask, Related searches"
giga tv mobile app,Commercial,49,70,28,1.41,"AI Overview, Reviews, Video, Video carousel, People also ask, Related searches, Ads bottom, Ads middle"
gigabit glasfaser,Commercial,40,70,46,1.16,"Reviews, Video, Video carousel, People also ask, Related searches"
glasfaser fernsehanschluss,"Informational, Commercial",52,70,14,0.91,"Sitelinks, AI Overview, Image, Image pack, Video, Video carousel, People also ask, Related searches, Ads bottom, Ads middle"
gratis fernseh schauen,Commercial,39,70,35,0.62,"Reviews, Video, People also ask, Related searches"
gratis online fernsehen,Commercial,44,70,34,0.89,"AI Overview, Reviews, Video, People also ask, Related searches, Ads middle"
gratis rtl schauen,Commercial,41,70,50,1.38,"Sitelinks, AI Overview, Reviews, Video, People also ask, Ads top, Ads middle"
gratis serie,Commercial,33,70,37,0.49,"AI Overview, Reviews, People also ask, Related searches"
greatestiptv .com,"Navigational, Transactional",47,70,0,0.00,"Reviews, Video"
gute wlan router,Commercial,43,70,22,1.14,"Sitelinks, Video, Video carousel, People also ask, Related searches"
günstig tv schauen,Commercial,47,70,53,2.39,"Sitelinks, Reviews, Video, Video carousel, People also ask, Related searches"
günstige router,Commercial,40,70,27,1.58,"Sitelinks, Reviews, People also ask, Related searches, Popular products"
günstiger dsl router,Commercial,38,70,21,1.89,"Reviews, Video, People also ask, Related searches, Popular products"
günstiger router,Commercial,42,70,25,1.79,"Reviews, Video, People also ask, Related searches, Popular products, Ads top, Ads bottom"
günstigster d1 tarif,Commercial,47,70,24,2.17,"Sitelinks, Video, People also ask, Related searches"
günstigster festnetzanschluss,Commercial,42,70,35,0.79,"Reviews, People also ask, Related searches, Ads top, Ads bottom"
günstigster internet anbieter,Commercial,44,70,44,2.59,"Reviews, Video, People also ask, Related searches"
handy vertrag unbegrenztes datenvolumen,Commercial,49,70,32,0.00,"Video, People also ask, Related searches, Ads top, Ads bottom"
handytarif vergleich monatlich kündbar,Commercial,47,70,28,3.13,"Sitelinks, Reviews, Related searches"
handytarife 30 gb,Commercial,47,70,35,2.44,"Reviews, Video, People also ask, Related searches, Ads top, Ads middle"
handytarife vergleich monatlich kündbar,Commercial,47,70,31,3.13,"Sitelinks, Reviews, People also ask, Related searches"
handyvertrag 100 mbit,"Informational, Commercial",47,70,16,3.01,"Sitelinks, AI Overview, Reviews, Video, People also ask, Related searches, Ads bottom, Ads middle"
handyvertrag mit unlimited datenvolumen,Commercial,49,70,25,2.96,"Sitelinks, Video, Related searches"
haus internetangebote,Commercial,47,70,50,2.66,"AI Overview, Reviews, Video, People also ask, Related searches, Ads top, Ads bottom"
hausanschluss internet beantragen,"Informational, Commercial",47,70,18,2.84,"AI Overview, Reviews, Video, People also ask, Related searches, Ads bottom, Ads middle"
hd karte für kabelfernsehen vodafone,Transactional,38,70,30,0.00,"Reviews, People also ask, Related searches"
hd receiver für fernseher,Commercial,50,70,30,0.45,"Video, People also ask, Related searches, Popular products"
hd receiver mit festplatte,"Informational, Commercial",37,70,12,0.08,"Video, People also ask, Related searches"
hd reciever,Commercial,36,70,23,0.54,"Video, Video carousel, People also ask, Related searches, Popular products, Ads bottom"
hdmi smart tv stick,Commercial,39,70,25,0.64,"Sitelinks, Reviews, Video, People also ask, Related searches, Popular products"
hdmi streaming stick,Commercial,41,70,31,0.50,"Sitelinks, Reviews, Video, People also ask, Related searches, Popular products, Ads middle"
home internet deutschland,Commercial,43,70,64,3.76,"Reviews, Video, Related searches"
hybrid 5g,Commercial,37,70,19,1.90,"AI Overview, Reviews, Image pack, Video, Video carousel, Short videos, People also ask, Related searches, Ads top, Ads bottom"
hybrid internet telekom,"Informational, Transactional",48,70,25,2.78,"Video, Video carousel, People also ask, Related searches, Ads top, Ads middle"
illegale film,Commercial,34,70,14,0.00,"Reviews, Video, Video carousel, People also ask, Related searches"
inet vergleich,Commercial,39,70,49,5.26,"Sitelinks, Reviews, Video, People also ask, Related searches"
ingyenes tv,Commercial,38,70,38,2.58,"Reviews, Video, People also ask, Related searches"
inrenet,Commercial,39,70,63,4.71,"Reviews, Image pack, Video, People also ask, Local pack, Related searches"
inteenet,Commercial,40,70,60,4.71,"Reviews, Video, People also ask, Related searches, Ads top, Ads bottom"
internet & tv anbieter,Commercial,52,70,49,2.44,"AI Overview, Reviews, Video, People also ask, Related searches"
internet angebot vergleich,Commercial,50,70,53,2.66,"Video, People also ask, Related searches, Ads top, Ads bottom"
internet angebote vergleichen,Commercial,44,70,51,2.69,"AI Overview, Reviews, Video, People also ask, Related searches"
internet anschluss monatlich kündbar,Commercial,47,70,35,5.89,"Reviews, Video, Related searches, Ads top, Ads middle"
internet beantragen neue wohnung,Commercial,46,70,27,8.07,"Sitelinks, AI Overview, Reviews, Video, People also ask, Related searches, Ads top, Ads middle"
internet berlin vergleich,Commercial,41,70,30,5.13,"AI Overview, Reviews, Video, People also ask, Related searches, Ads top, Ads middle"
internet beste,Commercial,42,70,42,4.31,"Reviews, Video, People also ask, Related searches"
internet fernsehen receiver,Commercial,46,70,17,1.75,"Sitelinks, Reviews, Video, People also ask, Related searches, Popular products, Ads bottom"
internet festnetz vertrag,Commercial,45,70,52,2.95,"Reviews, Video, People also ask, Related searches, Ads top, Ads bottom"
internet flat mit festnetz,"Informational, Commercial",47,70,38,1.84,"AI Overview, Reviews, Video, People also ask, Related searches, Ads top, Ads middle"
internet für daheim,Commercial,45,70,49,4.67,"Reviews, Video, People also ask, Related searches"
internet für fernseher,Commercial,49,70,35,1.63,"Reviews, Video, People also ask"
internet home angebote,Commercial,47,70,50,3.97,"AI Overview, Reviews, Video, People also ask, Related searches, Ads top, Ads bottom"
internet mit festnetz flat,"Informational, Commercial",47,70,36,1.84,"AI Overview, Reviews, Video, Related searches"
internet möglichkeiten,Commercial,45,70,43,1.61,"Reviews, Video, Video carousel, People also ask, Related searches, Ads top, Ads bottom"
internet ohne anschluss monatlich kündbar,Commercial,47,70,36,2.83,"Video, Related searches, Ads top, Ads bottom"
internet ohne glasfaser,Commercial,48,70,19,1.36,"AI Overview, Video, People also ask, Related searches, Ads top, Ads middle"
internet ohne mindestlaufzeit,Commercial,38,70,39,5.88,"AI Overview, Reviews, Video, People also ask, Related searches, Ads top, Ads bottom"
internet provider router,Commercial,41,70,33,2.53,"AI Overview, Video, People also ask, Related searches"
internet providers in germany,"Informational, Commercial",44,70,14,3.02,"Sitelinks, AI Overview, Reviews, Video, Video carousel, People also ask, Related searches, Ads top, Ads bottom"
internet receiver für tv,Commercial,48,70,17,1.20,"Sitelinks, Reviews, Video, People also ask, Related searches, Popular products"
internet tarife dsl,Commercial,43,70,44,3.46,"AI Overview, Reviews, Video, Related searches"
internet telefon angebote,Commercial,44,70,49,1.52,"Reviews, Video, People also ask, Related searches"
internet telefon tv anbieter,Commercial,51,70,41,1.26,"AI Overview, Reviews, Video, People also ask, Related searches, Ads top, Ads middle"
internet telefon und tv,Commercial,50,70,44,1.72,"Reviews, Video, People also ask, Related searches, Ads top, Ads bottom"
internet telefon vertrag,Commercial,44,70,56,3.17,"Reviews, Video, People also ask, Related searches, Ads top, Ads middle"
internet telefonleitung,Commercial,47,70,20,2.14,"Sitelinks, AI Overview, Video, Video carousel, People also ask, Related searches, Ads bottom, Ads middle"
internet tv receiver wlan,Commercial,44,70,22,1.24,"Sitelinks, Video, People also ask, Related searches, Popular products"
internet tv telefon anbieter,"Informational, Commercial",50,70,41,1.14,"Sitelinks, AI Overview, Reviews, Video, People also ask, Related searches"
internet tv und festnetz,Commercial,47,70,49,1.45,"Video, People also ask, Related searches, Ads top, Ads middle"
internet vergelijken,Commercial,50,70,66,2.27,"Reviews, Video, People also ask, Related searches"
internet vergleich berlin,Commercial,40,70,29,6.88,"AI Overview, Reviews, Video, People also ask, Related searches"
internet vergleich glasfaser,Commercial,47,70,31,2.54,"Sitelinks, AI Overview, Reviews, Video, People also ask, Related searches"
internet vertrag ohne handy,Commercial,48,70,29,5.61,"Reviews, Video, People also ask, Related searches, Ads top, Ads middle"
internet vertrag vergleichen,Commercial,44,70,54,5.16,"Sitelinks, Reviews, Video, People also ask, Related searches, Ads top, Ads middle"
internet welcher anbieter,Commercial,50,70,,4.29,"Reviews, Video, Video carousel, People also ask, Related searches"
internetanbieter in meiner nähe,Transactional,50,70,,2.63,"Reviews, Video, People also ask, Local pack, Related searches"
internetanbieter ohne festnetz,Commercial,48,70,27,1.32,"Reviews, Video, People also ask, Related searches, Ads top, Ads middle"
internetanbieter ohne telefon,"Informational, Commercial",48,70,28,1.43,"AI Overview, Reviews, Video, Video carousel, People also ask, Related searches"
internetanschluss neu,Commercial,42,70,51,3.74,"Sitelinks, AI Overview, Reviews, Video, People also ask, Related searches, Ads top, Ads bottom"
ip tv app fire tv,"Informational, Commercial",56,70,27,0.00,"Sitelinks, AI Overview, Video, Video carousel, People also ask, Related searches"
ip tv für fire tv stick,"Informational, Commercial",56,70,11,0.00,"Sitelinks, AI Overview, Video, Video carousel, People also ask, Related searches"
ip tv germany,"Informational, Commercial",64,70,16,0.88,"AI Overview, Video, People also ask, Related searches"
ip tv pro,"Informational, Transactional",45,70,36,0.94,"Reviews, Video, Video carousel, People also ask, Related searches"
ip tv türkei,Commercial,52,70,22,0.00,"Reviews, Video, People also ask, Related searches"
iptv android tv box,"Informational, Commercial",44,70,22,0.00,"Reviews, Video, Video carousel, People also ask, Related searches, Popular products"
iptv app pc,Commercial,45,70,36,0.00,"Reviews, Video, People also ask, Related searches"
iptv boxen,Commercial,54,70,17,0.87,"Video, People also ask, Related searches, Popular products"
iptv com,"Informational, Commercial",47,70,51,0.00,"AI Overview, Reviews, People also ask, Related searches"
iptv free trail,"Informational, Commercial",52,70,0,0.00,"Sitelinks, Video, Video carousel, Related searches"
iptv m3u kaufen,Commercial,45,70,14,0.00,"AI Overview, Related searches"
iptv playlist kaufen,Commercial,52,70,8,0.00,"Video, Related searches"
iptv playlist reddit,"Navigational, Transactional",43,70,34,0.00,Related searches
iptv smart player windows,Transactional,43,70,40,0.00,"Reviews, Video, Video carousel, People also ask, Related searches"
iptv smarters pro مهكر,Commercial,46,70,7,0.00,
iptvsmater,"Informational, Transactional",43,70,40,0.83,"Reviews, Video, People also ask, Related searches"
iptvus,Commercial,53,70,42,1.20,"Reviews, People also ask"
kabel internet preisvergleich,Commercial,45,70,22,3.86,"Reviews, People also ask, Related searches"
kabel receiver hd,Commercial,38,70,15,0.50,"Reviews, Video, Video carousel, People also ask, Related searches, Popular products"
kabel receiver mit smart tv funktion,Commercial,42,70,18,0.32,"Sitelinks, Reviews, Video, People also ask, Related searches, Popular products"
kabelfernseh anschluss,"Informational, Commercial",50,70,32,1.60,"AI Overview, Reviews, Image, Image pack, Video, Video carousel, People also ask, Related searches, Ads top, Ads bottom"
kabelfernsehen hamburg,Commercial,38,70,12,1.14,"AI Overview, Reviews, Video, People also ask, Related searches, Ads bottom, Ads middle"
kabelinternet anschluss,"Informational, Commercial",43,70,19,4.33,"AI Overview, Reviews, Image pack, Video, Video carousel, People also ask, Related searches, Ads bottom"
kabelinternet vergleich,Commercial,50,70,22,3.69,"Video, People also ask, Related searches"
kabellos fernsehen über wlan,Commercial,45,70,20,1.01,"Sitelinks, Reviews, Video, Video carousel, People also ask, Related searches, Ads top, Ads bottom"
kaufeniptv,Commercial,52,70,2,0.89,"Video, People also ask, Ads top, Ads middle"
kostenlos fernsehen im internet ohne anmeldung,"Navigational, Transactional",39,70,32,0.00,"AI Overview, Reviews, Video, People also ask, Related searches"
kostenlos fernsehen ohne anmeldung internet,"Navigational, Transactional",40,70,32,0.00,"AI Overview, Reviews, Video, People also ask, Related searches"
kostenlos im internet fernsehen ohne anmeldung,Transactional,39,70,37,0.00,"AI Overview, Reviews, Video, People also ask, Related searches, Ads bottom"
kostenlos internet fernsehen ohne anmeldung,Transactional,43,70,30,0.00,"Reviews, Video, People also ask, Related searches"
kostenlos rtl live stream,"Navigational, Transactional",40,70,47,1.43,"Reviews, Video, People also ask, Related searches"
kostenlos serie schauen,"Informational, Commercial",48,70,47,0.46,"AI Overview, Reviews, Video, Related searches"
live stream fernsehen rtl,Transactional,50,70,46,0.56,"Reviews, Video, People also ask, Related searches"
live tv apk,"Informational, Commercial",39,70,23,0.52,"AI Overview, Reviews, Video, Related searches"
lte abdeckung telekom,Transactional,40,70,38,1.32,"Reviews, People also ask, Related searches"
lte telekom abdeckung,"Navigational, Transactional",40,70,45,1.32,"Reviews, People also ask, Related searches"
lte telekom netzabdeckung,"Informational, Transactional",40,70,34,3.03,"Reviews, People also ask, Related searches"
lte telekom verfügbarkeit,"Navigational, Transactional",41,70,53,1.14,"Reviews, People also ask, Related searches"
magenta festnetz internet,Commercial,43,70,33,2.77,"AI Overview, Reviews, Video, People also ask, Related searches"
magenta tv 1 generation vs 2 generation,"Informational, Commercial",42,70,21,6.82,"AI Overview, Reviews, Video, Video carousel, People also ask, Related searches"
magenta tv 2.0 anmelden,"Informational, Transactional",39,70,25,4.16,"Reviews, Video carousel, People also ask, Related searches"
magenta tv gerät,"Informational, Transactional",47,70,25,3.48,"Reviews, Video, Video carousel, People also ask, Related searches, Popular products"
magenta tv konto,"Informational, Transactional",47,70,43,3.78,"Reviews, Video, Video carousel, People also ask, Related searches, Ads bottom"
magenta tv mobil,Commercial,42,70,49,4.68,"AI Overview, Reviews, Video, People also ask, Related searches, Ads top"
magenta tv s,Commercial,38,70,16,3.71,"Reviews, People also ask, Related searches, Ads top"
magenta tv stick 1 generation kaufen,Transactional,48,70,18,0.07,"Video, People also ask, Related searches, Ads bottom"
magenta tv stick 4k,Commercial,48,70,22,0.20,"Video, People also ask, Related searches, Popular products"
magenta tv verfügbarkeit,Commercial,47,70,48,1.48,"Reviews, People also ask, Related searches"
magenta tv vorteile,Commercial,47,70,31,3.42,"AI Overview, Video, People also ask, Related searches, Ads top"
magenta tv zusatzpakete,Commercial,46,70,33,3.77,"AI Overview, Reviews, Video, People also ask, Related searches"
magentatv box play,"Informational, Transactional",37,70,17,4.77,"Sitelinks, Reviews, Video, Video carousel, People also ask, Related searches, Popular products"
mediamarkt wlan router,"Navigational, Transactional",34,70,29,0.27,"People also ask, Related searches, Popular products"
mobil unlimited,Commercial,37,70,40,2.97,"Reviews, Video, People also ask, Related searches"
mobile internet flat für zuhause,"Informational, Commercial",47,70,32,2.16,"AI Overview, Video, People also ask, Related searches, Ads top, Ads middle"
mobile to smart tv,"Informational, Transactional",46,70,41,0.27,"Sitelinks, Reviews, Video, Video carousel, People also ask, Related searches"
mobilen wlan hotspot,Commercial,46,70,37,0.93,"Reviews, Video, Video carousel, People also ask, Related searches"
mobiler smart tv,"Informational, Commercial",46,70,23,0.27,"Video, People also ask, Related searches, Popular products"
mobiles internet für zuhause unlimited,"Informational, Commercial",47,70,30,2.66,"AI Overview, Video, People also ask, Related searches, Ads top, Ads middle"
mobilfunk d1,Commercial,47,70,30,2.92,"Sitelinks, AI Overview, Reviews, Video, People also ask, Related searches, Ads top, Ads bottom"
mobilfunk netzabdeckung o2,Commercial,47,70,27,0.18,"Image pack, People also ask, Related searches, Ads bottom"
mobilfunkkarte,Commercial,38,70,27,2.29,"AI Overview, Reviews, Video, People also ask, Related searches, Ads top, Ads middle"
mobilfunknetze test,Commercial,44,70,46,1.39,"Sitelinks, AI Overview, Reviews, Video, People also ask, Related searches"
monatlich kündbar internet für zuhause,Commercial,47,70,35,6.12,"AI Overview, Reviews, Video, Related searches, Ads middle"
monatliche kündbare handyverträge,Commercial,42,70,24,6.39,"People also ask, Related searches, Ads top, Ads middle"
nachrichten rtl von gestern,"Navigational, Transactional",32,70,45,0.00,"Video, People also ask, Related searches"
naruto kostenlos gucken,"Informational, Transactional",48,70,35,0.37,"Reviews, Image, Video, People also ask, Knowledge panel, Related searches"
netflix abokosten,"Informational, Transactional",40,70,49,1.21,"AI Overview, Reviews, Video, People also ask, Related searches"
netflix koste,"Informational, Transactional",47,70,50,0.47,"AI Overview, Reviews, Video, People also ask, Related searches"
netflix monatlich kosten,"Informational, Transactional",47,70,48,1.11,"AI Overview, Reviews, Video, People also ask, Related searches"
netflix über magenta anmelden,Transactional,53,70,19,5.02,"AI Overview, Reviews, Video, People also ask, Related searches, Ads middle"
netflix-serien liste,Commercial,33,70,43,0.03,"Sitelinks, Video, People also ask, Related searches"
netzabdeckung lte telekom,"Informational, Transactional",40,70,43,3.03,"Reviews, People also ask, Related searches"
netzabdeckung mobil,Commercial,47,70,44,1.42,"Sitelinks, Video, Video carousel, People also ask, Related searches, Ads bottom"
netzanbieter im vergleich,Commercial,50,70,41,1.59,"Sitelinks, AI Overview, Video, People also ask, Related searches"
netzanbieter vergleich,Commercial,50,70,40,1.59,"AI Overview, Video, People also ask, Related searches, Ads top, Ads middle"
netzverfügbarkeit telekom,Transactional,39,70,40,2.37,"Reviews, People also ask, Related searches"
neue serien streamen,Commercial,48,70,31,0.23,"Video, People also ask, Related searches"
nur internetanschluss,Commercial,47,70,,1.40,"AI Overview, Reviews, Video, People also ask, Related searches, Ads top, Ads bottom"
o2 netzabdeckung check,Commercial,47,70,35,0.16,"Sitelinks, AI Overview, Reviews, People also ask, Related searches"
o2tvapp,Commercial,46,70,33,0.99,"AI Overview, Reviews, Video, Video carousel, People also ask, Related searches, Ads bottom"
online deutsche fernsehen,Commercial,40,70,37,0.60,"Reviews, Video, People also ask, Related searches"
online deutsches fernsehen,Commercial,42,70,42,1.56,"Reviews, Video, People also ask, Related searches, Ads top, Ads middle"
online rtl,Transactional,50,70,71,1.54,"Video, People also ask, Top stories, Related searches"
online stream rtl,"Navigational, Transactional",42,70,36,0.97,"Sitelinks, Reviews, Video, People also ask, Related searches"
online tv recorder kostenlos,"Informational, Commercial",44,70,40,0.75,"AI Overview, Reviews, Video, People also ask, Related searches"
pc fernsehen,Commercial,43,70,18,0.56,"AI Overview, Video, People also ask, Related searches"
preisvergleich glasfaser,Commercial,47,70,31,1.73,"Sitelinks, Reviews, Video, People also ask, Related searches, Popular products, Ads top, Ads bottom"
preisvergleich kabel internet,Commercial,46,70,22,3.86,"Reviews, Video, People also ask, Related searches, Ads top, Ads middle"
preiswertes internet,Commercial,50,70,50,1.34,"Reviews, Video, People also ask, Related searches"
premium-abo netflix,"Informational, Transactional",47,70,61,1.77,"AI Overview, Reviews, Video, People also ask, Related searches"
prepaid monatlich kündbar,Commercial,47,70,22,4.23,"AI Overview, Reviews, Related searches, Ads top, Ads middle"
prosieben kostenlos stream,Commercial,36,70,30,0.45,"Reviews, Video, People also ask, Related searches"
prosieben live ohne anmelden,"Navigational, Transactional",39,70,34,0.37,"Reviews, Video, People also ask, Related searches"
receiver für hd empfang,Commercial,39,70,27,0.19,"Video, Video carousel, People also ask, Related searches, Popular products, Ads top, Ads middle"
receiver für internetfernsehen,Commercial,45,70,20,1.75,"Reviews, Video, People also ask, Related searches, Popular products"
receiver für sat schüssel,Commercial,39,70,23,0.12,"Video, People also ask, Related searches, Popular products"
receiver internet fernsehen,Commercial,47,70,18,1.75,"Sitelinks, Reviews, Video, People also ask, Related searches, Popular products"
receiver tv kabel,Commercial,37,70,18,0.39,"Reviews, Video, Video carousel, People also ask, Related searches, Popular products"
receiver ultra hd,Commercial,36,70,13,0.67,"Reviews, Video, People also ask, Related searches, Popular products"
router bestes wlan,Commercial,43,70,27,0.63,"Sitelinks, Reviews, Video, People also ask, Related searches"
router große reichweite,Commercial,42,70,23,0.33,"Sitelinks, Reviews, Video, People also ask, Related searches, Popular products"
router mit bestem wlan,"Informational, Commercial",44,70,22,0.63,"Sitelinks, Reviews, Video, Video carousel, People also ask, Related searches"
router mit der größten reichweite,Commercial,42,70,26,0.23,"Sitelinks, Reviews, Video, People also ask, Related searches, Popular products"
router mit dsl modem,Commercial,39,70,29,0.60,"Sitelinks, Reviews, Video, People also ask, Related searches, Popular products"
router mit großer reichweite,Commercial,41,70,29,0.23,"Sitelinks, Reviews, People also ask, Related searches, Popular products"
router stiftung warentest,Commercial,32,70,33,0.27,"Sitelinks, Reviews, Video, People also ask, Related searches, Ads bottom"
router.lan,"Informational, Commercial",38,70,17,1.05,"Reviews, Video, Video carousel, People also ask, Popular products"
rtl am pc schauen,Commercial,42,70,49,1.10,"Sitelinks, AI Overview, Reviews, Video, People also ask, Related searches, Ads top, Ads bottom"
rtl jetzt schauen,"Navigational, Transactional",50,70,60,0.74,"Sitelinks, Reviews, Video, People also ask, Related searches"
rtl live steam,"Navigational, Transactional",38,70,49,0.63,"Reviews, Video, People also ask, Related searches"
rtl livestrea,"Navigational, Transactional",50,70,49,0.60,"Reviews, Video, People also ask, Related searches"
rtl livestream.de,"Navigational, Transactional",50,70,60,0.96,"Reviews, Video, People also ask"
rtl livestrream,"Navigational, Transactional",50,70,48,0.60,"Reviews, Video, People also ask, Related searches"
rtl m,"Navigational, Transactional",35,70,78,0.55,"Reviews, Video, People also ask, Related searches, Ads top, Ads bottom"
rtl online tv,"Navigational, Transactional",44,70,47,0.86,"Sitelinks, Reviews, Video, People also ask, Related searches"
rtl stream live free,"Navigational, Transactional",38,70,40,1.25,"Reviews, Video, People also ask, Related searches"
rtl tv kostenlos streamen,Commercial,50,70,44,1.07,"Sitelinks, Video, People also ask, Related searches, Ads bottom"
rtl tv streaming,Transactional,50,70,66,0.97,"Sitelinks, Video, People also ask, Top stories, Related searches"
s25 mit vertrag d1 netz,Commercial,47,70,19,0.74,"Sitelinks, Related searches, Popular products, Ads top, Ads middle"
sat live stream,Commercial,36,70,35,0.51,"Reviews, Video, Related searches, Ads bottom"
sat receiver günstig,Commercial,38,70,16,0.18,"Video carousel, People also ask, Related searches, Popular products"
sat receiver mediathek,Commercial,41,70,21,0.12,"People also ask, Related searches"
sat receiver mit mediathek,Commercial,38,70,18,0.12,"People also ask, Related searches"
sat resiver,Commercial,34,70,23,0.15,"Video, Video carousel, People also ask, Related searches, Popular products"
satelliten hd,Commercial,50,70,,0.94,"AI Overview, Reviews, Video, People also ask, Related searches, Ads bottom, Ads middle"
senderliste o2 tv,Commercial,57,70,22,0.56,"AI Overview, Reviews, Video, People also ask, Related searches, Ads top, Ads bottom"
serie kostenlos anschauen,"Informational, Commercial",48,70,38,0.50,"Reviews, Video, People also ask, Related searches"
serie tv free,Commercial,34,70,29,1.30,"Sitelinks, AI Overview, Reviews, Video, People also ask, Related searches"
serienstreamer,Commercial,48,70,22,0.71,"People also ask, Related searches"
sim de internet zuhause,Transactional,47,70,18,2.09,"Video, People also ask, Related searches, Ads top, Ads middle"
sky q box kaufen,Transactional,47,70,,0.53,"Reviews, Image, People also ask, Related searches, Popular products"
sky q mini receiver,"Informational, Transactional",31,70,29,1.13,"Reviews, Video, People also ask, Related searches, Popular products"
smart tv als prämie,Commercial,41,70,15,2.19,"Reviews, Video, Related searches, Ads middle"
smart tv hdmi stick,"Informational, Commercial",49,70,24,0.52,"Sitelinks, Video, People also ask, Related searches, Popular products"
smart tv nachrüsten,"Informational, Commercial",48,70,27,0.53,"Sitelinks, Video, People also ask, Related searches, Popular products"
smart tv stick für fernseher,Commercial,46,70,28,0.48,"Sitelinks, Reviews, Video, Video carousel, People also ask, Related searches, Popular products"
smart tv stick hdmi,Commercial,39,70,28,0.64,"Sitelinks, Reviews, Video, People also ask, Related searches, Popular products"
smart tv wlan fähig,Commercial,40,70,23,0.20,"Reviews, Video, Video carousel, People also ask, Related searches, Popular products"
smart tv zum nachrüsten,Commercial,41,70,22,0.53,"Video, People also ask, Related searches, Popular products"
smarters pro app,"Informational, Commercial",46,70,38,0.42,"AI Overview, Reviews, Video, Video carousel, People also ask, Related searches"
spannende serie mediathek,"Informational, Commercial",36,70,30,0.07,"AI Overview, Video, People also ask, Related searches"
stick fernseher,Commercial,45,70,32,1.21,"Sitelinks, Reviews, Image, Image pack, Video, Video carousel, People also ask, Related searches, Popular products, Ads top, Ads middle"
stiftung warentest router,Commercial,32,70,33,0.27,"Sitelinks, Reviews, Video, People also ask, Related searches, Ads top, Ads bottom"
stream best,Commercial,33,70,57,1.10,"AI Overview, Reviews, Video, People also ask, Related searches"
stream stick,Commercial,41,70,22,1.35,"Sitelinks, Video, Video carousel, People also ask, Knowledge panel, Related searches, Popular products, Ads bottom"
stream tv series,Commercial,36,70,70,1.35,"Reviews, Video, Related searches"
streaming dienste test,Commercial,44,70,41,1.46,"Reviews, Video, People also ask, Related searches"
streaming dienste vergleichen,Commercial,54,70,36,1.60,"Reviews, Video, People also ask, Related searches, Ads middle"
streaming gerät,Commercial,41,70,28,0.63,"Sitelinks, Video, People also ask, Related searches, Popular products, Ads top, Ads middle"
streaming geräte für tv,Commercial,47,70,30,0.85,"Video, Video carousel, People also ask, Related searches"
streaming stick für tv,Commercial,49,70,,0.58,"Sitelinks, Reviews, Video, Video carousel, People also ask, Related searches, Popular products"
streaming stick hdmi,"Informational, Commercial",49,70,26,0.48,"Video, People also ask, Related searches, Popular products"
streaming sticks test,Commercial,49,70,28,0.36,"Sitelinks, Reviews, Video, People also ask, Related searches"
streaming tv stick,Commercial,49,70,28,0.81,"Sitelinks, Reviews, Video, People also ask, Related searches, Popular products, Ads top, Ads middle"
streaming tv vergleich,Commercial,49,70,39,2.11,"Sitelinks, Reviews, Video, People also ask, Related searches, Ads top, Ads middle"
streamingdienste vergleich,Commercial,45,70,36,1.60,"AI Overview, Reviews, Video, People also ask, Related searches"
t online glasfaser verfügbarkeit,Commercial,42,70,24,0.51,"Reviews, People also ask, Related searches"
tarife monatlich kündbar,Commercial,47,70,30,5.29,"AI Overview, Reviews, People also ask, Related searches, Ads top, Ads bottom"
telefon internet angebote,Commercial,44,70,57,1.52,"Reviews, Video, People also ask, Related searches"
telefon internet tv anbieter,Commercial,51,70,41,1.26,"AI Overview, Reviews, Video, People also ask, Related searches, Ads top, Ads middle"
telefon ohne festnetzanschluss,Commercial,48,70,20,0.95,"Sitelinks, AI Overview, Reviews, Video, People also ask, Related searches, Ads top, Ads middle"
telefon tv internet anbieter,Commercial,52,70,41,1.26,"Sitelinks, AI Overview, Reviews, Video, Related searches"
telefon tv und internet,Commercial,47,70,44,1.79,"Reviews, Video, People also ask, Related searches, Ads top, Ads bottom"
telefon und internet tarife telekom,Transactional,43,70,44,1.87,"Sitelinks, Reviews, People also ask, Related searches"
telefon und internet vertrag,Commercial,44,70,46,2.74,"Reviews, Video, People also ask, Related searches, Ads top, Ads middle"
telefonanschluss telekom kosten,Transactional,37,70,43,0.89,"Reviews, Video, People also ask, Related searches"
telefontarife festnetz und internet vergleich,Commercial,45,70,50,1.26,"AI Overview, Reviews, Video, People also ask, Related searches, Ads top, Ads middle"
telekom 300 glasfaser,Transactional,47,70,22,2.22,"Video, People also ask, Related searches, Ads top, Ads bottom"
telekom abdeckung lte,"Informational, Transactional",41,70,35,1.39,"Reviews, People also ask, Related searches"
telekom breitband verfügbarkeit,"Navigational, Transactional",42,70,30,2.41,"Reviews, People also ask, Related searches"
telekom dls,Transactional,38,70,34,2.87,"Reviews, Video, People also ask, Related searches, Ads top, Ads bottom"
telekom empfang karte,"Informational, Transactional",40,70,35,1.19,"AI Overview, Reviews, People also ask, Related searches"
telekom fernseh stick,"Informational, Transactional",48,70,19,0.43,"Reviews, Video, People also ask, Related searches, Popular products"
telekom glasfaser magenta tv,"Navigational, Transactional",46,70,25,1.70,"Reviews, People also ask, Related searches, Ads top, Ads bottom"
telekom hausanschluß beantragen,Transactional,47,70,28,5.54,"AI Overview, Video, People also ask, Related searches, Ads top, Ads middle"
telekom hybrid abdeckung,Transactional,48,70,31,4.37,"AI Overview, Reviews, Video, People also ask, Related searches, Ads top"
telekom hybrid dsl,Commercial,48,70,23,4.37,"AI Overview, Reviews, Video, Video carousel, People also ask, Related searches, Ads top, Ads middle"
telekom intenret,"Navigational, Transactional",47,70,33,3.82,"Reviews, Video, People also ask, Related searches"
telekom internet berlin,Transactional,39,70,33,2.87,"AI Overview, Reviews, People also ask, Related searches, Ads top, Ads middle"
telekom internet monatlich kündbar,Commercial,47,70,33,3.91,"AI Overview, Reviews, People also ask, Related searches, Ads top"
telekom internetanschluß,"Navigational, Transactional",40,70,30,2.93,"Reviews, Video, People also ask, Related searches, Ads top, Ads bottom"
telekom lte abdeckung,Transactional,39,70,38,1.39,"Reviews, People also ask, Related searches"
telekom lte netzabdeckung,"Informational, Transactional",39,70,38,3.03,"Reviews, People also ask, Related searches"
telekom lte verfügbarkeit,"Navigational, Transactional",41,70,51,1.14,"Reviews, People also ask, Related searches"
telekom magenta internet,"Navigational, Transactional",43,70,45,3.65,"Reviews, People also ask, Related searches"
telekom magenta netflix,Transactional,53,70,26,4.58,"Reviews, Video, Short videos, People also ask, Related searches, Ads top, Ads middle"
telekom netzabdeckung lte,Transactional,40,70,44,3.76,"Reviews, People also ask, Related searches"
telekom tarif festnetz,Transactional,43,70,38,1.50,"AI Overview, Reviews, Video, People also ask, Related searches, Ads top, Ads middle"
telekom wlan kosten,"Informational, Commercial",37,70,32,1.67,"AI Overview, Reviews, People also ask, Related searches"
telekom zuhause internet,Transactional,47,70,38,2.91,"People also ask, Related searches"
test streaming dienste,Commercial,47,70,37,0.87,"Reviews, Video, People also ask, Related searches"
tv go telekom,"Informational, Commercial",40,70,50,3.25,"Sitelinks, AI Overview, Reviews, People also ask, Related searches"
tv handy,"Informational, Commercial",38,70,21,0.42,"Video, Video carousel, People also ask, Related searches, Popular products, Ads top, Ads bottom"
tv internet telefon anbieter,"Informational, Commercial",49,70,39,1.14,"Sitelinks, AI Overview, Reviews, Video, People also ask, Related searches, Ads bottom, Ads middle"
tv internet und telefon,Commercial,46,70,44,1.79,"Reviews, Video, People also ask, Related searches, Ads bottom"
tv mit handy,"Informational, Transactional",40,70,32,0.51,"Sitelinks, Reviews, Image, Image pack, Video, Video carousel, People also ask, Related searches, Ads bottom"
tv ohne kabel und satellit,Commercial,49,70,27,1.03,"Reviews, Video, Video carousel, People also ask, Related searches, Popular products, Ads top, Ads bottom"
tv ohne kabelanschluss,Commercial,48,70,21,1.50,"Reviews, Video, Video carousel, People also ask, Related searches, Ads top, Ads bottom"
tv online app,"Informational, Commercial",42,70,56,2.30,"AI Overview, Reviews, Video, People also ask, Related searches"
tv pc,"Informational, Commercial",38,70,20,2.58,"Video, People also ask, Related searches, Popular products"
tv programm magenta,Transactional,35,70,29,2.03,"Reviews, Video, People also ask, Related searches"
tv receiver wlan,Commercial,41,70,23,0.88,"Sitelinks, Video, People also ask, Related searches, Popular products"
tv schauen auf dem laptop,"Informational, Commercial",45,70,15,1.00,"AI Overview, Reviews, Video, People also ask, Related searches, Ads bottom, Ads middle"
tv sender für handy,"Informational, Commercial",46,70,37,0.52,"Featured snippet, Sitelinks, Reviews, Video, People also ask, Related searches, Ads top"
tv streamen anbieter,Commercial,54,70,35,2.47,"Sitelinks, AI Overview, Video, People also ask, Related searches, Ads top, Ads middle"
tv streaming dienste vergleich,Commercial,54,70,33,1.14,"Sitelinks, Video, People also ask, Related searches, Ads top, Ads bottom"
tv telefon internet anbieter,Commercial,51,70,44,1.26,"Sitelinks, AI Overview, Reviews, Video, People also ask, Related searches, Ads bottom, Ads middle"
tv top tv,Commercial,33,70,22,0.38,"Reviews, Video, People also ask, Related searches"
türkische sender smart tv,Commercial,48,70,21,2.17,"Sitelinks, Reviews, Video, People also ask, Related searches, Ads middle"
türkisches tv,Commercial,48,70,20,1.71,"AI Overview, Video, People also ask, Related searches, Ads top, Ads bottom"
unlimited allnet flat,Commercial,36,70,17,2.69,"AI Overview, Reviews, People also ask, Related searches"
unlimited internet vertrag,Commercial,49,70,25,4.09,"AI Overview, Reviews, Video, Related searches, Ads middle"
unlimited tarif telekom,Commercial,49,70,28,1.22,"AI Overview, Video, People also ask, Related searches"
uplptv,Commercial,48,70,12,1.45,"People also ask, Related searches"
vdsl 50 telekom,"Navigational, Transactional",38,70,16,3.16,"Reviews, People also ask, Related searches"
vergleich internet provider,Commercial,44,70,47,2.94,"Sitelinks, AI Overview, Reviews, Video, People also ask, Related searches, Ads top, Ads middle"
vergleich internetprovider,Commercial,44,70,45,2.66,"AI Overview, Reviews, Video, People also ask, Related searches, Ads top, Ads middle"
vergleich netzanbieter,Commercial,50,70,43,1.59,"AI Overview, Video, People also ask, Related searches, Ads top, Ads middle"
vergleich streaming dienste musik,Commercial,54,70,29,0.44,"Sitelinks, AI Overview, Reviews, Video, People also ask, Related searches"
vertrag festnetz internet,Commercial,45,70,48,2.95,"Reviews, Video, People also ask, Related searches"
vertrag internet und telefon,Commercial,44,70,42,2.25,"Sitelinks, AI Overview, Reviews, Video, People also ask, Related searches, Ads top, Ads middle"
vertrag telefon und internet,Commercial,44,70,43,2.25,"AI Overview, Reviews, Video, People also ask, Related searches"
verträge mit d1 netz,Commercial,47,70,25,3.16,"Sitelinks, AI Overview, Reviews, Video, Related searches"
vodafon datentarife,Commercial,49,70,41,1.79,"Reviews, People also ask, Related searches, Ads top, Ads bottom"
vodafone 1 gb,Transactional,32,70,40,1.66,"Reviews, Video, People also ask, Related searches, Ads top, Ads bottom"
vodafone 1 gbit,Transactional,35,70,46,1.78,"Reviews, Video, People also ask, Related searches"
vodafone coverage map,"Navigational, Transactional",27,70,41,3.42,"People also ask, Related searches"
vodafone glasfaser-verfügbarkeit prüfen,Transactional,38,70,34,0.75,"Reviews, People also ask, Related searches"
vodafone glasfaserkabel,Transactional,35,70,41,1.05,"Reviews, Video, People also ask, Related searches"
vodafone komplettpaket,"Navigational, Transactional",40,70,48,1.22,"Reviews, People also ask, Related searches, Ads top, Ads bottom"
vodafone mobilfunkverträge,Transactional,35,70,52,2.49,"Reviews, Video, People also ask, Related searches, Ads top, Ads middle"
vodafone unbegrenzt datenvolumen prepaid,"Informational, Transactional",32,70,29,3.30,"Sitelinks, AI Overview, Reviews, Video, People also ask, Related searches"
welche internet anbieter ist der beste,Commercial,50,70,21,2.21,"AI Overview, Video, Video carousel, People also ask, Related searches"
welche telefonanbieter ist am besten,Commercial,44,70,37,1.43,"AI Overview, Reviews, Video, People also ask, Related searches"
welchen router,Commercial,51,70,,1.05,"Sitelinks, Reviews, Video, Video carousel, People also ask, Related searches, Popular products, Ads top, Ads middle"
welchen wlan router brauche ich,Commercial,51,70,14,2.39,"Sitelinks, Reviews, Video, People also ask, Related searches, Ads top, Ads bottom"
welcher internetanbieter,Commercial,47,70,30,2.54,"AI Overview, Reviews, Video, People also ask, Related searches, Ads bottom, Ads middle"
welcher ist der beste telefonanbieter,Commercial,38,70,35,1.43,"AI Overview, Reviews, Video, People also ask, Related searches"
welcher ist der beste tv stick,Commercial,49,70,27,0.65,"Sitelinks, Reviews, Video, Video carousel, People also ask, Related searches, Popular products"
welches ist der beste streamingdienst,Commercial,54,70,36,1.56,"AI Overview, Reviews, Video, People also ask, Related searches"
welches netz ist das beste in deutschland,Commercial,47,70,31,2.44,"AI Overview, Reviews, Video, People also ask, Related searches"
welches wlan ist das beste,Commercial,50,70,28,2.17,"Sitelinks, AI Overview, Reviews, Video, Video carousel, People also ask, Related searches, Ads bottom, Ads middle"
wer bietet kabel internet an,"Informational, Commercial",50,70,26,1.89,"AI Overview, Reviews, Video, People also ask, Related searches, Ads top, Ads bottom"
wer hat das beste mobilfunknetz,Commercial,43,70,37,2.35,"Sitelinks, AI Overview, Reviews, Video, Video carousel, Short videos, People also ask, Related searches"
wie kann ich mich bei magenta tv anmelden,"Informational, Transactional",53,70,,4.84,"AI Overview, Video, Video carousel, People also ask, Related searches, Ads bottom"
wieviel gb braucht man zum streamen,"Informational, Commercial",47,70,14,0.90,"AI Overview, Video, People also ask, Related searches, Ads bottom, Ads middle"
wifi fernseher,Commercial,42,70,24,0.64,"Video, People also ask, Related searches, Popular products"
wifi kaufen,Transactional,51,70,,3.16,"Reviews, Video, People also ask, Related searches, Popular products"
wlan angebote vergleich,Commercial,50,70,50,4.34,"Sitelinks, AI Overview, Reviews, Video, People also ask, Related searches, Ads top, Ads bottom"
wlan festnetz,Commercial,39,70,44,2.29,"AI Overview, Reviews, Video, People also ask, Related searches, Ads top, Ads bottom"
wlan für zu hause ohne festnetz,Commercial,48,70,30,2.61,"Reviews, Video, Video carousel, People also ask, Related searches"
wlan receiver tv,Commercial,41,70,23,0.75,"Video, People also ask, Related searches, Popular products"
wlan router telefonanschluss,Commercial,41,70,19,2.20,"Sitelinks, Reviews, Video, People also ask, Related searches, Popular products, Ads middle"
wlan verfügbarkeit,Commercial,40,70,45,2.63,"AI Overview, Video, Related searches"
wlan-hotspot,Commercial,34,70,60,1.22,"Reviews, Video, People also ask, Related searches"
woher weiß ich ob ich kabel oder dsl habe,"Informational, Commercial",39,70,22,3.97,"Sitelinks, AI Overview, Video, People also ask, Related searches"
wow mit netflix,"Informational, Commercial",40,70,25,0.86,"AI Overview, Reviews, Video, People also ask, Related searches"
www.telekom.de/magenta-tv/next-magenta-tv,Commercial,47,70,45,2.54,"Reviews, Video, People also ask, Ads top, Ads bottom"
your iptv,Commercial,47,70,17,1.00,"People also ask, Related searches"
купить роутер в германии,Commercial,38,70,38,0.94,"People also ask, Related searches, Popular products"
