Keyword,Intent,Relevance,Volume,Keyword Difficulty,CPC (USD),SERP Features
amazon fire tv stick,Transactional,40,40500,45,0.70,"Reviews, People also ask, Related searches, Popular products"
amazon fire tv,"Informational, Transactional",42,33100,44,0.70,"Reviews, People also ask, Related searches, Popular products"
chromecast,"Informational, Transactional",44,27100,50,0.36,"Reviews, Video, Video carousel, People also ask, Knowledge panel, Related searches"
lg fernseher,Transactional,39,27100,43,0.38,"People also ask, Related searches"
samsung fernseher,Commercial,37,27100,48,0.33,"Image, People also ask, Related searches, Popular products, Ads top"
samsung tv,"Informational, Transactional",41,22200,49,0.38,"People also ask, Related searches, Popular products, Ads top"
google chromecast,"Informational, Transactional",44,12100,60,0.30,"Reviews, People also ask, Related searches"
telekom angebote,Transactional,34,12100,53,0.86,"Reviews, Video, People also ask, Related searches"
amazon fire tv stick 4k,"Informational, Transactional",43,8100,41,0.66,"Reviews, People also ask, Knowledge panel, Related searches"
iptv kaufen,Commercial,47,8100,23,1.33,"Video, People also ask, Related searches"
lg oled,"Navigational, Transactional",39,8100,34,0.45,"Video carousel, People also ask, Related searches, Popular products"
sky receiver,"Informational, Transactional",42,8100,39,1.97,"Reviews, Image, Video, People also ask, Related searches, Popular products"
fire tv stick amazon fire tv stick,Transactional,41,6600,41,0.70,"People also ask, Related searches"
lg oled tv,"Informational, Transactional",40,6600,36,0.40,"People also ask, Related searches, Popular products"
lg tv,Transactional,38,6600,42,0.46,"People also ask, Related searches, Popular products"
samsung fernseher 55 zoll,Commercial,43,6600,33,0.22,"Image, People also ask, Related searches, Popular products"
amazon fire stick,"Informational, Transactional",42,5400,33,0.34,"Reviews, Image pack, People also ask, Related searches, Popular products, Ads bottom"
amazon fire tv with 4k,"Informational, Transactional",44,5400,42,0.66,"Sitelinks, Video carousel, Knowledge panel, Related searches"
amazon tv stick,"Informational, Transactional",43,5400,40,0.63,"Reviews, Video, People also ask, Related searches, Popular products"
q sky tv,"Navigational, Transactional",40,5400,37,1.44,"AI Overview, Reviews, Video, People also ask, Related searches"
samsung smart television,"Informational, Transactional",46,5400,42,0.23,"People also ask, Related searches, Popular products"
technisat digitradio,"Navigational, Transactional",40,5400,27,0.21,"Sitelinks, People also ask, Related searches"
amazon fire fire stick,"Informational, Transactional",33,4400,43,0.34,"Reviews, Video, People also ask, Related searches, Popular products"
fire stick amazon fire stick,"Informational, Transactional",37,4400,37,0.34,"Reviews, Video, Video carousel, People also ask, Related searches"
lg oled 55 zoll,Transactional,46,4400,34,0.36,"Reviews, People also ask, Related searches, Popular products"
lg televizija,"Informational, Transactional",43,4400,43,0.46,"Video, People also ask, Related searches, Popular products"
lg televízió,Commercial,37,4400,27,0.46,"Reviews, Video, Related searches"
lg tv lg tv lg tv,Transactional,39,4400,42,0.46,"Reviews, Video, People also ask, Knowledge panel, Related searches"
samsung 55 zoll fernseher,Commercial,45,4400,32,0.21,"People also ask, Related searches, Popular products"
samsung smart televizor,"Informational, Transactional",42,4400,41,0.23,"Reviews, People also ask, Related searches, Popular products"
samsung tv 55 zoll,Commercial,43,4400,32,0.26,"People also ask, Related searches, Popular products"
television android tv,"Informational, Transactional",49,4400,23,0.32,"Reviews, Video, People also ask, Knowledge panel, Related searches, Popular products"
dvb t2 antenne,"Informational, Commercial",35,3600,28,0.17,"Reviews, Video, People also ask, Related searches, Popular products"
fernseher über 70 zoll,"Informational, Commercial",47,3600,27,0.25,"Reviews, Video, People also ask, Related searches, Popular products"
fire for tv,"Informational, Transactional",42,3600,28,0.43,"Reviews, Image pack, Video, Video carousel, People also ask, Related searches, Popular products"
lg fernseher 55 zoll,Commercial,45,3600,38,0.35,"People also ask, Related searches, Popular products"
amazon fire amazon,"Informational, Transactional",40,2900,44,0.11,"Reviews, People also ask, Related searches, Popular products"
apple tv 4k 2025,"Informational, Transactional",38,2900,40,0.25,"Video, People also ask, Related searches, Popular products"
dvb t welche antenne,"Informational, Commercial",37,2900,30,0.27,"Reviews, People also ask, Related searches, Popular products"
fernseher samsung,Transactional,39,2900,42,0.23,"Image, People also ask, Related searches, Popular products"
oled 55 zoll lg,"Informational, Transactional",47,2900,34,0.36,"Reviews, People also ask, Related searches, Popular products"
oled tv 55 zoll,Commercial,49,2900,26,0.30,"Reviews, Video, People also ask, Related searches, Popular products, Ads top, Ads bottom"
roku tv,"Navigational, Transactional",43,2900,39,0.54,"Sitelinks, Reviews, Video, People also ask, Related searches"
telekom tv,"Navigational, Transactional",36,2900,45,3.00,"Sitelinks, Reviews, Image, Video, People also ask, Related searches, Ads top, Ads bottom"
amazon fire stick amazon,"Informational, Transactional",44,2400,37,0.35,"Reviews, Video carousel, People also ask, Related searches, Popular products, Ads bottom"
apple fernseher,"Informational, Transactional",38,2400,49,0.20,"Reviews, Image pack, Video, People also ask, Related searches, Popular products"
dvb t mobil,Commercial,39,2400,26,0.00,"Reviews, Video, People also ask, Related searches, Popular products"
fernseher 32 zoll samsung smart tv,Commercial,43,2400,26,0.19,"People also ask, Related searches, Popular products"
iptv german,Commercial,49,2400,37,1.10,"AI Overview, People also ask, Related searches"
lg smart tv,"Informational, Transactional",43,2400,40,0.28,"Video, People also ask, Related searches, Popular products, Ads bottom"
receiver für telekom,"Informational, Transactional",40,2400,26,2.06,"Reviews, Video, People also ask, Related searches, Popular products"
satellite receiver hd,"Informational, Commercial",46,2400,21,0.16,"Video, Video carousel, People also ask, Related searches, Popular products"
telekom fernsehen,"Navigational, Transactional",34,2400,47,2.61,"Sitelinks, Reviews, Video, People also ask, Related searches"
telekom receiver,"Navigational, Transactional",42,2400,29,2.06,"Reviews, Video, Video carousel, People also ask, Related searches, Popular products"
tv samsung,"Informational, Transactional",44,2400,43,0.29,"People also ask, Related searches, Popular products"
android welche handys,"Informational, Commercial",39,1900,40,0.35,"Featured snippet, Reviews, Video, People also ask, Related searches"
antenne für dvb-t,Commercial,35,1900,23,0.26,"Video, People also ask, Related searches, Popular products"
apple plus,"Navigational, Transactional",35,1900,61,0.94,"Sitelinks, Reviews, Video, Video carousel, People also ask, Related searches"
apple tv in the box,"Informational, Transactional",51,1900,50,0.37,"Reviews, Video, Video carousel, People also ask, Related searches, Popular products"
box android tv box,"Informational, Transactional",52,1900,25,0.35,"Reviews, Video, Video carousel, People also ask, Related searches"
dvb t antenne,"Informational, Commercial",35,1900,25,0.26,"Image pack, Video, People also ask, Related searches, Popular products"
iptv deutschland,"Informational, Commercial",55,1900,36,1.35,"AI Overview, Video, People also ask, Related searches"
iptv germany,Commercial,60,1900,25,1.44,"AI Overview, Video, People also ask, Related searches"
kabel receiver,Commercial,45,1900,29,0.52,"Reviews, Image pack, Video, People also ask, Related searches, Popular products"
lg 55 zoll,Commercial,39,1900,38,0.27,"Video, People also ask, Related searches, Popular products"
lg 55 zoll fernseher,Commercial,42,1900,34,0.21,"Video, Video carousel, People also ask, Related searches, Popular products"
lg 55 zoll oled,Commercial,43,1900,31,0.29,"Reviews, Video, People also ask, Related searches, Popular products, Ads bottom"
lg smart television,"Informational, Transactional",40,1900,32,0.28,"Video, People also ask, Related searches, Popular products"
magenta tv live,Commercial,39,1900,58,1.88,"Video, People also ask, Related searches, Ads top"
ok fernsehgeräte,Commercial,40,1900,18,0.27,"Video, People also ask, Related searches, Ads top, Ads bottom"
oled fernseher 55 zoll,Commercial,44,1900,28,0.31,"Reviews, Video, Video carousel, People also ask, Related searches, Popular products"
samsung 32 zoll smart tv,Commercial,43,1900,30,0.19,"Image, Video, Related searches, Popular products"
samsung 55 zoll,Commercial,44,1900,30,0.29,"People also ask, Related searches, Popular products"
samsung fernseher 43 zoll,Commercial,37,1900,31,0.22,"People also ask, Related searches, Popular products"
set top box set top box,"Informational, Commercial",47,1900,17,0.74,"Sitelinks, Reviews, Video, People also ask, Related searches, Popular products"
smart for tv,"Informational, Commercial",47,1900,41,0.29,"Reviews, Video, People also ask, Related searches, Popular products"
tv 32 zoll,Commercial,42,1900,27,0.14,"Sitelinks, Video, Video carousel, People also ask, Related searches"
tv for android box,Commercial,59,1900,43,0.34,"Video, People also ask, Related searches, Popular products"
tv und internet telekom,"Navigational, Transactional",41,1900,48,1.71,"Reviews, Video, Related searches"
xiaomi fernseher,"Informational, Transactional",43,1900,34,0.12,"Reviews, People also ask, Related searches, Popular products"
55 zoll fernseher samsung,Transactional,45,1600,34,0.25,"Video, Video carousel, People also ask, Related searches, Popular products"
amazon fire tv fire stick,"Informational, Transactional",45,1600,36,0.34,"Reviews, People also ask, Related searches, Popular products"
amazon firestick,"Informational, Transactional",48,1600,38,0.35,"Reviews, Video, People also ask, Related searches, Popular products"
android television,"Informational, Transactional",49,1600,45,0.32,"Sitelinks, Reviews, Video, People also ask, Knowledge panel, Related searches"
apple tv app,Transactional,43,1600,50,0.98,"Reviews, Video, People also ask, Related searches"
apple tv probeabo,"Informational, Transactional",41,1600,42,0.96,"Reviews, Video, People also ask"
apple tv stick,"Informational, Transactional",40,1600,55,0.33,"Reviews, Video, People also ask, Related searches"
best streaming services,Commercial,50,1600,74,2.34,"Sitelinks, AI Overview, Reviews, Video, Video carousel, People also ask, Related searches"
fernseher 50 zoll angebote,Commercial,35,1600,25,0.22,"Video, People also ask, Related searches, Popular products, Ads top, Ads bottom"
fernseher 55 zoll samsung,Commercial,45,1600,32,0.25,"People also ask, Related searches, Popular products"
german iptv,Commercial,49,1600,19,0.87,"Video, People also ask, Related searches"
iptv test,Commercial,54,1600,5,0.89,"Video, People also ask, Related searches"
lg smart televizor,"Informational, Transactional",40,1600,35,0.28,"Video, People also ask, Popular products"
oled 55 zoll,Commercial,45,1600,29,0.27,"Video, People also ask, Related searches, Popular products"
receiver kaufen,Transactional,38,1600,32,0.57,"Video, People also ask, Local pack, Related searches"
receiver von der telekom,"Informational, Transactional",43,1600,25,1.64,"Reviews, Video, Video carousel, People also ask, Related searches"
samsung 65 zoll tv,Commercial,46,1600,31,0.38,"People also ask, Related searches, Popular products, Ads bottom"
smart ip tv,"Informational, Commercial",59,1600,34,1.22,"Reviews, Image pack, Video, Video carousel, People also ask, Related searches"
streaming dienste vergleich,Commercial,42,1600,43,1.33,"AI Overview, Reviews, Video, Video carousel, People also ask, Related searches, Ads bottom, Ads middle"
telekom internet und tv,"Navigational, Transactional",37,1600,36,2.15,"Reviews, People also ask, Related searches"
telekom tv und internet,Transactional,37,1600,56,1.71,"Reviews, Video, People also ask, Related searches, Ads top, Ads bottom"
tv receiver,"Informational, Commercial",44,1600,20,1.00,"Image pack, Video, Video carousel, People also ask, Related searches, Popular products"
xiaomi tv box mi box,"Informational, Transactional",46,1600,40,0.16,"Reviews, Image pack, Video, Video carousel, People also ask, Related searches, Popular products, Ads middle"
32 zoll tv,Commercial,40,1300,26,0.17,"Sitelinks, Image, Video, People also ask, Related searches, Popular products"
50 zoll fernseher angebote,Commercial,35,1300,25,0.21,"Video, People also ask, Related searches, Popular products"
55 zoll fernseher oled,Commercial,47,1300,25,0.29,"Video, People also ask, Related searches, Popular products, Ads bottom"
55 zoll oled fernseher,"Informational, Commercial",44,1300,29,0.30,"Video, Video carousel, People also ask, Related searches, Popular products"
65 zoll tv samsung,Commercial,48,1300,31,0.35,"Video, Video carousel, People also ask, Related searches, Popular products, Ads top, Ads bottom"
amazon fire tv amazon,"Informational, Transactional",44,1300,34,0.70,"People also ask, Related searches, Popular products"
amazon fire tv fire tv stick,"Informational, Transactional",41,1300,39,0.40,"Reviews, People also ask, Related searches, Popular products, Ads bottom"
amazon kindle fire tv stick,"Informational, Transactional",47,1300,43,0.47,"Reviews, People also ask, Related searches, Popular products, Ads bottom"
amazon prime stick,Transactional,47,1300,45,0.36,"Reviews, Video, People also ask, Related searches, Popular products"
apple box,"Informational, Transactional",39,1300,57,0.19,"Reviews, People also ask, Related searches, Popular products"
apple tv 3rd generation apple,"Informational, Transactional",35,1300,48,0.48,"Reviews, People also ask, Related searches, Popular products, Ads bottom"
apple tv kaufen,Transactional,42,1300,50,0.34,"Sitelinks, People also ask, Popular products"
apple tv tv app,"Navigational, Transactional",44,1300,50,1.13,"AI Overview, Video, People also ask"
apple tv tv box,"Informational, Transactional",45,1300,60,0.37,"Reviews, Video, People also ask, Related searches, Popular products"
beste streaming dienste,Commercial,44,1300,44,1.89,"AI Overview, Reviews, Video, People also ask, Related searches"
bester streaming dienst,Commercial,43,1300,44,1.71,"AI Overview, Reviews, Video, People also ask, Related searches, Ads bottom, Ads middle"
deutschland iptv,Commercial,49,1300,30,1.35,"AI Overview, Video, People also ask, Related searches"
dvb-t2 antenne,"Informational, Commercial",38,1300,23,0.18,"Video, People also ask, Related searches"
fernseher 32 zoll smart tv,Commercial,42,1300,28,0.16,"Sitelinks, Video, People also ask, Related searches, Popular products, Ads top, Ads bottom"
fernseher 55 zoll oled,Commercial,41,1300,26,0.29,"Video, People also ask, Related searches, Popular products"
fernseher günstig 55 zoll,Commercial,38,1300,24,0.26,"Video, People also ask, Related searches, Popular products, Ads bottom"
fernseher samsung 32 zoll smart tv,Commercial,42,1300,31,0.19,"People also ask, Related searches, Popular products"
fernseher samsung 55 zoll,Commercial,44,1300,31,0.25,"Video, Video carousel, People also ask, Related searches, Popular products"
fernseher von samsung,Transactional,40,1300,39,0.33,"Video, Video carousel, People also ask, Related searches, Popular products, Ads middle"
germany iptv,Commercial,41,1300,21,0.87,"AI Overview, Video, Video carousel, Related searches"
günstige fernseher 55 zoll,Commercial,38,1300,32,0.26,"Image, Video, Related searches, Popular products"
integrated receiver decoder,"Informational, Transactional",46,1300,10,3.17,"Video, People also ask, Knowledge panel, Related searches, Popular products"
iptvkaufen,Transactional,50,1300,21,0.99,"Image pack, Video, Related searches, Ads top, Ads bottom"
iptvmeezzy,Transactional,47,1300,15,0.00,"Sitelinks, AI Overview, Related searches"
lg fernseher 43 zoll,Commercial,43,1300,25,0.23,"Reviews, Video, People also ask, Related searches, Popular products"
lg oled 55,"Informational, Transactional",39,1300,37,0.41,"Sitelinks, Reviews, Video, People also ask, Related searches, Popular products"
lg oled 65 in,Commercial,37,1300,36,0.39,"Video, Related searches, Popular products"
lg television,"Informational, Transactional",38,1300,40,0.46,"Video, People also ask, Related searches, Popular products"
magenta internet,Transactional,34,1300,41,2.88,"Reviews, Video, People also ask, Related searches, Ads top, Ads bottom"
magenta tv one 2. generation kaufen,Transactional,39,1300,24,1.76,"People also ask, Related searches, Popular products"
magenta tv plus,"Informational, Commercial",42,1300,50,4.64,"AI Overview, Reviews, Video, People also ask, Related searches"
magenta tv web,"Informational, Transactional",41,1300,61,3.39,"Reviews, Video, People also ask, Related searches"
magentatv smart,"Navigational, Commercial",42,1300,37,2.73,"Sitelinks, AI Overview, Reviews, Video, People also ask, Related searches"
new apple tv,"Informational, Transactional",39,1300,40,0.00,"Video, Video carousel, People also ask, Related searches, Popular products"
oled 55 zoll fernseher,Commercial,44,1300,28,0.31,"Video, Video carousel, People also ask, Related searches, Popular products"
samsung 55 zoll oled,Commercial,37,1300,38,0.25,"People also ask, Related searches, Popular products, Ads top, Ads bottom"
samsung smart tv 32 zoll,Commercial,45,1300,34,0.17,"People also ask, Related searches, Popular products"
samsung smart tv 55 zoll,Commercial,47,1300,37,0.25,"People also ask, Related searches, Popular products"
samsung smart tv samsung,"Informational, Transactional",43,1300,44,0.25,"Video, People also ask, Related searches, Popular products"
sat receiver hd+,"Informational, Commercial",40,1300,22,0.13,"Reviews, People also ask, Related searches, Popular products"
sat receiver mit festplatte,Commercial,40,1300,21,0.15,"Reviews, Video, People also ask, Related searches, Popular products, Ads middle"
sky box,"Informational, Transactional",42,1300,33,0.84,"Reviews, Image, Video, Video carousel, People also ask, Related searches"
smart tv oled 65 lg,"Informational, Transactional",41,1300,38,0.39,"Video, People also ask, Related searches, Popular products"
technisat dab radio,"Informational, Transactional",46,1300,30,0.15,"Reviews, People also ask, Related searches, Popular products"
technisat digitalradio,"Informational, Transactional",48,1300,23,0.18,"People also ask, Popular products"
telekom angebot,"Navigational, Transactional",32,1300,42,0.97,"Reviews, Video, People also ask, Related searches"
television receivers,"Informational, Transactional",40,1300,38,1.00,"Reviews, Image pack, Video, People also ask, Related searches, Popular products"
tv on a stick,Commercial,56,1300,29,1.37,"Reviews, Video, Video carousel, People also ask, Related searches"
usb amazon stick,"Informational, Transactional",41,1300,41,0.16,"Video, People also ask, Related searches, Popular products"
waipu tv alternative,"Informational, Commercial",42,1300,28,0.57,"Sitelinks, AI Overview, Reviews, Video, People also ask, Related searches"
xiaomi tv stick,"Informational, Transactional",49,1300,45,0.15,"Reviews, Video, People also ask, Related searches, Popular products"
32 zoll fernseher mit smart tv,Commercial,42,1000,25,0.16,"Sitelinks, Image, Video, People also ask, Related searches, Popular products, Ads top, Ads middle"
43 zoll fernseher samsung,Commercial,37,1000,25,0.20,"Video, Video carousel, People also ask, Related searches, Popular products"
55 zoll fernseher lg,Commercial,39,1000,31,0.23,"Video, People also ask, Related searches, Popular products"
55 zoll lg,Commercial,38,1000,34,0.27,"Video, Video carousel, People also ask, Related searches, Popular products"
55 zoll tv samsung,Commercial,45,1000,29,0.29,"Related searches, Popular products"
6iptv,"Navigational, Transactional",41,1000,6,1.90,"People also ask, Related searches"
amazon fire stick 4k,"Informational, Transactional",39,1000,37,0.35,"Reviews, People also ask, Knowledge panel, Related searches"
amazon tv stick 4k,"Informational, Transactional",46,1000,38,0.56,"Reviews, People also ask, Related searches, Popular products"
apetv,"Navigational, Transactional",44,1000,62,0.61,"Sitelinks, Reviews, Video, Video carousel, Related searches"
app tv app,Transactional,49,1000,42,1.56,"Reviews, Video, People also ask, Related searches"
apple tv 4 generation,"Informational, Transactional",44,1000,45,0.45,"Sitelinks, Reviews, People also ask, Related searches, Popular products"
apple tv 4k 128gb,"Informational, Transactional",41,1000,39,0.28,"Reviews, People also ask, Knowledge panel, Related searches"
apple tv 4rd gen,"Informational, Transactional",42,1000,49,0.45,"Sitelinks, Reviews, People also ask, Related searches, Popular products"
digitalradio von technisat,Transactional,36,1000,26,0.21,"Sitelinks, People also ask, Related searches, Popular products"
fernsehen über telekom,"Navigational, Commercial",38,1000,41,1.41,"Sitelinks, AI Overview, Reviews, Video, Video carousel, People also ask, Related searches"
fernseher 32 zoll smart tv samsung,Commercial,39,1000,25,0.17,"People also ask, Related searches, Popular products"
fernseher lg,"Informational, Transactional",36,1000,40,0.31,"Video, People also ask, Related searches, Popular products"
fernseher oled,Commercial,39,1000,35,0.28,"Video, People also ask, Related searches, Popular products"
fire stick amazon,"Informational, Transactional",40,1000,48,0.31,"Reviews, Video, People also ask, Related searches, Popular products"
google with chromecast,"Informational, Transactional",51,1000,56,0.30,"Reviews, Video, People also ask, Related searches"
iptv alle sender,"Informational, Commercial",53,1000,17,0.00,"AI Overview, Reviews, Video, People also ask, Related searches"
lg 4k oled tv,Transactional,40,1000,37,0.34,"Video, People also ask, Related searches, Popular products"
lg b4,"Informational, Transactional",31,1000,34,0.41,"Reviews, Video, People also ask, Knowledge panel, Related searches"
magenta tv preise,Commercial,41,1000,31,3.39,"AI Overview, Reviews, Video, People also ask, Related searches, Ads top"
magentatv one 2 generation,Commercial,43,1000,30,2.26,"Sitelinks, Reviews, Video carousel, People also ask, Knowledge panel, Related searches"
mi box tv xiaomi,"Informational, Transactional",44,1000,43,0.16,"Reviews, Image pack, Video carousel, People also ask, Knowledge panel, Related searches"
oled tv 55 lg,Transactional,44,1000,39,0.32,"Sitelinks, Video, People also ask, Related searches, Popular products"
probemonat netflix,"Informational, Transactional",38,1000,50,1.53,"Reviews, Video, People also ask, Related searches"
roku tv stick,"Informational, Transactional",48,1000,25,0.33,"Reviews, Video, People also ask, Related searches, Popular products"
technisat radio,"Navigational, Transactional",41,1000,28,0.22,"Sitelinks, People also ask, Related searches, Popular products"
telekom kabelfernsehen,"Informational, Transactional",39,1000,50,1.73,"AI Overview, Reviews, People also ask, Related searches, Ads top"
telekom media receiver,Transactional,46,1000,22,1.57,"Reviews, Video, Video carousel, People also ask, Related searches"
tv angebote 55 zoll,Commercial,43,1000,25,0.24,"Video, People also ask, Related searches, Popular products, Ads bottom"
tv box xiaomi mi,"Informational, Transactional",47,1000,39,0.16,"Reviews, Video, People also ask, Related searches, Popular products"
tv fire stick,"Informational, Commercial",48,1000,31,0.48,"Reviews, Video, Video carousel, People also ask, Related searches"
tv smart tv box,Commercial,52,1000,18,0.63,"Sitelinks, Reviews, Video, Video carousel, People also ask, Related searches, Popular products"
tv with tv,"Informational, Transactional",39,1000,55,0.68,"Reviews, Video, Video carousel, People also ask, Related searches"
55 oled tv lg,Commercial,42,880,33,0.43,"Video, Video carousel, People also ask, Related searches, Popular products"
65 zoll fernseher lg,Commercial,40,880,31,0.26,"Video, Video carousel, People also ask, Related searches, Popular products, Ads top, Ads bottom"
amazon 4k fire tv,Transactional,39,880,36,0.36,"People also ask, Related searches, Popular products"
amazon stick tv,"Informational, Transactional",53,880,30,0.65,"Video, Related searches, Popular products"
amazon sticks,Transactional,40,880,39,0.41,"Reviews, Video, People also ask, Related searches, Popular products, Ads top, Ads bottom"
apple tv 3rd gen,"Informational, Transactional",35,880,39,0.48,"Video, People also ask, Related searches, Popular products"
apple tv 4k 4. generation,"Informational, Transactional",44,880,40,0.42,"Reviews, Video, People also ask, Related searches, Popular products"
chrome stick,"Informational, Commercial",47,880,34,0.42,"Reviews, Video, Video carousel, People also ask, Related searches, Popular products"
chromecast stick,Commercial,48,880,26,0.42,"Reviews, Video, People also ask, Related searches, Popular products"
digitalradio technisat,"Informational, Transactional",40,880,26,0.21,"Sitelinks, People also ask, Related searches, Popular products"
digitradio technisat,"Informational, Transactional",37,880,21,0.21,"Video carousel, People also ask, Related searches, Popular products"
fernsehen 32 zoll smart tv,Commercial,42,880,25,0.16,"Sitelinks, Video, People also ask, Related searches, Popular products"
fernsehen lg 55 zoll,Commercial,42,880,37,0.19,"Video, People also ask, Related searches, Popular products, Ads bottom"
fernseher mit receiver,Commercial,42,880,21,0.18,"Reviews, Image, Video, People also ask, Related searches, Popular products, Ads top, Ads middle"
google chromecast 4k,"Informational, Transactional",49,880,40,0.39,"Video, People also ask, Knowledge panel, Related searches, Ads middle"
google chromecast application,"Informational, Transactional",39,880,52,0.28,"AI Overview, Reviews, Video, People also ask, Related searches"
iptv receiver,"Informational, Commercial",60,880,16,0.00,"Sitelinks, Video, People also ask, Related searches, Popular products"
kabelreceiver,Commercial,43,880,26,0.52,"Sitelinks, Reviews, Video, Video carousel, People also ask, Related searches, Popular products"
kaufempfehlung sat receiver,"Informational, Commercial",41,880,24,0.13,"Sitelinks, Video, Video carousel, People also ask, Related searches, Popular products"
kleinere fernseher,Commercial,46,880,18,0.16,"Reviews, Image pack, Video, People also ask, Related searches, Popular products"
lg oled fernseher,Commercial,40,880,38,0.40,"Video, People also ask, Related searches, Popular products, Ads top, Ads bottom"
lg tv 55 zoll,Commercial,43,880,37,0.25,"Video, Video carousel, People also ask, Related searches, Popular products"
magenta tv filme,"Informational, Transactional",36,880,21,1.26,"Video, People also ask, Related searches"
media receiver telekom,"Navigational, Transactional",45,880,22,1.49,"Reviews, Video, Video carousel, People also ask, Related searches"
my siptv,"Informational, Transactional",40,880,20,1.04,"Reviews, Video, Video carousel, People also ask, Related searches"
netflix gratis monat,"Informational, Transactional",43,880,50,1.54,"Reviews, Video, People also ask, Related searches"
receiver telekom,Transactional,44,880,28,1.49,"Reviews, Image pack, Video, Video carousel, People also ask, Related searches, Ads top"
samsung fernsehgeräte,Commercial,39,880,40,0.33,"Video, People also ask, Related searches, Popular products"
sat receiver test,"Informational, Commercial",38,880,20,0.08,"Sitelinks, Reviews, Video, Video carousel, People also ask, Related searches, Ads top, Ads middle"
sat receiver testberichte,Transactional,40,880,32,0.08,"Sitelinks, Reviews, Video, Video carousel, People also ask, Related searches"
smartphone for android,Commercial,46,880,41,0.45,"Video, Video carousel, People also ask, Related searches"
stb set top box,"Informational, Commercial",51,880,27,0.74,"Reviews, Image, People also ask, Knowledge panel, Related searches, Popular products"
television and internet,Commercial,44,880,28,2.27,"Sitelinks, AI Overview, Reviews, Video, People also ask, Knowledge panel, Related searches, Ads bottom"
tv and internet,Commercial,42,880,44,2.27,"AI Overview, Reviews, Video, Knowledge panel, Related searches"
tv antenne,"Informational, Commercial",39,880,28,0.39,"Image pack, Video, People also ask, Related searches"
tv samsung 32 zoll,Commercial,43,880,31,0.17,"Video, People also ask, Related searches, Popular products"
tv stick amazon,Transactional,43,880,41,0.70,"Image pack, Video, People also ask, Related searches, Popular products"
zimmerantenne,Commercial,36,880,23,0.26,"Video, People also ask, Related searches, Popular products"
4k fernseher 55 zoll,Commercial,42,720,25,0.29,"Video, Video carousel, People also ask, Related searches, Popular products"
55 zoll lg fernseher,Commercial,42,720,33,0.35,"Video, People also ask, Related searches, Popular products"
amazon 4k fire sticks,"Informational, Transactional",47,720,38,0.35,"Reviews, Video, People also ask, Related searches, Popular products"
amazon fire 4k tv,"Informational, Transactional",41,720,42,0.29,"Reviews, Video, People also ask, Knowledge panel, Related searches"
amazon stick prime,"Informational, Transactional",47,720,42,0.40,"People also ask, Related searches, Popular products"
antenne voor tv,Commercial,37,720,20,0.39,"Reviews, Image pack, Video, People also ask, Related searches, Popular products"
apple new apple tv,"Informational, Transactional",39,720,32,0.00,"Video, Video carousel, People also ask, Related searches"
apple tv 3. generation,"Informational, Transactional",39,720,35,0.48,"Video, People also ask, Related searches"
apple tv 3rd generation,"Informational, Transactional",41,720,35,0.48,"AI Overview, Video, People also ask, Related searches"
apple tv 4th gen,"Informational, Transactional",44,720,44,0.45,"Reviews, Video, People also ask, Related searches, Popular products"
apple tv preis,"Navigational, Transactional",44,720,45,0.62,"Reviews, Video, People also ask, Related searches, Popular products"
apple tv programm,"Informational, Transactional",35,720,51,0.76,"Sitelinks, Reviews, Video, People also ask"
dvbt receiver,Commercial,41,720,32,0.36,"Video, People also ask, Related searches, Popular products"
fernseh receiver,Commercial,36,720,35,0.84,"Sitelinks, Video, Video carousel, People also ask, Related searches, Popular products, Ads bottom"
fernsehbox,Commercial,39,720,45,0.21,"Sitelinks, Reviews, Video, People also ask, Related searches, Ads top, Ads bottom"
fernsehen ohne anschluss und ohne internet,Commercial,45,720,24,1.04,"Sitelinks, Reviews, Video, People also ask, Related searches, Popular products, Ads top, Ads bottom"
fernseher 32 zoll media markt,Commercial,40,720,25,0.19,"Video, People also ask, Related searches, Ads top, Ads bottom"
fernseher bis 55 zoll,Commercial,37,720,32,0.23,"Sitelinks, Video, Video carousel, People also ask, Related searches, Popular products"
fernseher samsung 75 zoll,Transactional,41,720,30,0.33,"Video, People also ask, Related searches, Popular products"
internet magenta,Transactional,34,720,41,2.88,"Reviews, Video, Video carousel, People also ask, Related searches, Ads top, Ads middle"
ipad to hdmi converter,"Informational, Transactional",39,720,25,0.00,"Sitelinks, Reviews, Video, Video carousel, People also ask, Related searches, Popular products"
iptv apps,"Informational, Commercial",68,720,39,0.00,"AI Overview, Reviews, Video, Video carousel, People also ask, Related searches"
iptv smarters pro apk,Commercial,45,720,34,0.00,"Reviews, Video, Related searches"
lg 0led tv,"Informational, Transactional",35,720,36,0.35,"People also ask, Related searches, Popular products"
lg fernseher oled,Transactional,42,720,37,0.35,"Video, People also ask, Related searches, Popular products, Ads bottom"
lg oled tv smart,Transactional,43,720,38,0.40,"Video, People also ask, Related searches, Popular products, Ads bottom"
lg oled tv smart tv,"Informational, Transactional",41,720,36,0.40,"Video, Video carousel, People also ask, Related searches, Popular products"
lg oled-tv,Transactional,42,720,38,0.43,"Video, Video carousel, People also ask, Related searches, Popular products, Ads top, Ads bottom"
lg tv oled,Transactional,40,720,36,0.35,"Reviews, Video, People also ask, Related searches, Popular products"
magent,"Informational, Transactional",28,720,75,2.97,"Sitelinks, Reviews, Video, People also ask, Knowledge panel, Related searches"
netflix test,Transactional,42,720,33,1.49,"Reviews, Video, People also ask, Related searches"
oled lg fernseher,"Informational, Transactional",43,720,38,0.35,"Video, Video carousel, People also ask, Related searches, Popular products"
radio von technisat,"Informational, Transactional",40,720,27,0.18,"Video carousel, People also ask, Related searches, Popular products, Ads bottom"
receiver für fernseher,Commercial,44,720,25,0.50,"People also ask, Related searches"
receiver kabel,Commercial,40,720,29,0.71,"Reviews, Image pack, Video, People also ask, Related searches, Popular products"
samsung fernseher 32 zoll,Commercial,41,720,26,0.16,"Video, People also ask, Related searches, Popular products, Ads top, Ads bottom"
samsung fernseher oled,"Informational, Transactional",39,720,31,0.59,"Video, Video carousel, People also ask, Related searches, Popular products"
sat receiver kaufempfehlung,"Informational, Commercial",38,720,14,0.08,"Sitelinks, Reviews, Video, People also ask, Related searches, Popular products"
satelliten receiver test,Commercial,39,720,25,0.11,"Sitelinks, Reviews, Video, Video carousel, People also ask, Related searches, Popular products, Ads top, Ads bottom"
sky q receiver kaufen,Transactional,44,720,31,0.57,"Reviews, People also ask, Related searches, Popular products, Ads top, Ads bottom"
smart tv 32,Commercial,38,720,25,0.17,"Video, People also ask, Related searches, Popular products"
technisat internetradio,Transactional,47,720,21,0.14,"People also ask, Related searches, Popular products, Ads bottom"
tele lg oled,"Informational, Transactional",36,720,33,0.36,"Reviews, Video, Video carousel, People also ask, Related searches, Popular products"
tv boxen,Commercial,50,720,34,2.10,"Reviews, Image pack, Video, Video carousel, People also ask, Related searches, Popular products, Ads middle"
tv sticks vergleich,Commercial,43,720,30,0.66,"Sitelinks, Reviews, Video, People also ask, Related searches"
tv-browser,"Informational, Transactional",49,720,25,0.00,"Reviews, People also ask, Knowledge panel, Related searches"
zimmerantenne tv,Commercial,42,720,25,0.31,"Video, People also ask, Related searches, Popular products"
32 zoll led fernseher full hd,"Informational, Transactional",39,590,27,0.18,"Sitelinks, Video, Video carousel, People also ask, Related searches, Popular products"
4 k fernseher 55 zoll,Commercial,39,590,24,0.27,"Video, Video carousel, People also ask, Related searches, Popular products"
4k fernseher 32 zoll,"Informational, Commercial",41,590,25,0.20,"Sitelinks, Image, Video, People also ask, Related searches, Popular products"
4k fire stick amazon,"Informational, Transactional",46,590,36,0.35,"Reviews, People also ask, Related searches, Popular products"
55 zoll oled lg,Commercial,37,590,33,0.29,"Video, People also ask, Related searches, Popular products"
55zoll tv,Commercial,38,590,30,0.22,"Video, People also ask, Related searches, Popular products, Ads bottom"
alternative zu magenta tv,"Informational, Commercial",46,590,17,0.70,"AI Overview, Reviews, Video, People also ask, Related searches"
amazon fire tv stick 4k select,"Informational, Transactional",49,590,40,0.62,"Reviews, Video, Short videos, People also ask, Related searches, Popular products"
amazon fire tv stick amazon,"Navigational, Transactional",46,590,46,0.59,"Sitelinks, Reviews, Video, People also ask, Related searches, Popular products"
amazon fire tv stick kosten,Commercial,49,590,30,0.57,"Reviews, People also ask, Related searches, Popular products"
amazon firetv,"Navigational, Transactional",46,590,46,0.70,"Sitelinks, Reviews, Video, People also ask, Related searches, Popular products"
amazon stick fire 4k,"Informational, Transactional",35,590,36,0.35,"Reviews, Video, People also ask, Related searches, Popular products"
amazon tv fire stick 4k,Commercial,46,590,37,0.35,"Reviews, People also ask, Related searches, Popular products, Ads top, Ads middle"
android handset,"Informational, Transactional",36,590,29,0.45,"Reviews, Image pack, Video, People also ask, Related searches, Popular products"
angebote tv 50 zoll,Commercial,37,590,28,0.21,"Video, People also ask, Related searches, Popular products"
apple tv 3 generation,"Informational, Transactional",39,590,50,0.48,"Video, People also ask, Related searches, Popular products"
apple tv 4k 3. generation,"Informational, Transactional",40,590,42,0.34,"Video, People also ask, Related searches, Popular products"
apple tv 4k 6 generation,"Navigational, Transactional",43,590,46,0.20,"Sitelinks, Reviews, Video, People also ask, Related searches, Popular products"
apple tv gerät,"Navigational, Transactional",46,590,50,0.12,"Sitelinks, Reviews, Video, People also ask, Related searches, Popular products"
apple tv preise,"Navigational, Transactional",36,590,49,0.62,"Reviews, Video, People also ask, Related searches, Popular products"
chromecast kaufen,Transactional,39,590,30,0.38,"Reviews, Video, People also ask, Related searches, Popular products"
dab radio von technisat,"Navigational, Transactional",42,590,30,0.15,"Sitelinks, People also ask, Related searches, Popular products, Ads top, Ads bottom"
deutsch iptv,Commercial,50,590,10,0.00,"AI Overview, Video, Related searches"
dvb antenne,Commercial,38,590,31,0.27,"Reviews, Image pack, Video, People also ask, Related searches, Popular products"
dvb-c receiver,Commercial,37,590,22,0.19,"Video, Video carousel, People also ask, Related searches, Popular products"
fernsehen und internet telekom,Transactional,36,590,29,1.22,"Reviews, Video, People also ask, Related searches, Ads top, Ads bottom"
fernseher lg 55 zoll,Commercial,44,590,37,0.26,"Video, People also ask, Related searches, Popular products"
fernseher media markt samsung,"Navigational, Transactional",35,590,34,0.19,"People also ask, Popular products"
fernseher mit integriertem receiver,Commercial,42,590,18,0.19,"Video, People also ask, Related searches"
fernseher mit internet,Commercial,44,590,28,0.53,"Reviews, Video, People also ask, Related searches, Popular products, Ads bottom"
fernseher von lg,"Informational, Transactional",36,590,38,0.38,"People also ask, Related searches, Popular products"
fire tv 4k max,Commercial,45,590,25,0.37,"Reviews, Video, Video carousel, People also ask, Related searches, Popular products"
fire tv from amazon,"Informational, Transactional",38,590,43,0.70,"People also ask, Related searches, Popular products, Ads bottom"
fire tv stick amazon,"Informational, Transactional",44,590,49,0.54,"Reviews, People also ask, Knowledge panel, Related searches, Ads bottom"
fire tv stick mediamarkt,Transactional,43,590,32,0.31,"People also ask, Related searches, Popular products, Ads top, Ads bottom"
firetv 4k max,"Informational, Commercial",48,590,33,0.37,"Reviews, Video, Video carousel, People also ask, Knowledge panel, Related searches"
handy android,Commercial,40,590,33,0.35,"Video, Video carousel, People also ask, Related searches, Popular products, Ads bottom"
internet radio technisat,Transactional,47,590,25,0.16,"Video carousel, People also ask, Related searches, Popular products"
internet tv vergleich,Commercial,45,590,36,1.74,"Sitelinks, Reviews, Video, People also ask, Related searches, Ads top, Ads middle"
internetradio technisat,"Navigational, Commercial",49,590,26,0.14,"Sitelinks, People also ask, Related searches, Popular products, Ads top, Ads bottom"
ip tv kaufen,Commercial,59,590,30,1.33,"Video, People also ask, Related searches"
ipad hdmi dongle,"Informational, Transactional",40,590,31,0.12,"Reviews, Video, Video carousel, People also ask, Related searches, Popular products, Ads top, Ads bottom"
iptv 4k,"Informational, Commercial",57,590,24,1.09,"Video, People also ask, Related searches, Popular products"
iptv abo,Commercial,51,590,8,0.00,"AI Overview, Image, Video, People also ask"
iptv anbieter vergleich,Commercial,55,590,41,0.00,"AI Overview, Video, People also ask, Related searches"
iptv deutsch,"Informational, Commercial",56,590,30,0.00,"AI Overview, Video, Related searches"
iptv for receiver,Commercial,64,590,15,0.00,"Sitelinks, Reviews, Video, People also ask, Related searches, Popular products"
iptv line,"Informational, Commercial",48,590,10,0.00,"AI Overview, Reviews, Image, Video, People also ask"
iptv player android,Commercial,61,590,26,0.00,"Reviews, Video, Video carousel, People also ask, Related searches"
iptv reddit,"Navigational, Transactional",49,590,44,0.00,"People also ask, Related searches"
iptv tv stick,Commercial,64,590,17,0.00,"Sitelinks, Reviews, Video, People also ask, Related searches, Popular products"
kindle tv stick,"Informational, Transactional",41,590,34,0.35,"Video, Video carousel, People also ask, Related searches, Popular products"
kleiner smart tv,Commercial,49,590,25,0.12,"Sitelinks, Reviews, Video, People also ask, Related searches, Popular products"
l g smart tv,Commercial,41,590,34,0.30,"Video, Video carousel, People also ask, Related searches, Popular products, Ads middle"
lcd tv full hd 32 zoll,Commercial,43,590,28,0.18,"Video, People also ask, Related searches, Popular products"
lg oled tv 55 zoll,Commercial,43,590,40,0.36,"People also ask, Related searches, Popular products"
lg oled tv s,Transactional,47,590,33,0.40,"Video, Video carousel, People also ask, Related searches, Popular products, Ads top, Ads bottom"
magenta tv geräte,Transactional,48,590,27,3.48,"Reviews, Video, People also ask, Related searches"
magentatv preise,Commercial,42,590,29,3.39,"AI Overview, Reviews, Video, People also ask, Related searches, Ads top, Ads bottom"
mapple tv,"Navigational, Transactional",36,590,70,0.61,"Sitelinks, Reviews, Video, People also ask, Top stories, Related searches"
media playback android,"Informational, Transactional",41,590,29,0.32,"Sitelinks, AI Overview, Reviews, Video, Video carousel, People also ask, Related searches"
mi tv stick,"Informational, Transactional",45,590,30,0.48,"Reviews, Image pack, Video, Video carousel, People also ask, Related searches, Popular products"
neuer telekom receiver,Transactional,39,590,26,1.37,"Reviews, Image pack, Video, Video carousel, People also ask, Related searches, Ads top"
samsung 32 zoll fernseher,Commercial,44,590,25,0.17,"Video, People also ask, Related searches, Popular products"
samsung televizor smart,"Informational, Transactional",0,590,42,0.25,"Reviews, People also ask, Related searches, Popular products, Ads bottom"
samsung tvs,"Informational, Transactional",42,590,32,0.38,"People also ask, Related searches, Popular products"
samsungs fernseher,"Informational, Commercial",42,590,32,0.33,"Video, Video carousel, People also ask, Related searches, Popular products"
sat receiver mit wlan,Commercial,43,590,17,0.13,"Video, People also ask, Related searches, Popular products, Ads bottom"
sat receiver über wlan,Commercial,48,590,20,0.13,"Video, People also ask, Related searches, Popular products, Ads middle"
sat-receiver testsieger,Commercial,40,590,19,0.08,"Sitelinks, Reviews, Video, Video carousel, People also ask, Related searches"
stb приемник,"Informational, Transactional",59,590,25,0.00,"Image pack, Video, People also ask, Knowledge panel, Related searches"
stick android tv,Commercial,60,590,25,0.50,"Sitelinks, Video, Video carousel, People also ask, Related searches, Popular products"
streaming dienste im vergleich,Commercial,42,590,41,1.60,"Reviews, Video, People also ask, Related searches"
telekom magentatv one,"Informational, Transactional",39,590,27,2.54,"Reviews, Video, Video carousel, People also ask, Related searches"
telekom media receiver 401,"Informational, Transactional",45,590,24,1.27,"AI Overview, Reviews, Video, People also ask, Knowledge panel, Related searches"
television iptv player,Commercial,64,590,44,0.00,"Reviews, Video, Video carousel, People also ask, Related searches"
top tv app,Commercial,44,590,30,1.15,"AI Overview, Reviews, Video, People also ask, Related searches"
top tv apps,Commercial,44,590,14,1.18,"Video, People also ask, Related searches"
tv 32 zoll full hd,Commercial,43,590,29,0.18,"Sitelinks, Video, People also ask, Related searches, Popular products"
tv 65 oled lg,Transactional,42,590,38,0.45,"Video, People also ask, Related searches, Popular products, Ads bottom"
tv anbieter vergleich,Commercial,45,590,43,1.58,"AI Overview, Reviews, Video, People also ask, Related searches"
tv box android box,"Informational, Commercial",52,590,23,0.34,"Reviews, Video, Video carousel, People also ask, Related searches, Popular products"
tv iptv player,"Informational, Transactional",61,590,30,0.00,"Reviews, Video, Video carousel, People also ask, Related searches"
tv zimmerantenne,Commercial,44,590,30,0.31,"Reviews, Video, People also ask, Related searches, Popular products"
welcher streaming dienst ist der beste,Commercial,37,590,36,1.56,"AI Overview, Reviews, Video, People also ask, Related searches, Ads top"
xiaomi tv box s,"Informational, Transactional",39,590,38,0.17,"Reviews, People also ask, Knowledge panel, Related searches, Popular products"
32 zoll fernseher full hd,Commercial,37,480,30,0.18,"Sitelinks, Video, Video carousel, People also ask, Related searches, Popular products"
32 zoll fernseher samsung,Commercial,38,480,25,0.17,"Video, People also ask, Related searches, Popular products"
4k amazon fire tv stick,"Informational, Transactional",42,480,34,0.35,"Reviews, Short videos, People also ask, Related searches, Popular products, Ads middle"
adapter lightning digital av,Commercial,36,480,23,0.10,"Video, Related searches, Popular products, Ads middle"
amazon fire tv stick 4k angebot,Commercial,41,480,30,0.58,"People also ask, Related searches, Popular products"
amazon fire tv stick 4k plus,Commercial,49,480,30,0.70,"People also ask, Related searches, Ads top, Ads bottom"
amazone stick tv,"Informational, Transactional",49,480,38,0.60,"Reviews, Video, People also ask, Related searches, Popular products, Ads bottom"
anbieteriptv,Commercial,54,480,30,0.00,"AI Overview, Video, Related searches"
android android phone,"Informational, Transactional",48,480,27,0.40,"Video, Video carousel, People also ask, Knowledge panel, Related searches, Popular products"
android phone android,"Informational, Transactional",42,480,40,0.40,"Video, People also ask, Knowledge panel, Related searches, Popular products"
angebote fernseher samsung,Commercial,36,480,23,0.23,"People also ask, Related searches, Popular products, Ads bottom"
antenne für tv,Commercial,43,480,15,0.39,"Video, People also ask, Related searches, Popular products"
apple adapter lightning digital av,"Informational, Transactional",33,480,30,0.13,"Reviews, Video, Related searches, Popular products"
apple av adaptor,"Informational, Transactional",36,480,29,0.12,"Reviews, People also ask, Related searches, Popular products"
apple box tv,"Informational, Transactional",49,480,48,0.37,"Sitelinks, Reviews, People also ask, Related searches, Popular products"
apple tv 4k 2 generation,"Informational, Transactional",41,480,46,0.50,"Reviews, Video, People also ask, Related searches, Popular products"
apple tv 4k 3 generation,"Informational, Transactional",36,480,49,0.34,"Reviews, People also ask, Related searches, Popular products"
apple tv 4k 3rd generation,"Informational, Transactional",35,480,48,0.34,"People also ask, Related searches, Popular products"
apple tv 4k apple tv,"Navigational, Transactional",40,480,50,0.38,"Sitelinks, Reviews, Video, People also ask, Related searches"
apple tv hd,"Informational, Transactional",41,480,39,0.53,"Reviews, People also ask, Related searches"
aufnahmefunktion receiver,Commercial,35,480,14,0.46,"Reviews, Video, People also ask, Related searches, Popular products"
best iptv player,Commercial,53,480,34,0.00,"Sitelinks, AI Overview, Reviews, Video, Video carousel, People also ask, Related searches"
bester iptv anbieter,Commercial,57,480,21,0.00,"Sitelinks, AI Overview, Video, Video carousel, People also ask, Related searches"
bester iptv player,Commercial,51,480,28,0.00,"AI Overview, Reviews, Video, People also ask, Related searches"
chromecast google tv,"Informational, Transactional",55,480,40,0.40,"Reviews, People also ask, Related searches"
dvb t2 antenne test,Commercial,39,480,24,0.11,"Reviews, Video, People also ask, Related searches, Popular products, Ads bottom"
fernsehen mit receiver integriert,Commercial,43,480,18,0.16,"Reviews, Video, People also ask, Related searches, Popular products, Ads bottom"
fernsehen mit zimmerantenne,Commercial,40,480,30,0.26,"Reviews, Video, People also ask, Related searches, Popular products, Ads top, Ads bottom"
fernsehen ohne kabel und satellit und internet,Commercial,46,480,28,0.98,"Sitelinks, Video, Video carousel, People also ask, Related searches, Popular products, Ads top, Ads middle"
fernseher 32 zoll full hd,Commercial,39,480,30,0.18,"Sitelinks, Video, Video carousel, People also ask, Related searches, Popular products"
fernseher angebote 75 zoll,Commercial,36,480,30,0.25,"Reviews, Video, People also ask, Related searches, Popular products"
fernsehgeräte mit internet,Commercial,43,480,24,0.51,"Reviews, Video, People also ask, Related searches, Popular products"
fire stick television,Commercial,50,480,24,0.47,"Reviews, Image pack, Video, Video carousel, People also ask, Related searches, Popular products, Ads middle"
fire tv stick alternativen,"Informational, Commercial",46,480,19,0.48,"Sitelinks, AI Overview, Reviews, Video, People also ask, Related searches"
fire tv stick kaufen,Transactional,46,480,30,0.59,"Video, People also ask, Related searches, Popular products"
fire tv stick kosten,"Informational, Commercial",48,480,32,0.36,"Video, People also ask, Popular products"
fire tv stick lan adapter,"Informational, Transactional",46,480,22,0.11,"Video, Video carousel, People also ask, Related searches, Popular products"
fire tv stick media markt,"Informational, Transactional",38,480,20,0.41,"Sitelinks, Video, People also ask, Related searches, Popular products, Ads bottom"
flixy tv stick mediamarkt,Transactional,56,480,36,0.45,"Sitelinks, Reviews, Video, People also ask, Related searches"
google streamer 4k,"Informational, Transactional",47,480,49,0.25,"Video, People also ask, Related searches, Popular products"
googletv,"Informational, Transactional",49,480,47,0.29,"Reviews, Video carousel, People also ask, Related searches"
hd stick,Commercial,39,480,34,1.62,"Reviews, Image pack, Video, Video carousel, People also ask, Related searches, Popular products"
hdmi apple connector,"Informational, Transactional",42,480,33,0.11,"Video, People also ask, Related searches, Popular products"
hdmi lightning digital av adapter,"Informational, Transactional",36,480,25,0.10,"Video, Video carousel, People also ask, Related searches, Popular products"
internet fernsehgeräte,Commercial,43,480,27,0.51,"Reviews, Video, People also ask, Related searches"
ip smarters pro apk,Commercial,37,480,37,0.00,"Reviews, Video, People also ask, Related searches"
ipad dongle hdmi,"Informational, Transactional",41,480,23,0.11,"Sitelinks, Reviews, Video, Video carousel, Related searches, Popular products"
iptv application android,"Informational, Transactional",63,480,37,0.00,"AI Overview, Reviews, Video, Video carousel, People also ask, Related searches"
iptv box sky,"Informational, Transactional",56,480,32,0.00,"AI Overview, Reviews, Video, Video carousel, People also ask, Related searches"
iptv line kaufen,Commercial,56,480,6,0.00,"Video, People also ask, Popular products"
iptv lines,"Informational, Commercial",50,480,7,0.00,"AI Overview, People also ask, Related searches"
iptv player win,"Informational, Commercial",50,480,27,0.00,"Sitelinks, AI Overview, Reviews, Video, Video carousel, Related searches"
iptv provider,"Informational, Commercial",53,480,34,0.00,"Sitelinks, AI Overview, Video, Video carousel, People also ask, Related searches"
iptv test line,Commercial,40,480,1,0.00,Related searches
iptvgermany,Commercial,41,480,10,0.88,"Video, Related searches, Ads middle"
lg 55 zoll tv,Commercial,40,480,33,0.39,"People also ask, Related searches, Popular products"
lg fernseher 65 zoll oled,Commercial,37,480,36,0.31,"Video, People also ask, Related searches, Popular products"
lg fernsehr,Commercial,34,480,39,0.38,"People also ask, Related searches, Popular products"
lg oled55b49la,"Informational, Transactional",39,480,31,0.46,"Reviews, Video, People also ask, Related searches, Popular products"
lg oled65b49la,"Informational, Transactional",38,480,34,0.54,"Sitelinks, Reviews, Image pack, Video, Video carousel, People also ask, Related searches, Popular products"
lg q led,Commercial,33,480,30,0.45,"Video, People also ask, Related searches, Popular products"
lg smart rv,"Informational, Transactional",33,480,34,0.30,"People also ask, Related searches, Popular products"
lg smart tv lg,Transactional,42,480,40,0.28,"Video, People also ask, Related searches, Popular products"
lg televisions,Transactional,40,480,39,0.46,"Video, Video carousel, People also ask, Related searches, Popular products"
lg tvs,"Navigational, Transactional",40,480,35,0.46,"Sitelinks, People also ask, Related searches, Popular products"
magentatv one 2. generation,Commercial,44,480,29,2.26,"Sitelinks, Reviews, Video carousel, People also ask, Knowledge panel, Related searches"
magentatv testen,Commercial,44,480,24,3.43,"AI Overview, Reviews, Video, People also ask, Related searches"
mobile and tv,"Informational, Transactional",45,480,17,0.34,"Reviews, Image, Video, Video carousel, People also ask, Related searches"
netflix alternative,Commercial,41,480,30,0.90,"Sitelinks, AI Overview, Reviews, Video, Short videos, People also ask, Related searches, Ads middle"
netflix free ohne anmeldung,Transactional,32,480,31,0.64,"AI Overview, Reviews, Video, People also ask, Related searches"
oled lg,"Navigational, Transactional",46,480,34,0.45,"Sitelinks, Video, People also ask, Related searches, Popular products"
radio technisat,Transactional,47,480,27,0.16,"People also ask, Related searches, Popular products"
roku express 4k,"Informational, Transactional",44,480,31,0.18,"Reviews, Video, Video carousel, People also ask, Knowledge panel, Related searches"
samsung 43 zoll fernseher,Commercial,37,480,30,0.23,"Video, Video carousel, People also ask, Related searches, Popular products"
samsung 43 zoll tv,Commercial,38,480,30,0.25,"Image, People also ask, Related searches, Popular products"
samsung 70 zoll fernseher,Commercial,42,480,30,0.22,"Reviews, Image, People also ask, Related searches, Popular products"
samsung fernseher 100 zoll,Commercial,35,480,30,0.31,"Reviews, Image, Video, People also ask, Related searches, Popular products, Ads bottom"
samsung led tv,"Informational, Transactional",43,480,34,0.23,"Video, Video carousel, People also ask, Related searches, Popular products"
samsung media markt fernseher,"Navigational, Commercial",35,480,30,0.15,"Sitelinks, People also ask, Related searches, Popular products, Ads top, Ads bottom"
sat receiver mit aufnahmefunktion,Commercial,39,480,15,0.12,"Video, People also ask, Related searches, Popular products"
sat-receiver,Commercial,41,480,29,0.13,"Video, People also ask, Related searches"
sat-receiver hd,"Informational, Commercial",46,480,25,0.13,"Video, People also ask, Related searches, Popular products"
sky q box,"Informational, Transactional",44,480,33,1.36,"Reviews, People also ask, Related searches, Popular products"
smart tv lg oled,"Informational, Transactional",47,480,37,0.37,"Video, People also ask, Related searches, Popular products"
smart tv on tv,"Informational, Transactional",47,480,46,0.29,"Reviews, Image, Video, Video carousel, People also ask, Knowledge panel, Related searches"
sony television sony television,"Informational, Transactional",49,480,30,0.19,"Video, People also ask"
technisat radios,Transactional,45,480,23,0.16,"Sitelinks, Video carousel, People also ask, Related searches, Popular products, Ads bottom"
telekom megastream,"Navigational, Transactional",37,480,24,2.77,"Sitelinks, Reviews, Video, People also ask, Related searches, Ads middle"
televizor samsung,"Informational, Transactional",38,480,48,0.29,"Reviews, People also ask, Related searches, Popular products"
telly stick,"Informational, Commercial",56,480,26,0.00,"Reviews, Video, People also ask, Related searches"
top 10 streaming-dienste,"Informational, Commercial",38,480,37,1.20,"AI Overview, Reviews, Video, People also ask, Related searches"
tv for roku,"Informational, Transactional",47,480,34,0.54,"Video, People also ask, Related searches, Popular products"
tv lg,Transactional,41,480,39,0.31,"Video, People also ask, Related searches, Popular products, Ads top, Ads middle"
tv stick fire,Commercial,43,480,27,0.34,"Reviews, Video, Video carousel, People also ask, Related searches, Popular products"
tv with amazon fire stick,"Informational, Transactional",50,480,42,0.42,"Reviews, Video, People also ask, Related searches, Popular products"
waipu tv alternativen,Commercial,42,480,21,0.61,"Sitelinks, AI Overview, Reviews, Video, People also ask, Related searches"
web magentatv,Commercial,42,480,55,5.00,"AI Overview, Reviews, Video, People also ask, Related searches"
welcher tv stick ist der beste,Commercial,46,480,31,0.49,"Featured snippet, Video, People also ask, Related searches"
wireless display android,"Informational, Transactional",42,480,26,0.21,"Reviews, Video, Video carousel, People also ask, Related searches"
wlan für sat receiver,Commercial,49,480,24,0.13,"Sitelinks, Video, People also ask, Related searches, Popular products"
xiaomi fernseher 65 zoll,"Informational, Transactional",36,480,31,0.17,"Sitelinks, Reviews, Image, Video, People also ask, Related searches, Popular products"
xiaomi stick,"Informational, Transactional",42,480,37,0.14,"Reviews, People also ask, Related searches, Popular products"
xiaomi t v,"Informational, Transactional",52,480,32,0.14,"Reviews, People also ask, Related searches, Popular products"
xiaomi tele,"Informational, Transactional",37,480,35,0.14,"Reviews, Video, People also ask, Related searches, Popular products"
zimmer tv antenne,Commercial,44,480,22,0.31,"Sitelinks, Video, People also ask, Popular products"
zimmerantenne fernsehen,Commercial,42,480,29,0.26,"Reviews, Video, People also ask, Related searches, Popular products"
zimmerantenne für fernseher,Commercial,42,480,24,0.26,"Video, People also ask, Related searches, Popular products"
zimmerantenne für tv,Commercial,42,480,24,0.31,"Video, People also ask, Related searches, Popular products"
2nd gen apple tv,"Informational, Transactional",42,390,45,0.14,"Reviews, Video, People also ask, Related searches, Popular products"
32 zoll fernseher media markt,"Informational, Transactional",39,390,30,0.17,"Video, People also ask, Related searches, Popular products"
32 zoll led full hd fernseher,Commercial,36,390,30,0.18,"Sitelinks, Video, Video carousel, People also ask, Related searches, Popular products"
40 zoll fernseher angebote,Commercial,36,390,24,0.19,"Video, People also ask, Related searches, Popular products"
70 zoll fernseher samsung,Commercial,45,390,30,0.22,"Reviews, Image, Video, People also ask, Related searches, Popular products"
75 zoll fernseher oled,Commercial,40,390,24,0.30,"Video, People also ask, Related searches, Popular products"
amazon fire tv stick angebot,Commercial,40,390,25,0.62,"People also ask, Related searches, Popular products"
amazon firetv stick 4k,Commercial,49,390,34,0.66,"Video, Related searches, Popular products, Ads bottom"
amazonstick 4k,"Informational, Transactional",49,390,30,0.31,"People also ask, Related searches, Popular products, Ads bottom"
android tv box test,Commercial,50,390,34,0.14,"Sitelinks, Reviews, Video, People also ask, Related searches"
antenne fernseher,Commercial,41,390,25,0.47,"Video, People also ask, Related searches, Popular products"
antenne für fernseher,Commercial,41,390,20,0.37,"Video, People also ask, Related searches, Popular products"
apple tv anmelden,"Navigational, Transactional",41,390,44,1.31,"Sitelinks, Video, People also ask, Related searches"
apple tv f1,"Informational, Transactional",34,390,50,0.00,"Reviews, Video, People also ask, Related searches"
aspple tv,"Navigational, Transactional",38,390,70,0.61,"Sitelinks, Reviews, Video, People also ask, Related searches, Popular products"
aufnahme festplatte tv,Commercial,41,390,27,0.20,"Reviews, Video, People also ask, Related searches, Popular products, Ads top, Ads bottom"
best android tv box,Commercial,43,390,32,0.33,"Sitelinks, Video, People also ask, Related searches, Popular products"
best rated android tv box,Commercial,51,390,38,0.27,"Sitelinks, Video, Video carousel, People also ask, Related searches, Popular products"
beste android tv box,Commercial,46,390,24,0.27,"Sitelinks, Reviews, Video, Video carousel, People also ask, Related searches"
beste iptv,Commercial,57,390,18,0.00,"Sitelinks, AI Overview, Video, People also ask, Related searches"
beste streambox,Commercial,46,390,31,0.67,"Reviews, Video, People also ask, Related searches, Popular products, Ads middle"
beste streaming box,Commercial,47,390,19,0.67,"Reviews, Video, People also ask, Related searches, Popular products"
bester tv stick,Commercial,46,390,29,0.59,"Sitelinks, AI Overview, Reviews, Video, People also ask, Related searches"
bestes iptv,Commercial,55,390,32,0.00,"AI Overview, Video, People also ask, Related searches"
dvb t2 antennen test,Commercial,39,390,30,0.11,"Reviews, Video, People also ask, Related searches, Popular products, Ads bottom"
dvb-t2-antenne,"Informational, Commercial",39,390,19,0.18,"Video, People also ask, Related searches, Popular products"
dvbt 2 antenne,Commercial,35,390,26,0.17,"Reviews, Video, People also ask, Related searches, Popular products, Ads top, Ads bottom"
fernseh mit antenne,Commercial,38,390,22,0.53,"Reviews, Image pack, Video, People also ask, Related searches, Popular products"
fernsehen 55 zoll samsung,Commercial,48,390,30,0.00,"People also ask, Related searches, Popular products"
fernsehen samsung angebot,Commercial,36,390,25,0.20,"Related searches, Popular products"
fernsehen über zimmerantenne,Commercial,41,390,29,0.26,"Reviews, Video, People also ask, Related searches, Ads middle"
fernseher 32 zoll 4k,Commercial,40,390,24,0.25,"Sitelinks, Image, Video, People also ask, Related searches, Popular products"
fernseher 50 zoll günstig,Commercial,35,390,24,0.00,"People also ask, Related searches, Popular products"
fernseher 55 zoll kaufen,Transactional,40,390,26,0.24,"Video, People also ask, Related searches, Popular products"
fernseher antenne,"Informational, Commercial",33,390,27,0.39,"Image pack, Video, People also ask, Related searches, Popular products"
fernseher full hd 32 zoll,Commercial,37,390,27,0.18,"Sitelinks, Video, People also ask, Related searches, Popular products"
fernseher mit aufnahmefunktion,Commercial,42,390,25,0.18,"Video, People also ask, Related searches"
fernsehgeräte mit aufnahmefunktion,Commercial,42,390,25,0.18,"Sitelinks, Video, People also ask, Related searches"
fernsehgeräte mit dvb t2,Commercial,44,390,17,0.35,"Sitelinks, Reviews, Video, People also ask, Related searches, Popular products"
festplatte für aufnahme tv,"Informational, Commercial",38,390,24,0.20,"Reviews, Video, People also ask, Related searches, Ads middle"
festplatte tv aufnehmen,Commercial,41,390,27,0.20,"Reviews, Video, People also ask, Related searches"
festplatte zum tv aufnehmen,Commercial,41,390,24,0.19,"Video, People also ask, Related searches, Popular products, Ads top, Ads bottom"
festplattenreceiver,"Informational, Commercial",38,390,22,0.16,"Video, People also ask, Related searches"
freenet dvb t2,"Informational, Transactional",41,390,33,0.38,"Reviews, Image, Video, People also ask, Related searches, Ads bottom"
full hd 32 zoll fernseher,Commercial,39,390,28,0.18,"Sitelinks, Video, Video carousel, People also ask, Related searches, Popular products"
full hd fernseher 32 zoll,Commercial,39,390,30,0.18,"Video, Video carousel, People also ask, Related searches, Popular products"
geräte mit android,Commercial,39,390,25,0.74,"Video, People also ask, Related searches, Popular products"
handy als fernbedienung samsung,"Informational, Transactional",40,390,35,0.23,"Reviews, Image pack, Video, Video carousel, People also ask, Related searches"
high definition satellite receiver,Commercial,42,390,19,0.33,"Reviews, Video, Related searches, Popular products"
ip tv box,"Informational, Commercial",58,390,19,1.20,"Video, Video carousel, People also ask, Related searches, Popular products"
iphone to hdmi dongle,"Informational, Transactional",45,390,27,0.13,"Video, Video carousel, People also ask, Related searches, Popular products"
iptv anbieter alle sender,Commercial,56,390,19,0.00,"AI Overview, Video, People also ask, Related searches"
iptv app android,"Informational, Commercial",70,390,38,0.00,"AI Overview, Reviews, Video, People also ask, Related searches"
iptv lines kaufen,Commercial,48,390,10,0.00,"AI Overview, Video, People also ask, Related searches"
iptv premium,"Informational, Commercial",47,390,15,0.00,"AI Overview, Reviews, Video, Video carousel, People also ask, Related searches"
iptv smarter downloader,"Informational, Transactional",48,390,28,0.00,"Sitelinks, AI Overview, Reviews, Video, Video carousel, People also ask, Related searches"
kaon kabelreceiver,"Informational, Commercial",47,390,14,0.00,"Reviews, Video, People also ask, Related searches, Popular products"
l g oled tv,"Informational, Transactional",39,390,33,0.40,"Video, Video carousel, People also ask, Related searches, Popular products"
led fernseher 55 zoll,Commercial,37,390,31,0.23,"Sitelinks, Video, People also ask, Related searches, Popular products"
lg 55,Transactional,37,390,33,0.25,"Video, Video carousel, People also ask, Related searches, Popular products"
lg c3 oled,"Informational, Transactional",39,390,34,0.34,"Reviews, Video, Video carousel, People also ask, Knowledge panel, Related searches"
lg oled 50 zoll,Commercial,37,390,30,0.27,"Video, People also ask, Related searches, Popular products"
lg oled smart tv,Transactional,41,390,37,0.37,"People also ask, Related searches, Popular products"
lg oled televisio,"Informational, Transactional",47,390,33,0.40,"Video, Video carousel, People also ask, Related searches, Popular products, Ads bottom"
lg oled televize,"Informational, Transactional",47,390,,0.40,"Video, Video carousel, People also ask, Related searches, Popular products"
lg oled77b49la,"Informational, Transactional",39,390,31,0.00,"Reviews, Video, People also ask, Related searches, Popular products"
lightning digital av connector,"Informational, Transactional",34,390,28,0.10,"Video, Video carousel, People also ask, Related searches, Popular products"
lightning usb hdmi adapter,"Informational, Transactional",38,390,22,0.10,"Video, Related searches, Popular products"
lohnt sich magentatv,"Informational, Commercial",47,390,22,5.80,"Sitelinks, AI Overview, Reviews, Video, People also ask, Related searches, Ads middle"
magenda,Commercial,27,390,27,2.60,"Reviews, Image, Video, People also ask, Related searches"
magenta receiver 401,"Informational, Transactional",43,390,24,0.90,"Reviews, Video, Video carousel, People also ask, Knowledge panel, Related searches"
magenta tv 1. generation,Commercial,41,390,28,4.36,"Reviews, Video, People also ask, Related searches"
magenta tv flex preis,Transactional,46,390,35,5.72,"Sitelinks, AI Overview, Reviews, People also ask, Related searches"
magents,"Informational, Transactional",29,390,82,2.88,"Reviews, Image, Image pack, Video, People also ask, Knowledge panel, Related searches"
media markt fernseher samsung,"Informational, Transactional",35,390,30,0.15,"Video, People also ask, Related searches, Popular products, Ads bottom"
mi android tv box,"Informational, Transactional",48,390,40,0.20,"Reviews, Video, Video carousel, People also ask, Related searches, Popular products"
mi tv xiaomi,"Informational, Transactional",46,390,35,0.14,"Reviews, People also ask, Related searches, Popular products"
multimedia player android,Commercial,50,390,26,0.24,"Sitelinks, Reviews, Video, People also ask, Related searches"
oled lg television,"Informational, Transactional",40,390,37,0.40,"Video, People also ask, Related searches, Popular products"
oled samsung fernseher,Commercial,40,390,26,0.59,"Video, Video carousel, People also ask, Related searches, Popular products"
oled tv lg 55 zoll,Commercial,45,390,30,0.28,"Video, People also ask, Related searches, Popular products, Ads bottom"
player iptv windows,"Informational, Commercial",53,390,21,0.00,"Sitelinks, AI Overview, Reviews, Video, Video carousel, Related searches"
receiver für internet,Commercial,42,390,21,2.01,"Sitelinks, Reviews, Video, People also ask, Related searches, Popular products"
receiver für tv,Commercial,43,390,28,0.59,"Video, People also ask, Related searches, Popular products"
receiver über internet,Commercial,48,390,23,1.52,"Sitelinks, Reviews, Video, People also ask, Related searches, Popular products, Ads top, Ads bottom"
recommended android tv box,"Informational, Commercial",43,390,27,0.33,"Sitelinks, Reviews, Video, Video carousel, People also ask, Related searches, Popular products"
roco tv stick,"Informational, Transactional",43,390,24,0.28,"Reviews, Video, People also ask, Related searches, Popular products, Ads middle"
roku express roku,"Informational, Transactional",40,390,29,0.21,"Sitelinks, Reviews, Video, Video carousel, People also ask, Related searches, Popular products"
samsung 32 zoll,Commercial,37,390,30,0.24,"People also ask, Related searches, Popular products"
samsung angebot tv,Commercial,37,390,31,0.28,"Reviews, Video, People also ask, Related searches, Popular products"
samsung fernseher 4k,Commercial,45,390,29,0.22,"People also ask, Related searches, Popular products"
samsung tv 55 zoll aktion,Commercial,42,390,24,0.22,"People also ask, Related searches, Popular products"
samsung tv angebote,Commercial,42,390,23,0.30,"Reviews, Image, People also ask, Related searches, Popular products, Ads bottom"
streaming box test,Commercial,45,390,24,0.39,"Sitelinks, Reviews, Video, Related searches, Ads middle"
tele apple,"Informational, Transactional",37,390,56,0.69,"Image pack, People also ask, Related searches, Popular products"
telekom fernbedienung,"Informational, Transactional",39,390,22,0.63,"Reviews, Image pack, Video, People also ask, Related searches"
telkom magenta tv,"Navigational, Transactional",46,390,42,3.26,"Sitelinks, Reviews, Video, People also ask, Related searches"
test android box tv,"Informational, Commercial",47,390,30,0.14,"Reviews, Video, Video carousel, People also ask, Related searches, Popular products"
test dvb t2 antenne,Commercial,39,390,29,0.11,"Sitelinks, Reviews, Video, People also ask, Related searches, Ads middle"
test tv box android,Commercial,49,390,30,0.14,"Reviews, Video, Video carousel, People also ask, Related searches, Popular products"
top rated android tv box,"Informational, Commercial",44,390,26,0.33,"Sitelinks, Reviews, Video, Video carousel, People also ask, Related searches, Popular products"
tv 4k,Commercial,42,390,32,0.26,"Reviews, Video, Video carousel, People also ask, Related searches, Popular products, Ads top, Ads bottom"
tv android box test,"Informational, Commercial",50,390,30,0.14,"Sitelinks, Reviews, Video, Video carousel, People also ask, Related searches, Popular products"
tv apple com,"Navigational, Transactional",34,390,52,0.49,"Sitelinks, Reviews, People also ask, Related searches"
tv apps smart tv,Commercial,46,390,23,0.82,"Sitelinks, AI Overview, Reviews, Video, Video carousel, People also ask, Related searches"
tv lg 4k oled,Transactional,41,390,32,0.30,"Video, Video carousel, People also ask, Popular products"
tv mit zimmerantenne,Commercial,42,390,28,0.31,"Reviews, Video, People also ask, Related searches, Popular products, Ads bottom"
tv stick test,Commercial,43,390,39,0.50,"Sitelinks, Reviews, Video, People also ask, Related searches"
tv streaming vergleich,Commercial,48,390,40,2.03,"Sitelinks, Reviews, Video, People also ask, Related searches, Ads middle"
video player android,"Informational, Commercial",45,390,32,0.22,"Reviews, Video, Video carousel, People also ask, Related searches"
waipu alternative,Commercial,34,390,23,0.78,"Sitelinks, AI Overview, Reviews, Video, People also ask, Related searches"
was ist eine set top box,"Informational, Commercial",43,390,15,0.91,"AI Overview, Reviews, Video, People also ask, Related searches"
welche streaming dienst ist der beste,Commercial,40,390,38,1.56,"Sitelinks, AI Overview, Reviews, Video, Video carousel, People also ask, Related searches"
wlan adapter für samsung,"Informational, Commercial",38,390,27,0.10,"Reviews, Video, People also ask, Related searches"
xiaomi mi box tv,"Informational, Transactional",44,390,41,0.00,"Video, People also ask, Knowledge panel, Related searches"
xiaomi mi tv stick,"Navigational, Transactional",48,390,37,0.15,"Reviews, Video, People also ask, Related searches, Popular products"
xiaomi smart tv,"Informational, Transactional",49,390,31,0.15,"Reviews, Video, People also ask, Related searches, Popular products"
zimmerantenne fernseher,Commercial,45,390,26,0.26,"Sitelinks, Image pack, People also ask, Related searches, Popular products"
32 zoll fernseher lg,Commercial,37,320,30,0.18,"Reviews, Image, Video, People also ask, Related searches, Popular products"
32 zoll full hd tv,Commercial,38,320,31,0.18,"Sitelinks, Video, Video carousel, People also ask, Related searches, Popular products"
32 zoll lg fernseher,Transactional,37,320,24,0.20,"Video, People also ask, Related searches, Popular products"
32 zoll tv test,Commercial,41,320,31,0.15,"Sitelinks, Reviews, Video, Video carousel, People also ask, Related searches"
40 zoll fernseher günstig,Commercial,41,320,27,0.19,"Sitelinks, Video, People also ask, Related searches, Popular products"
4k stick,Commercial,46,320,30,0.61,"Sitelinks, Reviews, Video, Video carousel, People also ask, Related searches, Popular products"
55 zoll lg tv,Commercial,39,320,35,0.39,"People also ask, Related searches, Popular products"
adapter for iphone hdmi,"Informational, Transactional",37,320,24,0.11,"Reviews, Image pack, Video, Video carousel, People also ask, Related searches, Popular products"
amazon 4k fire tv stick,"Informational, Transactional",43,320,36,0.35,"Reviews, Video, People also ask, Related searches, Popular products, Ads bottom"
amazon fire stick ethernet adapter,"Informational, Transactional",40,320,30,0.14,"Video, Video carousel, People also ask, Related searches, Popular products"
amazon fire tv stick ethernet adapter,"Informational, Transactional",36,320,32,0.14,"Image, Video, Video carousel, People also ask, Related searches, Popular products"
amazon fire.stick,"Informational, Transactional",36,320,36,0.34,"Reviews, People also ask, Popular products"
android geräte,Commercial,37,320,41,1.17,"AI Overview, Video, People also ask, Related searches"
android mobile,"Informational, Transactional",46,320,33,0.32,"People also ask, Related searches, Popular products"
android operating system wikipedia,"Navigational, Transactional",47,320,71,0.00,"Sitelinks, People also ask, Related searches"
android phones,"Informational, Transactional",39,320,65,0.40,"Sitelinks, Video, People also ask, Knowledge panel, Related searches, Popular products"
angebote samsung fernseher,Commercial,41,320,25,0.23,"People also ask, Related searches, Popular products"
antenne für fernsehen,Commercial,40,320,24,0.34,"Video, People also ask, Related searches, Popular products"
apple hdmi adapter,"Informational, Transactional",39,320,33,0.11,"Image pack, People also ask, Related searches, Popular products, Ads bottom"
apple lightning digital adapter,"Informational, Transactional",0,320,30,0.13,"People also ask, Related searches, Popular products"
apple store movies,"Navigational, Transactional",28,320,39,0.65,"AI Overview, Video, People also ask, Related searches"
apple tc,"Navigational, Commercial",31,320,69,0.62,"Sitelinks, Reviews, Video, People also ask, Related searches"
apple tv 128gb,"Informational, Transactional",41,320,33,0.22,"Video, People also ask, Knowledge panel, Related searches"
apple tv 4,"Informational, Transactional",44,320,63,0.63,"Sitelinks, Reviews, People also ask, Related searches"
apple tv 4k 3 gen,"Informational, Transactional",40,320,42,0.53,"People also ask, Related searches, Popular products"
apple tv 4k 4 gen,"Informational, Transactional",49,320,44,0.42,"Reviews, Video, People also ask, Related searches, Popular products"
apple tv 4k refurbished,Commercial,36,320,30,0.38,"Related searches, Popular products"
apple tv 5 generation,"Navigational, Transactional",40,320,39,0.40,"Sitelinks, Reviews, Video, People also ask, Related searches"
apple tv a1427,"Informational, Transactional",39,320,40,0.03,"People also ask, Related searches, Popular products"
apple tv deutsch,"Navigational, Transactional",37,320,56,0.82,"Sitelinks, Reviews, Video, People also ask, Related searches"
apple tv fernsehen,"Informational, Transactional",46,320,48,0.51,"Sitelinks, Reviews, Video, People also ask, Related searches"
apple tv stream,"Navigational, Transactional",43,320,56,0.85,"Sitelinks, Video, People also ask, Related searches"
appletv box,"Navigational, Transactional",47,320,47,0.37,"Sitelinks, Reviews, People also ask, Related searches, Popular products"
aufnahmefunktion fernseher,Commercial,37,320,26,0.18,"Video, People also ask, Related searches, Popular products"
best player iptv,Commercial,54,320,36,0.00,"Sitelinks, AI Overview, Reviews, Video, People also ask, Related searches"
best tv box for android,Commercial,51,320,36,0.18,"Sitelinks, Video, Video carousel, People also ask, Related searches, Popular products"
best tv for android box,Commercial,51,320,36,0.33,"Sitelinks, Video, Video carousel, People also ask, Related searches, Popular products"
best tv stick,Commercial,44,320,35,0.59,"Sitelinks, AI Overview, Reviews, Image, Video, Video carousel, People also ask, Related searches"
beste iptv anbieter,Commercial,52,320,25,0.00,"Sitelinks, AI Overview, Image, Video, Video carousel, People also ask, Related searches"
beste iptv app,Commercial,54,320,25,0.00,"AI Overview, Reviews, Video, People also ask, Related searches"
bester iptv,Commercial,59,320,21,0.00,"AI Overview, Video, People also ask, Related searches"
digitalradio mit cd technisat,"Informational, Transactional",35,320,22,0.16,"Reviews, People also ask, Related searches, Popular products, Ads middle"
dvb t2 fernseher,"Informational, Commercial",39,320,29,0.34,"Reviews, Video, People also ask, Related searches, Popular products"
dvb t2 receiver für antenne,Commercial,38,320,25,0.23,"Sitelinks, Reviews, People also ask, Popular products"
dvb-t antenne,"Informational, Commercial",35,320,22,0.27,"Video, People also ask, Related searches, Popular products"
ethernet adapter for amazon fire stick,"Informational, Transactional",40,320,34,0.14,"Video, Video carousel, People also ask, Related searches, Popular products"
ethernet adapter for fire tv stick,"Informational, Transactional",41,320,23,0.15,"Video, Video carousel, People also ask, Related searches, Popular products"
fernseh zimmerantenne,Commercial,39,320,29,0.26,"Video, People also ask, Related searches, Popular products"
fernsehen digital,Commercial,37,320,66,1.94,"Reviews, Video, People also ask, Top stories, Related searches"
fernsehen samsung,Commercial,40,320,43,0.22,"People also ask, Related searches, Popular products"
fernsehen samsung 55 zoll,Commercial,41,320,27,0.25,"People also ask, Related searches, Popular products"
fernsehen samsung kaufen,Transactional,36,320,35,0.28,"People also ask, Local pack, Related searches, Popular products"
fernseher 32 zoll lg,Commercial,37,320,30,0.18,"Video, People also ask, Related searches, Popular products"
fernseher 70zoll,"Informational, Commercial",39,320,25,0.32,"Sitelinks, Reviews, Image, Video, People also ask, Related searches, Popular products"
fernseher 80zoll,Commercial,39,320,28,0.00,"Image, Video, People also ask, Related searches, Popular products"
fernseher bis 32 zoll test,Commercial,39,320,24,0.14,"Sitelinks, Reviews, Video, Video carousel, Related searches, Popular products"
fernseher integrierter sat receiver,Commercial,41,320,13,0.17,"Video, People also ask, Related searches, Popular products"
fernseher lg 32 zoll,Commercial,37,320,24,0.18,"Video, People also ask, Related searches, Popular products, Ads top, Ads middle"
fernsehgerät mit integriertem sat receiver,Commercial,44,320,27,0.17,"People also ask, Related searches, Popular products"
fernsehgeräte dvb t2,"Informational, Commercial",41,320,36,0.34,"Reviews, Video, People also ask, Related searches, Popular products"
festplatte aufnehmen tv,Commercial,42,320,35,0.20,"Sitelinks, Reviews, Video, People also ask, Related searches, Popular products"
festplattenreceiver für kabel,Commercial,41,320,24,0.11,"Reviews, Video, People also ask, Related searches, Popular products, Ads middle"
fire stick lan adapter,"Informational, Transactional",36,320,24,0.14,"Image, Video, Video carousel, People also ask, Related searches, Popular products"
fire tv stick 3rd generation,Commercial,38,320,17,0.19,"Reviews, Video, Video carousel, People also ask, Related searches, Popular products, Ads top, Ads bottom"
fire tv stick angebot,Commercial,43,320,21,0.54,"Video, People also ask, Related searches, Popular products"
fire tv stick vergleich,Commercial,42,320,20,0.61,"Sitelinks, Reviews, Video, Video carousel, People also ask, Related searches"
für kabelfernsehen receiver,Commercial,44,320,20,0.46,"Reviews, Video, Video carousel, People also ask, Related searches, Popular products"
giga tv senderliste,"Informational, Transactional",35,320,22,1.61,"Reviews, Video, People also ask, Related searches"
good android tv box,"Informational, Commercial",45,320,32,0.33,"Featured snippet, Sitelinks, Video, Video carousel, People also ask, Related searches, Popular products"
google chromecast mit google tv,"Informational, Transactional",52,320,32,0.51,"Reviews, Video, People also ask, Related searches, Popular products"
google tv vs android tv,"Informational, Commercial",44,320,19,0.00,"Sitelinks, AI Overview, Video, Video carousel, People also ask, Related searches"
handy auf fernseher übertragen,Commercial,40,320,25,0.17,"Sitelinks, AI Overview, Reviews, Video, Video carousel, People also ask, Related searches, Ads bottom, Ads middle"
handytv,"Navigational, Commercial",52,320,25,0.49,"Sitelinks, Reviews, Video, People also ask, Related searches, Ads top, Ads middle"
hd fernsehgeräte,Commercial,38,320,30,0.55,"Reviews, Video, People also ask, Related searches, Popular products, Ads top, Ads middle"
hd receiver kabel,Commercial,42,320,23,0.44,"Reviews, Video, Video carousel, People also ask, Related searches, Popular products"
hdmi to lightning adapter,"Informational, Transactional",37,320,25,0.11,"Reviews, Video, Video carousel, People also ask, Related searches, Popular products"
high definition satellite receivers,Commercial,47,320,13,0.33,"Video, Related searches, Popular products"
internet receiver,Commercial,42,320,19,2.01,"Sitelinks, Reviews, Video, People also ask, Related searches, Popular products"
internet tv anbieter vergleich,Commercial,52,320,40,1.58,"Sitelinks, AI Overview, Reviews, Video, People also ask, Related searches, Ads top, Ads bottom"
internet und fernsehen telekom,Transactional,36,320,49,1.80,"Reviews, Video, People also ask, Related searches"
iptv for smart,"Informational, Transactional",64,320,27,1.22,"AI Overview, Reviews, Video, Video carousel, Related searches"
iptv for windows,Commercial,52,320,41,0.00,"Video, Video carousel, People also ask, Related searches"
iptv free terial,"Informational, Commercial",50,320,8,0.00,"Sitelinks, Video, Video carousel, People also ask, Related searches"
iptv smarters apk,Commercial,45,320,35,0.00,"Reviews, Video, People also ask, Related searches"
iptv-anbieter vergleich,Commercial,59,320,38,0.00,"Sitelinks, AI Overview, Video, People also ask, Related searches"
kabel receiver mit festplatte,"Informational, Commercial",39,320,20,0.11,"Video, People also ask, Related searches, Popular products"
lg fernseher 55 zoll oled,Commercial,43,320,30,0.35,"Video, Video carousel, People also ask, Related searches, Popular products"
lg oled fernseher 65 zoll,Transactional,39,320,36,0.31,"Video, People also ask, Related searches, Popular products, Ads bottom"
lg oled55c37la,"Informational, Transactional",40,320,33,0.39,"Reviews, Video, People also ask, Knowledge panel, Related searches"
lg smart tv 55 zoll,Commercial,45,320,32,0.32,"Video, Video carousel, People also ask, Related searches, Popular products"
lightning hdmi adapter,Commercial,37,320,25,0.10,"Image pack, Video, People also ask, Related searches, Popular products, Ads top, Ads bottom"
magenta tv tarife übersicht,"Navigational, Commercial",44,320,30,1.97,"Sitelinks, Reviews, Video, People also ask, Related searches"
magenta tv wm,"Informational, Commercial",46,320,26,4.35,"Reviews, Video, People also ask, Top stories, Related searches"
magentatv app freischalten,Commercial,40,320,25,2.61,"Reviews, Video, People also ask, Related searches"
media markt amazon fire tv stick,"Informational, Transactional",39,320,26,0.29,"Sitelinks, People also ask, Related searches, Popular products"
media markt samsung fernseher,"Navigational, Transactional",40,320,30,0.16,"Sitelinks, People also ask, Related searches, Popular products"
media player android,Commercial,47,320,25,0.32,"Sitelinks, Reviews, Video, People also ask, Related searches"
mediamarkt fire tv stick,Transactional,39,320,32,0.34,"Image, People also ask, Related searches, Popular products, Ads top"
mi tv,"Informational, Transactional",45,320,31,0.14,"Video, Video carousel, People also ask, Related searches, Popular products"
mi tv box xiaomi,"Informational, Transactional",42,320,42,0.24,"Reviews, Image pack, Video carousel, People also ask, Knowledge panel, Related searches"
mi xiaomi tv box,"Informational, Transactional",47,320,37,0.14,"Reviews, Video, People also ask, Related searches, Popular products"
multimedia receiver telekom,"Navigational, Transactional",42,320,26,1.49,"Reviews, Video, People also ask, Related searches"
new apple t,"Informational, Transactional",33,320,54,0.00,"Video carousel, People also ask, Related searches, Popular products"
oled tv 55 zoll angebote,Commercial,40,320,24,0.28,"Reviews, Video, People also ask, Related searches, Popular products"
oled tv 55 zoll lg,Transactional,41,320,38,0.28,"Video, People also ask, Local pack, Related searches, Popular products"
oled55g49ls,Commercial,38,320,21,0.45,"Reviews, Image, Video, People also ask, Related searches, Ads bottom"
prime stick,Commercial,42,320,29,0.41,"Reviews, Video, Video carousel, People also ask, Related searches, Popular products, Ads top, Ads bottom"
programm apple tv,"Informational, Transactional",36,320,40,0.70,"Sitelinks, Reviews, Video, People also ask, Related searches"
receiver 401 telekom,Transactional,40,320,27,0.81,"Reviews, Video, People also ask, Related searches"
receiver bei kabelfernsehen,"Informational, Commercial",46,320,22,0.46,"Reviews, Video, Video carousel, People also ask, Related searches, Popular products"
receiver für kabelfernsehen,"Informational, Commercial",46,320,23,0.25,"Video, People also ask, Related searches, Popular products, Ads bottom"
receiver mit festplatte für kabel,"Informational, Commercial",40,320,19,0.15,"Video, People also ask, Related searches, Popular products"
receiver telekom 401,Commercial,41,320,30,0.59,"Image pack, Video, People also ask, Related searches"
reddit iptv,"Navigational, Transactional",53,320,36,0.00,"Video, People also ask, Related searches"
roku streaming stick,Transactional,49,320,30,0.19,"Reviews, Video, People also ask, Related searches, Popular products"
samsung 60 zoll,Commercial,35,320,24,0.23,"Reviews, Image, Video, People also ask, Related searches, Popular products, Ads middle"
samsung angebote fernseher,Commercial,35,320,33,0.23,"People also ask, Related searches, Popular products"
samsung angebote tv,Commercial,37,320,33,0.24,"People also ask, Related searches, Popular products, Ads top, Ads bottom"
samsung fernseher kaufen,Transactional,35,320,39,0.29,"People also ask, Related searches, Popular products"
samsung fernseher media markt,"Navigational, Transactional",38,320,33,0.15,"People also ask, Related searches, Popular products"
samsung fernsehr,Commercial,35,320,33,0.33,"People also ask, Related searches"
samsung smart tvs,Commercial,45,320,42,0.23,"Video, People also ask, Related searches, Popular products"
samsung tv 60 zoll,Commercial,39,320,27,0.22,"Reviews, Image, People also ask, Related searches, Popular products"
samsung tv kaufen,Transactional,40,320,41,0.33,"People also ask, Related searches, Popular products"
sat receiver testsieger,Commercial,43,320,24,0.08,"Sitelinks, Reviews, Video, Video carousel, People also ask, Related searches, Popular products"
satellite tv tv,Commercial,49,320,21,1.39,"Reviews, Video, Video carousel, People also ask, Knowledge panel, Related searches"
satellitenempfänger test,Commercial,48,320,24,0.08,"Sitelinks, Reviews, Video, Video carousel, People also ask, Related searches"
sky q sky,Commercial,50,320,22,2.08,"AI Overview, Video, People also ask, Related searches, Ads top, Ads bottom"
skyq receiver,"Informational, Transactional",50,320,23,2.12,"Reviews, Video, Video carousel, People also ask, Related searches, Popular products"
smart tv 70 zoll,Commercial,44,320,24,0.25,"Reviews, Image, Video, People also ask, Related searches, Popular products"
stick tv android,Commercial,59,320,24,0.50,"Sitelinks, Reviews, Video, Video carousel, People also ask, Related searches, Popular products"
streaming anbieter vergleich,Commercial,43,320,36,1.84,"AI Overview, Reviews, Video, People also ask, Related searches"
streaming bundles,Commercial,43,320,36,1.68,"AI Overview, Reviews, Video, People also ask, Related searches, Ads top, Ads middle"
technisat digitalradios,"Navigational, Transactional",41,320,24,0.18,"Sitelinks, Reviews, Related searches, Popular products"
telekom magenta tv receiver,"Informational, Transactional",46,320,25,2.90,"Reviews, Video, People also ask, Related searches"
telekom streaming,"Navigational, Transactional",41,320,50,3.12,"Reviews, Video, People also ask, Related searches"
telekom tv angebote,"Navigational, Commercial",35,320,41,2.77,"Sitelinks, Reviews, People also ask, Related searches"
telekom tv pakete,"Navigational, Transactional",40,320,64,2.10,"Sitelinks, Reviews, Video, People also ask, Related searches"
top box,"Informational, Commercial",42,320,13,0.00,"Reviews, Video, People also ask, Related searches, Popular products"
tv 55 zoll kaufen,Transactional,37,320,32,0.25,"Video, People also ask, Related searches, Popular products"
tv 80 cm,Commercial,41,320,25,0.16,"Reviews, Video, People also ask, Related searches, Popular products"
tv apple,"Navigational, Transactional",38,320,67,0.84,"Sitelinks, Reviews, Video, People also ask, Knowledge panel, Related searches"
tv aufnehmen festplatte,"Informational, Commercial",41,320,27,0.20,"Sitelinks, Reviews, Video, People also ask, Related searches, Popular products"
tv box test,Commercial,45,320,36,0.32,"Sitelinks, Reviews, Video, Video carousel, People also ask, Related searches, Ads bottom"
tv browser android,Commercial,48,320,28,0.00,"Reviews, Video, People also ask, Related searches"
tv internet vergleich,Commercial,48,320,39,1.74,"Sitelinks, Reviews, Video, People also ask, Related searches"
tv kaufen samsung,Transactional,39,320,39,0.38,"People also ask, Related searches, Popular products"
tv with android tv,"Informational, Transactional",62,320,31,0.37,"Video, Video carousel, People also ask, Knowledge panel, Related searches, Popular products"
tv-box,Commercial,49,320,30,2.10,"Reviews, Video, People also ask, Related searches, Popular products"
vergleich internet tv,Commercial,45,320,39,1.77,"Sitelinks, Reviews, Video, People also ask, Related searches, Ads top, Ads bottom"
vergleich tv anbieter,Commercial,46,320,34,1.36,"Sitelinks, Reviews, Video, People also ask, Related searches"
web magenta tv,"Informational, Transactional",40,320,57,5.00,"AI Overview, Reviews, Video, People also ask, Related searches"
web2 magenta tv,Commercial,41,320,38,0.00,"Video, People also ask, Related searches"
xiaomi mi android box,"Informational, Transactional",43,320,31,0.24,"Reviews, Video, People also ask, Related searches, Popular products"
xiaomi mi tv sticks,"Informational, Transactional",38,320,43,0.18,"Reviews, Video, People also ask, Popular products"
xiaomi tv mi box,"Informational, Transactional",45,320,42,0.14,"Reviews, Video, People also ask, Related searches, Popular products"
32 inča tv,Commercial,36,260,11,0.16,"Reviews, Video, People also ask, Related searches, Popular products"
42 zoll fernseher samsung,Commercial,41,260,24,0.14,"Image, Video, People also ask, Related searches, Popular products"
4k apple tv refurbished,"Informational, Transactional",51,260,28,0.40,"Reviews, Related searches, Popular products"
4k tv for apple tv,"Informational, Transactional",42,260,57,0.42,"Reviews, Video, People also ask, Related searches, Popular products"
55 zoll lg oled evo ai g5 4k smart tv,"Informational, Transactional",47,260,36,0.68,"Reviews, Video carousel, People also ask, Related searches, Popular products"
adapter hdmi apple,"Informational, Transactional",36,260,35,0.11,"Reviews, Image, People also ask, Related searches, Popular products"
alexa fernbedienung,"Informational, Transactional",39,260,26,0.34,"Image pack, Video, Related searches, Popular products"
alternative zu chromecast,Commercial,45,260,17,0.47,"Sitelinks, AI Overview, Reviews, Video, Video carousel, People also ask, Related searches, Ads middle"
amazon fire stick hd,"Informational, Transactional",45,260,35,0.46,"Reviews, People also ask, Knowledge panel, Related searches"
amazon fire stick lan adapter,"Informational, Transactional",36,260,32,0.14,"Video carousel, People also ask, Related searches, Popular products"
amazon fire tv box,"Navigational, Transactional",50,260,40,0.53,"Sitelinks, Reviews, Image, People also ask, Related searches, Popular products"
amazon fire tv stick kaufen,Transactional,45,260,35,0.70,"People also ask, Related searches, Popular products, Ads bottom"
amazon stick 4k max,"Informational, Transactional",47,260,26,0.35,"Reviews, Short videos, People also ask, Related searches, Popular products"
amazone fire stick,"Informational, Transactional",41,260,34,0.35,"Reviews, Video, Video carousel, People also ask, Popular products"
amazone stick,"Informational, Transactional",40,260,38,1.03,"Video, People also ask, Related searches, Popular products"
android box tv test,Commercial,49,260,30,0.14,"Sitelinks, Reviews, Video, Video carousel, People also ask, Related searches, Popular products"
android media player,Commercial,48,260,25,0.23,"Sitelinks, Reviews, Video, People also ask, Related searches"
android tv box testsieger,Commercial,52,260,34,0.14,"Sitelinks, Video, People also ask, Related searches, Popular products"
android tv stick 4k,"Informational, Commercial",54,260,26,0.38,"Sitelinks, Reviews, Image pack, Video, Video carousel, People also ask, Related searches, Popular products"
angebot samsung tv,Commercial,36,260,20,0.28,"Sitelinks, People also ask, Related searches, Ads top, Ads bottom"
angebote samsung tv,Commercial,48,260,29,0.30,"People also ask, Related searches, Popular products"
antennen für fernseher,Commercial,36,260,27,0.34,"Video, People also ask, Related searches, Popular products"
app iptv android,"Informational, Commercial",64,260,31,0.00,"Sitelinks, AI Overview, Reviews, Video, Video carousel, People also ask, Related searches"
apple lightning av,Commercial,30,260,25,0.13,"People also ask, Related searches, Popular products, Ads middle"
apple lightning av adapter,"Informational, Transactional",37,260,30,0.13,"People also ask, Related searches, Popular products"
apple plus serien,Transactional,33,260,34,0.16,"Image, People also ask, Related searches"
apple store in apple tv,"Navigational, Transactional",39,260,43,1.30,"Reviews, Video, People also ask, Related searches"
apple television 4k,"Informational, Transactional",42,260,49,0.28,"Reviews, Video, Video carousel, Short videos, People also ask, Related searches, Popular products"
apple televizija,"Navigational, Transactional",51,260,69,0.70,"Video, Video carousel, People also ask, Related searches"
apple tv 3,"Informational, Transactional",39,260,42,0.00,"People also ask, Related searches"
apple tv 4k 1. generation,"Informational, Transactional",38,260,39,0.37,"Video, People also ask, Related searches, Popular products"
apple tv 4k ethernet,"Informational, Transactional",42,260,44,0.31,"Video, People also ask, Knowledge panel, Related searches, Ads bottom"
apple tv 4k neueste generation,"Informational, Transactional",39,260,54,0.34,"Reviews, Video, Video carousel, People also ask, Related searches, Popular products"
apple tv 5th generation,"Navigational, Transactional",46,260,49,0.40,"Sitelinks, Reviews, Video, Video carousel, People also ask, Related searches, Popular products"
apple tv alternative,Commercial,49,260,18,0.41,"AI Overview, Video, Video carousel, People also ask, Related searches"
apple tv angebote,"Informational, Transactional",40,260,38,1.12,"Sitelinks, Reviews, People also ask, Related searches"
apple tv deutschland,"Navigational, Transactional",36,260,61,0.82,"Sitelinks, Reviews, People also ask, Related searches"
apple tv fernseher,"Informational, Transactional",44,260,58,0.51,"Reviews, Video, People also ask, Related searches, Popular products"
apple tv geräte,"Informational, Transactional",41,260,57,0.19,"Reviews, People also ask, Related searches, Popular products"
apple tv idealo,"Navigational, Transactional",39,260,31,1.57,"People also ask, Related searches"
apple tv modelle,"Informational, Transactional",39,260,37,0.00,"Reviews, People also ask, Related searches"
apple tv neuste generation,"Navigational, Commercial",42,260,52,0.33,"Sitelinks, Reviews, Video, People also ask, Related searches, Ads middle"
apple tv store,"Navigational, Transactional",37,260,49,0.92,"Reviews, Video, People also ask, Related searches"
apple video,"Navigational, Transactional",31,260,65,0.00,"Sitelinks, Reviews, Video, Video carousel, People also ask, Related searches"
bester tv samsung,Commercial,48,260,34,0.24,"Sitelinks, Video, Video carousel, People also ask, Related searches, Popular products"
box android iptv,"Informational, Commercial",65,260,16,0.00,"Reviews, Video, People also ask, Related searches, Popular products"
bundesliga iptv,Commercial,50,260,19,0.00,"Sitelinks, Reviews, Video, Related searches"
cchromecast,"Informational, Transactional",51,260,33,0.36,"Reviews, Video, People also ask, Knowledge panel, Related searches"
chromecast google,"Informational, Transactional",38,260,56,0.30,"Reviews, Video, Video carousel, People also ask, Related searches, Popular products"
chromecast televisio,"Informational, Transactional",51,260,33,0.33,"Reviews, Video, Video carousel, People also ask, Related searches"
chromecast wo kaufen,Transactional,40,260,27,0.23,"Video, People also ask, Local pack, Related searches, Popular products"
dvb t2 antennen,"Informational, Commercial",42,260,20,0.17,"Reviews, People also ask, Related searches, Popular products"
dvb t2 außenantenne,"Informational, Commercial",37,260,18,0.10,"Reviews, Video, People also ask, Related searches, Popular products"
dvb t2 receiver mit antenne,Commercial,36,260,30,0.22,"Sitelinks, Reviews, Video, Video carousel, People also ask, Related searches, Popular products"
fernbedienung app kostenlos,"Informational, Commercial",49,260,31,0.17,"AI Overview, Reviews, Video, People also ask, Related searches"
fernseh sticks,Commercial,56,260,33,1.60,"Sitelinks, Video, Video carousel, People also ask, Related searches, Popular products"
fernsehen mit integriertem receiver,Commercial,43,260,24,0.16,"People also ask, Related searches, Popular products"
fernsehen ohne kabel und sat schüssel,Commercial,41,260,24,0.84,"Reviews, Video, Video carousel, People also ask, Related searches, Popular products"
fernseher 32 zoll restposten,Commercial,35,260,24,0.19,"Image, People also ask, Related searches, Popular products"
fernseher angebote samsung,Commercial,33,260,29,0.23,"People also ask, Related searches, Popular products"
fernseher aufnahmefunktion,Commercial,36,260,25,0.18,"Reviews, Video, People also ask, Related searches"
fernseher kaufen 40 zoll,Transactional,41,260,26,0.20,"Video, People also ask, Related searches"
fernseher kaufen samsung,Transactional,38,260,33,0.28,"People also ask, Related searches, Popular products"
fernseher receiver,Commercial,39,260,27,1.28,"Reviews, Video, Video carousel, People also ask, Related searches, Popular products"
fernseher receiver integriert,Commercial,42,260,13,0.19,"Video, People also ask, Related searches"
fernseher samsung 42 zoll,"Informational, Transactional",43,260,26,0.16,"Video, People also ask, Related searches, Popular products"
fernsehgeräte mit integriertem sat receiver,Commercial,43,260,19,0.17,"Video, People also ask, Related searches, Popular products"
festplatte für den fernseher,Commercial,41,260,30,0.18,"Reviews, Video, People also ask, Related searches, Popular products"
festplatte für fernsehen,Commercial,42,260,27,0.18,"Reviews, Video, People also ask, Related searches, Popular products, Ads bottom"
festplatte für tv aufnahme,Commercial,40,260,26,0.20,"Reviews, Video, People also ask, Related searches, Ads middle"
festplatte für tv aufnahmen,Commercial,39,260,26,0.19,"Video, People also ask, Related searches, Popular products"
festplatte tv aufnahme,Commercial,43,260,26,0.20,"Reviews, Image, Video, People also ask, Related searches, Popular products"
festplatte zum aufnehmen tv,Commercial,41,260,27,0.19,"Video, People also ask, Related searches"
festplatten zum aufnehmen von tv,Commercial,41,260,24,0.18,"Reviews, Video, People also ask, Related searches, Popular products, Ads top, Ads middle"
fire tv stick 3 generation,Commercial,40,260,17,0.33,"Sitelinks, Reviews, Video, People also ask, Related searches"
fire tv stick generationen,"Informational, Commercial",40,260,26,0.00,"AI Overview, Reviews, Video, People also ask, Related searches"
firestick amazon,"Informational, Transactional",47,260,35,0.31,"Reviews, Video, People also ask, Related searches, Popular products"
firestick tv,"Informational, Commercial",50,260,26,0.47,"Reviews, Video, Video carousel, People also ask, Related searches, Popular products, Ads top, Ads bottom"
gigatv hard drive,"Informational, Commercial",39,260,24,0.00,"Sitelinks, Reviews, Image pack, Video, People also ask, Related searches, Popular products"
google chrome stick,"Informational, Transactional",45,260,37,0.62,"Reviews, Video, People also ask, Related searches, Popular products"
google chromecast kaufen,Transactional,44,260,24,0.40,"Reviews, People also ask, Related searches, Popular products"
google chromecast tv,Commercial,50,260,49,0.31,"Reviews, People also ask, Related searches, Popular products"
günstige fernseher 40 zoll,"Informational, Commercial",41,260,21,0.23,"Video, People also ask, Related searches, Popular products"
hdtv receiver,Commercial,41,260,30,0.58,"Video, People also ask, Related searches, Popular products"
i. p. t. v. smarters pro,"Informational, Commercial",49,260,32,0.00,"Reviews, Video, Video carousel, People also ask, Related searches"
internet stick für tv ohne wlan,Commercial,48,260,28,1.05,"Sitelinks, Reviews, Video, People also ask, Related searches"
ip satellite receiver,Commercial,48,260,21,0.13,"Sitelinks, Video, People also ask, Related searches, Popular products"
iphone hdmi adapter,"Informational, Transactional",38,260,30,0.12,"Reviews, Image pack, Video, Video carousel, People also ask, Related searches, Popular products"
iptv abonnement,Commercial,45,260,14,0.00,"Video, People also ask, Related searches"
iptv anbieter deutschland,"Informational, Commercial",54,260,30,0.00,"AI Overview, Video, People also ask, Related searches"
iptv mega,Commercial,50,260,24,0.00,"Reviews, People also ask, Related searches"
iptv palyer,Commercial,57,260,43,1.01,"Reviews, Video, Video carousel, People also ask, Related searches"
iptv windows,"Informational, Commercial",58,260,35,0.00,"Sitelinks, AI Overview, Reviews, Video, People also ask, Related searches"
iptv-abonnement,"Informational, Commercial",50,260,15,0.00,"Video, People also ask, Related searches"
kabel receiver aufnahmefunktion,Commercial,43,260,15,0.20,"Video, People also ask, Related searches, Popular products, Ads bottom"
kabel receiver mit aufnahmefunktion,"Informational, Commercial",39,260,19,0.17,"Video, People also ask, Related searches, Popular products"
kabelfernsehen mit receiver,Commercial,42,260,26,0.46,"Reviews, Video, Video carousel, People also ask, Related searches, Popular products, Ads top, Ads bottom"
kleiner fernseher für schlafzimmer,Commercial,44,260,24,0.15,"Image, Image pack, Video, People also ask, Related searches, Popular products"
kodi box,Commercial,50,260,21,0.51,"Sitelinks, Reviews, Video, People also ask"
lg 50 zoll oled,Commercial,37,260,30,0.27,"Reviews, Video, People also ask, Related searches"
lg fernsehen,Commercial,45,260,38,0.35,"Video, People also ask, Related searches, Popular products, Ads top, Ads bottom"
lg fernseher oled 55 zoll,Transactional,44,260,38,0.28,"Reviews, Video, Video carousel, People also ask, Related searches, Popular products"
lg oled tv 55,"Informational, Transactional",41,260,41,0.30,"Sitelinks, Reviews, Video, People also ask, Related searches, Popular products"
lg oled55,Commercial,42,260,33,0.41,"Sitelinks, Reviews, Video, Video carousel, People also ask, Related searches, Popular products"
lightning port to hdmi,"Informational, Transactional",35,260,24,0.12,"Image pack, Video, Video carousel, People also ask, Related searches, Popular products"
m0bile tv,"Informational, Commercial",52,260,26,0.34,"Reviews, Video, People also ask, Related searches, Popular products"
magenta internet und tv,Commercial,38,260,36,1.84,"Reviews, Video, People also ask, Related searches, Ads top"
magenta tv 1. gen,Commercial,48,260,32,3.35,"Reviews, Video, People also ask, Related searches"
magenta tv hardware,Commercial,53,260,25,3.67,"Reviews, Video, People also ask, Related searches, Ads top"
magenta tv test,Commercial,48,260,22,3.43,"Reviews, Video, People also ask, Related searches"
magenta web tv,"Informational, Transactional",42,260,49,6.19,"Reviews, Video, People also ask, Related searches"
media markt lg fernseher,Transactional,35,260,34,0.35,"Video, People also ask, Related searches, Popular products"
megastream telekom,Transactional,38,260,19,2.74,"Video, People also ask, Related searches"
mi stick for tv,Commercial,46,260,39,0.48,"Reviews, Image pack, Video, Video carousel, People also ask, Related searches, Popular products"
musik-streaming-dienste vergleich 2025,Commercial,50,260,34,0.00,"Sitelinks, Reviews, Video, People also ask, Related searches"
netflix 1 monat kostenlos,"Informational, Transactional",43,260,46,1.33,"AI Overview, Reviews, Video, People also ask, Top stories, Related searches"
neuesten samsung fernseher,Transactional,37,260,39,0.24,"Sitelinks, Reviews, Video carousel, People also ask, Related searches, Popular products, Ads top, Ads middle"
neuester fernseher von samsung,Transactional,38,260,38,0.22,"Sitelinks, Video, People also ask, Related searches, Popular products"
nextiva,"Navigational, Transactional",47,260,46,2.07,"Sitelinks, People also ask, Related searches"
oled lg 55 zoll,Commercial,45,260,30,0.40,"Video, Video carousel, People also ask, Related searches, Popular products"
online iptv player,"Informational, Transactional",53,260,55,0.00,"Reviews, People also ask, Knowledge panel"
panasonic fernseher 32 zoll,Commercial,39,260,28,0.15,"Reviews, Video, People also ask, Related searches"
receiver für satellitenschüssel,Commercial,45,260,28,0.22,"Video, Video carousel, People also ask, Related searches, Popular products, Ads bottom"
receiver kabel aufnahmefunktion,Commercial,40,260,20,0.20,"Reviews, Video, People also ask, Related searches, Popular products"
receiver mit wlan,Commercial,42,260,20,1.05,"Video, People also ask, Related searches, Popular products"
receiver vodafone,Transactional,37,260,42,1.54,"Reviews, Video, People also ask, Related searches, Ads top"
roku television,"Informational, Transactional",42,260,40,0.80,"Sitelinks, Reviews, Video, People also ask, Related searches, Popular products"
roku televisions,"Informational, Transactional",47,260,43,0.80,"Video, People also ask, Related searches, Popular products, Shopping ads"
samsung fernseher 42 zoll,Commercial,41,260,27,0.14,"People also ask, Related searches, Popular products"
samsung fernseher angebote,Transactional,38,260,33,0.23,"Image, People also ask, Related searches, Popular products"
samsung fernseher neu,Commercial,36,260,39,0.22,"People also ask, Related searches, Popular products"
samsung handy fernbedienung,"Informational, Transactional",39,260,35,0.23,"Reviews, Video, People also ask, Related searches, Popular products"
samsung led tv 55 zoll,Commercial,45,260,30,0.21,"Video, Video carousel, People also ask, Related searches, Popular products"
samsung neueste fernseher,"Informational, Transactional",39,260,41,0.22,"Sitelinks, People also ask, Related searches, Popular products"
samsung neuester fernseher,"Informational, Transactional",38,260,44,0.22,"Sitelinks, People also ask, Related searches, Popular products"
samsung tv 70 zoll,Commercial,43,260,30,0.25,"Reviews, Image, People also ask, Related searches, Popular products"
samsung tv im angebot,Commercial,33,260,28,0.30,"People also ask, Related searches, Popular products"
samsung tv modelle übersicht,"Informational, Transactional",40,260,33,0.28,"People also ask, Related searches"
sat receiver kaufen,Transactional,43,260,34,0.13,"Video, People also ask, Local pack, Related searches, Popular products, Ads bottom"
sky reciver,Transactional,48,260,32,1.97,"Reviews, Image, Image pack, People also ask, Related searches, Popular products"
smart tv 32 zoll wlan full hd,Commercial,45,260,23,0.17,"Video, People also ask, Related searches, Popular products"
smart tv 80 cm,Commercial,46,260,24,0.18,"Video, People also ask, Related searches, Popular products"
smart tv lg,Commercial,45,260,37,0.26,"People also ask, Related searches, Popular products"
sony android tv,"Informational, Transactional",53,260,28,0.21,"People also ask, Related searches, Popular products"
sony tv android tv,"Informational, Transactional",43,260,30,0.22,"Sitelinks, People also ask, Related searches, Popular products"
sony tv sony,"Informational, Transactional",49,260,29,0.25,"People also ask, Related searches, Popular products"
streaming media stick,Commercial,48,260,24,0.89,"Video, Video carousel, People also ask, Related searches, Popular products"
telekom internet tv,"Navigational, Transactional",39,260,57,2.55,"Reviews, Video, People also ask, Related searches"
telekom magenta app,Commercial,37,260,45,0.69,"Reviews, Video, Video carousel, People also ask, Related searches, Ads top"
telekom magenta receiver,"Informational, Transactional",44,260,27,2.04,"Reviews, Video, Video carousel, People also ask, Related searches"
test tv box,"Informational, Commercial",69,260,31,0.28,"Sitelinks, Reviews, Video, Video carousel, People also ask, Related searches"
tv anbieter check24,Transactional,36,260,43,0.47,"AI Overview, Reviews, Video, People also ask, Related searches, Ads top, Ads bottom"
tv box telekom,"Informational, Transactional",46,260,29,2.31,"Reviews, Video, People also ask, Related searches, Popular products"
tv festplatte zum aufnehmen,Commercial,41,260,29,0.20,"Reviews, Image pack, Video, People also ask, Related searches, Popular products, Ads bottom"
tv lj,"Informational, Transactional",39,260,31,0.36,"Video, People also ask, Related searches, Popular products"
tv reciever,Commercial,43,260,36,1.00,"Video, People also ask, Related searches, Popular products, Ads bottom"
tv roku stick,"Informational, Transactional",45,260,30,0.33,"Reviews, Video, People also ask, Related searches, Popular products"
tv samsung angebote,Commercial,34,260,27,0.30,"Video, People also ask, Related searches, Popular products, Ads top, Ads bottom"
tv smart tv 80 cm,Commercial,40,260,23,0.15,"Reviews, Video, People also ask, Related searches, Popular products"
tv stick im vergleich,Commercial,56,260,27,0.66,"Sitelinks, Video, Video carousel, People also ask, Related searches, Ads top, Ads bottom"
tv sticks best,Commercial,45,260,33,0.59,"Featured snippet, Sitelinks, Reviews, Video, Video carousel, Related searches, Popular products, Ads bottom"
tv streamer,"Informational, Transactional",50,260,31,1.54,"Reviews, Image pack, Video, Video carousel, People also ask, Related searches, Popular products, Ads top, Ads bottom"
tv streaming box,Commercial,53,260,35,1.61,"Sitelinks, Reviews, Video, Video carousel, People also ask, Knowledge panel, Related searches"
tv telekom internet,Transactional,42,260,37,2.55,"Reviews, Video, People also ask, Related searches, Ads top, Ads middle"
usb recording,"Informational, Commercial",35,260,23,0.00,"Sitelinks, Reviews, Video, People also ask, Related searches"
vergleich fernsehen internet,Commercial,42,260,36,1.49,"Reviews, Video, People also ask, Related searches, Ads top, Ads middle"
viva premium iptv,Transactional,46,260,14,0.00,"Reviews, People also ask, Related searches"
welche iptv box ist die beste,Commercial,56,260,21,0.00,"Video, People also ask, Related searches, Popular products"
welcher fire tv stick ist der beste,Commercial,43,260,30,0.34,"Sitelinks, AI Overview, Reviews, Video, Video carousel, People also ask, Related searches"
welcher tv anbieter ist der beste,Commercial,46,260,39,1.55,"Sitelinks, AI Overview, Reviews, Image, Video, People also ask, Related searches"
wlan adapter von samsung,"Informational, Commercial",41,260,25,0.10,"Reviews, Video, Related searches, Popular products"
xiaomi fernseher 55 zoll,"Informational, Transactional",43,260,33,0.14,"Reviews, Image, Video, People also ask, Related searches, Popular products"
zattoo vs waipu,Commercial,30,260,23,1.99,"Sitelinks, AI Overview, Reviews, Video, People also ask, Related searches"
zimmerantenne für fernsehen,Commercial,43,260,28,0.30,"Video, People also ask, Related searches, Popular products, Ads middle"
32 inch televisie,Commercial,38,210,17,0.17,"Reviews, Video, Video carousel, People also ask, Related searches, Popular products"
32 inch television,Commercial,33,210,20,0.16,"Reviews, Image, Video, Video carousel, People also ask, Related searches, Popular products"
32 televisions,"Informational, Commercial",37,210,28,0.16,"Video, Video carousel, People also ask, Related searches, Popular products"
32 televizor,"Informational, Commercial",0,210,25,0.15,"Image pack, Video, People also ask, Related searches, Popular products"
32 zoll fernseher im angebot,Commercial,39,210,23,0.17,"Sitelinks, Video, People also ask, Related searches, Popular products"
32zoll fernseher,Commercial,39,210,30,0.18,"Image pack, Video, Video carousel, People also ask, Related searches, Popular products"
4k google tv,"Informational, Transactional",45,210,41,0.34,"Reviews, Video, People also ask, Related searches, Popular products"
4k tv samsung,Commercial,46,210,32,0.22,"Reviews, People also ask, Related searches, Popular products"
60 zoll samsung tv,"Informational, Transactional",36,210,29,0.19,"Reviews, People also ask, Related searches, Popular products"
80 cm smart tv,Commercial,40,210,23,0.18,"Reviews, Video, People also ask, Related searches, Popular products"
adapter apple hdmi,"Informational, Transactional",38,210,32,0.11,"Image pack, People also ask, Related searches, Popular products"
airtel xstream stick,"Informational, Transactional",56,210,34,0.00,"Reviews, Image pack, Video, Video carousel, People also ask, Related searches"
alternative zu waipu tv,"Informational, Commercial",42,210,28,0.66,"Sitelinks, AI Overview, Reviews, Video, People also ask, Related searches"
amazin tv stick,Commercial,47,210,37,0.60,"Reviews, Video, Short videos, People also ask, Related searches, Popular products, Ads top, Ads bottom"
amazon fernseher 32 zoll,"Navigational, Transactional",42,210,34,0.06,"People also ask, Related searches, Popular products"
amazon fire stick 4k max,"Informational, Transactional",44,210,26,0.42,"Reviews, Video, People also ask, Related searches, Popular products, Ads bottom"
amazon fire stick tv 4k,Transactional,49,210,46,0.66,"People also ask, Knowledge panel, Related searches"
amazon fire tv 4k,"Informational, Transactional",46,210,33,0.50,"Reviews, Video, People also ask, Related searches, Popular products"
amazon fire tv stick mediamarkt,"Navigational, Transactional",37,210,34,0.29,"People also ask, Related searches, Popular products"
amazon fire tv sticks,"Informational, Transactional",47,210,36,0.59,"People also ask, Related searches, Popular products"
amazon prime tv box,"Navigational, Transactional",49,210,32,0.69,"People also ask, Related searches, Popular products"
amazon prime tv stick,"Informational, Transactional",46,210,37,0.51,"Reviews, Video, People also ask, Related searches, Popular products"
amazon tv box,"Informational, Transactional",52,210,32,0.69,"People also ask, Related searches, Popular products"
amazon tv stick prime,"Informational, Transactional",49,210,40,0.56,"Reviews, Video, People also ask, Related searches, Popular products"
amazon usb sticks,Transactional,42,210,35,0.16,"People also ask, Related searches, Popular products, Ads top, Ads bottom"
anbieter für fernsehen,"Informational, Commercial",47,210,35,2.50,"AI Overview, Reviews, Video, People also ask, Related searches"
android media streaming box,"Informational, Transactional",51,210,24,0.50,"Video, People also ask, Related searches, Popular products"
android os for smart tv,"Informational, Transactional",51,210,48,0.22,"Reviews, Video, Video carousel, People also ask, Related searches, Popular products"
android smart television,"Informational, Commercial",48,210,24,0.22,"Video, Video carousel, People also ask, Related searches, Popular products"
android smart televizori,"Informational, Transactional",55,210,27,0.21,"Reviews, Video, People also ask, Knowledge panel, Related searches, Popular products"
angebote 32 zoll fernseher,Commercial,34,210,21,0.17,"Video, Related searches, Popular products"
angebote fernseher 32 zoll,Commercial,36,210,26,0.17,"Sitelinks, Video, People also ask, Related searches, Popular products"
antenne für dvb t2 hd,Commercial,36,210,24,0.20,"Video, People also ask, Related searches, Popular products"
apple stream,"Navigational, Transactional",43,210,64,0.87,"Sitelinks, Reviews, Video, People also ask, Related searches"
apple television price,"Navigational, Transactional",35,210,39,0.39,"Sitelinks, People also ask, Related searches, Popular products"
apple tv 3 apple,"Navigational, Transactional",38,210,48,0.00,"Video, People also ask, Related searches, Popular products"
apple tv 4k 128 gb,"Informational, Transactional",42,210,44,0.31,"Sitelinks, Reviews, People also ask, Knowledge panel, Related searches, Ads middle"
apple tv 4k 2022,"Navigational, Transactional",43,210,42,0.32,"Sitelinks, Reviews, Video, People also ask, Related searches, Popular products"
apple tv apple tv 3,"Navigational, Transactional",38,210,49,0.00,"Video, People also ask, Related searches"
apple tv telekom,"Informational, Transactional",44,210,21,4.68,"Reviews, Video, Video carousel, People also ask, Related searches"
apple tv+ angebot,"Informational, Transactional",41,210,38,0.00,"Reviews, Video, People also ask, Related searches"
apple vs fire tv,Commercial,41,210,10,0.00,"AI Overview, Reviews, Image pack, Video, Video carousel, People also ask, Related searches"
apple. tv,"Informational, Transactional",40,210,69,0.61,"Sitelinks, Reviews, Video, People also ask, Related searches, Popular products"
appleplus,"Navigational, Transactional",34,210,70,0.94,"Sitelinks, Reviews, Video, Video carousel, People also ask, Related searches"
apps tv apps,Commercial,46,210,30,1.72,"Reviews, People also ask, Related searches"
aufnahmegerät vom fernseher,"Informational, Commercial",44,210,23,0.12,"Reviews, Video, People also ask, Related searches, Popular products"
beste iptv app für fire stick,Commercial,51,210,7,0.00,"Sitelinks, AI Overview, Video, Video carousel, People also ask, Related searches"
beste iptv player,Commercial,52,210,21,0.00,"AI Overview, Reviews, Video, Video carousel, People also ask, Related searches"
beste iptv player android,Commercial,58,210,18,0.00,"Sitelinks, AI Overview, Reviews, Video, Video carousel, People also ask, Related searches"
beste tv box,Commercial,51,210,28,0.63,"Reviews, Video, People also ask, Related searches, Popular products, Ads bottom"
bester android tv box,Commercial,50,210,23,0.27,"Sitelinks, Reviews, Video, Video carousel, People also ask, Related searches, Popular products"
bester streaming stick,Commercial,45,210,35,0.64,"Sitelinks, Reviews, Instant answer, Video, People also ask, Related searches, Popular products"
dab radio technisat,Transactional,41,210,27,0.13,"People also ask, Related searches, Popular products"
die besten streaming dienste,Commercial,40,210,34,1.37,"AI Overview, Reviews, Video, People also ask, Related searches, Ads middle"
digitale fernseher,"Informational, Transactional",37,210,25,1.70,"Reviews, Video, People also ask, Knowledge panel, Related searches, Popular products, Ads bottom"
dvb antenne test,Commercial,39,210,26,0.12,"Reviews, Video, People also ask, Related searches, Popular products"
dvb t antennen im test,Commercial,39,210,26,0.12,"Reviews, Video, People also ask, Related searches, Popular products"
dvb t2 hd antenne,Commercial,42,210,28,0.20,"Reviews, Video, Video carousel, People also ask, Related searches, Popular products"
dvb t2 hd receiver,Commercial,40,210,26,0.35,"Video, Video carousel, People also ask, Related searches, Popular products"
dvb t2hd,"Informational, Transactional",37,210,34,0.51,"Reviews, Video, People also ask, Knowledge panel, Related searches"
dvb-t2 antenne mit großer reichweite,Commercial,44,210,17,0.14,"Sitelinks, Video, People also ask, Related searches, Popular products, Ads bottom"
entertain von telekom,Transactional,38,210,56,3.87,"AI Overview, Reviews, Video, People also ask, Related searches, Ads top, Ads middle"
externe festplatte zum aufnehmen vom tv,Commercial,41,210,25,0.21,"Reviews, Video, People also ask, Related searches, Popular products"
fernseh antenne,"Informational, Transactional",35,210,24,0.39,"Video, People also ask, Knowledge panel, Related searches, Popular products"
fernseh festplatte,Commercial,43,210,30,0.18,"Reviews, Image pack, Video, People also ask, Related searches"
fernsehen internet vergleich,Commercial,45,210,37,1.61,"Sitelinks, AI Overview, Reviews, Video, People also ask, Related searches"
fernsehen mit integriertem sat receiver,Commercial,46,210,18,0.17,"Video, People also ask, Related searches, Popular products"
fernsehen über internet telekom,Commercial,37,210,48,2.24,"AI Overview, Reviews, Video, People also ask, Related searches, Ads bottom, Ads middle"
fernseher 32 zoll samsung,Commercial,38,210,30,0.15,"Video, People also ask, Related searches, Popular products"
fernseher 32 zoll weiß,"Informational, Commercial",41,210,23,0.19,"Reviews, Image, Image pack, Video, People also ask, Related searches, Popular products, Ads top, Ads bottom"
fernseher mit antenne,Commercial,47,210,17,0.47,"Reviews, Image pack, Video, People also ask, Related searches, Popular products"
fernseher mit antennenanschluss,Commercial,40,210,24,0.51,"Reviews, Video, People also ask, Related searches, Popular products"
fernseher mit aufnahmefunktion und festplatte,Commercial,38,210,22,0.20,"Sitelinks, Reviews, Video, People also ask, Related searches"
fernseher mit oled,Commercial,39,210,27,0.30,"Reviews, Video, People also ask, Related searches, Popular products"
fernseher samsung oled,Commercial,36,210,30,0.35,"People also ask, Related searches, Popular products"
fernseher sat receiver integriert,Commercial,43,210,20,0.17,"Video, People also ask, Related searches, Popular products"
fire tv stick 3 gen,Commercial,40,210,13,0.19,"Sitelinks, Reviews, Video, Video carousel, People also ask, Related searches, Popular products, Ads middle"
fire tv stick box,"Informational, Transactional",45,210,24,0.47,"Reviews, Video, Video carousel, People also ask, Related searches"
fire tv stick vs apple tv,Commercial,42,210,26,0.00,"AI Overview, Reviews, Video, Video carousel, People also ask, Related searches"
firetvstick,Commercial,36,210,30,0.47,"Reviews, Video, People also ask, Related searches, Popular products, Ads bottom"
germaniptv,Commercial,40,210,17,0.88,"Video, People also ask, Related searches"
google box tv,"Informational, Commercial",52,210,34,0.42,"Reviews, Video, Video carousel, People also ask, Related searches, Popular products"
google chromecast stick,"Informational, Commercial",50,210,33,0.57,"Reviews, Video, People also ask, Related searches, Popular products"
google tv 4k,"Navigational, Transactional",50,210,44,0.40,"Video, Video carousel, People also ask, Related searches, Popular products"
hd antenne,"Informational, Commercial",45,210,29,0.36,"Video, People also ask, Related searches, Popular products"
hd receiver kaufen,Transactional,43,210,33,0.33,"Video, People also ask, Local pack, Related searches, Popular products"
hdtv sat receiver,"Informational, Transactional",45,210,26,0.08,"Video, Video carousel, People also ask, Related searches, Popular products"
idealo apple tv,"Navigational, Transactional",40,210,31,0.00,"Reviews, People also ask, Related searches"
internet browser for google tv,Commercial,49,210,28,0.00,"AI Overview, Reviews, Video, Video carousel, People also ask, Related searches, Ads middle"
internet fernsehen telekom,Commercial,36,210,57,1.18,"AI Overview, Reviews, Video, People also ask, Related searches, Ads bottom, Ads middle"
internet und tv telekom,Transactional,38,210,34,2.15,"Reviews, Video, People also ask, Related searches, Ads top, Ads middle"
ip tv player,"Informational, Commercial",64,210,38,0.53,"Reviews, Video, Video carousel, People also ask, Related searches"
ip tv receiver,"Informational, Commercial",52,210,19,0.00,"Video, People also ask, Related searches, Popular products"
ip tv smart,Commercial,54,210,36,0.00,"Reviews, Image pack, Video, People also ask, Related searches"
ip-tv player,Commercial,60,210,39,0.53,"Reviews, Video, People also ask, Related searches"
iptv box kaufen,Transactional,54,210,24,0.00,"Video, People also ask, Related searches, Popular products"
iptv code kaufen,Commercial,50,210,13,0.00,"AI Overview, Related searches"
iptv deutschland anbieter,"Informational, Commercial",58,210,32,0.00,"AI Overview, Video, Short videos, People also ask, Related searches"
iptv kodi,Commercial,55,210,24,0.00,"AI Overview, Reviews, Video, Video carousel, People also ask"
iptv player for windows,"Informational, Commercial",54,210,30,0.00,"Reviews, Video, Related searches"
iptv services,"Informational, Commercial",49,210,26,0.00,"Sitelinks, Video, Video carousel, People also ask, Related searches"
iptv smart apk,"Informational, Transactional",62,210,25,0.00,"Reviews, Video, Related searches"
iptv testen,Commercial,57,210,0,0.00,Related searches
iptv tv box,Commercial,62,210,21,0.00,"People also ask, Related searches, Popular products"
iptvhdserver,"Navigational, Transactional",48,210,10,0.00,"Sitelinks, Reviews, Video, People also ask, Ads top, Ads middle"
kaufen iptv,Commercial,59,210,30,0.00,"Video, People also ask, Related searches, Popular products"
kleinen fernseher günstig,Commercial,46,210,21,0.18,"Sitelinks, Reviews, People also ask, Related searches, Popular products"
led tv 32 zoll,Commercial,41,210,24,0.17,"Video, Video carousel, People also ask, Related searches, Popular products"
lg 32 zoll tv,"Informational, Transactional",38,210,24,0.22,"Video, People also ask, Related searches, Popular products"
lg 50 zoll tv,Commercial,40,210,30,0.27,"Image, Video, People also ask, Related searches, Popular products"
lg 55 inch tv,"Informational, Transactional",38,210,37,0.27,"Video, People also ask, Related searches, Popular products"
lg 55 oled,"Navigational, Transactional",37,210,32,0.42,"Sitelinks, Reviews, Video, Video carousel, People also ask, Related searches, Popular products, Ads bottom"
lg c3 65 zoll,"Informational, Commercial",33,210,27,0.27,"Reviews, Image, Video, People also ask, Related searches"
lg qled 55,"Informational, Transactional",39,210,30,0.21,"Video, People also ask, Related searches, Popular products"
lg qled 55 zoll,Commercial,41,210,36,0.33,"Video, People also ask, Related searches, Popular products"
lightning connector to hdmi cable,"Informational, Transactional",37,210,24,0.10,"People also ask, Related searches, Popular products"
lightning kabel zu hdmi,"Informational, Transactional",35,210,24,0.11,"Video, People also ask, Related searches, Popular products, Ads top, Ads bottom"
lightning naar hdmi kabel,"Informational, Transactional",35,210,24,0.13,"Video, People also ask, Related searches, Popular products"
lightning to hdmi,"Informational, Transactional",35,210,24,0.11,"Reviews, Image pack, Video, Video carousel, People also ask, Related searches, Popular products"
magenta angebote telekom,"Navigational, Transactional",31,210,39,1.63,"Sitelinks, Reviews, Video, People also ask, Related searches"
magenta box kaufen,Transactional,36,210,24,2.10,"Image pack, People also ask, Related searches, Popular products"
magenta live tv,"Informational, Transactional",44,210,50,3.25,"Reviews, Video, People also ask, Related searches"
magenta preise,"Navigational, Transactional",33,210,34,2.89,"Sitelinks, AI Overview, Reviews, Video, People also ask, Related searches"
magenta tv alternative,"Informational, Commercial",49,210,19,1.18,"Sitelinks, AI Overview, Reviews, Video, People also ask, Related searches"
magenta tv alternativen,Commercial,49,210,23,1.69,"AI Overview, Reviews, Video, People also ask, Related searches"
magenta tv one 2 generation kaufen,Transactional,39,210,23,1.76,"People also ask, Related searches, Popular products, Ads bottom"
magenta tv one 2. generation bedienungsanleitung,"Informational, Transactional",34,210,17,0.00,"Video, Video carousel, People also ask, Related searches"
magentatv receiver,"Informational, Transactional",49,210,22,2.85,"Reviews, People also ask, Related searches, Popular products"
media markt samsung tv 55 zoll,Transactional,39,210,33,0.20,"Related searches, Popular products, Ads top, Ads bottom"
media markt satelliten receiver,"Informational, Transactional",44,210,24,0.04,"Image pack, People also ask, Related searches, Popular products"
netflix tv stick,Transactional,46,210,41,0.39,"Sitelinks, Reviews, Video, People also ask, Related searches, Popular products"
neueste fernseher von samsung,"Informational, Transactional",37,210,43,0.24,"Sitelinks, People also ask, Related searches, Popular products"
neuester samsung fernseher,"Informational, Transactional",37,210,44,0.22,"Sitelinks, People also ask, Related searches, Popular products"
oled 55,"Informational, Commercial",41,210,25,0.27,"Video, Video carousel, People also ask, Related searches, Popular products"
oled tv lg,Commercial,40,210,37,0.40,"Reviews, Image pack, Video, People also ask, Related searches, Popular products"
oled65b49la,"Informational, Transactional",37,210,34,0.36,"Sitelinks, Reviews, Image, Video, People also ask, Knowledge panel, Related searches, Ads bottom"
play store video player,"Navigational, Transactional",40,210,32,0.85,"Reviews, Related searches"
preis magenta tv,Transactional,41,210,45,0.86,"AI Overview, Reviews, Video, People also ask, Related searches"
receiver für fernsehen,Commercial,41,210,30,0.74,"Video, Video carousel, People also ask, Related searches, Popular products"
receiver kabel mit aufnahmefunktion,"Informational, Commercial",42,210,21,0.20,"Video, People also ask, Related searches"
receiver mit aufnahmefunktion kabel,Commercial,40,210,19,0.20,"Video, People also ask, Related searches, Popular products, Ads middle"
receiver mit festplatte kabel,"Informational, Commercial",44,210,22,0.15,"Video, People also ask, Related searches, Popular products"
receiver mit festplatte satellit,"Informational, Commercial",38,210,17,0.12,"Video, People also ask, Related searches, Popular products"
recommended iptv providers,Commercial,44,210,44,0.00,"Sitelinks, People also ask, Related searches"
refurbished apple tv 4k,Commercial,36,210,30,0.38,Related searches
resiever,Commercial,29,210,25,0.88,"Video, People also ask, Related searches, Popular products"
samsung 4k fernseher,Commercial,46,210,28,0.23,"People also ask, Related searches"
samsung 60 zoll fernseher,Commercial,38,210,30,0.19,"Reviews, Image, People also ask, Related searches, Popular products"
samsung 60 zoll tv,Commercial,37,210,26,0.19,"Reviews, People also ask, Related searches, Popular products"
samsung 95 zoll,Transactional,38,210,33,0.24,"Reviews, Video, People also ask, Related searches, Popular products"
samsung fernseher uhd tv,"Informational, Transactional",39,210,30,0.29,"People also ask, Related searches, Popular products"
samsung flachbildfernseher,Commercial,37,210,40,0.26,"People also ask, Related searches, Popular products"
samsung super hd tv,"Informational, Transactional",36,210,40,0.21,"Reviews, Video, People also ask, Related searches"
samsung television,"Informational, Transactional",40,210,34,0.38,"People also ask, Related searches, Popular products"
samsung tv 55 zoll media markt,Commercial,37,210,36,0.20,"Sitelinks, People also ask, Related searches, Popular products, Ads top, Ads middle"
samsung tvs 55,Commercial,40,210,30,0.31,"People also ask, Related searches, Popular products"
samsung uhd tv,"Informational, Transactional",41,210,30,0.21,"Reviews, People also ask, Related searches, Popular products"
samsung ultra high definition tv,Transactional,32,210,32,0.21,"Reviews, People also ask, Related searches, Popular products"
sat receiver hd test,Commercial,41,210,26,0.10,"Sitelinks, Reviews, Video, Video carousel, People also ask, Related searches"
sat receiver mit aufnahmefunktion und festplatte,"Informational, Commercial",36,210,13,0.16,"Sitelinks, Video, People also ask, Related searches, Popular products"
sat receiver mit festplatte und aufnahmefunktion,"Informational, Commercial",36,210,12,0.16,"People also ask, Related searches, Popular products"
sat receiver mit smart tv,Commercial,47,210,23,0.13,"Video, People also ask, Related searches, Popular products"
satelliten festplattenreceiver,Commercial,37,210,19,0.16,"Reviews, Video, People also ask, Related searches, Popular products"
satelliten receiver mit festplatte,Commercial,40,210,18,0.12,"People also ask, Related searches"
sky mini box,"Informational, Transactional",39,210,28,1.22,"Reviews, Video, People also ask, Related searches, Popular products"
sky q mini kaufen,Transactional,37,210,30,0.69,"Reviews, Video, People also ask, Related searches, Popular products"
sky sat receiver,Commercial,46,210,34,2.45,"Reviews, Video, People also ask, Related searches, Popular products"
smart receiver,Commercial,41,210,25,0.69,"Reviews, Image pack, Video, People also ask, Related searches, Popular products"
smart tv box test,Commercial,49,210,44,0.33,"Sitelinks, Reviews, Video, People also ask, Related searches, Popular products"
smart tv lg tv,Transactional,46,210,37,0.33,"Video, Video carousel, People also ask, Related searches, Popular products"
smart tv player,"Informational, Transactional",49,210,29,0.45,"Reviews, Video, Video carousel, People also ask, Related searches"
smart tv.,Commercial,47,210,33,0.29,"Video, People also ask, Related searches, Popular products"
smart tvs samsung,"Informational, Transactional",48,210,37,0.24,"People also ask, Related searches, Popular products"
sony fernseher android,"Informational, Transactional",44,210,25,0.21,"Sitelinks, People also ask, Related searches, Popular products"
streaming anbieter im vergleich,Commercial,42,210,40,1.58,"AI Overview, Reviews, Video, People also ask, Related searches, Ads bottom"
streaming box android,Commercial,57,210,24,0.50,"Sitelinks, Video, Video carousel, People also ask, Related searches, Popular products"
streaming stick vergleich,Commercial,43,210,32,0.47,"Sitelinks, Reviews, Video, People also ask, Related searches"
technisat internetradios,"Informational, Transactional",40,210,27,0.16,"Video, People also ask, Related searches, Popular products"
telecom angebote,Transactional,36,210,38,0.97,"Reviews, Video, People also ask, Related searches, Ads top, Ads middle"
telekom apple tv,"Navigational, Transactional",44,210,21,7.85,"Reviews, Video, People also ask, Related searches"
telekom big tv,"Navigational, Transactional",35,210,21,5.28,"Reviews, Video, People also ask, Related searches"
telekom internet und fernsehen,"Navigational, Transactional",40,210,34,1.80,"Reviews, Video, People also ask, Related searches"
telekom kundenservice magentatv,"Navigational, Transactional",46,210,47,0.28,"Video, People also ask, Related searches"
telekom senderliste,"Navigational, Transactional",36,210,31,7.36,"People also ask, Related searches"
telekom tv receiver,Transactional,46,210,24,1.73,"Video, Video carousel, People also ask, Related searches"
television telekom,Transactional,40,210,58,2.14,"AI Overview, Reviews, Video, People also ask, Related searches, Ads top"
test sat receiver,Commercial,40,210,12,0.09,"Reviews, Video, Related searches, Popular products"
tv android smart tv,"Informational, Transactional",51,210,21,0.21,"Video, Video carousel, People also ask, Related searches, Popular products"
tv android sony,"Informational, Transactional",43,210,28,0.21,"Sitelinks, Reviews, People also ask, Related searches, Popular products"
tv apple 3,"Informational, Transactional",36,210,41,0.00,"Reviews, Video, People also ask, Related searches, Popular products"
tv box apple,"Informational, Transactional",54,210,54,0.00,"Reviews, Video carousel, People also ask, Related searches, Popular products"
tv geräte 32 zoll,Commercial,43,210,29,0.16,"Video, Video carousel, People also ask, Related searches, Popular products, Ads top, Ads bottom"
tv geräte samsung,Commercial,40,210,39,0.22,"People also ask, Related searches, Popular products"
tv internet anbieter vergleich,Commercial,47,210,36,1.58,"Sitelinks, Reviews, People also ask, Related searches"
tv internet telekom,"Navigational, Transactional",40,210,56,2.55,"Reviews, Video, People also ask, Related searches"
tv mit aufnahmefunktion,Commercial,41,210,24,0.20,"Video, People also ask, Related searches, Popular products"
tv mit receiver,Commercial,45,210,24,0.74,"Video, People also ask, Related searches, Popular products"
tv samsung kaufen,Transactional,37,210,38,0.38,"People also ask, Related searches, Popular products"
tv samsung ultra hd,"Informational, Transactional",36,210,32,0.21,"People also ask, Related searches, Popular products"
tv stick amazon prime,"Informational, Transactional",43,210,36,0.56,"Reviews, Video, People also ask, Related searches, Popular products"
tv tarife,"Informational, Commercial",40,210,43,2.03,"AI Overview, Reviews, Video, People also ask, Related searches, Ads top"
tv-antenne für alle sender,Commercial,39,210,24,0.44,"Reviews, Video, People also ask, Related searches, Popular products"
vergleich internet tv anbieter,Commercial,48,210,35,1.58,"Sitelinks, Reviews, Video, People also ask, Related searches"
vergleich streaming anbieter,Commercial,45,210,42,1.84,"Reviews, Video, People also ask, Related searches"
waipu tv bewertungen,Commercial,41,210,16,0.00,"AI Overview, Reviews, Video, Video carousel, People also ask, Related searches"
was ist set top box,"Informational, Commercial",43,210,14,0.00,"Reviews, Image, Video, People also ask, Related searches, Popular products"
wlan für fernseher nachrüsten,Commercial,42,210,29,0.45,"Video, People also ask, Related searches, Popular products"
wlan nachrüsten fernseher,Commercial,41,210,27,0.45,"Video, People also ask, Related searches, Popular products"
wm magenta tv,"Informational, Commercial",46,210,,5.34,"Reviews, Video, Video carousel, Top stories, Related searches"
wow tv magenta,"Informational, Commercial",40,210,21,1.20,"Sitelinks, AI Overview, Reviews, Video, People also ask, Related searches"
übersicht samsung tv modelle,"Informational, Transactional",38,210,35,0.28,"Sitelinks, Video, People also ask, Related searches"
24 zoll fernseher samsung,Commercial,37,170,24,0.13,"People also ask, Related searches, Popular products"
32 zoll fernseher im raum,Commercial,38,170,28,0.00,"Sitelinks, Reviews, Video, Video carousel, People also ask, Related searches, Popular products"
32 zoll fernseher kaufen,Transactional,42,170,31,0.16,"Sitelinks, Video, People also ask, Related searches, Popular products"
32 zoll lg tv,"Informational, Transactional",41,170,30,0.22,"Video, People also ask, Related searches, Popular products"
32 zoll tv lg,Commercial,41,170,30,0.22,"Video, People also ask, Related searches, Popular products"
4k fernseher 55 zoll samsung,Commercial,43,170,30,0.25,"People also ask, Related searches, Popular products"
55 fernseher,Commercial,40,170,24,0.24,"Image, Video, Video carousel, People also ask, Related searches, Popular products"
70 zoll fernseher lg,Transactional,44,170,36,0.27,"Image, Video, People also ask, Related searches, Popular products"
70zoll fernseher,Commercial,47,170,24,0.25,"Reviews, Video, People also ask, Related searches, Popular products"
adapter lightning auf hdmi,"Informational, Transactional",34,170,23,0.13,"Reviews, Video, Video carousel, People also ask, Related searches, Popular products"
adapter samsung wireless lan,"Informational, Commercial",45,170,29,0.10,"Reviews, Video, People also ask, Popular products"
alternative zu waipu,"Informational, Commercial",31,170,28,0.59,"Sitelinks, AI Overview, Reviews, Video, People also ask, Related searches"
alternative zu zattoo,Commercial,35,170,17,0.80,"AI Overview, Reviews, Video, Video carousel, People also ask, Related searches"
amazon com fire tv prime,"Navigational, Transactional",46,170,41,1.12,"People also ask, Related searches"
amazon dab radio,"Navigational, Transactional",42,170,28,0.10,"Sitelinks, People also ask, Related searches, Popular products, Ads top, Ads bottom"
amazon fire tv fernseher,"Informational, Transactional",41,170,30,0.77,"Reviews, Image, People also ask, Related searches, Popular products"
amazon fire tv stick 2 generation,"Informational, Transactional",42,170,31,0.78,"Reviews, Video, People also ask, Related searches, Popular products"
amazon fire tv stick 3rd generation,Commercial,44,170,22,0.66,"Sitelinks, Reviews, Video, People also ask, Related searches, Popular products"
amazon fire tv with 4k ultra hd,"Informational, Transactional",41,170,37,0.50,"Reviews, People also ask, Related searches, Popular products"
amazon stick fire tv,"Informational, Transactional",47,170,37,0.70,"Reviews, Video, People also ask, Related searches, Popular products"
amazon stick kaufen,Transactional,41,170,28,0.45,"People also ask, Related searches, Popular products"
amazon video stick,"Informational, Transactional",42,170,30,0.56,"People also ask, Related searches, Popular products"
android tv vs google tv,"Informational, Commercial",47,170,26,0.00,"Sitelinks, AI Overview, Video, Video carousel, People also ask, Related searches"
android vs google tv,"Informational, Commercial",44,170,19,0.00,"Sitelinks, AI Overview, Video, Video carousel, Short videos, People also ask, Related searches"
angebot lg fernseher,Commercial,37,170,31,0.32,"Video, People also ask, Related searches, Popular products, Ads top, Ads bottom"
antenne dvb t2,"Informational, Commercial",32,170,25,0.16,"People also ask, Related searches, Popular products"
apple apple tv 4k 64gb,"Informational, Transactional",33,170,34,0.29,"Video, People also ask, Related searches, Popular products"
apple store apple tv,"Navigational, Transactional",33,170,60,0.92,"Sitelinks, Reviews, Video, People also ask, Related searches"
apple tv 128 gb,"Informational, Transactional",41,170,35,0.28,"Reviews, Video, People also ask, Knowledge panel, Related searches"
apple tv 4.generation,"Informational, Transactional",51,170,46,0.45,"Sitelinks, Reviews, Video, People also ask, Popular products"
apple tv 4k 6. generation,"Navigational, Transactional",45,170,44,0.20,"Sitelinks, Reviews, Video, People also ask, Related searches"
apple tv 4k 64gb,"Informational, Transactional",43,170,44,0.29,"Reviews, People also ask, Related searches, Popular products"
apple tv 4k kaufen,"Informational, Transactional",44,170,45,0.35,"People also ask, Knowledge panel, Related searches"
apple tv 4k64gb,"Informational, Transactional",35,170,49,0.29,"People also ask, Related searches, Popular products, Ads bottom"
apple tv box 4k,"Navigational, Transactional",43,170,42,0.43,"Sitelinks, Reviews, Video, People also ask, Related searches, Popular products"
apple tv box kaufen,Transactional,46,170,45,0.43,"Reviews, People also ask, Related searches, Popular products"
apple tv boxen,"Navigational, Transactional",51,170,49,0.37,"Sitelinks, Reviews, Video, People also ask, Related searches, Popular products"
apple tv gen 3,"Informational, Transactional",42,170,32,1.21,"People also ask, Related searches, Popular products"
apple tv generation 3,"Informational, Transactional",39,170,34,0.00,"Video, People also ask"
apple tv hardware,"Navigational, Transactional",45,170,50,0.18,"Sitelinks, Reviews, Video, Video carousel, People also ask, Top stories, Related searches, Popular products"
apple tv ios app,"Navigational, Transactional",43,170,51,0.00,"AI Overview, Reviews, People also ask, Related searches"
apple tv price,"Informational, Transactional",32,170,62,0.39,"People also ask, Related searches"
apple tv shop,"Navigational, Transactional",51,170,58,1.20,"Sitelinks, People also ask, Related searches"
apple tv vergleich,"Informational, Commercial",41,170,42,0.00,"AI Overview, Reviews, Video, People also ask, Related searches"
apple tv welche generation,"Informational, Transactional",37,170,37,0.00,"Reviews, People also ask, Related searches"
apple tv+ tv-sendungen,"Informational, Transactional",35,170,45,0.00,"AI Overview, Reviews, Video, People also ask, Knowledge panel, Related searches"
aufnahme tv auf externe festplatte,Commercial,43,170,22,0.21,"Sitelinks, Reviews, Video, People also ask, Related searches, Ads top, Ads bottom"
aufnahmegerät für fernseher,Commercial,44,170,19,0.12,"Reviews, Video, People also ask, Related searches"
best movie player for android,Commercial,36,170,32,0.18,"Sitelinks, AI Overview, Reviews, Video, Video carousel, People also ask, Related searches"
best streaming stick,Commercial,35,170,40,0.64,"Sitelinks, Reviews, Video, Video carousel, People also ask, Related searches, Popular products"
beste iptv anbieter deutschland,Commercial,48,170,19,0.00,"Sitelinks, AI Overview, Video, People also ask, Related searches"
beste iptv deutschland,Commercial,48,170,16,0.00,"Sitelinks, AI Overview, Video, Short videos, People also ask, Related searches"
bester fernseher von samsung,Commercial,48,170,33,0.21,"Sitelinks, Video, People also ask, Related searches"
bester iptv anbieter deutschland,Commercial,53,170,19,0.00,"Sitelinks, AI Overview, Video, Short videos, People also ask, Related searches"
bester iptv provider,Commercial,59,170,20,0.00,"Sitelinks, AI Overview, Video, People also ask, Related searches"
bester sat receiver,Commercial,39,170,21,0.14,"Sitelinks, Reviews, Video, Video carousel, People also ask, Related searches"
bester tv anbieter,Commercial,49,170,41,1.97,"Sitelinks, AI Overview, Reviews, Video, People also ask, Related searches"
chromecast 3,"Informational, Transactional",44,170,33,0.12,"Reviews, Video, People also ask, Knowledge panel, Related searches"
dazn fussbal,"Navigational, Transactional",54,170,65,0.89,"Video, Video carousel, People also ask, Top stories, Related searches"
dazn fussball live,"Navigational, Transactional",54,170,72,0.75,"Reviews, Video, Top stories, Related searches"
dazn fußball live,"Navigational, Transactional",54,170,69,0.75,"Reviews, Video, Top stories, Related searches"
digital antenne tv,Commercial,44,170,17,0.37,"Video, People also ask, Related searches, Popular products"
digitale tv antenne,Commercial,44,170,20,0.38,"Video, People also ask, Related searches"
dvb s receiver,Commercial,36,170,19,0.28,"Image pack, People also ask, Related searches, Popular products"
dvb t2 zimmerantenne,Commercial,39,170,27,0.14,"Video, People also ask, Related searches, Popular products"
dvb-s2 receiver,Commercial,40,170,19,0.16,"People also ask, Related searches, Popular products"
dvb-t2 antenne test,Commercial,39,170,28,0.11,"Reviews, Video, People also ask, Related searches, Ads bottom"
externe festplatte fernseher,"Informational, Commercial",41,170,30,0.17,"Reviews, Video, People also ask, Related searches, Ads bottom"
externe festplatte für tv aufnahme,"Informational, Commercial",39,170,23,0.21,"Reviews, Video, People also ask, Related searches, Popular products"
externe festplatte für tv aufnahmen,Commercial,39,170,25,0.18,"Reviews, Video, People also ask, Related searches, Ads bottom"
fernbedienung für alexa,"Informational, Transactional",38,170,24,0.35,"Video, Video carousel, People also ask, Related searches, Popular products"
fernseh aufnahmegerät,Commercial,43,170,27,0.12,"Sitelinks, Video, People also ask, Related searches, Popular products"
fernsehen 32,Commercial,35,170,27,0.20,"Sitelinks, Video, People also ask, Related searches, Ads top, Ads bottom"
fernsehen über internet vergleich,Commercial,45,170,36,1.61,"AI Overview, Reviews, Video, People also ask, Related searches, Ads top, Ads bottom"
fernseher 32 zoll amazon,"Navigational, Transactional",39,170,34,0.06,"People also ask, Related searches, Popular products"
fernseher 43 zoll kaufen,Transactional,36,170,24,0.27,"People also ask, Related searches, Popular products"
fernseher angebote 32 zoll,Commercial,34,170,29,0.17,"Video, People also ask, Related searches, Popular products"
fernseher apple,"Navigational, Transactional",44,170,57,0.20,"Sitelinks, Reviews, Video, Video carousel, People also ask, Related searches, Popular products"
fernseher externe festplatte,Commercial,40,170,24,0.18,"Reviews, Video, Video carousel, People also ask, Related searches, Popular products"
fernseher für küche,"Informational, Commercial",40,170,18,0.19,"Image, Image pack, Video, People also ask, Related searches, Popular products"
fernseher ok,"Informational, Commercial",44,170,24,0.14,"Sitelinks, Reviews, Image, Video, People also ask, Related searches, Popular products"
fernseher oled 55 zoll,Commercial,45,170,26,0.31,"Reviews, Video, People also ask, Related searches, Popular products"
fernseher samsung 24 zoll,Commercial,37,170,24,0.13,"Reviews, People also ask, Related searches, Popular products"
fernseher samsung 4k,Commercial,43,170,30,0.24,"Video, People also ask, Related searches, Popular products"
fernseher samsung weiß,Commercial,41,170,22,0.24,"Video, Related searches, Popular products"
fernseher weiß samsung,Commercial,38,170,24,0.14,"People also ask, Related searches, Popular products"
fernsehern samsung,Commercial,48,170,41,0.23,"Video, Video carousel, People also ask, Related searches, Popular products, Ads bottom"
festplatte extern für fernseher,Commercial,40,170,30,0.18,"Reviews, Video, People also ask, Related searches, Popular products"
festplatten receiver,"Informational, Commercial",40,170,20,0.20,"Reviews, Video, People also ask, Related searches"
festplatten satelliten receiver,Commercial,40,170,19,0.16,"Reviews, Video, People also ask, Related searches, Popular products"
fire tv stick 1 generation,"Informational, Transactional",49,170,20,0.13,"Video, Video carousel, People also ask, Related searches"
firestick 4k max,Commercial,50,170,24,0.33,"Reviews, Video, Video carousel, People also ask, Related searches, Popular products"
flixi tv stick kaufen,"Informational, Transactional",56,170,24,0.56,"Sitelinks, Reviews, Video, Video carousel, People also ask, Related searches, Popular products"
flixy tv stick kaufen,Transactional,56,170,15,0.68,"Sitelinks, Video, People also ask, Related searches, Popular products"
fußball live dazn,"Navigational, Transactional",54,170,69,0.75,"Reviews, Video, Top stories, Related searches"
germany ip tv,Commercial,42,170,16,0.87,"AI Overview, Video, People also ask, Related searches"
geräte zum streamen,Commercial,47,170,23,0.63,"Video, People also ask, Related searches, Popular products"
google 4k streamer,"Informational, Transactional",47,170,47,0.24,"Video, Video carousel, People also ask, Related searches, Popular products, Ads bottom"
günstige 32 zoll fernseher,"Informational, Commercial",41,170,24,0.18,"Sitelinks, Video, People also ask, Related searches, Popular products"
hardware apple tv,Transactional,43,170,51,0.16,"Sitelinks, Video, People also ask, Related searches"
hd kabel receiver,Commercial,50,170,18,0.37,"Reviews, Image pack, Video, Video carousel, People also ask, Related searches, Popular products"
hd sat receiver mit hd+ karte,Commercial,49,170,21,0.14,"People also ask, Related searches, Popular products"
hdmi kabel lightning,"Informational, Transactional",36,170,24,0.11,"Reviews, Video, People also ask, Related searches, Popular products"
ip tv boxen,"Informational, Commercial",59,170,25,0.00,"Video, Video carousel, People also ask, Related searches, Popular products"
ip tv smart player,Transactional,56,170,31,0.00,"Reviews, Video, People also ask, Related searches"
iptv best,Commercial,57,170,26,0.00,"Sitelinks, AI Overview, Video, Video carousel, People also ask, Related searches"
iptv buy,"Informational, Commercial",48,170,45,0.00,"AI Overview, Video, Related searches"
iptv kaufen deutschland,Commercial,63,170,19,0.00,"Video, Related searches"
iptv service,"Informational, Commercial",54,170,32,0.00,"AI Overview, Reviews, Video, Video carousel, People also ask, Related searches"
iptv smarters pro apk download,Commercial,49,170,33,0.00,"Reviews, Video, People also ask, Related searches"
iptv smarters pro download android,Commercial,50,170,33,0.00,"Reviews, Video carousel, Related searches"
iptv smarters pro mac,Commercial,49,170,37,0.00,"Reviews, Video, Related searches"
iptv streamer,Commercial,59,170,29,0.00,"Reviews, Video, People also ask, Related searches"
iptv telekom,"Navigational, Transactional",53,170,65,0.00,"Sitelinks, AI Overview, Reviews, Video, People also ask, Related searches"
kabel hdmi lightning,"Informational, Transactional",36,170,24,0.11,"Image pack, Video, People also ask, Related searches, Popular products"
kabel lightning auf hdmi,"Informational, Commercial",35,170,24,0.11,"Reviews, Video, People also ask, Related searches"
kabel receiver für sky,Commercial,47,170,32,1.74,"Sitelinks, Reviews, Video, People also ask, Related searches, Popular products"
kabel receiver mit sky,Commercial,44,170,27,2.10,"Reviews, Video, Video carousel, People also ask, Related searches, Popular products, Ads bottom"
kleiner fernseher schlafzimmer,"Informational, Commercial",34,170,24,0.15,"Image pack, People also ask, Related searches, Popular products"
kleiner samsung fernseher,Commercial,41,170,27,0.10,"Video, People also ask, Related searches, Popular products"
lg 55 tv oled,Commercial,40,170,31,0.30,"Video, People also ask, Related searches, Popular products, Ads bottom"
lg 70 zoll,"Informational, Transactional",38,170,32,0.34,"Reviews, People also ask, Related searches, Popular products"
lg fernseher 70 zoll,Commercial,38,170,33,0.27,"Reviews, Image, People also ask, Related searches, Popular products"
lg fernseher media markt,Transactional,36,170,38,0.28,"Sitelinks, Video, People also ask, Related searches, Popular products"
lg led tv,Transactional,37,170,37,0.84,"Video, People also ask, Related searches, Popular products, Ads bottom"
lg television sets,Commercial,36,170,33,0.31,"Video, Video carousel, People also ask, Related searches, Popular products"
lg tv 65 zoll oled,"Informational, Transactional",39,170,36,0.39,"Video, People also ask, Related searches, Popular products"
lgoled,"Informational, Transactional",30,170,26,0.45,"People also ask, Related searches, Popular products"
magenta big tv,Commercial,36,170,17,4.48,"Sitelinks, AI Overview, Reviews, Video, People also ask, Related searches"
magenta ohne telekom,"Informational, Commercial",37,170,31,5.71,"AI Overview, Reviews, People also ask, Related searches, Ads top"
magenta tv fernseher,"Informational, Transactional",47,170,46,3.53,"Reviews, Image, Video, People also ask, Related searches"
magenta tv ohne festnetz,"Informational, Commercial",45,170,31,2.63,"Sitelinks, AI Overview, Reviews, Video, People also ask, Related searches"
magenta tv ohne telekom vertrag,"Informational, Commercial",41,170,25,2.98,"AI Overview, Reviews, Video, People also ask, Related searches"
magenta tv program,Commercial,33,170,38,2.85,"AI Overview, Reviews, Video, People also ask, Related searches, Ads top"
magenta tv reciever,"Informational, Transactional",48,170,20,2.85,"Reviews, Video, Video carousel, People also ask, Related searches, Popular products"
magenta tv stick anmelden,"Informational, Transactional",41,170,16,0.00,"AI Overview, Reviews, Video, Video carousel, People also ask, Related searches"
magenta tv vs waipu,"Informational, Commercial",43,170,19,0.00,"Sitelinks, AI Overview, Reviews, Video, People also ask, Related searches"
magentatv angebot,Commercial,37,170,43,2.57,"Reviews, People also ask, Related searches, Ads bottom"
media markt fernseher lg,"Informational, Transactional",35,170,23,0.28,"Sitelinks, Video, Related searches, Popular products"
media markt receiver,Commercial,42,170,30,0.08,"Image pack, People also ask, Related searches, Popular products"
media markt samsung fernseher 55 zoll,Transactional,35,170,32,0.18,"People also ask, Related searches, Popular products, Ads top, Ads bottom"
media markt sat receiver,"Informational, Transactional",40,170,23,0.04,"People also ask, Related searches, Popular products"
media receiver 401 typ b sw,Transactional,39,170,21,0.86,"Reviews, Video, People also ask, Related searches"
mediamarkt samsung fernseher,"Navigational, Transactional",36,170,30,0.16,"Sitelinks, People also ask, Related searches, Popular products"
mediaplayer für tv,Commercial,47,170,11,0.31,"Sitelinks, Video, People also ask, Related searches, Popular products"
ml tv stick,"Informational, Transactional",56,170,30,0.39,"Reviews, Video, Video carousel, People also ask, Knowledge panel, Related searches, Ads middle"
neuer samsung fernseher,"Informational, Transactional",35,170,48,0.24,"Sitelinks, Video, Video carousel, People also ask, Related searches, Popular products"
neuestes apple tv,"Informational, Transactional",45,170,44,0.48,"Sitelinks, Reviews, Video, Video carousel, Short videos, People also ask, Related searches, Popular products"
oled fernseher lg,Transactional,39,170,32,0.34,"Video, People also ask, Related searches, Popular products"
oled lg tv,"Informational, Transactional",44,170,32,0.40,"Video, Video carousel, People also ask, Related searches, Popular products"
oled55b49la,"Informational, Transactional",37,170,23,0.62,"Reviews, Image, Video, Knowledge panel, Related searches"
pay tv anbieter,"Informational, Commercial",44,170,27,1.69,"Sitelinks, AI Overview, Reviews, Video, People also ask, Related searches, Ads top, Ads middle"
receiver für kabel deutschland,Commercial,42,170,22,1.56,"Reviews, Video, People also ask, Related searches, Popular products"
receiver für sky kabel,"Informational, Transactional",45,170,30,2.10,"Reviews, Video carousel, People also ask, Related searches, Popular products"
receiver media markt,"Informational, Transactional",39,170,29,0.10,"Video, People also ask, Related searches, Popular products, Ads bottom"
receiver sat hd+,"Informational, Commercial",41,170,21,0.27,"People also ask, Related searches, Popular products"
receiver satellit kaufen,Transactional,40,170,30,0.12,"Sitelinks, Video, People also ask, Local pack, Related searches, Popular products"
receiver tv satellit,Commercial,47,170,21,0.42,"Video, Video carousel, People also ask, Related searches, Popular products"
reseiver,Commercial,28,170,25,0.88,"Video, People also ask, Related searches, Popular products"
reviever,Commercial,27,170,24,0.88,"Video, Video carousel, People also ask, Related searches, Popular products"
roku app,Commercial,38,170,40,0.17,"AI Overview, Reviews, People also ask, Related searches"
roku streaming 4k stick,"Informational, Transactional",49,170,29,0.20,"Reviews, Video, People also ask, Related searches, Popular products"
roku tv television,"Informational, Transactional",47,170,29,0.80,"Video, People also ask, Related searches, Popular products"
samsung 55 zoll smart tv,Commercial,41,170,30,0.23,"People also ask, Related searches, Popular products"
samsung 70 zoll,Commercial,42,170,30,0.23,"Reviews, Image, People also ask, Related searches, Popular products"
samsung android tv,"Informational, Transactional",49,170,40,0.27,"People also ask, Popular products"
samsung fernseher 4k 55 zoll,Transactional,40,170,35,0.25,"People also ask, Related searches, Popular products, Ads bottom"
samsung fernseher 55 zoll media markt,"Informational, Transactional",39,170,32,0.18,"Sitelinks, People also ask, Related searches, Popular products"
samsung fjernsyn 55,"Informational, Transactional",48,170,31,0.34,"People also ask, Related searches, Popular products"
samsung kleiner fernseher,"Informational, Transactional",36,170,25,0.10,"Video, People also ask, Related searches, Popular products, Ads bottom"
samsung neue fernseher,"Informational, Transactional",35,170,40,0.22,"Video, People also ask, Related searches, Popular products"
samsung smart tv 32,Commercial,40,170,24,0.17,"People also ask, Related searches, Popular products"
samsung uhd fernseher,"Informational, Transactional",38,170,30,0.21,"People also ask, Related searches, Popular products"
samsung ultra hd fernseher,Commercial,37,170,30,0.21,"Sitelinks, People also ask, Related searches, Popular products"
samsung ultra high def tv,"Informational, Transactional",35,170,34,0.29,"Video, People also ask"
samsung wireless lan adapter,"Informational, Commercial",43,170,29,0.00,"Reviews, Video, People also ask, Related searches, Popular products"
sat hd receiver,"Informational, Commercial",45,170,26,0.36,"Video, People also ask, Related searches"
sat receiver media markt,Transactional,40,170,23,0.04,"People also ask, Related searches, Popular products"
sateliten receiver,Commercial,43,170,23,0.22,"Image pack, Video, Video carousel, People also ask, Related searches, Popular products, Ads bottom"
satellite receiver media markt,"Informational, Transactional",40,170,19,0.04,"People also ask, Related searches, Popular products"
satelliten hd receiver,"Informational, Commercial",43,170,21,0.14,"Video, Video carousel, People also ask, Related searches, Popular products"
satelliten receiver festplatte,"Informational, Commercial",44,170,23,0.16,"Reviews, Video, People also ask, Related searches, Popular products"
satelliten receiver kaufen,Transactional,42,170,29,0.15,"Video, People also ask, Local pack, Related searches, Popular products"
sender bei magenta tv,Commercial,44,170,29,0.38,"AI Overview, Reviews, Video, People also ask, Related searches"
senderliste telekom,Transactional,36,170,33,0.00,"Reviews, Video, People also ask, Related searches"
set top boxen,Commercial,59,170,14,0.54,"Sitelinks, Image, Image pack, Video, People also ask, Related searches, Popular products"
sky q iptv box kaufen,Transactional,49,170,27,0.00,"Reviews, Video, People also ask, Related searches, Popular products"
sky reciever,Transactional,46,170,35,1.97,"Reviews, Image, Image pack, People also ask, Related searches, Popular products"
smart iptv smart tv,"Informational, Transactional",62,170,31,0.00,"Reviews, Video, Video carousel, People also ask, Related searches"
smart tv 32 zoll angebote,"Informational, Commercial",37,170,22,0.16,"Video, People also ask, Related searches, Popular products"
smart tv android,Commercial,48,170,24,0.22,"Sitelinks, Video, People also ask, Related searches, Popular products, Ads bottom"
smart tv lg fernseher,"Informational, Transactional",45,170,36,0.27,"Video, People also ask, Related searches, Popular products"
smart tv smart box,Commercial,49,170,30,0.96,"Sitelinks, Reviews, Video, Video carousel, People also ask, Related searches, Popular products"
smarters players lite,"Informational, Commercial",27,170,40,0.32,"Reviews, Video, People also ask, Knowledge panel, Related searches"
stick stream,Commercial,32,170,25,0.89,"Reviews, Video, People also ask, Related searches"
streaming geräte,"Informational, Commercial",51,170,30,0.94,"People also ask, Related searches, Popular products"
streaming pakete vergleich,"Informational, Commercial",43,170,33,1.39,"AI Overview, Reviews, Video, People also ask, Related searches"
streaming sticks for tv,Commercial,49,170,30,0.81,"Sitelinks, Reviews, Video, Video carousel, People also ask, Related searches, Popular products"
technisat cd radio,"Informational, Transactional",36,170,21,0.15,"Reviews, Video carousel, People also ask, Related searches, Popular products"
technisat receiver mit festplatte,Commercial,38,170,20,0.14,"People also ask, Related searches, Popular products"
telecom magenta,"Navigational, Transactional",36,170,63,1.82,"Reviews, People also ask, Knowledge panel, Related searches"
telekom neuvertrag,"Navigational, Transactional",31,170,50,1.87,"Sitelinks, Reviews, Video, People also ask, Related searches, Ads top, Ads bottom"
telekom resiver,"Informational, Transactional",49,170,26,2.06,"Reviews, Video, People also ask, Related searches, Popular products"
telekom tv kabel,"Navigational, Transactional",40,170,30,1.76,"AI Overview, Reviews, Video, People also ask, Related searches"
televisions 32,Commercial,35,170,28,0.17,"Reviews, Video, Video carousel, People also ask, Related searches, Popular products"
top 10 streaming dienste,"Informational, Commercial",50,170,39,1.08,"AI Overview, Video, People also ask, Related searches"
top video player for android,"Informational, Commercial",39,170,28,0.18,"Sitelinks, AI Overview, Reviews, Video, Video carousel, People also ask, Related searches"
tv 32,"Informational, Commercial",36,170,24,0.19,"Video, Video carousel, People also ask, Related searches, Popular products, Ads bottom"
tv 32 zoll smart tv,Commercial,46,170,23,0.18,"Sitelinks, Video, People also ask, Related searches"
tv 4k smart samsung,Transactional,48,170,30,0.23,"Video, Video carousel, People also ask, Related searches, Popular products"
tv 55 oled lg,Commercial,41,170,38,0.43,"Reviews, Video, People also ask, Related searches, Popular products"
tv antenna,"Informational, Transactional",37,170,24,0.18,"Image pack, Video, Video carousel, People also ask, Related searches, Popular products"
tv bro apk,Commercial,46,170,25,0.00,"Reviews, Related searches"
tv empfang ohne kabel,Commercial,45,170,24,1.06,"Sitelinks, Reviews, Video, Video carousel, People also ask, Related searches, Popular products, Ads top"
tv empfangen ohne kabel,Commercial,47,170,24,1.06,"Reviews, Video, Video carousel, People also ask, Related searches, Popular products, Ads top, Ads middle"
tv fernseher 55 zoll,Commercial,39,170,24,0.25,"People also ask, Related searches, Popular products"
tv oled 55 lg,"Informational, Commercial",49,170,34,0.43,"Reviews, Video, People also ask, Related searches, Popular products"
tv receiver kabel,Commercial,46,170,25,0.45,"Reviews, Video, Video carousel, People also ask, Related searches, Popular products"
tv samsung uhd tv,Transactional,38,170,38,0.21,"Video, People also ask, Related searches, Popular products"
tv smart samsung 4k,"Informational, Commercial",39,170,24,0.25,"People also ask, Related searches, Popular products"
tv stick ohne monatliche kosten,Commercial,44,170,27,0.70,"Sitelinks, Reviews, Video, People also ask, Related searches, Popular products"
tv streaming anbieter vergleich,Commercial,49,170,36,1.88,"Sitelinks, AI Overview, Reviews, Video, People also ask, Related searches, Ads top, Ads bottom"
tv ultra hd samsung,"Informational, Transactional",37,170,30,0.21,"Video, People also ask, Related searches, Popular products"
tv und internet vergleich,Commercial,42,170,40,2.26,"Sitelinks, Reviews, Video, People also ask, Related searches"
twin receiver mit festplatte,Commercial,35,170,19,0.15,"Video, People also ask, Related searches, Popular products"
twin sat receiver mit festplatte,Commercial,40,170,15,0.17,"Video, People also ask, Related searches, Popular products"
usb tv stick,Commercial,41,170,21,0.70,"Sitelinks, Video, People also ask, Related searches, Popular products"
vergleich internet fernsehen,Commercial,44,170,37,1.61,"Sitelinks, AI Overview, Reviews, Video, People also ask, Related searches"
vergleich internet und tv,Commercial,42,170,39,2.26,"Reviews, Video, People also ask, Related searches"
vergleich streaming dienste,Commercial,42,170,36,1.79,"AI Overview, Reviews, Video, People also ask, Related searches"
videoplayer android,"Informational, Commercial",45,170,30,0.22,"AI Overview, Reviews, Video, People also ask, Related searches"
viva iptv,"Informational, Commercial",44,170,23,0.00,"AI Overview, Reviews, People also ask"
vodafon receiver,"Informational, Transactional",37,170,38,1.35,"Reviews, Image pack, Video, People also ask, Related searches, Popular products"
weißer fernseher 32 zoll,Commercial,38,170,23,0.18,"People also ask, Related searches, Popular products"
welcher streaming anbieter ist der beste,Commercial,45,170,40,1.89,"AI Overview, Reviews, Video, Video carousel, People also ask, Related searches"
wlan für sky receiver,"Informational, Transactional",44,170,27,1.30,"Reviews, Video carousel, People also ask, Related searches"
xiaomi stick 4k,"Informational, Transactional",40,170,33,0.16,"People also ask, Knowledge panel, Related searches"
xiaomi tv 55 zoll,"Informational, Transactional",38,170,33,0.14,"Reviews, Image, Video, People also ask, Related searches, Popular products"
zimmer antenne,Commercial,40,170,24,0.26,"Image pack, People also ask, Related searches, Popular products"
zimmerantenne dvb t2,"Informational, Commercial",43,170,33,0.20,"Video, People also ask, Related searches, Popular products"
zimmerantenne mit verstärker,Commercial,36,170,19,0.23,"Image pack, Video, People also ask, Related searches, Popular products, Ads middle"
ıptv free,"Informational, Transactional",50,170,55,0.90,"Reviews, Video, Video carousel, People also ask, Related searches"
3 chromecast,"Informational, Transactional",42,140,35,1.70,"Reviews, Video, Video carousel, People also ask, Related searches, Popular products"
32 smart tv,Commercial,45,140,23,0.20,"Video, Video carousel, People also ask, Related searches, Popular products"
32 zoll fernseher 4k 120hz,Commercial,40,140,23,0.23,"Video, People also ask, Related searches, Popular products, Ads top, Ads bottom"
32 zoll fernseher 4k oled,Commercial,41,140,23,0.30,"Sitelinks, Video, People also ask, Related searches, Popular products"
32 zoll fernseher günstig,Commercial,42,140,23,0.18,"Image, Video, People also ask, Related searches, Popular products"
32 zoll fernseher mit wlan,Commercial,42,140,23,0.16,"Video, People also ask, Related searches, Popular products"
32 zoll fernseher saturn,"Navigational, Transactional",40,140,25,0.18,"People also ask, Related searches, Popular products"
32 zoll fernseher wlan,Commercial,39,140,23,0.20,"Sitelinks, Video, People also ask, Related searches, Popular products"
32 zoll oled fernseher,Commercial,40,140,23,0.30,"Sitelinks, Reviews, Video, People also ask, Related searches, Popular products"
32 zoll smart tv full hd,Commercial,45,140,26,0.20,"Sitelinks, Video, People also ask, Related searches, Popular products"
32 zoll wlan fernseher,Commercial,39,140,22,0.16,"Sitelinks, Video, People also ask, Related searches, Popular products"
4k android tv stick,"Informational, Commercial",53,140,23,0.38,"Sitelinks, Reviews, Video, Video carousel, People also ask, Related searches, Popular products"
4k samsung smart tv,"Informational, Commercial",44,140,26,0.23,"People also ask, Related searches, Popular products"
4k sat receiver,"Informational, Commercial",43,140,17,0.16,"Reviews, Video, People also ask, Related searches, Popular products"
4kiptv,Commercial,44,140,38,0.93,"Video, People also ask, Related searches"
55zoll fernseher,Commercial,41,140,30,0.24,"Video, People also ask, Related searches, Popular products, Ads bottom"
60 zoll lg fernseher,Transactional,41,140,29,0.22,"Reviews, Video, People also ask, Related searches, Popular products"
62 zoll fernseher,Commercial,37,140,28,0.20,"Sitelinks, People also ask, Related searches, Popular products"
70 zoll samsung,Commercial,42,140,30,0.23,"Reviews, Image, Video, People also ask, Related searches, Popular products"
adaptor samsung wireless lan,"Informational, Commercial",37,140,28,0.12,"Reviews, Video, People also ask, Related searches, Popular products"
amazon com firetvprime,Transactional,47,140,51,1.00,"People also ask, Related searches"
amazon fire stick kaufen,Transactional,45,140,34,0.42,"People also ask, Related searches, Popular products"
amazon fire tv alexa,"Informational, Transactional",48,140,30,0.32,"Video, People also ask, Related searches, Popular products"
amazon fire tv stick 2nd generation,"Informational, Transactional",47,140,31,0.78,"Sitelinks, Reviews, Video, People also ask, Related searches, Popular products"
amazon fire tv stick adapter,"Informational, Transactional",43,140,31,0.13,"Video, Video carousel, People also ask, Related searches, Popular products"
amazon fire tv stick vergleich,Commercial,45,140,25,0.54,"Sitelinks, Reviews, Video, People also ask, Related searches"
amazon hd fire stick,"Informational, Transactional",45,140,29,0.43,"People also ask, Knowledge panel, Related searches"
amazon kindle fire tv,"Informational, Transactional",47,140,32,0.70,"People also ask, Related searches, Popular products"
amazon sat receiver,"Navigational, Transactional",38,140,34,0.09,"Sitelinks, People also ask, Related searches, Popular products, Ads top"
amazon-stick 4k,"Informational, Transactional",49,140,30,0.32,"Reviews, Video, People also ask, Related searches, Popular products"
amazons fire stick kaufen,Transactional,46,140,29,0.40,"Video, People also ask, Related searches, Popular products"
android monitor,"Informational, Transactional",49,140,16,0.19,"Video, Video carousel, People also ask, Related searches, Popular products"
angebote lg fernseher,Commercial,35,140,30,0.33,"Video, People also ask, Related searches, Popular products"
angebote smart tv 32 zoll,Commercial,37,140,23,0.16,"Video, People also ask, Related searches, Popular products"
antenne für fernsehempfang,Commercial,38,140,24,0.43,"Video, People also ask, Related searches, Popular products"
antenne für tv empfang,Commercial,38,140,18,0.51,"Video, Video carousel, People also ask, Related searches, Popular products"
apple fernsehr,"Informational, Transactional",34,140,43,0.20,"Reviews, Image pack, Video, People also ask, Related searches, Popular products"
apple stick tv,"Informational, Transactional",48,140,54,0.33,"Sitelinks, Reviews, Video, People also ask, Related searches, Popular products"
apple tv 2,"Informational, Transactional",44,140,35,0.00,"Reviews, Video, People also ask, Related searches, Popular products"
apple tv 2.0,"Informational, Transactional",49,140,38,0.00,"Video, People also ask, Popular products"
apple tv 4k 128,"Informational, Transactional",43,140,45,0.33,"Reviews, People also ask, Knowledge panel, Related searches"
apple tv 4k 2. generation,"Informational, Transactional",41,140,38,0.50,"Reviews, Video, People also ask, Related searches, Popular products"
apple tv 4k generationen,"Informational, Transactional",36,140,38,0.00,"Reviews, Video, People also ask, Related searches"
apple tv 4k idealo,"Navigational, Transactional",39,140,30,0.00,"Reviews, People also ask, Related searches"
apple tv 5. generation,"Navigational, Transactional",40,140,36,0.40,"Sitelinks, Reviews, Video, People also ask, Related searches"
apple tv ethernet,"Informational, Transactional",39,140,37,0.26,"Video, People also ask, Related searches, Popular products"
apple tv gen,"Informational, Transactional",36,140,46,0.00,"Reviews, Video, Related searches"
apple tv günstig,Commercial,42,140,31,0.91,"Sitelinks, Reviews, Video, People also ask, Related searches"
apple tv im vergleich,Commercial,42,140,27,0.00,"Sitelinks, Reviews, Video, Video carousel, People also ask, Related searches"
apple tv jahresabo,"Informational, Transactional",35,140,36,0.65,"Sitelinks, AI Overview, Reviews, Video, People also ask, Related searches"
apple tv vergleichen,Commercial,40,140,49,0.00,"Reviews, People also ask, Related searches"
apple tv welche version,"Informational, Transactional",40,140,38,0.00,"Video, People also ask, Related searches"
aufnahmefunktion tv,Commercial,39,140,28,0.20,"Video, People also ask, Related searches"
aufnahmegerät fernseher,"Informational, Commercial",46,140,35,0.12,"People also ask, Related searches, Popular products"
best iptv app,Commercial,52,140,21,0.00,"AI Overview, Reviews, Video, Video carousel, People also ask, Related searches"
best sat receiver,Commercial,37,140,23,0.10,"Reviews, Video, Video carousel, People also ask, Related searches, Popular products"
best tv for firestick,Commercial,34,140,47,0.41,"Sitelinks, Video, People also ask, Related searches, Popular products, Ads bottom"
beste iptv app für android tv,Commercial,58,140,20,0.00,"Sitelinks, AI Overview, Reviews, Video, Video carousel, People also ask, Related searches"
bester fire tv stick,Commercial,42,140,29,0.41,"Sitelinks, Reviews, Video, People also ask, Related searches"
bester tv streaming dienst,Commercial,46,140,39,2.13,"Sitelinks, AI Overview, Reviews, Video, People also ask, Related searches"
bestes iptv deutschland,Commercial,48,140,22,0.00,"Sitelinks, AI Overview, Video, People also ask"
chormecast app,"Informational, Transactional",39,140,36,0.23,"Reviews, Video, People also ask, Related searches"
chrom cast,"Informational, Transactional",37,140,39,0.36,"Reviews, Video, People also ask, Knowledge panel, Related searches"
chrome dongle,"Informational, Transactional",42,140,25,0.11,"Image pack, Video, People also ask, Related searches, Popular products"
chromecast mit google tv 4k,"Informational, Transactional",48,140,39,0.36,"Reviews, Video, Video carousel, People also ask, Related searches, Popular products"
chromechast,"Informational, Transactional",38,140,38,0.36,"Reviews, Video, People also ask, Knowledge panel, Related searches"
control remoto android tv,"Informational, Transactional",39,140,31,0.22,"Reviews, Video, Video carousel, Related searches"
deutschland schweiz free tv,"Informational, Commercial",48,140,36,0.00,"Featured snippet, Reviews, Video, People also ask, Related searches"
digital antenne,"Informational, Commercial",43,140,23,0.35,"Video, People also ask, Related searches, Popular products"
digital receiver kabel,Commercial,44,140,27,0.19,"Reviews, Video, Video carousel, People also ask, Related searches, Popular products"
digitale satelliten receiver,"Informational, Commercial",41,140,30,0.12,"Video, Video carousel, People also ask, Related searches, Popular products"
digitaler kabelreceiver,Commercial,47,140,28,0.25,"Reviews, Video, People also ask, Related searches, Popular products"
download tv browser,"Informational, Transactional",45,140,32,0.00,"Reviews, Video, People also ask, Related searches"
dvb t receiver mit antenne,Commercial,41,140,25,0.26,"Sitelinks, Reviews, Image pack, People also ask, Related searches, Popular products"
dvb t2 mit zimmerantenne,Commercial,42,140,28,0.17,"Video, People also ask, Related searches, Popular products"
dvb-t2 außenantenne,"Informational, Commercial",37,140,12,0.12,"Video, People also ask, Related searches, Popular products"
dvbs receiver,Commercial,41,140,14,0.28,"Video, Video carousel, People also ask, Related searches, Popular products"
dvbt antenne test,Commercial,39,140,26,0.10,"Reviews, Video, People also ask, Related searches"
externe festplatte für fernseher,Commercial,37,140,30,0.17,"Sitelinks, Reviews, Video, People also ask, Related searches, Popular products"
fernbedienung für smartphone,"Informational, Transactional",40,140,24,0.17,"Reviews, Video, Video carousel, People also ask, Related searches, Popular products"
fernsehen anmelden,Transactional,35,140,41,3.09,"AI Overview, Reviews, Video, People also ask, Related searches"
fernsehen auf dem pc,"Informational, Commercial",40,140,17,0.56,"AI Overview, Reviews, Video, People also ask, Related searches, Ads top, Ads bottom"
fernsehen ohne antennenanschluss,Commercial,43,140,19,0.88,"AI Overview, Reviews, Video, Video carousel, People also ask, Related searches, Ads bottom, Ads middle"
fernsehen ohne internet und kabel,Commercial,43,140,21,0.98,"Reviews, Video, People also ask, Related searches, Popular products, Ads top, Ads bottom"
fernsehen oled 55 zoll,Commercial,47,140,23,0.31,"Video, People also ask, Related searches, Popular products, Ads bottom"
fernsehen pc,"Informational, Commercial",44,140,20,1.19,"Reviews, Video, People also ask, Related searches, Ads middle"
fernsehen telekom über wlan,Transactional,38,140,29,1.29,"Reviews, Video, People also ask, Related searches, Ads top"
fernsehen über kabel,"Informational, Commercial",39,140,20,1.43,"AI Overview, Reviews, Video, People also ask, Related searches, Ads top, Ads middle"
fernseher 32 zoll kaufen,Transactional,41,140,29,0.16,"Video, People also ask, Related searches, Popular products"
fernseher 32 zoll mit wlan,Commercial,42,140,23,0.16,"Sitelinks, Video, People also ask, Related searches, Popular products"
fernseher 55 zoll 4k,Commercial,40,140,20,0.29,"Video, People also ask, Related searches"
fernseher angebote lg,Commercial,32,140,30,0.32,"Video, People also ask, Related searches, Popular products"
fernseher aufnehmen festplatte,"Informational, Commercial",37,140,26,0.16,"Sitelinks, Reviews, People also ask, Related searches, Popular products"
fernseher festplatte aufnehmen,Commercial,40,140,26,0.21,"Sitelinks, Reviews, Video, Video carousel, People also ask, Related searches, Popular products"
fernseher günstig 32 zoll,Commercial,42,140,23,0.18,"Sitelinks, Video, People also ask, Related searches, Popular products"
fernseher günstig samsung,"Informational, Commercial",41,140,24,0.19,"Video, People also ask, Related searches, Popular products"
fernseher kaufen 32 zoll,Transactional,41,140,31,0.21,"Sitelinks, Video, People also ask, Local pack, Related searches, Popular products"
fernseher lg oled,Commercial,40,140,37,0.32,"Video, People also ask, Related searches, Popular products, Ads bottom"
fernseher mit apple tv,Commercial,43,140,42,0.43,"Reviews, Video, People also ask, Related searches, Popular products"
fernseher mit dvb t2 integriert,Commercial,42,140,20,0.10,"Sitelinks, Reviews, Video, People also ask, Related searches"
fernseher mit festplatte,"Informational, Commercial",46,140,19,0.17,"Sitelinks, Reviews, Video, People also ask, Related searches"
fernseher mit wlan 32 zoll,"Informational, Commercial",44,140,23,0.20,"Video, People also ask, Related searches, Popular products"
fernseher wlan 32 zoll,Commercial,42,140,23,0.20,"Video, People also ask, Related searches, Popular products"
festplatte zum aufnehmen vom fernseher,Commercial,39,140,22,0.16,"Sitelinks, Reviews, Video, People also ask, Related searches, Popular products, Ads top, Ads middle"
filme auf magenta tv,"Informational, Commercial",34,140,19,0.00,"AI Overview, People also ask, Related searches"
fire stick adapter,"Informational, Transactional",37,140,20,0.12,"Image pack, Video, Video carousel, People also ask, Related searches, Popular products"
fire tv stick 4k neueste generation,Commercial,49,140,21,0.29,"Sitelinks, Video, Video carousel, People also ask, Related searches, Popular products, Ads bottom"
fire tv stick anmelden,"Informational, Transactional",36,140,26,1.02,"AI Overview, Video, Video carousel, People also ask, Related searches"
fire tv stick preis,Transactional,43,140,26,0.26,"Video, People also ask, Related searches, Popular products"
fire tv stick preise,Transactional,47,140,30,0.26,"Video, People also ask, Related searches, Popular products, Ads middle"
fire tv stick preisentwicklung,Commercial,47,140,19,0.29,"Reviews, Video, People also ask, Related searches"
fire tv stick vergleich tabelle,"Informational, Commercial",39,140,21,0.33,"Sitelinks, Image pack, Video, People also ask, Related searches"
fire tv stick wikipedia,"Navigational, Transactional",35,140,40,0.00,"Sitelinks, AI Overview, Video, People also ask, Related searches"
fire tv sticks vergleich,Commercial,42,140,24,0.61,"Sitelinks, Reviews, Video, People also ask, Related searches"
flixy tv stick amazon,"Navigational, Transactional",56,140,34,0.64,"Video, People also ask, Related searches, Popular products"
free iptv player,"Informational, Commercial",50,140,37,0.00,"AI Overview, Reviews, Video, People also ask, Related searches"
german ip tv,Commercial,48,140,10,0.87,"AI Overview, Video, People also ask, Related searches"
german iptv erfahrungen,"Informational, Commercial",47,140,22,0.00,"Sitelinks, AI Overview, Reviews, Video, Video carousel, People also ask, Related searches"
google 4k tv,"Informational, Transactional",43,140,42,0.34,"Reviews, Video, Video carousel, People also ask, Related searches, Popular products"
google cast hd,"Informational, Commercial",45,140,27,0.73,"Reviews, Video, People also ask, Related searches, Popular products"
günstiger 32 zoll fernseher,Commercial,43,140,26,0.19,"Sitelinks, Video, Related searches, Popular products"
günstiger fernseher 32 zoll,Commercial,39,140,26,0.18,"Video, People also ask, Related searches, Popular products"
günstigster oled tv,Commercial,41,140,22,0.28,"Video, People also ask, Related searches, Popular products"
hd receiver für kabel,Commercial,45,140,23,0.49,"Reviews, Video, Video carousel, People also ask, Related searches, Popular products"
hd receiver media markt,"Informational, Transactional",45,140,25,0.16,"Image pack, Video, People also ask, Related searches, Popular products"
hd tv fire stick,Commercial,42,140,22,0.46,"Reviews, Video, Video carousel, People also ask, Related searches, Popular products, Ads middle"
hd+ receiver sat,Commercial,40,140,21,0.46,"People also ask, Related searches, Popular products"
hdmi adapter ipad,"Informational, Commercial",45,140,22,0.13,"Image, Video, Short videos, Related searches, Popular products"
hdmi zu lightning,"Informational, Commercial",35,140,24,0.10,"Video, People also ask, Related searches, Popular products"
internet tv receiver,Commercial,54,140,26,1.87,"Sitelinks, Reviews, Image, Video, People also ask, Related searches, Popular products"
ip tv app windows,"Informational, Commercial",62,140,33,0.00,"Sitelinks, AI Overview, Reviews, Video, Video carousel, People also ask, Related searches"
ip tv reddit,"Navigational, Transactional",48,140,36,0.00,"AI Overview, Related searches"
iphone auf hdmi,"Informational, Commercial",44,140,31,0.11,"Sitelinks, Reviews, Image pack, Video, Video carousel, People also ask, Related searches, Popular products"
iptv amazon fire tv stick,Transactional,58,140,27,0.00,"Sitelinks, Video, Video carousel, People also ask, Related searches, Popular products"
iptv apk pro,Commercial,51,140,25,0.00,"Reviews, Video, Related searches"
iptv apps windows,"Informational, Commercial",53,140,31,0.00,"AI Overview, Reviews, Video, Video carousel, Related searches"
iptv liste kaufen,Commercial,48,140,1,0.00,"AI Overview, People also ask, Related searches"
iptv online kaufen,Commercial,59,140,22,0.00,"Video, People also ask, Related searches, Popular products"
iptv player apkpure,"Navigational, Transactional",62,140,20,0.00,"AI Overview, Reviews, Related searches"
iptv player pc,Commercial,58,140,26,0.00,"Sitelinks, Reviews, Video, Video carousel, Related searches"
iptv samsung app,Commercial,55,140,29,0.00,"Video, Video carousel, People also ask, Related searches"
iptv shop,Commercial,47,140,17,0.00,"AI Overview, Video, People also ask, Related searches"
iptv smarters app,Commercial,49,140,42,0.00,"Reviews, Video, Video carousel, People also ask, Related searches"
iptv smarters pro download pc,Commercial,49,140,36,0.00,"Video carousel, People also ask, Related searches"
iptv smarters pro kaufen,Transactional,45,140,6,0.00,"People also ask, Related searches"
iptv smarters pro pc,"Informational, Transactional",47,140,31,0.00,"Reviews, Video, Related searches"
iptv stream player windows,"Informational, Commercial",53,140,30,0.00,"AI Overview, Reviews, Video, People also ask, Related searches"
iptv vergleich,Commercial,57,140,37,0.00,"AI Overview, Reviews, Video, People also ask, Related searches"
iptv-smarters-pro,"Informational, Commercial",49,140,38,0.00,"AI Overview, Reviews, Video, Video carousel, People also ask, Related searches"
iptvdeutschland,Commercial,51,140,12,1.35,"AI Overview, Video, Video carousel, People also ask, Related searches"
kabel für sky receiver,"Informational, Commercial",46,140,27,1.74,"Sitelinks, Reviews, Video, People also ask, Related searches, Popular products"
kabel receiver vodafone,"Informational, Transactional",38,140,31,0.91,"Reviews, Image pack, People also ask, Related searches, Popular products"
kabelreciever,"Informational, Commercial",47,140,29,0.56,"Reviews, Video, People also ask, Related searches, Popular products"
koditvbox,Commercial,50,140,23,0.00,"AI Overview, Reviews, Image, Video, Video carousel, People also ask, Related searches"
kostenlos tv schauen auf handy,Commercial,52,140,34,0.53,"AI Overview, Reviews, Video, Video carousel, People also ask, Related searches, Ads top, Ads bottom"
lcd fernseher 55 zoll,Commercial,44,140,22,0.20,"Video, People also ask, Related searches, Popular products"
lcd fernseher samsung,"Informational, Transactional",39,140,37,0.17,"People also ask, Related searches"
led fernseher 32 zoll,Commercial,39,140,29,0.17,"Sitelinks, Video, People also ask, Related searches, Popular products"
lg 70 zoll fernseher,Transactional,44,140,36,0.27,"Reviews, Image, People also ask, Related searches, Popular products"
lg fernseher alte modelle,"Informational, Transactional",41,140,29,0.00,"Image pack, People also ask, Related searches, Popular products"
lg fernseher angebot,Commercial,32,140,28,0.33,"People also ask, Related searches, Popular products"
lg fernseher im angebot,Commercial,34,140,24,0.32,"People also ask, Related searches, Popular products"
lg fernseher kaufen,Transactional,41,140,41,0.49,"Reviews, Image, People also ask, Local pack, Related searches, Popular products, Ads bottom"
lg oled 4k,"Informational, Transactional",40,140,30,0.43,"People also ask, Related searches, Popular products"
lg oled 55 g49ls,Commercial,38,140,32,0.21,"Reviews, Video, People also ask, Related searches, Popular products"
lg oled 55zoll,Transactional,43,140,30,0.36,"Image pack, People also ask, Related searches, Popular products"
lg oled c3 65 zoll,Commercial,35,140,26,0.37,"Reviews, Video, People also ask, Related searches, Popular products"
lg oled tv 75,Commercial,42,140,23,0.31,"Video, People also ask, Related searches, Popular products"
lg oled tv fernseher,Commercial,47,140,30,0.00,"Related searches, Popular products"
lg oled55b39la,"Informational, Transactional",35,140,30,0.46,"Sitelinks, Reviews, Video, People also ask, Related searches, Popular products"
lg oled55b59la tv 55 zoll,Commercial,47,140,30,0.38,"Sitelinks, Video, People also ask, Related searches, Popular products, Ads top, Ads bottom"
magenta geräte,Commercial,37,140,26,2.29,"Reviews, Video, People also ask, Related searches"
magenta reciever,"Informational, Transactional",45,140,24,1.60,"Reviews, Video, Video carousel, People also ask, Related searches, Popular products, Ads bottom"
magenta tv voraussetzungen,"Informational, Commercial",44,140,32,5.65,"Sitelinks, AI Overview, Reviews, Video, People also ask, Related searches, Ads bottom"
magenta verträge,Commercial,32,140,47,1.51,"Reviews, Video, People also ask, Related searches, Ads top"
media player für tv,Commercial,44,140,12,0.39,"Sitelinks, Video, People also ask, Related searches, Popular products"
mi fernseher,Commercial,47,140,34,0.17,"Reviews, Video, Video carousel, People also ask, Related searches, Popular products"
mi tv box,"Informational, Transactional",44,140,34,0.18,"Reviews, Video, Video carousel, People also ask, Related searches, Popular products"
multimedia player hdmi,"Informational, Transactional",43,140,15,0.12,"Reviews, Video, Related searches, Popular products"
netflix dolby vision,Commercial,45,140,27,0.00,"AI Overview, Video, People also ask, Related searches"
netflix gutscheincode gratis,"Informational, Transactional",34,140,18,2.25,"Sitelinks, AI Overview, Reviews, Video, People also ask, Related searches"
ok tv smart,Commercial,44,140,21,0.25,"Sitelinks, Reviews, Video, People also ask, Related searches, Popular products"
oled tv 55 inch lg,Transactional,43,140,29,0.30,"Video, People also ask, Related searches, Popular products"
oled tv kaufen,Transactional,37,140,23,0.39,"Sitelinks, Video, People also ask, Related searches, Popular products, Ads bottom"
oled tv smart tv,"Informational, Commercial",42,140,31,0.34,"Sitelinks, Video, Video carousel, People also ask, Related searches, Popular products"
oled55b,"Informational, Transactional",39,140,28,0.32,"Reviews, Video, People also ask, Related searches"
prime amazon stick,"Informational, Transactional",47,140,42,0.36,"Reviews, People also ask, Related searches, Popular products"
prime tv stick,"Informational, Transactional",44,140,30,0.92,"Video, Video carousel, People also ask, Related searches, Popular products"
receiver technisat mit festplatte,"Informational, Transactional",38,140,23,0.14,"People also ask, Related searches, Popular products"
roku apps,"Informational, Transactional",41,140,32,0.24,"AI Overview, Reviews, Video, People also ask, Related searches"
roku media streamer,"Informational, Transactional",39,140,45,0.00,"Reviews, Video, People also ask, Related searches, Popular products"
samsug tv,Commercial,35,140,44,0.38,Related searches
samsung 4k smart tv,Commercial,45,140,24,0.23,"People also ask, Related searches, Popular products"
samsung beste fernseher,Commercial,48,140,38,0.24,"Sitelinks, Video, Video carousel, People also ask, Related searches, Popular products, Ads bottom"
samsung fernseher smart,Commercial,40,140,38,0.27,"Video, Video carousel, People also ask, Related searches, Popular products"
samsung smart fernseher,Commercial,40,140,32,0.21,"People also ask, Related searches, Popular products"
samsung tb,Transactional,40,140,43,0.38,"People also ask, Related searches, Popular products"
samsung tv 32,Commercial,39,140,32,0.21,"People also ask, Related searches, Popular products"
samsung tv 55 zoll angebote,Commercial,40,140,23,0.19,"People also ask, Related searches, Popular products"
samsung tv stick,"Informational, Commercial",50,140,34,0.26,"Video, People also ask, Related searches, Popular products"
samsung tv to smart tv,"Navigational, Transactional",43,140,37,0.25,"Video, Video carousel, People also ask, Related searches"
sat receiver bei media markt,"Informational, Transactional",39,140,30,0.04,"People also ask, Related searches, Popular products"
satelitenreceiver,"Informational, Commercial",41,140,26,0.13,"Image pack, Video, Video carousel, People also ask, Related searches"
satellitenreceiver mit festplatte,Commercial,44,140,13,0.12,"Video, People also ask, Related searches, Popular products"
simu fernbedienung,"Informational, Transactional",50,140,6,0.23,"Image pack, Related searches, Popular products"
sky q reciever,"Informational, Transactional",45,140,28,1.84,"AI Overview, Reviews, Video, People also ask, Related searches, Ads bottom"
sky receiver für kabel,"Informational, Transactional",46,140,30,1.74,"Reviews, Video carousel, People also ask, Related searches, Popular products, Ads bottom"
sky receiver für satellit,"Informational, Transactional",43,140,33,1.59,"Reviews, Video, People also ask, Related searches, Popular products, Ads middle"
smart tv 32 smart,Commercial,41,140,23,0.19,"Video, Video carousel, People also ask, Related searches, Popular products"
smart tv 32 zoll samsung,Commercial,44,140,30,0.14,"People also ask, Related searches, Popular products"
smart tv l g,Commercial,45,140,32,0.26,"Video, People also ask, Related searches, Popular products"
smart tv samsung 65 zoll,Commercial,49,140,29,0.29,"People also ask, Related searches, Popular products, Ads bottom"
smartbox tv,"Informational, Commercial",45,140,21,0.96,"Reviews, People also ask, Related searches"
smarter iptv apk download,Commercial,49,140,32,0.00,"Reviews, Video, Related searches"
smarters iptv pro apk,Commercial,49,140,30,0.00,"Reviews, Video, Related searches"
smarters pro player,Commercial,34,140,35,0.00,"Reviews, Image pack, Video, Video carousel, People also ask, Related searches"
smartiptv app,Commercial,62,140,32,0.00,"Reviews, Video, People also ask, Related searches"
smartphone fernbedienung,"Informational, Transactional",41,140,25,0.19,"Reviews, Video, Video carousel, Short videos, People also ask, Related searches, Popular products"
stb tv box,Commercial,52,140,22,0.88,"Reviews, Video, People also ask, Related searches, Popular products"
stick fire tv amazon,"Informational, Transactional",47,140,30,0.62,"Video, People also ask, Related searches, Popular products"
stream stick 4k,Commercial,40,140,27,0.61,"Sitelinks, Video, Video carousel, People also ask, Knowledge panel, Related searches, Popular products"
streaming dienste angebote,"Informational, Commercial",42,140,39,1.74,"AI Overview, Reviews, Video, People also ask, Related searches"
streaming stick test,Commercial,42,140,36,0.36,"Sitelinks, Reviews, Video, Video carousel, People also ask, Related searches, Ads middle"
technisat radio mit cd,"Informational, Transactional",35,140,20,0.15,"Reviews, Video carousel, People also ask, Related searches, Popular products, Ads bottom"
tele 32 smart tv,Commercial,36,140,30,0.19,"Reviews, Video, People also ask, Related searches, Popular products"
telekom angebote magenta tv,"Navigational, Commercial",35,140,37,2.50,"Sitelinks, Reviews, People also ask, Related searches, Ads top, Ads bottom"
telekom entertain receiver,"Navigational, Transactional",46,140,27,1.49,"Reviews, Video, People also ask, Related searches"
telekom fernsehen internet,Transactional,35,140,54,2.24,"AI Overview, Reviews, Video, People also ask, Related searches, Ads top, Ads bottom"
telekom fernsehen kabel,Commercial,41,140,35,2.94,"AI Overview, Reviews, Video, People also ask, Related searches, Ads top, Ads middle"
telekom magenta box,Transactional,39,140,25,3.13,"Reviews, Video, People also ask, Related searches, Popular products, Ads top, Ads bottom"
telekom magenta tv pakete,"Navigational, Transactional",46,140,45,4.39,"Sitelinks, Reviews, Video, People also ask, Related searches, Ads top, Ads bottom"
telekom mega stream,Transactional,37,140,24,2.85,"Sitelinks, Reviews, Video, People also ask, Related searches"
telekom reciver,"Navigational, Transactional",44,140,23,2.06,"Reviews, Video, People also ask, Related searches, Popular products, Ads bottom"
televisor 32,Commercial,35,140,25,0.16,"Video, People also ask, Related searches, Popular products"
televisor uhd samsung,"Informational, Transactional",40,140,35,0.29,"People also ask, Related searches, Popular products"
televize lg,Transactional,38,140,41,0.31,"Video, People also ask, Related searches, Popular products"
televizoriai android,Commercial,62,140,13,0.26,"AI Overview, Video, People also ask, Related searches"
test satelliten receiver,Commercial,39,140,21,0.09,"Sitelinks, Reviews, Video, Video carousel, People also ask, Related searches"
tv 4k smart tv samsung,Commercial,52,140,23,0.23,"Reviews, People also ask, Related searches, Popular products"
tv 55zoll,Commercial,38,140,27,0.25,"Video, People also ask, Related searches, Popular products"
tv aufnahmefunktion,"Informational, Commercial",41,140,23,0.20,"Sitelinks, Reviews, Video, People also ask, Related searches"
tv lg 55 oled,Commercial,45,140,32,0.43,"Reviews, People also ask, Related searches, Popular products"
tv lg 55 zoll,Commercial,40,140,27,0.30,"People also ask, Related searches, Popular products"
tv lg oled 55,Commercial,42,140,35,0.30,"Video, People also ask, Related searches, Popular products"
tv mit integriertem receiver,Commercial,45,140,21,0.19,"Reviews, Video, People also ask, Related searches, Popular products, Ads middle"
tv mit mediaplayer,Commercial,41,140,12,0.16,"Sitelinks, Video, People also ask, Related searches, Popular products, Ads bottom"
tv mit satellitenanschluss,Commercial,42,140,17,1.00,"Reviews, Video, People also ask, Related searches, Popular products"
tv oled 55 zoll,"Informational, Commercial",49,140,22,0.30,"Video, People also ask, Related searches, Popular products"
tv remote for android,"Informational, Transactional",46,140,28,0.22,"Reviews, Video, Video carousel, People also ask, Related searches"
tv samsung 4k smart,"Informational, Commercial",41,140,24,0.23,"People also ask, Related searches, Popular products"
tv set top box,Commercial,51,140,16,0.88,"Sitelinks, Reviews, Video, People also ask, Knowledge panel, Related searches, Popular products"
tv smart 4k samsung,Commercial,39,140,27,0.25,"People also ask, Related searches, Popular products"
tv smart tv 32 inch,Commercial,45,140,23,0.23,"Video, Video carousel, People also ask, Related searches, Popular products"
tv stick apple,"Informational, Transactional",51,140,43,0.33,"Sitelinks, Reviews, Video, People also ask, Related searches, Popular products"
tv usb tv stick,Commercial,45,140,21,0.70,"Sitelinks, Reviews, Video, Video carousel, People also ask, Related searches, Popular products, Ads middle"
tv wlan adapter samsung,"Informational, Commercial",43,140,26,0.10,"Video, People also ask, Related searches, Popular products"
twin receiver,Commercial,33,140,12,0.16,"Video, People also ask, Related searches, Popular products"
vergleich apple tv,Commercial,38,140,23,0.00,"Sitelinks, AI Overview, Reviews, Video, Video carousel, People also ask, Related searches"
waipu vs zattoo,Commercial,32,140,16,2.05,"Sitelinks, AI Overview, Reviews, Video, Video carousel, People also ask, Related searches"
welchen fire tv stick kaufen,Commercial,42,140,26,0.37,"AI Overview, Reviews, Image, Video, Video carousel, People also ask, Related searches"
wlan am fernseher nachrüsten,"Informational, Transactional",39,140,26,0.45,"Reviews, Video, Video carousel, People also ask, Related searches"
wlan fernseher 32 zoll,Commercial,41,140,23,0.16,"Sitelinks, Video, People also ask, Related searches, Popular products"
xiamo tv,"Informational, Transactional",52,140,30,0.15,"Image, Related searches, Popular products"
xiaomi tv stick 4k 2 gen,"Informational, Transactional",46,140,34,0.22,"Reviews, Video, Video carousel, Knowledge panel, Related searches, Popular products"
xstream fire tv stick,Commercial,63,140,19,0.00,"Sitelinks, AI Overview, Video, Video carousel, People also ask, Related searches"
zimmerantenne für satellitenempfang,Commercial,42,140,30,0.26,"Video, People also ask, Related searches"
übertragung handy tv,Commercial,43,140,27,0.17,"Sitelinks, AI Overview, Video, Video carousel, People also ask, Related searches, Ads bottom, Ads middle"
32 inch smart television,Commercial,38,110,29,0.18,"Video, Video carousel, People also ask, Related searches"
32 inch smart tv,Commercial,38,110,26,0.23,"Video, People also ask, Related searches, Popular products"
32 televisio,Commercial,46,110,25,0.20,"Video, Video carousel, People also ask, Related searches"
32 tv smart,Commercial,42,110,21,0.23,"Related searches, Popular products"
32 zoll smart tv 4k,Commercial,45,110,23,0.23,"Sitelinks, Image pack, People also ask, Related searches, Popular products"
32 zoll smart tv weiß,Commercial,42,110,22,0.19,"Reviews, Video, People also ask, Related searches"
4k samsung fernseher,"Informational, Transactional",42,110,30,0.18,"Video, People also ask, Related searches, Popular products"
4k streaming stick,"Informational, Commercial",46,110,26,0.52,"Sitelinks, Reviews, Video, Video carousel, People also ask, Related searches, Popular products"
55 in tv oled,"Informational, Commercial",40,110,25,0.34,"Video, Video carousel, People also ask, Related searches, Popular products"
55 zoll lg oled evo ai c5 4k smart tv,"Informational, Transactional",47,110,33,0.81,"Reviews, Video, Video carousel, People also ask, Related searches, Popular products, Ads bottom"
55 zoll oled tv,Commercial,45,110,26,0.32,"Video, People also ask, Related searches, Popular products"
70 zoll fernseh,Commercial,47,110,24,0.25,"Video, People also ask, Related searches, Popular products"
70 zoll fernseher 4k,Commercial,45,110,23,0.30,"Image, Video, People also ask, Related searches, Popular products"
70 zoll smart tv,Commercial,43,110,30,0.27,"Reviews, Image, Video, People also ask, Related searches, Popular products"
9xtream apk,"Informational, Transactional",49,110,23,0.00,"AI Overview, Reviews, Related searches"
alternative magenta tv,Commercial,46,110,33,0.82,"AI Overview, Reviews, Video, Video carousel, People also ask, Related searches, Ads bottom"
alternative zu amazon fire tv stick,Commercial,47,110,18,0.69,"Sitelinks, Reviews, Video, Video carousel, Short videos, People also ask, Related searches, Ads bottom"
amazob fire stick,"Informational, Transactional",47,110,31,0.34,"Reviews, Short videos, People also ask, Related searches"
amazon fernsehen stick,"Informational, Transactional",40,110,36,0.40,"Reviews, Video, People also ask, Related searches, Popular products"
amazon fire stick adapter,"Informational, Transactional",46,110,31,0.13,"Video carousel, People also ask, Related searches, Popular products"
amazon fire stick tv,"Informational, Transactional",47,110,34,0.70,"Reviews, People also ask, Related searches, Popular products"
amazon fire tv stick 4 k,"Informational, Transactional",41,110,29,0.66,"Video, People also ask, Related searches, Popular products"
amazon fire tv stick amazon prime,Transactional,47,110,34,0.64,"Video, People also ask, Related searches, Ads middle"
amazon firestick 4k max,Commercial,45,110,30,0.42,"Reviews, Image, Video, People also ask, Related searches"
amazon instant video fire stick,"Informational, Transactional",42,110,42,0.56,"Reviews, Video, People also ask, Related searches"
amazon prime video stick,"Informational, Transactional",43,110,33,0.56,"Reviews, People also ask, Related searches, Popular products"
amazone tv stick,"Informational, Transactional",43,110,37,0.60,"Reviews, Video, People also ask, Related searches"
android bester video player,Commercial,47,110,29,0.28,"Sitelinks, AI Overview, Video, Video carousel, People also ask, Related searches, Ads bottom"
android box for tv,Commercial,52,110,22,0.30,"Reviews, Video, Video carousel, People also ask, Related searches, Popular products"
android iptv player,Commercial,66,110,30,0.00,"Reviews, Video, People also ask, Related searches"
android mediaplayer,Commercial,48,110,25,0.23,"Sitelinks, AI Overview, Reviews, Video, People also ask, Related searches"
android receiver,"Informational, Transactional",53,110,10,0.60,"Video, People also ask, Related searches, Popular products"
android tv 32 zoll,Commercial,50,110,23,0.18,"Reviews, Video, People also ask, Related searches, Popular products, Ads bottom"
android tv box 4k,Commercial,57,110,22,0.33,"Video, Video carousel, People also ask, Related searches, Popular products"
android tv fernbedienung,"Informational, Transactional",56,110,29,0.24,"Reviews, Video, Video carousel, People also ask, Related searches"
android tv fernseher,Commercial,50,110,24,0.31,"Sitelinks, Video, People also ask, Related searches, Popular products"
angebot apple tv,Transactional,51,110,34,0.78,"Sitelinks, Reviews, Video, People also ask, Related searches, Popular products, Ads top, Ads bottom"
angebote apple tv,Commercial,51,110,39,0.78,"Sitelinks, Reviews, People also ask, Related searches, Ads top, Ads bottom"
antenne kaufen,Transactional,38,110,17,0.40,"Video, People also ask, Related searches, Popular products"
antenne tv,"Informational, Commercial",41,110,20,0.42,"Video, People also ask, Related searches, Popular products"
antennen tv,"Informational, Commercial",45,110,28,0.42,"Reviews, Image, Video, Video carousel, People also ask, Related searches, Popular products"
apple 4k tv 64gb,"Informational, Transactional",37,110,49,0.29,"Reviews, People also ask, Knowledge panel, Related searches, Popular products"
apple apple tv,"Navigational, Transactional",43,110,70,0.77,"Sitelinks, Reviews, Video, People also ask, Top stories, Related searches, Popular products"
apple original tv,"Navigational, Transactional",35,110,52,0.00,"Sitelinks, Reviews, Video, People also ask, Related searches"
apple smart television,"Navigational, Transactional",39,110,46,0.38,"Video, Short videos, People also ask, Related searches, Popular products"
apple smart tv,"Informational, Transactional",44,110,40,0.53,"Sitelinks, Reviews, Video carousel, People also ask, Related searches, Popular products"
apple store 4k,"Navigational, Transactional",30,110,33,0.52,"Video, People also ask, Related searches, Popular products"
apple store hdmi adapter,"Navigational, Transactional",35,110,33,0.10,"People also ask, Related searches, Popular products"
apple tv 2022,"Navigational, Transactional",43,110,42,0.36,"Sitelinks, Reviews, Video, People also ask, Related searches"
apple tv 4k 3. generation 128gb,Transactional,51,110,39,0.28,"People also ask, Related searches"
apple tv 4k 5th generation,"Navigational, Transactional",43,110,48,0.43,"Sitelinks, Reviews, Video, People also ask, Related searches, Popular products"
apple tv 4k gen 3,"Informational, Transactional",43,110,50,0.41,"Video, People also ask, Related searches, Popular products"
apple tv 4k tv,"Navigational, Transactional",51,110,50,0.38,"Sitelinks, Reviews, Video, People also ask, Related searches, Popular products"
apple tv 4th,"Informational, Transactional",44,110,49,0.53,"Reviews, Video, People also ask, Related searches, Popular products"
apple tv 8k,"Informational, Transactional",39,110,36,0.00,"Sitelinks, AI Overview, Reviews, Video, Video carousel, People also ask, Related searches"
apple tv aktuelle generation,"Informational, Transactional",42,110,53,0.28,"Sitelinks, Reviews, Video, People also ask, Related searches"
apple tv fußball,"Navigational, Transactional",54,110,42,1.08,"Video, People also ask, Related searches"
apple tv gen 1,"Informational, Transactional",44,110,41,0.00,"AI Overview, Reviews, People also ask, Related searches"
apple tv generation 4k,"Informational, Transactional",41,110,50,0.00,"Reviews, Video, People also ask, Related searches, Popular products"
apple tv neueste generation,"Navigational, Transactional",51,110,52,0.35,"Sitelinks, Video, Video carousel, People also ask, Related searches"
apple tv web,"Navigational, Transactional",38,110,70,0.00,"Reviews, Video, People also ask, Related searches"
appletv app,"Navigational, Transactional",43,110,47,0.98,"AI Overview, Reviews, Video, People also ask, Related searches"
aufnahmegerät für tv,Commercial,46,110,33,0.16,"Video, People also ask, Related searches, Popular products"
aufnahmegerät tv,"Informational, Commercial",49,110,34,0.43,"Video, People also ask, Related searches, Popular products"
best fire stick for tv,Commercial,40,110,30,0.41,"Reviews, Image, Image pack, Video, Video carousel, People also ask, Related searches, Popular products"
best fire tv stick,Commercial,43,110,33,0.41,"Reviews, Image, Video, Video carousel, People also ask, Related searches, Popular products"
best german iptv,Commercial,48,110,6,0.00,"Sitelinks, AI Overview, Video, Video carousel, Related searches"
best iptv germany,Commercial,48,110,19,0.00,"AI Overview, Video, People also ask, Related searches"
best iptv player for windows,Commercial,49,110,31,0.00,"Reviews, Video carousel, People also ask, Related searches"
best player for iptv windows,Commercial,49,110,26,0.00,"Sitelinks, AI Overview, Reviews, Video, Video carousel, People also ask, Related searches"
best tv stick 2025,Commercial,47,110,65,0.45,"Sitelinks, Reviews, Video, Video carousel, People also ask, Related searches, Popular products, Ads bottom"
best tv sticks 2025,Commercial,47,110,,0.57,"Sitelinks, Reviews, Video, Video carousel, People also ask, Related searches, Popular products"
beste antenne dvb t2,Commercial,38,110,23,0.13,"Sitelinks, Reviews, Video, People also ask, Related searches, Popular products"
beste antenne für dvb t2,Commercial,40,110,23,0.15,"Reviews, Video, People also ask, Related searches, Popular products"
beste iptv app für lg tv,Commercial,55,110,20,0.00,"AI Overview, Video, People also ask, Related searches"
beste iptv box,Commercial,62,110,24,0.00,"Video, Video carousel, People also ask, Related searches, Popular products"
beste streaming anbieter,Commercial,41,110,39,1.96,"AI Overview, Reviews, Video, People also ask, Related searches"
besten iptv anbieter,Commercial,55,110,17,0.00,"Sitelinks, AI Overview, Video, Related searches"
bester iptv player android,Commercial,55,110,17,0.00,"Sitelinks, AI Overview, Reviews, Video, Video carousel, People also ask, Related searches"
bester iptv player windows,Commercial,62,110,18,0.00,"Reviews, People also ask, Related searches"
bester streaming anbieter,Commercial,43,110,40,1.96,"Sitelinks, AI Overview, Reviews, Video, People also ask, Related searches, Ads top"
bester streaming service,Commercial,43,110,38,1.67,"AI Overview, Reviews, Video, People also ask, Related searches"
big tv telekom,"Navigational, Transactional",36,110,23,5.28,"AI Overview, Reviews, Video, People also ask, Related searches"
chrome casr,"Informational, Transactional",33,110,39,0.36,"Reviews, Video, People also ask, Knowledge panel, Related searches"
chromesast,"Informational, Transactional",51,110,36,0.36,"Reviews, Video, People also ask, Knowledge panel, Related searches"
cromcast,"Informational, Transactional",41,110,37,0.34,"Reviews, Video, People also ask, Related searches"
dab technisat,"Navigational, Transactional",36,110,28,0.19,"Sitelinks, Image, People also ask, Related searches, Popular products"
digital receiver für kabel,Commercial,46,110,17,0.16,"Video, Video carousel, People also ask, Related searches, Popular products"
digital sat receiver,Commercial,45,110,27,0.15,"Video, Video carousel, People also ask, Related searches, Popular products"
digital satellite receiver,"Informational, Commercial",44,110,27,0.19,"Video, Video carousel, People also ask, Related searches, Popular products"
digital tv receiver,Commercial,46,110,28,0.55,"Reviews, Video, People also ask, Related searches"
digitale antenne,"Informational, Commercial",44,110,24,0.31,"Video, Video carousel, People also ask, Related searches, Popular products"
digitale kabel receiver,Commercial,41,110,27,0.25,"Reviews, Video, People also ask, Related searches, Popular products, Ads middle"
digitale satellitenreceiver,"Informational, Transactional",41,110,23,0.16,"Video, People also ask, Related searches, Popular products"
digitalen receiver,Commercial,37,110,26,0.52,"Reviews, Video, People also ask, Related searches, Popular products"
dvb t antenne mit receiver,"Informational, Commercial",42,110,24,0.26,"Reviews, People also ask, Related searches, Popular products"
dvb t antennen,Commercial,35,110,30,0.27,"Video, People also ask, Related searches, Popular products"
dvb t2 antenne media markt,"Informational, Transactional",33,110,29,0.16,"Video, People also ask, Related searches, Popular products"
dvb t2 antenne mit verstärker,Commercial,41,110,13,0.16,"People also ask, Related searches, Popular products"
dvb t2 beste antenne,Commercial,38,110,20,0.13,"Sitelinks, Reviews, Video, People also ask, Related searches, Popular products"
es de android,Commercial,47,110,26,0.00,"Video, Related searches"
ethernet fire tv stick,"Informational, Transactional",45,110,22,0.14,"Sitelinks, Video, Video carousel, Short videos, People also ask, Related searches, Popular products, Ads bottom"
ethernet for fire tv stick,"Informational, Transactional",41,110,25,0.12,"Reviews, Video, Video carousel, People also ask, Popular products"
fernbedienung magenta tv stick,"Informational, Transactional",42,110,20,0.11,"Image pack, Video, Related searches"
fernseh 55 zoll,Commercial,33,110,32,0.23,"Image, Video, People also ask, Related searches, Popular products, Ads bottom"
fernseh ohne antenne,Commercial,39,110,19,0.80,"Reviews, Video, Video carousel, People also ask"
fernsehen lg kaufen,Transactional,42,110,41,0.27,"Video, People also ask, Local pack, Related searches, Popular products"
fernsehen ohne anschluss,Commercial,44,110,25,1.15,"Reviews, Video, People also ask, Related searches, Ads top, Ads bottom"
fernseher 32 zoll günstig,Commercial,40,110,25,0.19,"Sitelinks, Video, People also ask, Related searches, Popular products"
fernseher dvb t2 integriert,Commercial,44,110,21,0.10,"Sitelinks, Reviews, Video, People also ask, Related searches, Popular products"
fernseher für iptv,"Informational, Commercial",58,110,29,0.00,"Sitelinks, Video, People also ask, Related searches, Popular products"
fernseher für unterwegs,Commercial,44,110,24,0.94,"Reviews, Video, People also ask, Related searches, Popular products, Ads bottom"
fernseher größe 32 zoll,Commercial,38,110,30,0.15,"Sitelinks, Image pack, Video, People also ask, Related searches, Popular products"
fernseher kaufen lg,Transactional,38,110,37,0.49,"Video, People also ask, Related searches, Popular products, Ads top, Ads middle"
fernseher mit android,Commercial,51,110,24,0.25,"Sitelinks, Video, People also ask, Related searches, Popular products"
fernseher mit dvb c,"Informational, Commercial",44,110,18,0.30,"Sitelinks, Video, People also ask, Related searches"
fernseher mit festplatte zum aufnehmen,Commercial,38,110,22,0.16,"People also ask, Related searches"
fernseher mit internet samsung,Transactional,41,110,37,0.28,"Video carousel, People also ask, Related searches"
fernseher mit magentatv,Commercial,43,110,36,0.65,"AI Overview, Reviews, Video, Video carousel, People also ask, Related searches, Ads top, Ads middle"
fernseher samsung led,Transactional,41,110,36,0.27,"People also ask, Related searches, Popular products"
fernseher xiaomi,"Informational, Transactional",42,110,26,0.17,"Reviews, People also ask, Related searches, Popular products"
fernsehn ohne kabelanschluss,Commercial,44,110,22,1.05,"Reviews, Video, Video carousel, People also ask, Related searches, Ads top, Ads middle"
festplatte für fernseher zum aufnehmen,Commercial,41,110,28,0.16,"Reviews, Video, People also ask, Related searches"
festplatte für samsung tv aufnahme,Commercial,38,110,34,0.00,"Reviews, Video, Video carousel, People also ask, Related searches, Popular products, Ads top, Ads bottom"
festplatte für tv samsung,Commercial,39,110,29,0.15,"Reviews, Video, People also ask, Related searches, Popular products, Ads top, Ads middle"
festplattenreceiver sat,Commercial,37,110,15,0.14,"People also ask, Related searches, Popular products"
filme kaufen apple tv,"Informational, Transactional",39,110,41,0.00,"AI Overview, Video, People also ask, Related searches"
fire tv 4k amazon,"Informational, Transactional",45,110,30,0.66,"Reviews, People also ask, Related searches, Popular products, Ads middle"
fire tv 4k vs 4k max,Commercial,38,110,23,0.00,"Sitelinks, Reviews, Video, Video carousel, People also ask, Related searches"
fire tv stick 3. generation,Commercial,37,110,23,0.33,"Sitelinks, Video, Video carousel, People also ask, Related searches, Popular products"
fire tv stick generationen vergleich,Commercial,36,110,26,0.84,"Sitelinks, AI Overview, Video, Video carousel, People also ask, Related searches"
fire tv stick preisvergleich,Commercial,46,110,25,0.29,"People also ask, Related searches, Popular products, Ads top, Ads bottom"
fire tv stick test,Commercial,41,110,26,0.41,"Sitelinks, Reviews, Video, Video carousel, People also ask, Related searches"
fire tv stick with ethernet,"Informational, Transactional",39,110,24,0.14,"Sitelinks, Video, Video carousel, Short videos, People also ask, Related searches, Popular products"
flachbildfernseher mit sat receiver,Commercial,45,110,25,0.17,"Video, People also ask, Related searches"
freenet tv antenne,"Navigational, Transactional",43,110,35,0.42,"Sitelinks, Reviews, Image pack, Video, People also ask, Related searches, Ads bottom"
german iptv anbieter,Commercial,63,110,,0.00,"AI Overview, Related searches"
google chromecast hd tv,"Informational, Transactional",51,110,31,0.07,"Reviews, Video, Video carousel, People also ask, Knowledge panel, Related searches"
günstige fernseher 4k,Commercial,41,110,27,0.29,"Video, People also ask, Related searches, Popular products"
günstiger oled tv,Commercial,41,110,20,0.29,"Video, People also ask, Related searches, Popular products"
handy über fernseher,"Informational, Transactional",39,110,23,0.39,"Sitelinks, Reviews, Video, Video carousel, People also ask, Related searches"
hd digital tv aerial,Transactional,39,110,17,0.41,"Video, Video carousel, People also ask, Related searches, Popular products, Ads bottom"
hd sat-receiver günstig kaufen,Transactional,48,110,22,0.34,"Video, People also ask, Related searches, Popular products, Ads bottom"
hdmi auf lightning,"Informational, Commercial",35,110,24,0.09,"Reviews, Video, People also ask, Related searches, Popular products, Ads bottom"
hdmi from ipad,"Informational, Transactional",45,110,27,0.09,"Reviews, Video, Video carousel, People also ask, Related searches, Popular products"
hdmi multimedia player,"Informational, Commercial",43,110,15,0.11,"Video, People also ask, Popular products"
high definition receivers,"Informational, Transactional",47,110,15,0.54,"Video, Video carousel, People also ask, Related searches, Popular products"
idealo apple tv 4k,"Navigational, Transactional",39,110,30,0.00,"Reviews, People also ask, Related searches"
internet plus tv,Commercial,40,110,42,2.40,"AI Overview, Reviews, Video, People also ask, Related searches, Ads bottom, Ads middle"
internet via tv,Commercial,45,110,31,1.48,"AI Overview, Reviews, Video, Video carousel, People also ask, Related searches, Ads bottom, Ads middle"
ip television pc,"Informational, Commercial",50,110,36,0.00,"Featured snippet, Reviews, Video, People also ask, Related searches, Ads middle"
ip tv anbieter vergleich,Commercial,53,110,37,0.00,"Video, People also ask, Related searches"
ip tv app für fire tv stick,"Informational, Commercial",63,110,10,0.00,"Sitelinks, AI Overview, Video, Video carousel, People also ask, Related searches"
ipad hdmi kabel,"Informational, Commercial",43,110,19,0.10,"Reviews, Video, Video carousel, People also ask, Related searches, Popular products, Ads bottom"
iphone hdmi kabel,"Informational, Transactional",44,110,21,0.12,"Sitelinks, Reviews, Video, Video carousel, Related searches, Popular products"
iptv abo kaufen,Commercial,54,110,10,0.00,"Video, Related searches"
iptv abonnementen,"Informational, Commercial",51,110,36,0.00,"AI Overview, Video, People also ask, Related searches"
iptv anbieter mit sky,"Informational, Commercial",51,110,20,0.00,"Sitelinks, AI Overview, Reviews, Video, People also ask, Related searches"
iptv bester anbieter,Commercial,54,110,24,0.00,"AI Overview, Reviews, Video, Video carousel, People also ask, Related searches"
iptv box alle sender,Commercial,55,110,46,0.00,"Image, Video, People also ask, Related searches, Popular products"
iptv deutschland reddit,"Navigational, Transactional",46,110,32,0.00,Related searches
iptv günstig,"Informational, Commercial",59,110,39,0.00,"Video, People also ask, Related searches"
iptv list kaufen,Commercial,50,110,10,0.00,"AI Overview, Video, People also ask, Related searches"
iptv listen kaufen,Commercial,45,110,8,0.00,"AI Overview, People also ask, Related searches"
iptv pc player,Commercial,56,110,25,0.00,"AI Overview, Reviews, Video, People also ask, Related searches"
iptv preis,Transactional,47,110,35,0.00,"Sitelinks, AI Overview, Video, People also ask, Related searches"
iptv preise,Transactional,51,110,32,0.00,"AI Overview, Reviews, Image, Video, People also ask, Related searches"
iptv set top box,Commercial,63,110,15,0.00,"Video, People also ask, Related searches, Popular products"
iptv the best,Commercial,51,110,47,0.00,"Video, Video carousel, People also ask, Related searches"
iptv windows 11,Commercial,47,110,22,0.00,"AI Overview, Reviews, Video, Video carousel, People also ask, Related searches"
iptv-anbieter reddit,"Navigational, Transactional",48,110,32,0.00,"Video, Related searches"
kabel receiver mit festplatte und aufnahmefunktion,Commercial,40,110,16,0.14,"Video, People also ask, Related searches, Popular products"
kabel tv receiver,"Informational, Commercial",49,110,18,0.54,"Reviews, Video, Video carousel, People also ask, Related searches, Popular products"
kabel-receiver,"Informational, Commercial",47,110,21,0.38,"Video, Video carousel, People also ask, Related searches, Popular products"
kabelanschluss mit receiver,"Informational, Commercial",40,110,25,0.59,"Reviews, Video, Video carousel, People also ask, Related searches, Popular products, Ads bottom"
kabelreceiver mit festplatte,Commercial,39,110,19,0.15,"Reviews, Video, People also ask, Related searches, Popular products"
kaufland fernseher 32 zoll,"Navigational, Transactional",37,110,28,0.12,"Sitelinks, Image, Image pack, People also ask, Related searches, Popular products, Ads top, Ads bottom"
küchenradio technisat,"Navigational, Transactional",47,110,21,0.17,"Sitelinks, Reviews, Image pack, Video, People also ask, Related searches, Popular products"
led lcd tv lg,Commercial,36,110,36,0.46,"Video, People also ask, Related searches, Popular products"
lg 4k ultra hd smart tv,"Informational, Transactional",44,110,25,0.00,"Reviews, Video, People also ask, Related searches, Popular products"
lg android tv,"Informational, Transactional",46,110,32,0.17,"People also ask, Related searches"
lg fernseher 55 zoll angebot,Commercial,41,110,35,0.29,"Video, People also ask, Related searches, Popular products"
lg fernseher 55 zoll media markt,"Informational, Transactional",37,110,28,0.18,"People also ask, Related searches, Popular products"
lg fernseher alt,"Informational, Transactional",45,110,21,0.00,"Image pack, Related searches, Popular products"
lg lcd led,"Informational, Transactional",39,110,32,0.84,"Video, People also ask, Related searches, Popular products, Ads bottom"
lg led television,"Informational, Transactional",37,110,33,0.84,"Video, People also ask, Related searches, Popular products"
lg oled 4k smart tv,"Informational, Transactional",44,110,29,0.00,"Video, People also ask, Popular products"
lg oled angebot,Commercial,35,110,30,0.51,"Video, People also ask, Related searches, Popular products"
lg oled c3 55 zoll,Commercial,40,110,32,0.42,"Reviews, Image, Video, People also ask, Related searches, Popular products"
lg oled evo 55,"Navigational, Transactional",39,110,29,0.50,"Sitelinks, Video, Video carousel, People also ask, Related searches, Popular products"
lg oled fernseher 55 zoll,"Informational, Transactional",42,110,29,0.26,"Reviews, Video, People also ask, Related searches, Popular products"
lg oled65c31la,"Informational, Transactional",34,110,30,0.36,"Reviews, People also ask, Knowledge panel, Related searches"
lg tv 55 zoll oled,Commercial,38,110,29,0.35,"People also ask, Related searches, Popular products"
lg tv mediamarkt,Transactional,39,110,30,0.29,"People also ask, Related searches, Popular products, Ads top, Ads bottom"
log oled,"Informational, Transactional",43,110,30,0.45,"Sitelinks, Video, Related searches, Popular products"
magenta fire tv stick,"Informational, Transactional",49,110,19,0.39,"Video, Video carousel, People also ask, Related searches, Popular products"
magenta paket,"Navigational, Commercial",35,110,21,2.61,"Reviews, Video, People also ask, Related searches, Ads top, Ads bottom"
magenta tv apk,Commercial,43,110,33,4.68,"AI Overview, Reviews, Related searches"
magenta tv liv,Commercial,46,110,58,3.13,"Reviews, Video, People also ask, Related searches, Ads top, Ads bottom"
magenta tv live stream kostenlos ohne anmeldung,"Informational, Transactional",46,110,30,2.31,"AI Overview, Reviews, Video, People also ask, Related searches"
magenta tv receiver kaufen,Transactional,44,110,22,1.26,"Reviews, People also ask, Related searches, Popular products"
magenta tv smart senderliste pdf,"Informational, Transactional",44,110,34,0.00,"Reviews, Video, People also ask, Related searches"
magenta tv vergleich,Commercial,45,110,33,3.02,"Reviews, Video, People also ask, Related searches"
magenta vertrag telekom,"Navigational, Transactional",32,110,48,1.74,"AI Overview, Reviews, Video, People also ask, Related searches, Ads top, Ads bottom"
magentatv kaufen,Transactional,42,110,35,2.82,"Sitelinks, Reviews, People also ask, Related searches, Popular products"
media markt 32 zoll tv,Transactional,37,110,29,0.23,"Sitelinks, People also ask, Related searches, Popular products"
media markt amazon fire stick,Commercial,37,110,24,0.22,"People also ask, Related searches, Popular products, Ads top, Ads middle"
media markt tv stick,Commercial,40,110,30,0.57,"Sitelinks, People also ask, Related searches, Popular products, Ads bottom"
mp4 player für android,Commercial,44,110,24,0.16,"Reviews, Video, Video carousel, People also ask, Related searches, See results about"
mp4 viewer android,Commercial,44,110,25,0.16,"Reviews, Video, People also ask, Related searches"
multimedia box,"Informational, Transactional",41,110,18,1.30,"Reviews, Image pack, Video, People also ask, Related searches, Popular products"
multimedia streaming player,"Informational, Commercial",42,110,19,1.78,"Reviews, Video, People also ask, Related searches, Popular products"
neue fernseher lg,"Informational, Transactional",35,110,36,0.29,"Sitelinks, Video, Short videos, People also ask, Related searches"
neueste lg fernseher,Transactional,37,110,36,0.29,"Sitelinks, People also ask, Related searches, Popular products"
neuester lg fernseher,Transactional,40,110,44,0.29,"Video, Video carousel, People also ask, Related searches, Popular products"
ok 32 zoll fernseher,Commercial,40,110,20,0.06,"Reviews, Image, Video, People also ask, Related searches, Popular products"
ok tv smart tv,"Informational, Transactional",44,110,22,0.25,"Sitelinks, Reviews, Video, People also ask, Related searches, Popular products"
oled fernseher 32 zoll,Commercial,34,110,23,0.30,"Sitelinks, Video, People also ask, Related searches, Popular products, Ads top, Ads bottom"
oled fernseher kaufen,Transactional,43,110,30,0.30,"Video, People also ask, Local pack, Related searches, Popular products"
oled tv 4k lg,"Informational, Transactional",37,110,32,0.43,"Related searches, Popular products"
oled tv günstig,Commercial,39,110,24,0.28,"Video, People also ask, Related searches, Popular products"
oled-fernseher 55 zoll,Commercial,47,110,26,0.29,"Video, Video carousel, People also ask, Related searches, Popular products"
player iptv pc,Commercial,54,110,26,0.00,"AI Overview, Reviews, Video, Video carousel, Related searches"
player smart tv,"Informational, Transactional",52,110,29,0.45,"Reviews, Video, People also ask, Related searches"
preise magenta tv,Transactional,46,110,39,0.90,"Video, People also ask, Related searches"
receiver für kabel digital,Commercial,43,110,20,0.16,"Video, Video carousel, People also ask, Related searches, Popular products"
receiver mit hd karte,Commercial,46,110,16,0.42,"Video, People also ask, Related searches, Popular products"
refurbished apple tv,"Informational, Transactional",39,110,29,0.46,"Reviews, People also ask, Related searches, Popular products"
roku box,"Navigational, Transactional",43,110,29,0.05,"Sitelinks, People also ask, Related searches, Popular products"
samsung 32 zoll smart tv 4k,Commercial,43,110,23,0.23,"People also ask, Related searches, Popular products"
samsung 32 zoll tv,Commercial,43,110,30,0.18,"People also ask, Related searches, Popular products"
samsung 80 zoll tv,Commercial,41,110,27,0.27,"Video, People also ask, Related searches, Popular products"
samsung fernseher günstig,"Informational, Commercial",41,110,25,0.17,"People also ask, Related searches, Popular products"
samsung fernseher mit integrierter festplatte zum aufnehmen,Commercial,40,110,26,0.11,"Sitelinks, Reviews, Video, People also ask, Related searches, Ads bottom"
samsung high definition tv,"Informational, Transactional",36,110,38,0.58,"Video, People also ask, Related searches, Popular products"
samsung lcd tv,"Informational, Transactional",45,110,37,0.17,"People also ask, Related searches, Popular products"
samsung led ultra hd,"Informational, Transactional",34,110,24,0.22,"Video, People also ask, Related searches, Popular products"
samsung stick tv,Commercial,44,110,27,0.26,"Video, People also ask, Related searches, Popular products"
samsung t,"Informational, Transactional",43,110,56,0.90,"Video, People also ask, Related searches, Popular products"
samsung televize smart,"Informational, Transactional",41,110,37,0.25,"Reviews, People also ask, Related searches, Popular products"
samsung tv bester,Commercial,48,110,37,0.30,"Sitelinks, Video, People also ask, Related searches"
samsung tv smart,Commercial,42,110,44,0.27,"Video, People also ask, Related searches, Popular products"
samsung tv smart tv,"Informational, Transactional",43,110,42,0.20,"Video, People also ask, Related searches, Popular products"
samsung ultra 4k tv,"Informational, Transactional",36,110,36,0.22,"People also ask, Related searches, Popular products"
samsung ultra hd,"Informational, Transactional",38,110,36,0.41,"People also ask, Related searches, Popular products"
samsung ultra high definition 4k,Commercial,34,110,31,0.28,"People also ask, Related searches, Popular products"
samsung ultra smart tv,Commercial,41,110,30,0.22,"People also ask, Related searches"
sat receiver 4k,Commercial,45,110,10,0.25,"Sitelinks, Reviews, Video, Video carousel, People also ask, Related searches, Popular products"
sat receiver amazon,"Navigational, Transactional",38,110,34,0.09,"Sitelinks, People also ask, Related searches, Popular products"
sat receiver hdmi,"Informational, Commercial",45,110,26,0.11,"Image pack, People also ask, Related searches, Popular products"
sat receiver mit smart tv funktion,Commercial,49,110,20,0.26,"Sitelinks, Reviews, Video, People also ask, Related searches, Popular products"
sat receiver mit wlan und smart tv,Commercial,42,110,21,0.33,"Video, People also ask, Related searches, Popular products"
sat receiver smart,"Informational, Commercial",39,110,19,0.16,"Video, Video carousel, People also ask, Related searches, Popular products"
satellit receiver,"Informational, Transactional",46,110,30,0.22,"Image pack, Video carousel, People also ask, Related searches, Popular products"
satelliten receiver aufnahmefunktion,Commercial,39,110,17,0.19,"Video, People also ask, Related searches, Popular products"
satelliten receiver smart,"Informational, Commercial",39,110,23,0.16,"Video, Video carousel, People also ask, Related searches, Popular products"
satellitenreceiver kaufen,Transactional,48,110,24,0.19,"Video, People also ask, Related searches, Popular products"
sky receiver satellit,Transactional,43,110,33,1.59,"Reviews, Video, People also ask, Related searches, Popular products, Ads top, Ads bottom"
smart iptv xtream player,"Informational, Transactional",45,110,27,0.00,"Reviews, Video, People also ask"
smart player for tv,"Informational, Transactional",45,110,28,0.45,"Reviews, Video, People also ask, Related searches"
smart receiver for tv,Commercial,45,110,22,0.85,"Video, People also ask, Related searches, Popular products, Ads middle"
smart samsung tv,"Informational, Transactional",42,110,41,0.21,"Video, People also ask, Related searches, Popular products"
smart sat receiver,Commercial,46,110,19,0.18,"Video, Video carousel, People also ask, Related searches, Popular products"
smart stick,Commercial,45,110,19,0.70,"Video, Video carousel, People also ask, Related searches, Popular products, Ads bottom"
smart tv 32 zoll wlan,Commercial,45,110,23,0.20,"Video, People also ask, Related searches, Popular products"
smart tv in 32 inch,Commercial,43,110,27,0.18,"Reviews, Video, Video carousel, People also ask, Related searches, Popular products"
smart tv weiß 32 zoll,Commercial,39,110,23,0.19,"Reviews, Image, People also ask, Related searches, Popular products"
smarters iptv apk,Commercial,47,110,33,0.00,"Reviews, Video, Related searches"
smarters iptv windows,"Informational, Transactional",49,110,41,0.00,"AI Overview, Reviews, Video, Video carousel, People also ask, Related searches"
sony bravia with bluetooth,"Informational, Transactional",48,110,25,0.00,"Video, Video carousel, People also ask, Related searches, Popular products"
stick hdmi,Commercial,45,110,27,0.51,"Image pack, Video, People also ask, Related searches, Popular products"
streaming platformen,"Informational, Commercial",45,110,50,2.24,"Featured snippet, Video, People also ask, Related searches, Ads top, Ads bottom"
technisat dab+ radio,"Informational, Transactional",41,110,28,0.14,"People also ask, Related searches, Popular products"
technisat sat receiver mit festplatte,"Informational, Transactional",41,110,24,0.16,"People also ask, Related searches, Popular products"
telekom fernseher,"Navigational, Transactional",39,110,42,1.73,"Sitelinks, Reviews, Video, People also ask, Related searches"
telekom glasfaser mit magenta tv,Transactional,46,110,19,1.29,"AI Overview, Reviews, People also ask, Related searches, Ads top, Ads middle"
telekom internet mit magenta tv,Commercial,46,110,50,2.62,"AI Overview, Reviews, Video, People also ask, Related searches, Ads top, Ads middle"
telekom magenta tv smart,"Navigational, Transactional",40,110,38,2.76,"Sitelinks, Reviews, Video, People also ask, Related searches"
telekom receiver wlan,"Informational, Transactional",44,110,20,1.53,"Reviews, Video, People also ask, Related searches"
telekom smart,"Navigational, Transactional",33,110,36,5.78,"Sitelinks, Reviews, Video, People also ask, Related searches"
telekom werbung neu,"Informational, Transactional",32,110,33,0.00,"AI Overview, Reviews, Video, Video carousel, People also ask, Related searches, Ads bottom"
televisie 32 inch smart,Commercial,37,110,23,0.18,"Reviews, Video, Video carousel, People also ask, Related searches, Popular products"
tivi samsung,"Informational, Transactional",39,110,45,0.29,"Reviews, Video, People also ask, Related searches, Popular products"
top 10 streaming dienste kosten,"Informational, Commercial",50,110,37,1.10,"Sitelinks, AI Overview, Reviews, Video, People also ask, Related searches"
tv 4k samsung,Transactional,44,110,30,0.22,"People also ask, Related searches, Popular products"
tv 55 zoll oled,Commercial,49,110,24,0.29,"Video, People also ask, Related searches, Popular products, Ads bottom"
tv apple tv 2,"Informational, Transactional",46,110,54,0.00,"Reviews, Video, People also ask, Related searches"
tv aufnahmegerät,Commercial,46,110,18,0.43,"Reviews, Video, People also ask, Related searches, Popular products"
tv direkt app kostenlos,Commercial,43,110,33,0.26,"AI Overview, Reviews, People also ask, Related searches"
tv fernbedienung android,"Informational, Transactional",55,110,28,0.18,"Reviews, Video, Video carousel, People also ask, Related searches"
tv festplatte,Commercial,41,110,30,0.12,"Reviews, Video, People also ask, Related searches, Popular products"
tv lg lcd led,"Informational, Transactional",39,110,37,0.46,"Image pack, People also ask, Related searches, Popular products"
tv mit receiver integriert,Commercial,47,110,11,0.19,"Video, People also ask, Related searches, Popular products"
tv oled 55,"Informational, Commercial",43,110,26,0.28,"Video, People also ask, Related searches, Popular products"
tv receiver kaufen,Transactional,44,110,25,0.70,"People also ask, Related searches, Popular products"
tv zum aufnehmen,"Informational, Commercial",46,110,41,1.07,"Reviews, Video, People also ask, Related searches, Popular products"
tv über dsl,Commercial,47,110,30,2.76,"Sitelinks, Reviews, Image, Video, People also ask, Related searches"
tv-receiver,"Informational, Commercial",49,110,30,1.14,"Video, People also ask, Related searches, Popular products"
tvmagenta,Commercial,46,110,62,2.65,"Reviews, Video, People also ask, Related searches, Ads top, Ads bottom"
twin sat receiver,"Informational, Commercial",38,110,10,0.12,"Video, People also ask, Related searches, Popular products"
uhd tv samsung,Transactional,40,110,32,0.24,"People also ask, Related searches, Popular products"
usb stick für fernseher,Commercial,45,110,15,0.48,"Video, Video carousel, People also ask, Related searches, Popular products"
vergleich iptv,Commercial,59,110,37,0.00,"Sitelinks, AI Overview, Reviews, Video, People also ask, Related searches"
vodafone kabel receiver kaufen,Transactional,41,110,26,0.59,"Reviews, People also ask, Related searches, Popular products"
vodafone tv-box kaufen,Transactional,46,110,34,1.39,"Reviews, People also ask, Related searches, Popular products"
vom handy zum tv,"Informational, Transactional",41,110,26,0.12,"Sitelinks, AI Overview, Reviews, Video, Video carousel, People also ask, Related searches, Ads top"
waipu vs magenta,Commercial,39,110,18,0.00,"Sitelinks, AI Overview, Reviews, Video, People also ask, Related searches"
win iptv player,Commercial,51,110,30,0.00,"AI Overview, Reviews, Video, People also ask, Related searches"
wlan adapter samsung tv,"Informational, Commercial",39,110,26,0.11,"Video, People also ask, Related searches, Popular products, Ads bottom"
wlan adapter tv samsung,"Informational, Commercial",44,110,24,0.10,"Video, Related searches, Popular products"
wlan empfänger für tv,Commercial,45,110,23,0.33,"Video, People also ask, Related searches, Popular products"
wlan-adapter von samsung,Commercial,49,110,22,0.09,"Reviews, Video, Related searches, Popular products, Ads middle"
wowtv de magentatv,"Navigational, Transactional",46,110,40,0.97,"AI Overview, Reviews, Video, People also ask, Related searches"
xiaomi 4k stick,"Informational, Transactional",39,110,39,0.22,"Sitelinks, Reviews, People also ask, Related searches, Popular products"
xiaomi mi stick,"Navigational, Transactional",42,110,30,0.13,"Sitelinks, Reviews, People also ask, Related searches, Popular products"
zimmerantenne für dvb t,Commercial,40,110,27,0.21,"Video, People also ask, Related searches, Popular products"
zimmerantenne test,Commercial,37,110,26,0.16,"Reviews, Video, People also ask, Related searches, Popular products"
ıptv stream player windows,"Informational, Transactional",49,110,31,0.00,"Reviews, Video, Related searches"
ıptv test,"Informational, Commercial",42,110,10,0.89,"Sitelinks, Video, Related searches"
120 hz fernseher 55 zoll,Commercial,40,90,22,0.27,"Video, People also ask, Related searches, Popular products"
28 zoll smart tv,Commercial,40,90,23,0.18,"Sitelinks, Reviews, People also ask, Related searches, Popular products"
32 inch smart televisions,Commercial,39,90,23,0.18,"Video, People also ask, Related searches, Popular products"
32 zoll full hd fernseher,Commercial,42,90,30,0.15,"Video, People also ask, Related searches, Popular products"
32 zoll tv mediamarkt,"Informational, Transactional",46,90,29,0.23,"Video, People also ask, Related searches, Popular products"
42 zoll samsung,"Informational, Transactional",40,90,30,0.29,"Image, Video, People also ask, Related searches, Popular products"
4k fernseher 70 zoll,Commercial,43,90,23,0.30,"Reviews, Video, People also ask, Related searches, Popular products"
4k media player,"Informational, Commercial",37,90,13,0.18,"Reviews, Video, Video carousel, People also ask, Related searches, Popular products"
4k stick tv,Commercial,46,90,30,0.73,"Sitelinks, Reviews, Video, Video carousel, People also ask, Related searches, Popular products"
4k tv 32 zoll,"Informational, Commercial",44,90,23,0.26,"Sitelinks, Video, People also ask, Related searches, Popular products"
55 zoll samsung tv,Commercial,40,90,31,0.27,"Video, People also ask, Related searches, Popular products"
70 inch televisie,Commercial,39,90,26,0.25,"Reviews, Video, Video carousel, People also ask, Related searches, Popular products"
70 zoll 4k fernseher,Commercial,41,90,25,0.30,"Reviews, Video, People also ask, Related searches, Popular products"
abonnement iptv,Commercial,47,90,19,0.00,"AI Overview, Video, People also ask, Related searches"
activation iptv,"Informational, Transactional",55,90,10,0.00,"Reviews, Video, Video carousel, People also ask, Related searches"
alpha iptv,Commercial,42,90,20,0.00,"AI Overview, Reviews, Image pack, Video, People also ask, Related searches"
amazon fernseh stick,Transactional,42,90,36,0.40,"Reviews, People also ask, Related searches, Popular products, Ads top, Ads bottom"
amazon fire 4k ultra hd,"Informational, Transactional",39,90,31,0.47,"Reviews, People also ask, Popular products"
amazon fire tv stick 2nd gen,"Informational, Transactional",49,90,35,0.56,"Reviews, Video, People also ask, Related searches, Popular products"
amazon fire tv stick 4k media markt,"Informational, Transactional",39,90,25,0.32,"Sitelinks, People also ask, Related searches, Popular products"
amazon fire tv stick anmelden,"Informational, Transactional",40,90,30,0.82,"AI Overview, Video, Video carousel, People also ask, Related searches"
amazon fire tv stick max,Commercial,46,90,31,0.57,"Reviews, Image, Video, People also ask, Related searches, Popular products"
amazon fire tv stick neuste generation,"Informational, Transactional",48,90,27,0.54,"Video, People also ask, Related searches, Popular products"
amazon fire tv stick prime,"Informational, Transactional",43,90,39,0.64,"Reviews, Video, People also ask, Related searches, Popular products"
amazon fire tv usb stick,"Informational, Transactional",43,90,29,0.27,"Video, Video carousel, People also ask, Related searches, Popular products"
amazon fire tv wikipedia,"Navigational, Transactional",37,90,42,0.00,"Sitelinks, Reviews, Video, People also ask, Related searches"
amazon instant video stick,"Informational, Transactional",40,90,41,0.56,"Reviews, Video, People also ask, Related searches"
amazon prime fire tv stick,"Informational, Transactional",46,90,37,0.64,"Reviews, Video, People also ask, Related searches, Popular products"
amazon prime sticks,Transactional,47,90,36,0.40,"Reviews, Video, People also ask, Related searches, Ads top, Ads middle"
amazon stick angebot,"Informational, Transactional",38,90,40,0.62,"People also ask, Related searches, Popular products"
amazon stick iptv,"Informational, Transactional",53,90,31,0.00,"Sitelinks, People also ask, Related searches"
android ai box,"Informational, Commercial",52,90,17,0.31,"Video carousel, People also ask, Related searches, Popular products"
android tv remote control,Commercial,50,90,28,0.20,"Reviews, Video, Video carousel, People also ask, Related searches"
angebote samsung fernseher 55 zoll,Commercial,41,90,22,0.23,"Video, People also ask, Related searches, Popular products, Ads bottom"
angebote samsung smart tv,Commercial,38,90,35,0.23,"People also ask, Related searches, Popular products"
antenna in tv,"Informational, Transactional",38,90,45,0.00,"Image, Image pack, Video, Video carousel, People also ask, Related searches, Popular products"
antenne fernsehen digital,Commercial,38,90,22,0.41,"Video, People also ask, Related searches, Popular products"
antenne fernseher dvb t,Commercial,35,90,33,0.35,"Video, People also ask, Related searches, Popular products"
antenne für digitales fernsehen,Commercial,39,90,19,0.41,"Video, People also ask, Related searches, Popular products"
antenne für dvb t fernseher,Commercial,39,90,25,0.35,"Video, People also ask, Related searches, Popular products, Ads middle"
antennen receiver,"Informational, Commercial",37,90,28,0.14,"Reviews, Video, Video carousel, People also ask, Related searches, Popular products"
apple adapter hdmi,"Informational, Transactional",36,90,30,0.10,"People also ask, Related searches, Popular products"
apple av lightning adapter hdmi,"Informational, Transactional",34,90,25,0.14,"People also ask, Related searches, Popular products"
apple digital av lightning to hdmi adapter,"Informational, Transactional",34,90,26,0.14,"Related searches, Popular products"
apple fernsehen,"Navigational, Transactional",42,90,64,0.20,"Reviews, Video, People also ask, Top stories, Related searches"
apple hdmi kabel,"Informational, Transactional",36,90,34,0.15,"People also ask, Related searches, Popular products"
apple lightning cable to hdmi adapter,"Informational, Transactional",33,90,20,0.14,"Related searches, Popular products"
apple lightning digital hdmi adapter,"Informational, Transactional",34,90,29,0.14,"People also ask, Related searches, Popular products"
apple lightning lightning hdmi adapter,"Informational, Transactional",33,90,29,0.14,"People also ask, Related searches, Popular products"
apple plus tv,Transactional,40,90,61,0.69,"Reviews, Video, People also ask, Related searches"
apple tv 1,"Informational, Transactional",42,90,48,0.00,"Sitelinks, Reviews, Image pack, People also ask, Related searches"
apple tv 128,"Informational, Transactional",37,90,32,0.24,"Video, People also ask, Knowledge panel, Related searches, Ads bottom"
apple tv 4 k,"Navigational, Transactional",39,90,35,0.29,"Sitelinks, Reviews, Video, People also ask, Related searches, Popular products"
apple tv 4k 3rd gen,"Informational, Transactional",38,90,42,0.39,"People also ask, Related searches, Popular products"
apple tv 4k 64 gb,"Informational, Transactional",51,90,47,0.22,"People also ask, Related searches, Popular products"
apple tv 4k box,"Navigational, Transactional",46,90,48,0.39,"Sitelinks, Reviews, Video, People also ask, Related searches, Popular products"
apple tv 4k generation,"Informational, Transactional",39,90,51,0.00,"Sitelinks, AI Overview, Reviews, Video, People also ask, Knowledge panel, Related searches"
apple tv app download,Commercial,45,90,51,0.00,"Reviews, Video, People also ask, Related searches"
apple tv auf magenta tv aktivieren,Commercial,47,90,27,3.94,"AI Overview, Reviews, Video, Video carousel, People also ask, Related searches, Ads middle"
apple tv box 4 generation,"Informational, Transactional",45,90,43,0.00,"Reviews, Video, People also ask, Related searches"
apple tv device,"Navigational, Transactional",49,90,69,0.08,"Sitelinks, Reviews, Video, Video carousel, People also ask, Related searches, Popular products"
apple tv gen 2,"Informational, Transactional",42,90,37,0.00,"Video, People also ask, Related searches, Popular products"
apple tv im angebot,"Informational, Transactional",51,90,33,0.81,"Sitelinks, Reviews, Video, People also ask, Related searches, Popular products, Ads middle"
apple tv receiver,"Navigational, Transactional",47,90,44,0.11,"Sitelinks, Reviews, Video, Related searches"
apple tv site,"Navigational, Transactional",35,90,77,0.00,"Sitelinks, Reviews, People also ask, Related searches"
appletv angebot,"Informational, Transactional",40,90,37,0.81,"Reviews, Video, People also ask, Related searches"
aufnahme fernseher,"Informational, Commercial",43,90,32,0.85,"Video, Video carousel, People also ask, Related searches, Popular products"
best android player for iptv,Commercial,55,90,31,0.00,"Sitelinks, AI Overview, Reviews, Video, Video carousel, People also ask, Related searches"
best android tv stick,Commercial,48,90,43,0.42,"Sitelinks, Video, Video carousel, Related searches, Popular products"
best iptv player android,Commercial,53,90,41,0.00,"Sitelinks, AI Overview, Reviews, Video, Video carousel, People also ask, Related searches"
best tv stick android,"Informational, Commercial",46,90,25,0.26,"Sitelinks, Video, Video carousel, People also ask, Related searches, Popular products"
best video player for android,Commercial,39,90,30,0.18,"Sitelinks, AI Overview, Reviews, Video, Video carousel, People also ask, Related searches"
beste 32 zoll smart tv,Commercial,46,90,25,0.23,"Sitelinks, Video, People also ask, Related searches, Ads top, Ads middle"
beste dvb t2 antenne,Commercial,38,90,23,0.13,"Reviews, Video, People also ask, Related searches, Popular products"
beste ip tv app,Commercial,62,90,17,0.00,"AI Overview, Reviews, Video, People also ask, Related searches"
beste iptv app für apple tv,Commercial,57,90,25,0.00,"Sitelinks, AI Overview, Reviews, Video, Related searches"
beste iptv box android,"Informational, Commercial",69,90,16,0.00,"Video, Video carousel, People also ask, Related searches"
beste screen mirroring app kostenlos,Commercial,33,90,17,0.18,"AI Overview, Reviews, Video, People also ask, Related searches"
beste stream box,Commercial,53,90,22,0.67,"Sitelinks, Reviews, Video, Video carousel, People also ask, Related searches, Popular products"
beste streaming angebote,Commercial,50,90,38,1.31,"AI Overview, Reviews, Video, People also ask, Related searches"
beste streaming boxen,Commercial,53,90,23,0.67,"Sitelinks, Reviews, Video, Video carousel, People also ask, Related searches"
beste tv stick,Commercial,47,90,31,0.93,"Sitelinks, Reviews, Video, People also ask, Related searches, Popular products"
bester 32 zoll smart tv,Commercial,46,90,27,0.23,"Sitelinks, Video, Video carousel, People also ask, Related searches, Popular products, Ads bottom"
bester sat receiver mit aufnahmefunktion,Commercial,46,90,15,0.16,"Reviews, Video, Video carousel, People also ask, Related searches, Popular products, Ads bottom"
bester streaming dienst tv,Commercial,50,90,37,1.77,"Sitelinks, AI Overview, Reviews, Video, People also ask, Related searches"
bester video player android,Commercial,42,90,24,0.27,"Sitelinks, Reviews, Video, Video carousel, People also ask, Related searches"
chrome cast app,Transactional,37,90,34,0.24,"Reviews, Video, People also ask, Related searches"
chromecast mit google tv hd,Commercial,51,90,31,0.34,"Reviews, Video, People also ask, Related searches, Popular products"
chromecast oder fire tv,Commercial,42,90,19,0.00,"Sitelinks, AI Overview, Video, Video carousel, People also ask, Related searches"
chromecast vs fire tv,Commercial,39,90,18,0.00,"Sitelinks, AI Overview, Video, Video carousel, People also ask, Related searches"
das neue magenta tv,Commercial,46,90,36,2.31,"AI Overview, Reviews, Video, Video carousel, People also ask, Related searches, Ads middle"
digital tv antenne,"Informational, Commercial",40,90,29,0.38,"Video, People also ask, Related searches, Popular products"
digitale kabelreceiver,Commercial,39,90,22,0.25,"People also ask, Related searches"
digitalfernsehen 7 tage news,"Navigational, Transactional",38,90,27,0.00,"People also ask, Related searches"
dvb antennen,"Informational, Commercial",32,90,21,0.27,"People also ask, Related searches, Popular products"
dvb c radio receiver,"Informational, Commercial",39,90,15,0.09,"People also ask, Related searches, Popular products, Ads top, Ads bottom"
dvb t antenne fernseher,"Informational, Commercial",42,90,33,0.35,"Video, People also ask, Related searches, Popular products"
dvb t antenne für fernseher,Commercial,39,90,19,0.28,"Video, People also ask, Related searches, Popular products"
dvb t antenne media markt,"Informational, Transactional",39,90,29,0.20,"Image pack, Video, People also ask, Related searches, Popular products"
dvb t mit zimmerantenne,Commercial,40,90,28,0.14,"Video, People also ask, Related searches, Popular products"
dvb t zimmerantenne,Commercial,42,90,32,0.21,"Video, People also ask, Related searches, Popular products"
dvb t2 antenne innen,Commercial,43,90,29,0.10,"Video, People also ask, Related searches, Popular products"
dvb t2 außenantenne testsieger,"Informational, Commercial",39,90,19,0.09,"Sitelinks, Reviews, Video, People also ask, Related searches, Popular products, Ads bottom"
externe festplatte tv,Commercial,39,90,29,0.17,"Reviews, Video, People also ask, Related searches"
fernbedienung für tablet,"Informational, Commercial",37,90,26,0.09,"Reviews, Image pack, Video, People also ask, Related searches, Popular products"
fernsehanbieter im vergleich,Commercial,42,90,30,1.01,"AI Overview, Reviews, Video, People also ask, Related searches, Ads top, Ads middle"
fernsehantenne für alle programme,Commercial,41,90,22,0.46,"Reviews, Video, People also ask, Related searches"
fernsehen 55 zoll,Commercial,35,90,22,0.24,"Video, People also ask, Related searches, Popular products"
fernsehen antenne dvb t,Commercial,36,90,34,0.35,"Video, People also ask, Related searches, Popular products"
fernsehen digital antenne,Commercial,40,90,27,0.45,"Video, People also ask, Related searches, Popular products"
fernsehen mit receiver,Commercial,42,90,17,0.00,"Reviews, Video, People also ask, Related searches"
fernsehen ohne kabel und schüssel,Commercial,46,90,29,1.02,"Reviews, Video, Video carousel, People also ask, Related searches, Popular products, Ads top, Ads bottom"
fernsehen usb stick,Commercial,42,90,19,0.63,"Sitelinks, Reviews, Video, Video carousel, People also ask, Related searches, Popular products, Ads top"
fernsehen wlan adapter,Commercial,40,90,23,0.25,"Video, People also ask, Related searches, Popular products"
fernsehen über antenne dvb t,Commercial,40,90,33,0.28,"Sitelinks, Reviews, Video, People also ask, Related searches"
fernsehen über dvb t antenne,Commercial,42,90,30,0.35,"Reviews, Video, Video carousel, People also ask, Related searches"
fernseher 19 zoll testsieger,"Informational, Commercial",41,90,21,0.16,"Reviews, Video, People also ask, Related searches, Popular products"
fernseher 28 zoll samsung,Commercial,35,90,23,0.16,"Reviews, People also ask, Related searches, Popular products"
fernseher 60 zoll samsung,Commercial,36,90,26,0.21,"Reviews, People also ask, Related searches, Popular products"
fernseher android tv,Commercial,46,90,23,0.15,"Sitelinks, Image, Video, People also ask, Related searches, Popular products"
fernseher dvb t antenne,Commercial,39,90,25,0.35,"Reviews, Video, Video carousel, People also ask, Related searches, Popular products"
fernseher lcd 32 zoll,Commercial,39,90,26,0.12,"Video, People also ask, Related searches, Popular products"
fernseher lg kaufen,Transactional,47,90,38,0.49,"Video, People also ask, Related searches, Popular products"
fernseher mit dvb t antenne,Commercial,45,90,20,0.35,"Reviews, Video, People also ask, Related searches, Popular products"
fernseher mit dvb t2,Commercial,45,90,24,0.21,"Sitelinks, Reviews, Video, People also ask, Related searches, Popular products"
fernseher mit internetanschluss,Commercial,43,90,23,0.60,"Reviews, Video, People also ask, Related searches, Popular products"
fernseher mobil,Commercial,42,90,24,0.11,"Video, People also ask, Related searches, Popular products, Ads bottom"
fernseher oled kaufen,Transactional,38,90,30,0.32,"Video, People also ask, Local pack, Related searches, Popular products, Ads bottom"
fernseher samsung testsieger,Commercial,48,90,33,0.16,"Sitelinks, Video, People also ask, Related searches, Popular products"
festplatte extern für tv,Commercial,39,90,28,0.17,"Sitelinks, Reviews, Video, People also ask, Related searches"
fire stick alexa,"Informational, Transactional",32,90,21,0.32,"Reviews, Video, Video carousel, People also ask, Knowledge panel, Related searches"
fire stick hd,"Informational, Commercial",38,90,22,0.50,"Reviews, Video, Video carousel, People also ask, Related searches, Popular products, Ads bottom"
fire stick kaufen,Transactional,34,90,31,0.54,"Video, People also ask, Local pack, Related searches, Popular products, Ads top"
fire tv 1st gen,"Informational, Transactional",41,90,21,0.00,"Reviews, Image pack, Video, Video carousel, People also ask, Related searches, Popular products"
fire tv 3 gen,Commercial,38,90,18,0.00,"Reviews, People also ask, Related searches, Popular products"
fire tv 3 generation,Commercial,43,90,16,0.00,"Sitelinks, Reviews, Video, People also ask, Related searches, Popular products"
fire tv box 2 generation,"Informational, Commercial",49,90,23,0.00,"Reviews, Video, Video carousel, People also ask, Related searches, Popular products"
fire tv stick 4k 1. generation,Commercial,47,90,22,0.00,"Video, People also ask, Related searches, Popular products"
fire tv stick 4k plus vs max,"Informational, Commercial",49,90,21,0.31,"Sitelinks, Reviews, Video, Video carousel, People also ask, Related searches"
fire tv stick 4k ultra,"Informational, Transactional",41,90,20,0.35,"Reviews, Video, People also ask, Related searches, Popular products"
fire tv stick hd vs 4k,Commercial,36,90,15,0.00,"Sitelinks, Reviews, Video, Video carousel, People also ask, Related searches"
fire tv wikipedia,"Navigational, Transactional",34,90,40,0.00,"Sitelinks, AI Overview, Reviews, Video, People also ask, Related searches"
fire tv with 4k ultra hd,"Informational, Transactional",36,90,25,0.47,"Video, Video carousel, People also ask, Related searches, Popular products"
firetvsticks,"Navigational, Transactional",47,90,30,0.38,"Video, People also ask, Related searches"
fite tb,"Informational, Commercial",38,90,35,0.44,"Reviews, Video, Video carousel, People also ask, Popular products"
flex tv stick,"Informational, Transactional",56,90,26,0.60,"Reviews, Video, Video carousel, People also ask, Related searches, Popular products, Ads bottom"
flixy tv stick bewertung,Commercial,56,90,14,0.13,"Sitelinks, AI Overview, Reviews, Video, People also ask, Related searches"
fritz box iptv,"Informational, Transactional",47,90,23,0.00,"Video, People also ask, Related searches, Popular products"
good android tv,"Informational, Commercial",44,90,41,0.26,"Sitelinks, Reviews, Video, Video carousel, People also ask, Related searches, Popular products"
google chromecast vs amazon fire tv,Commercial,40,90,18,0.00,"Sitelinks, AI Overview, Video, Video carousel, Short videos, People also ask, Related searches"
google tv box 4k,"Informational, Commercial",47,90,33,0.52,"Reviews, Video, Video carousel, People also ask, Related searches, Popular products, Shopping ads"
günstige 32 zoll tv,Commercial,46,90,26,0.18,"Video, People also ask, Related searches, Popular products"
günstige streaming dienste,"Informational, Commercial",42,90,30,1.41,"Sitelinks, AI Overview, Reviews, Video, People also ask, Related searches, Ads top, Ads middle"
günstiger 65 zoll tv,Commercial,39,90,29,0.27,"Video, People also ask, Related searches, Popular products, Ads bottom"
hd receiver für kabelfernsehen,Commercial,47,90,22,0.47,"Reviews, Video, Video carousel, People also ask, Related searches, Popular products"
hd reciver,Commercial,42,90,29,0.54,"Video, People also ask, Related searches, Popular products"
hd sat receiver test,Commercial,41,90,15,0.13,"Sitelinks, Reviews, Video, Video carousel, People also ask, Related searches"
hd sat receiver testbericht,Commercial,41,90,20,0.13,"Sitelinks, Reviews, Video, Video carousel, People also ask, Related searches, Popular products"
hd+ ip tv stick kaufen,Transactional,46,90,22,0.00,"Video, People also ask, Related searches, Popular products"
hd+ ip tv stick mediamarkt,"Informational, Transactional",46,90,30,0.00,"Video, People also ask, Related searches, Popular products"
hd+ receiver,Commercial,37,90,26,0.60,"Reviews, People also ask, Related searches, Popular products"
hdmi lightning adapter apple,"Informational, Transactional",34,90,29,0.14,"People also ask, Related searches, Popular products"
hdmi satellite receiver,"Informational, Transactional",46,90,23,0.11,"Video, People also ask, Related searches, Popular products"
hdtv sat receiver mit aufnahmefunktion,Commercial,38,90,18,0.12,"Video, People also ask, Related searches, Popular products"
installing an amazon fire stick,"Informational, Transactional",47,90,35,0.44,"Video, Video carousel, Short videos, People also ask, Related searches"
internet fernseher kaufen,Transactional,40,90,28,0.59,"Reviews, Video, People also ask, Related searches, Popular products"
internetanschluss fernseher,"Informational, Commercial",43,90,23,0.96,"AI Overview, Reviews, Video, Video carousel, People also ask, Related searches"
internetanschluss für fernseher,Commercial,40,90,34,0.60,"AI Overview, Reviews, Video, People also ask, Related searches, Ads top, Ads middle"
internetradio mit cd technisat,"Informational, Transactional",35,90,19,0.13,"People also ask, Related searches, Popular products"
ip receiver,"Informational, Commercial",45,90,12,0.54,"Video, People also ask, Related searches, Popular products"
ip tv provider,"Informational, Commercial",48,90,31,0.00,"Video, People also ask, Related searches"
ip tv subscription,Commercial,44,90,47,1.27,"Sitelinks, AI Overview, Video, Video carousel, People also ask, Related searches"
ipad an fernseher anschliessen,"Informational, Commercial",46,90,18,0.12,"AI Overview, Video, Video carousel, People also ask, Related searches, Ads bottom, Ads middle"
iphone tv,"Informational, Transactional",49,90,41,0.96,"Sitelinks, Reviews, Video, Video carousel, People also ask, Knowledge panel, Related searches"
iphone zu hdmi adapter,"Informational, Transactional",36,90,29,0.13,"Video, Video carousel, People also ask, Related searches, Popular products"
iptv activare,"Informational, Transactional",55,90,19,0.00,"Reviews, Video, Video carousel, Related searches"
iptv app lg,Commercial,52,90,16,0.00,"Video, Video carousel, People also ask, Related searches"
iptv apple tv app,"Informational, Commercial",49,90,22,0.00,"Sitelinks, AI Overview, Reviews, Video, Related searches"
iptv box test,Commercial,59,90,17,0.00,"Sitelinks, Reviews, Video, Video carousel, People also ask, Related searches"
iptv decoder box,Commercial,55,90,23,0.00,"Video, People also ask, Related searches, Popular products"
iptv for pc,Commercial,62,90,,0.00,"Reviews, Video, Video carousel, Related searches"
iptv gratuits,"Informational, Commercial",51,90,30,0.00,"Reviews, Video, People also ask, Related searches"
iptv linux software,Commercial,47,90,9,0.00,"AI Overview, Reviews, Video, Related searches"
iptv set top,Commercial,57,90,16,0.00,"Video, People also ask, Related searches, Popular products"
iptv smarters windows,"Informational, Transactional",55,90,34,0.00,"Reviews, Video, Video carousel, People also ask, Related searches"
iptv stick amazon,"Informational, Transactional",56,90,31,0.00,"Sitelinks, Video, People also ask, Related searches, Popular products"
iptv subscription reddit,"Navigational, Transactional",48,90,28,0.00,"Video, People also ask, Related searches"
iptv website,Commercial,52,90,38,0.00,"AI Overview, People also ask, Related searches"
iptv windows player,"Informational, Commercial",56,90,22,0.00,"Reviews, Video, Related searches"
ist magenta tv gut,Commercial,46,90,14,4.78,"AI Overview, Video, Video carousel, People also ask, Related searches, Ads middle"
kabel hd receiver,Commercial,49,90,22,0.38,"Reviews, Video, Video carousel, People also ask, Related searches, Popular products"
kabel reciever,"Informational, Commercial",47,90,27,0.56,"Reviews, Video, People also ask, Related searches, Popular products"
kabelanschluss receiver,Commercial,43,90,22,0.59,"Reviews, Video, Video carousel, People also ask, Popular products"
kabelfernsehen receiver,Commercial,46,90,27,0.41,"Reviews, Video, Video carousel, People also ask, Related searches, Popular products"
kleine fernseher im test,Commercial,40,90,33,0.23,"Sitelinks, Reviews, Video, People also ask, Related searches"
kodi iptv addon,Commercial,50,90,15,0.00,"Sitelinks, Reviews, Video"
lcd 32 zoll fernseher,Commercial,37,90,26,0.12,"Video, People also ask, Related searches, Popular products"
lcd fernseher 32 zoll,Commercial,43,90,30,0.19,"Video, People also ask, Related searches, Popular products"
lg 80 zoll fernseher,Commercial,38,90,29,0.28,"Video, People also ask, Related searches, Popular products, Ads bottom"
lg c3 77 zoll,"Informational, Transactional",34,90,28,0.27,"Video, People also ask, Related searches"
lg fernseher 4k,"Informational, Transactional",40,90,33,0.34,"Reviews, Video, People also ask, Related searches, Popular products"
lg fernseher 80 zoll,Commercial,37,90,29,0.28,"Image, People also ask, Related searches, Popular products"
lg fernseher neu,Transactional,39,90,41,0.29,"Video, People also ask, Related searches, Popular products, Ads top"
lg led fernseher,Transactional,38,90,37,0.36,"Video, People also ask, Related searches, Popular products"
lg neuer fernseher,"Informational, Transactional",38,90,35,0.32,"Video, Video carousel, People also ask, Related searches, Popular products"
lg old,"Navigational, Commercial",34,90,37,0.41,"Sitelinks, Video, People also ask, Related searches, Popular products, Ads top, Ads bottom"
lg oled 43,Commercial,41,90,30,0.29,"Reviews, Video, People also ask, Related searches, Popular products"
lg oled evo ai 55 zoll,"Informational, Transactional",47,90,35,0.32,"Reviews, Video, People also ask, Related searches, Popular products"
lg oled48c37la,"Informational, Transactional",38,90,28,0.71,"Reviews, Video, People also ask, Knowledge panel, Related searches"
lg oled55b42la test,"Informational, Transactional",36,90,22,0.00,"Reviews, Video, Video carousel, People also ask, Knowledge panel, Related searches"
lg oled55c31la,"Informational, Transactional",34,90,26,0.48,"Reviews, Video, People also ask, Related searches, Popular products"
lg tv led,"Informational, Transactional",39,90,36,0.46,"Video, Video carousel, People also ask, Related searches, Popular products"
lightning adapter hdmi apple,"Informational, Transactional",33,90,29,0.14,"People also ask, Related searches, Popular products"
lightning hdmi cable apple,"Informational, Transactional",35,90,30,0.13,"People also ask, Related searches, Popular products"
magenta online shop,Commercial,29,90,48,2.75,"Reviews, People also ask, Related searches"
magenta tv anmelden live tv,"Navigational, Transactional",40,90,45,0.00,"AI Overview, Reviews, Video, Video carousel, People also ask, Related searches"
magenta tv bewertung,Commercial,49,90,16,6.87,"AI Overview, Reviews, Video, Video carousel, People also ask, Related searches"
magenta tv ohne receiver nachteile,"Informational, Commercial",48,90,21,5.83,"AI Overview, Reviews, Video, People also ask, Related searches, Ads middle"
magenta tv one anmelden,"Informational, Transactional",41,90,27,0.00,"AI Overview, Video, Video carousel, People also ask, Related searches"
magenta tv pakete preise,Transactional,46,90,50,3.40,"AI Overview, Reviews, People also ask, Related searches"
magenta tv startseite,Commercial,46,90,34,3.15,"AI Overview, Video, Video carousel, People also ask, Related searches, Ads top"
magenta tv stick alternative,Commercial,51,90,21,0.27,"Sitelinks, Reviews, Video, People also ask, Related searches"
magentatv ohne vertrag,Commercial,40,90,28,3.31,"AI Overview, Reviews, People also ask, Related searches"
magentatv serien kostenlos,"Informational, Commercial",42,90,19,0.00,"Reviews, Video, People also ask, Related searches"
media markt smart tv 32 zoll,"Informational, Transactional",42,90,29,0.24,"Sitelinks, Video, People also ask, Related searches, Popular products, Ads bottom"
media receiver 201 telekom,"Informational, Transactional",42,90,22,0.25,"Reviews, Video, People also ask, Knowledge panel, Related searches"
mi tv stick 4k,"Informational, Transactional",44,90,31,0.17,"Video, Video carousel, People also ask, Knowledge panel, Related searches"
mi xiaomi tv,"Navigational, Transactional",45,90,39,0.18,"Video, Video carousel, People also ask, Related searches, Popular products, Ads top, Ads bottom"
mobile fernseher,"Informational, Commercial",52,90,24,0.18,"Image pack, People also ask, Related searches, Popular products"
mobile television,"Informational, Transactional",52,90,40,0.49,"Sitelinks, Image pack, Video, People also ask, Knowledge panel, Related searches, Popular products"
moxi player tv stick,"Informational, Commercial",56,90,,0.00,"Sitelinks, Reviews, Video, People also ask, Related searches, Popular products"
musik streaming dienste im test,Commercial,50,90,27,0.66,"Sitelinks, Reviews, Video, Short videos, People also ask, Related searches"
netflix sticks,Commercial,56,90,30,0.35,"Reviews, Video, People also ask, Related searches"
neue samsung tvs,"Informational, Transactional",41,90,33,0.35,"Sitelinks, Video, People also ask, Related searches, Popular products"
neuer lg fernseher,Transactional,38,90,36,0.29,"People also ask, Related searches, Popular products"
neuester tv von samsung,"Navigational, Transactional",48,90,46,0.27,"Sitelinks, People also ask, Related searches, Popular products"
nur magenta tv buchen,Commercial,46,90,33,2.71,"AI Overview, Reviews, People also ask, Related searches, Ads bottom, Ads middle"
ok tv fernbedienung app,"Informational, Transactional",43,90,25,0.26,"Sitelinks, AI Overview, Reviews, Video, People also ask, Related searches"
oled 4k lg,Transactional,36,90,31,0.43,"Video, Video carousel, People also ask, Related searches, Popular products"
pc iptv,Commercial,62,90,31,0.00,"AI Overview, Reviews, Video, People also ask"
preis apple tv,"Navigational, Transactional",39,90,43,0.67,"Sitelinks, Reviews, Video, People also ask, Related searches, Popular products"
radio receiver dvb c,"Informational, Transactional",36,90,13,0.11,"People also ask, Related searches, Popular products"
radio xtream,"Informational, Commercial",49,90,16,0.00,"Reviews, Related searches"
receiver für kabelanschluss,Commercial,41,90,22,0.59,"Reviews, Video, Video carousel, People also ask, Related searches"
receiver für telekom entertain,Transactional,44,90,26,1.59,"Reviews, Video, People also ask, Related searches"
receiver hd kaufen,Transactional,46,90,29,0.33,"Video, People also ask, Related searches"
receiver kabel anschluss,Commercial,48,90,17,0.36,"Reviews, Video, Video carousel, People also ask, Related searches, Popular products"
receiver mit kabelanschluss,Commercial,40,90,12,0.59,"Reviews, Video, Video carousel, People also ask, Related searches, Popular products"
receiver sky,Transactional,41,90,32,1.73,"Reviews, Image, Video, People also ask, Related searches, Ads bottom"
receiver stream,"Informational, Commercial",40,90,12,0.00,"Reviews, Video, People also ask, Related searches"
samsung android fernseher,"Informational, Transactional",47,90,39,0.14,"People also ask, Related searches, Popular products"
samsung fernsehen,Commercial,40,90,39,0.33,"People also ask, Related searches, Popular products, Ads top, Ads bottom"
samsung fernseher 2010,"Informational, Transactional",48,90,25,0.00,"Image pack, Video, People also ask, Related searches, Popular products"
samsung fernseher 28 zoll,Commercial,35,90,23,0.16,"Reviews, People also ask, Related searches, Popular products"
samsung fernseher 32 zoll media markt,"Informational, Transactional",42,90,29,0.11,"Sitelinks, Image, People also ask, Related searches, Popular products"
samsung fernseher 55 zoll angebote,Commercial,38,90,22,0.22,"People also ask, Related searches, Popular products"
samsung fernseher smart tv,Commercial,41,90,45,0.32,"People also ask, Related searches, Popular products"
samsung fernseher testsieger,"Informational, Commercial",48,90,31,0.16,"Sitelinks, Reviews, Video, People also ask, Related searches, Popular products"
samsung fernseher uhd,"Informational, Transactional",39,90,38,0.22,"Video, Video carousel, People also ask, Related searches, Popular products"
samsung fernseher ultra hd,Commercial,34,90,29,0.28,"Sitelinks, People also ask, Related searches, Popular products"
samsung oled 43 zoll,Commercial,40,90,30,0.55,"People also ask, Related searches, Popular products"
samsung sat receiver,Commercial,39,90,30,0.07,"People also ask, Popular products"
samsung testsieger fernseher,Commercial,48,90,33,0.16,"Sitelinks, Reviews, Video, Video carousel, People also ask, Related searches, Popular products"
samsung tv 4k smart tv,Commercial,47,90,22,0.23,"Image pack, Video, People also ask, Related searches, Popular products, Ads top, Ads bottom"
samsung tv angebote 55 zoll,Commercial,39,90,29,0.27,"People also ask, Related searches, Popular products"
samsung tv klein,Commercial,43,90,30,0.14,"Image, People also ask, Related searches, Popular products"
samsung tv neu,Transactional,48,90,40,0.27,"Video, People also ask, Related searches, Popular products"
samsung ultra hd 4k,"Informational, Commercial",35,90,26,0.22,"Video, Video carousel, People also ask, Related searches, Popular products"
samsung wlan stick,Commercial,40,90,26,0.09,"Image, Video, People also ask, Related searches"
samsungs tv,"Informational, Transactional",43,90,32,0.38,"Video, Video carousel, People also ask, Related searches, Popular products"
sat receiver digital,"Informational, Commercial",45,90,17,0.19,"Video, Video carousel, People also ask, Related searches, Popular products"
sat receiver hd mit aufnahmefunktion,Commercial,42,90,21,0.12,"Video, People also ask, Related searches, Popular products"
sat receiver mit apps,Commercial,42,90,11,0.34,"Sitelinks, Video, People also ask, Related searches, Popular products"
satellite and receiver,"Informational, Commercial",45,90,14,0.15,"Image pack, Video, Related searches, Popular products"
serie 5 samsung tv,Transactional,41,90,31,0.00,"Reviews, Video, People also ask, Related searches, Popular products"
set box tv,"Informational, Commercial",49,90,17,1.14,"Sitelinks, Reviews, Video, People also ask, Related searches, Popular products"
set top box tv,Commercial,49,90,13,0.88,"Image pack, People also ask, Related searches, Popular products"
sky q receiver bestellen,"Informational, Transactional",50,90,29,1.92,"AI Overview, Reviews, People also ask, Related searches"
smart fernseher 55 zoll,Commercial,39,90,23,0.22,"Video, People also ask, Related searches, Popular products"
smart iptv app kostenlos,"Informational, Commercial",62,90,30,0.00,"AI Overview, Reviews, Video, People also ask, Related searches"
smart iptv download chip,Transactional,62,90,42,0.00,"Video, People also ask, Related searches"
smart iptv eu,"Informational, Transactional",47,90,29,0.00,"AI Overview, Reviews, Video, Video carousel, People also ask, Related searches"
smart iptv kaufen,Transactional,47,90,29,0.00,"Reviews, Video, People also ask, Related searches"
smart iptv player pro,"Informational, Transactional",62,90,39,0.00,"Reviews, Video, Video carousel, People also ask, Related searches"
smart satelliten receiver,"Informational, Commercial",45,90,25,0.16,"Video, Video carousel, People also ask, Related searches, Popular products"
smart tv 32 zoll günstig,"Informational, Commercial",43,90,22,0.19,"Video, People also ask, Related searches, Popular products"
smart tv 32 zoll media markt,Commercial,37,90,22,0.24,"Sitelinks, Video, People also ask, Related searches, Popular products"
smart tv 32 zoll mit wlan,"Informational, Transactional",47,90,20,0.21,"Video, People also ask, Related searches, Popular products"
smart tv 4k 32 zoll,Commercial,43,90,23,0.23,"Sitelinks, Video, People also ask, Related searches, Popular products"
smart tv adapter,Commercial,54,90,26,0.28,"Sitelinks, Video, People also ask, Related searches, Popular products"
smart tv and internet,Commercial,46,90,44,1.15,"Sitelinks, AI Overview, Reviews, Video, Video carousel, People also ask, Related searches"
smart tv box erfahrungen,Commercial,45,90,27,0.00,"Sitelinks, Reviews, Video, Video carousel, People also ask, Related searches"
smart tv günstig 32 zoll,Commercial,42,90,22,0.19,"Video, People also ask, Related searches, Popular products"
smart tv mit integriertem sat receiver,Commercial,45,90,21,0.19,"People also ask, Related searches, Popular products"
smarters lite,"Informational, Transactional",27,90,34,0.00,"Reviews, People also ask, Knowledge panel, Related searches"
streamanbieter,Commercial,50,90,45,7.65,"AI Overview, Reviews, Video, People also ask, Related searches, Ads middle"
streaming apk,Commercial,46,90,33,0.00,"AI Overview, Reviews, Video, People also ask, Related searches"
streaming dienst vergleich,Commercial,50,90,37,1.60,"Reviews, Video, Video carousel, People also ask, Related searches"
streaming geraete,"Informational, Commercial",56,90,16,0.94,"Reviews, Video, Video carousel, People also ask, Related searches, Popular products"
streaming vergleich,Commercial,44,90,38,1.89,"Reviews, Video, People also ask, Related searches"
streaming-dienste vergleich,Commercial,50,90,35,1.33,"AI Overview, Reviews, Video, People also ask, Related searches"
t online fernsehen,Commercial,36,90,42,0.42,"Reviews, Video, Video carousel, People also ask, Related searches"
t online tv,Commercial,47,90,50,0.55,"Reviews, Video, People also ask, Top stories, Related searches"
tablet fernbedienung,Commercial,38,90,27,0.09,"Reviews, Image pack, Video, People also ask, Related searches, Popular products"
tablet pc with hdmi,Commercial,45,90,16,0.25,"Sitelinks, Reviews, Video, People also ask, Related searches, Popular products"
technisat internetradio mit cd,"Informational, Transactional",34,90,19,0.13,"Reviews, People also ask, Related searches, Popular products, Ads top, Ads bottom"
telekom internet und magenta tv,Commercial,46,90,48,2.70,"Reviews, People also ask, Related searches, Ads top, Ads bottom"
telekom magenta tv und internet,Commercial,46,90,33,3.36,"AI Overview, Reviews, People also ask, Related searches, Ads top, Ads middle"
telekom media receiver 201,"Informational, Transactional",42,90,22,0.52,"Reviews, Video carousel, People also ask, Knowledge panel, Related searches"
telekom tv app,Transactional,42,90,46,3.74,"Reviews, Video, People also ask, Related searches"
test 32 zoll smart tv,"Informational, Commercial",46,90,27,0.17,"Sitelinks, Reviews, Video, People also ask, Related searches"
test tv stick,Commercial,44,90,33,0.40,"Sitelinks, Reviews, Video, People also ask, Related searches"
test tv sticks,Commercial,56,90,27,0.50,"Sitelinks, Video, Video carousel, People also ask, Related searches"
testsieger samsung fernseher,"Informational, Commercial",48,90,31,0.16,"Sitelinks, Reviews, Video, Video carousel, People also ask, Related searches, Popular products"
tv 32 inch,Commercial,36,90,23,0.15,"Video, Video carousel, People also ask, Related searches, Popular products"
tv 32 zoll weiß,Commercial,41,90,23,0.24,"Video, People also ask, Related searches, Popular products"
tv 46 zoll samsung,Commercial,40,90,28,0.14,"Reviews, Video, People also ask, Related searches, Popular products"
tv antenne testsieger,Commercial,41,90,19,0.27,"Reviews, Video, People also ask, Related searches, Popular products"
tv box 4k,"Informational, Transactional",52,90,29,0.74,"Reviews, Video, Video carousel, People also ask, Related searches, Popular products"
tv box kaufen,Transactional,69,90,22,1.46,"Video, People also ask, Related searches, Popular products"
tv dongle,"Informational, Commercial",53,90,26,0.48,"Video, Video carousel, People also ask, Related searches, Popular products"
tv gerät 32 zoll,Commercial,46,90,25,0.15,"Sitelinks, Video, Video carousel, People also ask, Related searches, Popular products"
tv günstig 32 zoll,Commercial,46,90,26,0.18,"Video, People also ask, Related searches, Popular products"
tv magenta login,Commercial,46,90,33,0.00,"Video, People also ask, Related searches"
tv mit android,Commercial,53,90,23,0.17,"Sitelinks, Video, People also ask, Related searches, Popular products, Ads bottom"
tv mit satellit,"Informational, Commercial",49,90,16,0.96,"Reviews, Video, People also ask, Related searches, Popular products"
tv mit satelliten receiver,Commercial,44,90,19,0.21,"Video, People also ask, Related searches, Popular products, Ads middle"
tv ok,Commercial,40,90,19,0.27,"Sitelinks, Reviews, Image, Video, People also ask, Related searches, Popular products"
tv receiver integriert,Commercial,46,90,16,0.15,"Reviews, Video, People also ask, Related searches"
tv receiver mit festplatte,Commercial,44,90,18,0.38,"Video, People also ask, Related searches, Popular products"
tv receiver über internet,Commercial,51,90,24,1.20,"Sitelinks, Reviews, Video, People also ask, Related searches, Popular products, Ads top, Ads middle"
tv samsung led,"Informational, Transactional",43,90,32,0.27,"Video, Video carousel, People also ask, Related searches, Popular products"
tv sendungen aufnehmen gerät,Commercial,44,90,22,0.37,"Sitelinks, Video, People also ask, Related searches"
tv stick best,Commercial,56,90,29,0.59,"Sitelinks, Reviews, Video, Video carousel, People also ask, Related searches, Popular products, Ads middle"
tv stick xiaomi,"Navigational, Transactional",44,90,32,0.23,"Sitelinks, Reviews, Video, People also ask, Knowledge panel, Related searches, Popular products"
tv sticks für fernseher,"Informational, Commercial",56,90,27,1.18,"Sitelinks, Reviews, Video, Video carousel, People also ask, Related searches, Popular products"
tv sticks test,Commercial,56,90,28,0.76,"Sitelinks, Video, Video carousel, People also ask, Related searches, Ads bottom"
tv über internet receiver,Commercial,49,90,30,1.20,"Sitelinks, Reviews, Video, People also ask, Related searches, Popular products"
tvbrowser download,"Informational, Transactional",44,90,35,0.24,"Reviews, People also ask, Related searches"
twin sat receiver mit festplatte test stiftung warentest,Commercial,39,90,27,0.09,"Sitelinks, Video, People also ask, Related searches, Popular products"
twin satelliten receiver,Commercial,37,90,15,0.12,"Video, People also ask, Related searches, Popular products"
uhd sat receiver,"Informational, Commercial",47,90,10,0.21,"Reviews, Video, People also ask, Related searches, Popular products"
universal fernbedienung bluetooth,"Informational, Transactional",37,90,18,0.10,"Reviews, Video, Video carousel, People also ask, Related searches, Popular products"
usb festplatte für tv,"Informational, Commercial",39,90,25,0.13,"Reviews, Video, People also ask, Related searches, Popular products"
usb media player,"Informational, Transactional",37,90,21,0.10,"Image pack, Video, People also ask, Related searches, Popular products, Ads bottom"
usb stick amazon fire tv,"Informational, Commercial",46,90,27,0.27,"Reviews, Video, Video carousel, People also ask, Related searches, Popular products"
usb stick smart tv,Commercial,49,90,22,0.45,"Video, Video carousel, People also ask, Related searches, Popular products, Ads bottom"
vergleich fernsehanbieter,Commercial,45,90,39,1.14,"Sitelinks, Reviews, Video, People also ask, Related searches, Ads top, Ads bottom"
vergleich streaming,Commercial,41,90,40,1.89,"Reviews, Video, People also ask, Related searches"
vodafone giga tv box 2,"Informational, Transactional",46,90,30,1.33,"Sitelinks, Reviews, Video, People also ask, Related searches"
vodafone hd receiver,"Informational, Transactional",40,90,27,1.22,"Reviews, Image pack, Video, People also ask, Related searches, Popular products"
vodafone set top box,"Informational, Transactional",47,90,30,1.73,"Reviews, Image, Image pack, Video, Video carousel, People also ask, Related searches, Popular products"
waipu alternativen,Commercial,34,90,25,0.78,"AI Overview, Reviews, Video, People also ask, Related searches"
was ist der beste musik streaming dienst,Commercial,50,90,19,0.71,"Sitelinks, AI Overview, Reviews, Video, People also ask, Related searches, Ads bottom"
was ist eine set-top-box,"Informational, Commercial",59,90,13,0.46,"AI Overview, Reviews, Video, People also ask, Related searches"
web browser iptv,Commercial,51,90,44,0.00,"Reviews, Video, People also ask, Related searches"
welcher amazon fire tv stick ist der beste,Commercial,47,90,28,0.38,"Sitelinks, AI Overview, Reviews, Video, People also ask, Related searches"
welcher iptv player ist der beste,Commercial,62,90,,0.00,"AI Overview, Reviews, Video, People also ask, Related searches"
welcher streamingdienst ist der beste,Commercial,40,90,30,1.46,"AI Overview, Reviews, Video, Video carousel, People also ask, Related searches"
welches apple tv habe ich,"Informational, Transactional",37,90,37,0.00,"AI Overview, Reviews, People also ask, Related searches"
wlan adapter für samsung tv,"Informational, Commercial",40,90,25,0.05,"Video, People also ask, Related searches, Popular products, Ads middle"
wlan fernseher kaufen,Transactional,42,90,22,0.29,"Video, People also ask, Related searches, Popular products, Ads bottom"
wlan tv empfänger,Commercial,43,90,19,0.33,"Video, People also ask, Related searches, Popular products, Ads bottom"
xiaomi mi tv,"Navigational, Transactional",42,90,33,0.15,"Reviews, People also ask, Related searches, Popular products"
xiaomi stick tv,"Informational, Transactional",46,90,45,0.20,"Reviews, Video, People also ask, Knowledge panel, Related searches"
xiaomi tv box s 4k,"Informational, Transactional",52,90,32,0.14,"Reviews, Video, People also ask, Knowledge panel, Related searches, Popular products"
xtreamcube,"Navigational, Transactional",49,90,0,0.76,Related searches
zattoo test,Commercial,30,90,22,1.83,"Sitelinks, AI Overview, Reviews, Video, People also ask, Related searches"
24 zoll tv samsung,"Informational, Commercial",38,70,22,0.15,"People also ask, Related searches, Popular products"
2nd generation google chromecast,"Informational, Transactional",47,70,25,0.00,"Reviews, Video, Video carousel, People also ask, Related searches"
32 zoll 4k smart tv,"Informational, Commercial",43,70,25,0.20,"Sitelinks, Video, People also ask, Related searches, Popular products"
32 zoll fernseher angebote,Commercial,36,70,25,0.18,"Video, People also ask, Related searches, Popular products, Ads bottom"
32 zoll tv angebot,Commercial,38,70,23,0.16,"Video, People also ask, Related searches, Popular products"
32 zoll tv angebote,Commercial,38,70,22,0.16,"Video, People also ask, Related searches"
32 zoll tv weiß,Commercial,39,70,22,0.24,"Reviews, People also ask, Related searches, Popular products"
4k fernseher lg 55 zoll,Commercial,40,70,34,0.27,"People also ask, Related searches, Popular products"
4k lg,"Informational, Transactional",36,70,30,0.40,"People also ask, Related searches, Popular products"
4k streaming sticks,"Informational, Commercial",49,70,26,0.61,"Sitelinks, Reviews, Video, Video carousel, People also ask, Related searches, Popular products"
4k ultra hd fire tv,"Informational, Transactional",40,70,24,0.47,"Reviews, Video, People also ask, Related searches, Popular products"
55 inch oled tv,Commercial,47,70,22,0.33,"Video, People also ask, Related searches, Popular products"
55 zoll samsung smart tv,"Informational, Transactional",48,70,33,0.24,"People also ask, Related searches, Popular products"
70 tv,Commercial,44,70,26,0.20,"Video, People also ask, Related searches, Popular products"
70 zoll lg,"Informational, Transactional",38,70,29,0.23,"Reviews, Video, People also ask, Related searches, Popular products, Ads bottom"
80 zoll lg,Commercial,38,70,23,0.26,"Reviews, Video, People also ask, Related searches, Popular products"
9xtream d & play iptv,Commercial,49,70,24,0.00,"Video, People also ask, Related searches"
aktion samsung fernseher,"Informational, Transactional",48,70,27,0.34,"Reviews, People also ask, Related searches, Popular products"
aktionen fernseher samsung,Commercial,48,70,26,0.38,"People also ask, Related searches, Popular products, Ads top, Ads middle"
alternativen zu magenta tv,Commercial,46,70,19,0.69,"AI Overview, Video, People also ask, Related searches, Ads top"
amazon box tv,Transactional,46,70,35,0.53,"People also ask, Related searches, Popular products"
amazon fire 4k stick,"Informational, Transactional",49,70,29,0.35,"Reviews, People also ask, Related searches, Popular products"
amazon fire box,"Informational, Transactional",43,70,30,0.22,"Reviews, People also ask, Related searches, Popular products"
amazon fire stick hdmi,"Informational, Transactional",36,70,25,0.43,"Reviews, Video, People also ask, Related searches, Popular products"
amazon fire tv stick 4k 3 generation,"Informational, Transactional",44,70,30,0.63,"Sitelinks, People also ask, Related searches, Popular products"
amazon fire tv stick usb,"Informational, Transactional",47,70,31,0.27,"Video, People also ask, Related searches, Popular products"
amazon firestick 4k,"Informational, Transactional",46,70,30,0.35,"Reviews, People also ask, Related searches, Popular products"
amazon kindle stick,"Informational, Transactional",37,70,37,0.70,"Reviews, People also ask, Popular products"
amazon televisions,"Informational, Transactional",35,70,32,0.40,"People also ask, Related searches, Popular products"
amazone tv stick 4k,"Informational, Transactional",49,70,34,0.62,"Reviews, Short videos, People also ask, Related searches, Popular products"
amazonstick,"Informational, Transactional",37,70,39,0.41,"Reviews, Video, People also ask, Related searches, Popular products, Ads top, Ads bottom"
anbieter fernsehen über internet,Commercial,63,70,41,1.82,"AI Overview, Reviews, Video, People also ask, Related searches, Ads top, Ads middle"
android fernbedienung,"Informational, Transactional",53,70,29,0.18,"Reviews, Video, Video carousel, People also ask, Related searches"
android hdmi stick,"Informational, Commercial",51,70,23,0.33,"Video, Video carousel, People also ask, Related searches, Popular products"
android tv sticks,"Informational, Commercial",56,70,35,0.45,"Sitelinks, Video, Video carousel, People also ask, Related searches, Popular products"
angebot tv 32 zoll,Commercial,38,70,27,0.16,"Video, People also ask, Related searches, Popular products, Ads bottom"
antenne televisive,"Informational, Transactional",42,70,27,0.00,"Reviews, Video, People also ask, Knowledge panel, Related searches, Popular products"
aplle tv box,"Navigational, Transactional",69,70,49,0.30,"Sitelinks, Video, People also ask, Related searches, Popular products"
app magenta tv,Commercial,47,70,54,0.00,"AI Overview, Reviews, Video carousel, People also ask, Related searches, Ads top"
app remote android,"Informational, Commercial",50,70,20,0.27,"Sitelinks, AI Overview, Reviews, Video, Video carousel, People also ask, Related searches"
apple lightning adapter hdmi,Transactional,36,70,29,0.32,"People also ask, Related searches, Popular products"
apple lightning cable to hdmi,"Informational, Transactional",37,70,29,0.10,"People also ask, Related searches, Popular products"
apple lightning digital av adapter hdmi,"Informational, Transactional",35,70,29,0.14,"Reviews, Video, Related searches, Popular products"
apple lightning to hdmi,Commercial,37,70,29,0.32,"People also ask, Related searches, Popular products"
apple lightning usb hdmi,"Informational, Transactional",37,70,27,0.32,"Related searches, Popular products"
apple multimedia,"Informational, Transactional",39,70,50,0.37,"People also ask, Related searches, Popular products"
apple multimedia player,"Informational, Transactional",35,70,38,0.00,"People also ask, Related searches, Popular products"
apple tv 3th generation,"Informational, Transactional",38,70,27,1.21,"Video, People also ask, Related searches"
apple tv 4 64gb,"Informational, Transactional",38,70,30,0.34,"People also ask, Related searches, Popular products"
apple tv 4k 32gb,"Informational, Transactional",39,70,41,0.22,"Reviews, People also ask, Related searches, Popular products"
apple tv 4k wifi,"Informational, Transactional",42,70,43,0.50,"Reviews, Video, People also ask, Knowledge panel, Related searches"
apple tv 64,"Informational, Transactional",42,70,31,0.34,"Reviews, People also ask, Related searches, Popular products"
apple tv 64g,"Informational, Transactional",38,70,46,0.23,"People also ask, Related searches, Popular products"
apple tv 64gb,"Informational, Transactional",40,70,47,0.23,"People also ask, Knowledge panel, Related searches"
apple tv film kaufen,Transactional,37,70,37,0.00,"Video, People also ask, Related searches"
apple tv generationen vergleich,"Informational, Commercial",36,70,11,0.00,"Sitelinks, AI Overview, Reviews, Video, Video carousel, People also ask, Related searches"
apple tv hd 4 gen,"Informational, Transactional",42,70,41,0.22,"Sitelinks, Reviews, People also ask, Related searches, Popular products"
apple tv hd 4. generation,"Informational, Transactional",51,70,42,0.22,"Reviews, People also ask, Related searches, Popular products"
apple tv magenta tv app,"Informational, Transactional",47,70,47,4.92,"Reviews, Video, People also ask, Related searches"
apple tv mydealz,"Navigational, Transactional",51,70,28,0.00,"Reviews, Video, Related searches"
apple tv pl,"Informational, Transactional",51,70,40,0.79,"Reviews, Video, People also ask, Related searches"
application video android,"Informational, Transactional",47,70,,0.47,"Reviews, Video, Video carousel, People also ask, Related searches"
apps for tv,"Informational, Commercial",46,70,22,1.72,"AI Overview, Reviews, People also ask, Related searches"
außenantenne dvb t2,"Informational, Commercial",37,70,13,0.15,"Sitelinks, People also ask, Related searches, Popular products"
best android tv,Commercial,62,70,42,0.26,"Sitelinks, Reviews, Video, Video carousel, People also ask, Related searches, Popular products"
best android video player,Commercial,37,70,26,0.18,"Sitelinks, AI Overview, Reviews, Video, Video carousel, People also ask, Related searches"
best iptv player for android,Commercial,58,70,47,0.00,"Sitelinks, AI Overview, Reviews, Video, Video carousel, People also ask, Related searches"
best iptv providers,"Informational, Commercial",50,70,49,0.00,"Featured snippet, Sitelinks, Video, Video carousel, People also ask, Related searches"
beste streaming box 2025,Commercial,53,70,30,0.00,"Sitelinks, Reviews, Video, People also ask, Related searches"
beste streaming dienst,Commercial,50,70,35,1.89,"AI Overview, Reviews, Video, People also ask, Related searches"
beste streaming-dienste,Commercial,50,70,40,1.71,"Sitelinks, AI Overview, Reviews, Video, People also ask, Related searches, Ads bottom"
beste tv programm app kostenlos,Commercial,46,70,46,0.36,"AI Overview, Reviews, Video, People also ask, Related searches"
besten sat receiver,Commercial,48,70,,0.10,"Sitelinks, Video carousel, People also ask, Related searches, Popular products"
besten streaming dienste,Commercial,42,70,37,1.89,"AI Overview, Reviews, Video, People also ask, Related searches, Ads middle"
bester android video player,Commercial,41,70,24,0.00,"AI Overview, Reviews, Video, Video carousel, People also ask, Related searches"
bester lg oled tv,Commercial,47,70,37,0.22,"Sitelinks, Video, People also ask, Related searches"
bester oled,Commercial,36,70,33,0.30,"Sitelinks, Reviews, Video, People also ask, Related searches, Ads bottom"
bobres iptv,Transactional,51,70,0,0.00,"People also ask, Related searches"
box internet tv,Commercial,57,70,16,1.90,"Reviews, Video, People also ask, Related searches, Popular products"
box tv amazon,"Informational, Transactional",48,70,33,0.53,"People also ask, Related searches, Popular products"
cable hdmi to iphone,"Informational, Transactional",39,70,22,0.12,"Sitelinks, Image pack, Video, Video carousel, People also ask, Related searches, Popular products"
chrome cast tv,"Informational, Transactional",51,70,42,0.46,"Reviews, Video, Video carousel, People also ask, Knowledge panel, Related searches"
chromeca,"Informational, Transactional",37,70,39,0.36,"Reviews, Video, People also ask, Knowledge panel, Related searches"
chromecast amazon fire stick,Commercial,46,70,28,0.35,"Sitelinks, Reviews, Video, People also ask, Related searches, Popular products"
chromecast download,"Informational, Transactional",43,70,48,0.24,"Reviews, Video, People also ask, Related searches"
ctv vs ott advertising,"Informational, Commercial",47,70,19,0.00,"Reviews, Video, Video carousel, People also ask, Related searches"
deutsche iptv,"Informational, Commercial",63,70,20,0.00,"AI Overview, Video, Related searches"
die besten tv sticks,Commercial,56,70,26,0.54,"Sitelinks, Reviews, Video, Video carousel, People also ask, Related searches, Popular products, Ads bottom"
digital receiver dvb c,Commercial,43,70,14,0.12,"Video, Video carousel, People also ask, Related searches, Popular products"
dvb c messgerät,"Informational, Commercial",47,70,9,0.09,"People also ask, Related searches, Popular products"
dvb c receiver media markt,Commercial,43,70,33,0.04,"People also ask, Related searches, Popular products"
dvb c receiver test,"Informational, Commercial",41,70,20,0.10,"Sitelinks, Reviews, Video, Video carousel, People also ask, Related searches, Popular products"
dvb linie 10,"Navigational, Transactional",47,70,26,0.00,"People also ask, Related searches"
dvb t antenne mit verstärker,"Informational, Commercial",39,70,15,0.15,"Reviews, People also ask, Related searches, Popular products"
dvb t t2,"Informational, Transactional",40,70,43,0.55,"Sitelinks, Reviews, Video, Knowledge panel, Related searches, Popular products"
dvb t2 antenne kaufen,Transactional,41,70,18,0.16,"Sitelinks, People also ask, Related searches, Popular products"
dvb-t2 hd antenne,Commercial,45,70,26,0.20,"Reviews, People also ask, Related searches, Popular products"
dvbc receiver,"Informational, Commercial",38,70,20,0.13,"Image pack, Video, People also ask, Related searches, Popular products"
ebay fire tv stick,"Navigational, Transactional",48,70,29,0.62,"Image, Video, People also ask, Related searches, Popular products"
fernseh kabelanbieter,Commercial,36,70,38,1.37,"AI Overview, Reviews, Video, People also ask, Related searches, Ads top, Ads middle"
fernseh über internet anbieter,"Informational, Commercial",63,70,35,1.82,"AI Overview, Reviews, Video, People also ask, Related searches, Ads top, Ads middle"
fernsehanbieter kabel,Commercial,37,70,33,1.25,"Reviews, Video, People also ask, Related searches"
fernsehen am computer,"Informational, Commercial",39,70,16,0.42,"AI Overview, Reviews, Video, People also ask, Related searches, Ads bottom, Ads middle"
fernsehen am ipad kostenlos,Commercial,45,70,30,0.39,"AI Overview, Reviews, Video, Video carousel, People also ask, Related searches, Ads top, Ads middle"
fernsehen auf ipad kostenlos,"Informational, Commercial",40,70,31,0.39,"AI Overview, Reviews, Video, Video carousel, People also ask, Related searches, Ads bottom, Ads middle"
fernsehen dvb t antenne,Commercial,39,70,30,0.28,"Reviews, Video, Video carousel, People also ask, Related searches, Popular products"
fernsehen ipad kostenlos,"Informational, Commercial",43,70,33,0.38,"AI Overview, Reviews, Video, People also ask, Related searches, Ads bottom, Ads middle"
fernsehen lg,Transactional,40,70,39,0.31,"Video, People also ask, Top stories, Related searches, Popular products"
fernseher 32 zoll vergleich,Commercial,37,70,25,0.17,"Reviews, Video, Video carousel, People also ask, Related searches, Popular products, Ads top, Ads bottom"
fernseher mit magenta tv,Transactional,40,70,39,1.57,"Reviews, Video, Video carousel, People also ask, Related searches"
fernseher satellit kabel,Commercial,49,70,12,0.17,"Image pack, Video, Video carousel, People also ask, Related searches, Popular products"
fernseher von apple,"Informational, Transactional",38,70,43,0.37,"Reviews, Video, People also ask, Related searches, Popular products"
festplattenrecorder sat,Commercial,40,70,11,0.13,"Reviews, Video, People also ask, Related searches, Popular products"
fire stick 4k vs 4k max,Commercial,49,70,20,0.00,"Sitelinks, Video, Video carousel, People also ask, Related searches"
fire tv 4k uhd,Transactional,42,70,21,0.47,"Reviews, Video, Video carousel, People also ask, Related searches, Popular products"
fire tv stick 2. generation,Commercial,48,70,29,0.32,"Reviews, Video, People also ask, Related searches, Popular products"
fire tv stick 4k 3rd generation,Commercial,40,70,22,0.37,"Sitelinks, Reviews, Video, Video carousel, People also ask, Related searches, Popular products"
fire tv stick 4k max nachfolger,Commercial,40,70,22,0.29,"Sitelinks, Reviews, Video, People also ask, Related searches"
fire tv stick 4k uhd,"Informational, Transactional",38,70,24,0.35,"Reviews, Video, Video carousel, People also ask, Related searches, Popular products"
firetv4k,Commercial,49,70,27,0.22,"Video, Video carousel, People also ask, Related searches"
google tv launchers,"Informational, Transactional",47,70,34,0.00,"Reviews, Video, Video carousel, People also ask, Related searches"
google tv streamer vs chromecast,Commercial,44,70,25,0.00,"AI Overview, Reviews, Video, Video carousel, People also ask, Related searches"
guter 32 zoll fernseher,Commercial,38,70,26,0.18,"Reviews, Video, Video carousel, People also ask, Related searches"
guter fernseher 32 zoll,Commercial,40,70,29,0.20,"Reviews, Video, People also ask, Related searches"
hd fernseher 32 zoll,Commercial,38,70,30,0.17,"Sitelinks, Video, People also ask, Related searches, Popular products"
hd receiver für fernseher,Commercial,49,70,30,0.45,"Video, People also ask, Related searches, Popular products"
hd receiver mit festplatte,"Informational, Commercial",43,70,12,0.08,"Video, People also ask, Related searches"
hd reciever,Commercial,44,70,23,0.54,"Video, Video carousel, People also ask, Related searches, Popular products, Ads bottom"
hd sat receiver mit aufnahmefunktion,Commercial,40,70,16,0.12,"Video, People also ask, Related searches, Popular products"
hd stick für tv,Commercial,45,70,23,1.29,"Reviews, Video, Video carousel, People also ask, Related searches, Popular products, Ads top, Ads bottom"
hd+ ip tv-stick mediamarkt,"Informational, Transactional",46,70,28,0.00,"Video, People also ask, Related searches, Popular products"
hdmi apple adapter,"Informational, Transactional",37,70,34,0.09,"Image, People also ask, Related searches, Popular products"
hdmi for ios,"Informational, Transactional",40,70,33,0.12,"Reviews, Video, Video carousel, People also ask, Related searches, Popular products"
hdmi kabel für ipad,"Informational, Commercial",37,70,22,0.12,"People also ask, Related searches, Popular products"
internet fernsehen receiver,Commercial,48,70,17,1.75,"Sitelinks, Reviews, Video, People also ask, Related searches, Popular products, Ads bottom"
internet receiver für tv,Commercial,48,70,17,1.20,"Sitelinks, Reviews, Video, People also ask, Related searches, Popular products"
internet tv receiver wlan,Commercial,48,70,22,1.24,"Sitelinks, Video, People also ask, Related searches, Popular products"
ip tv app fire tv,"Informational, Commercial",63,70,27,0.00,"Sitelinks, AI Overview, Video, Video carousel, People also ask, Related searches"
ip tv für fire tv stick,"Informational, Commercial",63,70,11,0.00,"Sitelinks, AI Overview, Video, Video carousel, People also ask, Related searches"
ip tv germany,"Informational, Commercial",50,70,16,0.88,"AI Overview, Video, People also ask, Related searches"
ip tv pro,"Informational, Transactional",50,70,36,0.94,"Reviews, Video, Video carousel, People also ask, Related searches"
iptv android tv box,"Informational, Commercial",64,70,22,0.00,"Reviews, Video, Video carousel, People also ask, Related searches, Popular products"
iptv app pc,Commercial,60,70,36,0.00,"Reviews, Video, People also ask, Related searches"
iptv boxen,Commercial,57,70,17,0.87,"Video, People also ask, Related searches, Popular products"
iptv free trail,"Informational, Commercial",50,70,0,0.00,"Sitelinks, Video, Video carousel, Related searches"
iptv m3u kaufen,Commercial,55,70,14,0.00,"AI Overview, Related searches"
iptv player linux,"Informational, Commercial",51,70,12,0.00,"AI Overview, Reviews, Video, Related searches"
iptv playlist kaufen,Commercial,47,70,8,0.00,"Video, Related searches"
iptv playlist reddit,"Navigational, Transactional",48,70,34,0.00,Related searches
iptv smart player windows,Transactional,57,70,40,0.00,"Reviews, Video, Video carousel, People also ask, Related searches"
iptv smarters pro مهكر,Commercial,49,70,7,0.00,
iptv tv apk,"Informational, Commercial",46,70,31,0.00,"AI Overview, Reviews, Video, People also ask, Related searches"
iptv windows download,"Informational, Commercial",49,70,44,0.00,"Video, Related searches"
iptvsmater,"Informational, Transactional",45,70,40,0.83,"Reviews, Video, People also ask, Related searches"
iptvus,Commercial,49,70,42,1.20,"Reviews, People also ask"
kabel receiver hd,Commercial,47,70,15,0.50,"Reviews, Video, Video carousel, People also ask, Related searches, Popular products"
kabel receiver mit smart tv funktion,Commercial,48,70,18,0.32,"Sitelinks, Reviews, Video, People also ask, Related searches, Popular products"
kabel receiver test,Commercial,38,70,28,0.07,"Sitelinks, Reviews, Video, Video carousel, People also ask, Related searches"
kabel resiver,"Informational, Commercial",47,70,24,0.38,"Video, People also ask, Related searches, Popular products"
kaufeniptv,Commercial,47,70,2,0.89,"Video, People also ask, Ads top, Ads middle"
kostenlose netflix,"Informational, Transactional",44,70,46,1.04,"Reviews, Image, Video, People also ask, Related searches"
lg 55 zoll 4k fernseher,Commercial,40,70,36,0.27,"Related searches, Popular products"
lg 55zoll,Transactional,47,70,35,0.42,"People also ask, Related searches, Popular products"
lg 60 zoll tv,Transactional,39,70,29,0.25,"Reviews, Video, People also ask, Related searches, Popular products, Ads bottom"
lg 80 zoll,Commercial,38,70,29,0.30,"Reviews, Video, People also ask, Related searches, Popular products"
lg b4 77,"Informational, Transactional",29,70,32,0.46,"Reviews, Video, Video carousel, Related searches, Popular products"
lg fernseher 4k 55 zoll,Commercial,46,70,28,0.27,"Video, Video carousel, People also ask, Related searches, Popular products"
lg fernseher 55 zoll angebote,Transactional,47,70,33,0.33,"People also ask, Related searches, Popular products"
lg fernseher angebote,Commercial,35,70,30,0.32,"Video, People also ask, Related searches, Popular products"
lg fernseher vergleich,Commercial,39,70,34,0.37,"Sitelinks, Video, Video carousel, People also ask, Related searches, Ads top"
lg flachbildfernseher,"Informational, Transactional",47,70,37,0.28,"People also ask, Related searches, Popular products"
lg led lcd tv,Transactional,45,70,32,0.46,"Video, People also ask, Related searches, Popular products"
lg oled c3 77 zoll,"Informational, Transactional",39,70,28,0.26,"Reviews, Video, People also ask, Related searches, Popular products"
lg oled media markt,Transactional,39,70,27,0.46,"Video, People also ask, Related searches, Popular products, Ads bottom"
lg oled tv 4k,Transactional,40,70,33,0.30,"Video, Video carousel, People also ask, Related searches, Popular products"
lg oled55b36la,"Informational, Transactional",36,70,23,0.00,"Reviews, Video, Knowledge panel, Related searches"
lg oled55b4,"Informational, Transactional",33,70,33,0.34,"Reviews, Video, People also ask, Knowledge panel, Related searches"
lg television oled,"Informational, Transactional",43,70,31,0.35,"Video, Video carousel, People also ask, Related searches, Popular products"
lg tv kaufen,Transactional,43,70,40,0.60,"Video, People also ask, Local pack, Related searches, Popular products"
lg tv vergleich,Commercial,43,70,37,0.55,"Sitelinks, Video, People also ask, Related searches, Popular products"
lg55,Commercial,34,70,27,0.45,"Reviews, Video, Video carousel, People also ask, Related searches, Popular products"
magenta receiver 601,Commercial,38,70,19,1.29,"Video, People also ask, Related searches, Ads top"
magenta tv 1 generation vs 2 generation,"Informational, Commercial",41,70,21,6.82,"AI Overview, Reviews, Video, Video carousel, People also ask, Related searches"
magenta tv 2.0 anmelden,"Informational, Transactional",36,70,25,4.16,"Reviews, Video carousel, People also ask, Related searches"
magenta tv gerät,"Informational, Transactional",46,70,25,3.48,"Reviews, Video, Video carousel, People also ask, Related searches, Popular products"
magenta tv konto,"Informational, Transactional",46,70,43,3.78,"Reviews, Video, Video carousel, People also ask, Related searches, Ads bottom"
magenta tv mobil,Commercial,42,70,49,4.68,"AI Overview, Reviews, Video, People also ask, Related searches, Ads top"
magenta tv s,Commercial,40,70,16,3.71,"Reviews, People also ask, Related searches, Ads top"
magenta tv verfügbarkeit,Commercial,39,70,48,1.48,"Reviews, People also ask, Related searches"
magenta tv vorteile,Commercial,46,70,31,3.42,"AI Overview, Video, People also ask, Related searches, Ads top"
magenta tv zusatzpakete,Commercial,39,70,33,3.77,"AI Overview, Reviews, Video, People also ask, Related searches"
magentatv box play,"Informational, Transactional",41,70,17,4.77,"Sitelinks, Reviews, Video, Video carousel, People also ask, Related searches, Popular products"
mediamarkt 32 zoll tv,"Navigational, Transactional",46,70,31,0.23,"Video, People also ask, Related searches, Popular products"
mediaplayer usb,"Informational, Transactional",40,70,16,0.09,"Reviews, Video, People also ask, Related searches, Popular products"
mi stick 4k,"Informational, Transactional",39,70,41,0.17,"Video, Video carousel, People also ask, Related searches, Popular products, Ads top"
mobile to smart tv,"Informational, Transactional",48,70,41,0.27,"Sitelinks, Reviews, Video, Video carousel, People also ask, Related searches"
mobiler smart tv,"Informational, Commercial",46,70,23,0.27,"Video, People also ask, Related searches, Popular products"
netflix free trial germany,"Navigational, Transactional",47,70,57,2.19,"Video, People also ask, Related searches"
neu samsung tv,Transactional,39,70,41,0.25,"Sitelinks, Video, Video carousel, People also ask, Related searches, Popular products"
olet tv,Commercial,42,70,25,0.28,"Video, Video carousel, People also ask, Related searches, Popular products"
preisvergleich fernseher 55 zoll,Commercial,37,70,28,0.22,"Sitelinks, Video, People also ask, Related searches, Popular products"
receiver für entertain telekom,Transactional,49,70,26,1.49,"Reviews, Video, People also ask, Related searches, Ads top"
receiver für hd empfang,Commercial,47,70,27,0.19,"Video, Video carousel, People also ask, Related searches, Popular products, Ads top, Ads middle"
receiver für internetfernsehen,Commercial,46,70,20,1.75,"Reviews, Video, People also ask, Related searches, Popular products"
receiver für sat schüssel,Commercial,44,70,23,0.12,"Video, People also ask, Related searches, Popular products"
receiver internet fernsehen,Commercial,49,70,18,1.75,"Sitelinks, Reviews, Video, People also ask, Related searches, Popular products"
receiver tv kabel,Commercial,46,70,18,0.39,"Reviews, Video, Video carousel, People also ask, Related searches, Popular products"
receiver ultra hd,Commercial,44,70,13,0.67,"Reviews, Video, People also ask, Related searches, Popular products"
roku player,"Navigational, Transactional",46,70,45,0.06,"Sitelinks, Image pack, People also ask, Related searches, Popular products"
samsung 4k uhd tv,Commercial,40,70,29,0.28,"People also ask, Related searches, Popular products"
samsung 4k ultra hd tv,"Informational, Transactional",39,70,29,0.20,"Video, Video carousel, People also ask, Related searches, Popular products"
samsung fernseher bild,"Informational, Transactional",41,70,37,0.15,"Reviews, Video, Video carousel, People also ask, Related searches, Popular products"
samsung flat tv,"Informational, Transactional",41,70,39,0.20,"Video, People also ask, Related searches, Popular products"
samsung smart tv 70 zoll,Commercial,39,70,29,0.29,"Reviews, Image, People also ask, Related searches, Popular products"
samsung tv android tv,"Informational, Transactional",51,70,38,0.24,"Reviews, Video, Video carousel, People also ask, Related searches, Popular products"
samsung tv stick wlan,"Informational, Commercial",43,70,23,0.11,"Image, Video, People also ask, Related searches, Popular products"
samsung tv wlan stick,"Informational, Commercial",42,70,26,0.26,"Video, People also ask, Related searches"
samsung uhd 4k smart tv,"Informational, Transactional",41,70,29,0.43,"People also ask, Related searches, Popular products"
samsung ultra hd 55 zoll,Commercial,38,70,22,0.24,"People also ask, Related searches, Popular products"
samsung wac,"Informational, Transactional",49,70,7,0.18,"Image pack, Video, Video carousel, Related searches, Popular products"
samsung wlan stick tv,"Informational, Commercial",43,70,23,0.11,"Video, People also ask, Related searches, Popular products"
sat hd receiver mit aufnahmefunktion,Commercial,40,70,18,0.12,"Video, People also ask, Related searches"
sat receiver günstig,Commercial,44,70,16,0.18,"Video carousel, People also ask, Related searches, Popular products"
sat receiver mediathek,Commercial,42,70,21,0.12,"People also ask, Related searches"
sat receiver mit mediathek,Commercial,44,70,18,0.12,"People also ask, Related searches"
sat resiver,Commercial,38,70,23,0.15,"Video, Video carousel, People also ask, Related searches, Popular products"
satelliten hd,Commercial,49,70,,0.94,"AI Overview, Reviews, Video, People also ask, Related searches, Ads bottom, Ads middle"
satelliten receiver test chip,Commercial,36,70,30,0.11,"Reviews, Video, People also ask, Related searches"
senderliste o2 tv,Commercial,48,70,22,0.56,"AI Overview, Reviews, Video, People also ask, Related searches, Ads top, Ads bottom"
set top box vodafone,Commercial,43,70,29,1.73,"Sitelinks, Reviews, Video, Video carousel, People also ask, Related searches, Popular products, Ads top, Ads bottom"
sky q box kaufen,Transactional,50,70,,0.53,"Reviews, Image, People also ask, Related searches, Popular products"
sky q mini receiver,"Informational, Transactional",41,70,29,1.13,"Reviews, Video, People also ask, Related searches, Popular products"
smart fernseher 32 zoll,Commercial,40,70,23,0.19,"Video, Video carousel, People also ask, Related searches, Popular products, Ads bottom"
smart tv 32 zoll wlan full hd testsieger,"Informational, Commercial",46,70,21,0.25,"Sitelinks, Reviews, Video, People also ask, Related searches, Popular products"
smart tv hdmi stick,"Informational, Commercial",56,70,24,0.52,"Sitelinks, Video, People also ask, Related searches, Popular products"
smart tv nachrüsten,"Informational, Commercial",49,70,27,0.53,"Sitelinks, Video, People also ask, Related searches, Popular products"
smart tv samsung 32 zoll,Commercial,46,70,26,0.14,"People also ask, Related searches, Popular products"
smart tv zum nachrüsten,Commercial,44,70,22,0.53,"Video, People also ask, Related searches, Popular products"
smarters pro app,"Informational, Commercial",49,70,38,0.42,"AI Overview, Reviews, Video, Video carousel, People also ask, Related searches"
sony fernseher 55 zoll angebote,Commercial,40,70,17,0.21,"People also ask, Related searches, Popular products"
stiftung warentest fernseher 32 zoll,Commercial,36,70,30,0.13,"Sitelinks, Video, People also ask, Related searches"
streaming dienste test,Commercial,42,70,41,1.46,"Reviews, Video, People also ask, Related searches"
streaming dienste vergleichen,Commercial,50,70,36,1.60,"Reviews, Video, People also ask, Related searches, Ads middle"
streaming gerät,Commercial,46,70,28,0.63,"Sitelinks, Video, People also ask, Related searches, Popular products, Ads top, Ads middle"
streaming geräte für tv,Commercial,51,70,30,0.85,"Video, Video carousel, People also ask, Related searches"
streaming stick für tv,Commercial,56,70,,0.58,"Sitelinks, Reviews, Video, Video carousel, People also ask, Related searches, Popular products"
streaming stick hdmi,"Informational, Commercial",56,70,26,0.48,"Video, People also ask, Related searches, Popular products"
streaming sticks test,Commercial,56,70,28,0.36,"Sitelinks, Reviews, Video, People also ask, Related searches"
streaming tv stick,Commercial,56,70,28,0.81,"Sitelinks, Reviews, Video, People also ask, Related searches, Popular products, Ads top, Ads middle"
streaming tv vergleich,Commercial,47,70,39,2.11,"Sitelinks, Reviews, Video, People also ask, Related searches, Ads top, Ads middle"
streamingdienste vergleich,Commercial,42,70,36,1.60,"AI Overview, Reviews, Video, People also ask, Related searches"
technisat dab+,"Navigational, Transactional",47,70,28,0.17,"Sitelinks, Reviews, Video carousel, People also ask, Related searches, Popular products, Ads bottom"
technisat digiplus uhd s2 test,Commercial,35,70,13,0.16,"Sitelinks, Reviews, Video, Video carousel, People also ask, Related searches"
telekom glasfaser magenta tv,"Navigational, Transactional",36,70,25,1.70,"Reviews, People also ask, Related searches, Ads top, Ads bottom"
telekom receiver kaufen,"Informational, Transactional",49,70,23,1.63,"People also ask, Related searches, Popular products"
test streaming dienste,Commercial,45,70,37,0.87,"Reviews, Video, People also ask, Related searches"
touchscreen android,Commercial,47,70,8,0.23,"Video, Video carousel, People also ask, Related searches, Popular products"
tv 32 zoll samsung,Commercial,36,70,29,0.19,"People also ask, Related searches, Popular products"
tv 50 zoll günstig,Commercial,40,70,21,0.19,"Video, People also ask, Related searches, Popular products"
tv 65 samsung,"Informational, Commercial",46,70,23,0.39,"People also ask, Related searches, Popular products"
tv amazon stick,"Informational, Transactional",48,70,38,0.63,"Reviews, Video, People also ask, Related searches, Popular products, Ads top, Ads middle"
tv android download,Transactional,62,70,,0.97,"Reviews, Video, Related searches"
tv fire stick amazon,Transactional,44,70,41,0.41,"Reviews, Video, People also ask, Related searches"
tv go telekom,"Informational, Commercial",37,70,50,3.25,"Sitelinks, AI Overview, Reviews, People also ask, Related searches"
tv handy,"Informational, Commercial",43,70,21,0.42,"Video, Video carousel, People also ask, Related searches, Popular products, Ads top, Ads bottom"
tv lg oled,"Informational, Transactional",41,70,35,0.47,"People also ask, Related searches, Popular products"
tv mit handy,"Informational, Transactional",41,70,32,0.51,"Sitelinks, Reviews, Image, Image pack, Video, Video carousel, People also ask, Related searches, Ads bottom"
tv ohne kabel und satellit,Commercial,46,70,27,1.03,"Reviews, Video, Video carousel, People also ask, Related searches, Popular products, Ads top, Ads bottom"
tv ohne kabelanschluss,Commercial,47,70,21,1.50,"Reviews, Video, Video carousel, People also ask, Related searches, Ads top, Ads bottom"
tv pc,"Informational, Commercial",47,70,20,2.58,"Video, People also ask, Related searches, Popular products"
tv programm magenta,Transactional,36,70,29,2.03,"Reviews, Video, People also ask, Related searches"
tv receiver test,Commercial,41,70,29,0.14,"Sitelinks, Reviews, Video, People also ask, Related searches"
tv receiver wlan,Commercial,46,70,23,0.88,"Sitelinks, Video, People also ask, Related searches, Popular products"
tv sender für handy,"Informational, Commercial",48,70,37,0.52,"Featured snippet, Sitelinks, Reviews, Video, People also ask, Related searches, Ads top"
tv smart samsung 55 inch,"Informational, Commercial",48,70,22,0.28,"People also ask, Related searches, Popular products"
tv streamen anbieter,Commercial,50,70,35,2.47,"Sitelinks, AI Overview, Video, People also ask, Related searches, Ads top, Ads middle"
tv streaming dienste vergleich,Commercial,50,70,33,1.14,"Sitelinks, Video, People also ask, Related searches, Ads top, Ads bottom"
tv top tv,Commercial,39,70,22,0.38,"Reviews, Video, People also ask, Related searches"
tv zimmerantenne test,Commercial,40,70,24,0.20,"Reviews, Video, People also ask, Related searches"
twin sat receiver mit aufnahmefunktion,Commercial,34,70,11,0.18,"Video, People also ask, Related searches, Popular products"
uhd samsung,"Informational, Transactional",35,70,32,0.22,"Video, Video carousel, People also ask, Related searches, Popular products"
vergleich 32 zoll fernseher,Commercial,36,70,29,0.19,"Sitelinks, Reviews, Video, People also ask, Related searches"
vergleich fernseher 32 zoll,Commercial,39,70,28,0.17,"Sitelinks, Reviews, Video, Video carousel, People also ask, Related searches"
vergleich lg fernseher,Commercial,42,70,31,0.37,"Sitelinks, Video, Video carousel, People also ask, Related searches, Popular products"
vergleich streaming dienste musik,Commercial,50,70,29,0.44,"Sitelinks, AI Overview, Reviews, Video, People also ask, Related searches"
video player for android,Commercial,47,70,26,0.25,"Reviews, Video, Video carousel, People also ask, Related searches"
vodafone digital receiver,"Informational, Transactional",39,70,30,1.42,"Reviews, Image pack, Video, People also ask, Related searches"
webplayer live tv,Commercial,49,70,26,1.58,"Video, People also ask, Related searches"
welche festplatte für tv aufnahmen,Commercial,35,70,27,0.18,"Sitelinks, Reviews, Video, People also ask, Related searches"
welcher ist der beste fire tv stick,"Informational, Commercial",47,70,37,0.32,"Featured snippet, Sitelinks, Reviews, Video, Video carousel, People also ask, Related searches"
welcher ist der beste tv stick,Commercial,56,70,27,0.65,"Sitelinks, Reviews, Video, Video carousel, People also ask, Related searches, Popular products"
welcher samsung tv ist der beste,Commercial,48,70,30,0.24,"Sitelinks, Reviews, Video, People also ask, Related searches"
welches ist der beste streamingdienst,Commercial,50,70,36,1.56,"AI Overview, Reviews, Video, People also ask, Related searches"
wlan adapter samsung tv kaufen,Transactional,43,70,22,0.08,"Video, People also ask, Related searches, Popular products"
wlan receiver tv,Commercial,43,70,23,0.75,"Video, People also ask, Related searches, Popular products"
www.telekom.de/magenta-tv/next-magenta-tv,Commercial,46,70,45,2.54,"Reviews, Video, People also ask, Ads top, Ads bottom"
xiamio tv,"Informational, Transactional",52,70,22,0.15,"Related searches, Popular products"
zimmerantenne dvb-t2,Commercial,41,70,27,0.18,"Video, People also ask, Related searches, Popular products, Ads bottom"
zimmerantenne tv test,Commercial,40,70,19,0.09,"Reviews, Video, People also ask, Related searches, Ads bottom"
