Keyword,Intent,Relevance,Volume,Keyword Difficulty,CPC (USD),SERP Features
rtl plus,"Navigational, Commercial",37,1000000,69,0.21,"Sitelinks, Reviews, Video, Video carousel, People also ask, Top stories, Related searches, Ads top, Ads bottom"
rtl live,"Navigational, Transactional",35,450000,64,0.47,"Reviews, Video, People also ask, Related searches"
live tv,Commercial,43,135000,90,1.26,"Reviews, Video, People also ask, Related searches"
sport 1 live,"Navigational, Transactional",45,60500,74,0.35,"Reviews, Video, People also ask, Related searches"
rtl live stream kostenlos ohne anmeldung,Transactional,35,22200,48,1.14,"AI Overview, Reviews, Video, Related searches"
sport1 livestream,"Navigational, Transactional",46,22200,75,0.35,"Sitelinks, Reviews, Video, Related searches"
livesport,"Navigational, Transactional",50,18100,55,1.22,"Sitelinks, Reviews, Video, Knowledge panel, Related searches, See results about"
rtl live fußball,"Navigational, Transactional",40,18100,53,0.64,"Reviews, Video, People also ask, Related searches"
daserste live,"Navigational, Transactional",36,14800,95,0.81,"Sitelinks, Reviews, Video, Video carousel, Top stories, Related searches"
kostenlos fernsehen,Commercial,36,14800,57,0.64,"Reviews, Video, Related searches"
sky bundesliga,Transactional,40,14800,51,1.73,"Reviews, Video, People also ask, Related searches"
live from sports,Commercial,44,12100,95,1.22,"Reviews, Video, Related searches"
sport 1 livestream,"Navigational, Transactional",43,12100,74,0.35,"Sitelinks, Reviews, Video, Related searches"
sport live heute,"Informational, Commercial",41,9900,88,1.25,"Reviews, Video, People also ask, Top stories, Related searches"
television vs,Commercial,35,9900,23,0.00,"Sitelinks, AI Overview, Video, Video carousel, People also ask, Related searches"
free tv,Commercial,37,8100,61,0.67,"Reviews, Video, People also ask, Related searches"
iptv kaufen,Commercial,49,8100,23,1.33,"Video, People also ask, Related searches"
live televisie,Commercial,45,8100,85,1.26,"Reviews, Video, People also ask, Related searches"
live.tv,Commercial,44,8100,81,1.26,"Reviews, Video, Top stories"
livetv stream,"Informational, Commercial",41,8100,36,1.08,"Reviews, Video, People also ask, Related searches"
programe tv online,Commercial,35,8100,52,0.99,"Reviews, Video, Related searches"
rtl program,"Informational, Transactional",30,8100,74,0.60,"Video, People also ask, Related searches"
sky receiver,"Informational, Transactional",36,8100,39,1.97,"Reviews, Image, Video, People also ask, Related searches, Popular products"
sport heute live,Commercial,41,8100,93,1.25,"Reviews, Video, People also ask, Top stories, Related searches"
zdf livestream sport,"Navigational, Transactional",42,8100,53,0.01,"Reviews, Image, Video, Video carousel, Related searches"
erste live,"Navigational, Transactional",36,6600,100,0.73,"Sitelinks, Reviews, Video, Video carousel, Top stories, Related searches"
live tv stream,Commercial,41,6600,74,1.64,"Reviews, Video, People also ask, Related searches, Ads bottom"
sport1 live stream,"Navigational, Transactional",46,6600,56,0.34,"Reviews, Video, Related searches"
super rtl live,Commercial,37,6600,38,0.77,"Reviews, Video, People also ask, Related searches"
tv kostenlos,Commercial,37,6600,53,0.87,"AI Overview, Reviews, Video, People also ask, Related searches"
tv live,Commercial,39,6600,76,0.57,"Reviews, Video, Related searches"
kostenlos rtl live,Transactional,36,5400,46,1.05,"Reviews, Video, People also ask, Related searches"
live for sports,"Informational, Commercial",46,5400,60,0.84,"Reviews, Video, People also ask, Related searches"
live sports,"Informational, Transactional",43,5400,87,1.22,"Reviews, Video, People also ask, Related searches"
q sky tv,"Navigational, Transactional",37,5400,37,1.44,"AI Overview, Reviews, Video, People also ask, Related searches"
sport sport live,Commercial,46,5400,82,0.84,"Reviews, Video, Related searches"
sport tv heute,Commercial,43,5400,50,0.65,"Reviews, Video, People also ask, Related searches"
sportschau heute live,"Navigational, Transactional",36,5400,78,0.00,"Sitelinks, Reviews, Video, People also ask, Top stories, Related searches"
tv live stream,Commercial,43,5400,87,0.77,"Reviews, Video, People also ask, Related searches"
2ix2 rtl,"Navigational, Transactional",32,4400,46,0.67,Related searches
ard sportschau im livestream,Transactional,41,4400,72,0.00,"Reviews, Video, People also ask, Related searches"
ard sportschau livestream,Transactional,37,4400,77,0.00,"Reviews, Video, Related searches"
ard stream live sportschau,"Informational, Transactional",41,4400,86,0.00,"Reviews, Video, People also ask, Related searches"
fernsehen kostenlos,Commercial,36,4400,45,0.64,"AI Overview, Reviews, Video, Related searches"
rtl live schauen,Transactional,36,4400,50,0.76,"Sitelinks, Reviews, Video, People also ask, Related searches"
rtl sendung verpasst,Transactional,33,4400,54,0.27,"Reviews, Video, People also ask, Related searches, Ads bottom"
rtl up live,Transactional,36,4400,49,0.65,"Reviews, Video, People also ask, Related searches"
sendung verpasst rtl,Transactional,33,4400,51,0.27,"Video, People also ask, Related searches"
sport1 livestream kostenlos,"Informational, Transactional",45,4400,62,0.31,"Reviews, Video, People also ask, Related searches"
sportdigital programm,"Navigational, Transactional",43,4400,33,0.90,"Video, People also ask, Related searches"
sportschau live.de,"Navigational, Transactional",37,4400,84,1.93,"Reviews, Video"
tv live stream kostenlos,Commercial,39,4400,61,0.68,"AI Overview, Reviews, Video, People also ask, Related searches"
tv online gratis,Commercial,38,4400,63,0.70,"AI Overview, Reviews, Video, People also ask, Related searches"
joyn tv kostenlos ohne anmeldung,Transactional,34,3600,62,0.34,"AI Overview, Reviews, Video, People also ask, Related searches"
kostenlos live tv,Commercial,38,3600,56,0.61,"Reviews, Image, Video, People also ask, Top stories, Related searches"
rtl aktuell live,"Informational, Transactional",36,3600,58,0.51,"Reviews, Video, People also ask, Top stories, Related searches"
rtl live fußball kostenlos,Transactional,37,3600,50,0.58,"Sitelinks, Reviews, Video, People also ask, Related searches"
rtl stream live,Transactional,38,3600,49,0.79,"Reviews, Video, People also ask, Related searches"
rtl2 live stream kostenlos,Transactional,36,3600,31,1.00,"Reviews, Image, Video, People also ask, Related searches"
rtl2 livestream,Commercial,39,3600,44,0.83,"Reviews, Video, People also ask, Related searches"
sportschau livestream heute fußball,"Informational, Transactional",37,3600,75,0.44,"Video, People also ask, Top stories, Related searches"
gratis tv schauen,Commercial,36,2900,52,0.51,"AI Overview, Reviews, Video, Video carousel, People also ask, Related searches"
internet und tv,Commercial,42,2900,38,3.01,"AI Overview, Reviews, Image, Video, People also ask, Related searches"
live stream rtl2,Commercial,39,2900,35,0.83,"Video, People also ask, Related searches"
rtl + kosten,"Informational, Transactional",33,2900,51,0.78,"AI Overview, Reviews, Video, People also ask, Related searches, Ads top"
rtl login,"Navigational, Transactional",31,2900,41,0.30,"Video, People also ask, Related searches"
rtl plus kostenlos ohne anmeldung,"Navigational, Transactional",30,2900,51,0.20,"Sitelinks, AI Overview, Reviews, Video, Video carousel, People also ask, Related searches"
rtl plus programm,Commercial,31,2900,50,0.11,"AI Overview, Reviews, Video, People also ask, Related searches"
sportplus,"Navigational, Transactional",40,2900,43,0.41,"Sitelinks, Reviews, People also ask, Related searches, See results about, Ads top, Ads bottom"
sportschau live stream heute,"Informational, Transactional",42,2900,86,0.00,"Reviews, Video, Video carousel, People also ask, Related searches"
streaming angebote,"Informational, Commercial",41,2900,39,2.06,"Sitelinks, AI Overview, Reviews, Video, People also ask, Related searches"
tv livestream,Commercial,43,2900,71,0.79,"Reviews, Video, Related searches"
zdf sport livestream,"Navigational, Transactional",42,2900,74,0.01,"Reviews, Video, People also ask, Top stories, Related searches"
fernsehen live,Commercial,38,2400,78,0.54,"Reviews, Video, Related searches"
fußball live stream free,Commercial,39,2400,64,0.63,"Reviews, Video, People also ask, Related searches"
fußball live stream kostenlos,Commercial,41,2400,64,0.62,"Reviews, Video, Related searches"
iptv german,Commercial,52,2400,37,1.10,"AI Overview, People also ask, Related searches"
live fernsehen,Commercial,44,2400,78,0.77,"Reviews, Image, Video, People also ask, Related searches"
live stream tv,Commercial,46,2400,100,0.74,"AI Overview, Reviews, Video, People also ask, Related searches"
livestream tv,Commercial,43,2400,74,0.74,"Reviews, Video, People also ask, Related searches"
nations league heute live,Commercial,35,2400,47,0.00,"Video, People also ask, Related searches"
rtl 2 live stream kostenlos,Commercial,38,2400,38,1.23,"Reviews, Video, People also ask, Related searches"
rtl fußball live,"Informational, Transactional",40,2400,48,0.64,"Reviews, Video, People also ask, Related searches"
rtl online,"Navigational, Transactional",36,2400,66,0.71,"Sitelinks, Reviews, Video, People also ask, Related searches"
rtl online live stream,Transactional,39,2400,47,0.72,"Sitelinks, Reviews, Video, People also ask, Related searches, Ads bottom"
rtl tv program,"Informational, Transactional",32,2400,59,0.60,"Video, People also ask, Related searches"
sat1 live stream kostenlos ohne anmeldung,Transactional,38,2400,41,0.33,"Reviews, Video, People also ask, Related searches, Ads bottom"
sky fußballübertragung,"Navigational, Transactional",42,2400,56,0.84,"Featured snippet, Reviews, Video, People also ask, Related searches"
sport heute tv,Commercial,43,2400,48,0.65,"Reviews, Video, People also ask, Related searches"
sport1 mediathek,"Navigational, Transactional",46,2400,55,0.21,"Video, Video carousel, People also ask, Related searches, Ads top"
sportschau livestream heute,"Navigational, Transactional",38,2400,72,0.00,"Reviews, Video, Top stories, Related searches"
t v live,Commercial,37,2400,81,0.57,"Reviews, Video, Related searches"
fußball stream,Commercial,39,1900,67,1.17,"Video, Video carousel, Top stories, Related searches"
hsv live-stream kostenlos,Commercial,36,1900,26,0.91,"Reviews, Video, People also ask, Related searches"
iptv deutschland,"Informational, Commercial",52,1900,36,1.35,"AI Overview, Video, People also ask, Related searches"
iptv germany,Commercial,54,1900,25,1.44,"AI Overview, Video, People also ask, Related searches"
kabel 1 live stream kostenlos,Transactional,41,1900,35,0.40,"Reviews, Video, People also ask, Related searches"
kostenlos fernsehen schauen,Commercial,36,1900,37,0.52,"Reviews, Video, People also ask, Related searches, Ads bottom"
kostenlos rtl schauen,Commercial,35,1900,47,1.18,"AI Overview, Reviews, Video, People also ask, Related searches"
live fussball tv,Commercial,42,1900,70,0.41,"Reviews, Video, Video carousel, Top stories, Related searches, Ads top"
livetv kostenlos,Commercial,40,1900,49,0.73,"Reviews, Video, People also ask, Related searches"
pl live,"Informational, Transactional",33,1900,62,0.94,"Reviews, Video, People also ask, Knowledge panel, Related searches"
rtl app,Commercial,33,1900,48,0.45,"AI Overview, Reviews, Video, People also ask, Related searches, Ads bottom, Ads middle"
rtl live fussball,"Informational, Transactional",37,1900,51,0.78,"Video, People also ask, Related searches"
rtl live stream kostenlos ohne anmeldung 2ix2,"Navigational, Transactional",35,1900,37,0.00,"Reviews, Video, People also ask, Related searches"
rtl plus live,"Navigational, Transactional",38,1900,72,0.33,"Reviews, Video, People also ask, Related searches"
rtl plus pakete,"Informational, Transactional",37,1900,47,2.10,"AI Overview, Reviews, Video, People also ask, Related searches, Ads top, Ads bottom"
rtlup live stream kostenlos ohne anmeldung,"Navigational, Transactional",35,1900,26,0.93,"Sitelinks, Video, People also ask, Related searches"
set top box set top box,"Informational, Commercial",39,1900,17,0.74,"Sitelinks, Reviews, Video, People also ask, Related searches, Popular products"
sexy sport clips,"Informational, Transactional",41,1900,24,0.00,"Sitelinks, Reviews, Video, Video carousel, Knowledge panel"
sport1 stream,"Navigational, Transactional",47,1900,84,0.33,"Sitelinks, Reviews, Video, People also ask, Related searches"
sports lives,Commercial,37,1900,93,0.84,"Video, Related searches"
sportschau ard heute,"Navigational, Transactional",34,1900,67,0.00,"Reviews, Video, Video carousel, People also ask, Related searches"
sportschau heute live zdf,"Informational, Transactional",36,1900,72,0.14,"Reviews, Video, People also ask, Related searches"
tv live stream kostenlos ohne anmeldung,"Navigational, Transactional",36,1900,60,0.43,"Sitelinks, Reviews, Video, People also ask, Related searches"
tv online kostenlos,Commercial,37,1900,50,1.07,"Reviews, Video, People also ask, Related searches"
upiptv,"Informational, Commercial",44,1900,2,1.66,"AI Overview, Related searches"
zdf sportstudio heute live,"Navigational, Transactional",36,1900,55,0.02,"Video, Video carousel, People also ask, Top stories, Related searches"
basketball live stream,Commercial,39,1600,41,1.20,"Reviews, Video, People also ask, Related searches"
best streaming services,Commercial,46,1600,74,2.34,"Sitelinks, AI Overview, Reviews, Video, Video carousel, People also ask, Related searches"
fernsehen kostenlos schauen,Commercial,36,1600,46,0.52,"AI Overview, Reviews, Video, People also ask, Related searches"
fernsehen rtl,Commercial,36,1600,63,0.49,"Video, People also ask, Top stories, Related searches"
free tv deutsch,Commercial,41,1600,50,0.62,"Reviews, Video, People also ask, Related searches"
free-tv,Commercial,40,1600,55,0.74,"Reviews, Video, People also ask, Top stories, Related searches"
fussball stream,Commercial,39,1600,83,0.89,"Reviews, Video, Top stories, Related searches"
german iptv,Commercial,52,1600,19,0.87,"Video, People also ask, Related searches"
internet tv kostenlos,"Informational, Commercial",42,1600,57,0.65,"AI Overview, Reviews, Video, People also ask, Related searches, Ads bottom, Ads middle"
iptv test,Commercial,46,1600,5,0.89,"Video, People also ask, Related searches"
kostenlos tv gucken,Commercial,34,1600,43,1.01,"Reviews, Video, People also ask, Related searches"
live fussball ru,"Informational, Commercial",39,1600,32,1.14,"Reviews, People also ask, Related searches"
live fußball tv,Commercial,42,1600,71,0.83,"Reviews, Video, People also ask, Related searches"
live ru futbol,Commercial,40,1600,62,1.12,"Video, Related searches"
live tv stream free,Commercial,38,1600,57,1.20,"Reviews, Video, People also ask, Related searches"
live tv vox,Commercial,35,1600,43,0.55,"AI Overview, Reviews, Video, People also ask, Related searches, Ads bottom"
live.tv stream,Commercial,46,1600,74,1.64,"Reviews, Video, People also ask, Top stories, Related searches"
livestream kostenlos rtl,"Navigational, Transactional",37,1600,53,1.04,"Sitelinks, Reviews, Video, People also ask, Related searches"
livetv deutsch,"Navigational, Transactional",43,1600,31,1.12,"AI Overview, Reviews, Video, Related searches"
mediathek rtl live,"Navigational, Transactional",37,1600,63,0.30,"Sitelinks, AI Overview, Reviews, Video, People also ask, Related searches"
rtl free live streaming,"Navigational, Transactional",38,1600,42,0.96,"Reviews, Video, People also ask, Related searches"
rtl jetzt live,"Navigational, Transactional",36,1600,74,0.62,"Reviews, Video, People also ask, Related searches"
rtl live kostenlos ohne anmeldung,"Navigational, Transactional",34,1600,42,1.18,"Video, People also ask, Related searches"
rtl live streaming,"Navigational, Transactional",40,1600,40,0.63,"Sitelinks, Reviews, Video, People also ask, Related searches"
rtl live television,"Navigational, Transactional",38,1600,67,0.65,"Sitelinks, Reviews, Video, People also ask, Related searches"
rtl livestream free,Transactional,37,1600,51,1.05,"Reviews, Video, People also ask, Related searches"
rtl livestream jetzt,"Navigational, Transactional",38,1600,60,0.62,"Reviews, Video, People also ask, Related searches"
rtl mediathek kostenlos ohne anmeldung,"Navigational, Transactional",35,1600,54,0.21,"AI Overview, Reviews, Video, People also ask, Related searches"
rtl now kostenlos,"Navigational, Transactional",35,1600,53,0.17,"Reviews, Video, People also ask, Related searches"
rtl ohne anmeldung,"Navigational, Transactional",33,1600,37,1.27,"Reviews, Video, People also ask, Related searches"
rtl plus anmelden,"Navigational, Transactional",37,1600,36,0.56,"Sitelinks, Reviews, Video, People also ask, Related searches"
rtl plus free,Transactional,38,1600,55,0.43,"Reviews, Video, People also ask, Related searches"
rtl streaming,"Navigational, Transactional",41,1600,62,0.81,"Reviews, Video, Video carousel, People also ask, Related searches"
rtl tv heute,Commercial,33,1600,36,0.55,"Video, People also ask, Related searches"
rtl2 live stream kostenlos ohne anmeldung,"Navigational, Transactional",34,1600,29,0.65,"Reviews, Video, People also ask, Related searches"
sky sport bundesliga,"Informational, Transactional",40,1600,52,1.21,"Reviews, Video, People also ask, Related searches, Ads bottom"
smart ip tv,"Informational, Commercial",45,1600,34,1.22,"Reviews, Image pack, Video, Video carousel, People also ask, Related searches"
sport heute im tv live,"Informational, Transactional",42,1600,49,0.54,"Reviews, Video, People also ask"
sport im fernsehen heute zdf,"Informational, Transactional",37,1600,67,0.00,"Video, Video carousel, People also ask, Related searches"
sport sexy clips,"Informational, Transactional",42,1600,24,0.00,"Video, Video carousel, Short videos, Knowledge panel"
sport1live,"Navigational, Transactional",42,1600,75,0.35,"Sitelinks, Reviews, Video, Video carousel, People also ask, Related searches"
sportplus live,"Navigational, Transactional",42,1600,10,1.37,"Reviews, Video, Related searches"
sportschau de live,"Navigational, Transactional",37,1600,70,0.86,"Reviews, Video, Top stories, Related searches"
sportschau zdf,"Informational, Transactional",36,1600,70,0.03,"Video, Video carousel, People also ask, Related searches"
sportstudio.de livestream,"Informational, Transactional",39,1600,64,0.04,"Video, People also ask, Related searches"
streaming dienste vergleich,Commercial,41,1600,43,1.33,"AI Overview, Reviews, Video, Video carousel, People also ask, Related searches, Ads bottom, Ads middle"
tv schauen online,Commercial,40,1600,60,1.52,"Reviews, Video, People also ask, Related searches, Ads top, Ads bottom"
verpasste sendung rtl,"Informational, Transactional",29,1600,50,0.27,"Video, People also ask, Related searches"
volleyball live-stream heute sport1,"Navigational, Transactional",41,1600,70,0.64,"Reviews, Video, People also ask, Related searches"
wow live sport,Commercial,42,1600,47,1.02,"Reviews, Video, People also ask, Related searches"
2x2 rtl,"Navigational, Transactional",36,1300,70,0.84,"Sitelinks, Video, Related searches"
anbieter fernsehen internet,Commercial,43,1300,37,1.72,"AI Overview, Reviews, Video, People also ask, Related searches"
ard sport livestream,"Informational, Transactional",41,1300,71,0.00,"Reviews, Video, People also ask, Top stories, Related searches"
ard sport livestream heute,"Informational, Transactional",47,1300,79,0.00,"Reviews, Video, Video carousel, People also ask, Related searches"
ard sportschau live stream,"Informational, Transactional",43,1300,88,0.00,"Reviews, Video, Video carousel, Top stories, Related searches"
ard sportschau live stream heute,"Informational, Transactional",46,1300,71,0.00,"Reviews, Video, Video carousel, People also ask, Related searches, Ads top"
beste streaming dienste,Commercial,40,1300,44,1.89,"AI Overview, Reviews, Video, People also ask, Related searches"
bester streaming dienst,Commercial,37,1300,44,1.71,"AI Overview, Reviews, Video, People also ask, Related searches, Ads bottom, Ads middle"
bundesliga live stream illegal,Commercial,38,1300,30,1.28,"Sitelinks, Reviews, Video, Video carousel, People also ask, Related searches"
bundesliga on sky sports,Transactional,38,1300,51,1.21,"Video, People also ask, Related searches"
bundesliga stream free,Commercial,42,1300,54,2.16,"Sitelinks, Reviews, Video, Related searches"
champions league livestream,Commercial,38,1300,49,1.21,"Video, People also ask, Related searches"
deutschland iptv,Commercial,54,1300,30,1.35,"AI Overview, Video, People also ask, Related searches"
dfb pokal stream,Commercial,39,1300,41,0.78,"Reviews, Video, People also ask, Related searches"
eishockey live streams,Commercial,40,1300,35,0.18,"Reviews, Video, People also ask, Related searches"
entertain plus sky,Transactional,33,1300,37,1.88,"Reviews, Video, People also ask, Related searches, Ads top, Ads bottom"
fe tv,"Informational, Transactional",36,1300,47,0.67,"AI Overview, Reviews, People also ask, Knowledge panel, Related searches"
fernsehen kostenlos online,Commercial,38,1300,60,0.75,"Reviews, Video, People also ask, Related searches"
free deutsche tv,Commercial,35,1300,40,0.62,"Sitelinks, Reviews, Video, People also ask, Related searches"
free rtl stream,"Navigational, Transactional",36,1300,54,1.11,"Reviews, Video, People also ask, Related searches"
free tv rtl,"Navigational, Transactional",36,1300,72,0.65,"Sitelinks, Reviews, Video, People also ask, Top stories, Related searches"
fussball auf sky,"Informational, Transactional",41,1300,52,1.01,"Reviews, Video, People also ask, Related searches"
fussball live stream kostenlos,Commercial,40,1300,54,0.62,"Video, Top stories, Related searches"
fussball streams online,Commercial,40,1300,54,0.89,"Video, Related searches"
fußball kostenlos streamen,Commercial,44,1300,37,0.88,"Video, Related searches"
fußball live ru,Commercial,39,1300,49,0.80,"Reviews, Video, Related searches"
fußball livestream,Commercial,43,1300,70,1.24,"Video, Video carousel, People also ask, Top stories, Related searches"
germany iptv,Commercial,46,1300,21,0.87,"AI Overview, Video, Video carousel, Related searches"
gratis fernsehen,Commercial,37,1300,38,1.04,"Reviews, Video, People also ask, Related searches"
iptvkaufen,Transactional,47,1300,21,0.99,"Image pack, Video, Related searches, Ads top, Ads bottom"
iptvmeezzy,Transactional,47,1300,15,0.00,"Sitelinks, AI Overview, Related searches"
kostenlos fernseh schauen,Commercial,35,1300,49,0.57,"AI Overview, Reviews, Image, Video, People also ask, Related searches"
kostenlos fernsehen gucken,Commercial,36,1300,49,0.75,"AI Overview, Reviews, Video, People also ask, Related searches"
kostenlos fernsehen im internet,Commercial,38,1300,38,0.58,"AI Overview, Reviews, Video, People also ask, Related searches"
kostenlos online fernsehen,Commercial,37,1300,52,0.81,"Reviews, Video, People also ask, Knowledge panel, Related searches"
live rtl stream,"Navigational, Transactional",39,1300,46,0.63,"Reviews, Video, People also ask, Related searches, Ads bottom"
live ru stream,Commercial,36,1300,28,1.86,"Video, Related searches"
live sport tv heute,"Informational, Transactional",43,1300,56,0.54,"Reviews, People also ask"
live stream fußball kostenlos,Commercial,41,1300,55,0.67,"Reviews, Video, People also ask, Related searches"
live tv sport,"Informational, Commercial",44,1300,63,1.16,"Reviews, Video, Top stories, Related searches"
live tv streamen,Commercial,43,1300,74,1.64,"AI Overview, Reviews, Video, People also ask, Top stories, Related searches"
live tv streams,Commercial,43,1300,64,1.64,"Reviews, Video, Related searches, Ads bottom"
livestream kostenlos,Commercial,38,1300,63,0.71,"Reviews, Image, Video, Related searches, Ads bottom"
nydus rtl,"Navigational, Transactional",28,1300,33,0.66,"Video, Related searches"
programm rtl plus,"Informational, Transactional",32,1300,64,0.06,"Reviews, People also ask, Related searches"
programm sportdigital,"Navigational, Transactional",45,1300,29,0.30,Related searches
rtl 2 live stream kostenlos ohne anmeldung,"Navigational, Transactional",33,1300,26,0.65,"Reviews, Video, People also ask, Related searches"
rtl free,"Navigational, Transactional",33,1300,54,0.51,"AI Overview, Reviews, Video, Video carousel, People also ask, Related searches"
rtl free live stream,"Navigational, Transactional",38,1300,48,0.83,"Reviews, Video, Related searches"
rtl germany,"Navigational, Transactional",35,1300,90,0.44,"Sitelinks, Reviews, Video, People also ask, Related searches"
rtl kostenlos live,"Navigational, Transactional",37,1300,49,1.05,"Reviews, Video, People also ask, Related searches"
rtl life,"Navigational, Transactional",31,1300,34,0.47,"Sitelinks, Reviews, Video, People also ask, Related searches"
rtl live mediathek,"Navigational, Transactional",38,1300,67,0.30,"Reviews, Video, People also ask, Related searches"
rtl live ohne anmelden,"Navigational, Transactional",34,1300,39,1.03,"Reviews, Video, People also ask, Related searches"
rtl live ohne anmeldung,"Navigational, Transactional",37,1300,53,1.03,"Reviews, Video, Video carousel, People also ask, Related searches"
rtl live programm,Transactional,36,1300,70,0.53,"Reviews, Video, People also ask, Related searches"
rtl plus filme,"Informational, Transactional",35,1300,47,0.20,"Reviews, Video, People also ask, Related searches"
rtl programm live,"Navigational, Transactional",36,1300,68,0.53,"Reviews, Video, People also ask, Related searches"
rtl schauen kostenlos,"Navigational, Transactional",35,1300,53,1.18,"Reviews, Video, People also ask, Related searches, Ads bottom"
rtl schauen live,Transactional,37,1300,50,0.80,"Sitelinks, Reviews, Video, People also ask, Top stories, Related searches"
rtl stream free,Transactional,36,1300,51,1.11,"Reviews, Video, People also ask, Related searches"
rtl up livestream,"Navigational, Transactional",37,1300,45,0.65,"Sitelinks, Reviews, Video, People also ask, Related searches"
rtl2 stream kostenlos,Commercial,38,1300,36,0.97,"Reviews, Video, People also ask, Related searches"
rtlup livestream kostenlos ohne anmeldung,"Navigational, Transactional",35,1300,23,0.00,"Sitelinks, AI Overview, Reviews, Video, People also ask, Related searches"
sky black friday,"Informational, Transactional",31,1300,34,0.00,"Reviews, Video, People also ask, Related searches"
sky box,"Informational, Transactional",35,1300,33,0.84,"Reviews, Image, Video, Video carousel, People also ask, Related searches"
sport streams,Commercial,47,1300,96,1.95,"Reviews, Video, People also ask, Related searches"
sport tv live football,"Informational, Commercial",45,1300,70,0.42,"Reviews, Video, Related searches"
sport1 live tv,"Navigational, Transactional",47,1300,73,0.35,"Video, People also ask, Related searches"
sportschau live heute,"Navigational, Transactional",36,1300,78,0.00,"Sitelinks, Reviews, Video, People also ask, Top stories, Related searches"
sportschau live stream,"Informational, Transactional",42,1300,77,0.96,"Reviews, Video, Top stories, Related searches"
sportschau stream,"Navigational, Transactional",43,1300,77,1.36,"Reviews, Video, People also ask, Related searches"
streaming rtl live,"Navigational, Transactional",39,1300,65,0.79,"Sitelinks, Reviews, Video, People also ask, Related searches"
tv gratis schauen,Commercial,34,1300,40,0.51,"Reviews, Video, People also ask, Related searches"
tv gucken kostenlos,Commercial,36,1300,39,0.72,"Reviews, Video, People also ask, Related searches, Ads middle"
tv on a stick,Commercial,45,1300,29,1.37,"Reviews, Video, Video carousel, People also ask, Related searches"
tv rtl,"Informational, Commercial",36,1300,62,0.58,"Reviews, Video, Video carousel, People also ask, Top stories, Related searches"
tv schauen,Commercial,37,1300,72,1.11,"Reviews, Video, People also ask, Related searches"
vox live stream joyn,"Navigational, Transactional",31,1300,61,0.69,"AI Overview, Reviews, Video, People also ask, Related searches"
waipu tv alternative,"Informational, Commercial",35,1300,28,0.57,"Sitelinks, AI Overview, Reviews, Video, People also ask, Related searches"
zdf live sport fußball,"Navigational, Transactional",37,1300,48,0.22,"Video, Top stories, Related searches"
2ix2 vox,"Navigational, Transactional",27,1000,28,1.16,"Sitelinks, Reviews, Video, People also ask, Related searches"
6iptv,"Navigational, Transactional",41,1000,6,1.90,"People also ask, Related searches"
abo sky bundesliga,Transactional,39,1000,52,2.08,"Sitelinks, Reviews, Video, Related searches"
anbieter internet tv,"Informational, Commercial",46,1000,40,2.33,"Sitelinks, AI Overview, Reviews, Video, People also ask, Related searches"
bundesliga free stream,Commercial,41,1000,45,0.92,"Sitelinks, Reviews, Video, People also ask, Related searches"
bundesliga free tv,"Informational, Commercial",41,1000,50,1.72,"Sitelinks, Reviews, Video, People also ask, Related searches"
bundesliga heute free tv,"Informational, Commercial",40,1000,35,1.15,"Reviews, Video, Related searches"
bundesliga live-stream kostenlos schauen,Commercial,40,1000,46,0.00,"Sitelinks, Reviews, Video, People also ask, Related searches"
fernsehen gratis,Commercial,37,1000,40,0.91,"Reviews, Video, People also ask, Top stories, Related searches"
fernsehen gucken kostenlos,Commercial,36,1000,49,0.75,"Reviews, Video, People also ask, Knowledge panel, Related searches"
fernsehen im internet kostenlos ohne anmeldung deutsch,"Navigational, Transactional",35,1000,36,0.37,"Reviews, Video, People also ask, Related searches"
fernsehen kostenlos internet,Commercial,37,1000,49,0.52,"Reviews, Video, People also ask, Knowledge panel, Related searches"
fernsehn live,Commercial,37,1000,89,0.52,"Reviews, Video, People also ask, Related searches, Ads top, Ads middle"
free live stream free,Commercial,38,1000,74,0.64,"Video, People also ask, Related searches"
freestream tv live,Commercial,42,1000,71,1.03,"Reviews, Video, People also ask, Related searches"
fussball live ru,Commercial,39,1000,32,0.00,"People also ask, Related searches"
fussball live streams,Commercial,40,1000,53,0.96,"Video, People also ask, Top stories, Related searches"
fussball live streams kostenlos,Commercial,39,1000,59,0.67,"Sitelinks, People also ask, Related searches"
fußball heute sky,"Navigational, Transactional",37,1000,54,1.33,"Reviews, Video, Related searches"
fußball live kostenlos stream,Commercial,40,1000,50,0.67,"Sitelinks, Video, People also ask, Related searches"
fußball live-stream kostenlos,Commercial,38,1000,46,0.62,"Reviews, Video, Related searches"
fußball rtl live,"Informational, Transactional",40,1000,42,0.64,"Reviews, Video, Related searches"
fußball stream kostenlos,Commercial,41,1000,56,0.88,"Sitelinks, Reviews, Video, Related searches"
fußball streams,Commercial,42,1000,62,1.17,"Video, Top stories, Related searches"
iptv alle sender,"Informational, Commercial",47,1000,17,0.00,"AI Overview, Reviews, Video, People also ask, Related searches"
kostenlos online tv,Commercial,37,1000,51,1.07,"Reviews, Video, People also ask, Related searches"
kostenloser tv livestream,Commercial,41,1000,43,0.68,"Reviews, Video, People also ask, Related searches"
kostenloses live fernsehen,Commercial,40,1000,52,0.49,"AI Overview, Reviews, Video, Related searches, Ads bottom"
live bundesliga stream,Commercial,42,1000,45,0.87,"Sitelinks, Reviews, Video, Related searches, Ads bottom"
live fernsehen kostenlos,Commercial,40,1000,65,0.49,"Reviews, Video, People also ask, Related searches, Ads top, Ads bottom"
live fussball stream,Commercial,41,1000,65,0.76,"Reviews, Video, Related searches"
live fussball stream kostenlos,Commercial,40,1000,53,0.62,"Video, Top stories, Related searches"
live rtl,"Navigational, Transactional",37,1000,70,0.47,"Reviews, Video, Video carousel, People also ask, Top stories, Related searches"
live ru fußball,"Informational, Commercial",39,1000,29,1.14,"Sitelinks, Video, Related searches"
live ru sports,Commercial,40,1000,45,1.40,"Video, People also ask, Related searches"
live sports tv streaming,Commercial,47,1000,83,0.00,"Reviews, Video, People also ask, Related searches"
livestream fussball,Commercial,41,1000,67,0.88,"Reviews, Video, Video carousel, People also ask, Top stories, Related searches"
livestream login,"Informational, Transactional",37,1000,52,0.00,"Reviews, Video, People also ask, Related searches"
livestream sportschau,"Navigational, Transactional",42,1000,82,1.12,"Reviews, Video, Related searches"
livestream tv kostenlos,Commercial,39,1000,65,0.68,"Reviews, Video, People also ask, Related searches"
liveticker sportschau,"Navigational, Transactional",37,1000,70,2.57,"Sitelinks, Video, Related searches"
nitro livestream ohne anmeldung,"Navigational, Transactional",35,1000,24,0.00,"Video, People also ask, Related searches"
prosieben live stream kostenlos,Commercial,37,1000,50,0.48,"Reviews, Video, People also ask, Related searches"
rtl aktuell heute,"Informational, Transactional",31,1000,50,0.00,"Video, People also ask, Knowledge panel, Related searches"
rtl de aktuell,"Navigational, Transactional",31,1000,57,0.51,"Sitelinks, Reviews, Video, Video carousel, People also ask, Related searches"
rtl de live,"Navigational, Transactional",37,1000,58,0.81,"Reviews, Video, People also ask, Top stories, Related searches"
rtl free stream,Transactional,37,1000,54,1.11,"Reviews, Video, People also ask, Top stories, Related searches"
rtl fußball heute live stream kostenlos,Transactional,42,1000,38,0.44,"Reviews, Video, People also ask, Related searches"
rtl kostenlos ohne anmeldung,"Navigational, Transactional",34,1000,55,1.06,"Reviews, Video, People also ask, Related searches"
rtl live fußball ohne anmeldung,"Navigational, Transactional",37,1000,49,0.00,"Reviews, Video, Related searches"
rtl live gucken,Commercial,38,1000,47,1.01,"Sitelinks, Reviews, Video, People also ask, Related searches"
rtl live nydus,"Navigational, Transactional",32,1000,30,0.00,"Sitelinks, Related searches"
rtl plus live programm,"Navigational, Transactional",34,1000,59,0.33,"Sitelinks, Reviews, Video, People also ask, Related searches"
rtl programm heute live,"Informational, Transactional",35,1000,47,0.49,"Sitelinks, Reviews, Video, People also ask, Related searches"
rtl verpasste sendung,Transactional,29,1000,51,0.32,"Video, People also ask, Related searches"
s rtl live,"Navigational, Transactional",38,1000,53,0.77,"Reviews, Video, People also ask, Related searches"
sat 1 kostenlos streamen,Commercial,37,1000,46,0.42,"Reviews, Video, People also ask, Related searches"
sat 1 stream kostenlos,Commercial,39,1000,35,0.49,"Reviews, Video, People also ask, Related searches"
sky fußball,"Navigational, Transactional",42,1000,64,1.01,"Sitelinks, Video, Video carousel, People also ask, Top stories, Related searches"
sky fußball heute,"Navigational, Transactional",37,1000,53,1.33,"Sitelinks, Video, Related searches"
sky sport live heute,"Navigational, Transactional",41,1000,62,1.23,"Reviews, Video, People also ask, Related searches"
sky sports living,"Informational, Transactional",40,1000,90,1.14,"AI Overview, Reviews, Video, People also ask, Related searches, Ads bottom"
sport de live,"Navigational, Transactional",42,1000,82,0.66,"Image, Video, Related searches"
sport tv heute live,Commercial,43,1000,63,0.54,"Reviews, Video, People also ask, Related searches"
sportschau heute live im tv,"Navigational, Transactional",38,1000,66,0.00,"Reviews, Video, Related searches"
stream tv streaming,Commercial,44,1000,42,1.60,"AI Overview, Reviews, Video, People also ask, Related searches"
super rtl live stream,Transactional,38,1000,33,0.98,"Reviews, Video, People also ask, Related searches"
tv kostenlos gucken,Commercial,36,1000,52,1.01,"Reviews, Video, Video carousel, People also ask, Related searches"
tv kostenlos online,Commercial,39,1000,57,0.88,"AI Overview, Reviews, Video, People also ask, Related searches"
tv ohne anmeldung,"Navigational, Transactional",38,1000,38,0.00,"Reviews, Video, People also ask, Related searches"
tv rtl stream,"Navigational, Transactional",41,1000,66,0.65,"Reviews, Video, People also ask, Related searches, Ads top, Ads middle"
tv schauen kostenlos,Commercial,36,1000,49,0.66,"Sitelinks, Reviews, Video, People also ask, Related searches, Ads middle"
tv streaming dienste,Commercial,44,1000,40,1.28,"AI Overview, Reviews, Video, People also ask, Top stories, Related searches"
web tv,"Navigational, Commercial",46,1000,27,1.35,"Sitelinks, Reviews, Video, People also ask, Related searches, Ads bottom"
wer überträgt bundesliga,"Informational, Commercial",41,1000,50,1.16,"Featured snippet, Reviews, Video, People also ask, Related searches"
wow fussball,Commercial,37,1000,29,1.07,"Reviews, Video, People also ask, Related searches"
zdf sportstudio livestream,"Navigational, Transactional",44,1000,53,0.01,"Video, People also ask, Related searches"
1 und 1 cinema,"Informational, Transactional",31,880,27,0.00,"Reviews, People also ask, Related searches"
ard livesport,"Informational, Transactional",40,880,85,0.00,"Sitelinks, Video, People also ask, Related searches"
ard sport live stream heute,"Informational, Transactional",43,880,73,0.00,"Reviews, Video, People also ask, Related searches"
ard sport mediathek,"Navigational, Transactional",41,880,79,0.00,"Sitelinks, Reviews, Video, Video carousel, People also ask, Top stories, Related searches"
basketball livestream,Commercial,35,880,70,0.58,"Video, People also ask, Ads bottom"
bundesliga live stream kostenlos,Commercial,40,880,42,0.80,"Sitelinks, Reviews, Video, Related searches"
bundesliga live stream online,Commercial,41,880,48,1.75,"Sitelinks, Reviews, Video, Related searches"
bundesliga live streaming,Commercial,44,880,35,0.87,"Reviews, Video, Related searches"
champions league live stream gratis illegal,Commercial,37,880,27,0.00,"Sitelinks, Reviews, Video, People also ask, Related searches"
d kanal live,"Informational, Transactional",34,880,50,1.33,"Sitelinks, Video, Related searches"
dart wm livestream,Transactional,35,880,42,0.58,"Reviews, Video, People also ask, Related searches"
fernseh app,"Informational, Commercial",34,880,50,1.56,"AI Overview, Reviews, Video, People also ask, Related searches, Ads top, Ads bottom"
fernsehen streamen live,Commercial,44,880,73,0.73,"Reviews, Video, Top stories, Related searches"
formel 1 livestream kostenlos,Commercial,39,880,30,0.72,"Sitelinks, Reviews, Video, People also ask, Related searches"
fußball auf sky heute,"Navigational, Transactional",40,880,37,1.33,"Reviews, Video, Related searches"
fußball heute bei sky,"Navigational, Transactional",37,880,51,1.02,"Reviews, People also ask, Related searches"
fußball live online stream,Commercial,40,880,51,0.96,"Video, People also ask, Related searches, Ads bottom"
fußball stream live,Commercial,41,880,71,0.64,"Reviews, Video, People also ask, Related searches"
gzsz rtlnow,"Navigational, Transactional",29,880,43,0.00,"Sitelinks, Video, Related searches"
heute sport,Commercial,39,880,69,1.42,"Reviews, Video, People also ask, Related searches"
iptv receiver,"Informational, Commercial",51,880,16,0.00,"Sitelinks, Video, People also ask, Related searches, Popular products"
kostenlos fußball gucken,Commercial,43,880,51,0.69,"AI Overview, Reviews, Video, Related searches, Ads top"
kostenlose tv,Commercial,37,880,37,0.93,"Reviews, Video, People also ask, Related searches"
leichtathletik live heute,"Navigational, Transactional",36,880,49,0.00,"Video, People also ask, Related searches"
live fußball stream,Commercial,44,880,68,0.63,"Video, Video carousel, Top stories, Related searches, Ads middle"
live sports and tv,Commercial,46,880,63,0.88,"Reviews, Video, People also ask, Related searches"
live ticker sport,Commercial,41,880,86,3.15,"Video, Top stories, Related searches"
live tv stream kostenlos,Commercial,40,880,51,1.23,"Reviews, Video, People also ask, Related searches"
livestream sportschau de,"Navigational, Transactional",38,880,74,0.97,"Sitelinks, Reviews, Video, Related searches"
livetv alternative,"Informational, Commercial",40,880,30,2.55,"Sitelinks, AI Overview, Video, People also ask, Related searches"
my siptv,"Informational, Transactional",46,880,20,1.04,"Reviews, Video, Video carousel, People also ask, Related searches"
newest free global iptv,"Informational, Transactional",45,880,42,0.00,"Reviews, Video, Video carousel, People also ask, Related searches"
nitro live stream ohne anmeldung,"Navigational, Transactional",35,880,27,0.00,"Reviews, Video, People also ask, Related searches"
online kostenlos fernsehen,Commercial,36,880,54,0.81,"Reviews, Video, People also ask, Related searches"
rtl for free,"Navigational, Transactional",33,880,51,0.57,"Sitelinks, AI Overview, Reviews, Video, People also ask, Related searches, Ads bottom"
rtl free streaming,"Navigational, Transactional",36,880,45,1.07,"AI Overview, Video, People also ask, Top stories, Related searches, Ads top, Ads bottom"
rtl fußball heute live-stream kostenlos,"Navigational, Transactional",41,880,59,0.44,"Reviews, Video, People also ask, Related searches"
rtl online élő adás ingyen,Commercial,39,880,40,1.06,"Reviews, Video, Related searches"
rtl plus jahresabo,"Informational, Transactional",36,880,44,1.81,"AI Overview, Reviews, Image, Video, People also ask, Related searches"
rtl stream live kostenlos,Transactional,38,880,54,1.04,"Sitelinks, Reviews, Video, People also ask, Related searches"
rtl tv germany,"Navigational, Transactional",35,880,76,0.44,"Sitelinks, AI Overview, Reviews, Video, People also ask, Related searches"
rtl up kostenlos ohne anmeldung,"Navigational, Transactional",32,880,31,0.00,"Reviews, People also ask, Related searches"
rtl uživo,"Navigational, Transactional",37,880,45,0.00,"Video, Related searches"
rtlup live stream kostenlos,Commercial,38,880,26,0.00,"Sitelinks, Reviews, Video, People also ask, Related searches"
sexy clips sport,"Informational, Transactional",38,880,24,0.00,"Sitelinks, Reviews, Video, Video carousel, Knowledge panel"
sky 2 bundesliga,"Navigational, Transactional",39,880,43,1.48,"Reviews, Video, People also ask, Related searches"
sky sport live,"Navigational, Transactional",39,880,57,0.93,"Reviews, Video, People also ask, Related searches"
sport clips sexy,"Informational, Transactional",38,880,25,0.00,"Reviews, Video, Video carousel, Short videos, People also ask, Knowledge panel"
sport im zdf heute,"Informational, Transactional",37,880,70,0.00,"Video, Video carousel, People also ask, Knowledge panel, Top stories, Related searches"
sportschau de fussball,"Navigational, Transactional",33,880,70,0.00,"Video, Video carousel, Top stories, Related searches"
sportschau live stream zdf,"Informational, Transactional",38,880,84,0.01,"Reviews, Video, People also ask, Related searches"
stb set top box,"Informational, Commercial",41,880,27,0.74,"Reviews, Image, People also ask, Knowledge panel, Related searches, Popular products"
stream für fussball,Commercial,44,880,59,0.89,"Video, Top stories, Related searches"
stream kostenlos bundesliga,Commercial,41,880,41,0.70,"Sitelinks, Reviews, Video, Related searches"
streaming fussball,Commercial,43,880,80,0.89,"Video, Video carousel, Top stories, Related searches"
television internet gratis,Commercial,40,880,43,0.59,"Reviews, Video, Video carousel, People also ask, Related searches"
tv stream online kostenlos,Commercial,37,880,53,1.13,"AI Overview, Reviews, Video, People also ask, Related searches"
tvonline ro,Commercial,34,880,63,0.83,"Reviews, Video, Related searches"
www sportschau de livestream,"Navigational, Transactional",38,880,68,0.00,"Video, People also ask, Related searches"
zdf heute fussball live,"Informational, Transactional",34,880,51,0.47,"Video, Video carousel, People also ask, Top stories, Related searches"
1und1 tv app,"Informational, Transactional",34,720,30,1.51,"AI Overview, Reviews, Video, People also ask, Related searches"
2 bundesliga sky,"Navigational, Transactional",34,720,40,1.48,"Reviews, Video, People also ask, Related searches"
2. bundesliga auf sky,"Navigational, Transactional",38,720,35,1.74,"Sitelinks, Reviews, Video, Related searches, Ads bottom"
ard sport live streams,"Informational, Transactional",44,720,82,0.00,"Reviews, Video, Related searches"
best iptv,"Informational, Commercial",57,720,30,1.12,"Sitelinks, Video, People also ask, Related searches"
bundesliga kostenlos streamen,Commercial,39,720,20,0.99,"Sitelinks, Video, People also ask, Related searches"
bundesliga livestream kostenlos,Commercial,41,720,43,0.80,"Sitelinks, Reviews, Video, Related searches"
bundesliga stream kostenlos,Commercial,41,720,39,0.70,"Sitelinks, Reviews, Video, Video carousel, Related searches"
champions league live stream free,Commercial,37,720,62,1.31,"Reviews, Video, People also ask, Top stories, Related searches"
deutsche tv sender live stream kostenlos,Commercial,40,720,40,0.00,"Reviews, Video, Related searches"
deutschland frankreich livestream,"Informational, Transactional",36,720,32,0.00,"Reviews, Video, Video carousel, People also ask, Related searches"
deutschland frankreich tv,Commercial,34,720,27,0.00,"Reviews, Video, People also ask, Related searches"
fc bayern live stream kostenlos zdf,"Navigational, Transactional",38,720,61,0.66,"Reviews, Video, Video carousel, Related searches"
fernseh online,Commercial,34,720,73,1.86,"Reviews, Video, Related searches"
fernsehen kostenlos streamen,Commercial,37,720,41,0.57,"AI Overview, Reviews, Video, People also ask, Related searches"
free rtl tv,"Navigational, Transactional",36,720,63,0.71,"Sitelinks, Reviews, Video, People also ask, Related searches"
fussball live stream free,Commercial,40,720,51,0.63,"Sitelinks, Video, Top stories, Related searches"
fußball heute auf sky,"Navigational, Transactional",37,720,46,1.33,"Reviews, Video, Related searches"
fußball live rtl,"Informational, Transactional",40,720,40,0.72,"Reviews, Video, People also ask, Related searches"
gratis tv,Commercial,38,720,38,0.91,"Reviews, Video, People also ask, Related searches"
handball stream,Commercial,38,720,60,1.17,"Reviews, Video, People also ask, Related searches"
iptv apps,"Informational, Commercial",54,720,39,0.00,"AI Overview, Reviews, Video, Video carousel, People also ask, Related searches"
iptv smarters pro apk,Commercial,45,720,34,0.00,"Reviews, Video, Related searches"
kabel ein live,Commercial,38,720,33,0.49,"Reviews, Video, People also ask, Related searches"
kostenlos fernsehen online,Commercial,34,720,47,0.75,"Reviews, Video, People also ask, Related searches"
kostenlos fußball live stream,Commercial,41,720,47,0.62,"Reviews, Video, Top stories, Related searches"
kostenlos online tv schauen ohne anmeldung,"Navigational, Transactional",34,720,50,0.36,"Sitelinks, AI Overview, Reviews, Video, People also ask, Related searches"
live ru fussball,"Informational, Commercial",38,720,34,1.12,"Video, Top stories, Related searches"
live stream free,Commercial,38,720,60,0.49,"Reviews, Video, People also ask, Related searches"
live stream kostenlos fussball,Commercial,40,720,54,0.67,"Sitelinks, Reviews, Video, People also ask, Top stories, Related searches"
live stream sportschau,"Navigational, Transactional",43,720,67,1.12,"Reviews, Video, Top stories, Related searches"
live tv app,Commercial,42,720,40,1.53,"Reviews, Video, People also ask, Related searches"
liverutv,Commercial,38,720,82,1.26,"Reviews, Video, Related searches"
livestream darts,Commercial,36,720,47,0.36,"Reviews, Video, People also ask, Related searches, Ads bottom"
livestream fernsehen,Commercial,42,720,80,0.69,"Reviews, Video, Video carousel, Related searches"
livestream free tv,Commercial,41,720,69,0.00,"Reviews, Video, People also ask, Top stories, Related searches"
livestream fußball,Commercial,41,720,75,0.76,"Video, Video carousel, Top stories, Related searches, Ads top"
livestream sport1 darts,"Navigational, Transactional",42,720,49,0.36,"Sitelinks, Reviews, Video, People also ask, Related searches"
livestream sportstudio,"Informational, Transactional",40,720,57,0.08,"Video, People also ask, Related searches"
livetv fussball,"Navigational, Transactional",45,720,37,0.78,"Reviews, Video, Video carousel, Related searches"
livetv fußball,"Navigational, Transactional",45,720,23,0.78,"Reviews, Video, Related searches"
magenta tv programm heute,Transactional,33,720,32,0.00,"Reviews, Video, People also ask, Related searches"
mdr sportschau live,"Navigational, Transactional",37,720,44,1.24,"Video, People also ask, Related searches"
rtl free livestream,"Navigational, Transactional",37,720,50,1.25,"Reviews, Video, People also ask, Related searches"
rtl gucken,Transactional,37,720,53,1.06,"Reviews, Video, People also ask, Related searches, Ads top, Ads bottom"
rtl live sehen,"Navigational, Transactional",38,720,46,0.84,"Reviews, Video, People also ask, Related searches"
rtl live stream formel 1 kostenlos,"Navigational, Transactional",37,720,29,0.00,"Sitelinks, Reviews, Video, People also ask, Related searches"
rtl livestream ohne anmeldung,"Navigational, Transactional",37,720,38,1.51,"Reviews, Video, People also ask, Related searches"
rtl nydus,"Navigational, Transactional",29,720,35,0.00,"Sitelinks, Related searches"
rtl plus com tv login,"Navigational, Transactional",37,720,40,0.14,"Sitelinks, Reviews, People also ask, Related searches"
rtl plus paket,"Navigational, Transactional",37,720,51,1.99,"AI Overview, Reviews, Video, People also ask, Related searches"
rtl plus programm heute,Commercial,31,720,63,0.24,"Video, People also ask, Related searches"
rtl sport live,"Navigational, Transactional",44,720,47,0.74,"Reviews, Video, People also ask, Related searches"
rtl super live,"Navigational, Transactional",37,720,44,0.30,"Reviews, Video, People also ask, Related searches"
rtlup kostenlos,Commercial,31,720,45,0.74,"Sitelinks, AI Overview, Reviews, Video, People also ask, Related searches"
sat 1 live stream kostenlos,Commercial,41,720,35,0.29,"Reviews, Video, Related searches, Ads bottom"
schalke live stream kostenlos,Commercial,38,720,18,0.63,"Reviews, Video, Video carousel, Related searches"
sexy sport,"Informational, Commercial",36,720,30,0.70,"AI Overview, Image pack, Video, Video carousel, People also ask"
sexy sportclips,"Informational, Transactional",38,720,27,0.00,"Sitelinks, Reviews, Video, Video carousel, People also ask, Knowledge panel"
sky premier league,"Informational, Transactional",37,720,52,1.28,"Reviews, Video, Related searches, Ads bottom"
sky q receiver kaufen,Transactional,35,720,31,0.57,"Reviews, People also ask, Related searches, Popular products, Ads top, Ads bottom"
sky sport news live stream,"Informational, Transactional",37,720,77,0.00,"Sitelinks, Reviews, Video, People also ask, Related searches"
sky sports live,"Navigational, Transactional",39,720,71,0.93,"Sitelinks, Reviews, Video, Related searches"
sport heute im zdf,"Informational, Transactional",36,720,56,0.00,"Video, Video carousel, People also ask, Related searches"
sport1 de live,"Navigational, Transactional",43,720,70,0.36,"Sitelinks, Reviews, Video, Related searches"
sport1 de live stream,"Navigational, Transactional",45,720,65,0.34,"Reviews, Video, People also ask, Related searches"
sportdigital fussball programm,"Navigational, Transactional",41,720,31,0.85,Related searches
sportschau zdf livestream,"Informational, Transactional",38,720,71,0.01,"Reviews, Video, Video carousel, People also ask, Related searches, Ads top"
stream fußball kostenlos,Commercial,42,720,59,0.88,"Reviews, Video, People also ask, Top stories, Related searches, Ads bottom"
tv boxen,Commercial,40,720,34,2.10,"Reviews, Image pack, Video, Video carousel, People also ask, Related searches, Popular products, Ads middle"
tv free live stream,Commercial,39,720,60,0.99,"Reviews, Video, People also ask, Related searches"
tv kostenlos ohne anmeldung,"Navigational, Transactional",32,720,33,0.49,
tv live streaming,Commercial,45,720,76,0.77,"Reviews, Video, People also ask, Related searches"
tv programm live,"Informational, Transactional",38,720,79,0.75,"Reviews, Video, Related searches"
tv sticks vergleich,Commercial,37,720,30,0.66,"Sitelinks, Reviews, Video, People also ask, Related searches"
tv stream free,Commercial,39,720,56,1.25,"Reviews, Video, Knowledge panel, Top stories, Related searches"
tv umsonst,Commercial,35,720,41,1.25,"Reviews, Video, People also ask, Related searches"
voxup live stream kostenlos,Commercial,35,720,23,0.00,"Sitelinks, Reviews, People also ask, Related searches"
zdf livestream sportschau,Transactional,38,720,84,0.01,"Reviews, Video, People also ask, Related searches"
zdf sport live heute,"Informational, Transactional",37,720,64,0.07,"Reviews, Video, Video carousel, People also ask, Top stories, Related searches"
zdf sportschau live stream,"Navigational, Transactional",42,720,66,0.01,"Reviews, Video, Related searches"
zdf sportschau livestream,"Informational, Transactional",38,720,66,0.01,"Reviews, Video, Related searches"
1 1 cinema,"Informational, Transactional",33,590,22,1.91,"Video, People also ask, Related searches"
2 bundesliga streamen,Commercial,42,590,32,0.92,"Reviews, Video, Related searches"
alle spiele alle tore sky,"Navigational, Transactional",28,590,33,1.28,"Sitelinks, Video, Related searches"
alternative zu magenta tv,"Informational, Commercial",39,590,17,0.70,"AI Overview, Reviews, Video, People also ask, Related searches"
bundesliga bei sky,"Navigational, Transactional",39,590,52,1.42,"Sitelinks, Reviews, Video, People also ask, Related searches, Ads bottom"
bundesliga kostenloser livestream,Commercial,41,590,38,0.80,"Reviews, Video, Related searches"
bundesliga streaming,Commercial,45,590,46,1.07,"Reviews, Video, Related searches"
bundesliga-streams,Commercial,42,590,52,2.06,"Reviews, Video, People also ask, Related searches"
dazn stream free,"Navigational, Transactional",31,590,67,0.75,"Reviews, Video, Related searches"
deutsch iptv,Commercial,49,590,10,0.00,"AI Overview, Video, Related searches"
deutschland frankreich stream,"Informational, Transactional",34,590,70,0.00,"Reviews, Video, Video carousel, People also ask, Related searches"
eurosport 1 live stream kostenlos,Commercial,44,590,51,0.22,"Reviews, Video, People also ask, Related searches"
eurosport streaming,"Navigational, Transactional",45,590,56,0.78,"Sitelinks, Reviews, Video, People also ask, Related searches, Ads top"
fc livestream,Commercial,39,590,30,0.00,"Reviews, Video, People also ask, Top stories, Related searches"
fernsehen umsonst,Commercial,35,590,57,0.75,"AI Overview, Reviews, Video, People also ask, Related searches"
fernsehn kostenlos,Commercial,36,590,47,0.64,"Reviews, Image, Video, People also ask, Related searches, Ads bottom"
fernsehn kostenlos schauen,Commercial,35,590,37,0.65,"Video, People also ask, Related searches, Ads top, Ads middle"
football live stream illegal,Commercial,40,590,31,0.00,"Sitelinks, AI Overview, Reviews, Video, Related searches"
fussball live streams ru,Commercial,39,590,56,0.00,"Video, People also ask, Related searches"
fussball livestream kostenlos,Commercial,42,590,56,0.67,"Reviews, Video, People also ask, Related searches, Ads middle"
fussball stream free,Commercial,40,590,53,1.13,"Sitelinks, Video, People also ask, Related searches"
fussballlive,Commercial,38,590,76,0.64,"Video, Video carousel, Top stories, Related searches"
fußball gucken kostenlos,Commercial,43,590,55,0.60,"Reviews, Video, Related searches"
fußball gucken live,Transactional,43,590,52,0.62,"Reviews, Video, Top stories, Related searches"
fußball kostenlos gucken,Commercial,43,590,61,0.69,"Video, People also ask, Related searches"
fußball live stream kostenlos illegal ru,Commercial,38,590,31,0.00,"Sitelinks, Related searches"
fußball sky heute,"Navigational, Transactional",37,590,37,1.33,"Reviews, Video, Related searches, Ads bottom"
fußball streamen,Commercial,45,590,56,0.85,"Video, Top stories, Related searches"
fußballspiel live stream,Commercial,44,590,68,0.64,"Video, Video carousel, Top stories, Related searches"
google sport,"Informational, Transactional",39,590,69,0.49,"Video, Related searches"
heute 2.bundesliga im tv,"Informational, Commercial",40,590,35,0.72,"Video, People also ask, Related searches"
internet tv vergleich,Commercial,43,590,36,1.74,"Sitelinks, Reviews, Video, People also ask, Related searches, Ads top, Ads middle"
internet und fernsehen,Commercial,40,590,35,2.31,"Reviews, Video, People also ask, Related searches, Ads top, Ads middle"
ip tv kaufen,Commercial,53,590,30,1.33,"Video, People also ask, Related searches"
iptv 4k,"Informational, Commercial",53,590,24,1.09,"Video, People also ask, Related searches, Popular products"
iptv abo,Commercial,55,590,8,0.00,"AI Overview, Image, Video, People also ask"
iptv anbieter vergleich,Commercial,52,590,41,0.00,"AI Overview, Video, People also ask, Related searches"
iptv deutsch,"Informational, Commercial",52,590,30,0.00,"AI Overview, Video, Related searches"
iptv line,"Informational, Commercial",52,590,10,0.00,"AI Overview, Reviews, Image, Video, People also ask"
iptv player android,Commercial,54,590,26,0.00,"Reviews, Video, Video carousel, People also ask, Related searches"
iptv reddit,"Navigational, Transactional",47,590,44,0.00,"People also ask, Related searches"
iptv tv stick,Commercial,54,590,17,0.00,"Sitelinks, Reviews, Video, People also ask, Related searches, Popular products"
kostenlos fußball stream,Commercial,44,590,41,0.78,"Sitelinks, Reviews, Video, Related searches"
live fernsehen rtl,"Navigational, Transactional",37,590,57,0.66,"Reviews, Video, People also ask, Related searches"
live fußball gucken,Commercial,43,590,62,0.62,"Reviews, Video, People also ask, Related searches"
live sport tv stream,Commercial,49,590,74,0.77,"Reviews, Video, Related searches, Ads middle"
live sportübertragung,Commercial,46,590,78,1.88,"Reviews, Video, Video carousel, People also ask, Related searches, Ads top, Ads bottom"
live streaming handball,Commercial,40,590,47,0.37,"Reviews, Video, People also ask, Related searches, Ads middle"
live tv de,"Informational, Transactional",40,590,57,1.30,"Reviews, Video, Video carousel, Related searches"
live tv gratis,Commercial,42,590,50,0.52,"Reviews, Image, Video, People also ask, Related searches"
live.ru sport,Commercial,40,590,33,0.00,"Video, Related searches"
livestream ard biathlon,"Informational, Transactional",33,590,58,0.00,"Reviews, Video, People also ask, Related searches"
livestream rtl nitro,Commercial,38,590,30,1.20,"Sitelinks, Reviews, Video, People also ask, Related searches"
livestream zdf sportstudio,Transactional,38,590,59,0.01,"Reviews, Video, People also ask, Related searches"
livestreams kostenlos,Commercial,42,590,67,0.87,"Reviews, Video, People also ask, Related searches"
livestreamtv,Commercial,38,590,69,0.74,"AI Overview, Reviews, Video, Related searches"
livetv streaming,"Informational, Transactional",44,590,26,1.08,"Reviews, Video, Related searches"
livetv streams,Commercial,42,590,13,1.91,"People also ask, Related searches"
magenta tv livestream,Commercial,37,590,62,4.19,"AI Overview, Reviews, Video, People also ask, Related searches"
magenta tv wow,Commercial,35,590,32,0.86,"AI Overview, Reviews, Image, Video, People also ask, Related searches, Ads top, Ads middle"
mediathek ard sport,"Navigational, Transactional",42,590,69,0.00,"Sitelinks, Reviews, Video, Video carousel, People also ask, Related searches"
mein rtl,"Navigational, Transactional",34,590,73,0.40,"Reviews, Video, People also ask, Related searches, Ads top, Ads middle"
nations league stream,Commercial,37,590,35,0.00,"Reviews, Video, People also ask, Related searches"
portugal spanien live stream,Transactional,39,590,23,0.00,"Reviews, Video, Video carousel, People also ask, Related searches, Ads middle"
rlt live,"Navigational, Transactional",36,590,63,0.47,"Reviews, Video, People also ask, Related searches"
rrl live,"Navigational, Transactional",35,590,42,0.47,"Reviews, Video, People also ask, Related searches"
rtl bundesliga,"Navigational, Transactional",34,590,33,0.60,"Reviews, Video, People also ask, Top stories, Related searches"
rtl fernsehen heute,"Navigational, Commercial",32,590,50,0.46,"Sitelinks, Video, People also ask, Related searches"
rtl liv,Transactional,35,590,51,0.47,"Reviews, Video, People also ask, Related searches, Ads top, Ads middle"
rtl live kostenlos schauen,Commercial,37,590,39,0.94,"Featured snippet, Reviews, Video, People also ask, Related searches"
rtl live stream kostenlos ohne anmeldung 2ix2 legal,"Navigational, Transactional",34,590,29,0.00,"Sitelinks, AI Overview, Reviews, Video, People also ask, Related searches"
rtl live stream ohne anmeldung,"Navigational, Transactional",35,590,48,1.08,"Reviews, Video, People also ask, Related searches"
rtl livestram,"Navigational, Transactional",37,590,45,0.63,"Sitelinks, Reviews, Video, People also ask, Related searches, Ads bottom"
rtl livestream kostenlos ohne anmeldung,"Navigational, Transactional",37,590,46,1.20,"AI Overview, Reviews, Video, Related searches"
rtl nfl live-stream kostenlos,"Navigational, Transactional",41,590,29,0.00,"Reviews, Video, People also ask, Related searches"
rtl plus konto,"Navigational, Transactional",36,590,41,1.42,"Reviews, Video, People also ask, Related searches"
rtl plus premier league,"Navigational, Transactional",39,590,22,1.47,"Reviews, Video, Related searches"
rtl plus streamen,Transactional,42,590,49,0.58,"AI Overview, Reviews, Video, Video carousel, People also ask, Related searches, Ads top, Ads bottom"
rtl-mediathek,Transactional,33,590,69,0.19,"Reviews, Video, People also ask, Related searches, Ads top"
rtl2 streamen,Commercial,38,590,45,0.75,"Reviews, Video, People also ask, Related searches"
rtlplus live stream kostenlos ohne anmeldung,"Navigational, Transactional",33,590,41,0.00,"AI Overview, Reviews, Video, People also ask, Related searches"
rtlplus mediathek,Commercial,36,590,31,0.04,"Reviews, Video, People also ask, Related searches, Ads top, Ads bottom"
rtlup live stream kostenlos ohne anmeldung 2ix2,"Navigational, Transactional",34,590,27,0.00,"Sitelinks, Reviews, People also ask, Related searches"
sky alle spiele alle tore,"Navigational, Transactional",35,590,34,1.21,"Video, People also ask, Related searches"
sky fußball heute programm,"Navigational, Transactional",36,590,43,0.00,"People also ask, Related searches"
sky heute fußball,"Navigational, Transactional",37,590,54,1.33,"Reviews, Video, Related searches"
sky live stream,Commercial,37,590,62,1.44,"Video, Top stories, Related searches"
sky sports epl,"Informational, Transactional",0,590,75,1.38,"Image, Video, Related searches"
sport 1 programm live,"Navigational, Transactional",42,590,75,0.33,"Sitelinks, Video, People also ask, Related searches"
sport heute live im fernsehen,"Informational, Transactional",41,590,65,0.53,"Reviews, Video, People also ask, Top stories, Related searches"
sport livestream,Commercial,44,590,84,0.67,"Reviews, Video, People also ask, Related searches"
sport1 programm morgen,"Informational, Transactional",39,590,37,0.00,"Video, People also ask, Related searches"
sportschau handball live,"Navigational, Transactional",34,590,68,0.00,"Video, Video carousel, Related searches"
sportschau heute im tv,"Navigational, Transactional",38,590,49,0.00,"People also ask, Related searches"
sportschau heute programm,"Navigational, Transactional",39,590,47,0.00,"Video, Related searches"
sportschau heute tv,"Navigational, Transactional",38,590,49,0.00,"Video, People also ask, Related searches"
sportschau heute zdf,Transactional,35,590,56,0.00,"Video, Related searches"
sportschau livestream zdf,"Informational, Transactional",42,590,71,0.01,"Reviews, Video, People also ask, Related searches"
sportschau stream live,"Navigational, Transactional",42,590,78,0.00,"Reviews, Video, Related searches"
sportstudio de livestream,"Informational, Transactional",39,590,48,0.04,"Video, Video carousel, People also ask, Related searches"
sportstudio zdf livestream,"Navigational, Transactional",38,590,57,0.01,"Video, Video carousel, People also ask, Related searches"
stb приемник,"Informational, Transactional",46,590,25,0.00,"Image pack, Video, People also ask, Knowledge panel, Related searches"
stick android tv,Commercial,42,590,25,0.50,"Sitelinks, Video, Video carousel, People also ask, Related searches, Popular products"
stream deutschland frankreich,"Informational, Transactional",36,590,24,0.00,"Reviews, Video, Video carousel, Related searches"
stream fußball,Commercial,39,590,63,1.17,"Video, Video carousel, People also ask, Top stories, Related searches, Ads bottom"
streaming dienste im vergleich,Commercial,36,590,41,1.60,"Reviews, Video, People also ask, Related searches"
telekom sportangebot,Transactional,40,590,50,0.93,"AI Overview, Reviews, Video, People also ask, Related searches, Ads top, Ads bottom"
television iptv player,Commercial,50,590,44,0.00,"Reviews, Video, Video carousel, People also ask, Related searches"
tischtennis heute live zdf,"Informational, Transactional",34,590,17,0.00,"Video, People also ask, Related searches"
top tv app,Commercial,39,590,30,1.15,"AI Overview, Reviews, Video, People also ask, Related searches"
tv anbieter vergleich,Commercial,39,590,43,1.58,"AI Overview, Reviews, Video, People also ask, Related searches"
tv free,Commercial,34,590,50,0.71,"Reviews, Video, People also ask, Top stories, Related searches, Ads middle"
tv germany,"Informational, Commercial",37,590,79,0.70,"Reviews, Video, People also ask, Top stories, Related searches, Ads top, Ads bottom"
tv iptv player,"Informational, Transactional",49,590,30,0.00,"Reviews, Video, Video carousel, People also ask, Related searches"
tv online sehen,Commercial,43,590,59,1.52,"Reviews, Video, People also ask, Related searches, Ads bottom"
tv with sports,Commercial,45,590,58,1.25,"Reviews, Video, Video carousel, People also ask, Related searches, Ads top, Ads bottom"
tv über wlan,"Informational, Commercial",39,590,26,1.56,"AI Overview, Reviews, Video, Video carousel, People also ask, Related searches"
umsonst fernsehen,Commercial,34,590,43,0.75,"AI Overview, Reviews, Video, People also ask, Related searches"
volleyball live stream heute sport1,"Navigational, Transactional",41,590,50,0.64,"Reviews, Video, People also ask, Related searches"
vox live nydus,"Navigational, Transactional",31,590,21,0.00,"Video, Related searches"
vox live stream legal,Commercial,33,590,46,0.00,"Sitelinks, AI Overview, Reviews, Video, People also ask, Related searches"
welcher streaming dienst ist der beste,Commercial,37,590,36,1.56,"AI Overview, Reviews, Video, People also ask, Related searches, Ads top"
zdf livestream sportstudio,"Navigational, Transactional",38,590,61,0.01,"Video, People also ask, Related searches"
zdf sportschau live,"Informational, Transactional",36,590,84,0.01,"Reviews, Video, People also ask, Related searches"
übertragung 2 bundesliga,"Informational, Transactional",39,590,40,0.85,"Reviews, Video, Related searches"
2 bundesliga heute im tv,"Informational, Commercial",41,480,32,0.72,"Video, Related searches"
2 bundesliga live tv,Commercial,42,480,32,1.23,"Video, People also ask, Related searches"
anbieteriptv,Commercial,48,480,30,0.00,"AI Overview, Video, Related searches"
app zum fernsehen,"Informational, Commercial",40,480,48,1.55,"AI Overview, Reviews, Video, People also ask, Related searches"
ard sportschau de livestream,"Navigational, Transactional",37,480,80,0.00,"Sitelinks, Reviews, Video, Related searches"
best iptv player,Commercial,52,480,34,0.00,"Sitelinks, AI Overview, Reviews, Video, Video carousel, People also ask, Related searches"
bester iptv anbieter,Commercial,54,480,21,0.00,"Sitelinks, AI Overview, Video, Video carousel, People also ask, Related searches"
bester iptv player,Commercial,47,480,28,0.00,"AI Overview, Reviews, Video, People also ask, Related searches"
bundesliga kostenlos live stream,Commercial,41,480,33,0.80,"Sitelinks, Reviews, Video, Related searches"
bundesliga kostenlos stream,Commercial,41,480,37,0.70,"Sitelinks, Reviews, Video, People also ask, Related searches"
bundesliga live tv,Commercial,45,480,52,1.05,"Reviews, Video, People also ask, Related searches"
bundesliga streams net,Commercial,39,480,19,0.98,"Reviews, People also ask, Related searches"
bundesligalivestream,Commercial,36,480,42,0.87,"Reviews, Video, Related searches"
bundesligastreams,"Informational, Commercial",37,480,29,1.07,"Reviews, Video, Related searches"
das erste fußball live,"Informational, Transactional",35,480,85,0.00,"Video, People also ask, Related searches"
deutsche tv live,Commercial,40,480,53,0.64,"Video, Related searches"
deutschland frankreich stream live,"Informational, Transactional",37,480,29,0.00,"Reviews, Video, Related searches"
diamond league heute live,"Informational, Commercial",32,480,33,0.00,"Video, People also ask, Top stories, Related searches"
directe rtl,"Navigational, Transactional",32,480,71,0.01,"Sitelinks, Reviews, Video, People also ask, Related searches, Ads bottom"
fernseh kostenlos,Commercial,36,480,50,0.57,"Reviews, Video, People also ask, Related searches"
fernseh live,Commercial,38,480,85,0.54,"Reviews, Video, Top stories, Related searches"
fernseh live stream,Commercial,39,480,73,0.73,"Reviews, Video, Related searches"
fernsehen rtl live,"Navigational, Transactional",38,480,57,0.65,"Reviews, Video, People also ask, Related searches"
fernsehprogramm sport 1,"Informational, Transactional",41,480,29,0.36,"Video, People also ask, Related searches"
fire tv stick alternativen,"Informational, Commercial",32,480,19,0.48,"Sitelinks, AI Overview, Reviews, Video, People also ask, Related searches"
flixy tv stick mediamarkt,Transactional,45,480,36,0.45,"Sitelinks, Reviews, Video, People also ask, Related searches"
free bundesliga stream,Commercial,40,480,50,0.92,"Sitelinks, Reviews, Video, People also ask, Related searches"
free bundesliga streams,Commercial,38,480,34,2.16,"Sitelinks, Reviews, People also ask, Related searches"
fussball gucken live kostenlos,Commercial,42,480,56,0.61,"Video, People also ask, Related searches"
fussball live stream ru,Commercial,40,480,33,0.00,Related searches
fussball live sx,"Informational, Commercial",40,480,32,1.96,"Video, Related searches"
fussball rtl live stream,"Navigational, Transactional",40,480,48,0.91,"Reviews, Video, People also ask, Related searches"
fußball gucken live kostenlos,Commercial,43,480,56,0.58,"Reviews, Video, Related searches"
fußball kostenlos stream,Commercial,41,480,45,0.78,"Sitelinks, Video, Top stories, Related searches"
fußball live stream illegal,Commercial,39,480,47,0.00,"Sitelinks, AI Overview, Reviews, Video, Video carousel, Related searches"
fußball live stream ru,Commercial,40,480,25,0.00,"Video, Related searches"
fußball livestream jetzt,Commercial,43,480,50,0.81,"Video, People also ask, Related searches, Ads top"
ip smarters pro apk,Commercial,35,480,37,0.00,"Reviews, Video, People also ask, Related searches"
iptv application android,"Informational, Transactional",48,480,37,0.00,"AI Overview, Reviews, Video, Video carousel, People also ask, Related searches"
iptv box sky,"Informational, Transactional",46,480,32,0.00,"AI Overview, Reviews, Video, Video carousel, People also ask, Related searches"
iptv line kaufen,Commercial,50,480,6,0.00,"Video, People also ask, Popular products"
iptv lines,"Informational, Commercial",48,480,7,0.00,"AI Overview, People also ask, Related searches"
iptv player win,"Informational, Commercial",51,480,27,0.00,"Sitelinks, AI Overview, Reviews, Video, Video carousel, Related searches"
iptv provider,"Informational, Commercial",59,480,34,0.00,"Sitelinks, AI Overview, Video, Video carousel, People also ask, Related searches"
iptv subscription,"Informational, Commercial",53,480,24,1.27,"Sitelinks, AI Overview, Video, Video carousel, People also ask, Related searches"
iptv test line,Commercial,43,480,1,0.00,Related searches
iptvgermany,Commercial,42,480,10,0.88,"Video, Related searches, Ads middle"
kostenlos rtl live schauen,Commercial,37,480,46,0.94,"AI Overview, Reviews, Video, People also ask, Related searches"
kostenlose live fussball,Commercial,42,480,54,0.60,"Video, Related searches, Ads bottom"
leichtathletik livestream heute ard,"Informational, Transactional",34,480,51,0.00,"Reviews, Video, People also ask, Related searches"
live canal tv,"Informational, Transactional",35,480,36,0.00,"Reviews, Video, People also ask, Related searches"
live fussball zdf,"Informational, Transactional",36,480,48,0.05,"Reviews, Video, Video carousel, Top stories, Related searches"
live fußball kostenlos,Commercial,41,480,57,0.60,"Video, Related searches"
live rtl gucken,"Navigational, Transactional",35,480,51,1.01,"Sitelinks, Reviews, Video, People also ask, Related searches"
live ru tv fußball,Transactional,40,480,54,0.83,"Video, Video carousel, Related searches"
live sx fussball,Commercial,40,480,36,1.70,Related searches
live tv football,Commercial,44,480,63,0.31,"Reviews, Video, Top stories, Related searches"
live.ru fussball,"Informational, Transactional",38,480,41,1.12,"Video, Related searches"
livetv übertragung,"Navigational, Transactional",40,480,20,1.47,"Reviews, Video, People also ask, Related searches"
online tv online free,Commercial,36,480,56,1.22,"AI Overview, Reviews, Video, Knowledge panel, Related searches, Ads bottom"
portugal vs spain live,Commercial,34,480,38,0.00,"Reviews, Instant answer, Image pack, Video, Video carousel, People also ask, Related searches"
rtl 2 live stream joyn,"Navigational, Transactional",38,480,56,0.69,"Reviews, Video, People also ask, Related searches"
rtl aktuell sendung verpasst,"Informational, Transactional",33,480,47,0.00,"Reviews, Video, People also ask, Related searches"
rtl free tv stream,"Navigational, Transactional",39,480,50,0.75,"Reviews, Video, People also ask, Related searches"
rtl kostenlos anschauen,Commercial,35,480,46,0.80,"Reviews, Video, People also ask, Related searches"
rtl live schauen kostenlos,"Navigational, Transactional",35,480,50,0.94,"Sitelinks, Reviews, Video, People also ask, Related searches, Ads bottom"
rtl live stream fußball,"Navigational, Transactional",40,480,43,0.91,"Reviews, Video, Related searches"
rtl live stream tv kostenlos,Commercial,38,480,46,0.00,"Reviews, Video, People also ask, Related searches"
rtl nitro livestream kostenlos,Commercial,38,480,26,0.00,"Sitelinks, Reviews, Video, People also ask, Related searches"
rtl plus preis,Transactional,35,480,50,0.70,"AI Overview, Reviews, Video, People also ask, Related searches, Ads bottom, Ads middle"
rtl plus stream kostenlos,"Navigational, Transactional",37,480,51,0.31,"AI Overview, Reviews, Video, People also ask, Related searches"
rtl plus website,"Navigational, Transactional",37,480,56,1.24,"Reviews, Video, People also ask, Related searches"
rtl stram,"Navigational, Transactional",33,480,64,0.77,"Sitelinks, Reviews, Video, People also ask, Related searches"
rtl tv live kostenlos,Commercial,37,480,50,0.90,"Reviews, Video, People also ask, Related searches"
rtlplus live stream kostenlos,"Navigational, Transactional",39,480,50,0.36,"Sitelinks, Video, People also ask, Related searches, Ads bottom"
sendung rtl verpasst,Transactional,30,480,47,0.27,"Reviews, Video, People also ask, Related searches"
sendungen rtl,"Informational, Transactional",32,480,52,0.97,"Reviews, Video, Video carousel, People also ask, Top stories, Related searches"
sky einzelspiel kaufen,Transactional,37,480,26,3.50,"Reviews, People also ask, Related searches"
sky livestream,"Navigational, Transactional",37,480,60,1.76,"Sitelinks, Video, People also ask, Related searches"
sky q box,"Informational, Transactional",37,480,33,1.36,"Reviews, People also ask, Related searches, Popular products"
sky sport premier league,"Navigational, Transactional",38,480,51,1.38,"Reviews, Video, People also ask, Related searches"
spanien vs frankreich live,Commercial,33,480,37,0.00,"Reviews, Instant answer, Video, People also ask, Related searches"
sport bei sky,Transactional,43,480,69,0.00,"Reviews, Video, People also ask, Knowledge panel, Related searches, Ads middle"
sport eins live,"Informational, Transactional",44,480,66,0.38,"Sitelinks, Reviews, Video, People also ask, Related searches"
sport live im tv,"Informational, Transactional",46,480,65,0.93,"Reviews, Video, Top stories, Related searches"
sport1 fernsehprogramm heute,"Informational, Transactional",40,480,32,0.00,"Video, People also ask, Related searches"
sportprogramm zdf morgen,"Informational, Transactional",35,480,46,0.00,"Reviews, People also ask, Related searches"
sportschau de handball,"Navigational, Transactional",32,480,47,0.00,"Video, Video carousel, Top stories, Related searches"
sportschau de livestream heute,"Navigational, Transactional",37,480,75,0.00,"Sitelinks, Reviews, Video, Video carousel, People also ask, Related searches"
sportschau live streaming,"Navigational, Transactional",43,480,82,0.00,"Reviews, Video, Related searches"
sportschau livestream heute handball,"Navigational, Transactional",35,480,62,0.00,"Video, Video carousel, People also ask"
sportschau livestream olympia,"Navigational, Transactional",47,480,58,0.00,"Sitelinks, Reviews, Video, Related searches"
sportschau programm heute,"Navigational, Transactional",35,480,49,0.00,"People also ask, Related searches"
sportschau tv heute,"Navigational, Transactional",38,480,46,0.00,"Video, Related searches"
sportschau zdf heute,"Informational, Transactional",35,480,53,0.00,"Video, People also ask, Related searches"
strong iptv,Commercial,51,480,1,0.00,Related searches
super rtl mediathek kostenlos ohne anmeldung,Transactional,33,480,26,0.00,"Reviews, Video, People also ask, Related searches"
telekom sky,Transactional,36,480,30,0.82,"People also ask, Related searches, Ads top"
telly stick,"Informational, Commercial",45,480,26,0.00,"Reviews, Video, People also ask, Related searches"
top 10 streaming-dienste,"Informational, Commercial",33,480,37,1.20,"AI Overview, Reviews, Video, People also ask, Related searches"
trl live,"Navigational, Transactional",34,480,64,0.47,"Reviews, Video, People also ask, Related searches"
tv app kostenlos ohne anmeldung,Transactional,37,480,37,0.47,"AI Overview, Reviews, Video, People also ask, Related searches"
tv gratis,Commercial,40,480,49,0.93,"Reviews, Video, Top stories, Related searches"
tv gucken,Commercial,38,480,70,1.29,"Video, People also ask, Related searches, Ads bottom"
tv internet schauen,"Informational, Commercial",42,480,50,1.50,"AI Overview, Reviews, Video, People also ask, Related searches, Ads top, Ads middle"
tv kostenlos ansehen,Commercial,37,480,38,0.54,"Reviews, Video, People also ask, Related searches"
tv live gratis,Commercial,42,480,57,0.52,"Reviews, Video, People also ask, Related searches"
tv online free,Commercial,36,480,50,0.88,"Reviews, Video, Related searches"
tv online free online tv,Commercial,36,480,50,1.22,"AI Overview, Reviews, Video, Related searches"
tv online gratis pro tv,Commercial,41,480,48,0.00,"Reviews, Related searches"
tv sport heute live,Commercial,42,480,50,0.50,"Video, Related searches"
tv sportschau heute,"Navigational, Transactional",41,480,46,0.00,"People also ask, Related searches"
tv streaming free,Commercial,39,480,43,0.89,"Reviews, Video, Top stories, Related searches"
tv streams,Commercial,45,480,70,2.15,"Video, People also ask, Top stories, Related searches"
voxup live stream kostenlos ohne anmeldung,"Navigational, Transactional",33,480,50,0.00,"Reviews, Related searches"
waipu tv alternativen,Commercial,37,480,21,0.61,"Sitelinks, AI Overview, Reviews, Video, People also ask, Related searches"
watchtivo,"Navigational, Transactional",44,480,5,0.64,"Reviews, People also ask, Related searches"
wdr live 3 liga,"Navigational, Transactional",38,480,46,1.13,"Reviews, Video, Video carousel, People also ask, Related searches"
welcher tv stick ist der beste,Commercial,37,480,31,0.49,"Featured snippet, Video, People also ask, Related searches"
wo wird heute bundesliga übertragen,"Informational, Commercial",39,480,47,1.12,"Featured snippet, Reviews, Video, People also ask, Related searches"
www rtl now de,"Navigational, Transactional",31,480,70,0.04,"Sitelinks, Reviews, Video, People also ask, Related searches"
zdf fussball live,"Informational, Transactional",35,480,51,0.27,"Reviews, Video, Video carousel, People also ask, Top stories, Related searches, Ads top"
zdf live sport heute,"Navigational, Transactional",37,480,53,0.00,"Reviews, Video, Top stories, Related searches"
zdf sportschau heute,Transactional,35,480,58,0.00,"Video, People also ask, Related searches"
zdf sportstudio live stream,"Navigational, Transactional",41,480,61,0.03,"Reviews, Video, Video carousel, People also ask"
2 bundesliga im free tv heute,"Informational, Commercial",38,390,26,0.49,"Reviews, Video, Related searches"
2 bundesliga im tv,Commercial,44,390,41,0.87,"Reviews, Video, People also ask, Related searches"
2 liga live tv,Commercial,42,390,24,0.84,"Video, People also ask, Related searches"
2. bundesliga sky,"Navigational, Transactional",36,390,44,1.74,"Reviews, Video, People also ask, Related searches"
adult iptv,Commercial,46,390,10,0.00,
and tv live streaming free,Commercial,38,390,49,0.95,"Reviews, Video, People also ask, Related searches"
android tv box test,Commercial,31,390,34,0.14,"Sitelinks, Reviews, Video, People also ask, Related searches"
app für fernsehen,"Informational, Commercial",40,390,48,1.55,"AI Overview, Reviews, Video, People also ask, Related searches"
best android tv box,Commercial,34,390,32,0.33,"Sitelinks, Video, People also ask, Related searches, Popular products"
best rated android tv box,Commercial,33,390,38,0.27,"Sitelinks, Video, Video carousel, People also ask, Related searches, Popular products"
beste android tv box,Commercial,38,390,24,0.27,"Sitelinks, Reviews, Video, Video carousel, People also ask, Related searches"
beste iptv,Commercial,54,390,18,0.00,"Sitelinks, AI Overview, Video, People also ask, Related searches"
beste streambox,Commercial,34,390,31,0.67,"Reviews, Video, People also ask, Related searches, Popular products, Ads middle"
beste streaming box,Commercial,38,390,19,0.67,"Reviews, Video, People also ask, Related searches, Popular products"
bester tv stick,Commercial,37,390,29,0.59,"Sitelinks, AI Overview, Reviews, Video, People also ask, Related searches"
bestes iptv,Commercial,57,390,32,0.00,"AI Overview, Video, People also ask, Related searches"
bundesliga gucken,Commercial,42,390,47,1.18,"Reviews, Video, Related searches, Ads bottom"
bundesliga kostenlos schauen,Commercial,40,390,30,0.69,"Sitelinks, Reviews, Video, Related searches"
bundesliga streams free,Commercial,43,390,42,0.92,"Sitelinks, Reviews, Video, Related searches"
dortmund live stream kostenlos heute,Commercial,36,390,24,0.80,"Sitelinks, Reviews, Video, People also ask, Related searches"
european super cup tv,Commercial,42,390,31,0.00,"Reviews, Video, People also ask, Related searches"
fernsehen app,"Informational, Commercial",39,390,51,1.56,"AI Overview, Reviews, Video, People also ask, Related searches, Ads bottom"
fernsehen kostenlos ohne anmeldung,"Navigational, Transactional",34,390,42,0.69,"Reviews, Video, People also ask, Related searches"
fernseher live,Commercial,43,390,73,0.79,"Reviews, Video, People also ask, Top stories, Related searches"
fernsehn rtl,"Informational, Commercial",34,390,62,0.80,"Video, People also ask, Top stories, Related searches"
free fußball live stream,Commercial,42,390,63,0.27,"Reviews, Video, People also ask, Top stories, Related searches"
free live sports,Commercial,42,390,72,2.02,"AI Overview, Reviews, Video, Related searches"
free television,"Informational, Commercial",37,390,52,0.74,"Reviews, Video, People also ask, Top stories, Related searches, Ads bottom"
fussball live gucken internet kostenlos,Commercial,43,390,50,0.81,"Reviews, Video, People also ask"
fussball live im tv ru,"Informational, Commercial",41,390,30,0.77,"Sitelinks, Reviews, People also ask, Related searches"
fussball live schauen,Commercial,40,390,71,0.72,"Reviews, Video, Top stories, Related searches"
fussball streaming,Commercial,45,390,57,1.10,"Video, Video carousel, People also ask, Top stories, Related searches"
fußball live gucken kostenlos,Commercial,40,390,59,0.58,"Reviews, Video, People also ask, Related searches"
fußball live stream rtl,"Navigational, Transactional",40,390,49,0.91,"Reviews, Video, People also ask, Related searches"
fußball livestream kostenlos,Commercial,41,390,53,0.62,"Sitelinks, Video, People also ask, Related searches"
fußball schauen live,Commercial,41,390,52,0.72,"Reviews, Video, People also ask, Related searches"
fußball stream live ru,"Informational, Commercial",41,390,49,0.00,"Sitelinks, Reviews, Video, People also ask, Related searches"
fußballspiele live stream,Commercial,44,390,70,0.64,"Video, Top stories, Related searches"
githubusercontent iptv,"Navigational, Transactional",39,390,44,0.00,"Video, Video carousel, Related searches"
gratis fußball gucken,Commercial,39,390,55,0.63,"Video, People also ask, Related searches"
gzsz live,Transactional,33,390,46,0.02,"Reviews, Video, People also ask, Related searches"
heute live sport,Commercial,41,390,69,1.11,"Video, People also ask, Related searches"
iptv anbieter alle sender,Commercial,51,390,19,0.00,"AI Overview, Video, People also ask, Related searches"
iptv anbieter forum,Commercial,44,390,11,0.00,"Sitelinks, People also ask, Related searches"
iptv app android,"Informational, Commercial",55,390,38,0.00,"AI Overview, Reviews, Video, People also ask, Related searches"
iptv cameras,"Informational, Transactional",47,390,57,0.83,"Reviews, Video, Video carousel, People also ask, Knowledge panel, Related searches, Popular products"
iptv lines kaufen,Commercial,50,390,10,0.00,"AI Overview, Video, People also ask, Related searches"
iptv premium,"Informational, Commercial",51,390,15,0.00,"AI Overview, Reviews, Video, Video carousel, People also ask, Related searches"
iptv smarter downloader,"Informational, Transactional",45,390,28,0.00,"Sitelinks, AI Overview, Reviews, Video, Video carousel, People also ask, Related searches"
kostenlos champions league stream,Commercial,36,390,30,0.65,"Sitelinks, Reviews, Video, Related searches"
kostenlos fernsehen ohne anmeldung,"Navigational, Transactional",34,390,35,0.41,"Reviews, Video, People also ask, Related searches, Ads middle"
kostenlos fussball gucken im internet live,Commercial,40,390,45,0.81,"Video, People also ask, Related searches"
kostenlos fussball live stream,Commercial,42,390,44,0.62,"Video, People also ask, Related searches"
kostenlos internet tv,"Informational, Commercial",42,390,52,0.64,"Reviews, Video, People also ask, Related searches"
kostenlos rtl schauen live,Commercial,36,390,44,0.94,"Reviews, Video, People also ask, Related searches"
kostenlos streamen tv,Commercial,37,390,41,0.57,"AI Overview, Reviews, Video, People also ask, Related searches"
kostenloser bundesliga live stream,Commercial,41,390,35,0.99,"Sitelinks, AI Overview, Reviews, Video, People also ask, Related searches"
kostenloser bundesliga stream,Commercial,39,390,46,0.70,"Reviews, Video, People also ask, Related searches"
leichtathletik live,"Informational, Transactional",34,390,50,0.00,"Video, Video carousel, People also ask, Related searches"
live 3 liga tv,Commercial,45,390,29,0.95,"Reviews, Video, Related searches"
live fussball im internet kostenlos gucken,Commercial,40,390,47,0.57,"Video, People also ask, Related searches"
live fußball gucken kostenlos im internet,Commercial,44,390,49,0.81,"Reviews, Video, Related searches, Ads bottom"
live stream tv free,Commercial,43,390,59,1.58,"Reviews, Video, People also ask, Related searches"
live tv kostenlos streamen,Commercial,42,390,54,0.95,"Reviews, Video, People also ask, Related searches, Ads bottom"
livesport ru deutsch,Commercial,41,390,42,2.06,"Video, People also ask, Related searches"
livesport tv,"Informational, Transactional",50,390,55,1.97,"Reviews, Video, Related searches"
livestream rtl kostenlos,Transactional,37,390,60,1.04,"Sitelinks, Reviews, Video, People also ask, Related searches"
livestream sport1,"Navigational, Transactional",46,390,83,0.38,"Sitelinks, Reviews, Video, People also ask, Related searches"
livetb,Commercial,37,390,68,1.26,"Reviews, Video, Top stories, Related searches"
livetv stream free,"Navigational, Transactional",39,390,39,0.49,"Reviews, Video, Related searches"
mega sport telekom,"Navigational, Transactional",39,390,30,2.45,"Reviews, Video, People also ask, Related searches"
megasport telekom,"Navigational, Transactional",39,390,35,0.79,"Video, People also ask, Related searches"
my siptv eu,"Informational, Transactional",42,390,29,1.02,"AI Overview, Reviews, Video, People also ask, Related searches"
nations league live stream,Commercial,37,390,30,0.00,"Reviews, Video, Related searches"
onsball live streaming,Commercial,38,390,53,0.00,"Reviews, Video, People also ask, Related searches"
ottrun,"Informational, Transactional",28,390,22,1.14,"AI Overview, Reviews, Image, People also ask, Related searches"
player iptv windows,"Informational, Commercial",43,390,21,0.00,"Sitelinks, AI Overview, Reviews, Video, Video carousel, Related searches"
prosieben live-stream kostenlos ohne anmeldung joyn,"Navigational, Transactional",31,390,49,0.27,"AI Overview, Reviews, People also ask, Related searches"
recommended android tv box,"Informational, Commercial",32,390,27,0.33,"Sitelinks, Reviews, Video, Video carousel, People also ask, Related searches, Popular products"
rtl 2 kostenlos streamen,Commercial,37,390,31,1.27,"Reviews, Video, People also ask, Related searches"
rtl 2 stream kostenlos,Transactional,37,390,26,1.39,"Reviews, Video, People also ask, Related searches"
rtl 2ix2,"Navigational, Transactional",33,390,22,0.00,"Sitelinks, Reviews, People also ask, Related searches"
rtl aktuell heute 18 45 uhr verpasst,"Informational, Transactional",33,390,40,0.00,"Video, People also ask, Related searches"
rtl aktuell kostenlos ansehen,"Informational, Transactional",36,390,43,0.00,"Reviews, Video, People also ask, Knowledge panel, Related searches"
rtl deutschland live,"Navigational, Transactional",37,390,51,0.57,"Reviews, Video, People also ask, Related searches"
rtl fernsehn live,"Navigational, Transactional",36,390,54,0.65,"Reviews, Video, People also ask, Related searches"
rtl fussball live,"Informational, Transactional",43,390,50,0.72,"Reviews, Video, People also ask, Related searches"
rtl jetzt live stream,"Navigational, Transactional",35,390,64,0.62,"Reviews, Video, People also ask, Related searches"
rtl kostenlos ansehen,Transactional,36,390,50,0.80,"Sitelinks, Reviews, Video, Video carousel, People also ask, Related searches"
rtl live anschauen,Commercial,38,390,46,0.76,"Reviews, Video, People also ask, Related searches, Ads bottom"
rtl live streamen kostenlos,Transactional,38,390,48,1.07,"Reviews, Video, People also ask, Related searches"
rtl livestream fußball,"Informational, Transactional",40,390,50,0.91,"Reviews, Video, People also ask, Related searches"
rtl livestrem,Transactional,34,390,52,0.63,"Reviews, Video, People also ask, Related searches"
rtl mediatek,"Informational, Transactional",32,390,52,0.14,"Reviews, Video, People also ask, Related searches"
rtl plus fußball heute,"Navigational, Transactional",38,390,37,0.80,"Reviews, Video, Related searches"
rtl plus sport,"Navigational, Transactional",42,390,31,1.39,"Reviews, Video, People also ask, Related searches, Ads middle"
rtl programm jetzt live,"Navigational, Transactional",43,390,75,0.54,"Sitelinks, Video, People also ask, Related searches, Ads bottom"
rtl s,"Navigational, Transactional",30,390,85,0.00,"Sitelinks, Reviews, Video, Related searches"
rtl-aktuell online ansehen,"Informational, Transactional",36,390,41,0.00,"Reviews, Video, People also ask, Knowledge panel, Related searches"
rtl2 live kostenlos,Transactional,37,390,30,1.09,"Reviews, Video, People also ask, Related searches"
rtl2 live stream kostenlose,Commercial,39,390,28,0.00,"Reviews, Video, People also ask, Related searches"
rtlive,"Informational, Transactional",43,390,26,1.92,"Video, People also ask"
sky angebote black friday,Transactional,30,390,42,0.00,"Reviews, Video, People also ask, Related searches"
sky bundesliga rechte,"Informational, Transactional",35,390,40,1.65,"Reviews, People also ask, Related searches"
sky kommentatoren heute 1. bundesliga,"Informational, Transactional",33,390,36,0.00,"People also ask, Related searches"
sky programm heute bundesliga,"Navigational, Transactional",34,390,33,0.00,"Reviews, Video, Related searches"
sky studentenrabatt,Transactional,34,390,37,1.72,"People also ask, Related searches"
sport 365 live,Commercial,41,390,30,1.03,"Video, People also ask, Related searches"
sport im fernsehen,Commercial,43,390,53,0.73,"Reviews, Video, People also ask, Related searches"
sport livestream fussball,Commercial,47,390,68,0.91,"Reviews, Video, Related searches"
sport morgen,Commercial,37,390,38,1.07,"Video, People also ask, Related searches"
sport videos,"Informational, Transactional",38,390,37,1.70,"AI Overview, Video, Short videos, People also ask, Related searches"
sport1 fußball live,"Navigational, Transactional",45,390,75,0.52,"Sitelinks, Reviews, Video, Top stories, Related searches"
sportdigital programm heute,"Navigational, Transactional",38,390,18,0.00,"Video, Related searches"
sportpluslive,"Navigational, Transactional",45,390,12,1.37,"Reviews, Video, People also ask, Related searches"
sportschau handball heute,"Navigational, Transactional",35,390,57,0.00,"Video carousel, People also ask, Related searches"
sportschau zdf live,"Navigational, Transactional",37,390,66,0.01,"Reviews, Video, Related searches"
stream hd,Commercial,40,390,19,1.18,"Reviews, People also ask, Related searches"
stream live kostenlos,Commercial,41,390,77,1.47,"Sitelinks, Reviews, Video, Related searches"
stream sportschau,"Informational, Transactional",43,390,78,1.40,"Reviews, Video, People also ask, Related searches"
streaming box test,Commercial,33,390,24,0.39,"Sitelinks, Reviews, Video, Related searches, Ads middle"
streaming rtl2,Commercial,39,390,35,0.75,"Sitelinks, Reviews, Video, People also ask, Related searches"
super rtl live kostenlos,Transactional,37,390,34,0.00,"Reviews, Video, People also ask"
telekom megasport,"Navigational, Transactional",38,390,39,1.03,"Reviews, Video, People also ask, Related searches"
telekom wow,"Navigational, Transactional",32,390,30,1.64,"Reviews, People also ask, Related searches"
test android box tv,"Informational, Commercial",33,390,30,0.14,"Reviews, Video, Video carousel, People also ask, Related searches, Popular products"
test tv box android,Commercial,31,390,30,0.14,"Reviews, Video, Video carousel, People also ask, Related searches, Popular products"
top rated android tv box,"Informational, Commercial",34,390,26,0.33,"Sitelinks, Reviews, Video, Video carousel, People also ask, Related searches, Popular products"
tv android box test,"Informational, Commercial",31,390,30,0.14,"Sitelinks, Reviews, Video, Video carousel, People also ask, Related searches, Popular products"
tv deutsche,Commercial,38,390,62,0.82,"Reviews, Video, Related searches, Ads bottom"
tv live tv free,Commercial,36,390,53,1.26,"AI Overview, Reviews, Video, People also ask, Related searches"
tv rtl jetzt,Commercial,33,390,51,0.52,"Video, People also ask, Related searches"
tv stick test,Commercial,31,390,39,0.50,"Sitelinks, Reviews, Video, People also ask, Related searches"
tv stream kostenlos ohne anmeldung,"Navigational, Transactional",34,390,54,0.00,"Sitelinks, Reviews, Video, People also ask, Related searches"
tv streaming vergleich,Commercial,42,390,40,2.03,"Sitelinks, Reviews, Video, People also ask, Related searches, Ads middle"
tvstream,Commercial,41,390,50,2.15,"AI Overview, Reviews, Video, People also ask, Related searches"
tvzafree,Commercial,31,390,58,0.00,"Reviews, Video, Video carousel, People also ask, Related searches"
umsonst tv,Commercial,35,390,49,1.25,"Reviews, Video, People also ask, Related searches"
union berlin heute live stream kostenlos,Commercial,31,390,31,0.83,"Reviews, Video, People also ask, Related searches"
waipu alternative,Commercial,28,390,23,0.78,"Sitelinks, AI Overview, Reviews, Video, People also ask, Related searches"
waipu tv türkisch,Transactional,34,390,21,0.12,"Reviews, Video, People also ask, Related searches, Ads top, Ads bottom"
was ist eine set top box,"Informational, Commercial",37,390,15,0.91,"AI Overview, Reviews, Video, People also ask, Related searches"
was kostet rtl +,"Informational, Commercial",35,390,45,0.99,"AI Overview, Reviews, Video, People also ask, Related searches, Ads top, Ads middle"
wdr 3 liga live,"Navigational, Transactional",35,390,41,1.13,"Reviews, Video, Related searches"
welche streaming dienst ist der beste,Commercial,37,390,38,1.56,"Sitelinks, AI Overview, Reviews, Video, Video carousel, People also ask, Related searches"
wo läuft deutschland,Commercial,28,390,49,0.00,"Reviews, Video, People also ask, Top stories"
wow programm heute,Commercial,27,390,30,0.58,"AI Overview, Reviews, Video, People also ask, Related searches"
wow telekom,"Navigational, Transactional",32,390,30,1.77,"Reviews, People also ask, Related searches"
wow tv sport,Commercial,43,390,43,1.33,"Reviews, Video, People also ask, Related searches, Ads top, Ads bottom"
youtube sports,"Navigational, Transactional",37,390,63,0.88,"Video, Video carousel, People also ask, Related searches"
zdf live sportschau,"Navigational, Transactional",37,390,73,0.01,"Reviews, Video, People also ask, Related searches, Ads top"
zdf programm morgen sport,"Informational, Transactional",36,390,44,0.00,"Video, People also ask, Knowledge panel, Related searches"
zdf relive,"Navigational, Transactional",34,390,57,0.01,"Sitelinks, Reviews, Video, People also ask, Top stories, Related searches"
zdf sport live stream heute,"Informational, Transactional",37,390,53,0.01,"Reviews, Video, Video carousel, People also ask, Top stories, Related searches"
zdf sports live,"Informational, Transactional",41,390,59,0.00,"Video, Related searches"
1 1 tv,Transactional,37,320,38,0.97,"Reviews, People also ask, Related searches"
1 1tv,Transactional,35,320,35,0.97,"Reviews, Video, People also ask, Related searches"
1&1 tv box kaufen,Transactional,41,320,30,0.73,"Reviews, Video, People also ask, Related searches"
2 liga live im tv,Commercial,45,320,23,0.61,"Reviews, Video, Related searches"
2ix2 rtl live,"Navigational, Transactional",35,320,24,0.00,"Sitelinks, Reviews, Video, People also ask, Related searches"
4k stick,Commercial,39,320,30,0.61,"Sitelinks, Reviews, Video, Video carousel, People also ask, Related searches, Popular products"
8k iptv,Commercial,46,320,6,1.02,"Reviews, Image pack, Video, People also ask, Related searches"
8k players,"Informational, Transactional",45,320,30,0.00,"Sitelinks, Reviews, Video, Video carousel, People also ask, Related searches, Popular products"
app fernsehprogramm,"Informational, Commercial",35,320,45,0.77,"Reviews, Video, People also ask, Related searches, Ads bottom"
ard sportschau stream,"Informational, Transactional",37,320,74,0.00,"Reviews, Video, Related searches"
ard stream sportschau,"Informational, Transactional",38,320,74,0.00,"Reviews, Video, Related searches"
best player iptv,Commercial,51,320,36,0.00,"Sitelinks, AI Overview, Reviews, Video, People also ask, Related searches"
best tv box for android,Commercial,34,320,36,0.18,"Sitelinks, Video, Video carousel, People also ask, Related searches, Popular products"
best tv for android box,Commercial,37,320,36,0.33,"Sitelinks, Video, Video carousel, People also ask, Related searches, Popular products"
best tv stick,Commercial,32,320,35,0.59,"Sitelinks, AI Overview, Reviews, Image, Video, Video carousel, People also ask, Related searches"
beste iptv anbieter,Commercial,55,320,25,0.00,"Sitelinks, AI Overview, Image, Video, Video carousel, People also ask, Related searches"
beste iptv app,Commercial,50,320,25,0.00,"AI Overview, Reviews, Video, People also ask, Related searches"
beste m3u liste,Commercial,38,320,18,0.70,"Sitelinks, AI Overview, Reviews, Video, People also ask, Related searches"
bester iptv,Commercial,50,320,21,0.00,"AI Overview, Video, People also ask, Related searches"
bestiptv,Commercial,50,320,33,1.12,"Video, People also ask, Related searches, Ads top, Ads middle"
black friday sky,"Informational, Transactional",42,320,35,0.00,"Reviews, Video, People also ask, Related searches"
bundesliga live streaming free,Commercial,38,320,47,2.39,"Reviews, Video, People also ask, Related searches"
bundesliga livestreams,Commercial,41,320,46,0.87,"Sitelinks, Reviews, Video, Related searches"
bundesliga stream ru,Commercial,36,320,32,0.00,Related searches
bvb livestream,Transactional,37,320,38,0.74,"Reviews, Video, Related searches"
canal live tv,"Informational, Transactional",35,320,37,0.68,"Reviews, Video, People also ask, Related searches"
dart live stream heute,Transactional,36,320,45,0.28,"Reviews, Video, People also ask, Related searches"
dazn livestream free,"Navigational, Transactional",31,320,68,0.63,"Reviews, Video, People also ask, Related searches"
dfb live tv,"Informational, Transactional",35,320,54,0.99,"Video, People also ask, Top stories, Related searches"
fernseh streamen,Commercial,40,320,62,1.60,"Reviews, Video, People also ask, Related searches, Ads middle"
fernsehn anbieter,"Informational, Commercial",42,320,61,2.32,"AI Overview, Reviews, Video, People also ask, Related searches, Ads top, Ads middle"
fernsehn kostenlos anschauen,Commercial,35,320,49,0.67,"Video, Related searches, Ads top, Ads middle"
filme auf rtl plus,Transactional,30,320,38,0.11,"Reviews, Video, People also ask, Related searches, Ads top"
forum iptv,"Informational, Transactional",42,320,10,0.00,People also ask
free live television,Commercial,38,320,53,1.31,"Reviews, Video, Video carousel, People also ask, Related searches, Ads bottom"
free live tv,Commercial,41,320,58,1.31,"Reviews, Video, Top stories, Related searches"
free stream tv,Commercial,41,320,40,0.86,"Reviews, Video, People also ask, Related searches"
free tv internet,Commercial,41,320,61,1.22,"AI Overview, Reviews, Video, People also ask, Related searches"
free tv stream online kostenlos fernsehen,Commercial,34,320,45,0.00,"Reviews, Video, People also ask, Related searches"
free tv streamen,Commercial,39,320,62,0.00,"AI Overview, Reviews, Video, People also ask, Top stories, Related searches, Ads bottom"
freies fernsehen,Commercial,40,320,44,0.53,"Reviews, Video, People also ask, Related searches, Ads top, Ads bottom"
fussball heute ard,"Informational, Transactional",32,320,62,0.00,"Video, People also ask, Top stories, Related searches"
fussball stream live,Commercial,43,320,54,0.96,"Reviews, Video, People also ask, Related searches"
fußball auf sky,"Navigational, Transactional",42,320,52,0.84,"Sitelinks, Reviews, Video, Related searches"
fußball kostenlos live,Commercial,41,320,50,0.60,"Video, Related searches"
fußball live stream online,Commercial,40,320,65,0.00,"Video, Related searches"
german internet tv,Commercial,42,320,43,0.64,"Sitelinks, AI Overview, Reviews, Video, People also ask, Related searches, Ads middle"
good android tv box,"Informational, Commercial",36,320,32,0.33,"Featured snippet, Sitelinks, Video, Video carousel, People also ask, Related searches, Popular products"
günstig tv und internet,Commercial,41,320,50,1.43,"Featured snippet, Reviews, Video, People also ask, Related searches"
handball live stream kostenlos heute zdf,"Informational, Transactional",38,320,55,0.00,"Reviews, Video, People also ask, Related searches"
handball stream live,Commercial,39,320,57,0.34,"Video, Related searches"
handytv,"Navigational, Commercial",44,320,25,0.49,"Sitelinks, Reviews, Video, People also ask, Related searches, Ads top, Ads middle"
internet and tv,Commercial,41,320,34,2.20,"AI Overview, Reviews, Video, People also ask, Related searches, Ads top, Ads middle"
internet tv anbieter vergleich,Commercial,44,320,40,1.58,"Sitelinks, AI Overview, Reviews, Video, People also ask, Related searches, Ads top, Ads bottom"
internetfernsehen kostenlos,"Informational, Commercial",38,320,44,0.58,"AI Overview, Reviews, Video, People also ask, Related searches, Ads bottom, Ads middle"
iptv for smart,"Informational, Transactional",58,320,27,1.22,"AI Overview, Reviews, Video, Video carousel, Related searches"
iptv for windows,Commercial,51,320,41,0.00,"Video, Video carousel, People also ask, Related searches"
iptv free terial,"Informational, Commercial",51,320,8,0.00,"Sitelinks, Video, Video carousel, People also ask, Related searches"
iptv m3u playlist,Commercial,45,320,27,0.00,"AI Overview, Video, Video carousel, People also ask, Related searches"
iptv smarters apk,Commercial,45,320,35,0.00,"Reviews, Video, People also ask, Related searches"
iptv-anbieter vergleich,Commercial,51,320,38,0.00,"Sitelinks, AI Overview, Video, People also ask, Related searches"
kabel 1 kostenlos streamen,Commercial,40,320,30,0.57,"Sitelinks, People also ask, Related searches"
kostenlos fernseh gucken,Commercial,36,320,39,0.72,"AI Overview, Reviews, Video, People also ask, Related searches"
kostenlos live fußball gucken,Commercial,43,320,47,0.58,"Video, Related searches"
kostenlos live stream fernsehen,Commercial,40,320,57,0.90,"Reviews, Image, Video, People also ask, Top stories, Related searches"
kostenlos tv ansehen,Commercial,36,320,43,0.48,"Reviews, Video, People also ask, Related searches"
kostenlos tv sehen,Commercial,37,320,41,0.41,"Reviews, Video, People also ask, Related searches"
kostenlose streamen,Commercial,33,320,45,0.77,"Reviews, Video, People also ask, Related searches"
live deutschland gegen frankreich,"Informational, Commercial",33,320,37,0.00,"Reviews, Instant answer, Video, People also ask, Top stories, Related searches"
live fußball gucken im internet kostenlos,Commercial,41,320,54,0.81,"Reviews, Video, Related searches, Ads bottom"
live fußball gucken kostenlos,Commercial,40,320,50,0.58,"Video, Related searches"
live kostenlos fußball gucken,"Informational, Commercial",40,320,56,0.58,"Reviews, Video, Related searches"
live rtl schauen kostenlos,Commercial,37,320,38,0.99,"AI Overview, Reviews, Video, People also ask, Related searches, Ads top, Ads bottom"
live sport im tv,"Informational, Transactional",50,320,61,0.88,"Reviews, Video, Related searches"
live stream fussball,Commercial,41,320,69,0.76,"Reviews, Video, People also ask, Related searches"
live stream kostenlos ohne anmeldung,"Navigational, Transactional",36,320,59,0.41,"Sitelinks, Reviews, Video, Related searches"
live streams fussball,Commercial,41,320,62,0.51,"Reviews, Video, Related searches"
live streams tv,Commercial,41,320,72,1.35,"Reviews, Video, Top stories, Related searches"
live sx sports,"Informational, Transactional",38,320,36,1.34,"Video, People also ask, Related searches"
live tv ohne anmeldung,"Navigational, Transactional",37,320,45,1.00,"Sitelinks, Video, People also ask, Related searches"
livestream free,Commercial,37,320,75,0.64,"Reviews, Video, Top stories"
livestream relegation,Commercial,38,320,22,0.00,"Reviews, Video, Video carousel, People also ask, Related searches"
livestream rtl 2,Commercial,38,320,41,1.02,"Reviews, Video, Related searches"
livestream sport fussball,Commercial,44,320,68,0.91,"Reviews, Video, People also ask, Top stories, Related searches, Ads top, Ads bottom"
livetv mobile,"Navigational, Transactional",39,320,20,1.06,"Reviews, Video, People also ask, Related searches"
livrtv,"Informational, Commercial",40,320,78,1.31,"Reviews, Video, People also ask, Top stories, Related searches"
m3u listen,Commercial,38,320,29,0.82,"Reviews, Video, People also ask, Related searches"
m3u playlist github,"Navigational, Transactional",37,320,54,0.78,"People also ask, Related searches"
magenta dazn angebot,Transactional,43,320,31,1.58,"Reviews, Video, People also ask, Related searches, Ads top"
magentasport buchen,Transactional,35,320,36,1.91,"Reviews, Video, People also ask, Related searches, Ads top"
nations league finale stream,Commercial,37,320,27,0.00,"Reviews, Video, Related searches"
nydus tv rtl,"Navigational, Transactional",34,320,29,0.66,"Sitelinks, Reviews, Related searches"
online fernsehen anbieter,Commercial,43,320,37,2.76,"AI Overview, Reviews, Video, People also ask, Related searches, Ads top, Ads bottom"
online tv 2,Commercial,41,320,25,1.03,"Reviews, Video, Video carousel, Related searches"
online tv anbieter,"Informational, Commercial",45,320,37,2.82,"AI Overview, Reviews, Video, People also ask, Related searches"
program tv online live,Commercial,36,320,62,1.42,"Video, Related searches"
reddit iptv,"Navigational, Transactional",42,320,36,0.00,"Video, People also ask, Related searches"
rtl + mediathek,"Informational, Transactional",35,320,73,0.19,"Reviews, Video, People also ask, Related searches"
rtl aktuell live stream kostenlos,"Navigational, Transactional",37,320,57,0.44,"Video, People also ask, Related searches"
rtl aktuell stream,"Informational, Transactional",37,320,47,0.00,"Reviews, Video, People also ask, Knowledge panel, Related searches"
rtl fußball live stream kostenlos,"Navigational, Transactional",42,320,50,0.80,"Sitelinks, Reviews, Image, Video, People also ask, Related searches"
rtl gestern,"Informational, Transactional",31,320,61,0.00,"Sitelinks, Video, People also ask, Related searches"
rtl ive,"Navigational, Transactional",36,320,70,0.47,"Reviews, Video, People also ask, Top stories, Related searches"
rtl jetzt im tv,Commercial,33,320,44,0.00,"Video, People also ask, Related searches"
rtl kostenlos online,Commercial,35,320,51,1.13,"Reviews, Video, People also ask, Related searches"
rtl live deutschland,"Navigational, Transactional",37,320,58,0.62,"Reviews, Video, People also ask, Related searches"
rtl live kostenlos ohne anmelden,"Navigational, Transactional",34,320,57,0.87,"Reviews, Video, Related searches"
rtl live kostenlos streamen,Commercial,38,320,51,1.06,"Sitelinks, Reviews, Video, People also ask, Related searches, Ads middle"
rtl live stream hd,"Navigational, Transactional",42,320,43,1.08,"Sitelinks, Reviews, Video, People also ask, Related searches"
rtl mediathek heute,Transactional,33,320,71,0.13,"People also ask, Related searches"
rtl online schauen kostenlos,Commercial,35,320,55,1.08,"Sitelinks, AI Overview, Reviews, Video, People also ask, Related searches"
rtl plus heute,"Navigational, Transactional",34,320,59,0.23,"Sitelinks, Reviews, Video, People also ask, Related searches"
rtl plus.com/buchen,"Navigational, Transactional",33,320,42,1.42,"Reviews, Video, People also ask, Ads top, Ads middle"
rtl programm gestern anschauen,"Informational, Transactional",31,320,38,0.46,"Reviews, Video, People also ask, Related searches"
rtl stream live online,Commercial,38,320,38,0.70,"AI Overview, Video, People also ask, Related searches, Ads middle"
rtl strem,"Navigational, Transactional",34,320,54,0.81,"Reviews, Video, People also ask, Top stories, Related searches, Ads top, Ads bottom"
rtl up kostenlos live,Transactional,43,320,32,0.69,"Reviews, Video, People also ask, Related searches"
rtl up live stream,"Navigational, Transactional",38,320,42,0.65,"Sitelinks, Reviews, Video, People also ask, Related searches"
rtl up stream,"Navigational, Transactional",39,320,50,0.87,"Reviews, Video, People also ask, Related searches"
rtl2 gucken kostenlos,Commercial,37,320,30,1.35,"Reviews, Video, People also ask, Related searches"
rtl2 live tv,Commercial,39,320,48,0.70,"AI Overview, Reviews, Video, People also ask, Related searches"
rtlmediathek,Commercial,34,320,52,0.19,"Reviews, Video, People also ask, Related searches, Ads top, Ads bottom"
rtlplus.com/buchen,"Navigational, Transactional",35,320,36,1.90,"Reviews, Video, People also ask, Ads top, Ads bottom"
rtltv,Transactional,35,320,71,0.44,"Reviews, Video, People also ask, Knowledge panel, Related searches, Ads middle"
schalke live-stream kostenlos,Commercial,38,320,21,0.63,"Reviews, Video, Video carousel, Related searches"
skispringen ard live,"Informational, Transactional",33,320,47,0.00,"Reviews, Video, Video carousel, People also ask, Related searches"
sky angebote neukunden media markt,"Informational, Commercial",34,320,29,0.00,"AI Overview, Reviews, Video, People also ask, Related searches"
sky bundesliga konferenz heute,"Informational, Transactional",35,320,32,0.00,"Video, Related searches"
sky fußball live heute,"Navigational, Transactional",40,320,51,0.00,"Sitelinks, Reviews, Video, Related searches"
sky komplettpaket,"Informational, Transactional",35,320,35,1.66,"Reviews, Image, Video, People also ask, Related searches"
sky programm bundesliga heute,"Informational, Transactional",34,320,32,0.00,"Reviews, People also ask, Related searches"
sky programm heute fußball,"Navigational, Transactional",36,320,27,0.00,"Reviews, Video, People also ask, Related searches"
sky q sky,Commercial,43,320,22,2.08,"AI Overview, Video, People also ask, Related searches, Ads top, Ads bottom"
sky sport sports,Commercial,42,320,88,3.06,"Video, People also ask, Related searches"
skyq receiver,"Informational, Transactional",43,320,23,2.12,"Reviews, Video, Video carousel, People also ask, Related searches, Popular products"
sport 1 live tv,"Navigational, Transactional",44,320,59,0.36,"Video, Video carousel, Related searches"
sport stream free,Commercial,45,320,65,0.00,"Video, Related searches"
sport1 streamen,"Navigational, Transactional",47,320,68,0.33,"Reviews, Video, People also ask, Related searches"
sportevents heute,Commercial,37,320,41,0.00,"Video, People also ask, Related searches"
sportschau de stream,"Informational, Transactional",42,320,68,0.00,"Video, People also ask, Related searches"
sportschau live zdf,"Informational, Transactional",37,320,70,0.01,"Reviews, Video, Top stories, Related searches"
sportschau olympia livestream,"Navigational, Transactional",47,320,61,0.00,"Video, Related searches"
sportstudio de live,"Informational, Transactional",38,320,46,0.02,"Image, Video, Video carousel, People also ask, Related searches"
stick tv android,Commercial,42,320,24,0.50,"Sitelinks, Reviews, Video, Video carousel, People also ask, Related searches, Popular products"
stream fussball live,Commercial,41,320,59,0.96,"Reviews, Video, Related searches"
streaming anbieter vergleich,Commercial,40,320,36,1.84,"AI Overview, Reviews, Video, People also ask, Related searches"
streaming bundles,Commercial,38,320,36,1.68,"AI Overview, Reviews, Video, People also ask, Related searches, Ads top, Ads middle"
super rtl livestream joyn,Transactional,35,320,56,0.57,"Reviews, Video, People also ask, Related searches"
telekom sport paket,"Navigational, Transactional",40,320,54,1.30,"Reviews, Video, People also ask, Related searches"
top box,"Informational, Commercial",34,320,13,0.00,"Reviews, Video, People also ask, Related searches, Popular products"
tv app live,Commercial,38,320,42,1.53,"AI Overview, Reviews, Video, People also ask, Related searches"
tv box alle sender kostenlos,Commercial,40,320,41,0.73,"Reviews, Video, People also ask, Related searches, Popular products"
tv box test,Commercial,31,320,36,0.32,"Sitelinks, Reviews, Video, Video carousel, People also ask, Related searches, Ads bottom"
tv im internet schauen,Commercial,42,320,53,1.50,"AI Overview, Reviews, Video, People also ask, Related searches, Ads top, Ads bottom"
tv internet vergleich,Commercial,43,320,39,1.74,"Sitelinks, Reviews, Video, People also ask, Related searches"
tv kostenlos anschauen,Commercial,39,320,56,0.48,"Reviews, Video, People also ask, Related searches"
tv kostenlos sehen,Commercial,37,320,46,0.45,"Reviews, Video, People also ask, Related searches"
tv live bundesliga,Commercial,45,320,60,1.48,"Reviews, Video, Related searches"
tv live streamen,Commercial,45,320,59,0.77,"Reviews, Video, Top stories, Related searches, Ads middle"
tv programm sportdigital,"Navigational, Transactional",44,320,22,0.81,"People also ask, Related searches"
türkische sender,"Informational, Commercial",38,320,21,2.77,"AI Overview, Reviews, Image, Video, People also ask, Related searches"
union berlin heute live-stream kostenlos,"Informational, Commercial",33,320,30,0.83,"Reviews, Video, People also ask, Related searches"
up iptv,Commercial,51,320,3,1.62,"People also ask, Related searches"
vergleich internet tv,Commercial,43,320,39,1.77,"Sitelinks, Reviews, Video, People also ask, Related searches, Ads top, Ads bottom"
vergleich tv anbieter,Commercial,41,320,34,1.36,"Sitelinks, Reviews, Video, People also ask, Related searches"
vox live 2ix2,"Navigational, Transactional",30,320,33,0.00,"Sitelinks, Reviews, People also ask, Related searches"
wintersport ard heute,"Informational, Transactional",32,320,46,0.00,"Reviews, Video, Video carousel, People also ask, Related searches"
wo läuft bundesliga,"Informational, Commercial",38,320,42,1.65,"Featured snippet, Reviews, Video, Related searches"
www rtl de live,"Navigational, Transactional",36,320,76,0.25,"Reviews, Video, People also ask, Related searches, Ads bottom"
über internet tv schauen,"Informational, Commercial",41,320,43,1.57,"AI Overview, Reviews, Video, People also ask, Related searches, Ads top, Ads bottom"
übertragung 2. bundesliga,Commercial,41,320,32,0.85,"Reviews, Video, Related searches"
übertragung schalke,Commercial,37,320,38,0.93,"Reviews, Video, People also ask, Related searches"
übertragungsrechte bundesliga,Commercial,35,320,38,1.77,"Reviews, Video, People also ask, Related searches"
2. bundesliga im tv,Commercial,41,260,39,0.87,"Reviews, Video, Related searches, Ads middle"
2. bundesliga streamen,Commercial,43,260,35,0.92,"Reviews, Video, Related searches"
3 liga stream,Commercial,42,260,29,0.81,"Reviews, Video, People also ask, Related searches"
alternative kabelfernsehen,Commercial,38,260,15,1.04,"Sitelinks, AI Overview, Reviews, Video, Video carousel, People also ask, Related searches, Ads bottom, Ads middle"
alternative zu chromecast,Commercial,31,260,17,0.47,"Sitelinks, AI Overview, Reviews, Video, Video carousel, People also ask, Related searches, Ads middle"
android box tv test,Commercial,31,260,30,0.14,"Sitelinks, Reviews, Video, Video carousel, People also ask, Related searches, Popular products"
android tv box testsieger,Commercial,35,260,34,0.14,"Sitelinks, Video, People also ask, Related searches, Popular products"
android tv stick 4k,"Informational, Commercial",37,260,26,0.38,"Sitelinks, Reviews, Image pack, Video, Video carousel, People also ask, Related searches, Popular products"
app iptv android,"Informational, Commercial",50,260,31,0.00,"Sitelinks, AI Overview, Reviews, Video, Video carousel, People also ask, Related searches"
apple tv alternative,Commercial,36,260,18,0.41,"AI Overview, Video, Video carousel, People also ask, Related searches"
ard de sportschau live stream,Transactional,40,260,73,0.00,"Video, Related searches, Ads top, Ads bottom"
ard live fußball stream,"Informational, Transactional",40,260,71,0.00,"Reviews, Video, People also ask, Top stories, Related searches"
ard sportschau live ticker,"Navigational, Transactional",37,260,61,0.00,"Sitelinks, Video, People also ask, Related searches"
ard sportschau livestreams,"Navigational, Transactional",41,260,68,0.00,"Reviews, Video, Related searches"
basketball streams,Commercial,36,260,34,1.12,"Reviews, Video, Related searches, Ads bottom"
bayern gegen leverkusen live stream kostenlos,Commercial,33,260,29,0.00,"Reviews, Video, Related searches"
box android iptv,"Informational, Commercial",44,260,16,0.00,"Reviews, Video, People also ask, Related searches, Popular products"
bundesliga einzelspiel kaufen,Transactional,34,260,24,0.68,"Sitelinks, Reviews, Video, People also ask, Related searches"
bundesliga freitagsspiele übertragung,Commercial,35,260,20,0.74,"Reviews, Video, Related searches"
bundesliga heute fernsehen,"Informational, Commercial",37,260,35,0.99,"Video, Related searches"
bundesliga heute stream,Commercial,41,260,38,0.78,"Sitelinks, Reviews, Video, Related searches"
bundesliga highlights heute,Commercial,34,260,41,0.38,"Video, People also ask, Related searches"
bundesliga iptv,Commercial,55,260,19,0.00,"Sitelinks, Reviews, Video, Related searches"
bundesliga live-stream kostenlos ausland,Commercial,45,260,29,0.97,"Sitelinks, Reviews, Video, Related searches"
dazn premier league,"Navigational, Transactional",37,260,64,0.00,"Reviews, Video, Related searches"
dazn spiele heute,"Navigational, Transactional",30,260,52,0.00,"Reviews, Video, Related searches"
deutsch tv live,Commercial,40,260,59,0.61,"Reviews, Video, Related searches"
deutschland dänemark livestream kostenlos,"Informational, Commercial",34,260,34,0.00,"Reviews, Video, People also ask, Related searches"
disney plus über sky,Commercial,33,260,28,3.00,"Sitelinks, AI Overview, Reviews, Video, Video carousel, People also ask, Related searches"
dortmund bayern live stream,Commercial,37,260,30,0.00,"Reviews, Video, Related searches"
dortmund live stream free,Commercial,36,260,23,0.73,"Reviews, Video, Related searches"
fernseh schauen online,Commercial,42,260,68,1.69,AI Overview
fernseh sticks,Commercial,45,260,33,1.60,"Sitelinks, Video, Video carousel, People also ask, Related searches, Popular products"
fernsehen kostenlos anschauen,Commercial,36,260,50,0.31,"Reviews, Video, People also ask, Related searches"
fernseher internet,Commercial,42,260,26,0.47,"Reviews, Video, Video carousel, People also ask, Related searches, Ads top, Ads bottom"
fernsehn schauen online,Commercial,39,260,80,1.88,"Sitelinks, Video, Related searches, Ads top, Ads middle"
fernsehprogramm rtl plus,"Informational, Transactional",32,260,60,0.26,"Reviews, People also ask"
free internet tv online,Commercial,39,260,72,1.22,"Reviews, Video, People also ask, Related searches"
free live stream,Commercial,38,260,47,0.97,"Reviews, Video, People also ask, Top stories, Related searches"
free tv ohne anmeldung,"Navigational, Transactional",38,260,42,0.63,"Reviews, Video, People also ask, Related searches"
free web tv,Commercial,40,260,40,1.27,"AI Overview, Video, People also ask, Related searches"
fussball live im internet gucken kostenlos,Commercial,40,260,45,0.61,"Sitelinks, Reviews, Video, Related searches"
fussball live stream kostenlos heute,Commercial,39,260,60,0.53,"Reviews, Video, Top stories, Related searches"
fussball live zdf,"Navigational, Transactional",36,260,52,0.05,"Reviews, Video, Top stories, Related searches, Ads bottom"
fussball livestreams,Commercial,41,260,54,0.83,"Reviews, Video, People also ask, Top stories, Related searches"
fußball gratis gucken,Commercial,40,260,56,0.63,"Reviews, People also ask, Ads bottom"
fußball live gucken kostenlos im internet,Commercial,41,260,60,0.81,"Video, People also ask, Related searches, Ads bottom"
fußball stream free,Commercial,40,260,53,1.13,"Sitelinks, Video, Top stories, Related searches"
german television online,"Informational, Transactional",35,260,43,0.64,"Reviews, Video, People also ask, Related searches, Ads top, Ads bottom"
germany free tv,Commercial,38,260,54,0.65,"Video, People also ask, Related searches, Ads bottom"
gratis tv stream,Commercial,38,260,46,1.36,"Reviews, Video, People also ask, Related searches"
gzsz live stream kostenlos,Commercial,36,260,38,0.02,"Reviews, Video, People also ask, Related searches"
hsv live stream illegal,Commercial,36,260,24,1.01,"Sitelinks, Reviews, Video, Video carousel, Related searches"
i. p. t. v. smarters pro,"Informational, Commercial",48,260,32,0.00,"Reviews, Video, Video carousel, People also ask, Related searches"
internet stick für tv ohne wlan,Commercial,39,260,28,1.05,"Sitelinks, Reviews, Video, People also ask, Related searches"
iptv abonnement,Commercial,52,260,14,0.00,"Video, People also ask, Related searches"
iptv anbieter deutschland,"Informational, Commercial",51,260,30,0.00,"AI Overview, Video, People also ask, Related searches"
iptv mega,Commercial,49,260,24,0.00,"Reviews, People also ask, Related searches"
iptv palyer,Commercial,48,260,43,1.01,"Reviews, Video, Video carousel, People also ask, Related searches"
iptv pornos,Commercial,47,260,9,0.00,People also ask
iptv subscriptions,"Informational, Commercial",51,260,37,0.93,"Sitelinks, AI Overview, Video, Video carousel, People also ask, Related searches"
iptv windows,"Informational, Commercial",44,260,35,0.00,"Sitelinks, AI Overview, Reviews, Video, People also ask, Related searches"
iptv-abonnement,"Informational, Commercial",52,260,15,0.00,"Video, People also ask, Related searches"
kabel 1 kostenlos,Commercial,38,260,31,0.44,"Reviews, Video, People also ask, Related searches"
kostenlos fernseh ohne anmeldung,Transactional,34,260,36,0.52,"Reviews, Video, People also ask, Related searches, Ads bottom"
kostenlos fussball schauen,Commercial,39,260,54,0.69,"Sitelinks, Video, People also ask, Related searches"
kostenlos ohne anmeldung fernsehen,"Navigational, Transactional",34,260,34,0.69,"Reviews, Video, People also ask, Related searches"
kostenlos rtl online schauen,Commercial,35,260,36,1.08,"Sitelinks, Reviews, Video, People also ask, Related searches"
kostenlos rtl2 schauen,Commercial,39,260,35,0.91,"AI Overview, Reviews, Video, People also ask, Related searches"
kostenlos tv schauen app,"Informational, Commercial",38,260,42,0.72,"AI Overview, Video, People also ask, Related searches, Ads bottom, Ads middle"
kostenlos tv schauen ohne anmeldung,"Navigational, Transactional",31,260,49,0.33,"Sitelinks, Reviews, Video, Related searches"
kostenlos und ohne anmeldung fernsehen,Transactional,32,260,40,0.76,"AI Overview, Reviews, Video, Related searches"
kostenlose fussball stream,Commercial,40,260,48,0.88,"Sitelinks, Video, Related searches, Ads bottom"
kostenloser livestream,Commercial,40,260,65,1.47,"Reviews, Video, People also ask, Knowledge panel, Related searches"
live fussball kostenlos,Commercial,39,260,56,0.60,"Video, People also ask, Related searches"
live im internet fußball gucken kostenlos,Commercial,41,260,50,0.81,"Video, People also ask, Related searches"
live rtl anschauen,"Navigational, Transactional",38,260,54,0.75,"AI Overview, Reviews, Video, People also ask, Related searches, Ads top, Ads middle"
live sports stream,Commercial,48,260,69,1.53,"Reviews, Video, Related searches"
live sports streaming,Commercial,44,260,67,1.53,"Reviews, Video, People also ask, Related searches"
live stream fussball kostenlos,Commercial,40,260,50,0.70,"Video, People also ask, Related searches"
live stream rtl aktuell,"Navigational, Transactional",38,260,58,0.56,"Reviews, Video, People also ask, Related searches"
live stream rtl hrvatska,"Navigational, Transactional",38,260,31,0.91,"Sitelinks, Video, People also ask, Related searches"
live tv free,Commercial,39,260,55,1.49,"AI Overview, Reviews, Image, Video, People also ask, Related searches"
live tv freeware,Commercial,38,260,47,0.94,"Reviews, Video, Related searches"
live tv live stream free,Commercial,41,260,63,0.95,"Reviews, Video, Related searches"
live tv soccer live stream,Commercial,44,260,68,1.63,"Reviews, Video, Related searches"
live-stream fußball,Commercial,44,260,54,0.76,"Video, Video carousel, Top stories, Related searches"
liverpool heute live sky,"Navigational, Transactional",35,260,41,0.00,"Video, People also ask"
livestream ard fußball,"Informational, Transactional",36,260,61,0.00,"Reviews, Video, People also ask, Related searches"
livestream champions league kostenlos,Commercial,41,260,38,0.83,"Featured snippet, Sitelinks, Reviews, Image pack, Video, People also ask, Related searches"
livestream deutschland frankreich,"Informational, Transactional",34,260,31,0.00,"Reviews, Video, Video carousel, People also ask, Related searches"
livestream fernsehen kostenlos,Commercial,35,260,69,0.90,"AI Overview, Reviews, Video, People also ask, Related searches"
livestream handball zdf,"Navigational, Transactional",35,260,66,0.00,"Reviews, People also ask, Related searches"
livestream rtl gratis,Commercial,35,260,48,1.03,"Reviews, Video, People also ask, Related searches"
livestream rtl2,Commercial,38,260,50,0.54,"Reviews, Video, People also ask, Related searches"
livestream super rtl kostenlos,Commercial,37,260,37,0.00,"Reviews, Video, People also ask, Related searches"
livestream zdf wintersport,Transactional,37,260,50,0.00,"Reviews, Video, People also ask, Related searches, Ads top"
livestream.ru,Commercial,37,260,28,1.86,Video
livesxtv,Commercial,39,260,78,1.26,"Reviews, Video, People also ask, Related searches"
livetv free streaming,"Navigational, Transactional",39,260,33,1.58,"Video, People also ask, Related searches"
livetv gratis,"Navigational, Transactional",40,260,48,0.52,"Reviews, Video, People also ask, Related searches"
m0bile tv,"Informational, Commercial",44,260,26,0.34,"Reviews, Video, People also ask, Related searches, Popular products"
magenta sport preis,Transactional,38,260,34,0.27,"AI Overview, Reviews, People also ask, Related searches"
magenta tv live stream,Commercial,38,260,54,4.19,"AI Overview, Reviews, Video, People also ask, Related searches"
mdr live stream fußball regionalliga,"Informational, Transactional",45,260,30,0.00,"Reviews, Video, Video carousel, Related searches"
mediathek rtl heute,"Informational, Transactional",32,260,72,0.15,"Video, People also ask, Related searches"
musik-streaming-dienste vergleich 2025,Commercial,46,260,34,0.00,"Sitelinks, Reviews, Video, People also ask, Related searches"
my iptv.app,Commercial,47,260,36,1.10,"Reviews, People also ask"
nextiva,"Navigational, Transactional",45,260,46,2.07,"Sitelinks, People also ask, Related searches"
online iptv player,"Informational, Transactional",43,260,55,0.00,"Reviews, People also ask, Knowledge panel"
premier league rtl plus,"Navigational, Transactional",36,260,22,1.27,"Reviews, Video, Related searches"
relegation live stream,Commercial,38,260,23,0.28,"Reviews, Video, Video carousel, People also ask, Related searches"
rtl ab,Commercial,31,260,52,1.35,"Reviews, Video, People also ask, Top stories, Related searches, Ads top, Ads bottom"
rtl anschauen,Transactional,38,260,73,0.86,"Reviews, Video, People also ask, Related searches"
rtl hrvatska live stream,"Navigational, Transactional",38,260,25,0.99,"Sitelinks, Reviews, Video, Related searches"
rtl hrvatska uzivo,Transactional,37,260,34,0.00,"Reviews, Related searches"
rtl live hd stream,"Navigational, Transactional",39,260,49,0.87,"Reviews, Video, People also ask, Related searches"
rtl live stream 2ix2,"Navigational, Transactional",36,260,14,0.00,"Sitelinks, Reviews, Video, Related searches"
rtl live stream nydus,"Navigational, Transactional",33,260,29,0.00,"Sitelinks, Related searches"
rtl live streaming kostenlos,Commercial,38,260,48,1.11,"Sitelinks, Reviews, Video, People also ask, Related searches"
rtl livesrream,"Navigational, Transactional",43,260,61,0.60,"Reviews, Video, People also ask, Related searches, Ads middle"
rtl livestream tv,"Navigational, Transactional",43,260,50,0.98,"Reviews, Video, People also ask, Related searches"
rtl nitro free stream,Transactional,37,260,24,1.60,"Reviews, Video, People also ask, Related searches"
rtl nord livestream,"Navigational, Transactional",38,260,38,0.92,"Video, People also ask, Related searches"
rtl p,"Navigational, Transactional",30,260,62,0.22,"Sitelinks, Reviews, Video, Related searches"
rtl plus live stream,"Navigational, Transactional",42,260,62,0.31,"Sitelinks, AI Overview, Reviews, Video, People also ask, Related searches"
rtl plus sendung verpasst,"Navigational, Transactional",30,260,40,0.00,"Sitelinks, Video, People also ask, Related searches"
rtl premier league,"Navigational, Transactional",35,260,25,0.00,"Reviews, Video, People also ask, Related searches"
rtl site,"Navigational, Transactional",34,260,87,1.58,"Sitelinks, Video, People also ask, Related searches"
rtl super live stream kostenlos,Commercial,38,260,36,0.00,"Reviews, Video, People also ask, Related searches"
rtl up kostenlos deutsche kanäle,Commercial,34,260,34,0.00,"AI Overview, Reviews, Video, People also ask, Related searches"
rtl zwei live stream kostenlos,Commercial,38,260,29,0.00,"Reviews, Video, People also ask, Related searches"
rtl2 kostenlos gucken,Commercial,37,260,30,0.93,"Reviews, Video, People also ask, Related searches"
rtl2 kostenlos stream,Commercial,38,260,28,0.97,"Reviews, Video, People also ask, Related searches"
rtl2 live mediathek,"Navigational, Transactional",38,260,41,0.00,"AI Overview, Reviews, Video, Video carousel, People also ask, Related searches"
rtl2 live streaming,Commercial,40,260,41,0.83,"Reviews, Video, Video carousel, People also ask, Related searches"
rtl2 mediathek live,Commercial,38,260,42,0.49,"Sitelinks, Reviews, Video, People also ask, Related searches, Ads bottom"
rtlplus mediathek kostenlos ohne anmeldung,"Informational, Transactional",34,260,31,0.10,"AI Overview, Reviews, Video, People also ask, Related searches"
ru sports live,Commercial,39,260,44,1.40,"Video, People also ask, Related searches"
sky kostenlos bundesliga,Transactional,39,260,54,0.89,"Sitelinks, Reviews, Video, People also ask, Related searches"
sky reciver,Transactional,38,260,32,1.97,"Reviews, Image, Image pack, People also ask, Related searches, Popular products"
sky sport 1,"Navigational, Transactional",45,260,57,1.20,"Video, People also ask, Related searches, Ads bottom"
sky sport livestream,Transactional,43,260,77,0.93,"Sitelinks, Reviews, Video, People also ask, Related searches"
sky sports live stream,Transactional,43,260,74,0.97,"Reviews, Video, People also ask, Related searches"
sport 1 libe,"Navigational, Transactional",41,260,67,0.42,"Reviews, Video, People also ask, Related searches"
sport de heute live,"Navigational, Transactional",41,260,84,0.00,"Video, People also ask, Related searches"
sport live stream ru,Commercial,43,260,23,0.00,"Sitelinks, Reviews, Video, Related searches"
sport stream ru,Commercial,43,260,31,0.00,"Video, Related searches"
sport streaming seiten,Commercial,44,260,35,2.31,"Video, People also ask, Related searches"
sport streams free,Commercial,45,260,64,0.00,"Sitelinks, Video, Related searches"
sport tv programm,"Informational, Transactional",43,260,35,0.00,"People also ask, Knowledge panel, Top stories, Related searches"
sport1 live fußball heute,"Navigational, Transactional",40,260,78,0.00,"Sitelinks, Reviews, Video, People also ask, Related searches"
sportstreams,Commercial,42,260,70,0.00,"Video, Related searches"
stream web,Commercial,37,260,83,1.41,"Reviews, Video, People also ask, Related searches, Ads top, Ads middle"
streaming angebot,Commercial,41,260,45,1.63,"AI Overview, Reviews, Video, People also ask, Related searches, Ads bottom"
streaming media stick,Commercial,42,260,24,0.89,"Video, Video carousel, People also ask, Related searches, Popular products"
super rtl kostenlos,Commercial,32,260,49,0.00,"Reviews, Video, People also ask, Related searches, Ads middle"
television rtl,"Informational, Transactional",36,260,76,0.58,"Reviews, Video, People also ask, Top stories, Related searches"
test tv box,"Informational, Commercial",51,260,31,0.28,"Sitelinks, Reviews, Video, Video carousel, People also ask, Related searches"
tv anbieter check24,Transactional,39,260,43,0.47,"AI Overview, Reviews, Video, People also ask, Related searches, Ads top, Ads bottom"
tv live rtl,"Navigational, Transactional",38,260,58,0.66,"Reviews, Video, People also ask, Top stories, Related searches"
tv online free watch tv online live,Commercial,36,260,65,0.00,"AI Overview, Reviews, Video, Related searches"
tv stick im vergleich,Commercial,45,260,27,0.66,"Sitelinks, Video, Video carousel, People also ask, Related searches, Ads top, Ads bottom"
tv sticks best,Commercial,34,260,33,0.59,"Featured snippet, Sitelinks, Reviews, Video, Video carousel, Related searches, Popular products, Ads bottom"
tv streaming box,Commercial,43,260,35,1.61,"Sitelinks, Reviews, Video, Video carousel, People also ask, Knowledge panel, Related searches"
tvlivestream,Commercial,40,260,66,0.79,"Reviews, Video, People also ask, Related searches"
türkisches fernsehen,"Informational, Commercial",38,260,27,2.10,"Reviews, Video, People also ask, Related searches"
vergleich fernsehen internet,Commercial,38,260,36,1.49,"Reviews, Video, People also ask, Related searches, Ads top, Ads middle"
viva premium iptv,Transactional,46,260,14,0.00,"Reviews, People also ask, Related searches"
vox live stream free,Transactional,33,260,39,0.00,"Reviews, Video, People also ask, Related searches"
voxup livestream kostenlos,Commercial,35,260,25,0.00,"Sitelinks, Reviews, People also ask, Related searches"
watch live television online for free,Commercial,38,260,72,1.31,"AI Overview, Reviews, Video, People also ask, Related searches, Ads middle"
welche iptv box ist die beste,Commercial,45,260,21,0.00,"Video, People also ask, Related searches, Popular products"
welcher fire tv stick ist der beste,Commercial,32,260,30,0.34,"Sitelinks, AI Overview, Reviews, Video, Video carousel, People also ask, Related searches"
welcher tv anbieter ist der beste,Commercial,41,260,39,1.55,"Sitelinks, AI Overview, Reviews, Image, Video, People also ask, Related searches"
wer überträgt die sonntagsspiele der bundesliga,"Informational, Commercial",42,260,37,0.73,"Featured snippet, Reviews, Related searches"
xtream iptv player,"Informational, Transactional",44,260,30,0.00,"Reviews, Video, People also ask, Related searches"
zattoo alternative,"Informational, Commercial",31,260,28,0.80,"Sitelinks, AI Overview, Reviews, Video, People also ask, Related searches"
zattoo kostenlos rtl,"Informational, Transactional",30,260,50,0.73,"Reviews, Video, People also ask, Related searches"
zattoo vs waipu,Commercial,27,260,23,1.99,"Sitelinks, AI Overview, Reviews, Video, People also ask, Related searches"
zdf eishockey live,"Navigational, Transactional",44,260,43,0.00,"Reviews, Video, People also ask, Related searches"
zdf livestream schwimm wm,"Navigational, Transactional",36,260,33,0.00,"Sitelinks, Video, Video carousel, People also ask, Related searches"
zdf mediathek sportschau,"Navigational, Transactional",36,260,62,0.03,"Reviews, Video, People also ask, Related searches"
zdf sport livestreams,"Navigational, Transactional",43,260,64,0.01,"Reviews, Video, Video carousel, Top stories, Related searches"
zdf sportschau mediathek,"Informational, Transactional",36,260,73,0.01,"Reviews, Video, People also ask, Related searches"
1 & 1 cinema,"Informational, Transactional",31,210,27,0.00,"AI Overview, Reviews, Image, Video, People also ask, Related searches"
1&1 fernseh,Transactional,45,210,42,0.77,"Video, People also ask, Related searches, Ads top, Ads bottom"
1&1 fernsehen dazubuchen,"Informational, Transactional",36,210,30,0.71,"AI Overview, Reviews, Video, People also ask, Related searches"
1&1 tv stick kaufen,Transactional,41,210,34,0.84,"Reviews, People also ask, Related searches"
1&1 tv-box,"Informational, Transactional",40,210,28,0.94,"Reviews, Video, Video carousel, People also ask, Related searches"
1und1 tv stick,"Navigational, Transactional",37,210,33,0.79,"Reviews, Image, Image pack, Video, Video carousel, People also ask, Related searches, Popular products"
2 bundesliga live stream kostenlos ausland,Commercial,43,210,22,0.85,"Sitelinks, Reviews, Video, Related searches"
2 bundesliga live tv kostenlos,"Informational, Commercial",41,210,20,0.49,"Reviews, Video, Related searches"
2 bundesliga sky heute,"Navigational, Transactional",40,210,38,0.00,"Sitelinks, Reviews, Video, People also ask, Related searches"
2 bundesliga stream free,Commercial,42,210,30,0.75,"Reviews, Video, People also ask, Related searches"
2 bundesliga übertragung heute,Commercial,37,210,28,0.77,"Reviews, Video, People also ask, Related searches"
2ix2 formel 1 live,"Navigational, Transactional",36,210,35,0.00,"Video, People also ask, Related searches"
2ix2 nitro,"Navigational, Transactional",29,210,31,0.00,"Sitelinks, Reviews, Video, Related searches"
2ix2 pro7,"Navigational, Transactional",30,210,38,0.00,"Sitelinks, Reviews, Video, People also ask, Related searches"
abo bundesliga,Commercial,35,210,27,1.74,"Reviews, Video, People also ask, Related searches"
airtel xstream stick,"Informational, Transactional",45,210,34,0.00,"Reviews, Image pack, Video, Video carousel, People also ask, Related searches"
alibaba iptv,"Navigational, Transactional",48,210,30,0.00,"Video, People also ask, Related searches"
alternative live tv,"Informational, Commercial",37,210,30,2.55,"Video, People also ask, Related searches"
alternative zattoo,"Informational, Commercial",30,210,24,0.77,"AI Overview, Reviews, Video, Video carousel, People also ask, Related searches, Ads bottom"
alternative zu waipu tv,"Informational, Commercial",36,210,28,0.66,"Sitelinks, AI Overview, Reviews, Video, People also ask, Related searches"
amazon prime tv box,"Navigational, Transactional",35,210,32,0.69,"People also ask, Related searches, Popular products"
anbieter für fernsehen,"Informational, Commercial",44,210,35,2.50,"AI Overview, Reviews, Video, People also ask, Related searches"
apple vs fire tv,Commercial,33,210,10,0.00,"AI Overview, Reviews, Image pack, Video, Video carousel, People also ask, Related searches"
basketball bundesliga live stream free,Commercial,38,210,41,1.41,"Reviews, Video, Related searches"
bbl live streaming free,"Informational, Commercial",36,210,26,1.01,"Reviews, Video, People also ask, Top stories, Related searches"
best iptv provider,Commercial,55,210,43,0.00,"AI Overview, Video, Video carousel, People also ask, Related searches"
beste iptv app für fire stick,Commercial,53,210,7,0.00,"Sitelinks, AI Overview, Video, Video carousel, People also ask, Related searches"
beste iptv player,Commercial,52,210,21,0.00,"AI Overview, Reviews, Video, Video carousel, People also ask, Related searches"
beste iptv player android,Commercial,52,210,18,0.00,"Sitelinks, AI Overview, Reviews, Video, Video carousel, People also ask, Related searches"
beste m3u liste kostenlos,Commercial,47,210,26,0.64,"Sitelinks, AI Overview, Reviews, Video, People also ask, Related searches"
beste tv app kostenlos,Commercial,36,210,44,0.58,"AI Overview, Reviews, Video, People also ask, Related searches"
beste tv box,Commercial,36,210,28,0.63,"Reviews, Video, People also ask, Related searches, Popular products, Ads bottom"
bester android tv box,Commercial,31,210,23,0.27,"Sitelinks, Reviews, Video, Video carousel, People also ask, Related searches, Popular products"
bester streaming stick,Commercial,38,210,35,0.64,"Sitelinks, Reviews, Instant answer, Video, People also ask, Related searches, Popular products"
bundesliga live stream fußball,Commercial,43,210,51,1.06,"Reviews, Video, People also ask, Related searches"
bundesliga live stream ru,Commercial,38,210,31,0.00,"People also ask, Related searches"
bundesliga tv sonntag,Commercial,40,210,32,0.98,"Reviews, Video, People also ask, Related searches"
champions league live free,Commercial,34,210,46,0.49,"Sitelinks, Reviews, Video, People also ask, Related searches"
champions league streams,Commercial,41,210,43,0.93,"Video, Related searches"
dazn english premier league,Transactional,37,210,81,0.00,"Reviews, Video, People also ask, Related searches"
dazn sky angebot,"Informational, Transactional",38,210,53,1.13,"Reviews, People also ask, Related searches"
deutschland dänemark heute livestream,"Informational, Transactional",34,210,34,0.00,"Reviews, Video, Video carousel, People also ask, Related searches"
die besten streaming dienste,Commercial,37,210,34,1.37,"AI Overview, Reviews, Video, People also ask, Related searches, Ads middle"
eintracht frankfurt frauen live stream heute kostenlos,Commercial,34,210,22,0.00,"Video, People also ask, Related searches"
einzelne bundesliga spiele kaufen,Transactional,38,210,18,0.92,"Sitelinks, Video, People also ask, Related searches"
einzelne spiele auf sky kaufen,Transactional,38,210,24,3.49,"Reviews, Related searches"
fernsehen frei,Commercial,38,210,47,0.53,"Sitelinks, Reviews, Video, People also ask, Knowledge panel, Related searches, Ads bottom"
fernsehen internet vergleich,Commercial,41,210,37,1.61,"Sitelinks, AI Overview, Reviews, Video, People also ask, Related searches"
fernsehen kostenlos live stream,Commercial,40,210,63,0.90,"AI Overview, Reviews, Video, People also ask, Related searches"
fernsehen kostenlos und ohne anmeldung,"Informational, Transactional",34,210,33,0.42,"Reviews, Video, People also ask, Related searches, Ads bottom"
fernsehen live stream kostenlos,Commercial,38,210,60,0.71,"Reviews, Video, People also ask, Related searches, Ads bottom"
fernsehen über internet kostenlos ohne anmeldung,"Informational, Transactional",35,210,31,0.29,"AI Overview, Reviews, Video, People also ask, Related searches, Ads bottom, Ads middle"
fernsehschauen,Commercial,33,210,23,0.97,"AI Overview, Reviews, Video, People also ask, Related searches, Ads bottom"
fire tv stick vs apple tv,Commercial,33,210,26,0.00,"AI Overview, Reviews, Video, Video carousel, People also ask, Related searches"
football livestreams,Commercial,40,210,76,0.48,"Reviews, Video, Video carousel, Related searches"
formel 1 live-stream kostenlos illegal,Commercial,39,210,28,0.00,"AI Overview, Reviews, Video, People also ask, Related searches"
free tv online,Commercial,39,210,57,0.94,"AI Overview, Reviews, Video, Related searches"
fussball live tv ru,Commercial,41,210,32,0.00,"Video, People also ask, Related searches"
fussball online stream,Commercial,41,210,54,0.89,"Video, Top stories, Related searches"
fussball ru live,Commercial,39,210,42,0.00,"Video, Related searches"
fussball stream kostenlos,Commercial,40,210,42,0.82,"Sitelinks, Video, People also ask, Related searches"
fussball stream ru,Commercial,40,210,47,0.00,Related searches
fussball tv ru,Commercial,40,210,24,0.00,"Reviews, Video, Related searches"
fußball live kostenlos gucken im internet,Commercial,43,210,50,0.61,"Sitelinks, Video, Related searches, Ads top, Ads middle"
fußball live ru tv,Commercial,40,210,34,0.00,"Reviews, Video, People also ask, Related searches"
fußball live stream kostenlos heute zdf,"Informational, Transactional",39,210,44,0.70,"Reviews, Video, Top stories, Related searches"
fußball live streams,Commercial,41,210,62,0.64,"Video, Top stories, Related searches"
fußball live sx,Commercial,39,210,32,1.50,"Video, Related searches"
fußball livestreams,Commercial,41,210,56,0.83,"Video, Top stories, Related searches"
germaniptv,Commercial,46,210,17,0.88,"Video, People also ask, Related searches"
gratis live tv,Commercial,39,210,54,0.82,"Reviews, Video, Related searches"
greatestiptv,Transactional,50,210,10,0.00,"People also ask, Related searches"
heute bayern live stream,Commercial,37,210,30,0.74,"Reviews, Video, People also ask, Related searches"
internet und fernsehn,Commercial,40,210,43,2.46,"AI Overview, Reviews, Video, People also ask, Related searches, Ads top, Ads middle"
ip tv deutschland,"Informational, Commercial",48,210,41,1.17,"AI Overview, Reviews, Video, People also ask, Related searches"
ip tv player,"Informational, Commercial",47,210,38,0.53,"Reviews, Video, Video carousel, People also ask, Related searches"
ip tv receiver,"Informational, Commercial",49,210,19,0.00,"Video, People also ask, Related searches, Popular products"
ip tv smart,Commercial,52,210,36,0.00,"Reviews, Image pack, Video, People also ask, Related searches"
ip-tv player,Commercial,44,210,39,0.53,"Reviews, Video, People also ask, Related searches"
ipturkhd box,Commercial,52,210,17,0.00,"Reviews, Video, People also ask, Related searches, Popular products"
iptv 3mu list,Commercial,44,210,35,0.00,"Reviews, Video, People also ask, Related searches"
iptv adults,Commercial,42,210,7,0.00,
iptv box kaufen,Transactional,51,210,24,0.00,"Video, People also ask, Related searches, Popular products"
iptv code kaufen,Commercial,44,210,13,0.00,"AI Overview, Related searches"
iptv deutschland anbieter,"Informational, Commercial",49,210,32,0.00,"AI Overview, Video, Short videos, People also ask, Related searches"
iptv link,Commercial,49,210,14,0.00,"Reviews, Video, Video carousel, Related searches"
iptv player for windows,"Informational, Commercial",49,210,30,0.00,"Reviews, Video, Related searches"
iptv services,"Informational, Commercial",56,210,26,0.00,"Sitelinks, Video, Video carousel, People also ask, Related searches"
iptv smart apk,"Informational, Transactional",55,210,25,0.00,"Reviews, Video, Related searches"
iptv testen,Commercial,51,210,0,0.00,Related searches
iptv tv box,Commercial,51,210,21,0.00,"People also ask, Related searches, Popular products"
iptvhafen,"Informational, Transactional",46,210,2,0.00,Related searches
iptvhdserver,"Navigational, Transactional",46,210,10,0.00,"Sitelinks, Reviews, Video, People also ask, Ads top, Ads middle"
kabel ein stream,Commercial,41,210,42,0.67,"Reviews, Video, People also ask, Related searches"
kaufen iptv,Commercial,54,210,30,0.00,"Video, People also ask, Related searches, Popular products"
kostenlos live fernsehen,Commercial,40,210,58,0.49,"AI Overview, Reviews, Video, Related searches"
kostenlos rtl2 gucken,Commercial,37,210,26,1.05,"Video, People also ask, Related searches"
kostenlos super rtl,Commercial,34,210,21,0.00,"Reviews, Video, People also ask, Related searches"
kostenlos tv streamen ohne anmeldung,"Navigational, Transactional",32,210,50,0.00,"Sitelinks, AI Overview, Reviews, Video, People also ask, Related searches"
kostenlose livestream,Commercial,37,210,69,1.68,"Reviews, Video, People also ask, Top stories, Related searches"
kostenloser fußball live stream,Commercial,40,210,53,0.62,"Video, Top stories, Related searches, Ads bottom"
kostenloses live tv,Commercial,39,210,61,0.61,"AI Overview, Reviews, Image, Video, People also ask, Related searches, Ads bottom"
kostenloses tv streaming,Commercial,37,210,47,0.93,"Reviews, Video, People also ask, Related searches"
live international tv,Commercial,40,210,68,1.29,"Video, People also ask, Related searches"
live pro tv online,Commercial,40,210,40,0.00,"Reviews, Video, Related searches"
live ru sports stream,"Informational, Commercial",40,210,29,0.00,"Sitelinks, Video, Related searches"
live stream fotboll,Commercial,41,210,63,0.48,"Reviews, Video, People also ask, Related searches"
live stream online free,Commercial,38,210,73,0.00,"AI Overview, Video, People also ask, Related searches"
live stream rtl fussball,Transactional,45,210,46,0.91,
live tv schauen,Commercial,42,210,70,1.07,"Reviews, Video, People also ask, Related searches"
live tv se,"Informational, Transactional",40,210,87,1.29,"Reviews, Video, People also ask, Related searches"
live tv sport ru,"Informational, Commercial",43,210,29,0.00,"Reviews, Video, Related searches"
live tv stream fussball,Commercial,44,210,58,1.04,"Reviews, Video, Related searches"
live.ru übertragung,Commercial,36,210,25,1.07,"Video, Related searches"
livestream kostenlos ohne anmeldung,"Navigational, Transactional",35,210,37,0.48,"Sitelinks, Reviews, Video, Related searches"
livestream rtl de,"Navigational, Transactional",35,210,64,0.71,"Reviews, Video, People also ask, Related searches"
livestream tv free,Commercial,41,210,34,1.03,"Reviews, Video, People also ask, Related searches"
livetv de,"Navigational, Transactional",40,210,18,1.58,
livetv online,"Informational, Transactional",41,210,5,1.07,"Reviews, Related searches"
livetv ru deutsch,"Navigational, Transactional",39,210,16,2.77,Related searches
livetv.ru deutsch,"Navigational, Transactional",38,210,19,2.77,"People also ask, Related searches"
magenta tv alternative,"Informational, Commercial",39,210,19,1.18,"Sitelinks, AI Overview, Reviews, Video, People also ask, Related searches"
magenta tv alternativen,Commercial,39,210,23,1.69,"AI Overview, Reviews, Video, People also ask, Related searches"
magentasport abo,"Informational, Transactional",35,210,34,1.31,"Reviews, Video, People also ask, Related searches"
mediathek zdf sportschau,"Informational, Transactional",36,210,65,0.01,"Reviews, Video, People also ask, Related searches, Ads top"
mein rtl plus,"Navigational, Transactional",35,210,42,1.64,"Reviews, Video, People also ask, Related searches"
netflix tv stick,Transactional,36,210,41,0.39,"Sitelinks, Reviews, Video, People also ask, Related searches, Popular products"
omline tv,Commercial,37,210,70,1.85,"Reviews, Image, Video, People also ask, Related searches, Ads middle"
one live stream kostenlos ohne anmeldung,"Navigational, Transactional",34,210,45,0.37,"Sitelinks, Reviews, Video, People also ask, Related searches"
online tv kostenlos schauen,Commercial,36,210,53,1.00,"AI Overview, Reviews, Video, People also ask, Related searches"
premier league heute live sky,"Navigational, Transactional",36,210,45,0.00,"Video, People also ask, Related searches"
pro7 kostenlos streamen,Commercial,36,210,44,0.48,"Reviews, Video, People also ask, Related searches"
real madrid barcelona football live stream,Commercial,39,210,23,1.16,"Reviews, Video, Video carousel, People also ask, Related searches"
recommended iptv providers,Commercial,46,210,44,0.00,"Sitelinks, People also ask, Related searches"
relegation livestream,Commercial,35,210,28,0.00,"Reviews, Video, Video carousel, People also ask, Related searches"
rtl + kostenlos testen,Commercial,35,210,44,2.13,"AI Overview, Reviews, Video, People also ask, Related searches, Ads top, Ads bottom"
rtl aktuell now,"Navigational, Transactional",33,210,61,0.00,"Reviews, Video, Related searches"
rtl canlı izle,"Navigational, Transactional",38,210,44,0.00,Reviews
rtl de programme,"Navigational, Transactional",31,210,71,0.00,"Sitelinks, Reviews, Video, People also ask, Related searches"
rtl fernseh,Commercial,35,210,58,0.49,"Reviews, Video, People also ask, Related searches"
rtl fußball online ansehen,"Navigational, Transactional",43,210,42,0.00,"Reviews, Video, People also ask, Related searches"
rtl kostenlos live sehen,Commercial,37,210,49,1.00,"Sitelinks, Reviews, Video, People also ask, Related searches, Ads middle"
rtl live ansehen,"Navigational, Transactional",38,210,53,0.88,"Reviews, Video, People also ask, Related searches"
rtl live fußball deutschland,"Navigational, Transactional",39,210,50,0.00,"Sitelinks, Reviews, Video, People also ask, Related searches"
rtl live stream kostenlos ohne anmeldung nydus,"Navigational, Transactional",35,210,20,0.00,"Reviews, Video, People also ask"
rtl live stream online,"Navigational, Transactional",38,210,54,0.72,"Reviews, Video, People also ask, Related searches"
rtl mediathek aktuell,"Informational, Transactional",35,210,50,0.00,"Reviews, Video, People also ask, Related searches"
rtl nitro stream kostenlos,Commercial,37,210,19,0.00,"Reviews, Video, People also ask"
rtl now aktuell,"Navigational, Transactional",35,210,55,0.00,"Reviews, Video, People also ask, Knowledge panel, Related searches"
rtl now.de,"Navigational, Transactional",35,210,72,0.08,"Sitelinks, Reviews, Video, People also ask, Knowledge panel"
rtl online kostenlos schauen,Commercial,35,210,43,1.57,"Sitelinks, Reviews, Video, People also ask, Related searches"
rtl plzs,"Navigational, Commercial",33,210,59,0.26,"Sitelinks, Reviews, Video, People also ask, Related searches, Ads top, Ads bottom"
rtl televizija live stream,"Navigational, Transactional",39,210,53,0.90,"Reviews, Video, People also ask, Related searches"
rtl uzivo,"Informational, Transactional",37,210,48,0.93,"Reviews, Video, People also ask, Related searches"
rtl uživo stream,"Navigational, Transactional",38,210,47,0.99,"AI Overview, Reviews, Video, People also ask, Related searches"
rtl von gestern,"Informational, Transactional",31,210,37,0.79,"Video, People also ask, Related searches"
rtl zwei livestream,Commercial,38,210,36,1.05,"Reviews, Video, People also ask, Related searches"
rtl2 kostenlos ansehen,Commercial,37,210,29,0.00,"Reviews, Video, People also ask, Related searches"
rtl2 livestream kostenlos,Commercial,38,210,25,1.00,"AI Overview, Reviews, Video, Related searches"
rtl2 online schauen,Commercial,38,210,43,0.83,"AI Overview, Reviews, Video, People also ask, Related searches"
rtl2 online sehen,Commercial,38,210,30,0.87,"Reviews, Video, People also ask, Related searches"
ru tv fussball,Commercial,40,210,31,0.00,"Video, Related searches"
sky deal,Transactional,32,210,35,0.71,"Reviews, Video, People also ask, Related searches, Ads bottom"
sky fußball bundesliga,"Navigational, Transactional",40,210,55,1.58,"Reviews, Video, People also ask, Related searches"
sky fußball live,"Navigational, Transactional",44,210,71,0.86,"Video, People also ask, Related searches"
sky mini box,"Informational, Transactional",32,210,28,1.22,"Reviews, Video, People also ask, Related searches, Popular products"
sky premier league programm,"Informational, Transactional",36,210,36,0.00,"Reviews, Video, Related searches"
sky premiere league programm,"Navigational, Transactional",38,210,31,0.00,"Reviews, Video, Related searches"
sky q mini kaufen,Transactional,31,210,30,0.69,"Reviews, Video, People also ask, Related searches, Popular products"
sky sat receiver,Commercial,36,210,34,2.45,"Reviews, Video, People also ask, Related searches, Popular products"
sky sport stream,"Navigational, Commercial",43,210,51,1.77,"Sitelinks, Video, People also ask, Related searches"
sky tennis live stream kostenlos,Transactional,37,210,40,0.00,"Reviews, Video, People also ask, Related searches, Ads top, Ads bottom"
sky ticket sports,"Informational, Transactional",40,210,76,3.47,"AI Overview, Reviews, Video, People also ask, Related searches"
smart tv box test,Commercial,32,210,44,0.33,"Sitelinks, Reviews, Video, People also ask, Related searches, Popular products"
smart tv player,"Informational, Transactional",42,210,29,0.45,"Reviews, Video, Video carousel, People also ask, Related searches"
sport live stream kostenlos,Commercial,43,210,70,1.05,"Sitelinks, Video, Related searches"
sport live streams ru,Commercial,43,210,25,0.00,Related searches
sport1 mediathek kostenlos,"Navigational, Transactional",46,210,69,0.23,"AI Overview, Reviews, Video, People also ask, Related searches"
sports live streaming,"Informational, Commercial",44,210,76,0.93,"Reviews, Video, People also ask, Related searches"
sports live streams,"Informational, Commercial",43,210,78,0.93,"Reviews, Video, Related searches"
sportschau de zdf,"Informational, Transactional",36,210,69,0.15,"Reviews, Video, Related searches"
sportschau heute abend,"Navigational, Transactional",35,210,54,0.00,"Video, Related searches"
sportschau livestream heute fußball zdf,"Informational, Transactional",47,210,75,0.00,"Reviews, Video, People also ask, Related searches"
sportschau mediathek zdf,"Informational, Transactional",37,210,63,0.01,"Reviews, Video, Related searches"
sportschau olympia livestream heute,"Navigational, Transactional",47,210,65,0.00,"Sitelinks, Reviews, People also ask, Related searches"
sportschau programm,"Navigational, Transactional",39,210,49,0.00,"Reviews, Video, People also ask, Related searches"
sportschau stream ard,"Informational, Transactional",41,210,78,0.00,"Reviews, Video, Video carousel, Top stories, Related searches"
stream fernsehen kostenlos,Commercial,37,210,45,0.86,"Reviews, Video, People also ask, Related searches"
stream fußball bundesliga live,Commercial,43,210,52,1.06,"Reviews, Video, People also ask, Related searches"
stream sport1,"Navigational, Transactional",48,210,72,0.44,"Sitelinks, Reviews, Video, People also ask, Related searches"
streaming anbieter im vergleich,Commercial,39,210,40,1.58,"AI Overview, Reviews, Video, People also ask, Related searches, Ads bottom"
streaming bundesliga,Commercial,45,210,47,2.21,"Reviews, Video, People also ask, Related searches"
streaming stick vergleich,Commercial,34,210,32,0.47,"Sitelinks, Reviews, Video, People also ask, Related searches"
super rtl live stream kostenlos ohne anmeldung,"Navigational, Transactional",35,210,28,0.00,"Reviews, Video, People also ask, Related searches"
super sport uzivo,"Navigational, Transactional",41,210,82,0.00,"Sitelinks, Video, Related searches"
tv free streaming,Commercial,39,210,46,0.89,"AI Overview, Reviews, Video, Related searches"
tv internet anbieter vergleich,Commercial,42,210,36,1.58,"Sitelinks, Reviews, People also ask, Related searches"
tv live streams,Commercial,45,210,68,0.79,"Reviews, Video, Related searches, Ads bottom"
tv online stream,Commercial,43,210,86,2.52,"Reviews, Video, People also ask, Related searches, Ads bottom"
tv programm live kostenlos,Commercial,40,210,68,0.47,"Reviews, Video, People also ask, Related searches"
tv streaming gratis,Commercial,35,210,32,1.00,"Reviews, Video, People also ask, Related searches, Ads bottom"
umsonst fernsehn,Commercial,33,210,42,0.75,"AI Overview, Reviews, Video, People also ask, Related searches, Ads top, Ads middle"
vergleich internet tv anbieter,Commercial,44,210,35,1.58,"Sitelinks, Reviews, Video, People also ask, Related searches"
vergleich streaming anbieter,Commercial,38,210,42,1.84,"Reviews, Video, People also ask, Related searches"
vox gucken live,Commercial,30,210,35,0.86,"Reviews, Video, People also ask, Related searches"
waipu tv bewertungen,Commercial,35,210,16,0.00,"AI Overview, Reviews, Video, Video carousel, People also ask, Related searches"
was ist set top box,"Informational, Commercial",35,210,14,0.00,"Reviews, Image, Video, People also ask, Related searches, Popular products"
wdr 3. liga live,Transactional,45,210,34,1.13,"Reviews, Video, Related searches"
wm livestream,"Informational, Commercial",39,210,70,0.77,"Reviews, Video, Top stories, Related searches"
wo wird bundesliga heute übertragen,"Informational, Commercial",39,210,51,0.92,"Featured snippet, Reviews, Video, People also ask, Related searches"
www live tv,Transactional,40,210,70,1.40,"Reviews, Video, Video carousel, People also ask, Related searches"
www rtl de now,"Navigational, Transactional",31,210,76,0.04,"Reviews, Video, Related searches, Ads top"
zdf live stream sport,"Navigational, Transactional",42,210,68,0.07,"Reviews, Video, Video carousel, People also ask, Top stories, Related searches"
zdf sport live stream,"Navigational, Transactional",42,210,66,0.02,"Reviews, Video, Video carousel, People also ask, Top stories, Related searches, Ads top"
zdf sportschau de,"Informational, Transactional",36,210,70,0.03,"Video, People also ask, Related searches"
1&1 hd tv plus,"Informational, Transactional",37,170,32,0.77,"Reviews, People also ask, Related searches"
1u1 cinema,"Informational, Transactional",33,170,30,0.00,"Reviews, Video, People also ask, Related searches"
1und1 fernseher,"Informational, Transactional",45,170,39,0.72,"Reviews, People also ask, Related searches"
1und1 tv senderliste,"Navigational, Transactional",39,170,26,0.00,"Reviews, People also ask, Related searches"
2 liga tv,Commercial,45,170,43,0.77,"Reviews, Video, People also ask, Related searches"
alternative für kabelfernsehen,"Informational, Commercial",43,170,14,1.17,"Sitelinks, AI Overview, Video, Video carousel, People also ask, Related searches, Ads top, Ads middle"
alternative zu waipu,"Informational, Commercial",26,170,28,0.59,"Sitelinks, AI Overview, Reviews, Video, People also ask, Related searches"
alternative zu zattoo,Commercial,29,170,17,0.80,"AI Overview, Reviews, Video, Video carousel, People also ask, Related searches"
ard.de sportschau live stream,Transactional,47,170,70,0.00,"Reviews, Video, Related searches"
bayern free tv heute,"Informational, Commercial",38,170,30,0.00,"Reviews, Video"
bayern heute im free tv,Commercial,35,170,29,0.00,"Reviews, Video, People also ask, Related searches"
best ip tv,Commercial,48,170,33,1.12,"Sitelinks, Reviews, Video, Video carousel, People also ask, Related searches"
best streaming stick,Commercial,36,170,40,0.64,"Sitelinks, Reviews, Video, Video carousel, People also ask, Related searches, Popular products"
beste iptv anbieter deutschland,Commercial,47,170,19,0.00,"Sitelinks, AI Overview, Video, People also ask, Related searches"
beste iptv anbieter forum,Commercial,48,170,10,0.00,"Sitelinks, Reviews, People also ask, Related searches"
beste iptv deutschland,Commercial,47,170,16,0.00,"Sitelinks, AI Overview, Video, Short videos, People also ask, Related searches"
bester iptv anbieter deutschland,Commercial,52,170,19,0.00,"Sitelinks, AI Overview, Video, Short videos, People also ask, Related searches"
bester iptv provider,Commercial,55,170,20,0.00,"Sitelinks, AI Overview, Video, People also ask, Related searches"
bester tv anbieter,Commercial,43,170,41,1.97,"Sitelinks, AI Overview, Reviews, Video, People also ask, Related searches"
bundesliga bei der telekom,Transactional,39,170,49,0.40,"Sitelinks, AI Overview, Reviews, Video, People also ask, Related searches"
bundesliga fernsehen,Commercial,43,170,56,0.97,"Reviews, Video, People also ask, Related searches"
bundesliga freitag übertragung,Commercial,40,170,26,1.74,"Reviews, Video, People also ask, Related searches"
bundesliga live kostenlos,Commercial,41,170,33,0.79,"Sitelinks, Video, People also ask, Related searches"
bundesliga live schauen,Commercial,43,170,43,0.91,"Sitelinks, Reviews, Video, People also ask, Related searches"
bundesliga streams ru,"Informational, Commercial",38,170,25,2.96,Related searches
bundesligastream net,Commercial,41,170,29,0.98,"Reviews, People also ask, Related searches"
bundesligastreaming com,Commercial,36,170,29,1.40,"Sitelinks, Video, People also ask, Related searches"
bvb free live stream,Commercial,34,170,30,0.86,"Reviews, Video, People also ask, Related searches"
bvb live stream online,Commercial,37,170,45,1.49,"Reviews, Video, Related searches"
dazn fussbal,"Navigational, Transactional",66,170,65,0.89,"Video, Video carousel, People also ask, Top stories, Related searches"
dazn fussball live,"Navigational, Transactional",66,170,72,0.75,"Reviews, Video, Top stories, Related searches"
dazn fußball live,"Navigational, Transactional",66,170,69,0.75,"Reviews, Video, Top stories, Related searches"
dfb streaming,Commercial,37,170,50,0.94,"Sitelinks, Video, People also ask, Related searches"
eurosport 1 im livestream,Commercial,47,170,46,0.26,"Reviews, Video, People also ask, Related searches"
fc köln live stream illegal,Commercial,37,170,17,0.00,"Sitelinks, Reviews, Video, People also ask, Related searches"
fernseh kostenlos anschauen,Commercial,36,170,41,0.31,"Sitelinks, Reviews, Video, People also ask, Related searches, Ads middle"
fernseh online kostenlos,Commercial,36,170,60,0.81,"Reviews, Video, People also ask, Related searches"
fernsehen 2 bundesliga,Commercial,43,170,30,0.86,"Reviews, Video, People also ask, Related searches"
fernsehen auf dem laptop kostenlos,Commercial,38,170,42,0.38,"AI Overview, Reviews, Video, Video carousel, People also ask, Related searches, Ads top, Ads middle"
fernsehen auf laptop kostenlos,"Informational, Commercial",38,170,53,0.45,"AI Overview, Video, People also ask, Related searches, Ads bottom, Ads middle"
fernsehen auf pc,Commercial,39,170,30,0.56,"AI Overview, Reviews, Video, People also ask, Related searches, Ads bottom, Ads middle"
fernsehen kostenlos stream,Commercial,39,170,48,0.86,"Reviews, Video, People also ask, Related searches"
fernsehen online schauen,Commercial,40,170,58,1.15,"Reviews, Video, People also ask, Related searches"
fernsehen über internet vergleich,Commercial,41,170,36,1.61,"AI Overview, Reviews, Video, People also ask, Related searches, Ads top, Ads bottom"
flixi tv stick kaufen,"Informational, Transactional",45,170,24,0.56,"Sitelinks, Reviews, Video, Video carousel, People also ask, Related searches, Popular products"
flixy tv stick kaufen,Transactional,45,170,15,0.68,"Sitelinks, Video, People also ask, Related searches, Popular products"
flutlicht freitag sky,"Informational, Transactional",42,170,28,0.00,"Reviews, Video, Video carousel, Short videos, People also ask, Related searches"
football stream ru,Commercial,41,170,58,0.00,Related searches
free 2 bundesliga live stream,"Informational, Commercial",42,170,36,1.15,"Reviews, Video, Related searches"
free fernsehen,Commercial,38,170,38,0.94,"AI Overview, Reviews, Video, People also ask, Top stories, Related searches"
free internet tv,Commercial,41,170,63,1.07,"Reviews, Video, People also ask, Related searches"
free live streaming,Commercial,39,170,70,1.14,"Reviews, Video, Related searches"
free tv live,Commercial,40,170,67,0.59,"Reviews, Video, People also ask, Top stories, Related searches"
free tv live stream,Commercial,41,170,54,0.62,"Reviews, Video, People also ask, Related searches"
free tv show stream online,Commercial,34,170,66,0.00,"Sitelinks, Video, People also ask, Related searches"
freetvstream,Commercial,37,170,42,2.32,"Reviews, Video, Related searches"
fussball bundesliga live stream,Commercial,44,170,63,1.06,"Reviews, Video, People also ask, Top stories, Related searches"
fussball illegal schauen,Commercial,38,170,22,0.97,"Sitelinks, Video, People also ask, Related searches"
fussball kostenlos streamen,Commercial,40,170,18,0.78,"Sitelinks, Video, Related searches"
fussball ru tv,Commercial,40,170,31,0.00,"Reviews, Video, People also ask, Related searches"
fussball streams ru,Commercial,40,170,43,0.00,"Sitelinks, Reviews, Video, Related searches"
fußball bundesliga sky,"Navigational, Transactional",39,170,35,1.58,"Reviews, Video, Related searches"
fußball live dazn,"Navigational, Transactional",66,170,69,0.75,"Reviews, Video, Top stories, Related searches"
fußball live heute sky,"Navigational, Transactional",40,170,47,1.07,"Reviews, Video, Related searches"
fußball live stream rtl kostenlos,Transactional,43,170,44,0.67,"Sitelinks, Reviews, Video, Related searches"
germany ip tv,Commercial,49,170,16,0.87,"AI Overview, Video, People also ask, Related searches"
geräte zum streamen,Commercial,39,170,23,0.63,"Video, People also ask, Related searches, Popular products"
gestern rtl,Transactional,31,170,39,0.79,"Video, People also ask, Related searches"
gratis fußball schauen,Commercial,40,170,50,0.48,"Video, People also ask, Related searches"
hd online tv,Commercial,43,170,60,2.09,"AI Overview, Reviews, Video, Related searches, Ads top, Ads middle"
hertha stream live,Commercial,36,170,25,0.49,"Reviews, Video, People also ask, Related searches"
highlights sky,"Navigational, Transactional",30,170,31,2.19,"Video, Video carousel, Related searches"
illegal fussball schauen,Commercial,37,170,41,0.65,"Sitelinks, AI Overview, Video, People also ask, Related searches"
illegal fussball streamen,Commercial,38,170,20,0.00,"Sitelinks, Video, Video carousel, People also ask, Related searches"
ip tv boxen,"Informational, Commercial",46,170,25,0.00,"Video, Video carousel, People also ask, Related searches, Popular products"
ip tv smart player,Transactional,39,170,31,0.00,"Reviews, Video, People also ask, Related searches"
iptv aliexpress,"Navigational, Transactional",46,170,32,0.00,"People also ask, Related searches"
iptv best,Commercial,53,170,26,0.00,"Sitelinks, AI Overview, Video, Video carousel, People also ask, Related searches"
iptv buy,"Informational, Commercial",48,170,45,0.00,"AI Overview, Video, Related searches"
iptv kaufen deutschland,Commercial,55,170,19,0.00,"Video, Related searches"
iptv m3u liste,"Informational, Commercial",47,170,15,0.00,"AI Overview, Reviews, Video, Related searches"
iptv reseller panel,Commercial,43,170,27,0.00,"Video, Related searches"
iptv service,"Informational, Commercial",58,170,32,0.00,"AI Overview, Reviews, Video, Video carousel, People also ask, Related searches"
iptv smarters pro apk download,Commercial,48,170,33,0.00,"Reviews, Video, People also ask, Related searches"
iptv smarters pro download android,Commercial,45,170,33,0.00,"Reviews, Video carousel, Related searches"
iptv smarters pro mac,Commercial,48,170,37,0.00,"Reviews, Video, Related searches"
iptv streamer,Commercial,54,170,29,0.00,"Reviews, Video, People also ask, Related searches"
iptv sub,"Informational, Commercial",51,170,17,1.05,"Sitelinks, Video, Video carousel, People also ask, Related searches"
iptv türkisch,Commercial,53,170,18,0.00,"Reviews, Video, People also ask"
iptv türkische sender,"Informational, Commercial",49,170,15,0.00,"AI Overview, Reviews, Video, People also ask, Related searches"
kabel receiver für sky,Commercial,40,170,32,1.74,"Sitelinks, Reviews, Video, People also ask, Related searches, Popular products"
kabel receiver mit sky,Commercial,37,170,27,2.10,"Reviews, Video, Video carousel, People also ask, Related searches, Popular products, Ads bottom"
kitzbühel abfahrt live,"Informational, Transactional",32,170,34,0.00,"Video, Video carousel, People also ask, Related searches"
kostenlos fernsehen am laptop,"Informational, Commercial",38,170,25,0.36,"Sitelinks, AI Overview, Reviews, Video, Video carousel, People also ask, Related searches, Ads middle"
kostenlos fernsehen online ohne anmeldung,"Navigational, Transactional",31,170,55,0.00,"AI Overview, Reviews, Video, People also ask, Related searches, Ads bottom"
kostenlos fernsehen schauen ohne anmeldung,"Navigational, Transactional",31,170,40,0.00,"Sitelinks, Reviews, Video, People also ask, Related searches"
kostenlos tv online schauen,Commercial,38,170,50,1.00,"Reviews, Video, People also ask, Related searches"
kostenlose fussball live stream,Commercial,40,170,55,0.67,"Video, Related searches"
kostenlose fußball livestreams,Commercial,41,170,41,0.67,"Sitelinks, Related searches"
kostenlose live tv,Commercial,41,170,39,0.61,"Reviews, Video, Related searches"
kostenloser fussball stream,Commercial,40,170,51,0.78,"Sitelinks, AI Overview, Reviews, Video, People also ask, Related searches"
leichtathletik live stream heute,"Informational, Transactional",34,170,46,0.00,"Reviews, Video, People also ask, Related searches"
live pro tv gratis,Commercial,43,170,52,0.00,"Reviews, Video, People also ask, Related searches"
live rtl now,"Navigational, Transactional",34,170,50,0.26,"Reviews, Video, People also ask, Related searches"
live sport stream ru,Commercial,40,170,25,0.00,"Video, Related searches"
live stream com,Commercial,39,170,58,0.00,"Reviews, Video, People also ask, Related searches"
live stream ohne anmeldung,"Navigational, Transactional",38,170,40,0.36,"Sitelinks, Reviews, Video, Related searches"
live stream zdf sport,"Informational, Commercial",39,170,52,0.00,"Reviews, Video, Video carousel, People also ask, Top stories, Related searches, Ads top, Ads middle"
live streaming live,Commercial,40,170,83,1.06,"Reviews, Video, Related searches"
live streaming nogomet,Commercial,42,170,50,0.97,"Reviews, Video, Related searches"
live streams kostenlos,Commercial,39,170,64,0.71,"Sitelinks, Reviews, Video, People also ask, Top stories, Related searches"
live tv fußball kostenlos,Commercial,45,170,57,0.72,"Reviews, Video, Related searches"
live tv ru fussball,Commercial,40,170,30,0.00,"Video, Related searches"
live tv sx fussball,"Navigational, Transactional",39,170,18,1.78,"Reviews, People also ask, Related searches"
live übertragungen ru,Commercial,37,170,29,0.00,"Video, Video carousel, People also ask, Related searches"
livestream real barcelona,Commercial,36,170,19,1.16,"Reviews, Video, Related searches"
livestream skispringen ard,"Informational, Transactional",34,170,50,0.00,"Reviews, Video, Video carousel, Related searches"
livestream wm,Commercial,37,170,36,1.16,"Reviews, Video, People also ask, Top stories, Related searches"
livetv ru neu,"Navigational, Transactional",35,170,18,1.10,"Video, People also ask, Related searches"
livetv schalke,"Navigational, Transactional",40,170,19,0.91,"Video, People also ask, Related searches"
m.live tv,"Informational, Transactional",36,170,21,1.51,"Reviews, Video, People also ask, Related searches"
m3u4u,Commercial,47,170,14,0.00,"People also ask, Related searches"
magenta programm heute,"Informational, Transactional",30,170,30,0.00,"Reviews, Video, People also ask, Related searches"
magenta tv vs waipu,"Informational, Commercial",38,170,19,0.00,"Sitelinks, AI Overview, Reviews, Video, People also ask, Related searches"
mdr livestreams sport,"Informational, Transactional",47,170,40,1.24,"Reviews, Video, Video carousel, Related searches"
ml tv stick,"Informational, Transactional",45,170,30,0.39,"Reviews, Video, Video carousel, People also ask, Knowledge panel, Related searches, Ads middle"
mytv app,"Informational, Commercial",35,170,30,0.65,"AI Overview, Reviews, Video, People also ask, Related searches"
nations league livestream,Commercial,36,170,26,0.00,"Reviews, Video, Related searches"
nordic iptv,Commercial,45,170,13,0.00,"Sitelinks, AI Overview, People also ask, Related searches"
now tv deutschland,Commercial,32,170,43,1.32,"Reviews, Video, People also ask, Related searches"
online fernsehen kostenlos ohne anmeldung,"Navigational, Transactional",31,170,59,0.00,"Sitelinks, Reviews, Video, Related searches, Ads bottom"
online kostenlos fernsehen ohne anmeldung,"Navigational, Transactional",31,170,44,0.00,"AI Overview, Reviews, Video, People also ask, Related searches"
online tv schauen kostenlos,Commercial,36,170,47,0.89,"Sitelinks, Reviews, Video, People also ask, Related searches"
panel iptv reseller,Commercial,42,170,27,0.00,"Video, Related searches"
pluto tv bvb,"Informational, Transactional",44,170,25,0.15,"Reviews, Video, Video carousel, People also ask, Related searches"
premier league sky heute,Transactional,39,170,43,1.46,"Reviews, Video, People also ask, Related searches"
programm sky sport 1,"Informational, Transactional",47,170,28,0.00,"Reviews, Video, People also ask, Related searches"
prosieben kostenlos streamen,Commercial,34,170,41,0.48,"Reviews, Video, People also ask, Related searches"
real madrid spiel heute live kostenlos,Commercial,33,170,28,0.76,"Reviews, Video, People also ask, Related searches"
receiver für sky kabel,"Informational, Transactional",37,170,30,2.10,"Reviews, Video carousel, People also ask, Related searches, Popular products"
rtl ansehen live,"Navigational, Transactional",37,170,68,0.88,"Reviews, Video, People also ask, Related searches"
rtl de programma,"Navigational, Transactional",32,170,72,0.70,"Sitelinks, Video, People also ask, Related searches"
rtl gestern abend,"Informational, Transactional",31,170,34,0.71,"Video, People also ask, Related searches"
rtl gestern sendung verpasst,"Informational, Transactional",30,170,58,0.22,"Video, People also ask, Related searches"
rtl internet live,Transactional,39,170,49,0.94,"Sitelinks, Reviews, Video, People also ask, Related searches"
rtl kostenlos anschauen live,Commercial,37,170,44,0.79,"Reviews, Video, People also ask, Related searches, Ads bottom"
rtl kostenlos live ansehen,Commercial,37,170,51,1.24,"Sitelinks, Reviews, Video, People also ask, Related searches, Ads middle"
rtl kostenlos und ohne anmeldung,"Navigational, Transactional",33,170,29,0.00,"AI Overview, Reviews, Image, Video, People also ask, Related searches"
rtl l,"Navigational, Transactional",33,170,87,0.61,"Sitelinks, Reviews, Video, People also ask, Related searches"
rtl live anschauen kostenlos,Transactional,37,170,47,0.79,"Reviews, Video, People also ask, Related searches"
rtl live fußball stream,"Navigational, Transactional",41,170,47,0.91,"Sitelinks, Reviews, Video, Related searches"
rtl live kostenlos sehen,Commercial,37,170,55,1.00,"Reviews, Video, People also ask, Related searches"
rtl live youtube,"Navigational, Transactional",43,170,,0.00,"Video, Video carousel, People also ask, Related searches"
rtl live übertragung,"Navigational, Transactional",38,170,50,0.67,"Sitelinks, Reviews, Video, People also ask, Top stories, Related searches"
rtl livestream de,Commercial,38,170,50,0.71,"Reviews, Video, People also ask, Related searches"
rtl livestream formel 1,Transactional,37,170,38,0.00,"Reviews, Video, Video carousel, People also ask, Related searches"
rtl now live,"Navigational, Transactional",37,170,50,0.29,"Reviews, Video, People also ask, Related searches, Ads bottom"
rtl television live heute,"Informational, Transactional",43,170,68,0.40,"Video, People also ask, Related searches"
rtl tv livestream,"Navigational, Transactional",41,170,48,0.74,"Sitelinks, Reviews, Video, People also ask, Top stories, Related searches"
rtl2 kostenlos anschauen,Commercial,37,170,34,0.00,"AI Overview, Reviews, Video, People also ask, Related searches"
rtl2 live streamen,Commercial,39,170,24,0.85,"Reviews, Video, People also ask, Related searches, Ads bottom"
rtl2 streaming,Commercial,39,170,40,0.73,"Video, People also ask, Related searches, Ads top"
ru sport stream,"Informational, Commercial",42,170,52,0.00,"Video, People also ask, Related searches"
set top boxen,Commercial,46,170,14,0.54,"Sitelinks, Image, Image pack, Video, People also ask, Related searches, Popular products"
sexy sport clips video,"Informational, Transactional",39,170,29,0.00,"Video carousel, Short videos, People also ask"
sky 2 bundesliga einzelspiele,"Navigational, Transactional",39,170,35,0.62,"Sitelinks, Reviews, Video, People also ask, Related searches"
sky bundesliga highlights,"Navigational, Transactional",35,170,32,1.71,"Sitelinks, Video, People also ask"
sky conference league heute,"Navigational, Transactional",43,170,24,0.00,"Reviews, Video, Related searches"
sky dazn angebote,Transactional,34,170,40,1.18,"Reviews, Video, People also ask, Related searches, Ads top, Ads middle"
sky einzelne spiele kaufen,Transactional,33,170,34,3.49,"Reviews, Video, People also ask, Related searches"
sky formel 1 abo,Transactional,38,170,55,0.77,"Reviews, Video, People also ask, Related searches, Ads top, Ads middle"
sky live stream kostenlos,"Navigational, Transactional",39,170,48,0.58,"Reviews, Video, People also ask, Related searches"
sky premier league heute,"Navigational, Transactional",38,170,40,1.53,"Reviews, Video, Related searches"
sky q iptv box kaufen,Transactional,43,170,27,0.00,"Reviews, Video, People also ask, Related searches, Popular products"
sky rabatte,Transactional,32,170,46,0.88,"Sitelinks, AI Overview, Reviews, Video, People also ask, Related searches, Ads bottom"
sky reciever,Transactional,36,170,35,1.97,"Reviews, Image, Image pack, People also ask, Related searches, Popular products"
sky spiel kaufen,Transactional,34,170,22,2.36,"Reviews, Video, People also ask, Related searches, Popular products"
sky sport live fußball heute,"Navigational, Transactional",44,170,60,0.00,"Sitelinks, Video, People also ask, Related searches"
sky sprots,"Informational, Commercial",42,170,83,2.87,"Video, People also ask, Knowledge panel, Top stories, Related searches, See results about"
sky video,"Navigational, Transactional",34,170,46,1.22,"Sitelinks, Video, Related searches"
sky youtube,"Navigational, Transactional",40,170,60,0.00,"Video, Video carousel, People also ask, Related searches"
smart iptv smart tv,"Informational, Transactional",55,170,31,0.00,"Reviews, Video, Video carousel, People also ask, Related searches"
smart tv smart box,Commercial,42,170,30,0.96,"Sitelinks, Reviews, Video, Video carousel, People also ask, Related searches, Popular products"
smarters players lite,"Informational, Commercial",32,170,40,0.32,"Reviews, Video, People also ask, Knowledge panel, Related searches"
sport de tennis live,"Navigational, Transactional",39,170,54,0.00,"Video, Related searches"
sport live streams kostenlos,Commercial,43,170,44,0.75,"Sitelinks, Video, Related searches"
sport tv live ru,"Informational, Commercial",44,170,65,0.00,"Reviews, Video, Related searches"
sport1 mediathek live,"Navigational, Transactional",46,170,81,0.33,"Reviews, Video, People also ask, Related searches"
sportf,Commercial,41,170,100,0.96,"Video, Top stories, Related searches"
sportprogramm sky,"Navigational, Transactional",42,170,30,0.00,"Sitelinks, People also ask, Related searches"
sportschau live das erste,"Navigational, Transactional",37,170,77,0.00,"Reviews, Video, Top stories, Related searches"
sportschau livestreams,"Navigational, Transactional",43,170,66,1.12,"Reviews, Video, Related searches"
sportschau tv programm,"Informational, Transactional",41,170,50,0.00,"Video, Knowledge panel, Related searches"
stick stream,Commercial,36,170,25,0.89,"Reviews, Video, People also ask, Related searches"
stream de,Commercial,39,170,60,1.14,"Reviews, Video, People also ask, Related searches"
stream tv live free,Commercial,36,170,55,1.58,"Reviews, Video, People also ask, Related searches"
stream tv show online,Commercial,33,170,67,1.33,"AI Overview, Reviews, Video, People also ask, Related searches"
streaming geräte,"Informational, Commercial",41,170,30,0.94,"People also ask, Related searches, Popular products"
streaming pakete vergleich,"Informational, Commercial",42,170,33,1.39,"AI Overview, Reviews, Video, People also ask, Related searches"
streaming seiten sport,Commercial,46,170,89,2.31,"Video, People also ask, Related searches"
streaming sticks for tv,Commercial,43,170,30,0.81,"Sitelinks, Reviews, Video, Video carousel, People also ask, Related searches, Popular products"
strong iptv 8k,Commercial,45,170,0,0.00,"Video, Related searches"
super tennis live,"Informational, Transactional",33,170,37,0.00,"Reviews, Video, People also ask, Related searches"
telekom mega sport,Transactional,38,170,24,3.61,"Reviews, Video, People also ask, Related searches, Ads top, Ads bottom"
top 10 streaming dienste,"Informational, Commercial",46,170,39,1.08,"AI Overview, Video, People also ask, Related searches"
tv live ohne anmeldung,"Navigational, Transactional",39,170,48,0.00,"Sitelinks, Reviews, Video, People also ask, Related searches"
tv livestream free,Commercial,38,170,60,1.58,"Reviews, Video, Top stories, Related searches"
tv online deutsch,Commercial,38,170,60,0.64,"Reviews, Video, Video carousel, People also ask, Related searches, Ads middle"
tv online kostenlos schauen,Commercial,36,170,50,0.89,"Reviews, Video, People also ask, Related searches, Ads bottom"
tv online schauen kostenlos,Commercial,38,170,50,1.32,"Reviews, Video, People also ask, Related searches"
tv paket,Commercial,40,170,61,2.29,"Reviews, Video, People also ask, Related searches, Ads top, Ads bottom"
tv programm live stream,Commercial,42,170,72,0.71,"Reviews, Video, People also ask, Related searches, Ads bottom"
tv programm sportschau,"Informational, Transactional",38,170,50,0.00,"Video, People also ask, Knowledge panel, Related searches"
tv rtl2 live,Commercial,39,170,40,0.88,"Reviews, Video, People also ask, Related searches"
tv schauen gratis,Commercial,36,170,38,0.46,"Reviews, Video, People also ask, Related searches"
tv streamen kostenlos ohne anmeldung,"Navigational, Transactional",32,170,47,0.00,"Sitelinks, Reviews, Video, Related searches"
tv streaming anbieter vergleich,Commercial,42,170,36,1.88,"Sitelinks, AI Overview, Reviews, Video, People also ask, Related searches, Ads top, Ads bottom"
tv streaming app,Commercial,44,170,45,1.96,"AI Overview, Reviews, Video, People also ask, Related searches"
tv streaming kostenlos ohne anmeldung,"Navigational, Transactional",35,170,56,0.00,"Sitelinks, AI Overview, Reviews, Video, People also ask, Related searches"
tv und internet vergleich,Commercial,40,170,40,2.26,"Sitelinks, Reviews, Video, People also ask, Related searches"
türkische iptv,Commercial,51,170,14,0.00,"Reviews, Image, Video, People also ask, Related searches"
türkische kanal,Commercial,34,170,22,2.06,"Sitelinks, Reviews, Image, Video, People also ask, Related searches, Ads bottom"
türkische tv sender,"Informational, Commercial",38,170,21,1.95,"Sitelinks, AI Overview, Reviews, Image, Video, People also ask, Related searches"
usb tv stick,Commercial,37,170,21,0.70,"Sitelinks, Video, People also ask, Related searches, Popular products"
vergleich internet fernsehen,Commercial,41,170,37,1.61,"Sitelinks, AI Overview, Reviews, Video, People also ask, Related searches"
vergleich internet und tv,Commercial,37,170,39,2.26,"Reviews, Video, People also ask, Related searches"
vergleich streaming dienste,Commercial,39,170,36,1.79,"AI Overview, Reviews, Video, People also ask, Related searches"
viva iptv,"Informational, Commercial",47,170,23,0.00,"AI Overview, Reviews, People also ask"
vpn bundesliga,Commercial,35,170,37,0.00,"Sitelinks, Reviews, Video, People also ask, Related searches"
welcher streaming anbieter ist der beste,Commercial,37,170,40,1.89,"AI Overview, Reviews, Video, Video carousel, People also ask, Related searches"
wlan für sky receiver,"Informational, Transactional",34,170,27,1.30,"Reviews, Video carousel, People also ask, Related searches"
wow netflix,Commercial,35,170,32,0.00,"AI Overview, Reviews, Video, People also ask, Related searches"
www mediathek de rtl,"Navigational, Transactional",32,170,57,0.15,"Reviews, Video, People also ask"
zdf livestream eishockey,"Navigational, Transactional",44,170,48,0.00,"Reviews, Video, Video carousel, People also ask, Related searches"
zdf livestream wm,"Informational, Transactional",34,170,50,0.00,"Reviews, Video, Video carousel, Top stories, Related searches"
zdf sport programm heute,"Informational, Transactional",36,170,50,0.00,"Video, Video carousel, People also ask, Related searches"
zdf sport stream,"Informational, Transactional",42,170,55,0.01,"Reviews, Video, People also ask, Related searches"
zdfsport live,"Informational, Transactional",37,170,47,0.08,"Reviews, Video, People also ask, Related searches"
ıptv free,"Informational, Transactional",51,170,55,0.90,"Reviews, Video, Video carousel, People also ask, Related searches"
1und1 tv-app,"Informational, Transactional",39,140,36,1.51,"Reviews, Video, People also ask, Related searches"
2 bundesliga gucken,Commercial,42,140,34,1.02,"Reviews, Video, Related searches, Ads bottom"
2 bundesliga im fernsehen,Commercial,41,140,37,0.84,"Reviews, Video, Related searches, Ads top"
2. bundesliga übertragung heute,Commercial,37,140,32,0.77,"Reviews, Video, People also ask, Related searches"
2ix2rtl,"Navigational, Transactional",31,140,35,1.44,"AI Overview, Reviews, Related searches"
3 liga sportschau live,"Navigational, Transactional",45,140,60,0.00,"Video, Related searches"
3. liga live wdr,"Navigational, Transactional",45,140,47,1.13,"Reviews, Video, Related searches"
4k android tv stick,"Informational, Commercial",39,140,23,0.38,"Sitelinks, Reviews, Video, Video carousel, People also ask, Related searches, Popular products"
4kiptv,Commercial,47,140,38,0.93,"Video, People also ask, Related searches"
amazon fire tv stick vergleich,Commercial,31,140,25,0.54,"Sitelinks, Reviews, Video, People also ask, Related searches"
ard programm sportschau,Transactional,36,140,51,0.00,"Video, People also ask, Top stories, Related searches"
ard sportschau heute im tv,"Informational, Transactional",47,140,47,0.00,"Video, People also ask, Related searches"
audio stream sportschau,"Navigational, Transactional",47,140,47,0.00,"Video, People also ask, Related searches"
bayern live stream heute,Commercial,38,140,32,0.99,"Reviews, Video, People also ask, Related searches"
best iptv app,Commercial,47,140,21,0.00,"AI Overview, Reviews, Video, Video carousel, People also ask, Related searches"
best tv for firestick,Commercial,38,140,47,0.41,"Sitelinks, Video, People also ask, Related searches, Popular products, Ads bottom"
beste iptv app für android tv,Commercial,49,140,20,0.00,"Sitelinks, AI Overview, Reviews, Video, Video carousel, People also ask, Related searches"
beste tv anbieter,Commercial,43,140,32,1.75,"Sitelinks, AI Overview, Reviews, Video, People also ask, Related searches, Ads top, Ads middle"
beste tv app,Commercial,42,140,37,2.01,"AI Overview, Reviews, Video, People also ask, Related searches"
bester tv streaming dienst,Commercial,43,140,39,2.13,"Sitelinks, AI Overview, Reviews, Video, People also ask, Related searches"
bestes iptv deutschland,Commercial,47,140,22,0.00,"Sitelinks, AI Overview, Video, People also ask"
black friday angebote sky,Transactional,30,140,31,0.00,"Reviews, Image, Video, People also ask, Related searches"
boxen im tv heute live,Commercial,38,140,20,0.00,"Reviews, Video, People also ask, Related searches"
bridge v+,"Informational, Transactional",44,140,39,0.00,"Reviews, People also ask, Knowledge panel"
bundesliga gucken kostenlos,Commercial,40,140,35,0.79,"Sitelinks, AI Overview, Reviews, Video, People also ask, Related searches"
bundesliga kostenlos gucken,Commercial,41,140,30,1.01,"Reviews, Video, People also ask, Related searches"
bundesliga live auf sky,"Navigational, Transactional",41,140,48,0.77,"Reviews, Video, Related searches"
bundesliga live free tv,Commercial,41,140,45,0.00,"Reviews, Video, Related searches"
bundesliga live im tv,Commercial,45,140,33,1.01,"Reviews, Video, People also ask, Top stories, Related searches"
bundesliga live streams ru,"Informational, Commercial",38,140,24,1.47,"Sitelinks, Video, Related searches"
bundesliga stream live ru,Commercial,38,140,24,1.47,"Sitelinks, Video, Related searches"
bundesliga stream online,Commercial,41,140,53,1.93,"Reviews, Video, People also ask, Related searches"
bundesliga streams.net,Commercial,38,140,20,0.00,"Sitelinks, People also ask"
bundesliga streamz,Commercial,41,140,38,2.06,"Sitelinks, Reviews, Video, People also ask, Related searches"
bvb-spiel,"Informational, Transactional",44,140,53,0.52,"Video, People also ask, Knowledge panel, Related searches"
das erste sport live,"Informational, Transactional",41,140,75,0.00,"Video, Video carousel, Related searches"
deutsch tv online,Commercial,37,140,55,0.74,"Reviews, Video, Related searches"
deutsche kanäle live,Commercial,36,140,34,1.03,"Reviews, Video, Related searches, Ads bottom"
deutsche tv sender,Commercial,38,140,41,0.92,"Sitelinks, Reviews, Video, People also ask, Related searches"
deutsches fernsehen im internet im ausland kostenlos,Commercial,41,140,30,0.71,"Sitelinks, AI Overview, Reviews, Video, Video carousel, People also ask, Related searches, Ads top, Ads middle"
deutschland england heute live im tv,Commercial,35,140,32,0.00,"Reviews, Video, People also ask, Related searches"
deutschland schweiz free tv,"Informational, Commercial",46,140,36,0.00,"Featured snippet, Reviews, Video, People also ask, Related searches"
dfb pokal live stream zdf,"Navigational, Transactional",36,140,52,0.00,"Sitelinks, Reviews, Video, People also ask, Related searches"
dfb-pokal live stream illegal,Commercial,38,140,15,0.00,"Sitelinks, Reviews, Video, Related searches, Ads middle"
dynamo live stream,Commercial,35,140,29,1.04,"Video, People also ask, Related searches"
eishockey im livestream,Commercial,44,140,36,0.18,"Video, People also ask, Related searches"
euro sports 1 live,Commercial,44,140,55,0.26,"Reviews, Video, People also ask, Related searches"
fck übertragung,Commercial,32,140,29,0.00,"Reviews, Video, Related searches"
fck-spiel heute live übertragung,Commercial,37,140,33,0.68,"Reviews, Related searches"
fernseh gucken internet,"Informational, Commercial",38,140,35,1.36,"AI Overview, Reviews, Video, Video carousel, People also ask, Related searches, Ads bottom, Ads middle"
fernseh gucken online,Commercial,39,140,47,2.02,"Sitelinks, Reviews, Video, People also ask, Related searches"
fernseh online schauen,Commercial,39,140,59,1.69,"Reviews, Video, People also ask, Related searches, Ads bottom"
fernseh stream online,Commercial,39,140,60,1.94,"Reviews, Video, Related searches"
fernsehen free,Commercial,38,140,62,1.39,"AI Overview, Reviews, Video, People also ask, Top stories, Related searches"
fernsehen live stream rtl,Transactional,39,140,43,0.65,"Sitelinks, Video, People also ask, Related searches"
fernsehen online kostenlos ohne anmeldung,"Navigational, Transactional",34,140,39,0.00,"Sitelinks, Reviews, Video, Related searches"
fernsehen rtl live stream,"Navigational, Transactional",39,140,49,0.56,"Sitelinks, Reviews, Video, People also ask, Related searches"
fernsehen über pc,Commercial,39,140,32,0.68,"AI Overview, Reviews, Video, People also ask, Related searches, Ads bottom, Ads middle"
fire tv stick vergleich tabelle,"Informational, Commercial",32,140,21,0.33,"Sitelinks, Image pack, Video, People also ask, Related searches"
flixy tv stick amazon,"Navigational, Transactional",45,140,34,0.64,"Video, People also ask, Related searches, Popular products"
free fussball,Commercial,36,140,51,0.49,"Video, Top stories, Related searches, Ads bottom"
free iptv mu3,"Informational, Transactional",48,140,40,0.00,"Reviews, Video, Video carousel, People also ask, Related searches"
free iptv player,"Informational, Commercial",52,140,37,0.00,"AI Overview, Reviews, Video, People also ask, Related searches"
free m3u tv playlist,"Informational, Commercial",47,140,41,1.43,"Sitelinks, AI Overview, Reviews, Video, Video carousel, People also ask, Related searches"
free web tv streaming,Commercial,41,140,58,1.35,"Reviews, Video, People also ask, Related searches, Ads bottom"
fussball bei sky,"Navigational, Transactional",42,140,51,1.01,"Reviews, Video, People also ask, Related searches"
fussball live kostenlos,Commercial,42,140,56,0.60,"Video, Related searches"
fussball schauen live kostenlos,Commercial,41,140,55,0.68,"Reviews, Video, People also ask, Related searches, Ads bottom"
fußball kostenlos,Commercial,40,140,66,0.78,"Reviews, Video, People also ask, Related searches"
fußball live schauen kostenlos,Commercial,43,140,59,0.51,"Video, Top stories, Related searches, Ads middle"
fußball livestream free,Commercial,42,140,53,0.63,"Sitelinks, Video, Related searches"
fußball online schauen,Commercial,46,140,61,0.92,"Reviews, Video, Related searches"
fußball streamen kostenlos,Commercial,44,140,40,0.91,"Sitelinks, Reviews, Video, People also ask, Related searches, Ads bottom"
fußball-livestream,Commercial,43,140,70,0.96,"Reviews, Video, People also ask, Top stories, Related searches"
german ip tv,Commercial,47,140,10,0.87,"AI Overview, Video, People also ask, Related searches"
german iptv erfahrungen,"Informational, Commercial",44,140,22,0.00,"Sitelinks, AI Overview, Reviews, Video, Video carousel, People also ask, Related searches"
germany vs portugal stream,"Informational, Commercial",37,140,24,0.00,"Reviews, Video, Video carousel, People also ask, Related searches"
greek vpn,Commercial,49,140,52,0.00,"Reviews, Video, Related searches"
günstig bundesliga schauen,Commercial,40,140,42,0.71,"Sitelinks, AI Overview, Reviews, Video, Related searches"
günstig fernsehen,Commercial,41,140,41,0.29,"AI Overview, Reviews, Video, Video carousel, People also ask, Related searches"
handball magdeburg heute live stream,Commercial,36,140,23,0.00,"Reviews, Video, People also ask, Related searches"
handyvertrag mit fernseher 65 zoll,Commercial,35,140,19,1.07,"Reviews, People also ask, Related searches, Popular products, Ads bottom"
handyvertrag mit fernseher 75 zoll,Commercial,31,140,9,0.90,Related searches
hertha live tv,Commercial,38,140,33,1.00,"Reviews, Video, People also ask, Related searches"
hsv live stream free,Commercial,35,140,23,0.00,"Reviews, Video, People also ask, Related searches"
http livetv ru,"Navigational, Transactional",38,140,16,0.00,"Video, Related searches"
illegal fußball schauen,Commercial,39,140,40,0.65,"Sitelinks, AI Overview, Video, Video carousel, Related searches"
internet tv stream,Commercial,49,140,58,2.41,"AI Overview, Reviews, Video, People also ask, Knowledge panel, Related searches"
internet tv via,Commercial,43,140,33,1.52,"Reviews, Video, People also ask, Related searches, Ads top, Ads middle"
ip tv app windows,"Informational, Commercial",55,140,33,0.00,"Sitelinks, AI Overview, Reviews, Video, Video carousel, People also ask, Related searches"
ip tv reddit,"Navigational, Transactional",47,140,36,0.00,"AI Overview, Related searches"
iptv 8k,Commercial,47,140,5,0.00,"Reviews, Video, People also ask, Related searches"
iptv amazon fire tv stick,Transactional,53,140,27,0.00,"Sitelinks, Video, Video carousel, People also ask, Related searches, Popular products"
iptv apk pro,Commercial,44,140,25,0.00,"Reviews, Video, Related searches"
iptv apps windows,"Informational, Commercial",50,140,31,0.00,"AI Overview, Reviews, Video, Video carousel, Related searches"
iptv europe,"Informational, Commercial",54,140,31,1.02,"AI Overview, Video, Video carousel, People also ask, Related searches"
iptv liste kaufen,Commercial,53,140,1,0.00,"AI Overview, People also ask, Related searches"
iptv nordic,Commercial,41,140,3,0.00,"Reviews, Video, Related searches"
iptv online kaufen,Commercial,54,140,22,0.00,"Video, People also ask, Related searches, Popular products"
iptv panel,Commercial,45,140,8,0.00,"Video, People also ask, Related searches"
iptv player apkpure,"Navigational, Transactional",55,140,20,0.00,"AI Overview, Reviews, Related searches"
iptv player pc,Commercial,44,140,26,0.00,"Sitelinks, Reviews, Video, Video carousel, Related searches"
iptv portuguese,Commercial,47,140,46,0.00,"People also ask, Related searches"
iptv resellers panel,Commercial,42,140,20,0.00,"Video, Video carousel, Related searches"
iptv samsung app,Commercial,45,140,29,0.00,"Video, Video carousel, People also ask, Related searches"
iptv shop,Commercial,49,140,17,0.00,"AI Overview, Video, People also ask, Related searches"
iptv smarters app,Commercial,47,140,42,0.00,"Reviews, Video, Video carousel, People also ask, Related searches"
iptv smarters pro download pc,Commercial,48,140,36,0.00,"Video carousel, People also ask, Related searches"
iptv smarters pro kaufen,Transactional,45,140,6,0.00,"People also ask, Related searches"
iptv smarters pro pc,"Informational, Transactional",45,140,31,0.00,"Reviews, Video, Related searches"
iptv stream player windows,"Informational, Commercial",45,140,30,0.00,"AI Overview, Reviews, Video, People also ask, Related searches"
iptv türk,Commercial,47,140,26,0.00,"AI Overview, Reviews, Related searches"
iptv vergleich,Commercial,49,140,37,0.00,"AI Overview, Reviews, Video, People also ask, Related searches"
iptv-anbieter liste,"Informational, Commercial",46,140,30,0.00,"Sitelinks, AI Overview, Video, People also ask, Related searches"
iptv-smarters-pro,"Informational, Commercial",48,140,38,0.00,"AI Overview, Reviews, Video, Video carousel, People also ask, Related searches"
iptvdeutschland,Commercial,45,140,12,1.35,"AI Overview, Video, Video carousel, People also ask, Related searches"
joyn nitro,"Navigational, Transactional",28,140,66,0.84,"Sitelinks, Reviews, People also ask, Related searches"
kabel für sky receiver,"Informational, Commercial",38,140,27,1.74,"Sitelinks, Reviews, Video, People also ask, Related searches, Popular products"
kostenlos fernsehen streamen,Commercial,37,140,55,0.90,"Reviews, Video, Video carousel, People also ask, Knowledge panel, Related searches, Ads middle"
kostenlos fussball live,Commercial,41,140,62,0.60,"Video, Top stories, Related searches"
kostenlos online schauen tv,Commercial,39,140,42,1.00,"AI Overview, Reviews, Video, Related searches"
kostenlos stream,Commercial,36,140,56,0.87,"Reviews, Image, Video, People also ask, Top stories, Related searches"
kostenlos tv ohne anmeldung,"Navigational, Transactional",35,140,36,0.67,"Sitelinks, Reviews, Video, Related searches"
kostenlos tv schauen auf handy,Commercial,44,140,34,0.53,"AI Overview, Reviews, Video, Video carousel, People also ask, Related searches, Ads top, Ads bottom"
kostenlos tv schauen online,Commercial,33,140,44,0.89,"Reviews, Video, Related searches, Ads bottom"
kostenlose stream,Commercial,36,140,59,0.76,"Reviews, Video, People also ask, Related searches, Ads bottom"
leichtathletik heute live,"Navigational, Transactional",35,140,48,0.00,"Reviews, Video, People also ask, Top stories, Related searches"
let's dance rtl now,"Navigational, Transactional",32,140,44,0.46,"Sitelinks, Reviews, Video, Video carousel, People also ask, Related searches"
live anschauen,"Informational, Transactional",37,140,77,0.92,"Video, People also ask, Knowledge panel, Related searches"
live fernsehen rtl kostenlos,Commercial,37,140,48,0.94,"AI Overview, Reviews, Video, People also ask, Related searches, Ads bottom"
live fernsehen stream,Commercial,42,140,70,1.26,"Reviews, Video, People also ask, Related searches, Ads top, Ads bottom"
live free,Commercial,24,140,61,0.00,"Reviews, Video, People also ask, Top stories, Related searches"
live free tv-stream,Commercial,43,140,57,0.95,"Reviews, Video, Top stories, Related searches"
live fussball stream free,Commercial,40,140,53,0.00,"Sitelinks, Video, Top stories, Related searches"
live rtl2 schauen,Commercial,39,140,32,0.80,"Reviews, Video, People also ask, Related searches"
live stadium stream,Commercial,41,140,52,1.99,"Reviews, Video, Related searches"
live stream 2 liga kostenlos,"Informational, Commercial",42,140,26,0.60,"Reviews, Video, People also ask, Related searches"
live stream kostenlos fußball,Commercial,41,140,33,0.67,"Reviews, Video, People also ask, Top stories, Related searches"
live stream sportschau bundesliga,"Navigational, Transactional",37,140,59,0.00,"Reviews, Video, Related searches"
live streaming apps,Commercial,36,140,21,1.23,"Reviews, Video, People also ask, Related searches, Ads bottom"
live tv ru football,"Informational, Transactional",41,140,22,0.00,"Video, Video carousel, Related searches"
live tv ru übertragung,"Informational, Commercial",38,140,22,1.05,"Reviews, Related searches"
live tv sport1,"Navigational, Transactional",47,140,74,0.35,"Reviews, Video, People also ask, Related searches"
live tv.com,Commercial,37,140,65,1.26,"Reviews, Video, People also ask"
live-fernsehen,Commercial,47,140,92,0.77,"Reviews, Video, Video carousel, People also ask, Related searches"
livestream fusball,Commercial,37,140,65,0.76,"Reviews, Video, People also ask, Top stories, Related searches"
livestream fußball bundesliga,Commercial,42,140,44,1.62,"Reviews, Video, People also ask, Related searches"
livestream spanien deutschland,"Informational, Transactional",36,140,37,0.00,"Reviews, Video, Video carousel, People also ask, Top stories, Related searches"
livestream vierschanzentournee,"Informational, Transactional",35,140,32,0.00,"Reviews, Video, People also ask, Related searches"
livetv stream ru,"Navigational, Transactional",39,140,18,1.65,"People also ask, Related searches"
livetvstream,Commercial,38,140,67,1.08,"Reviews, Video, Video carousel, Related searches"
m3u list,Commercial,36,140,25,0.61,"Reviews, Video, Video carousel, People also ask, Related searches"
magyar television,Commercial,46,140,52,0.00,"Reviews, Video, People also ask, Related searches"
ndr fußball 3. liga heute,"Navigational, Transactional",45,140,53,0.00,"Sitelinks, Reviews, Video, Related searches"
online fußball schauen,Commercial,43,140,58,0.92,"Reviews, Video, Related searches"
online kostenlos tv schauen,Commercial,36,140,50,0.89,"Reviews, Video, People also ask, Related searches, Ads bottom"
online stream fernsehen,Commercial,41,140,68,1.94,"Reviews, Video, Related searches, Ads bottom"
online stream kostenlos,Commercial,34,140,52,0.00,"Reviews, Video, People also ask, Top stories, Related searches"
online tv free,Commercial,37,140,49,1.22,"AI Overview, Reviews, Video, Related searches"
online tv gucken,Commercial,40,140,46,2.42,"Reviews, Video, People also ask, Related searches"
online tv ohne anmeldung,Transactional,36,140,46,8.29,"Reviews, Video, Related searches"
porn iptv,Commercial,46,140,1,0.00,People also ask
premier lig live,"Informational, Transactional",44,140,54,0.94,"Reviews, Video, People also ask, Knowledge panel, Related searches"
pro 7 live stream kostenlos ohne anmeldung,Transactional,37,140,33,0.34,"Reviews, Video, People also ask, Related searches"
program eurosport 2,"Informational, Commercial",37,140,31,0.00,"Reviews, Video, People also ask"
programm rtlplus,Commercial,34,140,46,0.33,"Reviews, People also ask, Related searches, Ads top, Ads bottom"
programm sportschau,"Navigational, Transactional",39,140,46,0.00,"Video, Related searches"
programme rtl tv,Commercial,32,140,40,0.00,"Video, People also ask, Related searches"
prosieben live schauen,Commercial,35,140,49,0.47,"Reviews, Video, People also ask, Related searches"
punkt 12 live,"Informational, Transactional",30,140,29,0.48,"Reviews, Video, People also ask, Related searches"
reseller iptv panel,Commercial,43,140,29,0.00,"Video, Video carousel, Related searches"
rlt live stream,"Navigational, Transactional",38,140,43,0.60,"Sitelinks, Reviews, Video, People also ask, Top stories, Related searches"
rtl aktuell livestream,"Informational, Transactional",37,140,67,0.00,"Reviews, Video, People also ask, Related searches"
rtl com,"Navigational, Transactional",32,140,70,1.27,"Sitelinks, Reviews, Video, People also ask, Related searches"
rtl de livestream,"Navigational, Transactional",38,140,49,0.96,"Reviews, Video, People also ask, Related searches"
rtl film heute,Commercial,33,140,39,0.00,"Video, People also ask, Related searches"
rtl germany live,Transactional,36,140,75,0.50,"Reviews, Video, Video carousel, People also ask, Related searches, Ads bottom"
rtl hr live stream,Transactional,36,140,35,0.99,"Reviews, Video, People also ask, Related searches"
rtl kostenlos live anschauen,Commercial,37,140,48,1.24,"Sitelinks, AI Overview, Reviews, Video, People also ask, Related searches"
rtl kostenlose,"Navigational, Transactional",35,140,58,0.89,"Reviews, Video, People also ask, Related searches"
rtl kostenloser livestream,Commercial,38,140,42,1.01,"Sitelinks, Reviews, Video, People also ask, Related searches, Ads top, Ads middle"
rtl life streamen,"Navigational, Transactional",37,140,35,0.63,"Reviews, Video, People also ask, Related searches"
rtl live gratis,Commercial,37,140,55,1.37,"Sitelinks, Reviews, Video, People also ask, Related searches"
rtl live stream online free,Commercial,37,140,51,0.00,"Sitelinks, AI Overview, Reviews, Video, People also ask, Related searches"
rtl live stresm,Commercial,36,140,50,0.00,"Reviews, Video, People also ask, Related searches"
rtl livestream kostenlos und ohne anmeldung,"Navigational, Transactional",43,140,42,0.00,"Sitelinks, Video, People also ask, Related searches"
rtl livw,"Navigational, Transactional",35,140,62,0.47,"Reviews, Video, People also ask, Top stories, Related searches"
rtl nitro 2ix2,"Navigational, Transactional",36,140,29,0.00,"Reviews, Video, Related searches"
rtl plus app download,Commercial,33,140,36,0.39,"Reviews, People also ask, Related searches"
rtl plus live stream kostenlos ohne anmeldung,Transactional,32,140,54,0.00,"AI Overview, Reviews, Video, People also ask, Related searches"
rtl plus live tv,"Navigational, Transactional",42,140,42,0.64,"Sitelinks, Reviews, Video, People also ask, Related searches"
rtl plus mitgliedschaft,"Navigational, Transactional",35,140,49,1.45,"Reviews, Video, Video carousel, People also ask, Related searches"
rtl sehen,"Navigational, Transactional",40,140,61,0.74,"Reviews, Video, People also ask, Related searches, Ads top, Ads bottom"
rtl spezial heute,"Informational, Transactional",32,140,46,0.00,"Sitelinks, Video, People also ask, Related searches"
rtl tv live stream,"Navigational, Transactional",39,140,46,0.90,"Sitelinks, Reviews, Video, People also ask, Related searches"
rtl tv login,"Navigational, Transactional",37,140,39,0.43,"AI Overview, Reviews, Video, People also ask, Related searches"
rtl tv uživo,"Navigational, Transactional",37,140,39,0.93,"Reviews, Video, Related searches"
rtl umsonst streamen,Commercial,35,140,46,2.10,"Sitelinks, AI Overview, Reviews, Video, Video carousel, People also ask, Related searches"
rtl von gestern abend,Transactional,31,140,38,0.71,"Video, People also ask"
rtl2 kostenlos ohne anmeldung,"Navigational, Transactional",31,140,28,0.00,"Reviews, Video, People also ask, Related searches"
rtl2 programm live,Commercial,37,140,41,0.64,"Reviews, Video, People also ask, Related searches"
rtl2 schauen live,Commercial,38,140,35,0.80,"Reviews, Video, People also ask, Related searches"
sat 1 live stream kostenlos ohne anmeldung 2ix2,"Navigational, Transactional",35,140,45,0.00,"Sitelinks, Reviews, Video, Related searches"
sat 1 live streaming kostenlos,Commercial,41,140,40,0.29,"Reviews, Video, People also ask, Related searches"
sendung verpasst rtl unter uns,"Informational, Transactional",28,140,34,0.00,"Sitelinks, Video, People also ask, Top stories, Related searches"
serbien live tv,Commercial,36,140,22,0.00,"Reviews, Video, People also ask, Related searches"
sky bei telekom,Commercial,36,140,23,0.67,"AI Overview, People also ask, Related searches, Ads bottom, Ads middle"
sky bestandskunden,Transactional,34,140,28,2.55,"AI Overview, Reviews, People also ask, Related searches"
sky bundesliga-konferenz heute,"Navigational, Transactional",43,140,35,0.00,"Sitelinks, Video, Related searches"
sky fussball heute,"Navigational, Transactional",37,140,45,1.10,"People also ask, Related searches"
sky fussball live,"Informational, Transactional",42,140,55,1.31,"Video, People also ask, Related searches"
sky konferenz letzter spieltag,Transactional,43,140,,0.56,"Video, People also ask, Related searches, Ads bottom"
sky q reciever,"Informational, Transactional",35,140,28,1.84,"AI Overview, Reviews, Video, People also ask, Related searches, Ads bottom"
sky receiver für kabel,"Informational, Transactional",40,140,30,1.74,"Reviews, Video carousel, People also ask, Related searches, Popular products, Ads bottom"
sky receiver für satellit,"Informational, Transactional",36,140,33,1.59,"Reviews, Video, People also ask, Related searches, Popular products, Ads middle"
sky sport 1 live heute,"Navigational, Transactional",44,140,59,0.00,"Video, People also ask, Related searches"
sky sportprogramm,Transactional,42,140,38,0.00,"Reviews, People also ask, Related searches"
sky und dazn kombi,"Informational, Transactional",35,140,39,2.01,"Reviews, People also ask, Related searches"
skysports live,Transactional,39,140,65,0.93,"Video, Related searches"
smartbox tv,"Informational, Commercial",39,140,21,0.96,"Reviews, People also ask, Related searches"
smarter iptv apk download,Commercial,42,140,32,0.00,"Reviews, Video, Related searches"
smarters iptv pro apk,Commercial,48,140,30,0.00,"Reviews, Video, Related searches"
smarters pro player,Commercial,29,140,35,0.00,"Reviews, Image pack, Video, Video carousel, People also ask, Related searches"
smartiptv app,Commercial,55,140,32,0.00,"Reviews, Video, People also ask, Related searches"
soccer watch live stream,Commercial,43,140,72,0.00,"Reviews, Video, Related searches"
sport im tv live heute,Commercial,47,140,53,0.54,"Reviews, People also ask, Related searches"
sport live stream illegal,Commercial,45,140,30,0.00,"Sitelinks, AI Overview, Video, People also ask, Related searches"
sport1 live mediathek,"Navigational, Transactional",47,140,80,0.24,"Video, People also ask, Related searches"
sport1 livestream kostenlos ohne anmeldung,"Navigational, Transactional",43,140,42,0.35,"Reviews, Video, People also ask, Related searches"
sport1 livestreams,"Navigational, Transactional",46,140,70,0.35,"Sitelinks, Reviews, Video, Related searches"
sportdigital fußball programm,"Navigational, Transactional",44,140,26,0.25,Related searches
sportdigital tv-programm,"Navigational, Transactional",49,140,23,0.81,"Video, Related searches, Ads top"
sporting youtube,"Navigational, Transactional",42,140,32,0.00,"Video, Related searches"
sportplus live stream,"Informational, Transactional",45,140,10,0.00,"Reviews, Video"
sportplus tennis,"Navigational, Transactional",37,140,18,0.00,"Reviews, People also ask, Related searches"
sportprogramm zdf heute,"Informational, Transactional",36,140,38,0.00,"Video, Related searches"
sports videos,"Informational, Transactional",40,140,30,1.70,"Video, Video carousel, Short videos, Related searches"
sportschau ard programm,Transactional,35,140,51,0.00,"Reviews, Video, Top stories, Related searches"
sportschau im fernsehen,"Informational, Transactional",42,140,67,0.00,"Video, People also ask, Knowledge panel, Related searches"
sportschau live ard,"Navigational, Transactional",47,140,,0.00,"Sitelinks, Reviews, Video, Related searches"
sportschau re live,"Informational, Transactional",47,140,39,0.00,"Video, Video carousel, Top stories, Related searches"
sportschau wann heute,"Navigational, Transactional",38,140,58,0.00,"People also ask, Related searches"
sportschau zdf de,"Informational, Transactional",36,140,75,0.15,"Reviews, Video, Related searches"
sportübertragungen heute,Commercial,41,140,53,0.00,"Reviews, Related searches"
stb tv box,Commercial,45,140,22,0.88,"Reviews, Video, People also ask, Related searches, Popular products"
stream fussball online,Commercial,43,140,59,1.28,"Video, People also ask, Related searches"
stream live television,Commercial,46,140,82,1.65,"Reviews, Video, Video carousel, People also ask, Top stories, Related searches, Ads middle"
streaming dienste angebote,"Informational, Commercial",41,140,39,1.74,"AI Overview, Reviews, Video, People also ask, Related searches"
streaming kombi angebote,"Informational, Commercial",39,140,32,1.75,"AI Overview, Reviews, Video, People also ask, Related searches, Ads bottom, Ads middle"
streaming stick test,Commercial,33,140,36,0.36,"Sitelinks, Reviews, Video, Video carousel, People also ask, Related searches, Ads middle"
streaming tv anbieter,Commercial,44,140,34,2.07,"AI Overview, Reviews, Video, People also ask, Related searches, Ads top, Ads middle"
subscribeip tv,"Informational, Commercial",51,140,13,0.00,"Sitelinks, Video, Video carousel, Related searches"
telekom sport abo,"Navigational, Transactional",39,140,53,0.50,"AI Overview, Reviews, Video, People also ask, Related searches"
telekom tv angebot,"Navigational, Transactional",43,140,39,2.18,"Sitelinks, Reviews, People also ask, Related searches, Ads bottom"
tv fussball live kostenlos,Commercial,44,140,39,0.72,"Featured snippet, Reviews, Video, Related searches"
tv gucken online,Commercial,40,140,49,2.64,"Sitelinks, Video, People also ask, Related searches"
tv internet free streaming,Commercial,41,140,54,1.35,"Reviews, Video, People also ask, Related searches, Ads bottom"
tv kostenlos online schauen,Commercial,39,140,51,0.69,"AI Overview, Reviews, Video, People also ask, Related searches"
tv kostenlos schauen pc,Commercial,35,140,40,0.40,"AI Overview, Reviews, Video, People also ask, Related searches"
tv live kostenlos ohne anmeldung,"Navigational, Transactional",38,140,37,0.00,"Video, People also ask, Related searches"
tv mit handyvertrag,Commercial,39,140,10,1.35,"Reviews, Video, Related searches"
tv online gucken,Commercial,42,140,60,2.36,"Reviews, Video, People also ask, Related searches"
tv online tv live tv,Commercial,41,140,83,1.05,"AI Overview, Reviews, Video, People also ask, Related searches, Ads bottom"
tv premium,"Informational, Commercial",41,140,31,1.39,"Reviews, Video, People also ask, Related searches"
tv programm eurosport 2 heute,Commercial,45,140,25,0.00,"Video, People also ask, Related searches"
tv programm kostenlos streamen,Commercial,37,140,51,0.66,"Reviews, Video, People also ask, Related searches"
tv programm streamen,Commercial,42,140,54,1.05,"AI Overview, Reviews, Video, People also ask, Ads top, Ads middle"
tv schauen auf pc kostenlos,Commercial,33,140,41,0.40,"AI Overview, Reviews, Video, Video carousel, People also ask, Related searches, Ads top, Ads middle"
tv set top box,Commercial,41,140,16,0.88,"Sitelinks, Reviews, Video, People also ask, Knowledge panel, Related searches, Popular products"
tv stream online live,Commercial,44,140,60,0.54,"Reviews, Video, People also ask, Related searches"
tv usb tv stick,Commercial,41,140,21,0.70,"Sitelinks, Reviews, Video, Video carousel, People also ask, Related searches, Popular products, Ads middle"
tv-programm eurosport 2 heute,Commercial,45,140,26,0.00,"Reviews, Video, People also ask, Related searches"
türk kanallar,"Informational, Transactional",46,140,62,1.88,"Reviews, Video, People also ask, Related searches"
türk television,Commercial,38,140,29,1.21,"AI Overview, Reviews, Image, Video, People also ask, Related searches"
türkisch iptv,Commercial,51,140,18,0.00,"Reviews, Video, People also ask, Related searches"
türkische iptv sender,Commercial,51,140,10,0.00,"AI Overview, Reviews, Video, People also ask, Related searches"
türkische sender iptv,"Informational, Commercial",45,140,13,0.00,"AI Overview, Reviews, Video carousel, People also ask, Related searches"
video sky,"Informational, Transactional",34,140,56,1.58,"Video, People also ask, Related searches"
vierschanzentournee live stream,"Informational, Transactional",35,140,38,0.00,"Reviews, Video, Video carousel, People also ask, Related searches"
vox live stream kostenlos ansehen pinto,Commercial,33,140,46,0.00,"AI Overview, Reviews, Video, People also ask, Related searches"
waipu vs zattoo,Commercial,30,140,16,2.05,"Sitelinks, AI Overview, Reviews, Video, Video carousel, People also ask, Related searches"
watch this tv,"Informational, Commercial",44,140,79,0.97,"Reviews, Video, Related searches"
watchtv.tv,"Informational, Commercial",44,140,29,0.97,"Reviews, Video, People also ask"
web tv free streaming,Commercial,37,140,64,1.35,"Reviews, Video, Related searches"
www live tv de,Commercial,38,140,50,1.88,"Reviews, Video, People also ask, Related searches"
www rtl de mediathek,"Navigational, Transactional",33,140,71,0.15,"Reviews, Video, People also ask, Related searches"
www rtl plus,"Navigational, Transactional",35,140,65,0.57,"Sitelinks, Reviews, Video, Video carousel, People also ask, Related searches"
xstream fire tv stick,Commercial,55,140,19,0.00,"Sitelinks, AI Overview, Video, Video carousel, People also ask, Related searches"
z2u iptv,"Navigational, Transactional",51,140,11,0.00,"People also ask, Related searches"
zdf livestream em,"Navigational, Transactional",34,140,51,0.00,"Sitelinks, Reviews, Video, People also ask, Related searches"
zdf programm heute sport,"Informational, Transactional",37,140,63,0.00,"Video, People also ask, Related searches"
zdf programm sport heute,"Informational, Transactional",36,140,62,0.00,"Video, Video carousel, People also ask, Related searches, Ads top"
zdf sport live streaming,"Informational, Transactional",42,140,62,0.01,"Reviews, Video, Video carousel, Top stories, Related searches"
1 und 1 cinema login,"Navigational, Transactional",45,110,30,0.00,"Reviews, People also ask, Related searches"
1&1 tv und filme-app,"Informational, Commercial",34,110,27,0.00,"AI Overview, Reviews, Video carousel, People also ask, Related searches"
1&1tv und filme app,Commercial,45,110,32,0.00,"AI Overview, Video, People also ask, Related searches"
1+1 cinema,"Informational, Transactional",32,110,27,0.00,"Reviews, People also ask, Related searches"
2 bundesliga fernsehen heute,Commercial,40,110,30,0.51,"Reviews, Video, Related searches"
2 bundesliga kostenlos gucken,Commercial,38,110,21,0.75,"Sitelinks, Reviews, Video, Related searches"
2 bundesliga kostenlos streamen,"Informational, Commercial",43,110,24,0.67,"Sitelinks, Reviews, Video, Related searches"
2. bundesliga schauen,Commercial,40,110,32,0.95,"Reviews, Video, People also ask, Related searches, Ads top"
2. bundesliga sky heute,Transactional,35,110,38,0.62,"Reviews, Video, People also ask, Related searches"
3 liga online live spiele,Commercial,45,110,28,0.00,"Video, People also ask, Related searches"
3. liga livestream kostenlos,Commercial,45,110,23,0.73,"Reviews, Video, Related searches"
3. liga streaming,Commercial,45,110,25,0.68,"Reviews, Video, Related searches"
3. liga tv heute,Commercial,45,110,42,0.65,"Reviews, Video, Related searches"
3.liga heute im tv,Commercial,45,110,,0.65,"Video, Related searches"
albanien live stream,"Navigational, Transactional",36,110,21,0.00,"Video, Video carousel, People also ask, Related searches"
aliexpress iptv,"Navigational, Transactional",46,110,31,0.00,"People also ask, Related searches"
alternative magenta tv,Commercial,38,110,33,0.82,"AI Overview, Reviews, Video, Video carousel, People also ask, Related searches, Ads bottom"
alternative zu amazon fire tv stick,Commercial,35,110,18,0.69,"Sitelinks, Reviews, Video, Video carousel, Short videos, People also ask, Related searches, Ads bottom"
anbieter hdtv,"Informational, Commercial",43,110,42,2.25,"Reviews, People also ask, Related searches"
android iptv player,Commercial,51,110,30,0.00,"Reviews, Video, People also ask, Related searches"
angebote streaming dienste,"Informational, Commercial",41,110,43,1.63,"AI Overview, Reviews, Video, People also ask, Related searches"
app fernsehprogramm kostenlos,"Informational, Commercial",35,110,41,0.53,"AI Overview, Reviews, Video, People also ask, Related searches"
apple tv fußball,"Navigational, Transactional",66,110,42,1.08,"Video, People also ask, Related searches"
ard sport heute programm,"Informational, Transactional",38,110,44,0.00,"People also ask, Related searches"
bayern gegen leverkusen live-stream kostenlos,Commercial,35,110,26,0.46,"Reviews, Video, Related searches"
best fire stick for tv,Commercial,34,110,30,0.41,"Reviews, Image, Image pack, Video, Video carousel, People also ask, Related searches, Popular products"
best german iptv,Commercial,47,110,6,0.00,"Sitelinks, AI Overview, Video, Video carousel, Related searches"
best iptv germany,Commercial,47,110,19,0.00,"AI Overview, Video, People also ask, Related searches"
best iptv player for windows,Commercial,42,110,31,0.00,"Reviews, Video carousel, People also ask, Related searches"
best player for iptv windows,Commercial,42,110,26,0.00,"Sitelinks, AI Overview, Reviews, Video, Video carousel, People also ask, Related searches"
bestandskunden sky,"Informational, Transactional",31,110,34,2.55,"Sitelinks, Reviews, Video, People also ask, Related searches"
beste iptv app für lg tv,Commercial,46,110,20,0.00,"AI Overview, Video, People also ask, Related searches"
beste iptv box,Commercial,51,110,24,0.00,"Video, Video carousel, People also ask, Related searches, Popular products"
beste streaming anbieter,Commercial,39,110,39,1.96,"AI Overview, Reviews, Video, People also ask, Related searches"
besten iptv anbieter,Commercial,55,110,17,0.00,"Sitelinks, AI Overview, Video, Related searches"
bester iptv player android,Commercial,49,110,17,0.00,"Sitelinks, AI Overview, Reviews, Video, Video carousel, People also ask, Related searches"
bester iptv player windows,Commercial,55,110,18,0.00,"Reviews, People also ask, Related searches"
bester streaming anbieter,Commercial,38,110,40,1.96,"Sitelinks, AI Overview, Reviews, Video, People also ask, Related searches, Ads top"
bester streaming service,Commercial,37,110,38,1.67,"AI Overview, Reviews, Video, People also ask, Related searches"
bubble rtl kostenlos,"Navigational, Transactional",43,110,43,0.00,"Sitelinks, Related searches"
bundeliga livestream,Commercial,34,110,63,1.75,"Reviews, Video, People also ask, Related searches"
bundesliga angebote,Commercial,35,110,30,1.43,"AI Overview, Reviews, Video, People also ask, Related searches"
bundesliga gucken live,Commercial,43,110,32,0.95,"Reviews, Video, Related searches"
bundesliga kostenlos,Commercial,40,110,43,0.70,"Reviews, Video, People also ask, Related searches"
bundesliga online stream live,Commercial,41,110,43,1.73,"Video, People also ask, Related searches"
bundesliga sonntag übertragung,"Informational, Commercial",38,110,41,1.06,"Reviews, Video, People also ask, Related searches"
bundesliga streaming vpn,"Informational, Commercial",45,110,24,1.56,"Sitelinks, Reviews, Video, Related searches"
bundesliga über ausland schauen,Commercial,37,110,30,1.61,"Sitelinks, Reviews, Video, People also ask, Related searches"
casa iptv,Commercial,50,110,2,0.00,"AI Overview, People also ask, Related searches"
champions league konferenz stream,Commercial,34,110,42,1.34,"Video, People also ask, Related searches"
champions league online stream,Commercial,36,110,47,0.99,"Sitelinks, Reviews, Video, Related searches"
dart live stream premier league,Commercial,41,110,30,0.25,"Reviews, Video, Related searches"
dazn wow,Commercial,32,110,50,0.00,"Reviews, Video, Related searches"
deutschland - england heute live im tv,Commercial,35,110,32,0.00,"Reviews, Video, People also ask, Related searches"
die besten internet tv anbieter,Commercial,44,110,35,1.32,"Sitelinks, AI Overview, Reviews, Video, People also ask, Related searches, Ads bottom, Ads middle"
eishockey weisswasser heute live,Commercial,44,110,22,0.00,"Video, People also ask, Related searches, Ads middle"
eurosport olympia livestream,"Navigational, Transactional",47,110,33,0.00,"Reviews, Video, People also ask, Related searches"
fc bayern live stream illegal,Commercial,37,110,24,0.00,"Sitelinks, Reviews, Video, Related searches"
fernseh internet,"Informational, Commercial",37,110,40,1.27,"AI Overview, Reviews, Video, People also ask, Related searches, Ads top, Ads bottom"
fernseh live streams,Commercial,47,110,66,0.69,"Reviews, Video, Video carousel, People also ask, Related searches"
fernsehen gucken internet,"Informational, Commercial",40,110,35,1.36,"AI Overview, Reviews, Image, Video, Video carousel, People also ask, Related searches"
fernsehen kostenlos auf pc,Commercial,36,110,30,0.39,"AI Overview, Reviews, Video, Video carousel, People also ask, Related searches"
fernsehen online gratis,Commercial,39,110,52,0.89,"Reviews, Video, People also ask, Related searches"
fernsehen online streamen,Commercial,43,110,50,2.19,"Reviews, Video, People also ask, Top stories, Related searches"
fernsehen umsonst schauen,Commercial,34,110,35,0.50,"AI Overview, Reviews, Video, People also ask, Related searches"
fernseher anbieter,Commercial,41,110,34,2.32,"Reviews, Image, Video, People also ask, Related searches, Ads top, Ads bottom"
fernseher livestream,Commercial,47,110,70,0.69,"Reviews, Video, People also ask, Related searches"
fernsehn app kostenlos,Commercial,37,110,50,0.61,"AI Overview, Reviews, Video, People also ask, Related searches, Ads middle"
fernsehn livestream,"Informational, Transactional",47,110,89,0.69,"Reviews, Video, Video carousel, People also ask, Knowledge panel, Related searches"
fernsehn über pc,"Informational, Commercial",39,110,14,0.68,"AI Overview, Reviews, Video, Video carousel, People also ask, Related searches"
fernsehprogramm dazn,Transactional,30,110,38,0.00,"Reviews, Video, People also ask, Related searches"
fernsehprogramme über internet,"Informational, Commercial",40,110,40,1.08,"AI Overview, Reviews, Video, People also ask, Related searches, Ads bottom, Ads middle"
frankreich deutschland livestream,"Informational, Transactional",36,110,21,0.00,"Reviews, Video, Video carousel, People also ask, Related searches"
free fußball stream,Commercial,42,110,52,0.00,"AI Overview, Reviews, Video, People also ask, Related searches"
free live fussball stream,Commercial,42,110,47,0.00,"Sitelinks, Video, Related searches"
free m3u playlist,Commercial,37,110,48,0.00,"Sitelinks, AI Overview, Reviews, Video, Video carousel, Related searches"
free tv bundesliga,Commercial,41,110,38,2.84,"Featured snippet, Reviews, Video, People also ask, Related searches"
free tv stream online,Commercial,39,110,51,1.69,"Sitelinks, Reviews, Video, People also ask, Related searches"
free-tv rtl,"Navigational, Transactional",43,110,74,0.65,"Reviews, Video, People also ask, Related searches, Ads bottom"
fussball abo,Commercial,35,110,76,1.06,"Reviews, Video, People also ask, Related searches"
fussball free online stream,Commercial,40,110,56,0.00,"Sitelinks, Video, People also ask, Top stories, Related searches"
fussball live free,Commercial,39,110,61,0.86,"Video, Related searches"
fussball live free online,Commercial,39,110,56,0.00,"Video, People also ask, Related searches"
fussball live stream for free,Commercial,42,110,58,0.00,"Reviews, Video, People also ask, Related searches"
fussball live tv sx,Commercial,42,110,30,0.00,Related searches
fussball streams free,Commercial,40,110,42,0.63,"Video, People also ask, Related searches"
fußball innenministerkonferenz,"Informational, Commercial",42,110,44,0.00,"Video, People also ask, Top stories, Related searches"
fußball live kostenlos schauen,Commercial,40,110,50,0.68,"Reviews, Video, People also ask, Related searches"
fußball live-stream kostenlos ausland,Commercial,45,110,39,0.84,"Sitelinks, Reviews, Video, Related searches"
fußball online stream,Commercial,44,110,50,1.28,"Video, People also ask, Top stories, Related searches"
fußball streaming kostenlos,Commercial,42,110,54,0.83,"Sitelinks, Video, Related searches"
fußball streams kostenlos,Commercial,41,110,47,0.88,"Sitelinks, Reviews, Video, Related searches"
german iptv anbieter,Commercial,55,110,,0.00,"AI Overview, Related searches"
gibt es eine rtl mediathek,"Navigational, Transactional",34,110,57,0.37,"Sitelinks, Reviews, Video, People also ask, Related searches"
gratis fussball schauen,Commercial,39,110,51,0.48,"Video, Related searches"
günstige tv anbieter,"Informational, Commercial",40,110,31,1.86,"AI Overview, Reviews, Video, People also ask, Related searches, Ads top, Ads middle"
handball bundesliga stream,Commercial,38,110,27,1.08,"Sitelinks, Reviews, Video, People also ask, Related searches, Ads top"
handball live-stream kostenlos heute zdf,"Informational, Transactional",34,110,61,0.00,"Reviews, Video, People also ask, Related searches"
handball magdeburg heute livestream,"Informational, Commercial",33,110,25,0.00,"Reviews, Video, People also ask, Related searches"
hdstream to,Commercial,39,110,20,0.00,"Reviews, Video, Related searches"
hdtv live,Commercial,42,110,63,1.00,"AI Overview, Reviews, Video, People also ask, Related searches"
hsv live gucken,Commercial,33,110,22,1.29,"Reviews, Video, Video carousel, People also ask"
internet fernseh gucken,"Informational, Commercial",40,110,38,1.50,"AI Overview, Reviews, Video, Video carousel, People also ask, Related searches, Ads top, Ads middle"
internet fernsehen gucken,"Informational, Commercial",40,110,34,1.50,"AI Overview, Reviews, Video, Video carousel, People also ask, Related searches"
internet mit prämie fernseher,Commercial,35,110,8,2.93,"Sitelinks, AI Overview, Reviews, Related searches, Ads top, Ads middle"
internet sport,Commercial,42,110,77,0.33,"Sitelinks, Video, Related searches"
internet tv stream free,"Informational, Commercial",46,110,45,1.35,"Reviews, Video, Related searches"
ip television pc,"Informational, Commercial",45,110,36,0.00,"Featured snippet, Reviews, Video, People also ask, Related searches, Ads middle"
ip tv anbieter vergleich,Commercial,45,110,37,0.00,"Video, People also ask, Related searches"
ip tv app für fire tv stick,"Informational, Commercial",55,110,10,0.00,"Sitelinks, AI Overview, Video, Video carousel, People also ask, Related searches"
iptv abo kaufen,Commercial,52,110,10,0.00,"Video, Related searches"
iptv abonnementen,"Informational, Commercial",57,110,36,0.00,"AI Overview, Video, People also ask, Related searches"
iptv alibaba,"Navigational, Transactional",49,110,29,0.00,"Video, People also ask, Related searches"
iptv anbieter mit sky,"Informational, Commercial",44,110,20,0.00,"Sitelinks, AI Overview, Reviews, Video, People also ask, Related searches"
iptv anbieter testsieger,"Informational, Commercial",46,110,30,0.00,"AI Overview, Video, People also ask, Related searches"
iptv arab,Commercial,46,110,2,0.00,"Video, Related searches"
iptv arabic,Commercial,47,110,15,0.00,"AI Overview, Reviews, Video, People also ask, Related searches"
iptv bester,Commercial,46,110,27,0.00,"AI Overview, Video, People also ask, Related searches"
iptv bester anbieter,Commercial,56,110,24,0.00,"AI Overview, Reviews, Video, Video carousel, People also ask, Related searches"
iptv box alle sender,Commercial,46,110,46,0.00,"Image, Video, People also ask, Related searches, Popular products"
iptv deutschland reddit,"Navigational, Transactional",45,110,32,0.00,Related searches
iptv günstig,"Informational, Commercial",56,110,39,0.00,"Video, People also ask, Related searches"
iptv list kaufen,Commercial,52,110,10,0.00,"AI Overview, Video, People also ask, Related searches"
iptv listen kaufen,Commercial,48,110,8,0.00,"AI Overview, People also ask, Related searches"
iptv pc player,Commercial,47,110,25,0.00,"AI Overview, Reviews, Video, People also ask, Related searches"
iptv preis,Transactional,49,110,35,0.00,"Sitelinks, AI Overview, Video, People also ask, Related searches"
iptv preise,Transactional,51,110,32,0.00,"AI Overview, Reviews, Image, Video, People also ask, Related searches"
iptv set top box,Commercial,48,110,15,0.00,"Video, People also ask, Related searches, Popular products"
iptv subscribe,"Informational, Commercial",51,110,34,0.00,"Sitelinks, AI Overview, Video, Video carousel, People also ask, Related searches"
iptv the best,Commercial,57,110,47,0.00,"Video, Video carousel, People also ask, Related searches"
iptv windows 11,Commercial,43,110,22,0.00,"AI Overview, Reviews, Video, Video carousel, People also ask, Related searches"
iptv-anbieter reddit,"Navigational, Transactional",47,110,32,0.00,"Video, Related searches"
iptvgreat,Commercial,47,110,,1.42,"Sitelinks, People also ask, Related searches"
joyn tv live,"Navigational, Transactional",38,110,66,0.27,"Reviews, Video, People also ask, Knowledge panel, Top stories, Related searches, Ads top, Ads bottom"
kabel live stream,Commercial,38,110,34,0.36,"Reviews, Video, People also ask, Related searches"
kostenlos 2 bundesliga gucken,"Informational, Commercial",40,110,23,0.75,"Reviews, Video, Related searches"
kostenlos anschauen,Commercial,32,110,56,0.41,"AI Overview, Reviews, Video, People also ask, Related searches"
kostenlos fernseh schauen online,Commercial,35,110,52,0.77,"AI Overview, Reviews, Video, Related searches, Ads middle"
kostenlos fernsehen online schauen,Commercial,36,110,43,0.77,"Sitelinks, Reviews, Video, People also ask, Related searches"
kostenlos fernsehen stream,Commercial,39,110,43,0.86,"Sitelinks, Reviews, Video, People also ask, Related searches"
kostenlos hd fernsehen,Commercial,36,110,19,0.89,"AI Overview, Reviews, Video, People also ask, Related searches, Ads top, Ads bottom"
kostenlos kabel 1 schauen,Commercial,39,110,25,0.66,"Sitelinks, Video, People also ask, Related searches"
kostenlos live fussball schauen,Commercial,42,110,55,0.68,"Reviews, Video, People also ask, Related searches"
kostenlos ohne anmeldung,"Navigational, Transactional",29,110,55,0.00,"Reviews, Video, People also ask, Related searches"
kostenlos online tv schauen,Commercial,39,110,48,0.89,"Reviews, Video, People also ask, Related searches"
kostenlos rtl live gucken,Transactional,38,110,47,0.89,"Sitelinks, Reviews, Video, Video carousel, People also ask, Related searches, Ads top, Ads middle"
kostenlos vox gucken,Commercial,33,110,46,0.77,"AI Overview, Reviews, Video, People also ask, Related searches"
kostenlose fernsehprogramme,Commercial,34,110,42,0.42,"AI Overview, Reviews, Video, People also ask, Related searches, Ads bottom, Ads middle"
live fussball streams,Commercial,41,110,57,0.63,"Reviews, Video, Video carousel, Related searches"
live fussball sx,Commercial,40,110,23,0.00,"Video, People also ask, Related searches"
live fußball stream kostenlos,Commercial,41,110,54,0.67,"Reviews, Video, People also ask, Top stories, Related searches"
live show free,Commercial,33,110,62,0.00,"AI Overview, Reviews, Video, Video carousel, Related searches"
live sport watch,Commercial,45,110,95,0.76,"Reviews, Video, People also ask"
live stream app,"Informational, Transactional",41,110,28,1.20,"Reviews, Video, People also ask, Related searches"
live stream ard sportschau,"Informational, Transactional",41,110,79,0.00,"Reviews, Video, Related searches"
live stream bundesliga free,Commercial,40,110,45,0.00,"Sitelinks, Reviews, Video, People also ask, Related searches"
live streaming free,Commercial,41,110,69,0.49,"AI Overview, Reviews, Video, Related searches"
live streaming rtl,"Navigational, Transactional",39,110,40,0.76,"Reviews, Video, People also ask, Related searches, Ads bottom"
live tv kostenlos online,Commercial,39,110,52,1.31,"Reviews, Video, People also ask, Related searches"
live tv stream ohne anmeldung,"Navigational, Transactional",39,110,51,0.00,"Sitelinks, Reviews, Video, People also ask, Related searches"
live tv streamen kostenlos,Commercial,41,110,47,0.63,"Reviews, Video, People also ask, Related searches"
live tv sv,"Informational, Transactional",40,110,34,1.88,"Reviews, Video, People also ask, Related searches"
live tv video übertragungen,"Informational, Commercial",39,110,21,0.74,"Reviews, Video, People also ask, Related searches"
live video übertragung live tv,"Informational, Commercial",47,110,42,1.02,"Reviews, Video, People also ask, Related searches"
live übertragung rtl,"Navigational, Transactional",38,110,65,0.57,"AI Overview, Reviews, Video, Top stories, Related searches"
live übertragungen live sport streams fußball eishockey tennis basketball livetv,"Navigational, Transactional",43,110,33,0.00,"People also ask, Related searches"
liverpool heute live stream kostenlos,Commercial,37,110,14,0.79,"Reviews, Video, Related searches"
livestream fernseher,Commercial,47,110,70,0.69,"Reviews, Video, Video carousel, People also ask, Related searches"
livestream fussball gratis,Commercial,40,110,51,0.57,"Video, Related searches"
livestream german tv,Commercial,44,110,62,0.59,"Reviews, Video, People also ask, Related searches, Ads bottom"
livestream handball bundesliga,Commercial,37,110,38,0.53,"Reviews, Video, Related searches, Ads bottom"
livestream ohne anmeldung,"Navigational, Transactional",34,110,46,0.35,"Sitelinks, Reviews, Video, Related searches"
livestream pro7 kostenlos,Commercial,37,110,42,0.50,"Reviews, Video, People also ask, Related searches"
livestream ru fußball,Commercial,37,110,30,0.00,"People also ask, Related searches"
livestream slalom,"Informational, Transactional",34,110,41,0.00,"Reviews, Video, People also ask, Related searches"
livestream zdf sport,"Navigational, Transactional",42,110,70,0.00,"Reviews, Video, People also ask, Related searches"
magenta sport 3 liga kosten,Transactional,37,110,40,0.54,"Reviews, Video, People also ask, Related searches"
magenta sport preise,Transactional,38,110,26,0.27,"AI Overview, Reviews, People also ask, Related searches"
magenta tv türkische sender,Commercial,37,110,32,2.44,"Sitelinks, AI Overview, Reviews, Video, People also ask, Related searches, Ads top"
magentasport angebot,Transactional,35,110,30,1.10,"Reviews, Video, People also ask, Related searches"
max hd iptv,Commercial,49,110,19,0.00,
media markt tv stick,Commercial,37,110,30,0.57,"Sitelinks, People also ask, Related searches, Popular products, Ads bottom"
mediathek ard sportschau live,"Informational, Transactional",40,110,71,0.00,"Reviews, Video, Video carousel, Related searches"
mediathek sport1 live,Transactional,46,110,80,0.24,"Reviews, Video, People also ask, Related searches"
multimedia box,"Informational, Transactional",40,110,18,1.30,"Reviews, Image pack, Video, People also ask, Related searches, Popular products"
my rtl plus,"Navigational, Transactional",34,110,44,1.64,"Sitelinks, Reviews, Video, People also ask, Related searches, Ads top, Ads bottom"
mytv online,"Informational, Transactional",39,110,32,1.50,"Reviews, Video, Video carousel, People also ask, Knowledge panel, Related searches, Ads bottom"
ndr sport - live,"Navigational, Transactional",47,110,60,0.00,"Sitelinks, Video, People also ask, Related searches"
nederlandse iptv,Commercial,44,110,48,0.00,"Reviews, Video, People also ask, Related searches"
ohne kabel fernseh schauen,"Informational, Commercial",37,110,24,1.50,"AI Overview, Reviews, Video, Video carousel, People also ask, Related searches, Ads top, Ads middle"
online fernsehen schauen kostenlos,Commercial,36,110,52,0.77,"AI Overview, Reviews, Video, People also ask, Related searches, Ads top, Ads bottom"
online live tv kostenlos,Commercial,41,110,56,1.31,"Reviews, Video, People also ask, Related searches"
online vox gucken,Commercial,32,110,43,1.06,"Reviews, Video, People also ask, Related searches"
pc tv schauen,Commercial,36,110,17,0.76,"Reviews, Video, Video carousel, People also ask, Related searches, Popular products, Ads middle"
player iptv pc,Commercial,47,110,26,0.00,"AI Overview, Reviews, Video, Video carousel, Related searches"
player smart tv,"Informational, Transactional",44,110,29,0.45,"Reviews, Video, People also ask, Related searches"
portugal iptv,Commercial,47,110,10,0.00,"AI Overview, Reviews, People also ask, Related searches"
retl,"Informational, Transactional",28,110,24,0.46,"Reviews, People also ask, Related searches"
rtl 1,Transactional,33,110,72,0.52,"Reviews, Video, People also ask, Related searches"
rtl 2 live kostenlos,Commercial,37,110,29,0.00,"Reviews, Video, People also ask, Related searches"
rtl fernsehen live kostenlos,Commercial,36,110,46,0.94,"Reviews, Video, People also ask, Related searches"
rtl fernsehen live stream,"Navigational, Transactional",39,110,54,0.56,"Sitelinks, Reviews, Video, People also ask, Related searches"
rtl free tv live,Transactional,37,110,52,0.65,"Sitelinks, Reviews, Video, People also ask, Related searches"
rtl freetv,"Navigational, Transactional",37,110,62,0.71,"Reviews, Video, People also ask, Top stories, Related searches, Ads bottom"
rtl fußball live-stream kostenlos,"Navigational, Transactional",42,110,48,0.67,"Reviews, Video, People also ask, Related searches"
rtl gucken live,Transactional,43,110,45,0.94,"Sitelinks, Reviews, Video, People also ask, Related searches"
rtl im fernsehen,"Informational, Commercial",35,110,43,0.80,"Sitelinks, Video, People also ask, Top stories, Related searches"
rtl kostenlos im internet,"Navigational, Transactional",39,110,50,0.64,"Sitelinks, Reviews, Video, People also ask, Related searches"
rtl liuve,"Navigational, Transactional",34,110,50,0.47,"Reviews, Video, People also ask, Related searches"
rtl live free-tv,"Navigational, Transactional",43,110,52,0.93,"Sitelinks, Reviews, Video, People also ask, Related searches"
rtl live kostenlos gucken,Commercial,37,110,34,0.94,"Video, People also ask, Related searches"
rtl live kostenlos und ohne anmeldung,"Navigational, Transactional",34,110,27,0.00,"AI Overview, Reviews, Video, People also ask, Related searches"
rtl live nachrichten,Transactional,35,110,50,0.68,"Reviews, Video, People also ask, Top stories, Related searches"
rtl live sendung heute,"Informational, Transactional",35,110,65,0.00,"Reviews, Video, People also ask, Related searches, Ads bottom"
rtl live stream kostenlos & ohne anmeldung,"Navigational, Transactional",38,110,41,0.00,"Reviews, Video, People also ask, Related searches"
rtl live-stream fußball,Transactional,40,110,39,0.97,"Reviews, Video, Related searches"
rtl livestream fussball,"Navigational, Transactional",40,110,36,0.97,"Reviews, Video, People also ask, Related searches"
rtl livestream nydus,"Navigational, Transactional",32,110,26,0.00,"Sitelinks, Reviews, People also ask, Related searches"
rtl livestrean,"Navigational, Transactional",38,110,44,0.63,"Reviews, Video, People also ask, Related searches"
rtl livstream,Transactional,38,110,48,0.70,"Video, People also ask, Top stories, Related searches"
rtl lviestream,Commercial,39,110,34,0.60,"Reviews, Video, People also ask, Related searches"
rtl n,"Navigational, Transactional",31,110,79,0.06,"Sitelinks, Reviews, Video, People also ask, Knowledge panel, Related searches"
rtl nachrichten live,"Informational, Transactional",35,110,58,0.68,"Sitelinks, Reviews, Video, People also ask, Knowledge panel, Related searches"
rtl nitro kostenlos streamen,Commercial,37,110,19,1.46,"Sitelinks, Reviews, Video, People also ask, Related searches"
rtl ohne anmelden,Transactional,43,110,47,1.27,"Reviews, Video, People also ask, Related searches"
rtl online stream kostenlos,Commercial,36,110,47,1.36,"Sitelinks, Reviews, Video, People also ask, Related searches, Ads bottom"
rtl plus fernsehprogramm,Commercial,32,110,43,0.26,"Reviews, People also ask, Related searches"
rtl plus kostenlos live stream,"Navigational, Transactional",43,110,,0.56,"Reviews, Video, People also ask, Related searches"
rtl plus livestream kostenlos,"Navigational, Transactional",41,110,60,0.32,"Reviews, People also ask, Related searches"
rtl programm livestream,"Navigational, Transactional",38,110,61,0.63,"Reviews, Video, People also ask, Related searches"
rtl sendung,"Informational, Commercial",32,110,62,0.99,"Video, Video carousel, People also ask, Top stories, Related searches"
rtl tv live stream free,Commercial,37,110,47,0.00,"Reviews, Video, People also ask, Related searches"
rtl tv live stream kostenlos ohne anmeldung,"Navigational, Transactional",32,110,40,0.00,"Reviews, Video, People also ask, Related searches"
rtl+ kaufen,Transactional,35,110,31,1.19,"Reviews, Video, People also ask, Related searches, Popular products, Ads top, Ads bottom"
rtl2 live schauen,Commercial,39,110,28,0.69,"AI Overview, Reviews, Video, People also ask, Related searches"
rtl2 ohne anmeldung,"Navigational, Transactional",31,110,31,0.00,"AI Overview, Reviews, Video, People also ask, Related searches"
rtl2 online stream,Commercial,39,110,26,0.95,"Reviews, Video, People also ask, Related searches"
rtl2 streaming kostenlos,Commercial,40,110,29,0.62,"Reviews, Video, People also ask, Related searches"
ru tv live sport,"Informational, Commercial",42,110,74,0.00,"Reviews, Video, People also ask, Related searches"
sat 1 free stream,Commercial,36,110,27,0.53,"Reviews, Video, Related searches"
sat 1 stream kostenlos ohne anmeldung,"Navigational, Transactional",32,110,32,0.55,"Reviews, Video, People also ask, Related searches"
sat1 hd stream,Transactional,41,110,43,1.09,"AI Overview, Reviews, Video, People also ask, Related searches, Ads middle"
sat1 live stream kostenlos ohne anmeldung anschauen,"Navigational, Transactional",39,110,39,0.00,"Reviews, Video, People also ask, Related searches"
sky basketball,Transactional,42,110,30,0.00,"Reviews, Video, People also ask, Related searches"
sky black friday deals,Commercial,42,110,29,0.00,"Reviews, Image, Video, People also ask, Related searches"
sky bundesliga 1 programm,Transactional,41,110,31,0.00,"Reviews, Video, Related searches"
sky bundesliga sonntag,"Navigational, Transactional",38,110,36,0.00,"Sitelinks, Reviews, Video, Related searches"
sky dazn kombi angebot,"Informational, Transactional",36,110,39,1.17,"Sitelinks, Reviews, People also ask, Related searches"
sky flutlicht freitag,"Informational, Transactional",42,110,15,0.00,"Reviews, Video, Video carousel, Related searches"
sky günstig,"Informational, Transactional",34,110,42,2.45,"Reviews, Video, People also ask, Related searches"
sky premiere league,Transactional,36,110,43,1.28,"Reviews, Video, People also ask, Related searches"
sky receiver satellit,Transactional,35,110,33,1.59,"Reviews, Video, People also ask, Related searches, Popular products, Ads top, Ads bottom"
sky sport login,"Navigational, Transactional",40,110,64,0.89,"Reviews, Video, People also ask, Related searches"
sky sport news livestream kostenlos ohne anmeldung,"Navigational, Transactional",38,110,52,0.00,"Sitelinks, Reviews, Video, People also ask, Related searches"
sky sport und bundesliga,Transactional,40,110,57,1.88,"Reviews, Video, People also ask, Related searches"
sky verlängerungsangebot,Transactional,33,110,41,1.27,"Reviews, Video, People also ask, Related searches"
smart player for tv,"Informational, Transactional",36,110,28,0.45,"Reviews, Video, People also ask, Related searches"
smart stick,Commercial,35,110,19,0.70,"Video, Video carousel, People also ask, Related searches, Popular products, Ads bottom"
smart tv box alle sender kostenlos,"Informational, Commercial",40,110,34,0.00,"Reviews, Video, Video carousel, People also ask, Related searches"
smarters iptv apk,Commercial,44,110,33,0.00,"Reviews, Video, Related searches"
smarters iptv windows,"Informational, Transactional",44,110,41,0.00,"AI Overview, Reviews, Video, Video carousel, People also ask, Related searches"
sport 1 live dart,"Navigational, Transactional",39,110,48,0.42,"Sitelinks, Reviews, Video, Related searches"
sport 365 stream,Commercial,42,110,38,0.66,"Reviews, Video, People also ask, Related searches"
sport im ersten heute,Commercial,47,110,55,0.00,"Video, People also ask, Related searches"
sport im zdf programm,"Informational, Transactional",38,110,49,0.00,"Video, People also ask, Related searches"
sport live streams illegal,Commercial,42,110,38,0.00,"Sitelinks, AI Overview, Video, People also ask, Related searches"
sport streaming seiten illegal,Commercial,42,110,20,0.00,"Sitelinks, AI Overview, Reviews, Video, Related searches"
sport zdf programm,"Informational, Transactional",38,110,54,0.00,"Video, People also ask, Related searches"
sport1 de livestream,"Navigational, Transactional",45,110,64,0.34,"Sitelinks, Reviews, Video, People also ask, Related searches"
sport1 programm live,"Navigational, Transactional",45,110,70,0.33,"Reviews, Video, People also ask, Related searches"
sportdigital registrieren,"Navigational, Transactional",49,110,22,1.63,"Reviews, People also ask, Related searches, Ads top, Ads bottom"
sportplus live streaming,"Navigational, Transactional",46,110,7,0.00,"Reviews, Video, Related searches"
sportschau biathlon livestream,"Navigational, Transactional",36,110,42,0.00,"Video, Video carousel, Related searches"
sportschau live handball,"Navigational, Transactional",34,110,59,0.00,"Video, Video carousel, People also ask, Related searches"
sportschau live skispringen,"Navigational, Transactional",34,110,29,0.00,"Video, People also ask, Related searches"
sportschau live stream skispringen,"Navigational, Transactional",47,110,32,0.00,"Video, People also ask, Related searches"
sportschau livestream tour de france,"Navigational, Transactional",35,110,50,0.00,"Reviews, Video, Video carousel, Related searches"
sportschau re-live,"Informational, Transactional",47,110,34,0.00,"Video, Video carousel, Top stories, Related searches"
sportschau skispringen live stream,"Navigational, Transactional",47,110,45,0.00,"Video, Video carousel, People also ask, Related searches"
sportschau streamen,"Informational, Transactional",44,110,77,0.00,"Reviews, Video, People also ask, Related searches"
sportschau streaming,"Navigational, Transactional",43,110,81,0.00,"Reviews, Video, Related searches, See results about"
stick hdmi,Commercial,37,110,27,0.51,"Image pack, Video, People also ask, Related searches, Popular products"
stream bundesliga free,Commercial,41,110,44,0.00,"Reviews, Video, People also ask, Related searches"
stream fernsehen online,Commercial,41,110,73,1.94,"Sitelinks, AI Overview, Reviews, Video, Related searches, Ads middle"
stream kostenlos deutsch,Commercial,38,110,49,0.00,"Reviews, Video, Related searches"
stream live tv,Commercial,43,110,83,1.70,"Reviews, Video, People also ask, Top stories, Related searches"
streamen kostenlos ohne anmeldung,"Navigational, Transactional",31,110,39,0.17,"Sitelinks, Video, People also ask, Related searches"
streaming platformen,"Informational, Commercial",40,110,50,2.24,"Featured snippet, Video, People also ask, Related searches, Ads top, Ads bottom"
strong 8k iptv,Commercial,42,110,10,0.00,"Video, Related searches"
super rtl livestream kostenlos ohne anmeldung,"Navigational, Transactional",34,110,28,0.00,"Reviews, Video, People also ask"
telekom netflix disney,"Informational, Transactional",43,110,41,3.35,"Reviews, Video, Video carousel, People also ask, Related searches"
telekom netflix zubuchen,"Navigational, Transactional",36,110,29,5.97,"AI Overview, Reviews, Video, People also ask, Related searches"
telekom streaming angebote,"Navigational, Transactional",43,110,35,2.81,"Sitelinks, Reviews, People also ask, Related searches"
top 10 streaming dienste kosten,"Informational, Commercial",46,110,37,1.10,"Sitelinks, AI Overview, Reviews, Video, People also ask, Related searches"
tour de france relive,"Informational, Transactional",31,110,34,0.00,"Reviews, Video, Related searches"
trexiptv,Commercial,49,110,10,0.00,"AI Overview, Video, People also ask, Related searches, Ads middle"
tv 2 live,Transactional,38,110,46,1.64,"Reviews, Video, Related searches"
tv kosten,"Informational, Commercial",38,110,57,1.45,"Reviews, Video, People also ask, Related searches"
tv live online kostenlos,Commercial,38,110,67,1.31,"AI Overview, Reviews, Video, People also ask, Related searches"
tv live streamen kostenlos,Commercial,41,110,47,0.48,"Reviews, Video, People also ask, Related searches"
tv online live kostenlos,Commercial,41,110,58,1.31,"AI Overview, Reviews, Video, People also ask, Related searches"
tv online ohne anmeldung,"Navigational, Transactional",33,110,41,0.00,"Sitelinks, Reviews, Video, People also ask, Related searches"
tv per internet,Commercial,43,110,41,1.55,"Reviews, Video, People also ask, Related searches"
tv programm stream kostenlos,Commercial,37,110,51,1.36,"AI Overview, Reviews, Video, People also ask, Related searches"
tv schauen über pc,Commercial,39,110,27,0.95,"AI Overview, Video, Video carousel, People also ask, Related searches, Ads middle"
tv sender live,Commercial,39,110,75,0.57,"AI Overview, Reviews, Video, People also ask, Related searches, Ads bottom"
tv stream app,"Informational, Commercial",42,110,49,1.76,"AI Overview, Reviews, Video, People also ask, Related searches"
tv stream gratis,Commercial,38,110,47,1.04,"Video, People also ask, Related searches"
tv stream live kostenlos,Commercial,39,110,64,1.35,"Sitelinks, Reviews, Video, People also ask, Related searches"
tvkostenlos,Commercial,35,110,37,0.69,"AI Overview, Reviews, Video, People also ask, Related searches, Ads bottom"
türk iptv,"Informational, Commercial",46,110,36,0.00,"Reviews, Video, People also ask, Related searches"
türk kanal,"Informational, Transactional",46,110,76,1.43,"Image, Image pack, Video, Video carousel, Related searches"
türkische fernsehsender,"Informational, Commercial",37,110,30,2.42,"Featured snippet, Reviews, Image, Video, People also ask, Related searches, Ads top, Ads bottom"
uefa free live streaming,Transactional,37,110,73,0.64,"Reviews, Video, People also ask, Related searches"
uefa in tv,"Navigational, Transactional",43,110,41,1.20,"Reviews, Video, Related searches"
uefa supercup free tv,"Informational, Commercial",39,110,23,0.00,"Featured snippet, Reviews, Related searches"
vergleich iptv,Commercial,49,110,37,0.00,"Sitelinks, AI Overview, Reviews, Video, People also ask, Related searches"
vox live stream kostenlos ohne anmeldung nydus,"Navigational, Transactional",33,110,30,0.00,"Reviews, Video, People also ask, Related searches"
waipu vs magenta,Commercial,33,110,18,0.00,"Sitelinks, AI Overview, Reviews, Video, People also ask, Related searches"
watch free fussball,Commercial,39,110,54,0.00,"Reviews, Video, People also ask, Related searches"
watch live,"Informational, Transactional",39,110,100,1.09,"Reviews, Video, Video carousel, People also ask, Knowledge panel, Related searches"
where to watch psg vs tottenham,Commercial,32,110,28,0.00,"Reviews, Video, Related searches"
win iptv player,Commercial,47,110,30,0.00,"AI Overview, Reviews, Video, People also ask, Related searches"
wow sport probemonat,"Informational, Commercial",36,110,13,0.41,"Sitelinks, AI Overview, Reviews, People also ask, Related searches, Ads top"
www.rtlplus.de tv login,Transactional,37,110,39,0.45,"Reviews, Video, People also ask, Related searches"
zdf live eishockey,"Navigational, Transactional",44,110,45,0.00,"Video, Video carousel, Related searches"
zdf live-sport heute,"Navigational, Transactional",37,110,54,0.00,"Video, Video carousel, Top stories, Related searches"
zdf mediathek sport live,"Navigational, Transactional",38,110,69,0.00,"Reviews, Video, Video carousel, People also ask, Top stories, Related searches"
zdf sport livestream heute,"Informational, Transactional",42,110,65,0.00,"Reviews, Video, Video carousel, People also ask, Top stories, Related searches"
zdf sportstudio stream,"Informational, Transactional",38,110,45,0.01,"Reviews, Video, Video carousel, People also ask, Knowledge panel, Related searches"
über internet fernsehen gucken,"Informational, Commercial",40,110,35,1.50,"AI Overview, Reviews, Video, Video carousel, People also ask, Related searches, Ads top, Ads middle"
ıptv stream player windows,"Informational, Transactional",51,110,31,0.00,"Reviews, Video, Related searches"
ıptv test,"Informational, Commercial",39,110,10,0.89,"Sitelinks, Video, Related searches"
1&1tv box,"Informational, Transactional",39,90,20,1.05,"Reviews, Video, Video carousel, People also ask, Related searches, Popular products"
1und 1 cinema,"Informational, Transactional",31,90,38,1.73,"Reviews, People also ask, Related searches"
1und 1tv,"Informational, Transactional",45,90,32,0.78,"Reviews, Video, People also ask, Related searches"
1und1 hd tv,"Navigational, Transactional",36,90,30,0.90,"Reviews, Video, People also ask, Related searches"
1und1 tv kosten,"Navigational, Transactional",45,90,32,0.45,"Reviews, People also ask, Related searches"
1und1cinema,"Informational, Transactional",33,90,29,0.00,"Reviews, People also ask, Related searches"
2 bundesliga konferenz sky,"Navigational, Transactional",35,90,41,0.00,"Reviews, Video, People also ask, Related searches"
2 bundesliga live-stream kostenlos,Commercial,40,90,21,0.66,"Reviews, Video, Related searches"
2 bundesliga wo schauen,Transactional,41,90,34,1.08,"Reviews, Video, People also ask, Related searches, Ads top"
abonnement iptv,Commercial,53,90,19,0.00,"AI Overview, Video, People also ask, Related searches"
activation iptv,"Informational, Transactional",45,90,10,0.00,"Reviews, Video, Video carousel, People also ask, Related searches"
adult iptv free,"Informational, Commercial",45,90,,0.00,People also ask
adults iptv free,"Informational, Commercial",45,90,15,0.00,People also ask
aktuelles sportstudio live,"Informational, Transactional",38,90,44,0.02,"Reviews, Video, Video carousel, People also ask, Related searches"
alpha iptv,Commercial,40,90,20,0.00,"AI Overview, Reviews, Image pack, Video, People also ask, Related searches"
am pc tv schauen,"Informational, Commercial",36,90,23,0.95,"AI Overview, Reviews, Video, Video carousel, People also ask, Related searches"
amazon stick iptv,"Informational, Transactional",45,90,31,0.00,"Sitelinks, People also ask, Related searches"
anbieter digitales fernsehen,"Informational, Commercial",42,90,46,1.45,"Sitelinks, AI Overview, Reviews, Video, People also ask, Related searches, Ads bottom"
anbieter für digitales fernsehen,Commercial,42,90,38,1.82,"Reviews, Video, People also ask, Related searches"
anmeldung fernsehen,Transactional,36,90,61,2.48,"AI Overview, Reviews, Video, People also ask, Related searches"
ard livestream dfb pokal,"Informational, Transactional",35,90,51,0.90,"Sitelinks, Reviews, Video, Video carousel, Related searches"
ard sportschau app,"Navigational, Transactional",35,90,53,0.00,"Reviews, Video, People also ask, Related searches"
barcelona football live tv,Commercial,38,90,43,1.33,"Reviews, Video, People also ask, Related searches"
barcelona madrid live stream,Commercial,37,90,15,1.08,"Reviews, Video, Related searches"
bayern gladbach stream,Commercial,39,90,30,0.00,"Reviews, Video, People also ask, Related searches"
best android player for iptv,Commercial,45,90,31,0.00,"Sitelinks, AI Overview, Reviews, Video, Video carousel, People also ask, Related searches"
best android tv stick,Commercial,35,90,43,0.42,"Sitelinks, Video, Video carousel, Related searches, Popular products"
best iptv player android,Commercial,46,90,41,0.00,"Sitelinks, AI Overview, Reviews, Video, Video carousel, People also ask, Related searches"
beste ip tv app,Commercial,55,90,17,0.00,"AI Overview, Reviews, Video, People also ask, Related searches"
beste iptv app für apple tv,Commercial,52,90,25,0.00,"Sitelinks, AI Overview, Reviews, Video, Related searches"
beste iptv box android,"Informational, Commercial",51,90,16,0.00,"Video, Video carousel, People also ask, Related searches"
beste stream box,Commercial,44,90,22,0.67,"Sitelinks, Reviews, Video, Video carousel, People also ask, Related searches, Popular products"
beste streaming angebote,Commercial,46,90,38,1.31,"AI Overview, Reviews, Video, People also ask, Related searches"
beste streaming boxen,Commercial,44,90,23,0.67,"Sitelinks, Reviews, Video, Video carousel, People also ask, Related searches"
beste tv stick,Commercial,38,90,31,0.93,"Sitelinks, Reviews, Video, People also ask, Related searches, Popular products"
bester streaming dienst tv,Commercial,46,90,37,1.77,"Sitelinks, AI Overview, Reviews, Video, People also ask, Related searches"
bestes streaming angebot,Commercial,40,90,34,1.39,"AI Overview, Reviews, Video, People also ask, Related searches"
black friday sky angebot,Commercial,31,90,35,0.00,"Reviews, Video, People also ask, Related searches"
bundesliga im fernsehen,Commercial,44,90,43,0.81,"Reviews, Video, People also ask, Related searches"
bundesliga kostenlos schauen vpn,Commercial,35,90,22,0.00,"Sitelinks, AI Overview, Reviews, Video, Related searches, Ads bottom, Ads middle"
bundesliga paket,Commercial,38,90,34,1.15,"AI Overview, Reviews, Video, Related searches"
bundesliga sonntagsspiele übertragung,Commercial,42,90,40,1.32,"Reviews, Video, People also ask, Related searches"
bundesliga sportschau stream,Commercial,47,90,53,0.00,"Reviews, Video, Related searches"
bundesliga streams .net,Commercial,38,90,17,0.00,"Reviews, People also ask"
bvb inter mailand übertragung,"Informational, Commercial",44,90,39,0.00,"Featured snippet, Reviews, Video, Related searches"
bvb live stream kostenlos,Commercial,37,90,31,1.81,"Reviews, Video, People also ask, Related searches"
canlı tv.direct,"Informational, Transactional",39,90,81,0.00,"Reviews, Video, Knowledge panel"
champions league illegal stream,Commercial,36,90,27,0.00,"Sitelinks, Video, Related searches"
champions streaming live,Commercial,38,90,42,1.19,"Reviews, Video, Video carousel, People also ask, Related searches"
chromecast oder fire tv,Commercial,32,90,19,0.00,"Sitelinks, AI Overview, Video, Video carousel, People also ask, Related searches"
chromecast vs fire tv,Commercial,29,90,18,0.00,"Sitelinks, AI Overview, Video, Video carousel, People also ask, Related searches"
dazn eishockey,"Navigational, Transactional",44,90,40,0.00,"Video, People also ask, Related searches"
dazn handball heute,"Navigational, Transactional",32,90,44,1.79,"Video, People also ask, Related searches"
dazn livestream kostenlos,"Informational, Transactional",35,90,66,0.00,"Reviews, Video, People also ask, Related searches"
deutsche tv kostenlos,Commercial,34,90,32,0.36,"Reviews, Video, People also ask, Related searches"
deutsche tv online kostenlos,Commercial,36,90,33,0.42,"Reviews, Video, Related searches, Ads bottom"
deutschland free tv,Commercial,38,90,51,1.08,"Featured snippet, Reviews, Video, People also ask, Related searches"
dfb live streaming,"Informational, Commercial",35,90,54,0.00,"Reviews, Video, People also ask, Related searches"
dortmund gegen frankfurt live stream kostenlos,Commercial,35,90,26,0.00,"Reviews, Video, People also ask, Related searches"
dutch iptv,Commercial,47,90,47,0.00,Knowledge panel
eurosport 1 live programm,"Informational, Transactional",47,90,40,0.33,"People also ask, Related searches"
fernseh kostenlos streamen,Commercial,37,90,56,0.64,"Sitelinks, Reviews, Video, People also ask, Related searches, Ads bottom"
fernseh live kostenlos,Commercial,47,90,59,0.51,"Reviews, Video, Related searches"
fernseh schauen gratis,Commercial,33,90,44,0.85,"AI Overview, Reviews, Video, People also ask, Related searches"
fernseh stream kostenlos,Commercial,39,90,49,0.84,"Video, People also ask, Knowledge panel, Related searches"
fernseh streaming anbieter,Commercial,44,90,40,2.47,"AI Overview, Reviews, Video, People also ask, Related searches, Ads bottom"
fernsehanbieter im vergleich,Commercial,38,90,30,1.01,"AI Overview, Reviews, Video, People also ask, Related searches, Ads top, Ads middle"
fernsehanbieter vergleich,Commercial,40,90,34,1.14,"Sitelinks, AI Overview, Reviews, Video, People also ask, Related searches"
fernsehen am tablet kostenlos,Commercial,42,90,50,0.39,"AI Overview, Reviews, Video, People also ask, Related searches, Ads bottom, Ads middle"
fernsehen auf rtl,Commercial,43,90,57,0.49,"Video, People also ask, Top stories, Related searches"
fernsehen kostenfrei,Commercial,35,90,59,0.65,"Reviews, Video, People also ask, Knowledge panel, Related searches, Ads bottom"
fernsehen live streamen,Commercial,47,90,72,0.79,"Reviews, Video, People also ask, Related searches, Ads middle"
fernsehen live tv,Commercial,41,90,75,0.72,"Reviews, Video, People also ask, Related searches, Ads bottom"
fernsehen livestream kostenlos,Commercial,40,90,69,0.71,"Reviews, Video, Related searches"
fernsehen online kostenlos schauen,Commercial,38,90,47,0.85,"Reviews, Video, People also ask, Related searches"
fernsehen sport1 heute,"Informational, Transactional",40,90,33,0.00,"Video, People also ask, Related searches"
fernsehen tv live,Commercial,41,90,68,0.72,"Reviews, Video, Related searches"
fernsehen usb stick,Commercial,41,90,19,0.63,"Sitelinks, Reviews, Video, Video carousel, People also ask, Related searches, Popular products, Ads top"
fernsehn am pc,"Informational, Commercial",37,90,19,0.53,"AI Overview, Reviews, Video, People also ask, Related searches, Ads top"
fernsehprogramm heute rtl plus,Commercial,31,90,44,0.00,"Video, People also ask, Related searches"
fernsehprogramm kostenlos streamen,Commercial,37,90,50,0.83,"Sitelinks, Reviews, Video, People also ask, Related searches"
fire tv stick hd vs 4k,Commercial,30,90,15,0.00,"Sitelinks, Reviews, Video, Video carousel, People also ask, Related searches"
flex tv stick,"Informational, Transactional",45,90,26,0.60,"Reviews, Video, Video carousel, People also ask, Related searches, Popular products, Ads bottom"
flixy tv stick bewertung,Commercial,45,90,14,0.13,"Sitelinks, AI Overview, Reviews, Video, People also ask, Related searches"
frauenfußball live stream,Commercial,37,90,47,0.00,"Video, People also ask, Related searches"
free fernsehn,Commercial,33,90,50,0.94,"AI Overview, Reviews, Video, People also ask, Related searches"
free live stream tv,Commercial,39,90,46,0.90,"Reviews, Video, Related searches"
free online tv,Commercial,37,90,37,0.97,"Reviews, Video, People also ask, Related searches"
free online tv streaming,Commercial,38,90,55,1.69,"Reviews, Video, People also ask, Related searches"
free stream 1,Commercial,37,90,15,0.00,"Reviews, Video, Related searches"
free stream live,Commercial,38,90,61,0.97,"Video, People also ask, Related searches"
free tv streams,Commercial,37,90,70,0.00,"Sitelinks, Reviews, Video, Video carousel, Top stories, Related searches, Ads bottom"
freetv rtl,"Navigational, Transactional",43,90,55,0.72,"Sitelinks, Video, People also ask, Top stories, Related searches"
freetv stream,Commercial,41,90,49,0.90,"Reviews, Video, People also ask, Top stories"
fussball heute sky,"Navigational, Transactional",36,90,51,1.02,"Sitelinks, Reviews, People also ask, Related searches"
fussball kostenlos schauen,Commercial,39,90,53,0.69,"Sitelinks, AI Overview, Reviews, Video, Related searches"
fussball live auf sky,"Navigational, Transactional",42,90,50,0.86,"Reviews, Video, Related searches"
fussball live streams online,Commercial,40,90,52,1.37,"Sitelinks, Video, Related searches"
fussball livestream free,Commercial,37,90,50,0.63,"Video, Top stories, Related searches"
fussball livestream gratis,Commercial,40,90,54,0.57,"AI Overview, Video, Top stories, Related searches"
fussball stream bundesliga,Commercial,45,90,49,2.23,"Reviews, Video, People also ask, Related searches"
fussball stream gratis,Commercial,40,90,44,1.19,"Sitelinks, Reviews, Video, People also ask"
fußball bundesliga tv,Commercial,45,90,43,0.91,"Reviews, Video, People also ask, Related searches"
fußball gratis stream,Commercial,43,90,57,0.68,"Sitelinks, Video, Top stories, Related searches"
fußball gucken gratis,Commercial,42,90,49,0.52,"Reviews, Video, Related searches"
fußball heute hsv live,Transactional,36,90,20,0.00,"Reviews, Video, Related searches"
fußball kostenlos live stream,Commercial,41,90,51,0.90,"Sitelinks, Video, People also ask, Related searches"
fußball live free,Commercial,39,90,63,0.86,"Video, Top stories, Related searches, Ads bottom"
fußball live streaming,Commercial,44,90,59,1.07,"Reviews, Video, People also ask, Top stories, Related searches, Ads top, Ads bottom"
fußball sehen live,Commercial,46,90,56,0.42,"Reviews, Video, Top stories, Related searches"
fußball stream ru,Commercial,40,90,32,0.00,"Sitelinks, Related searches"
fußball stream seiten,Commercial,41,90,23,1.32,"AI Overview, Video, Related searches"
fußball streaming free,Commercial,40,90,54,1.13,"Video, People also ask, Top stories, Related searches"
fußball welcher sender,"Informational, Commercial",42,90,48,0.99,"Video, People also ask, Related searches"
germany ıptv,"Informational, Commercial",54,90,10,0.87,"AI Overview, Video, People also ask, Related searches"
germanyiptv,Commercial,54,90,4,1.15,"AI Overview, Video, People also ask, Ads bottom"
good android tv,"Informational, Commercial",34,90,41,0.26,"Sitelinks, Reviews, Video, Video carousel, People also ask, Related searches, Popular products"
google chromecast vs amazon fire tv,Commercial,28,90,18,0.00,"Sitelinks, AI Overview, Video, Video carousel, Short videos, People also ask, Related searches"
gratis bundesliga schauen,Commercial,40,90,23,0.82,"Sitelinks, Reviews, Video, People also ask, Related searches"
gratis fernsehen online,Commercial,39,90,35,1.37,"Reviews, Video, People also ask, Related searches, Ads bottom"
gratis fussball,Commercial,37,90,60,0.54,"Reviews, Video, Top stories, Related searches"
gratis fussball stream,Commercial,43,90,51,1.19,"Reviews, Video, People also ask, Related searches"
gratis livestream fussball,Commercial,40,90,55,0.77,"Video, People also ask, Related searches, Ads bottom"
gratis stream fussball,Commercial,40,90,58,1.19,"Video, People also ask, Top stories, Related searches, Ads bottom"
gratis stream fussball live,Commercial,40,90,54,0.77,"Video, People also ask, Top stories, Related searches"
günstige streaming dienste,"Informational, Commercial",41,90,30,1.41,"Sitelinks, AI Overview, Reviews, Video, People also ask, Related searches, Ads top, Ads middle"
hansa rostock live stream,Commercial,32,90,21,0.93,"Reviews, Video, People also ask, Related searches"
hdtv live streaming,Commercial,43,90,68,1.21,"Reviews, Video, People also ask, Related searches"
hdtv stream,Commercial,42,90,59,1.75,"AI Overview, Reviews, Video, People also ask, Related searches"
hsv gucken,Commercial,27,90,25,0.65,"Reviews, Video, Video carousel, Related searches"
hsv live ticker sport1,"Navigational, Transactional",37,90,25,0.00,"Video, Related searches"
index m3u,Commercial,38,90,20,0.00,"AI Overview, Video, Video carousel, People also ask, Related searches"
internet hd fernsehen,Commercial,42,90,50,1.59,"Reviews, Video, People also ask, Related searches"
internet tv smart,"Informational, Commercial",43,90,26,0.74,"Reviews, Video, People also ask, Related searches, Ads bottom"
ip tv kodu,"Informational, Transactional",43,90,44,0.00,"Reviews, Video, Video carousel, People also ask, Related searches"
ip tv provider,"Informational, Commercial",46,90,31,0.00,"Video, People also ask, Related searches"
ip tv subscription,Commercial,52,90,47,1.27,"Sitelinks, AI Overview, Video, Video carousel, People also ask, Related searches"
iptv accounts,Commercial,47,90,18,0.00,"Sitelinks, Video, Related searches"
iptv activare,"Informational, Transactional",45,90,19,0.00,"Reviews, Video, Video carousel, Related searches"
iptv anbieter deutsch,"Informational, Commercial",46,90,27,0.00,"AI Overview, Video, Related searches"
iptv app lg,Commercial,42,90,16,0.00,"Video, Video carousel, People also ask, Related searches"
iptv box test,Commercial,42,90,17,0.00,"Sitelinks, Reviews, Video, Video carousel, People also ask, Related searches"
iptv decoder box,Commercial,46,90,23,0.00,"Video, People also ask, Related searches, Popular products"
iptv for pc,Commercial,55,90,,0.00,"Reviews, Video, Video carousel, Related searches"
iptv gratuits,"Informational, Commercial",57,90,30,0.00,"Reviews, Video, People also ask, Related searches"
iptv linux software,Commercial,42,90,9,0.00,"AI Overview, Reviews, Video, Related searches"
iptv nederland,Commercial,44,90,52,0.00,"AI Overview, Reviews, Video, People also ask, Related searches"
iptv rapid,Commercial,47,90,2,0.97,"People also ask, Related searches"
iptv set top,Commercial,45,90,16,0.00,"Video, People also ask, Related searches, Popular products"
iptv smarters windows,"Informational, Transactional",45,90,34,0.00,"Reviews, Video, Video carousel, People also ask, Related searches"
iptv stick amazon,"Informational, Transactional",46,90,31,0.00,"Sitelinks, Video, People also ask, Related searches, Popular products"
iptv subscription reddit,"Navigational, Transactional",47,90,28,0.00,"Video, People also ask, Related searches"
iptv türkei,Commercial,46,90,26,0.00,"Video, People also ask, Related searches"
iptv website,Commercial,50,90,38,0.00,"AI Overview, People also ask, Related searches"
iptv windows player,"Informational, Commercial",47,90,22,0.00,"Reviews, Video, Related searches"
iptv worldwide,"Informational, Commercial",47,90,,0.00,"Sitelinks, Video, Video carousel, People also ask, Related searches"
kabel tv anbieter ohne internet,"Informational, Commercial",43,90,27,1.72,"AI Overview, Video, People also ask, Related searches, Ads top, Ads bottom"
kostenfrei fernsehen,Commercial,33,90,51,0.55,"AI Overview, Reviews, Video, People also ask, Related searches"
kostenlos live tv schauen,Commercial,41,90,52,0.75,"AI Overview, Reviews, Video, People also ask, Related searches"
kostenlos online fernsehen schauen,Commercial,36,90,58,0.77,"Sitelinks, Reviews, Video, People also ask, Related searches, Ads top, Ads bottom"
lievtv,Commercial,40,90,79,1.26,"Reviews, Video, People also ask, Top stories, Related searches"
live fussball ru stream,Commercial,39,90,29,0.00,"Reviews, Video, Related searches"
live fußball.ru,Commercial,38,90,41,1.12,"Video, People also ask"
live programm rtl,"Informational, Transactional",43,90,34,0.55,"Video, People also ask, Related searches"
live rtl gucken kostenlos,Commercial,37,90,55,0.89,"AI Overview, Reviews, Video, People also ask, Related searches, Ads top, Ads middle"
live soccer stream ru,Commercial,41,90,30,0.00,Related searches
live stream dfb pokal ard,"Informational, Transactional",35,90,42,0.90,"Reviews, Video"
live streaming bundesliga,Commercial,39,90,47,0.70,"Reviews, Video, Related searches"
live streaming match,Commercial,41,90,69,1.27,"Reviews, Video, People also ask, Related searches"
live streaming websites,Commercial,42,90,67,2.01,"Reviews, Video, Related searches"
live tv fernsehen,Commercial,44,90,69,0.72,"Reviews, Video, People also ask, Related searches"
live tv football streaming,Commercial,44,90,66,0.00,"Reviews, Video, Video carousel, Related searches"
live tv free streaming,Commercial,41,90,52,1.20,"Reviews, Video, People also ask, Related searches"
live tv fussball stream,Commercial,44,90,57,0.78,"Reviews, Video, People also ask, Top stories, Related searches, Ads bottom"
live tv kostenlos schauen,Commercial,41,90,50,0.65,"Reviews, Video, Related searches, Ads middle"
live tv schauen kostenlos,Commercial,41,90,62,0.65,"Reviews, Video, People also ask, Related searches"
live tv sehen,Commercial,44,90,74,0.58,"AI Overview, Reviews, Video, People also ask, Related searches"
live übertragung dynamo dresden,Commercial,32,90,27,0.85,"Reviews, Video, People also ask, Related searches"
live übertragung live tv,"Informational, Transactional",42,90,69,0.00,"Reviews, Video, People also ask, Knowledge panel, Related searches"
livenet.tv,Commercial,45,90,27,0.00,Video
livestream eintracht,"Navigational, Transactional",35,90,32,0.83,"Video, Video carousel, People also ask, Related searches"
livestream fernsehen rtl,"Navigational, Transactional",43,90,52,0.56,"Reviews, Video, People also ask, Related searches, Ads bottom"
livestream sport 1,"Navigational, Transactional",47,90,66,0.39,"Sitelinks, Reviews, Video, People also ask, Related searches"
livetv streamen,"Informational, Transactional",44,90,34,1.64,"Reviews, Video, Video carousel, People also ask, Related searches"
livetv.tv,"Informational, Commercial",41,90,57,1.26,"AI Overview, Reviews, Video, People also ask"
livetvxs,Commercial,41,90,81,1.43,"Reviews, Video, Related searches, Ads bottom"
m3u downloader,Commercial,35,90,19,0.00,"Sitelinks, Reviews, Video, People also ask, Related searches"
m3u player online,"Informational, Commercial",37,90,41,0.00,"Reviews, Related searches, Ads bottom"
magenta tv sender liste,Commercial,42,90,23,0.40,"Video, Video carousel, People also ask, Related searches"
magenta tv stick alternative,Commercial,39,90,21,0.27,"Sitelinks, Reviews, Video, People also ask, Related searches"
mediathek rtl livestream,"Navigational, Transactional",38,90,48,0.00,"Reviews, Video, People also ask, Related searches, Ads bottom"
mobile fernseher,"Informational, Commercial",44,90,24,0.18,"Image pack, People also ask, Related searches, Popular products"
mobile television,"Informational, Transactional",44,90,40,0.49,"Sitelinks, Image pack, Video, People also ask, Knowledge panel, Related searches, Popular products"
moxi player tv stick,"Informational, Commercial",45,90,,0.00,"Sitelinks, Reviews, Video, People also ask, Related searches, Popular products"
musik streaming dienste im test,Commercial,46,90,27,0.66,"Sitelinks, Reviews, Video, Short videos, People also ask, Related searches"
netflix boxen live heute,Commercial,47,90,30,0.00,"Video, People also ask, Related searches"
netflix sticks,Commercial,45,90,30,0.35,"Reviews, Video, People also ask, Related searches"
nhl live stream kostenlos,Commercial,38,90,30,0.48,"Reviews, Video, People also ask, Related searches"
nitro livestream nydus,"Navigational, Transactional",35,90,23,0.00,"Reviews, Video, People also ask, Related searches"
ohne kabel tv schauen,"Informational, Commercial",35,90,30,2.29,"Featured snippet, Sitelinks, Reviews, Video, Video carousel, People also ask, Related searches, Popular products, Ads bottom, Ads middle"
online fernsehen gratis,Commercial,39,90,44,0.89,"Reviews, Video, People also ask, Related searches"
online gratis fernsehen,Commercial,36,90,40,1.37,"Reviews, Video, People also ask, Related searches"
online tv freeware,Commercial,40,90,38,0.83,"Reviews, Video, People also ask, Related searches"
online tv schauen kostenlos ohne anmeldung rtl,Transactional,43,90,30,0.00,"AI Overview, Reviews, Video, People also ask, Related searches"
online tv stream,Commercial,44,90,62,2.33,"Reviews, Video, People also ask, Related searches"
pc iptv,Commercial,55,90,31,0.00,"AI Overview, Reviews, Video, People also ask"
portugal spain live stream,Commercial,36,90,23,0.00,"Reviews, Video, Video carousel, Related searches"
portugal vs spain live streaming,Commercial,36,90,30,0.00,"Reviews, Video, Video carousel, People also ask, Related searches"
premier league live kostenlos,Commercial,38,90,22,0.00,"Reviews, Video, People also ask, Related searches"
premiere league live,"Informational, Transactional",44,90,44,0.94,"Reviews, Video, Knowledge panel, Related searches, Ads bottom"
programe online gratis,"Informational, Commercial",34,90,57,1.16,"Reviews, Related searches"
programm rtl live,"Informational, Transactional",43,90,,0.55,"Video, People also ask, Related searches, Ads bottom"
rad wm live stream,"Informational, Transactional",36,90,22,0.00,"Reviews, Video, Video carousel, People also ask, Related searches"
receiver sky,Transactional,35,90,32,1.73,"Reviews, Image, Video, People also ask, Related searches, Ads bottom"
rtl 2 kostenlos,Commercial,35,90,31,2.02,"AI Overview, Video, People also ask, Related searches"
rtl 2 kostenlos schauen,Commercial,36,90,28,1.23,"Reviews, Video, People also ask, Related searches"
rtl 4 live,"Navigational, Transactional",37,90,34,0.71,"AI Overview, Reviews, Video, People also ask, Related searches"
rtl de stream live,"Navigational, Transactional",37,90,83,0.71,"Reviews, Video, People also ask, Related searches"
rtl ii livestream,Commercial,42,90,31,0.68,"Reviews, Video, People also ask, Related searches"
rtl kostenlos live gucken,Commercial,38,90,30,0.89,"Reviews, Video, People also ask, Related searches, Ads bottom"
rtl kostenlos ohne anmeldung live,Transactional,43,90,39,0.00,"AI Overview, Reviews, Video, People also ask, Related searches"
rtl kostenlos streamen ohne anmeldung,Transactional,34,90,45,0.00,"AI Overview, Reviews, Video, People also ask, Related searches"
rtl kostenlos tv,Transactional,36,90,50,0.76,"Reviews, Video, People also ask, Related searches, Ads bottom"
rtl live now,"Navigational, Transactional",43,90,67,0.26,"Reviews, Video, People also ask, Related searches"
rtl live sender,"Navigational, Transactional",43,90,69,0.70,"Sitelinks, Reviews, Video, People also ask, Related searches"
rtl live ticker,"Navigational, Transactional",35,90,62,0.00,"Reviews, Video, People also ask, Top stories, Related searches"
rtl livestraem,"Navigational, Transactional",37,90,48,0.60,"Reviews, Video, People also ask, Related searches"
rtl livestream hd,"Navigational, Transactional",39,90,52,0.87,"Reviews, Video, People also ask, Related searches"
rtl livestream mediathek,"Navigational, Transactional",38,90,48,0.00,"Reviews, Video, People also ask, Related searches"
rtl livew,"Navigational, Transactional",37,90,68,0.47,"Reviews, Video, People also ask, Top stories, Related searches"
rtl media,"Navigational, Transactional",34,90,70,0.14,"Sitelinks, Reviews, Video, People also ask, Related searches"
rtl mediathek livestream,"Navigational, Transactional",38,90,44,0.00,
rtl online live,"Navigational, Transactional",43,90,53,1.00,"Video, People also ask, Top stories, Related searches"
rtl online sehen,"Navigational, Transactional",37,90,46,0.82,"Reviews, Video, People also ask, Related searches, Ads bottom"
rtl plus fernsehprogramm heute,Commercial,43,90,44,0.33,"People also ask, Related searches"
rtl plus live programm heute,"Navigational, Transactional",43,90,85,0.15,"Sitelinks, People also ask, Related searches"
rtl punkt 12 live,"Navigational, Transactional",32,90,34,0.00,"Sitelinks, Video, People also ask, Related searches"
rtl sender live,"Navigational, Transactional",43,90,67,0.70,"Sitelinks, Reviews, Video, People also ask, Related searches"
rtl stream ohne anmeldung,"Navigational, Transactional",34,90,42,1.31,"AI Overview, Reviews, Video, People also ask, Related searches"
rtl stream online kostenlos,Commercial,37,90,60,1.36,"AI Overview, Reviews, Video, People also ask, Related searches"
rtl tv kostenlos,Commercial,39,90,44,0.72,"Reviews, Video, People also ask, Related searches"
rtl tv live heute,"Navigational, Transactional",43,90,51,0.36,"Reviews, Video, People also ask, Related searches"
rtl wiederholung,"Informational, Transactional",31,90,51,0.52,"Video, People also ask, Related searches"
rtl1,"Informational, Transactional",34,90,67,0.65,"Reviews, Video, Related searches"
rtl2 gucken,Commercial,32,90,45,0.77,"Reviews, Video, People also ask, Related searches"
rugby streaming,Commercial,38,90,57,0.00,"Reviews, Video, People also ask, Related searches"
sat 1 hd live stream,Commercial,41,90,29,0.70,"Reviews, Video, People also ask, Related searches, Ads bottom"
sat 1 live ohne anmelden,"Navigational, Transactional",35,90,31,0.41,"Reviews, Video, Related searches"
satellite tv live,Commercial,37,90,58,0.32,"AI Overview, Reviews, Video, People also ask, Related searches"
sendung verpasst rtl2 now,"Informational, Transactional",34,90,45,0.00,"Reviews, People also ask, Related searches"
set top box tv,Commercial,41,90,13,0.88,"Image pack, People also ask, Related searches, Popular products"
siptv apk,"Informational, Transactional",47,90,28,0.00,"Reviews, Video, People also ask, Related searches"
sky 2 bundesliga programm,"Navigational, Transactional",41,90,42,0.00,"Sitelinks, Reviews, Video, People also ask, Related searches"
sky abo mit netflix,Commercial,34,90,34,1.71,"AI Overview, Reviews, Video, People also ask, Related searches, Ads bottom, Ads middle"
sky abo verlängern,Transactional,34,90,26,1.71,"Reviews, Video, People also ask, Related searches"
sky bundesliga 2 programm,"Navigational, Transactional",41,90,33,0.00,"Sitelinks, Reviews, Video, Related searches"
sky bundesliga rechte 2027,Commercial,42,90,43,0.91,"Reviews, Video, People also ask, Related searches"
sky bundesliga relive,Commercial,42,90,36,0.82,"Sitelinks, Video, People also ask, Related searches"
sky bundesliga spiele,"Navigational, Transactional",42,90,46,1.48,"People also ask, Related searches"
sky bundesliga uhd,"Informational, Transactional",39,90,27,1.26,"Reviews, Video, People also ask, Related searches"
sky bundesliga welche spiele,"Navigational, Transactional",42,90,43,1.48,"People also ask, Related searches"
sky de black friday,Transactional,31,90,30,0.00,"Reviews, Video, People also ask, Related searches"
sky live sport,"Navigational, Transactional",46,90,89,1.41,"Sitelinks, Reviews, Video, People also ask, Related searches"
sky live streams kostenlos,Transactional,37,90,50,0.70,"Reviews, Video, People also ask, Related searches"
sky livestream kostenlos,Transactional,39,90,47,0.58,"Sitelinks, AI Overview, Reviews, Video, People also ask, Related searches"
sky oder dazn,Commercial,33,90,27,0.00,"Sitelinks, Video, People also ask, Related searches"
sky q receiver bestellen,"Informational, Transactional",43,90,29,1.92,"AI Overview, Reviews, People also ask, Related searches"
sky sport de live,"Navigational, Transactional",43,90,71,0.92,"Sitelinks, Video, People also ask, Related searches"
sky sport live stream free,"Navigational, Transactional",38,90,56,0.00,"Sitelinks, Reviews, Video, People also ask, Related searches"
sky sport studenten,Transactional,39,90,30,0.00,"Reviews, People also ask, Related searches"
sky sport video,"Navigational, Transactional",42,90,40,0.00,"Sitelinks, Video, Video carousel, People also ask, Related searches"
sky videos,"Navigational, Transactional",34,90,48,1.22,"Sitelinks, Video, People also ask, Related searches"
smart iptv app kostenlos,"Informational, Commercial",55,90,30,0.00,"AI Overview, Reviews, Video, People also ask, Related searches"
smart iptv download chip,Transactional,55,90,42,0.00,"Video, People also ask, Related searches"
smart iptv eu,"Informational, Transactional",42,90,29,0.00,"AI Overview, Reviews, Video, Video carousel, People also ask, Related searches"
smart iptv kaufen,Transactional,49,90,29,0.00,"Reviews, Video, People also ask, Related searches"
smart iptv player pro,"Informational, Transactional",55,90,39,0.00,"Reviews, Video, Video carousel, People also ask, Related searches"
smart tv adapter,Commercial,41,90,26,0.28,"Sitelinks, Video, People also ask, Related searches, Popular products"
smart tv box erfahrungen,Commercial,36,90,27,0.00,"Sitelinks, Reviews, Video, Video carousel, People also ask, Related searches"
smart tv vertrag,Commercial,38,90,20,2.90,"Reviews, People also ask, Related searches, Popular products, Ads top, Ads middle"
smarters lite,"Informational, Transactional",34,90,34,0.00,"Reviews, People also ask, Knowledge panel, Related searches"
sport 1 kostenlos,"Navigational, Transactional",45,90,59,0.42,"AI Overview, Reviews, Video, People also ask, Related searches"
sport 1 life,"Informational, Transactional",42,90,76,0.35,"Reviews, Video, Video carousel, Related searches"
sport 1 live stream kostenlos ohne anmeldung,"Navigational, Transactional",47,90,47,0.33,"Reviews, Video, People also ask, Related searches"
sport hd live,Commercial,48,90,56,0.76,"Reviews, Video, People also ask, Related searches, Ads top, Ads bottom"
sport heute tv live,Commercial,47,90,69,0.50,"Reviews, Video, Related searches"
sport live jetzt,Commercial,47,90,62,0.61,"Video, Related searches"
sport tv online tv,Commercial,50,90,77,0.74,"Reviews, Video, Related searches"
sport1 free tv,"Navigational, Transactional",43,90,59,0.88,"Reviews, Video, People also ask, Related searches"
sport1 livestream ausland,Transactional,43,90,48,0.53,"Sitelinks, Reviews, Video, People also ask, Related searches, Ads bottom"
sport1 mediathek erotik,"Informational, Transactional",44,90,27,0.00,People also ask
sportdeutschland tv livestream,"Informational, Transactional",43,90,43,0.49,"Reviews, Video, People also ask, Related searches"
sportdigital live stream kostenlos,"Informational, Transactional",46,90,30,0.79,"Sitelinks, Reviews, Video, Related searches"
sportfernsehen,Commercial,43,90,67,0.43,"Reviews, Video, People also ask, Related searches"
sportplus.tv,"Informational, Transactional",47,90,21,1.30,"Reviews, Video, People also ask, Knowledge panel"
sportschau audio livestream,"Navigational, Transactional",47,90,,0.00,"Reviews, Video, Related searches"
sportschau bundesliga stream,"Navigational, Transactional",47,90,56,0.00,"Reviews, Video, People also ask, Top stories, Related searches"
sportschau im ersten heute,Transactional,47,90,64,0.00,"Video, People also ask, Related searches"
stream anbieter,"Informational, Commercial",44,90,45,2.07,"Sitelinks, AI Overview, Video, People also ask, Related searches, Ads top, Ads middle"
stream fußball bundesliga,Commercial,44,90,53,2.23,"Reviews, Video, People also ask, Related searches"
stream tv free,Commercial,40,90,52,0.94,"Reviews, Video, People also ask, Related searches"
stream tv tv series,Commercial,40,90,61,2.94,"AI Overview, Reviews, Video, People also ask, Related searches"
streamanbieter,Commercial,46,90,45,7.65,"AI Overview, Reviews, Video, People also ask, Related searches, Ads middle"
streaming dienst vergleich,Commercial,46,90,37,1.60,"Reviews, Video, Video carousel, People also ask, Related searches"
streaming geraete,"Informational, Commercial",45,90,16,0.94,"Reviews, Video, Video carousel, People also ask, Related searches, Popular products"
streaming live tv,Commercial,46,90,69,1.70,"AI Overview, Reviews, Video, Related searches"
streaming services germany,Commercial,40,90,50,1.56,"Sitelinks, AI Overview, Reviews, Video, People also ask, Related searches"
streaming vergleich,Commercial,39,90,38,1.89,"Reviews, Video, People also ask, Related searches"
streaming-dienste vergleich,Commercial,46,90,35,1.33,"AI Overview, Reviews, Video, People also ask, Related searches"
super rtl livestream kostenlos,Commercial,43,90,39,0.00,"Video, People also ask, Related searches"
supercup live free tv,Commercial,43,90,20,0.00,"Reviews, Video, People also ask, Related searches"
supercup live stream,Commercial,39,90,28,0.00,"Reviews, Video, People also ask, Related searches"
superrtl livestream,Commercial,39,90,22,0.73,"Reviews, Video, People also ask, Related searches"
television gratis online,Commercial,41,90,56,0.00,"AI Overview, Reviews, Video, Related searches"
test tv stick,Commercial,31,90,33,0.40,"Sitelinks, Reviews, Video, People also ask, Related searches"
test tv sticks,Commercial,45,90,27,0.50,"Sitelinks, Video, Video carousel, People also ask, Related searches"
turnen em livestream,"Informational, Transactional",30,90,11,0.00,"Video, Video carousel, People also ask, Related searches"
tv auf pc schauen,Commercial,39,90,42,0.76,"AI Overview, Reviews, Video, People also ask, Related searches, Ads bottom, Ads middle"
tv box 4k,"Informational, Transactional",41,90,29,0.74,"Reviews, Video, Video carousel, People also ask, Related searches, Popular products"
tv box kaufen,Transactional,51,90,22,1.46,"Video, People also ask, Related searches, Popular products"
tv dongle,"Informational, Commercial",41,90,26,0.48,"Video, Video carousel, People also ask, Related searches, Popular products"
tv fernsehen live,Commercial,38,90,60,0.72,"Reviews, Video, Video carousel, People also ask, Related searches"
tv live free,Commercial,38,90,62,1.58,"Reviews, Video, People also ask, Related searches"
tv live schauen kostenlos,Commercial,47,90,59,0.65,"Reviews, Video, People also ask, Related searches"
tv live sehen,Commercial,44,90,73,0.58,"Reviews, Video, People also ask, Related searches"
tv programm streamen kostenlos,Commercial,39,90,45,0.66,"Reviews, Video, People also ask, Related searches"
tv schauen am pc,Commercial,40,90,24,0.76,"AI Overview, Reviews, Video, Video carousel, People also ask, Related searches, Ads top, Ads middle"
tv schauen ohne kabel,Commercial,38,90,24,2.30,"Sitelinks, Reviews, Video, Video carousel, People also ask, Related searches, Popular products, Ads top, Ads middle"
tv sport1 de live,"Navigational, Transactional",45,90,70,0.40,"Reviews, Video, People also ask, Related searches, Ads bottom"
tv sport1 live,"Navigational, Transactional",46,90,70,0.45,"Reviews, Video, People also ask, Related searches"
tv stick best,Commercial,45,90,29,0.59,"Sitelinks, Reviews, Video, Video carousel, People also ask, Related searches, Popular products, Ads middle"
tv sticks für fernseher,"Informational, Commercial",45,90,27,1.18,"Sitelinks, Reviews, Video, Video carousel, People also ask, Related searches, Popular products"
tv sticks test,Commercial,45,90,28,0.76,"Sitelinks, Video, Video carousel, People also ask, Related searches, Ads bottom"
tv streaming online live,Commercial,43,90,67,0.54,"Reviews, Video, Related searches"
tv umsonst schauen,Commercial,35,90,50,1.04,"Reviews, Video, People also ask, Related searches"
tv watch,"Informational, Transactional",36,90,39,0.62,"Reviews, Image, Image pack, Video, Video carousel, People also ask, Related searches, Popular products"
tv über pc schauen,"Informational, Commercial",39,90,17,0.95,"AI Overview, Reviews, Video, People also ask, Related searches"
tv&internet,Commercial,40,90,39,2.24,"Reviews, Video, People also ask, Related searches"
türkei iptv,"Informational, Commercial",46,90,19,0.00,"AI Overview, Reviews, Video, People also ask, Related searches"
türkisch tv,Commercial,42,90,22,2.11,"Reviews, Image, Video, Related searches"
usb stick smart tv,Commercial,41,90,22,0.45,"Video, Video carousel, People also ask, Related searches, Popular products, Ads bottom"
vergleich fernsehanbieter,Commercial,40,90,39,1.14,"Sitelinks, Reviews, Video, People also ask, Related searches, Ads top, Ads bottom"
vergleich streaming,Commercial,37,90,40,1.89,"Reviews, Video, People also ask, Related searches"
viking iptv,"Informational, Transactional",44,90,12,0.00,"Video, People also ask, Knowledge panel, Related searches"
vikings iptv,"Informational, Transactional",44,90,10,0.00,"Video, Knowledge panel, Related searches"
waipu alternativen,Commercial,29,90,25,0.78,"AI Overview, Reviews, Video, People also ask, Related searches"
waipu eurosport 2,Commercial,45,90,24,0.00,"Video, People also ask, Related searches, Ads top"
was ist der beste musik streaming dienst,Commercial,46,90,19,0.71,"Sitelinks, AI Overview, Reviews, Video, People also ask, Related searches, Ads bottom"
was ist eine set-top-box,"Informational, Commercial",46,90,13,0.46,"AI Overview, Reviews, Video, People also ask, Related searches"
watch hd iptv,"Navigational, Commercial",49,90,10,0.00,"Sitelinks, Reviews, Related searches"
web browser iptv,Commercial,47,90,44,0.00,"Reviews, Video, People also ask, Related searches"
welcher iptv player ist der beste,Commercial,55,90,,0.00,"AI Overview, Reviews, Video, People also ask, Related searches"
welcher streamingdienst ist der beste,Commercial,35,90,30,1.46,"AI Overview, Reviews, Video, Video carousel, People also ask, Related searches"
welt hd live,"Informational, Transactional",37,90,49,0.39,"Reviews, Video, Video carousel, People also ask, Related searches"
what is iptv github,"Navigational, Transactional",46,90,70,0.00,"AI Overview, People also ask, Related searches"
wow tv programm heute,Commercial,36,90,31,0.40,"Reviews, Video, People also ask, Related searches, Ads middle"
youtube sports videos,"Navigational, Transactional",42,90,50,1.08,"Video, Video carousel, Related searches"
zattoo test,Commercial,25,90,22,1.83,"Sitelinks, AI Overview, Reviews, Video, People also ask, Related searches"
zdf mediathek fußball live,"Navigational, Transactional",40,90,64,0.00,"Reviews, Video, Video carousel, People also ask, Related searches"
zdf programm sport,"Informational, Transactional",37,90,43,0.00,"Video, People also ask, Related searches"
zdf sportstudio'' heute live,Transactional,36,90,57,0.01,"Video, People also ask, Related searches"
zdf stream sport,"Informational, Transactional",42,90,49,0.00,"Reviews, Video, Video carousel, People also ask, Top stories, Related searches"
übertragung 1 bundesliga,Commercial,41,90,32,1.19,"Reviews, Video, People also ask, Related searches"
übertragung 3 liga live,Commercial,45,90,25,0.00,"Reviews, Video, Related searches"
1&1 tv box alternative,"Informational, Commercial",41,70,23,0.40,"AI Overview, Video, People also ask, Related searches"
1&1 tv sender,Commercial,45,70,26,0.77,"AI Overview, Reviews, Video, People also ask, Related searches"
1&1tv und filme,"Informational, Transactional",45,70,34,0.76,"Reviews, Video, People also ask, Related searches"
1und1 hd tv senderliste,"Navigational, Transactional",39,70,25,0.00,"Reviews, People also ask, Related searches"
1und1 tv app windows,"Informational, Transactional",39,70,24,0.00,"AI Overview, Reviews, Video, People also ask, Related searches"
1und1 tv box kaufen,Transactional,44,70,29,0.00,"Reviews, Video, People also ask, Related searches"
2 liga fernsehen,Commercial,44,70,25,0.86,"Reviews, Video, People also ask, Related searches"
2 liga im fernsehen,Commercial,40,70,30,0.84,"Video, People also ask, Related searches"
2. liga free tv,"Informational, Commercial",39,70,33,0.91,"Featured snippet, Reviews, Video, Related searches"
2. liga übertragung,Commercial,44,70,23,0.93,"Reviews, Video, Related searches"
3 liga auf sky,Transactional,39,70,23,0.00,"Sitelinks, Reviews, Video, People also ask, Related searches"
3 liga bei sky,"Navigational, Transactional",45,70,17,0.00,"Sitelinks, Reviews, Video, Related searches"
anbieter fernsehen über internet,Commercial,55,70,41,1.82,"AI Overview, Reviews, Video, People also ask, Related searches, Ads top, Ads middle"
android hdmi stick,"Informational, Commercial",39,70,23,0.33,"Video, Video carousel, People also ask, Related searches, Popular products"
android tv sticks,"Informational, Commercial",45,70,35,0.45,"Sitelinks, Video, Video carousel, People also ask, Related searches, Popular products"
aplle tv box,"Navigational, Transactional",51,70,49,0.30,"Sitelinks, Video, People also ask, Related searches, Popular products"
ard sportschau bundesliga live stream,"Navigational, Transactional",47,70,58,0.00,"Reviews, Video, Related searches"
ard sportschau live stream bundesliga,"Navigational, Transactional",47,70,67,0.00,"Reviews, Video, Related searches"
barca real live stream,Commercial,36,70,19,0.00,"Reviews, Video, Related searches"
barcelona live-stream gratis,Commercial,36,70,20,0.00,"Reviews, Video, People also ask, Related searches"
bbl live tv,"Informational, Commercial",38,70,36,1.85,"Reviews, Video, People also ask, Top stories, Related searches"
best iptv player for android,Commercial,46,70,47,0.00,"Sitelinks, AI Overview, Reviews, Video, Video carousel, People also ask, Related searches"
best iptv providers,"Informational, Commercial",56,70,49,0.00,"Featured snippet, Sitelinks, Video, Video carousel, People also ask, Related searches"
beste streaming box 2025,Commercial,44,70,30,0.00,"Sitelinks, Reviews, Video, People also ask, Related searches"
beste streaming dienst,Commercial,46,70,35,1.89,"AI Overview, Reviews, Video, People also ask, Related searches"
beste streaming-dienste,Commercial,46,70,40,1.71,"Sitelinks, AI Overview, Reviews, Video, People also ask, Related searches, Ads bottom"
besten streaming dienste,Commercial,36,70,37,1.89,"AI Overview, Reviews, Video, People also ask, Related searches, Ads middle"
bester internet tv anbieter,Commercial,45,70,39,2.11,"Sitelinks, AI Overview, Reviews, Video, People also ask, Related searches, Ads top, Ads middle"
biathlon heute im tv ard,"Informational, Commercial",36,70,32,0.00,"Video, People also ask, Related searches"
bild tv handball sonntag,"Navigational, Transactional",36,70,43,0.00,"Video, Video carousel, People also ask, Related searches"
bobres iptv,Transactional,57,70,0,0.00,"People also ask, Related searches"
box tv amazon,"Informational, Transactional",38,70,33,0.53,"People also ask, Related searches, Popular products"
buli highlights,"Informational, Transactional",30,70,44,0.00,"Video, Related searches"
bundesliga im ausland streamen,Commercial,45,70,27,1.32,"Sitelinks, Reviews, Video, People also ask, Related searches"
bundesliga live streams konferenz,Commercial,38,70,53,1.53,"Reviews, Video, People also ask, Related searches"
bundesliga spiele free tv,Commercial,41,70,25,0.00,"Reviews, Video, People also ask, Related searches"
bundesliga streaming net,Commercial,40,70,20,0.97,"Sitelinks, AI Overview, Reviews, Video, Related searches"
bundesliga über vpn,Commercial,36,70,20,0.00,"Sitelinks, Reviews, Video, Related searches"
bvb morgen im tv,"Informational, Transactional",44,70,32,0.00,"Reviews, Video, People also ask, Related searches"
champions league finale livestream,Commercial,38,70,44,0.00,"Reviews, Video, People also ask, Related searches"
chromecast amazon fire stick,Commercial,31,70,28,0.35,"Sitelinks, Reviews, Video, People also ask, Related searches, Popular products"
ctv vs ott advertising,"Informational, Commercial",46,70,19,0.00,"Reviews, Video, Video carousel, People also ask, Related searches"
darts wm finale livestream,Commercial,33,70,38,0.00,"Reviews, Video, People also ask, Related searches"
dazn oder sky,Commercial,35,70,35,0.00,"Reviews, Video, People also ask, Related searches"
deutsche fernsehen kostenlos ohne anmeldung,"Navigational, Transactional",33,70,50,0.00,"Sitelinks, AI Overview, Reviews, Video, People also ask, Related searches"
deutsche iptv,"Informational, Commercial",55,70,20,0.00,"AI Overview, Video, Related searches"
deutsches sportfernsehen,"Informational, Transactional",42,70,70,0.18,"People also ask, Knowledge panel, Related searches"
deutsches tv live streaming,Commercial,47,70,60,0.59,"AI Overview, Reviews, Video, Related searches, Ads bottom"
deutschland frankreich live übertragung,Commercial,33,70,30,0.00,"Reviews, Video, Video carousel, People also ask, Related searches, Ads bottom"
deutschland tv app,"Informational, Transactional",38,70,31,0.96,"Reviews, Video, People also ask, Related searches"
die besten tv sticks,Commercial,45,70,26,0.54,"Sitelinks, Reviews, Video, Video carousel, People also ask, Related searches, Popular products, Ads bottom"
dortmund gegen frankfurt live-stream kostenlos,Commercial,35,70,21,0.66,"Reviews, Video, Related searches"
dsl vertrag mit fernseher,Commercial,36,70,22,2.62,"AI Overview, Reviews, Video, Related searches, Ads top, Ads middle"
englische liga live,"Informational, Transactional",44,70,60,0.00,"Reviews, Video, People also ask, Knowledge panel, Related searches"
entertain plus,Commercial,32,70,19,1.95,"Reviews, Video, People also ask, Related searches"
europe iptv,Commercial,51,70,18,0.75,"Video, People also ask, Related searches"
eurosport 1 mediathek sendung verpasst,"Navigational, Transactional",47,70,56,0.22,"Sitelinks, People also ask, Related searches"
eurosport 2 live stream deutsch kostenlos,"Informational, Transactional",45,70,43,1.07,"Sitelinks, Video, People also ask"
eurosport deutschland live,"Navigational, Transactional",47,70,60,0.39,"Reviews, Video, People also ask, Related searches"
eurosport2 programm,Commercial,45,70,24,1.64,"Reviews, Video, People also ask, Related searches"
fc live stream,Transactional,37,70,40,1.83,"Reviews, Video, Related searches"
fck heute übertragung,Commercial,32,70,35,0.00,Related searches
fenerbahçe live stream,Commercial,37,70,20,1.26,"Reviews, Video, People also ask, Related searches"
fernseh live rtl,"Navigational, Transactional",43,70,59,0.65,"Reviews, Video, People also ask, Related searches"
fernseh online schauen kostenlos,Commercial,38,70,51,0.85,"Reviews, Image, Video, People also ask, Related searches, Ads bottom"
fernseh über internet anbieter,"Informational, Commercial",55,70,35,1.82,"AI Overview, Reviews, Video, People also ask, Related searches, Ads top, Ads middle"
fernsehen im internet ohne anmeldung kostenlos,Transactional,37,70,40,0.00,"AI Overview, Reviews, Video, People also ask, Related searches"
fernsehen in deutschland,"Informational, Transactional",35,70,47,1.67,"Sitelinks, Reviews, Video, People also ask, Knowledge panel, Related searches"
fernsehen live gucken,Commercial,41,70,63,0.78,"Video, People also ask, Related searches, Ads top, Ads middle"
fernsehen live im internet,Commercial,47,70,63,1.03,"Reviews, Video, People also ask, Top stories, Related searches"
fernsehen live sport1,"Navigational, Transactional",45,70,59,0.36,"Reviews, Video, People also ask, Top stories, Related searches"
fernsehen live über internet,Commercial,47,70,50,1.03,"AI Overview, Reviews, Video, People also ask, Related searches, Ads bottom, Ads middle"
fernsehn live streamen,"Informational, Transactional",47,70,72,0.79,"Reviews, Video, Knowledge panel, Top stories, Related searches"
fernsehprogramm livestream,Commercial,47,70,80,0.50,"Reviews, Video, People also ask, Related searches"
fernsehschauen online,Commercial,39,70,74,1.57,"AI Overview, Reviews, Video, People also ask, Related searches, Ads top"
fernsehsender im internet,Commercial,40,70,59,0.80,"AI Overview, Reviews, Video, People also ask, Related searches, Ads top, Ads middle"
fire tv stick 4k max nachfolger,Commercial,32,70,22,0.29,"Sitelinks, Reviews, Video, People also ask, Related searches"
frauenfußball livestream,"Informational, Transactional",40,70,65,0.00,"Reviews, Video, People also ask, Related searches"
free internet tv streaming,"Informational, Commercial",41,70,48,1.35,"AI Overview, Reviews, Video, Related searches, Ads bottom"
free livestream,Commercial,36,70,54,1.14,"Reviews, Video, People also ask, Top stories, Related searches"
free streaming of sports,Commercial,45,70,49,0.00,"Sitelinks, AI Overview, Reviews, Video, People also ask, Related searches"
free tv online streaming,Commercial,38,70,50,1.69,"AI Overview, Reviews, Video, Related searches"
free watch online tv,Commercial,33,70,90,0.63,"Reviews, Video, People also ask, Related searches"
freitag bundesliga übertragung,Commercial,42,70,26,1.24,"Reviews, Video, Related searches"
fussball livestream tv,Commercial,44,70,63,0.77,"Reviews, Video, People also ask, Related searches"
fussball stram,Commercial,38,70,58,1.17,"Reviews, Video, Top stories, Related searches"
fussball stream ard,"Informational, Transactional",40,70,70,0.00,"Sitelinks, Reviews, Video, Video carousel, People also ask, Related searches"
fussball streamen kostenlos,Commercial,40,70,54,0.91,"Reviews, Video, People also ask, Top stories, Related searches"
fussball zdf stream,"Informational, Transactional",40,70,41,0.00,"Reviews, Video, Video carousel, People also ask, Related searches"
fußball gucken online,Commercial,45,70,51,0.95,"Reviews, Video, Related searches"
fußball im livestream,Commercial,44,70,60,0.73,"Reviews, Video, People also ask, Top stories, Related searches"
fußball live gratis,Commercial,39,70,55,0.38,"Video, Related searches"
fußball live stream gratis,Commercial,40,70,53,0.57,"Reviews, Video, People also ask, Related searches"
fußball online gucken,Commercial,43,70,57,0.95,"Video, Related searches"
fußball stream ard,"Informational, Transactional",37,70,72,0.00,"Sitelinks, Reviews, Video, People also ask, Related searches"
glasfaser fernsehanschluss,"Informational, Commercial",43,70,14,0.91,"Sitelinks, AI Overview, Image, Image pack, Video, Video carousel, People also ask, Related searches, Ads bottom, Ads middle"
gratis fernseh schauen,Commercial,35,70,35,0.62,"Reviews, Video, People also ask, Related searches"
gratis live fussball,Commercial,40,70,55,0.38,"Reviews, Video, Related searches"
gratis online fernsehen,Commercial,37,70,34,0.89,"AI Overview, Reviews, Video, People also ask, Related searches, Ads middle"
gratis rtl schauen,Commercial,35,70,50,1.38,"Sitelinks, AI Overview, Reviews, Video, People also ask, Ads top, Ads middle"
greatestiptv .com,"Navigational, Transactional",50,70,0,0.00,"Reviews, Video"
günstig tv schauen,Commercial,39,70,53,2.39,"Sitelinks, Reviews, Video, Video carousel, People also ask, Related searches"
hsv frauen übertragung,Commercial,25,70,33,0.00,"Featured snippet, Reviews, Video, Related searches"
ingyenes tv,Commercial,36,70,38,2.58,"Reviews, Video, People also ask, Related searches"
internet fernsehen live,Commercial,47,70,46,1.03,"Reviews, Video, People also ask, Related searches, Ads top, Ads middle"
internet für fernseher,Commercial,41,70,35,1.63,"Reviews, Video, People also ask"
ip tv app fire tv,"Informational, Commercial",55,70,27,0.00,"Sitelinks, AI Overview, Video, Video carousel, People also ask, Related searches"
ip tv für fire tv stick,"Informational, Commercial",55,70,11,0.00,"Sitelinks, AI Overview, Video, Video carousel, People also ask, Related searches"
ip tv germany,"Informational, Commercial",47,70,16,0.88,"AI Overview, Video, People also ask, Related searches"
ip tv pro,"Informational, Transactional",45,70,36,0.94,"Reviews, Video, Video carousel, People also ask, Related searches"
ip tv türkei,Commercial,50,70,22,0.00,"Reviews, Video, People also ask, Related searches"
iptv android tv box,"Informational, Commercial",45,70,22,0.00,"Reviews, Video, Video carousel, People also ask, Related searches, Popular products"
iptv app pc,Commercial,50,70,36,0.00,"Reviews, Video, People also ask, Related searches"
iptv boxen,Commercial,51,70,17,0.87,"Video, People also ask, Related searches, Popular products"
iptv free trail,"Informational, Commercial",51,70,0,0.00,"Sitelinks, Video, Video carousel, Related searches"
iptv m3u kaufen,Commercial,47,70,14,0.00,"AI Overview, Related searches"
iptv player linux,"Informational, Commercial",46,70,12,0.00,"AI Overview, Reviews, Video, Related searches"
iptv playlist kaufen,Commercial,49,70,8,0.00,"Video, Related searches"
iptv playlist reddit,"Navigational, Transactional",39,70,34,0.00,Related searches
iptv smart player windows,Transactional,43,70,40,0.00,"Reviews, Video, Video carousel, People also ask, Related searches"
iptv smarters pro مهكر,Commercial,48,70,7,0.00,
iptv windows download,"Informational, Commercial",51,70,44,0.00,"Video, Related searches"
iptvsmater,"Informational, Transactional",41,70,40,0.83,"Reviews, Video, People also ask, Related searches"
iptvus,Commercial,55,70,42,1.20,"Reviews, People also ask"
italia tv streaming,Commercial,49,70,,0.85,"AI Overview, Reviews, Video, Related searches"
kaufeniptv,Commercial,49,70,2,0.89,"Video, People also ask, Ads top, Ads middle"
kostenlos fernsehen im internet ohne anmeldung,"Navigational, Transactional",33,70,32,0.00,"AI Overview, Reviews, Video, People also ask, Related searches"
kostenlos fernsehen ohne anmeldung internet,"Navigational, Transactional",35,70,32,0.00,"AI Overview, Reviews, Video, People also ask, Related searches"
kostenlos fußball,Commercial,39,70,65,0.84,"Video, People also ask, Top stories, Related searches"
kostenlos fußball streamen,Commercial,44,70,29,0.95,"Sitelinks, Reviews, Related searches"
kostenlos im internet fernsehen ohne anmeldung,Transactional,35,70,37,0.00,"AI Overview, Reviews, Video, People also ask, Related searches, Ads bottom"
kostenlos internet fernsehen ohne anmeldung,Transactional,35,70,30,0.00,"Reviews, Video, People also ask, Related searches"
kostenlos online stream,Commercial,34,70,51,1.36,"Reviews, Video, People also ask, Related searches"
kostenlos rtl live stream,"Navigational, Transactional",37,70,47,1.43,"Reviews, Video, People also ask, Related searches"
kostenlose live streams fußball,Commercial,43,70,55,0.66,"Video, People also ask, Related searches, Ads middle"
kostenlose livestream fussball,Commercial,42,70,52,0.57,"Sitelinks, Video, People also ask, Related searches"
kostenloser livestream fussball,Commercial,40,70,55,0.57,"Reviews, Video, People also ask, Related searches"
la liga live stream,Commercial,40,70,25,1.20,"Video, Related searches"
liga live stream,Commercial,42,70,66,1.20,"Reviews, Video, Related searches"
live fernsehen gucken,Commercial,43,70,70,0.78,"Reviews, Video, People also ask, Related searches"
live fernsehen im internet,Commercial,47,70,53,1.03,"AI Overview, Reviews, Video, People also ask, Related searches, Ads bottom"
live fernsehen über internet,Commercial,47,70,53,0.86,"AI Overview, Video, People also ask, Related searches, Ads top, Ads middle"
live stream fernsehen rtl,Transactional,43,70,46,0.56,"Reviews, Video, People also ask, Related searches"
live stream sport1,"Navigational, Transactional",47,70,64,0.45,"Reviews, Video, People also ask, Top stories, Related searches"
live tv apk,"Informational, Commercial",43,70,23,0.52,"AI Overview, Reviews, Video, Related searches"
live tv deutschland free,Commercial,47,70,52,0.58,"Video, People also ask, Related searches"
live übertragung 3 liga,Commercial,39,70,19,0.00,"Reviews, Video, People also ask, Related searches"
livestream 3 bundesliga,Commercial,40,70,29,1.20,"Reviews, Video, People also ask, Related searches"
livestream für fußball,Commercial,42,70,62,0.89,"Reviews, Video, Video carousel, Top stories, Related searches"
livetv ru fußball,"Navigational, Transactional",41,70,29,0.71,"Reviews, People also ask, Related searches"
livetv sport stream,"Navigational, Transactional",45,70,29,1.44,"Video, Related searches"
m3u playlisten,Commercial,34,70,24,0.75,"Reviews, People also ask, Related searches"
magenta programmliste,Commercial,42,70,28,4.21,"Image, Video, People also ask, Related searches"
magenta sport einzelspiel,Commercial,42,70,36,0.66,"AI Overview, Video, People also ask, Related searches"
motogp streamen,Commercial,44,70,35,1.78,"Reviews, People also ask, Ads top, Ads bottom"
mytvonline+,"Informational, Transactional",38,70,27,1.31,"Reviews, Image, Video, Related searches"
nachrichten rtl von gestern,"Navigational, Transactional",29,70,45,0.00,"Video, People also ask, Related searches"
nba sky sport,"Navigational, Transactional",42,70,34,0.46,"Reviews, Video, People also ask, Related searches"
online deutsche fernsehen,Commercial,37,70,37,0.60,"Reviews, Video, People also ask, Related searches"
online deutsches fernsehen,Commercial,37,70,42,1.56,"Reviews, Video, People also ask, Related searches, Ads top, Ads middle"
online fußball gucken,Commercial,43,70,66,0.95,"Reviews, Video, Related searches"
online rtl,Transactional,43,70,71,1.54,"Video, People also ask, Top stories, Related searches"
online stream rtl,"Navigational, Transactional",38,70,36,0.97,"Sitelinks, Reviews, Video, People also ask, Related searches"
online tv deutsch kostenlos,Commercial,37,70,45,0.38,"Reviews, Video, People also ask, Related searches, Ads middle"
online tv stream free,Commercial,39,70,52,1.69,"Reviews, Video, People also ask, Related searches"
premier league streamen,Commercial,44,70,22,1.11,"Reviews, Video, People also ask, Related searches"
prosieben kostenlos stream,Commercial,32,70,30,0.45,"Reviews, Video, People also ask, Related searches"
prosieben live ohne anmelden,"Navigational, Transactional",32,70,34,0.37,"Reviews, Video, People also ask, Related searches"
rtl am pc schauen,Commercial,35,70,49,1.10,"Sitelinks, AI Overview, Reviews, Video, People also ask, Related searches, Ads top, Ads bottom"
rtl jetzt schauen,"Navigational, Transactional",43,70,60,0.74,"Sitelinks, Reviews, Video, People also ask, Related searches"
rtl live steam,"Navigational, Transactional",35,70,49,0.63,"Reviews, Video, People also ask, Related searches"
rtl livestrea,"Navigational, Transactional",43,70,49,0.60,"Reviews, Video, People also ask, Related searches"
rtl livestream.de,"Navigational, Transactional",43,70,60,0.96,"Reviews, Video, People also ask"
rtl livestrream,"Navigational, Transactional",43,70,48,0.60,"Reviews, Video, People also ask, Related searches"
rtl m,"Navigational, Transactional",33,70,78,0.55,"Reviews, Video, People also ask, Related searches, Ads top, Ads bottom"
rtl online tv,"Navigational, Transactional",40,70,47,0.86,"Sitelinks, Reviews, Video, People also ask, Related searches"
rtl stream live free,"Navigational, Transactional",37,70,40,1.25,"Reviews, Video, People also ask, Related searches"
rtl tv kostenlos streamen,Commercial,43,70,44,1.07,"Sitelinks, Video, People also ask, Related searches, Ads bottom"
rtl tv streaming,Transactional,43,70,66,0.97,"Sitelinks, Video, People also ask, Top stories, Related searches"
sat live stream,Commercial,37,70,35,0.51,"Reviews, Video, Related searches, Ads bottom"
senderliste o2 tv,Commercial,48,70,22,0.56,"AI Overview, Reviews, Video, People also ask, Related searches, Ads top, Ads bottom"
sendung verpasst sport1,Transactional,45,70,38,0.21,"Video, People also ask, Related searches"
sky bundesliga freitag,"Informational, Transactional",42,70,33,1.17,"Video, People also ask, Related searches"
sky bundesliga und dazn,Commercial,38,70,37,1.53,"Sitelinks, Reviews, Video, People also ask, Related searches"
sky einzelspiel,"Informational, Transactional",33,70,36,3.47,"Reviews, People also ask, Related searches"
sky q box kaufen,Transactional,43,70,,0.53,"Reviews, Image, People also ask, Related searches, Popular products"
sky q mini receiver,"Informational, Transactional",32,70,29,1.13,"Reviews, Video, People also ask, Related searches, Popular products"
sky sports live streaming,Transactional,43,70,70,1.05,"Reviews, Video, Video carousel, People also ask, Related searches"
sky sports login,"Navigational, Transactional",40,70,79,0.89,"Reviews, Video, Related searches"
skysportr,Commercial,42,70,56,1.85,"Reviews, Image, Video, Local pack, Related searches"
smart tv als prämie,Commercial,35,70,15,2.19,"Reviews, Video, Related searches, Ads middle"
smart tv hdmi stick,"Informational, Commercial",45,70,24,0.52,"Sitelinks, Video, People also ask, Related searches, Popular products"
smart tv nachrüsten,"Informational, Commercial",36,70,27,0.53,"Sitelinks, Video, People also ask, Related searches, Popular products"
smarters pro app,"Informational, Commercial",48,70,38,0.42,"AI Overview, Reviews, Video, Video carousel, People also ask, Related searches"
soirt,"Informational, Commercial",30,70,92,1.56,"Video, Video carousel, Top stories, Related searches"
sport 1livestream,"Navigational, Transactional",43,70,63,0.35,"Reviews, Video, Related searches"
sport free tv,"Informational, Commercial",44,70,79,0.75,"Reviews, Video, Top stories, Related searches"
sport on tv,Commercial,43,70,61,1.08,"Reviews, Video, Related searches"
sport1 live fernsehen,"Navigational, Transactional",45,70,74,0.36,"Reviews, Video, People also ask, Related searches"
sportschau de. livestream,"Navigational, Transactional",47,70,54,1.00,"Sitelinks, Reviews, Video, Top stories, Related searches"
sportsendungen live,Commercial,47,70,82,0.84,"Reviews, Video, People also ask, Related searches"
stream on sport,"Informational, Commercial",47,70,62,1.06,"Reviews, Video, People also ask, Related searches"
streaming dienste test,Commercial,37,70,41,1.46,"Reviews, Video, People also ask, Related searches"
streaming dienste vergleichen,Commercial,46,70,36,1.60,"Reviews, Video, People also ask, Related searches, Ads middle"
streaming fußball,Commercial,45,70,49,0.86,"Reviews, Video, Video carousel, People also ask, Top stories, Related searches"
streaming fußball live,Commercial,42,70,69,0.89,"Video, Video carousel, Top stories, Related searches"
streaming gerät,Commercial,41,70,28,0.63,"Sitelinks, Video, People also ask, Related searches, Popular products, Ads top, Ads middle"
streaming geräte für tv,Commercial,42,70,30,0.85,"Video, Video carousel, People also ask, Related searches"
streaming stick für tv,Commercial,45,70,,0.58,"Sitelinks, Reviews, Video, Video carousel, People also ask, Related searches, Popular products"
streaming stick hdmi,"Informational, Commercial",45,70,26,0.48,"Video, People also ask, Related searches, Popular products"
streaming sticks test,Commercial,45,70,28,0.36,"Sitelinks, Reviews, Video, People also ask, Related searches"
streaming tv italiana,Commercial,49,70,45,0.85,"Reviews, Video, People also ask, Related searches"
streaming tv stick,Commercial,45,70,28,0.81,"Sitelinks, Reviews, Video, People also ask, Related searches, Popular products, Ads top, Ads middle"
streaming tv vergleich,Commercial,42,70,39,2.11,"Sitelinks, Reviews, Video, People also ask, Related searches, Ads top, Ads middle"
streaming tvv,Commercial,47,70,42,1.60,"AI Overview, Reviews, Video, People also ask, Related searches, Ads middle"
streamingdienste vergleich,Commercial,37,70,36,1.60,"AI Overview, Reviews, Video, People also ask, Related searches"
telekom livestream,Transactional,47,70,,3.30,"Reviews, Video, People also ask, Related searches"
test streaming dienste,Commercial,37,70,37,0.87,"Reviews, Video, People also ask, Related searches"
tv live streaming kostenlos,Commercial,39,70,55,0.68,"Reviews, Video, People also ask, Related searches"
tv online app,"Informational, Commercial",40,70,56,2.30,"AI Overview, Reviews, Video, People also ask, Related searches"
tv schauen auf dem laptop,"Informational, Commercial",39,70,15,1.00,"AI Overview, Reviews, Video, People also ask, Related searches, Ads bottom, Ads middle"
tv sehen live,Commercial,44,70,71,0.71,"Reviews, Video, Top stories, Related searches, Ads top, Ads bottom"
tv streamen anbieter,Commercial,46,70,35,2.47,"Sitelinks, AI Overview, Video, People also ask, Related searches, Ads top, Ads middle"
tv streaming dienste vergleich,Commercial,46,70,33,1.14,"Sitelinks, Video, People also ask, Related searches, Ads top, Ads bottom"
tv streaming live,Commercial,42,70,70,1.39,"Reviews, Video, People also ask, Related searches"
tv streams free,Commercial,40,70,46,1.25,"AI Overview, Reviews, Video, Related searches"
tv top tv,Commercial,33,70,22,0.38,"Reviews, Video, People also ask, Related searches"
türkische sender smart tv,Commercial,46,70,21,2.17,"Sitelinks, Reviews, Video, People also ask, Related searches, Ads middle"
türkisches tv,Commercial,46,70,20,1.71,"AI Overview, Video, People also ask, Related searches, Ads top, Ads bottom"
uplptv,Commercial,51,70,12,1.45,"People also ask, Related searches"
vergleich streaming dienste musik,Commercial,46,70,29,0.44,"Sitelinks, AI Overview, Reviews, Video, People also ask, Related searches"
vodafone tv portugal,"Informational, Transactional",49,70,35,32.97,"Reviews, People also ask, Related searches"
webplayer live tv,Commercial,51,70,26,1.58,"Video, People also ask, Related searches"
welcher ist der beste tv stick,Commercial,45,70,27,0.65,"Sitelinks, Reviews, Video, Video carousel, People also ask, Related searches, Popular products"
welches ist der beste streamingdienst,Commercial,46,70,36,1.56,"AI Overview, Reviews, Video, People also ask, Related searches"
wer überträgt welche bundesliga spiele,Commercial,42,70,37,1.72,"Video, People also ask, Related searches, Ads bottom"
wow mit netflix,"Informational, Commercial",36,70,25,0.86,"AI Overview, Reviews, Video, People also ask, Related searches"
xc iptv player,"Informational, Commercial",46,70,29,0.51,"AI Overview, Reviews, People also ask, Related searches"
xtremeiptv,Commercial,47,70,18,0.98,"Video, People also ask"
übertragung 2. bundesliga heute,Commercial,37,70,24,0.59,"Video, Related searches"
