Keyword,Intent,Relevance,Volume,Keyword Difficulty,CPC (USD),SERP Features
rtl plus,"Navigational, Commercial",36,1000000,69,0.21,"Sitelinks, Reviews, Video, Video carousel, People also ask, Top stories, Related searches, Ads top, Ads bottom"
rtl live,"Navigational, Transactional",34,450000,64,0.47,"Reviews, Video, People also ask, Related searches"
netflix filme,Transactional,30,74000,57,0.25,"Video, People also ask, Related searches"
netflix kosten,"Informational, Transactional",36,60500,54,0.93,"AI Overview, Reviews, Video, People also ask, Related searches"
chromecast,"Informational, Transactional",37,27100,50,0.36,"Reviews, Video, Video carousel, People also ask, Knowledge panel, Related searches"
netflix neue filme,"Informational, Transactional",29,27100,48,0.19,"Video, People also ask, Related searches"
waipu tv stick,"Navigational, Transactional",37,27100,42,0.10,"Sitelinks, Image, Video, Video carousel, People also ask, Related searches, Ads top"
rtl live stream kostenlos ohne anmeldung,Transactional,38,22200,48,1.14,"AI Overview, Reviews, Video, Related searches"
rtl live fußball,"Navigational, Transactional",32,18100,53,0.64,"Reviews, Video, People also ask, Related searches"
downloader,"Informational, Commercial",34,14800,58,0.55,"AI Overview, Reviews, Video, People also ask, Related searches"
kostenlos fernsehen,Commercial,37,14800,57,0.64,"Reviews, Video, Related searches"
netflix abos,"Informational, Transactional",39,14800,63,1.63,"AI Overview, Reviews, Image pack, Video, People also ask, Related searches"
netflix preise,Transactional,35,14800,56,1.38,"AI Overview, Reviews, Video, People also ask, Related searches"
neu bei netflix,"Informational, Transactional",36,14800,53,0.66,"Video, People also ask, Related searches"
google chromecast,"Informational, Transactional",32,12100,60,0.30,"Reviews, People also ask, Related searches"
telekom angebote,Transactional,36,12100,53,0.86,"Reviews, Video, People also ask, Related searches"
tv stick,"Informational, Commercial",39,12100,31,1.37,"Reviews, Video, People also ask, Related searches, Popular products"
filme netflix,"Informational, Commercial",30,9900,51,0.06,"Short videos, People also ask, Top stories, Related searches"
netflix abo kosten,"Informational, Transactional",36,9900,55,1.21,"AI Overview, Reviews, Video, People also ask, Related searches"
free tv,Commercial,42,8100,61,0.67,"Reviews, Video, People also ask, Related searches"
iptv kaufen,Commercial,49,8100,23,1.33,"Video, People also ask, Related searches"
programe tv online,Commercial,39,8100,52,0.99,"Reviews, Video, Related searches"
rtl program,"Informational, Transactional",32,8100,74,0.60,"Video, People also ask, Related searches"
sky receiver,"Informational, Transactional",37,8100,39,1.97,"Reviews, Image, Video, People also ask, Related searches, Popular products"
super rtl live,Commercial,32,6600,38,0.77,"Reviews, Video, People also ask, Related searches"
tv kostenlos,Commercial,38,6600,53,0.87,"AI Overview, Reviews, Video, People also ask, Related searches"
tv live,Commercial,38,6600,76,0.57,"Reviews, Video, Related searches"
kosten netflix,"Informational, Transactional",38,5400,54,0.93,"AI Overview, Reviews, Video, People also ask, Related searches"
kostenlos rtl live,Transactional,37,5400,46,1.05,"Reviews, Video, People also ask, Related searches"
netflix deutschland,"Navigational, Transactional",36,5400,82,1.46,"Sitelinks, Reviews, Video, People also ask, Related searches"
netflix film,Transactional,29,5400,52,0.25,"Video, People also ask, Related searches"
netflix.comnetflix.com,"Navigational, Transactional",32,5400,100,1.47,"AI Overview, Reviews, Video, People also ask"
q sky tv,"Navigational, Transactional",37,5400,37,1.44,"AI Overview, Reviews, Video, People also ask, Related searches"
smart tube,"Informational, Transactional",34,5400,45,0.76,"Sitelinks, Reviews, Video, Knowledge panel, Related searches"
tv live stream,Commercial,41,5400,87,0.77,"Reviews, Video, People also ask, Related searches"
2ix2 rtl,"Navigational, Transactional",32,4400,46,0.67,Related searches
de netflix,"Informational, Transactional",34,4400,78,1.87,"AI Overview, Reviews, Video, People also ask, Related searches"
fernsehen kostenlos,Commercial,37,4400,45,0.64,"AI Overview, Reviews, Video, Related searches"
netflix abo preise,Transactional,39,4400,58,1.10,"AI Overview, Reviews, Video, People also ask, Related searches, Ads bottom"
netflix angebote preise für neukunden,Transactional,41,4400,47,1.00,"AI Overview, Reviews, Video, People also ask, Related searches, Ads top"
neue filme auf netflix,"Informational, Transactional",29,4400,51,0.04,"Video, People also ask, Related searches"
rtl live schauen,Transactional,38,4400,50,0.76,"Sitelinks, Reviews, Video, People also ask, Related searches"
rtl sendung verpasst,Transactional,30,4400,54,0.27,"Reviews, Video, People also ask, Related searches, Ads bottom"
rtl up live,Transactional,37,4400,49,0.65,"Reviews, Video, People also ask, Related searches"
sendung verpasst rtl,Transactional,30,4400,51,0.27,"Video, People also ask, Related searches"
tv online gratis,Commercial,35,4400,63,0.70,"AI Overview, Reviews, Video, People also ask, Related searches"
joyn tv kostenlos ohne anmeldung,Transactional,36,3600,62,0.34,"AI Overview, Reviews, Video, People also ask, Related searches"
kostenlos live tv,Commercial,38,3600,56,0.61,"Reviews, Image, Video, People also ask, Top stories, Related searches"
netflix standard abo,"Informational, Transactional",38,3600,53,2.09,"AI Overview, Reviews, Video, People also ask, Related searches"
netflix-abo,Commercial,39,3600,57,1.63,"AI Overview, Reviews, Video, People also ask, Related searches"
rtl aktuell live,"Informational, Transactional",32,3600,58,0.51,"Reviews, Video, People also ask, Top stories, Related searches"
rtl live fußball kostenlos,Transactional,37,3600,50,0.58,"Sitelinks, Reviews, Video, People also ask, Related searches"
rtl stream live,Transactional,38,3600,49,0.79,"Reviews, Video, People also ask, Related searches"
rtl2 live stream kostenlos,Transactional,38,3600,31,1.00,"Reviews, Image, Video, People also ask, Related searches"
rtl2 livestream,Commercial,34,3600,44,0.83,"Reviews, Video, People also ask, Related searches"
downloader app,"Informational, Commercial",45,2900,50,0.72,"AI Overview, Reviews, Video, People also ask, Related searches"
gratis tv schauen,Commercial,37,2900,52,0.51,"AI Overview, Reviews, Video, Video carousel, People also ask, Related searches"
internet und tv,Commercial,40,2900,38,3.01,"AI Overview, Reviews, Image, Video, People also ask, Related searches"
live stream rtl2,Commercial,37,2900,35,0.83,"Video, People also ask, Related searches"
netflix-abo-preise,Transactional,38,2900,53,1.10,"AI Overview, Reviews, People also ask, Related searches"
rtl + kosten,"Informational, Transactional",37,2900,51,0.78,"AI Overview, Reviews, Video, People also ask, Related searches, Ads top"
rtl login,"Navigational, Transactional",29,2900,41,0.30,"Video, People also ask, Related searches"
rtl plus kostenlos ohne anmeldung,"Navigational, Transactional",38,2900,51,0.20,"Sitelinks, AI Overview, Reviews, Video, Video carousel, People also ask, Related searches"
rtl plus programm,Commercial,32,2900,50,0.11,"AI Overview, Reviews, Video, People also ask, Related searches"
telekom tv,"Navigational, Transactional",32,2900,45,3.00,"Sitelinks, Reviews, Image, Video, People also ask, Related searches, Ads top, Ads bottom"
televizo,"Informational, Transactional",43,2900,27,0.35,"Reviews, Video, People also ask, Related searches"
waipu tv stick ohne vertrag,Commercial,42,2900,40,0.19,"Sitelinks, Reviews, Video, People also ask, Related searches, Popular products"
fernsehen live,Commercial,37,2400,78,0.54,"Reviews, Video, Related searches"
iptv german,Commercial,48,2400,37,1.10,"AI Overview, People also ask, Related searches"
netflix subscription,"Navigational, Transactional",32,2400,76,1.38,"Reviews, Video, People also ask, Related searches"
rtl 2 live stream kostenlos,Commercial,37,2400,38,1.23,"Reviews, Video, People also ask, Related searches"
rtl fußball live,"Informational, Transactional",36,2400,48,0.64,"Reviews, Video, People also ask, Related searches"
rtl online,"Navigational, Transactional",36,2400,66,0.71,"Sitelinks, Reviews, Video, People also ask, Related searches"
rtl online live stream,Transactional,38,2400,47,0.72,"Sitelinks, Reviews, Video, People also ask, Related searches, Ads bottom"
rtl tv program,"Informational, Transactional",32,2400,59,0.60,"Video, People also ask, Related searches"
sat1 live stream kostenlos ohne anmeldung,Transactional,35,2400,41,0.33,"Reviews, Video, People also ask, Related searches, Ads bottom"
satellite receiver hd,"Informational, Commercial",34,2400,21,0.16,"Video, Video carousel, People also ask, Related searches, Popular products"
telekom fernsehen,"Navigational, Transactional",31,2400,47,2.61,"Sitelinks, Reviews, Video, People also ask, Related searches"
iptv deutschland,"Informational, Commercial",52,1900,36,1.35,"AI Overview, Video, People also ask, Related searches"
iptv germany,Commercial,52,1900,25,1.44,"AI Overview, Video, People also ask, Related searches"
kabel 1 live stream kostenlos,Transactional,37,1900,35,0.40,"Reviews, Video, People also ask, Related searches"
kabel receiver,Commercial,33,1900,29,0.52,"Reviews, Image pack, Video, People also ask, Related searches, Popular products"
kostenlos fernsehen schauen,Commercial,36,1900,37,0.52,"Reviews, Video, People also ask, Related searches, Ads bottom"
kostenlos rtl schauen,Commercial,40,1900,47,1.18,"AI Overview, Reviews, Video, People also ask, Related searches"
magenta tv live,Commercial,37,1900,58,1.88,"Video, People also ask, Related searches, Ads top"
netflix jahresabo,"Informational, Transactional",39,1900,55,1.24,"AI Overview, Reviews, Related searches"
netflix preis,Transactional,38,1900,57,1.38,"AI Overview, Reviews, Video, People also ask, Related searches"
preise netflix,"Navigational, Transactional",38,1900,56,1.12,"AI Overview, Reviews, Video, People also ask, Related searches"
rtl app,Commercial,40,1900,48,0.45,"AI Overview, Reviews, Video, People also ask, Related searches, Ads bottom, Ads middle"
rtl live fussball,"Informational, Transactional",33,1900,51,0.78,"Video, People also ask, Related searches"
rtl live stream kostenlos ohne anmeldung 2ix2,"Navigational, Transactional",34,1900,37,0.00,"Reviews, Video, People also ask, Related searches"
rtl plus live,"Navigational, Transactional",38,1900,72,0.33,"Reviews, Video, People also ask, Related searches"
rtl plus pakete,"Informational, Transactional",39,1900,47,2.10,"AI Overview, Reviews, Video, People also ask, Related searches, Ads top, Ads bottom"
rtlup live stream kostenlos ohne anmeldung,"Navigational, Transactional",40,1900,26,0.93,"Sitelinks, Video, People also ask, Related searches"
set top box set top box,"Informational, Commercial",43,1900,17,0.74,"Sitelinks, Reviews, Video, People also ask, Related searches, Popular products"
smart tv lg smart tv,Transactional,41,1900,37,0.28,"Video, People also ask, Related searches, Popular products"
tv online kostenlos,Commercial,39,1900,50,1.07,"Reviews, Video, People also ask, Related searches"
tv stick vergleich,Commercial,38,1900,31,0.80,"Sitelinks, Reviews, Video, People also ask, Related searches, Ads bottom"
tv und internet telekom,"Navigational, Transactional",34,1900,48,1.71,"Reviews, Video, Related searches"
upiptv,"Informational, Commercial",45,1900,2,1.66,"AI Overview, Related searches"
android tv stick,"Informational, Commercial",42,1600,30,0.45,"Sitelinks, Video, Video carousel, People also ask, Related searches, Popular products"
best streaming services,Commercial,51,1600,74,2.34,"Sitelinks, AI Overview, Reviews, Video, Video carousel, People also ask, Related searches"
fernsehen kostenlos schauen,Commercial,37,1600,46,0.52,"AI Overview, Reviews, Video, People also ask, Related searches"
fernsehen rtl,Commercial,33,1600,63,0.49,"Video, People also ask, Top stories, Related searches"
flix iptv,Commercial,53,1600,23,0.00,"Reviews, People also ask, Related searches"
free tv deutsch,Commercial,37,1600,50,0.62,"Reviews, Video, People also ask, Related searches"
german iptv,Commercial,48,1600,19,0.87,"Video, People also ask, Related searches"
internet tv kostenlos,"Informational, Commercial",41,1600,57,0.65,"AI Overview, Reviews, Video, People also ask, Related searches, Ads bottom, Ads middle"
iptv test,Commercial,54,1600,5,0.89,"Video, People also ask, Related searches"
kostenlos tv gucken,Commercial,38,1600,43,1.01,"Reviews, Video, People also ask, Related searches"
live tv vox,Commercial,35,1600,43,0.55,"AI Overview, Reviews, Video, People also ask, Related searches, Ads bottom"
livestream kostenlos rtl,"Navigational, Transactional",37,1600,53,1.04,"Sitelinks, Reviews, Video, People also ask, Related searches"
mediathek rtl live,"Navigational, Transactional",38,1600,63,0.30,"Sitelinks, AI Overview, Reviews, Video, People also ask, Related searches"
netflix germany,"Navigational, Transactional",32,1600,65,1.53,"Sitelinks, Reviews, Video, People also ask, Related searches"
netflix testen,"Informational, Transactional",39,1600,50,1.43,"Reviews, Video, People also ask, Related searches"
netflixfilme,Transactional,31,1600,34,0.25,"Video, People also ask, Related searches"
onlinetvrecorder,"Informational, Transactional",44,1600,18,1.31,"Reviews, Video, People also ask, Related searches"
receiver kaufen,Transactional,31,1600,32,0.57,"Video, People also ask, Local pack, Related searches"
rtl free live streaming,"Navigational, Transactional",37,1600,42,0.96,"Reviews, Video, People also ask, Related searches"
rtl jetzt live,"Navigational, Transactional",37,1600,74,0.62,"Reviews, Video, People also ask, Related searches"
rtl live kostenlos ohne anmeldung,"Navigational, Transactional",38,1600,42,1.18,"Video, People also ask, Related searches"
rtl live streaming,"Navigational, Transactional",39,1600,40,0.63,"Sitelinks, Reviews, Video, People also ask, Related searches"
rtl live television,"Navigational, Transactional",38,1600,67,0.65,"Sitelinks, Reviews, Video, People also ask, Related searches"
rtl livestream free,Transactional,37,1600,51,1.05,"Reviews, Video, People also ask, Related searches"
rtl livestream jetzt,"Navigational, Transactional",37,1600,60,0.62,"Reviews, Video, People also ask, Related searches"
rtl mediathek kostenlos ohne anmeldung,"Navigational, Transactional",34,1600,54,0.21,"AI Overview, Reviews, Video, People also ask, Related searches"
rtl now kostenlos,"Navigational, Transactional",42,1600,53,0.17,"Reviews, Video, People also ask, Related searches"
rtl ohne anmeldung,"Navigational, Transactional",41,1600,37,1.27,"Reviews, Video, People also ask, Related searches"
rtl plus anmelden,"Navigational, Transactional",31,1600,36,0.56,"Sitelinks, Reviews, Video, People also ask, Related searches"
rtl plus free,Transactional,41,1600,55,0.43,"Reviews, Video, People also ask, Related searches"
rtl streaming,"Navigational, Transactional",42,1600,62,0.81,"Reviews, Video, Video carousel, People also ask, Related searches"
rtl tv heute,Commercial,32,1600,36,0.55,"Video, People also ask, Related searches"
rtl2 live stream kostenlos ohne anmeldung,"Navigational, Transactional",36,1600,29,0.65,"Reviews, Video, People also ask, Related searches"
smart ip tv,"Informational, Commercial",53,1600,34,1.22,"Reviews, Image pack, Video, Video carousel, People also ask, Related searches"
streaming dienste vergleich,Commercial,43,1600,43,1.33,"AI Overview, Reviews, Video, Video carousel, People also ask, Related searches, Ads bottom, Ads middle"
telekom internet und tv,"Navigational, Transactional",33,1600,36,2.15,"Reviews, People also ask, Related searches"
telekom tv und internet,Transactional,33,1600,56,1.71,"Reviews, Video, People also ask, Related searches, Ads top, Ads bottom"
thetvapp,Commercial,44,1600,52,1.18,"AI Overview, Reviews, Video, People also ask"
tv receiver,"Informational, Commercial",35,1600,20,1.00,"Image pack, Video, Video carousel, People also ask, Related searches, Popular products"
tv schauen online,Commercial,38,1600,60,1.52,"Reviews, Video, People also ask, Related searches, Ads top, Ads bottom"
verpasste sendung rtl,"Informational, Transactional",30,1600,50,0.27,"Video, People also ask, Related searches"
waipu tv stick angebot,"Informational, Transactional",40,1600,40,0.13,"Reviews, Video, People also ask, Related searches"
watch this iphone,"Informational, Transactional",49,1600,30,0.28,"Reviews, Video, Video carousel, People also ask, Related searches"
2x2 rtl,"Navigational, Transactional",30,1300,70,0.84,"Sitelinks, Video, Related searches"
addons für kodi,Commercial,37,1300,11,0.01,"Sitelinks, Reviews, Video, People also ask"
anbieter fernsehen internet,Commercial,44,1300,37,1.72,"AI Overview, Reviews, Video, People also ask, Related searches"
beste streaming dienste,Commercial,41,1300,44,1.89,"AI Overview, Reviews, Video, People also ask, Related searches"
bester streaming dienst,Commercial,44,1300,44,1.71,"AI Overview, Reviews, Video, People also ask, Related searches, Ads bottom, Ads middle"
deutsche filme auf netflix,Commercial,28,1300,25,0.00,"People also ask, Related searches"
deutschland iptv,Commercial,51,1300,30,1.35,"AI Overview, Video, People also ask, Related searches"
fe tv,"Informational, Transactional",33,1300,47,0.67,"AI Overview, Reviews, People also ask, Knowledge panel, Related searches"
fernseh stick,Commercial,33,1300,30,1.36,"Sitelinks, Image, Video, People also ask, Related searches, Popular products"
free rtl stream,"Navigational, Transactional",36,1300,54,1.11,"Reviews, Video, People also ask, Related searches"
free tv rtl,"Navigational, Transactional",37,1300,72,0.65,"Sitelinks, Reviews, Video, People also ask, Top stories, Related searches"
germany iptv,Commercial,41,1300,21,0.87,"AI Overview, Video, Video carousel, Related searches"
gratis fernsehen,Commercial,37,1300,38,1.04,"Reviews, Video, People also ask, Related searches"
iptvkaufen,Transactional,46,1300,21,0.99,"Image pack, Video, Related searches, Ads top, Ads bottom"
iptvmeezzy,Transactional,51,1300,15,0.00,"Sitelinks, AI Overview, Related searches"
kodi addons,Commercial,37,1300,22,0.00,"Sitelinks, Reviews"
kodi kodi download,"Informational, Transactional",44,1300,47,0.00,"Video, People also ask"
kodi program addons,Commercial,37,1300,33,0.27,"Sitelinks, Reviews, Video, People also ask"
kostenlos fernseh schauen,Commercial,36,1300,49,0.57,"AI Overview, Reviews, Image, Video, People also ask, Related searches"
kostenlos fernsehen gucken,Commercial,37,1300,49,0.75,"AI Overview, Reviews, Video, People also ask, Related searches"
kostenlos fernsehen im internet,Commercial,38,1300,38,0.58,"AI Overview, Reviews, Video, People also ask, Related searches"
kostenlos online fernsehen,Commercial,34,1300,52,0.81,"Reviews, Video, People also ask, Knowledge panel, Related searches"
live rtl stream,"Navigational, Transactional",38,1300,46,0.63,"Reviews, Video, People also ask, Related searches, Ads bottom"
magenta internet,Transactional,30,1300,41,2.88,"Reviews, Video, People also ask, Related searches, Ads top, Ads bottom"
magenta tv one 2. generation kaufen,Transactional,30,1300,24,1.76,"People also ask, Related searches, Popular products"
magenta tv plus,"Informational, Commercial",44,1300,50,4.64,"AI Overview, Reviews, Video, People also ask, Related searches"
magenta tv web,"Informational, Transactional",40,1300,61,3.39,"Reviews, Video, People also ask, Related searches"
magentatv smart,"Navigational, Commercial",38,1300,37,2.73,"Sitelinks, AI Overview, Reviews, Video, People also ask, Related searches"
netflix abo abschließen,"Navigational, Transactional",40,1300,68,1.78,"Sitelinks, Reviews, Video, Video carousel, People also ask, Related searches"
netflix abonnement,"Navigational, Transactional",40,1300,54,1.31,"Reviews, Video, People also ask, Related searches"
netflix premium abo,"Informational, Transactional",43,1300,54,1.10,"AI Overview, Reviews, People also ask, Related searches"
netflix standard,"Informational, Transactional",34,1300,55,1.36,"AI Overview, Reviews, Video, People also ask, Related searches"
nydus rtl,"Navigational, Transactional",39,1300,33,0.66,"Video, Related searches"
programm rtl plus,"Informational, Transactional",32,1300,64,0.06,"Reviews, People also ask, Related searches"
rtl 2 live stream kostenlos ohne anmeldung,"Navigational, Transactional",35,1300,26,0.65,"Reviews, Video, People also ask, Related searches"
rtl free,"Navigational, Transactional",34,1300,54,0.51,"AI Overview, Reviews, Video, Video carousel, People also ask, Related searches"
rtl free live stream,"Navigational, Transactional",37,1300,48,0.83,"Reviews, Video, Related searches"
rtl germany,"Navigational, Transactional",32,1300,90,0.44,"Sitelinks, Reviews, Video, People also ask, Related searches"
rtl kostenlos live,"Navigational, Transactional",37,1300,49,1.05,"Reviews, Video, People also ask, Related searches"
rtl life,"Navigational, Transactional",31,1300,34,0.47,"Sitelinks, Reviews, Video, People also ask, Related searches"
rtl live mediathek,"Navigational, Transactional",38,1300,67,0.30,"Reviews, Video, People also ask, Related searches"
rtl live ohne anmelden,"Navigational, Transactional",35,1300,39,1.03,"Reviews, Video, People also ask, Related searches"
rtl live ohne anmeldung,"Navigational, Transactional",38,1300,53,1.03,"Reviews, Video, Video carousel, People also ask, Related searches"
rtl live programm,Transactional,37,1300,70,0.53,"Reviews, Video, People also ask, Related searches"
rtl plus filme,"Informational, Transactional",30,1300,47,0.20,"Reviews, Video, People also ask, Related searches"
rtl programm live,"Navigational, Transactional",37,1300,68,0.53,"Reviews, Video, People also ask, Related searches"
rtl schauen kostenlos,"Navigational, Transactional",36,1300,53,1.18,"Reviews, Video, People also ask, Related searches, Ads bottom"
rtl schauen live,Transactional,37,1300,50,0.80,"Sitelinks, Reviews, Video, People also ask, Top stories, Related searches"
rtl stream free,Transactional,36,1300,51,1.11,"Reviews, Video, People also ask, Related searches"
rtl up livestream,"Navigational, Transactional",38,1300,45,0.65,"Sitelinks, Reviews, Video, People also ask, Related searches"
rtl2 stream kostenlos,Commercial,37,1300,36,0.97,"Reviews, Video, People also ask, Related searches"
rtlup livestream kostenlos ohne anmeldung,"Navigational, Transactional",36,1300,23,0.00,"Sitelinks, AI Overview, Reviews, Video, People also ask, Related searches"
samsung tv applications,"Informational, Transactional",40,1300,39,0.36,"Video, People also ask, Related searches"
sat receiver hd+,"Informational, Commercial",33,1300,22,0.13,"Reviews, People also ask, Related searches, Popular products"
sat receiver mit festplatte,Commercial,33,1300,21,0.15,"Reviews, Video, People also ask, Related searches, Popular products, Ads middle"
sky black friday,"Informational, Transactional",39,1300,34,0.00,"Reviews, Video, People also ask, Related searches"
sky box,"Informational, Transactional",36,1300,33,0.84,"Reviews, Image, Video, Video carousel, People also ask, Related searches"
smart tv stick,Commercial,41,1300,30,0.77,"Reviews, Video, Video carousel, People also ask, Related searches, Popular products"
streaming rtl live,"Navigational, Transactional",39,1300,65,0.79,"Sitelinks, Reviews, Video, People also ask, Related searches"
telekom angebot,"Navigational, Transactional",32,1300,42,0.97,"Reviews, Video, People also ask, Related searches"
television receivers,"Informational, Transactional",34,1300,38,1.00,"Reviews, Image pack, Video, People also ask, Related searches, Popular products"
tv gratis schauen,Commercial,38,1300,40,0.51,"Reviews, Video, People also ask, Related searches"
tv gucken kostenlos,Commercial,38,1300,39,0.72,"Reviews, Video, People also ask, Related searches, Ads middle"
tv rtl,"Informational, Commercial",33,1300,62,0.58,"Reviews, Video, Video carousel, People also ask, Top stories, Related searches"
tv schauen,Commercial,42,1300,72,1.11,"Reviews, Video, People also ask, Related searches"
vox live stream joyn,"Navigational, Transactional",28,1300,61,0.69,"AI Overview, Reviews, Video, People also ask, Related searches"
waipu app,Commercial,41,1300,36,0.03,"AI Overview, Reviews, Video, People also ask, Related searches, Ads top, Ads bottom"
waipu perfect plus,"Informational, Transactional",30,1300,40,0.08,"Reviews, Video, People also ask, Related searches"
waipu tv 4k stick,"Navigational, Transactional",38,1300,41,0.19,"Sitelinks, Reviews, Image, Video, Video carousel, People also ask, Related searches, Popular products"
waipu tv alternative,"Informational, Commercial",43,1300,28,0.57,"Sitelinks, AI Overview, Reviews, Video, People also ask, Related searches"
waipu tv angebot 12 monate,"Informational, Transactional",39,1300,32,0.24,"Reviews, People also ask, Related searches"
waipu tv anmelden,"Navigational, Transactional",32,1300,30,0.19,"Video, People also ask, Related searches"
waipu tv stick 2. generation,"Informational, Commercial",45,1300,40,0.13,"Video, People also ask, Related searches"
waipu tv stick kaufen,Transactional,35,1300,47,0.15,"Reviews, People also ask, Related searches, Popular products"
xstream kodi,Commercial,40,1300,29,0.00,"AI Overview, Reviews, Image pack, Video, Video carousel, People also ask"
2ix2 vox,"Navigational, Transactional",34,1000,28,1.16,"Sitelinks, Reviews, Video, People also ask, Related searches"
6iptv,"Navigational, Transactional",41,1000,6,1.90,"People also ask, Related searches"
anbieter internet tv,"Informational, Commercial",48,1000,40,2.33,"Sitelinks, AI Overview, Reviews, Video, People also ask, Related searches"
fernsehen gratis,Commercial,37,1000,40,0.91,"Reviews, Video, People also ask, Top stories, Related searches"
fernsehen gucken kostenlos,Commercial,37,1000,49,0.75,"Reviews, Video, People also ask, Knowledge panel, Related searches"
fernsehen im internet kostenlos ohne anmeldung deutsch,"Navigational, Transactional",35,1000,36,0.37,"Reviews, Video, People also ask, Related searches"
fernsehen kostenlos internet,Commercial,40,1000,49,0.52,"Reviews, Video, People also ask, Knowledge panel, Related searches"
fernsehen über telekom,"Navigational, Commercial",37,1000,41,1.41,"Sitelinks, AI Overview, Reviews, Video, Video carousel, People also ask, Related searches"
fußball rtl live,"Informational, Transactional",32,1000,42,0.64,"Reviews, Video, Related searches"
google with chromecast,"Informational, Transactional",45,1000,56,0.30,"Reviews, Video, People also ask, Related searches"
installer watched,"Informational, Transactional",47,1000,35,0.00,"Reviews, People also ask, Related searches"
iptv alle sender,"Informational, Commercial",51,1000,17,0.00,"AI Overview, Reviews, Video, People also ask, Related searches"
kostenlos online tv,Commercial,39,1000,51,1.07,"Reviews, Video, People also ask, Related searches"
kostenloses live fernsehen,Commercial,37,1000,52,0.49,"AI Overview, Reviews, Video, Related searches, Ads bottom"
lg lg smart tv,"Informational, Transactional",0,1000,41,0.30,"Reviews, People also ask, Related searches, Popular products"
live rtl,"Navigational, Transactional",37,1000,70,0.47,"Reviews, Video, Video carousel, People also ask, Top stories, Related searches"
livestream tv kostenlos,Commercial,39,1000,65,0.68,"Reviews, Video, People also ask, Related searches"
magenta tv preise,Commercial,39,1000,31,3.39,"AI Overview, Reviews, Video, People also ask, Related searches, Ads top"
magentatv one 2 generation,Commercial,35,1000,30,2.26,"Sitelinks, Reviews, Video carousel, People also ask, Knowledge panel, Related searches"
netflix account erstellen,"Navigational, Transactional",46,1000,59,2.72,"Video, Video carousel, People also ask, Related searches"
netflix konto erstellen,"Navigational, Transactional",47,1000,58,3.06,"Video, Video carousel, People also ask, Related searches"
nitro livestream ohne anmeldung,"Navigational, Transactional",33,1000,24,0.00,"Video, People also ask, Related searches"
o2 tv kosten,Transactional,45,1000,36,0.89,"Sitelinks, Reviews, People also ask, Related searches"
probemonat netflix,"Informational, Transactional",37,1000,50,1.53,"Reviews, Video, People also ask, Related searches"
prosieben live stream kostenlos,Commercial,36,1000,50,0.48,"Reviews, Video, People also ask, Related searches"
rtl aktuell heute,"Informational, Transactional",31,1000,50,0.00,"Video, People also ask, Knowledge panel, Related searches"
rtl de aktuell,"Navigational, Transactional",31,1000,57,0.51,"Sitelinks, Reviews, Video, Video carousel, People also ask, Related searches"
rtl de live,"Navigational, Transactional",33,1000,58,0.81,"Reviews, Video, People also ask, Top stories, Related searches"
rtl free stream,Transactional,37,1000,54,1.11,"Reviews, Video, People also ask, Top stories, Related searches"
rtl kostenlos ohne anmeldung,"Navigational, Transactional",40,1000,55,1.06,"Reviews, Video, People also ask, Related searches"
rtl live fußball ohne anmeldung,"Navigational, Transactional",34,1000,49,0.00,"Reviews, Video, Related searches"
rtl live gucken,Commercial,37,1000,47,1.01,"Sitelinks, Reviews, Video, People also ask, Related searches"
rtl live nydus,"Navigational, Transactional",36,1000,30,0.00,"Sitelinks, Related searches"
rtl plus live programm,"Navigational, Transactional",38,1000,59,0.33,"Sitelinks, Reviews, Video, People also ask, Related searches"
rtl programm heute live,"Informational, Transactional",32,1000,47,0.49,"Sitelinks, Reviews, Video, People also ask, Related searches"
rtl verpasste sendung,Transactional,30,1000,51,0.32,"Video, People also ask, Related searches"
s rtl live,"Navigational, Transactional",37,1000,53,0.77,"Reviews, Video, People also ask, Related searches"
sat 1 kostenlos streamen,Commercial,37,1000,46,0.42,"Reviews, Video, People also ask, Related searches"
sat 1 stream kostenlos,Commercial,36,1000,35,0.49,"Reviews, Video, People also ask, Related searches"
stick für fernseher,"Informational, Commercial",39,1000,29,1.36,"Sitelinks, Reviews, Image, Video, Video carousel, People also ask, Related searches, Popular products"
super rtl live stream,Transactional,36,1000,33,0.98,"Reviews, Video, People also ask, Related searches"
t v online,Commercial,45,1000,73,1.52,"Reviews, Video, People also ask, Related searches, Ads bottom"
telekom kabelfernsehen,"Informational, Transactional",36,1000,50,1.73,"AI Overview, Reviews, People also ask, Related searches, Ads top"
television online,Commercial,45,1000,76,1.52,"Reviews, Video, People also ask, Related searches"
tv kostenlos gucken,Commercial,38,1000,52,1.01,"Reviews, Video, Video carousel, People also ask, Related searches"
tv ohne anmeldung,"Navigational, Transactional",37,1000,38,0.00,"Reviews, Video, People also ask, Related searches"
tv rtl stream,"Navigational, Transactional",39,1000,66,0.65,"Reviews, Video, People also ask, Related searches, Ads top, Ads middle"
tv schauen kostenlos,Commercial,37,1000,49,0.66,"Sitelinks, Reviews, Video, People also ask, Related searches, Ads middle"
tv smart tv box,Commercial,40,1000,18,0.63,"Sitelinks, Reviews, Video, Video carousel, People also ask, Related searches, Popular products"
tv stick für alle sender,Commercial,41,1000,37,0.89,"Sitelinks, Reviews, Video, People also ask, Related searches"
tv streaming dienste,Commercial,47,1000,40,1.28,"AI Overview, Reviews, Video, People also ask, Top stories, Related searches"
tv und internet,Commercial,39,1000,41,2.78,"Reviews, Video, People also ask, Related searches, Ads top, Ads bottom"
tv with tv,"Informational, Transactional",34,1000,55,0.68,"Reviews, Video, Video carousel, People also ask, Related searches"
waipu tv programm,"Navigational, Transactional",34,1000,32,0.06,"Sitelinks, Reviews, People also ask, Related searches"
web tv,"Navigational, Commercial",43,1000,27,1.35,"Sitelinks, Reviews, Video, People also ask, Related searches, Ads bottom"
chrome stick,"Informational, Commercial",34,880,34,0.42,"Reviews, Video, Video carousel, People also ask, Related searches, Popular products"
chromecast stick,Commercial,39,880,26,0.42,"Reviews, Video, People also ask, Related searches, Popular products"
fernseh app,"Informational, Commercial",39,880,50,1.56,"AI Overview, Reviews, Video, People also ask, Related searches, Ads top, Ads bottom"
fernseher mit receiver,Commercial,34,880,21,0.18,"Reviews, Image, Video, People also ask, Related searches, Popular products, Ads top, Ads middle"
fernseher mit wlan,Commercial,38,880,25,0.40,"Video, Video carousel, People also ask, Related searches, Popular products"
google chromecast 4k,"Informational, Transactional",43,880,40,0.39,"Video, People also ask, Knowledge panel, Related searches, Ads middle"
google chromecast application,"Informational, Transactional",41,880,52,0.28,"AI Overview, Reviews, Video, People also ask, Related searches"
gzsz rtlnow,"Navigational, Transactional",34,880,43,0.00,"Sitelinks, Video, Related searches"
internet mit tv anbieter,Commercial,44,880,45,2.33,"Reviews, Video, People also ask, Related searches"
internet tv angebote,Commercial,41,880,43,2.06,"Reviews, Video, People also ask, Related searches, Ads middle"
iptv receiver,"Informational, Commercial",50,880,16,0.00,"Sitelinks, Video, People also ask, Related searches, Popular products"
konto erstellen netflix,"Navigational, Transactional",45,880,52,3.06,"Video, People also ask, Related searches"
kostenlose tv,Commercial,39,880,37,0.93,"Reviews, Video, People also ask, Related searches"
live tv stream kostenlos,Commercial,39,880,51,1.23,"Reviews, Video, People also ask, Related searches"
livetv alternative,"Informational, Commercial",40,880,30,2.55,"Sitelinks, AI Overview, Video, People also ask, Related searches"
magenta tv filme,"Informational, Transactional",38,880,21,1.26,"Video, People also ask, Related searches"
my siptv,"Informational, Transactional",49,880,20,1.04,"Reviews, Video, Video carousel, People also ask, Related searches"
netflix abbo,"Navigational, Transactional",37,880,54,1.43,"People also ask, Related searches"
netflix anmeldung,"Navigational, Transactional",36,880,55,1.58,"Video, People also ask, Related searches"
netflix gratis monat,"Informational, Transactional",39,880,50,1.54,"Reviews, Video, People also ask, Related searches"
newest free global iptv,"Informational, Transactional",48,880,42,0.00,"Reviews, Video, Video carousel, People also ask, Related searches"
nitro live stream ohne anmeldung,"Navigational, Transactional",33,880,27,0.00,"Reviews, Video, People also ask, Related searches"
online kostenlos fernsehen,Commercial,40,880,54,0.81,"Reviews, Video, People also ask, Related searches"
otr onlinetvrecorder,"Navigational, Transactional",39,880,24,1.82,"Video, People also ask, Related searches"
receiver telekom,Transactional,35,880,28,1.49,"Reviews, Image pack, Video, Video carousel, People also ask, Related searches, Ads top"
rtl for free,"Navigational, Transactional",38,880,51,0.57,"Sitelinks, AI Overview, Reviews, Video, People also ask, Related searches, Ads bottom"
rtl free streaming,"Navigational, Transactional",37,880,45,1.07,"AI Overview, Video, People also ask, Top stories, Related searches, Ads top, Ads bottom"
rtl online élő adás ingyen,Commercial,34,880,40,1.06,"Reviews, Video, Related searches"
rtl plus jahresabo,"Informational, Transactional",35,880,44,1.81,"AI Overview, Reviews, Image, Video, People also ask, Related searches"
rtl stream live kostenlos,Transactional,37,880,54,1.04,"Sitelinks, Reviews, Video, People also ask, Related searches"
rtl tv germany,"Navigational, Transactional",32,880,76,0.44,"Sitelinks, AI Overview, Reviews, Video, People also ask, Related searches"
rtl up kostenlos ohne anmeldung,"Navigational, Transactional",34,880,31,0.00,"Reviews, People also ask, Related searches"
rtl uživo,"Navigational, Transactional",38,880,45,0.00,"Video, Related searches"
rtlup live stream kostenlos,Commercial,39,880,26,0.00,"Sitelinks, Reviews, Video, People also ask, Related searches"
stb set top box,"Informational, Commercial",43,880,27,0.74,"Reviews, Image, People also ask, Knowledge panel, Related searches, Popular products"
television and internet,Commercial,38,880,28,2.27,"Sitelinks, AI Overview, Reviews, Video, People also ask, Knowledge panel, Related searches, Ads bottom"
television internet gratis,Commercial,40,880,43,0.59,"Reviews, Video, Video carousel, People also ask, Related searches"
tv and internet,Commercial,39,880,44,2.27,"AI Overview, Reviews, Video, Knowledge panel, Related searches"
tv sticks im vergleich,Commercial,36,880,30,1.09,"Sitelinks, Video, People also ask, Related searches, Popular products"
tv stream online kostenlos,Commercial,38,880,53,1.13,"AI Overview, Reviews, Video, People also ask, Related searches"
tvonline ro,Commercial,34,880,63,0.83,"Reviews, Video, Related searches"
twitch anmeldung,"Navigational, Transactional",36,880,35,0.00,"Sitelinks, Reviews, Video, People also ask, Related searches"
watched app,"Informational, Transactional",52,880,33,0.69,"Reviews, People also ask, Related searches"
wlan fernseh,Commercial,34,880,21,0.51,"Video, Video carousel, People also ask, Related searches, Popular products"
angebote waipu tv,"Informational, Transactional",40,720,55,0.17,"Reviews, Video, People also ask, Related searches"
apple tv apps,"Navigational, Transactional",48,720,46,0.98,"Sitelinks, Reviews, Video, People also ask, Related searches"
best iptv,"Informational, Commercial",54,720,30,1.12,"Sitelinks, Video, People also ask, Related searches"
fernseh online,Commercial,34,720,73,1.86,"Reviews, Video, Related searches"
fernseh receiver,Commercial,30,720,35,0.84,"Sitelinks, Video, Video carousel, People also ask, Related searches, Popular products, Ads bottom"
fernsehbox,Commercial,35,720,45,0.21,"Sitelinks, Reviews, Video, People also ask, Related searches, Ads top, Ads bottom"
fernsehen kostenlos streamen,Commercial,37,720,41,0.57,"AI Overview, Reviews, Video, People also ask, Related searches"
fernsehen ohne anschluss und ohne internet,Commercial,39,720,24,1.04,"Sitelinks, Reviews, Video, People also ask, Related searches, Popular products, Ads top, Ads bottom"
fernsehen über stick,Commercial,40,720,29,1.36,"Sitelinks, Image, Video, People also ask, Related searches, Popular products, Ads bottom"
free rtl tv,"Navigational, Transactional",40,720,63,0.71,"Sitelinks, Reviews, Video, People also ask, Related searches"
fußball live rtl,"Informational, Transactional",36,720,40,0.72,"Reviews, Video, People also ask, Related searches"
gratis tv,Commercial,39,720,38,0.91,"Reviews, Video, People also ask, Related searches"
internet magenta,Transactional,30,720,41,2.88,"Reviews, Video, Video carousel, People also ask, Related searches, Ads top, Ads middle"
iptv apps,"Informational, Commercial",79,720,39,0.00,"AI Overview, Reviews, Video, Video carousel, People also ask, Related searches"
iptv smarters pro apk,Commercial,50,720,34,0.00,"Reviews, Video, Related searches"
kabel ein live,Commercial,36,720,33,0.49,"Reviews, Video, People also ask, Related searches"
kodi repository,Commercial,35,720,44,0.00,"Reviews, Video"
kodi.tv,"Navigational, Transactional",45,720,65,1.10,"Sitelinks, AI Overview, Reviews, Video, Video carousel"
kostenlos fernsehen online,Commercial,37,720,47,0.75,"Reviews, Video, People also ask, Related searches"
kostenlos online tv schauen ohne anmeldung,"Navigational, Transactional",36,720,50,0.36,"Sitelinks, AI Overview, Reviews, Video, People also ask, Related searches"
live tv app,Commercial,46,720,40,1.53,"Reviews, Video, People also ask, Related searches"
livestream fernsehen,Commercial,38,720,80,0.69,"Reviews, Video, Video carousel, Related searches"
livestream free tv,Commercial,39,720,69,0.00,"Reviews, Video, People also ask, Top stories, Related searches"
magent,"Informational, Transactional",26,720,75,2.97,"Sitelinks, Reviews, Video, People also ask, Knowledge panel, Related searches"
magenta tv programm heute,Transactional,35,720,32,0.00,"Reviews, Video, People also ask, Related searches"
netflix abo vergleich,"Informational, Commercial",39,720,43,1.82,"Sitelinks, AI Overview, Reviews, Video, People also ask, Related searches, Ads middle"
netflix abos preise,Transactional,38,720,51,0.81,"AI Overview, Reviews, Video, People also ask, Related searches"
netflix filme auf deutsch,Transactional,29,720,43,0.00,"Reviews, Video, People also ask, Related searches"
netflix kostenübersicht,"Informational, Transactional",39,720,49,0.93,"AI Overview, Reviews, Image pack, Video, People also ask, Related searches"
netflix mitgliedschaft,"Navigational, Transactional",36,720,57,2.34,"People also ask, Related searches"
netflix preise abo,Transactional,38,720,50,1.10,"AI Overview, Reviews, Video, People also ask, Related searches"
netflix preise deutschland,Transactional,38,720,49,1.22,"AI Overview, Reviews, Video, People also ask, Related searches"
netflix preistabelle,"Informational, Transactional",36,720,55,1.12,"AI Overview, Reviews, Video, People also ask, Related searches"
netflix preisübersicht,"Informational, Transactional",38,720,54,0.00,"AI Overview, Reviews, People also ask, Related searches"
netflix test,Transactional,39,720,33,1.49,"Reviews, Video, People also ask, Related searches"
receiver für fernseher,Commercial,37,720,25,0.50,"People also ask, Related searches"
rtl free livestream,"Navigational, Transactional",37,720,50,1.25,"Reviews, Video, People also ask, Related searches"
rtl gucken,Transactional,34,720,53,1.06,"Reviews, Video, People also ask, Related searches, Ads top, Ads bottom"
rtl live sehen,"Navigational, Transactional",38,720,46,0.84,"Reviews, Video, People also ask, Related searches"
rtl live stream formel 1 kostenlos,"Navigational, Transactional",37,720,29,0.00,"Sitelinks, Reviews, Video, People also ask, Related searches"
rtl livestream ohne anmeldung,"Navigational, Transactional",38,720,38,1.51,"Reviews, Video, People also ask, Related searches"
rtl nydus,"Navigational, Transactional",35,720,35,0.00,"Sitelinks, Related searches"
rtl plus com tv login,"Navigational, Transactional",32,720,40,0.14,"Sitelinks, Reviews, People also ask, Related searches"
rtl plus paket,"Navigational, Transactional",35,720,51,1.99,"AI Overview, Reviews, Video, People also ask, Related searches"
rtl plus programm heute,Commercial,31,720,63,0.24,"Video, People also ask, Related searches"
rtl super live,"Navigational, Transactional",35,720,44,0.30,"Reviews, Video, People also ask, Related searches"
rtlup kostenlos,Commercial,34,720,45,0.74,"Sitelinks, AI Overview, Reviews, Video, People also ask, Related searches"
sky q receiver kaufen,Transactional,40,720,31,0.57,"Reviews, People also ask, Related searches, Popular products, Ads top, Ads bottom"
tv kostenlos ohne anmeldung,"Navigational, Transactional",37,720,33,0.49,
tv programm live,"Informational, Transactional",36,720,79,0.75,"Reviews, Video, Related searches"
tv stick smart,Commercial,40,720,29,0.80,"Sitelinks, Reviews, Video, Video carousel, People also ask, Related searches, Popular products"
tv umsonst,Commercial,37,720,41,1.25,"Reviews, Video, People also ask, Related searches"
tv-browser,"Informational, Transactional",44,720,25,0.00,"Reviews, People also ask, Knowledge panel, Related searches"
voxup live stream kostenlos,Commercial,36,720,23,0.00,"Sitelinks, Reviews, People also ask, Related searches"
waipu fernbedienung,"Informational, Transactional",33,720,25,0.19,"Sitelinks, Image, Image pack, Video, People also ask, Related searches, Popular products"
waipu tv kundenservice,"Navigational, Transactional",31,720,23,1.29,Related searches
wlan stick für tv,Commercial,40,720,25,0.63,"Sitelinks, Video, People also ask, Related searches, Popular products"
www waipu tv anmelden,"Navigational, Transactional",36,720,30,0.11,"Reviews, Video, People also ask, Related searches"
alternative zu magenta tv,"Informational, Commercial",43,590,17,0.70,"AI Overview, Reviews, Video, People also ask, Related searches"
apps on kodi,Commercial,43,590,42,0.00,"AI Overview, Reviews, Video, People also ask"
chromecast kaufen,Transactional,32,590,30,0.38,"Reviews, Video, People also ask, Related searches, Popular products"
deutsch iptv,Commercial,56,590,10,0.00,"AI Overview, Video, Related searches"
fernsehen umsonst,Commercial,36,590,57,0.75,"AI Overview, Reviews, Video, People also ask, Related searches"
fernsehen und internet telekom,Transactional,33,590,29,1.22,"Reviews, Video, People also ask, Related searches, Ads top, Ads bottom"
fernseher mit internet,Commercial,38,590,28,0.53,"Reviews, Video, People also ask, Related searches, Popular products, Ads bottom"
fernsehn kostenlos,Commercial,37,590,47,0.64,"Reviews, Image, Video, People also ask, Related searches, Ads bottom"
fernsehn kostenlos schauen,Commercial,39,590,37,0.65,"Video, People also ask, Related searches, Ads top, Ads middle"
fernsehn mit wlan,Commercial,39,590,26,0.40,"Video, People also ask, Related searches, Popular products"
internet mit tv,Commercial,39,590,38,3.87,"Reviews, Video, People also ask, Related searches, Ads top, Ads middle"
internet tv vergleich,Commercial,44,590,36,1.74,"Sitelinks, Reviews, Video, People also ask, Related searches, Ads top, Ads middle"
internet und fernsehen,Commercial,38,590,35,2.31,"Reviews, Video, People also ask, Related searches, Ads top, Ads middle"
ip tv kaufen,Commercial,48,590,30,1.33,"Video, People also ask, Related searches"
iptv anbieter vergleich,Commercial,48,590,41,0.00,"AI Overview, Video, People also ask, Related searches"
iptv deutsch,"Informational, Commercial",57,590,30,0.00,"AI Overview, Video, Related searches"
iptv for receiver,Commercial,54,590,15,0.00,"Sitelinks, Reviews, Video, People also ask, Related searches, Popular products"
iptv line,"Informational, Commercial",49,590,10,0.00,"AI Overview, Reviews, Image, Video, People also ask"
iptv player android,Commercial,63,590,26,0.00,"Reviews, Video, Video carousel, People also ask, Related searches"
iptv reddit,"Navigational, Transactional",56,590,44,0.00,"People also ask, Related searches"
iptv tv stick,Commercial,56,590,17,0.00,"Sitelinks, Reviews, Video, People also ask, Related searches, Popular products"
kodi addons deutsch,Commercial,37,590,15,0.65,"Reviews, Video, Video carousel, People also ask"
kosten waipu tv,"Informational, Transactional",40,590,51,0.08,"Featured snippet, Reviews, Video, People also ask, Related searches, Ads bottom"
live fernsehen rtl,"Navigational, Transactional",37,590,57,0.66,"Reviews, Video, People also ask, Related searches"
live tv gratis,Commercial,39,590,50,0.52,"Reviews, Image, Video, People also ask, Related searches"
livestream rtl nitro,Commercial,36,590,30,1.20,"Sitelinks, Reviews, Video, People also ask, Related searches"
livestreams kostenlos,Commercial,37,590,67,0.87,"Reviews, Video, People also ask, Related searches"
livestreamtv,Commercial,43,590,69,0.74,"AI Overview, Reviews, Video, Related searches"
livetv streaming,"Informational, Transactional",38,590,26,1.08,"Reviews, Video, Related searches"
magenta tv geräte,Transactional,44,590,27,3.48,"Reviews, Video, People also ask, Related searches"
magenta tv mit netflix,Commercial,42,590,21,3.07,"Reviews, Video, People also ask, Related searches, Ads middle"
magentatv preise,Commercial,40,590,29,3.39,"AI Overview, Reviews, Video, People also ask, Related searches, Ads top, Ads bottom"
mein rtl,"Navigational, Transactional",31,590,73,0.40,"Reviews, Video, People also ask, Related searches, Ads top, Ads middle"
netflix abo mit werbung,"Informational, Transactional",32,590,55,0.73,"AI Overview, Video, People also ask, Related searches"
netflix abo preis,Transactional,39,590,54,1.10,"AI Overview, Reviews, People also ask, Related searches"
netflix accounts,Transactional,35,590,58,0.90,"Video, People also ask, Related searches"
netflix monatliche kosten,"Informational, Transactional",35,590,52,1.11,"AI Overview, Reviews, Video, People also ask, Related searches"
netflix website,Transactional,32,590,92,0.97,"Reviews, People also ask, Related searches"
o2 internet und tv,Commercial,46,590,44,0.95,"AI Overview, Reviews, Video, People also ask, Related searches, Ads top, Ads bottom"
repos kodi,Commercial,33,590,38,0.00,"AI Overview, Reviews, Video, People also ask"
rlt live,"Navigational, Transactional",35,590,63,0.47,"Reviews, Video, People also ask, Related searches"
rrl live,"Navigational, Transactional",30,590,42,0.47,"Reviews, Video, People also ask, Related searches"
rtl fernsehen heute,"Navigational, Commercial",32,590,50,0.46,"Sitelinks, Video, People also ask, Related searches"
rtl liv,Transactional,36,590,51,0.47,"Reviews, Video, People also ask, Related searches, Ads top, Ads middle"
rtl live kostenlos schauen,Commercial,37,590,39,0.94,"Featured snippet, Reviews, Video, People also ask, Related searches"
rtl live stream kostenlos ohne anmeldung 2ix2 legal,"Navigational, Transactional",37,590,29,0.00,"Sitelinks, AI Overview, Reviews, Video, People also ask, Related searches"
rtl live stream ohne anmeldung,"Navigational, Transactional",35,590,48,1.08,"Reviews, Video, People also ask, Related searches"
rtl livestram,"Navigational, Transactional",36,590,45,0.63,"Sitelinks, Reviews, Video, People also ask, Related searches, Ads bottom"
rtl livestream kostenlos ohne anmeldung,"Navigational, Transactional",39,590,46,1.20,"AI Overview, Reviews, Video, Related searches"
rtl nfl live-stream kostenlos,"Navigational, Transactional",33,590,29,0.00,"Reviews, Video, People also ask, Related searches"
rtl plus konto,"Navigational, Transactional",39,590,41,1.42,"Reviews, Video, People also ask, Related searches"
rtl plus streamen,Transactional,39,590,49,0.58,"AI Overview, Reviews, Video, Video carousel, People also ask, Related searches, Ads top, Ads bottom"
rtl-mediathek,Transactional,37,590,69,0.19,"Reviews, Video, People also ask, Related searches, Ads top"
rtl2 streamen,Commercial,38,590,45,0.75,"Reviews, Video, People also ask, Related searches"
rtlplus live stream kostenlos ohne anmeldung,"Navigational, Transactional",40,590,41,0.00,"AI Overview, Reviews, Video, People also ask, Related searches"
rtlplus mediathek,Commercial,33,590,31,0.04,"Reviews, Video, People also ask, Related searches, Ads top, Ads bottom"
rtlup live stream kostenlos ohne anmeldung 2ix2,"Navigational, Transactional",38,590,27,0.00,"Sitelinks, Reviews, People also ask, Related searches"
sat receiver mit wlan,Commercial,32,590,17,0.13,"Video, People also ask, Related searches, Popular products, Ads bottom"
stb приемник,"Informational, Transactional",47,590,25,0.00,"Image pack, Video, People also ask, Knowledge panel, Related searches"
streaming dienste im vergleich,Commercial,42,590,41,1.60,"Reviews, Video, People also ask, Related searches"
telekom magentatv one,"Informational, Transactional",31,590,27,2.54,"Reviews, Video, Video carousel, People also ask, Related searches"
television iptv player,Commercial,80,590,44,0.00,"Reviews, Video, Video carousel, People also ask, Related searches"
televizo - iptv player,Commercial,45,590,28,0.00,"Reviews, Video, People also ask, Related searches"
top tv app,Commercial,43,590,30,1.15,"AI Overview, Reviews, Video, People also ask, Related searches"
top tv apps,Commercial,47,590,14,1.18,"Video, People also ask, Related searches"
tv anbieter vergleich,Commercial,44,590,43,1.58,"AI Overview, Reviews, Video, People also ask, Related searches"
tv apps,Commercial,45,590,41,1.72,"AI Overview, Reviews, Video, Video carousel, People also ask, Related searches"
tv free,Commercial,38,590,50,0.71,"Reviews, Video, People also ask, Top stories, Related searches, Ads middle"
tv germany,"Informational, Commercial",32,590,79,0.70,"Reviews, Video, People also ask, Top stories, Related searches, Ads top, Ads bottom"
tv iptv player,"Informational, Transactional",66,590,30,0.00,"Reviews, Video, Video carousel, People also ask, Related searches"
tv mit wlan,Commercial,41,590,25,0.58,"Video, People also ask, Related searches, Popular products"
tv stick 4k,Commercial,40,590,28,0.75,"Sitelinks, Reviews, Video, Video carousel, People also ask, Related searches, Popular products"
tv sticks,Commercial,38,590,33,1.20,"Sitelinks, Reviews, Image pack, Video, Video carousel, People also ask, Related searches, Popular products"
tv über wlan,"Informational, Commercial",45,590,26,1.56,"AI Overview, Reviews, Video, Video carousel, People also ask, Related searches"
umsonst fernsehen,Commercial,35,590,43,0.75,"AI Overview, Reviews, Video, People also ask, Related searches"
vox live nydus,"Navigational, Transactional",33,590,21,0.00,"Video, Related searches"
vox live stream legal,Commercial,33,590,46,0.00,"Sitelinks, AI Overview, Reviews, Video, People also ask, Related searches"
waipu tv preise,"Navigational, Transactional",39,590,40,0.04,"Reviews, Video, People also ask, Related searches"
waipu tv preiserhöhung,"Informational, Transactional",38,590,21,0.04,"Featured snippet, Reviews, Video, People also ask, Related searches"
waipu tv senderübersicht,"Navigational, Transactional",39,590,23,0.03,"Sitelinks, Reviews, Video, People also ask, Related searches, Ads middle"
welcher streaming dienst ist der beste,Commercial,36,590,36,1.56,"AI Overview, Reviews, Video, People also ask, Related searches, Ads top"
anbieteriptv,Commercial,50,480,30,0.00,"AI Overview, Video, Related searches"
angebot waipu tv,"Informational, Transactional",40,480,55,0.17,"Reviews, Video, People also ask, Related searches, Ads bottom"
app zum fernsehen,"Informational, Commercial",44,480,48,1.55,"AI Overview, Reviews, Video, People also ask, Related searches"
application for tv,Commercial,42,480,51,1.56,"AI Overview, Reviews, Video, People also ask, Related searches, Ads middle"
best iptv player,Commercial,61,480,34,0.00,"Sitelinks, AI Overview, Reviews, Video, Video carousel, People also ask, Related searches"
bester iptv anbieter,Commercial,59,480,21,0.00,"Sitelinks, AI Overview, Video, Video carousel, People also ask, Related searches"
bester iptv player,Commercial,55,480,28,0.00,"AI Overview, Reviews, Video, People also ask, Related searches"
chromecast google tv,"Informational, Transactional",45,480,40,0.40,"Reviews, People also ask, Related searches"
directe rtl,"Navigational, Transactional",31,480,71,0.01,"Sitelinks, Reviews, Video, People also ask, Related searches, Ads bottom"
fernseh kostenlos,Commercial,37,480,50,0.57,"Reviews, Video, People also ask, Related searches"
fernseh live,Commercial,35,480,85,0.54,"Reviews, Video, Top stories, Related searches"
fernseh live stream,Commercial,36,480,73,0.73,"Reviews, Video, Related searches"
fernsehen mit receiver integriert,Commercial,36,480,18,0.16,"Reviews, Video, People also ask, Related searches, Popular products, Ads bottom"
fernsehen ohne kabel und satellit und internet,Commercial,40,480,28,0.98,"Sitelinks, Video, Video carousel, People also ask, Related searches, Popular products, Ads top, Ads middle"
fernsehen rtl live,"Navigational, Transactional",37,480,57,0.65,"Reviews, Video, People also ask, Related searches"
fernsehen über tv stick,Commercial,42,480,27,1.18,"Sitelinks, Reviews, Video, People also ask, Related searches"
fernsehgeräte mit internet,Commercial,38,480,24,0.51,"Reviews, Video, People also ask, Related searches, Popular products"
fussball rtl live stream,"Navigational, Transactional",40,480,48,0.91,"Reviews, Video, People also ask, Related searches"
google streamer 4k,"Informational, Transactional",46,480,49,0.25,"Video, People also ask, Related searches, Popular products"
googletv,"Informational, Transactional",43,480,47,0.29,"Reviews, Video carousel, People also ask, Related searches"
internet fernsehgeräte,Commercial,39,480,27,0.51,"Reviews, Video, People also ask, Related searches"
internet stick für tv,Commercial,43,480,30,1.21,"Sitelinks, Reviews, Video, People also ask, Related searches, Popular products"
internetfähiger fernseher,Commercial,41,480,22,0.24,"Reviews, Video, People also ask, Related searches, Popular products"
ip smarters pro apk,Commercial,43,480,37,0.00,"Reviews, Video, People also ask, Related searches"
iptv application android,"Informational, Transactional",72,480,37,0.00,"AI Overview, Reviews, Video, Video carousel, People also ask, Related searches"
iptv box sky,"Informational, Transactional",48,480,32,0.00,"AI Overview, Reviews, Video, Video carousel, People also ask, Related searches"
iptv line kaufen,Commercial,53,480,6,0.00,"Video, People also ask, Popular products"
iptv lines,"Informational, Commercial",52,480,7,0.00,"AI Overview, People also ask, Related searches"
iptv player win,"Informational, Commercial",58,480,27,0.00,"Sitelinks, AI Overview, Reviews, Video, Video carousel, Related searches"
iptv provider,"Informational, Commercial",56,480,34,0.00,"Sitelinks, AI Overview, Video, Video carousel, People also ask, Related searches"
iptv subscription,"Informational, Commercial",47,480,24,1.27,"Sitelinks, AI Overview, Video, Video carousel, People also ask, Related searches"
iptv test line,Commercial,39,480,1,0.00,Related searches
iptvgermany,Commercial,41,480,10,0.88,"Video, Related searches, Ads middle"
klein fernseher mit wlan,"Informational, Commercial",33,480,28,0.15,"Reviews, Video, People also ask, Related searches, Popular products"
kodi application,"Informational, Transactional",41,480,50,0.00,"Reviews, Video, People also ask"
kodi repo,Commercial,35,480,20,0.00,"Sitelinks, Reviews, Video, People also ask"
kostenlos rtl live schauen,Commercial,37,480,46,0.94,"AI Overview, Reviews, Video, People also ask, Related searches"
live canal tv,"Informational, Transactional",33,480,36,0.00,"Reviews, Video, People also ask, Related searches"
live rtl gucken,"Navigational, Transactional",36,480,51,1.01,"Sitelinks, Reviews, Video, People also ask, Related searches"
livetv übertragung,"Navigational, Transactional",36,480,20,1.47,"Reviews, Video, People also ask, Related searches"
magentatv one 2. generation,Commercial,35,480,29,2.26,"Sitelinks, Reviews, Video carousel, People also ask, Knowledge panel, Related searches"
magentatv testen,Commercial,47,480,24,3.43,"AI Overview, Reviews, Video, People also ask, Related searches"
mein netflix,"Navigational, Transactional",34,480,65,0.00,"People also ask, Related searches"
mobile and tv,"Informational, Transactional",39,480,17,0.34,"Reviews, Image, Video, Video carousel, People also ask, Related searches"
netflix abo deutschland,"Informational, Transactional",36,480,56,1.16,"Sitelinks, AI Overview, Reviews, People also ask, Related searches"
netflix abos vergleich,Commercial,38,480,46,0.42,"AI Overview, Reviews, Video, People also ask, Related searches"
netflix alternative,Commercial,38,480,30,0.90,"Sitelinks, AI Overview, Reviews, Video, Short videos, People also ask, Related searches, Ads middle"
netflix deutschland preis,Transactional,37,480,48,1.22,"AI Overview, Reviews, Video, People also ask, Related searches"
netflix deutschland preise,Transactional,38,480,51,1.22,"AI Overview, Reviews, People also ask, Related searches"
netflix free ohne anmeldung,Transactional,34,480,31,0.64,"AI Overview, Reviews, Video, People also ask, Related searches"
netflix movie,"Navigational, Transactional",30,480,100,0.42,"Video, People also ask, Related searches"
netflix probe abo,"Informational, Transactional",40,480,38,1.48,"Reviews, Video, People also ask, Related searches"
netflix serien liste,Commercial,29,480,49,0.03,"Sitelinks, Video, People also ask, Related searches"
netflix stick,Commercial,39,480,34,0.31,"Reviews, People also ask, Related searches, Popular products"
netflix-abo preise,Transactional,38,480,41,0.81,"AI Overview, Reviews, Video, People also ask, Related searches"
neue fime netflix,Commercial,31,480,50,0.18,"Video, People also ask, Related searches"
online tv online free,Commercial,37,480,56,1.22,"AI Overview, Reviews, Video, Knowledge panel, Related searches, Ads bottom"
rtl 2 live stream joyn,"Navigational, Transactional",32,480,56,0.69,"Reviews, Video, People also ask, Related searches"
rtl aktuell sendung verpasst,"Informational, Transactional",30,480,47,0.00,"Reviews, Video, People also ask, Related searches"
rtl free tv stream,"Navigational, Transactional",37,480,50,0.75,"Reviews, Video, People also ask, Related searches"
rtl kostenlos anschauen,Commercial,36,480,46,0.80,"Reviews, Video, People also ask, Related searches"
rtl live schauen kostenlos,"Navigational, Transactional",38,480,50,0.94,"Sitelinks, Reviews, Video, People also ask, Related searches, Ads bottom"
rtl live stream fußball,"Navigational, Transactional",36,480,43,0.91,"Reviews, Video, Related searches"
rtl live stream tv kostenlos,Commercial,38,480,46,0.00,"Reviews, Video, People also ask, Related searches"
rtl nitro livestream kostenlos,Commercial,37,480,26,0.00,"Sitelinks, Reviews, Video, People also ask, Related searches"
rtl plus preis,Transactional,35,480,50,0.70,"AI Overview, Reviews, Video, People also ask, Related searches, Ads bottom, Ads middle"
rtl plus stream kostenlos,"Navigational, Transactional",42,480,51,0.31,"AI Overview, Reviews, Video, People also ask, Related searches"
rtl plus website,"Navigational, Transactional",36,480,56,1.24,"Reviews, Video, People also ask, Related searches"
rtl stram,"Navigational, Transactional",33,480,64,0.77,"Sitelinks, Reviews, Video, People also ask, Related searches"
rtl tv live kostenlos,Commercial,38,480,50,0.90,"Reviews, Video, People also ask, Related searches"
rtlplus live stream kostenlos,"Navigational, Transactional",43,480,50,0.36,"Sitelinks, Video, People also ask, Related searches, Ads bottom"
sat-receiver,Commercial,34,480,29,0.13,"Video, People also ask, Related searches"
sat-receiver hd,"Informational, Commercial",34,480,25,0.13,"Video, People also ask, Related searches, Popular products"
sendung rtl verpasst,Transactional,30,480,47,0.27,"Reviews, Video, People also ask, Related searches"
sendungen rtl,"Informational, Transactional",31,480,52,0.97,"Reviews, Video, Video carousel, People also ask, Top stories, Related searches"
sky q box,"Informational, Transactional",39,480,33,1.36,"Reviews, People also ask, Related searches, Popular products"
super rtl mediathek kostenlos ohne anmeldung,Transactional,33,480,26,0.00,"Reviews, Video, People also ask, Related searches"
telekom megastream,"Navigational, Transactional",39,480,24,2.77,"Sitelinks, Reviews, Video, People also ask, Related searches, Ads middle"
televizo fire stick,"Informational, Transactional",39,480,29,0.48,"Sitelinks, AI Overview, Reviews, Video, Video carousel, People also ask, Related searches"
top 10 streaming-dienste,"Informational, Commercial",38,480,37,1.20,"AI Overview, Reviews, Video, People also ask, Related searches"
trl live,"Navigational, Transactional",34,480,64,0.47,"Reviews, Video, People also ask, Related searches"
tv app kostenlos ohne anmeldung,Transactional,41,480,37,0.47,"AI Overview, Reviews, Video, People also ask, Related searches"
tv gratis,Commercial,39,480,49,0.93,"Reviews, Video, Top stories, Related searches"
tv im wlan,Commercial,42,480,23,1.29,"Video, Video carousel, People also ask, Related searches, Ads middle"
tv internet schauen,"Informational, Commercial",44,480,50,1.50,"AI Overview, Reviews, Video, People also ask, Related searches, Ads top, Ads middle"
tv kostenlos ansehen,Commercial,39,480,38,0.54,"Reviews, Video, People also ask, Related searches"
tv live gratis,Commercial,39,480,57,0.52,"Reviews, Video, People also ask, Related searches"
tv online free online tv,Commercial,37,480,50,1.22,"AI Overview, Reviews, Video, Related searches"
tv online gratis pro tv,Commercial,36,480,48,0.00,"Reviews, Related searches"
tv stick für fernseher,Commercial,40,480,34,1.18,"Sitelinks, Reviews, Video, Video carousel, People also ask, Related searches, Popular products"
tv-stick ohne vertrag testsieger,Commercial,39,480,37,0.50,"Sitelinks, Reviews, Video, Video carousel, People also ask, Related searches, Ads bottom"
voxup live stream kostenlos ohne anmeldung,"Navigational, Transactional",34,480,50,0.00,"Reviews, Related searches"
waipu 4k stick,Commercial,36,480,37,0.16,"Reviews, Video, People also ask, Related searches, Popular products"
waipu stick kaufen,Transactional,28,480,54,0.13,"Reviews, People also ask, Related searches, Popular products"
waipu tv alternativen,Commercial,44,480,21,0.61,"Sitelinks, AI Overview, Reviews, Video, People also ask, Related searches"
web magentatv,Commercial,41,480,55,5.00,"AI Overview, Reviews, Video, People also ask, Related searches"
welche netflix abos gibt es,"Informational, Transactional",38,480,50,1.20,"AI Overview, People also ask, Related searches"
wlan fernseher,Commercial,38,480,25,0.51,"Video, Video carousel, People also ask, Related searches, Popular products"
wlan für sat receiver,Commercial,45,480,24,0.13,"Sitelinks, Video, People also ask, Related searches, Popular products"
www rtl now de,"Navigational, Transactional",35,480,70,0.04,"Sitelinks, Reviews, Video, People also ask, Related searches"
and tv live streaming free,Commercial,38,390,49,0.95,"Reviews, Video, People also ask, Related searches"
android tv apps,Commercial,44,390,33,1.21,"Sitelinks, AI Overview, Reviews, Video, Video carousel, People also ask, Related searches"
app für fernsehen,"Informational, Commercial",44,390,48,1.55,"AI Overview, Reviews, Video, People also ask, Related searches"
best android tv box,Commercial,38,390,32,0.33,"Sitelinks, Video, People also ask, Related searches, Popular products"
beste android tv box,Commercial,42,390,24,0.27,"Sitelinks, Reviews, Video, Video carousel, People also ask, Related searches"
beste iptv,Commercial,50,390,18,0.00,"Sitelinks, AI Overview, Video, People also ask, Related searches"
bestes iptv,Commercial,56,390,32,0.00,"AI Overview, Video, People also ask, Related searches"
downloader amazon fire tv,"Informational, Transactional",42,390,39,0.00,"Sitelinks, Reviews, Video, Video carousel, People also ask, Related searches"
fernsehen app,"Informational, Commercial",43,390,51,1.56,"AI Overview, Reviews, Video, People also ask, Related searches, Ads bottom"
fernsehen kostenlos ohne anmeldung,"Navigational, Transactional",35,390,42,0.69,"Reviews, Video, People also ask, Related searches"
fernseher live,Commercial,38,390,73,0.79,"Reviews, Video, People also ask, Top stories, Related searches"
fernseher vertrag,Commercial,32,390,22,2.60,"Reviews, People also ask, Related searches, Popular products, Ads bottom"
fernsehn rtl,"Informational, Commercial",32,390,62,0.80,"Video, People also ask, Top stories, Related searches"
fernsehstick,Commercial,35,390,27,1.49,"People also ask, Related searches"
festplattenreceiver,"Informational, Commercial",30,390,22,0.16,"Video, People also ask, Related searches"
film neu netflix,"Informational, Transactional",29,390,50,0.00,"Video, People also ask, Related searches"
filme und serien bei netflix,"Informational, Transactional",31,390,59,0.61,"Video, People also ask, Related searches"
free television,"Informational, Commercial",38,390,52,0.74,"Reviews, Video, People also ask, Top stories, Related searches, Ads bottom"
fußball live stream rtl,"Navigational, Transactional",40,390,49,0.91,"Reviews, Video, People also ask, Related searches"
githubusercontent iptv,"Navigational, Transactional",41,390,44,0.00,"Video, Video carousel, Related searches"
gzsz live,Transactional,32,390,46,0.02,"Reviews, Video, People also ask, Related searches"
ip tv box,"Informational, Commercial",43,390,19,1.20,"Video, Video carousel, People also ask, Related searches, Popular products"
iptv anbieter alle sender,Commercial,51,390,19,0.00,"AI Overview, Video, People also ask, Related searches"
iptv anbieter forum,Commercial,45,390,11,0.00,"Sitelinks, People also ask, Related searches"
iptv app android,"Informational, Commercial",72,390,38,0.00,"AI Overview, Reviews, Video, People also ask, Related searches"
iptv cameras,"Informational, Transactional",49,390,57,0.83,"Reviews, Video, Video carousel, People also ask, Knowledge panel, Related searches, Popular products"
iptv lines kaufen,Commercial,50,390,10,0.00,"AI Overview, Video, People also ask, Related searches"
iptv premium,"Informational, Commercial",47,390,15,0.00,"AI Overview, Reviews, Video, Video carousel, People also ask, Related searches"
iptv smarter downloader,"Informational, Transactional",55,390,28,0.00,"Sitelinks, AI Overview, Reviews, Video, Video carousel, People also ask, Related searches"
kodi add ons,Commercial,37,390,12,0.00,"Reviews, Video, People also ask"
kostenlos fernsehen ohne anmeldung,"Navigational, Transactional",35,390,35,0.41,"Reviews, Video, People also ask, Related searches, Ads middle"
kostenlos internet tv,"Informational, Commercial",43,390,52,0.64,"Reviews, Video, People also ask, Related searches"
kostenlos rtl schauen live,Commercial,37,390,44,0.94,"Reviews, Video, People also ask, Related searches"
kostenlos streamen tv,Commercial,38,390,41,0.57,"AI Overview, Reviews, Video, People also ask, Related searches"
live stream tv free,Commercial,42,390,59,1.58,"Reviews, Video, People also ask, Related searches"
livestream rtl kostenlos,Transactional,38,390,60,1.04,"Sitelinks, Reviews, Video, People also ask, Related searches"
lohnt sich magentatv,"Informational, Commercial",43,390,22,5.80,"Sitelinks, AI Overview, Reviews, Video, People also ask, Related searches, Ads middle"
magenda,Commercial,24,390,27,2.60,"Reviews, Image, Video, People also ask, Related searches"
magenta tv 1. generation,Commercial,35,390,28,4.36,"Reviews, Video, People also ask, Related searches"
magenta tv flex preis,Transactional,46,390,35,5.72,"Sitelinks, AI Overview, Reviews, People also ask, Related searches"
magents,"Informational, Transactional",29,390,82,2.88,"Reviews, Image, Image pack, Video, People also ask, Knowledge panel, Related searches"
my siptv eu,"Informational, Transactional",38,390,29,1.02,"AI Overview, Reviews, Video, People also ask, Related searches"
netflix abonnement deutschland,"Informational, Transactional",36,390,50,0.93,"AI Overview, Reviews, People also ask, Related searches"
netflix account kosten,"Informational, Transactional",31,390,58,1.11,"AI Overview, Reviews, People also ask, Related searches"
netflix bezahlen,"Informational, Transactional",40,390,41,0.77,"Video, Video carousel, People also ask, Related searches"
netflix plan,"Navigational, Transactional",33,390,73,1.74,"Reviews, Image pack, Video, People also ask, Related searches"
open tvs,Commercial,40,390,20,0.00,"Reviews, Video carousel, People also ask, Local pack, Related searches"
ottrun,"Informational, Transactional",26,390,22,1.14,"AI Overview, Reviews, Image, People also ask, Related searches"
player iptv windows,"Informational, Commercial",58,390,21,0.00,"Sitelinks, AI Overview, Reviews, Video, Video carousel, Related searches"
preis netflix,Transactional,38,390,49,0.77,"AI Overview, Reviews, Video, People also ask, Related searches"
prosieben live-stream kostenlos ohne anmeldung joyn,"Navigational, Transactional",34,390,49,0.27,"AI Overview, Reviews, People also ask, Related searches"
receiver für internet,Commercial,38,390,21,2.01,"Sitelinks, Reviews, Video, People also ask, Related searches, Popular products"
receiver für tv,Commercial,35,390,28,0.59,"Video, People also ask, Related searches, Popular products"
receiver über internet,Commercial,41,390,23,1.52,"Sitelinks, Reviews, Video, People also ask, Related searches, Popular products, Ads top, Ads bottom"
recommended android tv box,"Informational, Commercial",34,390,27,0.33,"Sitelinks, Reviews, Video, Video carousel, People also ask, Related searches, Popular products"
repo kodi,Commercial,34,390,22,0.00,"Reviews, Image pack, Video, Video carousel, People also ask"
rtl 2 kostenlos streamen,Commercial,37,390,31,1.27,"Reviews, Video, People also ask, Related searches"
rtl 2 stream kostenlos,Transactional,37,390,26,1.39,"Reviews, Video, People also ask, Related searches"
rtl 2ix2,"Navigational, Transactional",33,390,22,0.00,"Sitelinks, Reviews, People also ask, Related searches"
rtl aktuell heute 18 45 uhr verpasst,"Informational, Transactional",30,390,40,0.00,"Video, People also ask, Related searches"
rtl aktuell kostenlos ansehen,"Informational, Transactional",33,390,43,0.00,"Reviews, Video, People also ask, Knowledge panel, Related searches"
rtl deutschland live,"Navigational, Transactional",36,390,51,0.57,"Reviews, Video, People also ask, Related searches"
rtl fernsehn live,"Navigational, Transactional",36,390,54,0.65,"Reviews, Video, People also ask, Related searches"
rtl jetzt live stream,"Navigational, Transactional",38,390,64,0.62,"Reviews, Video, People also ask, Related searches"
rtl kostenlos ansehen,Transactional,40,390,50,0.80,"Sitelinks, Reviews, Video, Video carousel, People also ask, Related searches"
rtl live anschauen,Commercial,37,390,46,0.76,"Reviews, Video, People also ask, Related searches, Ads bottom"
rtl live streamen kostenlos,Transactional,38,390,48,1.07,"Reviews, Video, People also ask, Related searches"
rtl livestream fußball,"Informational, Transactional",40,390,50,0.91,"Reviews, Video, People also ask, Related searches"
rtl livestrem,Transactional,34,390,52,0.63,"Reviews, Video, People also ask, Related searches"
rtl mediatek,"Informational, Transactional",31,390,52,0.14,"Reviews, Video, People also ask, Related searches"
rtl plus fußball heute,"Navigational, Transactional",31,390,37,0.80,"Reviews, Video, Related searches"
rtl plus sport,"Navigational, Transactional",37,390,31,1.39,"Reviews, Video, People also ask, Related searches, Ads middle"
rtl programm jetzt live,"Navigational, Transactional",45,390,75,0.54,"Sitelinks, Video, People also ask, Related searches, Ads bottom"
rtl s,"Navigational, Transactional",30,390,85,0.00,"Sitelinks, Reviews, Video, Related searches"
rtl-aktuell online ansehen,"Informational, Transactional",32,390,41,0.00,"Reviews, Video, People also ask, Knowledge panel, Related searches"
rtl2 live kostenlos,Transactional,37,390,30,1.09,"Reviews, Video, People also ask, Related searches"
rtl2 live stream kostenlose,Commercial,37,390,28,0.00,"Reviews, Video, People also ask, Related searches"
rtlive,"Informational, Transactional",45,390,26,1.92,"Video, People also ask"
stick für internet fernsehen,Commercial,41,390,35,1.21,"Sitelinks, Reviews, Video, People also ask, Related searches, Popular products"
stick tv,Commercial,40,390,28,0.98,"Reviews, Video, Video carousel, People also ask, Related searches, Ads top, Ads middle"
stream hd,Commercial,41,390,19,1.18,"Reviews, People also ask, Related searches"
streaming rtl2,Commercial,35,390,35,0.75,"Sitelinks, Reviews, Video, People also ask, Related searches"
super rtl live kostenlos,Transactional,36,390,34,0.00,"Reviews, Video, People also ask"
telekom fernbedienung,"Informational, Transactional",28,390,22,0.63,"Reviews, Image pack, Video, People also ask, Related searches"
telkom magenta tv,"Navigational, Transactional",46,390,42,3.26,"Sitelinks, Reviews, Video, People also ask, Related searches"
top rated android tv box,"Informational, Commercial",41,390,26,0.33,"Sitelinks, Reviews, Video, Video carousel, People also ask, Related searches, Popular products"
tv apps smart tv,Commercial,46,390,23,0.82,"Sitelinks, AI Overview, Reviews, Video, Video carousel, People also ask, Related searches"
tv deutsche,Commercial,36,390,62,0.82,"Reviews, Video, Related searches, Ads bottom"
tv live tv free,Commercial,39,390,53,1.26,"AI Overview, Reviews, Video, People also ask, Related searches"
tv rtl jetzt,Commercial,34,390,51,0.52,"Video, People also ask, Related searches"
tv stream kostenlos ohne anmeldung,"Navigational, Transactional",36,390,54,0.00,"Sitelinks, Reviews, Video, People also ask, Related searches"
tv streaming angebote,Commercial,49,390,41,2.26,"AI Overview, Reviews, Video, People also ask, Related searches"
tv streaming vergleich,Commercial,45,390,40,2.03,"Sitelinks, Reviews, Video, People also ask, Related searches, Ads middle"
tvstream,Commercial,36,390,50,2.15,"AI Overview, Reviews, Video, People also ask, Related searches"
tvzafree,Commercial,31,390,58,0.00,"Reviews, Video, Video carousel, People also ask, Related searches"
umsonst tv,Commercial,36,390,49,1.25,"Reviews, Video, People also ask, Related searches"
waipu alternative,Commercial,35,390,23,0.78,"Sitelinks, AI Overview, Reviews, Video, People also ask, Related searches"
waipu tv stick angebot 1 jahr kostenlos,"Informational, Transactional",39,390,27,0.11,"Reviews, Video, People also ask, Related searches"
waipu tv türk,Transactional,36,390,21,0.15,"AI Overview, Reviews, Image, Video, People also ask, Related searches, Ads top, Ads bottom"
waipu wow,Transactional,34,390,25,0.10,"Reviews, Video, People also ask, Related searches, Ads top, Ads middle"
was ist eine set top box,"Informational, Commercial",43,390,15,0.91,"AI Overview, Reviews, Video, People also ask, Related searches"
was kostet rtl +,"Informational, Commercial",36,390,45,0.99,"AI Overview, Reviews, Video, People also ask, Related searches, Ads top, Ads middle"
welche streaming dienst ist der beste,Commercial,39,390,38,1.56,"Sitelinks, AI Overview, Reviews, Video, Video carousel, People also ask, Related searches"
2ix2 rtl live,"Navigational, Transactional",34,320,24,0.00,"Sitelinks, Reviews, Video, People also ask, Related searches"
android software for tv,"Informational, Transactional",45,320,43,0.32,"Sitelinks, Reviews, Video, People also ask, Related searches"
app fernsehprogramm,"Informational, Commercial",42,320,45,0.77,"Reviews, Video, People also ask, Related searches, Ads bottom"
best player iptv,Commercial,62,320,36,0.00,"Sitelinks, AI Overview, Reviews, Video, People also ask, Related searches"
best tv box for android,Commercial,38,320,36,0.18,"Sitelinks, Video, Video carousel, People also ask, Related searches, Popular products"
best tv for android box,Commercial,37,320,36,0.33,"Sitelinks, Video, Video carousel, People also ask, Related searches, Popular products"
beste iptv anbieter,Commercial,56,320,25,0.00,"Sitelinks, AI Overview, Image, Video, Video carousel, People also ask, Related searches"
beste iptv anbieter illegal,"Informational, Commercial",46,320,29,0.00,"Sitelinks, AI Overview, Video, People also ask, Related searches"
beste iptv app,Commercial,66,320,25,0.00,"AI Overview, Reviews, Video, People also ask, Related searches"
beste iptv-anbieter illegal,Commercial,46,320,26,0.00,"AI Overview, Reviews, Video, People also ask, Related searches"
beste m3u liste,Commercial,44,320,18,0.70,"Sitelinks, AI Overview, Reviews, Video, People also ask, Related searches"
bester iptv,Commercial,53,320,21,0.00,"AI Overview, Video, People also ask, Related searches"
bestiptv,Commercial,48,320,33,1.12,"Video, People also ask, Related searches, Ads top, Ads middle"
black friday sky,"Informational, Transactional",45,320,35,0.00,"Reviews, Video, People also ask, Related searches"
fernsehen digital,Commercial,35,320,66,1.94,"Reviews, Video, People also ask, Top stories, Related searches"
fernsehen mit smart tv,Commercial,39,320,30,0.23,"People also ask, Related searches, Popular products"
fernsehen mit tv stick,Commercial,41,320,32,1.18,"Sitelinks, Reviews, Image, Video, Video carousel, People also ask, Related searches"
fernseher integrierter sat receiver,Commercial,35,320,13,0.17,"Video, People also ask, Related searches, Popular products"
fernseher internetfähig,Commercial,37,320,22,0.40,"Reviews, Video, People also ask, Related searches, Popular products"
fernsehn anbieter,"Informational, Commercial",44,320,61,2.32,"AI Overview, Reviews, Video, People also ask, Related searches, Ads top, Ads middle"
fernsehn kostenlos anschauen,Commercial,36,320,49,0.67,"Video, Related searches, Ads top, Ads middle"
filme auf rtl plus,Transactional,29,320,38,0.11,"Reviews, Video, People also ask, Related searches, Ads top"
filme und serien auf netflix,"Informational, Transactional",30,320,60,0.61,"Video, People also ask, Related searches"
films from netflix,Transactional,29,320,58,0.00,"Video carousel, People also ask, Related searches"
forum iptv,"Informational, Transactional",44,320,10,0.00,People also ask
free tv internet,Commercial,39,320,61,1.22,"AI Overview, Reviews, Video, People also ask, Related searches"
free tv stream online kostenlos fernsehen,Commercial,37,320,45,0.00,"Reviews, Video, People also ask, Related searches"
free tv streamen,Commercial,38,320,62,0.00,"AI Overview, Reviews, Video, People also ask, Top stories, Related searches, Ads bottom"
freies fernsehen,Commercial,35,320,44,0.53,"Reviews, Video, People also ask, Related searches, Ads top, Ads bottom"
für kabelfernsehen receiver,Commercial,34,320,20,0.46,"Reviews, Video, Video carousel, People also ask, Related searches, Popular products"
german internet tv,Commercial,39,320,43,0.64,"Sitelinks, AI Overview, Reviews, Video, People also ask, Related searches, Ads middle"
giga tv senderliste,"Informational, Transactional",32,320,22,1.61,"Reviews, Video, People also ask, Related searches"
good android tv box,"Informational, Commercial",41,320,32,0.33,"Featured snippet, Sitelinks, Video, Video carousel, People also ask, Related searches, Popular products"
google chromecast mit google tv,"Informational, Transactional",39,320,32,0.51,"Reviews, Video, People also ask, Related searches, Popular products"
günstig tv und internet,Commercial,38,320,50,1.43,"Featured snippet, Reviews, Video, People also ask, Related searches"
handytv,"Navigational, Commercial",46,320,25,0.49,"Sitelinks, Reviews, Video, People also ask, Related searches, Ads top, Ads middle"
internet and tv,Commercial,40,320,34,2.20,"AI Overview, Reviews, Video, People also ask, Related searches, Ads top, Ads middle"
internet receiver,Commercial,34,320,19,2.01,"Sitelinks, Reviews, Video, People also ask, Related searches, Popular products"
internet stick für fernseher,Commercial,41,320,30,1.21,"Sitelinks, Reviews, Video, People also ask, Related searches, Popular products, Ads bottom"
internet tv anbieter vergleich,Commercial,46,320,40,1.58,"Sitelinks, AI Overview, Reviews, Video, People also ask, Related searches, Ads top, Ads bottom"
internet tv stick,Commercial,43,320,28,1.22,"Sitelinks, Reviews, Video, People also ask, Related searches, Popular products"
internet und fernsehen telekom,Transactional,32,320,49,1.80,"Reviews, Video, People also ask, Related searches"
internetfernsehen kostenlos,"Informational, Commercial",42,320,44,0.58,"AI Overview, Reviews, Video, People also ask, Related searches, Ads bottom, Ads middle"
iptv for smart,"Informational, Transactional",61,320,27,1.22,"AI Overview, Reviews, Video, Video carousel, Related searches"
iptv for windows,Commercial,61,320,41,0.00,"Video, Video carousel, People also ask, Related searches"
iptv free terial,"Informational, Commercial",52,320,8,0.00,"Sitelinks, Video, Video carousel, People also ask, Related searches"
iptv m3u playlist,Commercial,53,320,27,0.00,"AI Overview, Video, Video carousel, People also ask, Related searches"
iptv smarters apk,Commercial,51,320,35,0.00,"Reviews, Video, People also ask, Related searches"
iptv-anbieter vergleich,Commercial,54,320,38,0.00,"Sitelinks, AI Overview, Video, People also ask, Related searches"
kabel 1 kostenlos streamen,Commercial,37,320,30,0.57,"Sitelinks, People also ask, Related searches"
kleine smart tv mit wlan,Commercial,39,320,23,0.13,"Reviews, People also ask, Related searches, Popular products"
kostenlos fernseh gucken,Commercial,36,320,39,0.72,"AI Overview, Reviews, Video, People also ask, Related searches"
kostenlos live stream fernsehen,Commercial,37,320,57,0.90,"Reviews, Image, Video, People also ask, Top stories, Related searches"
kostenlos tv ansehen,Commercial,38,320,43,0.48,"Reviews, Video, People also ask, Related searches"
kostenlos tv sehen,Commercial,38,320,41,0.41,"Reviews, Video, People also ask, Related searches"
kostenlose streamen,Commercial,36,320,45,0.77,"Reviews, Video, People also ask, Related searches"
lg apps,"Informational, Transactional",37,320,34,0.43,"Reviews, Video, Video carousel, People also ask, Related searches"
liste serien netflix,Commercial,30,320,39,0.03,"Sitelinks, Video, People also ask, Related searches"
live rtl schauen kostenlos,Commercial,37,320,38,0.99,"AI Overview, Reviews, Video, People also ask, Related searches, Ads top, Ads bottom"
live stream kostenlos ohne anmeldung,"Navigational, Transactional",35,320,59,0.41,"Sitelinks, Reviews, Video, Related searches"
live tv ohne anmeldung,"Navigational, Transactional",37,320,45,1.00,"Sitelinks, Video, People also ask, Related searches"
livestream rtl 2,Commercial,37,320,41,1.02,"Reviews, Video, Related searches"
m3u listen,Commercial,45,320,29,0.82,"Reviews, Video, People also ask, Related searches"
m3u playlist github,"Navigational, Transactional",38,320,54,0.78,"People also ask, Related searches"
magenta tv tarife übersicht,"Navigational, Commercial",43,320,30,1.97,"Sitelinks, Reviews, Video, People also ask, Related searches"
magenta tv wm,"Informational, Commercial",46,320,26,4.35,"Reviews, Video, People also ask, Top stories, Related searches"
magentatv app freischalten,Commercial,41,320,25,2.61,"Reviews, Video, People also ask, Related searches"
movies online netflix,"Navigational, Transactional",30,320,95,0.00,"Video, People also ask, Related searches"
netflix account kaufen,Transactional,40,320,32,0.46,"Reviews, Video, People also ask, Related searches"
netflix cenas,"Navigational, Transactional",45,320,55,1.30,"Reviews, Video, People also ask, Related searches"
netflix katalog,Transactional,33,320,60,1.55,"People also ask, Related searches"
netflix kosten deutschland,"Informational, Transactional",44,320,48,0.46,"AI Overview, Reviews, Video, People also ask, Related searches"
netflix prem,"Informational, Transactional",39,320,45,1.33,"AI Overview, Reviews, People also ask, Related searches"
netflix premium-abo,"Informational, Transactional",44,320,57,2.00,"AI Overview, Reviews, Video, People also ask, Related searches"
netflix programm heute,"Informational, Transactional",33,320,58,0.00,"Video, People also ask, Related searches"
netflix registrieren kostenlos,"Navigational, Transactional",43,320,64,2.67,"AI Overview, Video, People also ask, Related searches, Ads bottom"
netflix standard-abo,"Informational, Transactional",31,320,49,2.09,"AI Overview, Reviews, Video, People also ask, Related searches"
nydus tv rtl,"Navigational, Transactional",36,320,29,0.66,"Sitelinks, Reviews, Related searches"
o2 tv und internet,Commercial,38,320,43,0.95,"Reviews, People also ask, Related searches, Ads top, Ads middle"
online 1 tv,Commercial,45,320,57,0.00,Related searches
online fernsehen anbieter,Commercial,45,320,37,2.76,"AI Overview, Reviews, Video, People also ask, Related searches, Ads top, Ads bottom"
online tv 2,Commercial,35,320,25,1.03,"Reviews, Video, Video carousel, Related searches"
online tv anbieter,"Informational, Commercial",47,320,37,2.82,"AI Overview, Reviews, Video, People also ask, Related searches"
program tv online live,Commercial,36,320,62,1.42,"Video, Related searches"
reddit iptv,"Navigational, Transactional",62,320,36,0.00,"Video, People also ask, Related searches"
rtl + mediathek,"Informational, Transactional",36,320,73,0.19,"Reviews, Video, People also ask, Related searches"
rtl aktuell live stream kostenlos,"Navigational, Transactional",37,320,57,0.44,"Video, People also ask, Related searches"
rtl aktuell stream,"Informational, Transactional",37,320,47,0.00,"Reviews, Video, People also ask, Knowledge panel, Related searches"
rtl gestern,"Informational, Transactional",31,320,61,0.00,"Sitelinks, Video, People also ask, Related searches"
rtl ive,"Navigational, Transactional",38,320,70,0.47,"Reviews, Video, People also ask, Top stories, Related searches"
rtl jetzt im tv,Commercial,33,320,44,0.00,"Video, People also ask, Related searches"
rtl kostenlos online,Commercial,40,320,51,1.13,"Reviews, Video, People also ask, Related searches"
rtl live deutschland,"Navigational, Transactional",36,320,58,0.62,"Reviews, Video, People also ask, Related searches"
rtl live kostenlos ohne anmelden,"Navigational, Transactional",39,320,57,0.87,"Reviews, Video, Related searches"
rtl live kostenlos streamen,Commercial,37,320,51,1.06,"Sitelinks, Reviews, Video, People also ask, Related searches, Ads middle"
rtl live stream hd,"Navigational, Transactional",38,320,43,1.08,"Sitelinks, Reviews, Video, People also ask, Related searches"
rtl mediathek heute,Transactional,33,320,71,0.13,"People also ask, Related searches"
rtl online schauen kostenlos,Commercial,36,320,55,1.08,"Sitelinks, AI Overview, Reviews, Video, People also ask, Related searches"
rtl plus heute,"Navigational, Transactional",31,320,59,0.23,"Sitelinks, Reviews, Video, People also ask, Related searches"
rtl plus.com/buchen,"Navigational, Transactional",29,320,42,1.42,"Reviews, Video, People also ask, Ads top, Ads middle"
rtl programm gestern anschauen,"Informational, Transactional",31,320,38,0.46,"Reviews, Video, People also ask, Related searches"
rtl stream live online,Commercial,37,320,38,0.70,"AI Overview, Video, People also ask, Related searches, Ads middle"
rtl strem,"Navigational, Transactional",33,320,54,0.81,"Reviews, Video, People also ask, Top stories, Related searches, Ads top, Ads bottom"
rtl up kostenlos live,Transactional,45,320,32,0.69,"Reviews, Video, People also ask, Related searches"
rtl up live stream,"Navigational, Transactional",38,320,42,0.65,"Sitelinks, Reviews, Video, People also ask, Related searches"
rtl up stream,"Navigational, Transactional",38,320,50,0.87,"Reviews, Video, People also ask, Related searches"
rtl2 gucken kostenlos,Commercial,37,320,30,1.35,"Reviews, Video, People also ask, Related searches"
rtl2 live tv,Commercial,38,320,48,0.70,"AI Overview, Reviews, Video, People also ask, Related searches"
rtlmediathek,Commercial,34,320,52,0.19,"Reviews, Video, People also ask, Related searches, Ads top, Ads bottom"
rtlplus.com/buchen,"Navigational, Transactional",33,320,36,1.90,"Reviews, Video, People also ask, Ads top, Ads bottom"
rtltv,Transactional,34,320,71,0.44,"Reviews, Video, People also ask, Knowledge panel, Related searches, Ads middle"
satellite tv tv,Commercial,44,320,21,1.39,"Reviews, Video, Video carousel, People also ask, Knowledge panel, Related searches"
serien auf netflix liste,Commercial,30,320,44,0.03,"Sitelinks, AI Overview, Video, People also ask, Related searches"
serien bei netflix liste,Commercial,30,320,38,0.03,"AI Overview, People also ask, Related searches"
serien und filme auf netflix,"Informational, Transactional",30,320,63,0.64,"Video, People also ask, Top stories, Related searches"
sky q sky,Commercial,45,320,22,2.08,"AI Overview, Video, People also ask, Related searches, Ads top, Ads bottom"
skyq receiver,"Informational, Transactional",45,320,23,2.12,"Reviews, Video, Video carousel, People also ask, Related searches, Popular products"
smartube fire tv,"Informational, Transactional",43,320,28,0.00,"Sitelinks, AI Overview, Reviews, Video, Video carousel, Related searches"
smat tv,Commercial,33,320,34,0.24,"Video, Video carousel, People also ask, Related searches"
stick für internet tv,Commercial,43,320,26,1.21,"Sitelinks, Reviews, Video, People also ask, Related searches, Popular products"
streaming anbieter vergleich,Commercial,43,320,36,1.84,"AI Overview, Reviews, Video, People also ask, Related searches"
streaming bundles,Commercial,43,320,36,1.68,"AI Overview, Reviews, Video, People also ask, Related searches, Ads top, Ads middle"
super rtl livestream joyn,Transactional,39,320,56,0.57,"Reviews, Video, People also ask, Related searches"
telekom streaming,"Navigational, Transactional",33,320,50,3.12,"Reviews, Video, People also ask, Related searches"
telekom tv angebote,"Navigational, Commercial",32,320,41,2.77,"Sitelinks, Reviews, People also ask, Related searches"
telekom tv pakete,"Navigational, Transactional",37,320,64,2.10,"Sitelinks, Reviews, Video, People also ask, Related searches"
top box,"Informational, Commercial",38,320,13,0.00,"Reviews, Video, People also ask, Related searches, Popular products"
tv app vodafone,"Informational, Commercial",44,320,42,1.35,"AI Overview, Reviews, Video, People also ask, Related searches"
tv box alle sender kostenlos,Commercial,43,320,41,0.73,"Reviews, Video, People also ask, Related searches, Popular products"
tv browser android,Commercial,42,320,28,0.00,"Reviews, Video, People also ask, Related searches"
tv im internet schauen,Commercial,40,320,53,1.50,"AI Overview, Reviews, Video, People also ask, Related searches, Ads top, Ads bottom"
tv internet vergleich,Commercial,44,320,39,1.74,"Sitelinks, Reviews, Video, People also ask, Related searches"
tv kostenlos sehen,Commercial,38,320,46,0.45,"Reviews, Video, People also ask, Related searches"
tv live streamen,Commercial,41,320,59,0.77,"Reviews, Video, Top stories, Related searches, Ads middle"
tv stick fernsehen,Commercial,41,320,25,1.08,"Sitelinks, Reviews, Video, Video carousel, People also ask, Related searches, Popular products"
up iptv,Commercial,49,320,3,1.62,"People also ask, Related searches"
vergleich internet tv,Commercial,44,320,39,1.77,"Sitelinks, Reviews, Video, People also ask, Related searches, Ads top, Ads bottom"
vergleich tv anbieter,Commercial,43,320,34,1.36,"Sitelinks, Reviews, Video, People also ask, Related searches"
vertrag mit fernseher,Commercial,32,320,10,2.60,"Reviews, Related searches"
vox live 2ix2,"Navigational, Transactional",34,320,33,0.00,"Sitelinks, Reviews, People also ask, Related searches"
waipu tv fernbedienung anleitung,"Informational, Transactional",30,320,25,0.00,"AI Overview, Reviews, Image, Image pack, Video, Video carousel, People also ask, Related searches"
waypu,"Navigational, Commercial",30,320,50,0.09,"Sitelinks, Video, People also ask, Top stories, Related searches, Ads top"
web magenta tv,"Informational, Transactional",37,320,57,5.00,"AI Overview, Reviews, Video, People also ask, Related searches"
web2 magenta tv,Commercial,38,320,38,0.00,"Video, People also ask, Related searches"
wlan tv stick,Commercial,39,320,28,0.74,"Sitelinks, Reviews, Image, Video, People also ask, Related searches"
www rtl de live,"Navigational, Transactional",36,320,76,0.25,"Reviews, Video, People also ask, Related searches, Ads bottom"
über internet tv schauen,"Informational, Commercial",40,320,43,1.57,"AI Overview, Reviews, Video, People also ask, Related searches, Ads top, Ads bottom"
amazon downloader,"Informational, Commercial",34,260,34,0.17,"AI Overview, Reviews, People also ask, Related searches"
app iptv android,"Informational, Commercial",69,260,31,0.00,"Sitelinks, AI Overview, Reviews, Video, Video carousel, People also ask, Related searches"
box android iptv,"Informational, Commercial",53,260,16,0.00,"Reviews, Video, People also ask, Related searches, Popular products"
bundesliga iptv,Commercial,52,260,19,0.00,"Sitelinks, Reviews, Video, Related searches"
cchromecast,"Informational, Transactional",45,260,33,0.36,"Reviews, Video, People also ask, Knowledge panel, Related searches"
chromecast google,"Informational, Transactional",32,260,56,0.30,"Reviews, Video, Video carousel, People also ask, Related searches, Popular products"
chromecast televisio,"Informational, Transactional",45,260,33,0.33,"Reviews, Video, Video carousel, People also ask, Related searches"
chromecast wo kaufen,Transactional,34,260,27,0.23,"Video, People also ask, Local pack, Related searches, Popular products"
deutsche addons für kodi,Commercial,36,260,14,0.19,"Sitelinks, Reviews, Video, People also ask, Ads bottom"
disney plus über sky,Commercial,41,260,28,3.00,"Sitelinks, AI Overview, Reviews, Video, Video carousel, People also ask, Related searches"
familienfilme netflix neu,Commercial,28,260,34,0.00,"AI Overview, Video, People also ask, Related searches"
fernseh schauen online,Commercial,37,260,68,1.69,AI Overview
fernsehen kostenlos anschauen,Commercial,37,260,50,0.31,"Reviews, Video, People also ask, Related searches"
fernsehen mit integriertem receiver,Commercial,35,260,24,0.16,"People also ask, Related searches, Popular products"
fernsehen mit internet stick,Commercial,42,260,34,1.21,"Sitelinks, Reviews, Video, People also ask, Related searches, Popular products"
fernsehen mit wlan,"Informational, Commercial",36,260,30,0.00,"AI Overview, Reviews, Video, Video carousel, People also ask, Related searches, Ads bottom, Ads middle"
fernsehen ohne kabel und sat schüssel,Commercial,37,260,24,0.84,"Reviews, Video, Video carousel, People also ask, Related searches, Popular products"
fernseher für internet,Commercial,38,260,23,0.53,"Reviews, Video, People also ask, Related searches, Popular products"
fernseher internet,Commercial,41,260,26,0.47,"Reviews, Video, Video carousel, People also ask, Related searches, Ads top, Ads bottom"
fernseher internettauglich,Commercial,37,260,27,0.40,"Reviews, Video, People also ask, Related searches, Popular products"
fernseher receiver,Commercial,34,260,27,1.28,"Reviews, Video, Video carousel, People also ask, Related searches, Popular products"
fernseher receiver integriert,Commercial,35,260,13,0.19,"Video, People also ask, Related searches"
fernseher wlan fähig,Commercial,37,260,23,0.26,"Video, People also ask, Related searches, Popular products, Ads top"
fernsehn schauen online,Commercial,37,260,80,1.88,"Sitelinks, Video, Related searches, Ads top, Ads middle"
fernsehprogramm rtl plus,"Informational, Transactional",32,260,60,0.26,"Reviews, People also ask"
free internet tv online,Commercial,43,260,72,1.22,"Reviews, Video, People also ask, Related searches"
free tv ohne anmeldung,"Navigational, Transactional",36,260,42,0.63,"Reviews, Video, People also ask, Related searches"
german television online,"Informational, Transactional",34,260,43,0.64,"Reviews, Video, People also ask, Related searches, Ads top, Ads bottom"
google chrome stick,"Informational, Transactional",32,260,37,0.62,"Reviews, Video, People also ask, Related searches, Popular products"
google chromecast kaufen,Transactional,31,260,24,0.40,"Reviews, People also ask, Related searches, Popular products"
google chromecast tv,Commercial,42,260,49,0.31,"Reviews, People also ask, Related searches, Popular products"
gratis tv stream,Commercial,38,260,46,1.36,"Reviews, Video, People also ask, Related searches"
gzsz live stream kostenlos,Commercial,35,260,38,0.02,"Reviews, Video, People also ask, Related searches"
hdtv receiver,Commercial,34,260,30,0.58,"Video, People also ask, Related searches, Popular products"
i. p. t. v. smarters pro,"Informational, Commercial",51,260,32,0.00,"Reviews, Video, Video carousel, People also ask, Related searches"
internet fernsehen stick,Commercial,40,260,30,1.21,"Sitelinks, Reviews, Video, People also ask, Related searches, Popular products, Ads bottom"
internet fernsehen vergleich,Commercial,42,260,36,1.49,"AI Overview, Reviews, Video, People also ask, Related searches, Ads bottom"
internet stick für den fernseher,Commercial,40,260,30,1.21,"Sitelinks, Reviews, Video, People also ask, Related searches"
internet stick für tv ohne vertrag,Commercial,42,260,29,1.07,"Sitelinks, Reviews, Video, People also ask, Related searches, Popular products"
internetfähigen fernseher,Commercial,41,260,26,0.24,"Reviews, Video, People also ask, Related searches, Popular products"
ip satellite receiver,Commercial,41,260,21,0.13,"Sitelinks, Video, People also ask, Related searches, Popular products"
iptv anbieter deutschland,"Informational, Commercial",44,260,30,0.00,"AI Overview, Video, People also ask, Related searches"
iptv mega,Commercial,54,260,24,0.00,"Reviews, People also ask, Related searches"
iptv palyer,Commercial,72,260,43,1.01,"Reviews, Video, Video carousel, People also ask, Related searches"
iptv subscriptions,"Informational, Commercial",53,260,37,0.93,"Sitelinks, AI Overview, Video, Video carousel, People also ask, Related searches"
iptv windows,"Informational, Commercial",59,260,35,0.00,"Sitelinks, AI Overview, Reviews, Video, People also ask, Related searches"
iptv-abonnement,"Informational, Commercial",46,260,15,0.00,"Video, People also ask, Related searches"
kabel 1 kostenlos,Commercial,35,260,31,0.44,"Reviews, Video, People also ask, Related searches"
kodi box,Commercial,51,260,21,0.51,"Sitelinks, Reviews, Video, People also ask"
kodi for movies,Commercial,36,260,50,0.00,"Sitelinks, AI Overview, Reviews, Video, Video carousel, People also ask"
kodi tv addon,Commercial,39,260,25,0.00,"Sitelinks, Reviews, Video, People also ask"
kosten netflix deutschland,"Informational, Transactional",41,260,46,0.54,"AI Overview, Reviews, Video, People also ask, Related searches, Ads bottom"
kostenlos fernseh ohne anmeldung,Transactional,38,260,36,0.52,"Reviews, Video, People also ask, Related searches, Ads bottom"
kostenlos ohne anmeldung fernsehen,"Navigational, Transactional",35,260,34,0.69,"Reviews, Video, People also ask, Related searches"
kostenlos rtl online schauen,Commercial,36,260,36,1.08,"Sitelinks, Reviews, Video, People also ask, Related searches"
kostenlos rtl2 schauen,Commercial,36,260,35,0.91,"AI Overview, Reviews, Video, People also ask, Related searches"
kostenlos tv schauen app,"Informational, Commercial",43,260,42,0.72,"AI Overview, Video, People also ask, Related searches, Ads bottom, Ads middle"
kostenlos tv schauen ohne anmeldung,"Navigational, Transactional",36,260,49,0.33,"Sitelinks, Reviews, Video, Related searches"
kostenlos und ohne anmeldung fernsehen,Transactional,36,260,40,0.76,"AI Overview, Reviews, Video, Related searches"
live rtl anschauen,"Navigational, Transactional",38,260,54,0.75,"AI Overview, Reviews, Video, People also ask, Related searches, Ads top, Ads middle"
live stream rtl aktuell,"Navigational, Transactional",34,260,58,0.56,"Reviews, Video, People also ask, Related searches"
live stream rtl hrvatska,"Navigational, Transactional",34,260,31,0.91,"Sitelinks, Video, People also ask, Related searches"
live tv free,Commercial,38,260,55,1.49,"AI Overview, Reviews, Image, Video, People also ask, Related searches"
livestream fernsehen kostenlos,Commercial,38,260,69,0.90,"AI Overview, Reviews, Video, People also ask, Related searches"
livestream rtl gratis,Commercial,37,260,48,1.03,"Reviews, Video, People also ask, Related searches"
livestream rtl2,Commercial,37,260,50,0.54,"Reviews, Video, People also ask, Related searches"
livestream super rtl kostenlos,Commercial,36,260,37,0.00,"Reviews, Video, People also ask, Related searches"
livetv free streaming,"Navigational, Transactional",39,260,33,1.58,"Video, People also ask, Related searches"
m0bile tv,"Informational, Commercial",46,260,26,0.34,"Reviews, Video, People also ask, Related searches, Popular products"
magenta internet und tv,Commercial,34,260,36,1.84,"Reviews, Video, People also ask, Related searches, Ads top"
magenta tv 1. gen,Commercial,35,260,32,3.35,"Reviews, Video, People also ask, Related searches"
magenta tv hardware,Commercial,42,260,25,3.67,"Reviews, Video, People also ask, Related searches, Ads top"
magenta tv test,Commercial,41,260,22,3.43,"Reviews, Video, People also ask, Related searches"
magenta web tv,"Informational, Transactional",41,260,49,6.19,"Reviews, Video, People also ask, Related searches"
media centre kodi,"Informational, Transactional",36,260,22,0.00,"AI Overview, Reviews, Video, Video carousel, People also ask, Knowledge panel"
mediathek rtl heute,"Informational, Transactional",33,260,72,0.15,"Video, People also ask, Related searches"
megastream telekom,Transactional,36,260,19,2.74,"Video, People also ask, Related searches"
movie on kodi,"Informational, Commercial",36,260,43,0.00,"Sitelinks, AI Overview, Reviews, Video, Video carousel, People also ask"
musik-streaming-dienste vergleich 2025,Commercial,51,260,34,0.00,"Sitelinks, Reviews, Video, People also ask, Related searches"
my iptv.app,Commercial,49,260,36,1.10,"Reviews, People also ask"
netflix 1 monat kostenlos,"Informational, Transactional",39,260,46,1.33,"AI Overview, Reviews, Video, People also ask, Top stories, Related searches"
netflix angebote preise,Transactional,39,260,50,1.33,"AI Overview, Reviews, People also ask, Related searches, Ads bottom"
netflix deutschland kosten,"Informational, Transactional",38,260,46,0.46,"Sitelinks, AI Overview, Reviews, Video, People also ask, Related searches"
netflix ohne werbung kosten,"Informational, Transactional",37,260,45,0.27,"AI Overview, Reviews, Video, People also ask, Related searches"
netflix preis deutschland,Transactional,45,260,46,0.68,"AI Overview, Reviews, Video, People also ask, Related searches"
netflix serie aktuell,"Informational, Commercial",30,260,48,0.00,"AI Overview, Image, Video, People also ask, Top stories, Related searches"
netflix und disney+ plus paket,"Informational, Commercial",38,260,31,1.22,"AI Overview, Reviews, Video, People also ask, Related searches"
netflix vertrag,"Navigational, Transactional",35,260,61,1.49,"AI Overview, Reviews, Video, People also ask, Related searches"
netflix welche filme und serien,"Informational, Transactional",33,260,51,0.64,"Video, People also ask, Top stories, Related searches"
online iptv player,"Informational, Transactional",56,260,55,0.00,"Reviews, People also ask, Knowledge panel"
programm netflix,"Informational, Transactional",35,260,55,0.00,"Video, People also ask, Top stories, Related searches"
receiver für satellitenschüssel,Commercial,32,260,28,0.22,"Video, Video carousel, People also ask, Related searches, Popular products, Ads bottom"
receiver mit wlan,Commercial,33,260,20,1.05,"Video, People also ask, Related searches, Popular products"
rtl ab,Commercial,32,260,52,1.35,"Reviews, Video, People also ask, Top stories, Related searches, Ads top, Ads bottom"
rtl anschauen,Transactional,36,260,73,0.86,"Reviews, Video, People also ask, Related searches"
rtl hrvatska live stream,"Navigational, Transactional",34,260,25,0.99,"Sitelinks, Reviews, Video, Related searches"
rtl hrvatska uzivo,Transactional,33,260,34,0.00,"Reviews, Related searches"
rtl live hd stream,"Navigational, Transactional",38,260,49,0.87,"Reviews, Video, People also ask, Related searches"
rtl live stream 2ix2,"Navigational, Transactional",35,260,14,0.00,"Sitelinks, Reviews, Video, Related searches"
rtl live stream nydus,"Navigational, Transactional",36,260,29,0.00,"Sitelinks, Related searches"
rtl live streaming kostenlos,Commercial,38,260,48,1.11,"Sitelinks, Reviews, Video, People also ask, Related searches"
rtl livesrream,"Navigational, Transactional",45,260,61,0.60,"Reviews, Video, People also ask, Related searches, Ads middle"
rtl livestream tv,"Navigational, Transactional",45,260,50,0.98,"Reviews, Video, People also ask, Related searches"
rtl nitro free stream,Transactional,32,260,24,1.60,"Reviews, Video, People also ask, Related searches"
rtl nord livestream,"Navigational, Transactional",33,260,38,0.92,"Video, People also ask, Related searches"
rtl p,"Navigational, Transactional",31,260,62,0.22,"Sitelinks, Reviews, Video, Related searches"
rtl plus live stream,"Navigational, Transactional",39,260,62,0.31,"Sitelinks, AI Overview, Reviews, Video, People also ask, Related searches"
rtl plus sendung verpasst,"Navigational, Transactional",30,260,40,0.00,"Sitelinks, Video, People also ask, Related searches"
rtl site,"Navigational, Transactional",31,260,87,1.58,"Sitelinks, Video, People also ask, Related searches"
rtl super live stream kostenlos,Commercial,36,260,36,0.00,"Reviews, Video, People also ask, Related searches"
rtl up kostenlos deutsche kanäle,Commercial,37,260,34,0.00,"AI Overview, Reviews, Video, People also ask, Related searches"
rtl zwei live stream kostenlos,Commercial,37,260,29,0.00,"Reviews, Video, People also ask, Related searches"
rtl2 kostenlos gucken,Commercial,40,260,30,0.93,"Reviews, Video, People also ask, Related searches"
rtl2 kostenlos stream,Commercial,37,260,28,0.97,"Reviews, Video, People also ask, Related searches"
rtl2 live mediathek,"Navigational, Transactional",38,260,41,0.00,"AI Overview, Reviews, Video, Video carousel, People also ask, Related searches"
rtl2 live streaming,Commercial,38,260,41,0.83,"Reviews, Video, Video carousel, People also ask, Related searches"
rtl2 mediathek live,Commercial,38,260,42,0.49,"Sitelinks, Reviews, Video, People also ask, Related searches, Ads bottom"
rtlplus mediathek kostenlos ohne anmeldung,"Informational, Transactional",40,260,31,0.10,"AI Overview, Reviews, Video, People also ask, Related searches"
sat receiver kaufen,Transactional,33,260,34,0.13,"Video, People also ask, Local pack, Related searches, Popular products, Ads bottom"
sky reciver,Transactional,40,260,32,1.97,"Reviews, Image, Image pack, People also ask, Related searches, Popular products"
smartersplayer lite,"Informational, Transactional",32,260,36,0.32,"Reviews, Video, People also ask, Knowledge panel, Related searches"
smarttube github,"Navigational, Transactional",43,260,59,0.00,"Sitelinks, People also ask, Related searches"
stream web,Commercial,36,260,83,1.41,"Reviews, Video, People also ask, Related searches, Ads top, Ads middle"
streaming on kodi,Commercial,39,260,37,1.66,"AI Overview, Reviews, Video, Video carousel, People also ask"
super rtl kostenlos,Commercial,35,260,49,0.00,"Reviews, Video, People also ask, Related searches, Ads middle"
telekom internet tv,"Navigational, Transactional",35,260,57,2.55,"Reviews, Video, People also ask, Related searches"
telekom magenta app,Commercial,38,260,45,0.69,"Reviews, Video, Video carousel, People also ask, Related searches, Ads top"
telekom magenta receiver,"Informational, Transactional",34,260,27,2.04,"Reviews, Video, Video carousel, People also ask, Related searches"
television rtl,"Informational, Transactional",33,260,76,0.58,"Reviews, Video, People also ask, Top stories, Related searches"
test tv box,"Informational, Commercial",55,260,31,0.28,"Sitelinks, Reviews, Video, Video carousel, People also ask, Related searches"
tv anbieter check24,Transactional,38,260,43,0.47,"AI Overview, Reviews, Video, People also ask, Related searches, Ads top, Ads bottom"
tv box telekom,"Informational, Transactional",37,260,29,2.31,"Reviews, Video, People also ask, Related searches, Popular products"
tv internet stick,Commercial,42,260,35,1.27,"Sitelinks, Reviews, Video, People also ask, Related searches, Popular products"
tv live rtl,"Navigational, Transactional",38,260,58,0.66,"Reviews, Video, People also ask, Top stories, Related searches"
tv mit vertrag,Commercial,34,260,10,2.43,"Reviews, Related searches, Popular products"
tv online free watch tv online live,Commercial,37,260,65,0.00,"AI Overview, Reviews, Video, Related searches"
tv reciever,Commercial,35,260,36,1.00,"Video, People also ask, Related searches, Popular products, Ads bottom"
tv stick alle sender,Commercial,40,260,24,1.07,"Sitelinks, Reviews, Image pack, Video, Video carousel, People also ask, Related searches, Popular products, Ads middle"
tv streamer,"Informational, Transactional",44,260,31,1.54,"Reviews, Image pack, Video, Video carousel, People also ask, Related searches, Popular products, Ads top, Ads bottom"
tv streaming stick,Commercial,41,260,27,0.81,"Sitelinks, Video, People also ask, Related searches, Popular products"
tv telekom internet,Transactional,39,260,37,2.55,"Reviews, Video, People also ask, Related searches, Ads top, Ads middle"
tv wlan stick,Commercial,36,260,25,0.77,"Sitelinks, Video, People also ask, Related searches"
tvlivestream,Commercial,40,260,66,0.79,"Reviews, Video, People also ask, Related searches"
vergleich fernsehen internet,Commercial,42,260,36,1.49,"Reviews, Video, People also ask, Related searches, Ads top, Ads middle"
viva premium iptv,Transactional,51,260,14,0.00,"Reviews, People also ask, Related searches"
vox live stream free,Transactional,33,260,39,0.00,"Reviews, Video, People also ask, Related searches"
voxup livestream kostenlos,Commercial,36,260,25,0.00,"Sitelinks, Reviews, People also ask, Related searches"
waipu amazon fire tv,"Informational, Transactional",43,260,17,0.21,"Reviews, Video, Video carousel, People also ask, Related searches"
waipu stick angebot,"Informational, Transactional",32,260,36,0.12,"Reviews, People also ask, Related searches"
waipu testen,"Navigational, Transactional",36,260,33,0.54,"AI Overview, Reviews, Video, People also ask, Related searches"
waipu tv deal,Transactional,38,260,46,0.25,"Sitelinks, Reviews, People also ask, Related searches"
waipu tv stick 2 generation kaufen,Transactional,45,260,31,0.12,"Video, People also ask, Related searches, Popular products"
waipu tv stick 2.generation,"Informational, Commercial",45,260,25,0.13,"Reviews, Video, Video carousel, People also ask, Popular products"
waipu tv stick 4k,Transactional,38,260,43,0.16,"Reviews, Video, People also ask, Related searches, Popular products"
waipu tv stick mit vertrag,Transactional,39,260,46,0.34,"Reviews, People also ask, Related searches, Ads top, Ads middle"
waipu türkische sender,"Navigational, Transactional",33,260,21,0.15,"AI Overview, Reviews, People also ask, Related searches"
watch live television online for free,Commercial,40,260,72,1.31,"AI Overview, Reviews, Video, People also ask, Related searches, Ads middle"
welcher tv anbieter ist der beste,Commercial,43,260,39,1.55,"Sitelinks, AI Overview, Reviews, Image, Video, People also ask, Related searches"
wlan fernseher klein,Commercial,35,260,25,0.17,"Image, Image pack, People also ask, Related searches, Popular products"
wlan stick tv,Commercial,40,260,24,0.77,"Sitelinks, Reviews, Video, People also ask, Related searches, Popular products"
xtream iptv player,"Informational, Transactional",52,260,30,0.00,"Reviews, Video, People also ask, Related searches"
zattoo alternative,"Informational, Commercial",39,260,28,0.80,"Sitelinks, AI Overview, Reviews, Video, People also ask, Related searches"
zattoo kostenlos rtl,"Informational, Transactional",40,260,50,0.73,"Reviews, Video, People also ask, Related searches"
zattoo vs waipu,Commercial,30,260,23,1.99,"Sitelinks, AI Overview, Reviews, Video, People also ask, Related searches"
2ix2 formel 1 live,"Navigational, Transactional",29,210,35,0.00,"Video, People also ask, Related searches"
2ix2 nitro,"Navigational, Transactional",32,210,31,0.00,"Sitelinks, Reviews, Video, Related searches"
2ix2 pro7,"Navigational, Transactional",34,210,38,0.00,"Sitelinks, Reviews, Video, People also ask, Related searches"
4k google tv,"Informational, Transactional",40,210,41,0.34,"Reviews, Video, People also ask, Related searches, Popular products"
abonnement netflix,"Navigational, Transactional",36,210,51,1.31,"AI Overview, Reviews, People also ask, Related searches"
alibaba iptv,"Navigational, Transactional",46,210,30,0.00,"Video, People also ask, Related searches"
alternative live tv,"Informational, Commercial",41,210,30,2.55,"Video, People also ask, Related searches"
alternative zattoo,"Informational, Commercial",37,210,24,0.77,"AI Overview, Reviews, Video, Video carousel, People also ask, Related searches, Ads bottom"
alternative zu waipu tv,"Informational, Commercial",43,210,28,0.66,"Sitelinks, AI Overview, Reviews, Video, People also ask, Related searches"
amazon prime tv box,"Navigational, Transactional",37,210,32,0.69,"People also ask, Related searches, Popular products"
amazon tv apple,"Informational, Transactional",45,210,42,0.38,"Reviews, Video, People also ask, Related searches, Popular products"
anbieter für fernsehen,"Informational, Commercial",47,210,35,2.50,"AI Overview, Reviews, Video, People also ask, Related searches"
android smart tv,Commercial,40,210,30,0.22,"Video, People also ask, Related searches, Popular products"
app for google tv,Transactional,47,210,38,0.32,"Reviews, People also ask, Related searches"
apple tv telekom,"Informational, Transactional",39,210,21,4.68,"Reviews, Video, Video carousel, People also ask, Related searches"
apps tv apps,Commercial,46,210,30,1.72,"Reviews, People also ask, Related searches"
best iptv provider,Commercial,49,210,43,0.00,"AI Overview, Video, Video carousel, People also ask, Related searches"
beste iptv app für fire stick,Commercial,61,210,7,0.00,"Sitelinks, AI Overview, Video, Video carousel, People also ask, Related searches"
beste iptv player,Commercial,56,210,21,0.00,"AI Overview, Reviews, Video, Video carousel, People also ask, Related searches"
beste iptv player android,Commercial,60,210,18,0.00,"Sitelinks, AI Overview, Reviews, Video, Video carousel, People also ask, Related searches"
beste m3u liste kostenlos,Commercial,51,210,26,0.64,"Sitelinks, AI Overview, Reviews, Video, People also ask, Related searches"
beste tv app kostenlos,Commercial,46,210,44,0.58,"AI Overview, Reviews, Video, People also ask, Related searches"
bester iptv anbieter illegal,Commercial,46,210,27,0.00,"AI Overview, Reviews, Video, People also ask, Related searches"
bester iptv-anbieter illegal,Commercial,46,210,29,0.00,"AI Overview, Reviews, Video, People also ask, Related searches"
bestes netflix angebot,Commercial,45,210,,0.92,"AI Overview, Reviews, Video, People also ask, Related searches, Ads bottom"
die besten streaming dienste,Commercial,43,210,34,1.37,"AI Overview, Reviews, Video, People also ask, Related searches, Ads middle"
digitale fernseher,"Informational, Transactional",34,210,25,1.70,"Reviews, Video, People also ask, Knowledge panel, Related searches, Popular products, Ads bottom"
entertain von telekom,Transactional,30,210,56,3.87,"AI Overview, Reviews, Video, People also ask, Related searches, Ads top, Ads middle"
fernsehen frei,Commercial,36,210,47,0.53,"Sitelinks, Reviews, Video, People also ask, Knowledge panel, Related searches, Ads bottom"
fernsehen internet vergleich,Commercial,42,210,37,1.61,"Sitelinks, AI Overview, Reviews, Video, People also ask, Related searches"
fernsehen kostenlos live stream,Commercial,38,210,63,0.90,"AI Overview, Reviews, Video, People also ask, Related searches"
fernsehen kostenlos und ohne anmeldung,"Informational, Transactional",35,210,33,0.42,"Reviews, Video, People also ask, Related searches, Ads bottom"
fernsehen mit stick,Commercial,40,210,34,1.49,"Sitelinks, Reviews, Video, People also ask, Related searches, Popular products"
fernsehen über internet kostenlos ohne anmeldung,"Informational, Transactional",39,210,31,0.29,"AI Overview, Reviews, Video, People also ask, Related searches, Ads bottom, Ads middle"
fernsehen über internet stick,Commercial,42,210,33,1.21,"Sitelinks, Reviews, Video, People also ask, Related searches, Popular products"
fernsehen über internet telekom,Commercial,34,210,48,2.24,"AI Overview, Reviews, Video, People also ask, Related searches, Ads bottom, Ads middle"
fernseher mit antennenanschluss,Commercial,33,210,24,0.51,"Reviews, Video, People also ask, Related searches, Popular products"
fernseher stick,Commercial,39,210,33,1.97,"Sitelinks, Reviews, Video, People also ask, Related searches, Ads bottom"
fernsehschauen,Commercial,35,210,23,0.97,"AI Overview, Reviews, Video, People also ask, Related searches, Ads bottom"
free tv online,Commercial,37,210,57,0.94,"AI Overview, Reviews, Video, Related searches"
germaniptv,Commercial,40,210,17,0.88,"Video, People also ask, Related searches"
google box tv,"Informational, Commercial",41,210,34,0.42,"Reviews, Video, Video carousel, People also ask, Related searches, Popular products"
google chromecast stick,"Informational, Commercial",38,210,33,0.57,"Reviews, Video, People also ask, Related searches, Popular products"
google en smart tv,"Informational, Transactional",38,210,32,0.31,"Reviews, Video, Video carousel, People also ask, Related searches"
google tv 4k,"Navigational, Transactional",40,210,44,0.40,"Video, Video carousel, People also ask, Related searches, Popular products"
gratis live tv,Commercial,39,210,54,0.82,"Reviews, Video, Related searches"
greatestiptv,Transactional,48,210,10,0.00,"People also ask, Related searches"
hd receiver kaufen,Transactional,32,210,33,0.33,"Video, People also ask, Local pack, Related searches, Popular products"
hdmi stick tv,Commercial,39,210,36,0.72,"Sitelinks, Reviews, Video, People also ask, Related searches, Ads bottom"
hdtv sat receiver,"Informational, Transactional",34,210,26,0.08,"Video, Video carousel, People also ask, Related searches, Popular products"
illegale filme gucken,Commercial,37,210,30,0.00,"Sitelinks, Reviews, Video, People also ask, Related searches"
illegale website,"Informational, Commercial",36,210,27,0.00,"Video, People also ask, Related searches"
internet browser for google tv,Commercial,47,210,28,0.00,"AI Overview, Reviews, Video, Video carousel, People also ask, Related searches, Ads middle"
internet fernsehen telekom,Commercial,32,210,57,1.18,"AI Overview, Reviews, Video, People also ask, Related searches, Ads bottom, Ads middle"
internet und fernsehn,Commercial,41,210,43,2.46,"AI Overview, Reviews, Video, People also ask, Related searches, Ads top, Ads middle"
internet und tv telekom,Transactional,34,210,34,2.15,"Reviews, Video, People also ask, Related searches, Ads top, Ads middle"
internet vertrag mit tv gerät,Commercial,35,210,17,2.55,"Reviews, Video, People also ask, Related searches, Ads top, Ads middle"
ip tv deutschland,"Informational, Commercial",48,210,41,1.17,"AI Overview, Reviews, Video, People also ask, Related searches"
ip tv player,"Informational, Commercial",62,210,38,0.53,"Reviews, Video, Video carousel, People also ask, Related searches"
ip tv receiver,"Informational, Commercial",42,210,19,0.00,"Video, People also ask, Related searches, Popular products"
ip tv smart,Commercial,48,210,36,0.00,"Reviews, Image pack, Video, People also ask, Related searches"
ip-tv player,Commercial,61,210,39,0.53,"Reviews, Video, People also ask, Related searches"
ip-tv.app,"Informational, Commercial",51,210,39,0.78,"AI Overview, Reviews, Video, People also ask"
ipitivi,Transactional,51,210,40,0.00,"Reviews, Image pack, Video, People also ask, Related searches, Ads top"
iptv 3mu list,Commercial,47,210,35,0.00,"Reviews, Video, People also ask, Related searches"
iptv box kaufen,Transactional,44,210,24,0.00,"Video, People also ask, Related searches, Popular products"
iptv code kaufen,Commercial,50,210,13,0.00,"AI Overview, Related searches"
iptv deutschland anbieter,"Informational, Commercial",56,210,32,0.00,"AI Overview, Video, Short videos, People also ask, Related searches"
iptv kodi,Commercial,50,210,24,0.00,"AI Overview, Reviews, Video, Video carousel, People also ask"
iptv link,Commercial,55,210,14,0.00,"Reviews, Video, Video carousel, Related searches"
iptv player for windows,"Informational, Commercial",64,210,30,0.00,"Reviews, Video, Related searches"
iptv services,"Informational, Commercial",51,210,26,0.00,"Sitelinks, Video, Video carousel, People also ask, Related searches"
iptv smart apk,"Informational, Transactional",68,210,25,0.00,"Reviews, Video, Related searches"
iptv testen,Commercial,50,210,0,0.00,Related searches
iptv tv box,Commercial,47,210,21,0.00,"People also ask, Related searches, Popular products"
iptvhafen,"Informational, Transactional",47,210,2,0.00,Related searches
iptvhdserver,"Navigational, Transactional",48,210,10,0.00,"Sitelinks, Reviews, Video, People also ask, Ads top, Ads middle"
kabel ein stream,Commercial,36,210,42,0.67,"Reviews, Video, People also ask, Related searches"
kaufen iptv,Commercial,55,210,30,0.00,"Video, People also ask, Related searches, Popular products"
kodi addon,Commercial,42,210,18,0.00,"Sitelinks, Reviews, Video"
kodi apps,Commercial,48,210,42,1.72,"Reviews, People also ask"
kodi media center software,"Informational, Transactional",41,210,38,0.00,"Sitelinks, Reviews, Video, Video carousel, People also ask, Knowledge panel"
kostenlos rtl2 gucken,Commercial,37,210,26,1.05,"Video, People also ask, Related searches"
kostenlos super rtl,Commercial,34,210,21,0.00,"Reviews, Video, People also ask, Related searches"
kostenlos tv streamen ohne anmeldung,"Navigational, Transactional",42,210,50,0.00,"Sitelinks, AI Overview, Reviews, Video, People also ask, Related searches"
kostenlose livestream,Commercial,36,210,69,1.68,"Reviews, Video, People also ask, Top stories, Related searches"
kostenloses live tv,Commercial,39,210,61,0.61,"AI Overview, Reviews, Image, Video, People also ask, Related searches, Ads bottom"
kostenloses tv streaming,Commercial,38,210,47,0.93,"Reviews, Video, People also ask, Related searches"
live stream rtl fussball,Transactional,37,210,46,0.91,
live tv schauen,Commercial,39,210,70,1.07,"Reviews, Video, People also ask, Related searches"
live tv se,"Informational, Transactional",36,210,87,1.29,"Reviews, Video, People also ask, Related searches"
livestream kostenlos ohne anmeldung,"Navigational, Transactional",35,210,37,0.48,"Sitelinks, Reviews, Video, Related searches"
livestream rtl de,"Navigational, Transactional",37,210,64,0.71,"Reviews, Video, People also ask, Related searches"
livetv online,"Informational, Transactional",36,210,5,1.07,"Reviews, Related searches"
magenta angebote telekom,"Navigational, Transactional",31,210,39,1.63,"Sitelinks, Reviews, Video, People also ask, Related searches"
magenta box kaufen,Transactional,28,210,24,2.10,"Image pack, People also ask, Related searches, Popular products"
magenta live tv,"Informational, Transactional",42,210,50,3.25,"Reviews, Video, People also ask, Related searches"
magenta preise,"Navigational, Transactional",30,210,34,2.89,"Sitelinks, AI Overview, Reviews, Video, People also ask, Related searches"
magenta tv alternativen,Commercial,43,210,23,1.69,"AI Overview, Reviews, Video, People also ask, Related searches"
magenta tv one 2 generation kaufen,Transactional,31,210,23,1.76,"People also ask, Related searches, Popular products, Ads bottom"
magenta tv one 2. generation bedienungsanleitung,"Informational, Transactional",31,210,17,0.00,"Video, Video carousel, People also ask, Related searches"
media markt satelliten receiver,"Informational, Transactional",36,210,24,0.04,"Image pack, People also ask, Related searches, Popular products"
mein rtl plus,"Navigational, Transactional",37,210,42,1.64,"Reviews, Video, People also ask, Related searches"
movie for kodi,"Informational, Commercial",36,210,27,0.00,"Sitelinks, Reviews, Video, People also ask"
netflix basis abonnement,"Informational, Transactional",34,210,52,1.20,"AI Overview, Reviews, Video, People also ask, Related searches"
netflix com konto,"Navigational, Transactional",31,210,63,1.63,"People also ask, Related searches"
netflix es,"Navigational, Transactional",33,210,48,0.00,"Reviews, Video, People also ask, Related searches"
netflix in,"Navigational, Transactional",35,210,86,0.00,"Reviews, People also ask, Related searches"
netflix inhalte,Transactional,38,210,65,2.10,"Video, People also ask, Related searches"
netflix jahresabo kosten,"Informational, Transactional",38,210,50,1.04,"AI Overview, Reviews, People also ask, Related searches"
netflix kino filme,Commercial,30,210,37,0.17,"AI Overview, Reviews, Video, People also ask, Related searches"
netflix kosten familie,"Informational, Transactional",38,210,47,0.00,"AI Overview, Video, People also ask, Related searches"
netflix monatsabo,"Informational, Transactional",39,210,56,1.12,"AI Overview, Reviews, Video, People also ask, Related searches"
netflix new films,"Navigational, Transactional",28,210,83,0.00,"Video, People also ask, Related searches"
netflix preise 2026,Transactional,45,210,43,0.51,"AI Overview, Reviews, People also ask, Related searches"
netflix serien auf deutsch,Commercial,30,210,21,0.00,"Sitelinks, Reviews, Video, People also ask, Related searches"
netflix testmonat,"Informational, Transactional",38,210,50,1.63,"Video, People also ask, Top stories, Related searches"
netflix-abo angebot,"Informational, Commercial",45,210,40,1.49,"AI Overview, Reviews, People also ask, Related searches"
netflixabo,"Navigational, Transactional",36,210,51,1.35,"Reviews, Video, People also ask, Related searches"
new film netflix,"Informational, Transactional",29,210,68,0.00,"AI Overview, Video, People also ask, Related searches"
o2 fernseher,"Navigational, Commercial",46,210,40,1.08,"Reviews, Video, Video carousel, People also ask, Related searches"
online tv kostenlos schauen,Commercial,41,210,53,1.00,"AI Overview, Reviews, Video, People also ask, Related searches"
play waipu tv,Transactional,40,210,44,0.03,"Reviews, Video, People also ask, Related searches, Ads middle"
playlist mu3,"Informational, Commercial",46,210,30,0.82,"Reviews, Video, People also ask, Related searches"
preis magenta tv,Transactional,41,210,45,0.86,"AI Overview, Reviews, Video, People also ask, Related searches"
pro7 kostenlos streamen,Commercial,36,210,44,0.48,"Reviews, Video, People also ask, Related searches"
receiver für fernsehen,Commercial,35,210,30,0.74,"Video, Video carousel, People also ask, Related searches, Popular products"
recommended iptv providers,Commercial,48,210,44,0.00,"Sitelinks, People also ask, Related searches"
resiever,Commercial,25,210,25,0.88,"Video, People also ask, Related searches, Popular products"
rtl + kostenlos testen,Commercial,41,210,44,2.13,"AI Overview, Reviews, Video, People also ask, Related searches, Ads top, Ads bottom"
rtl aktuell now,"Navigational, Transactional",31,210,61,0.00,"Reviews, Video, Related searches"
rtl canlı izle,"Navigational, Transactional",37,210,44,0.00,Reviews
rtl de programme,"Navigational, Transactional",32,210,71,0.00,"Sitelinks, Reviews, Video, People also ask, Related searches"
rtl fernseh,Commercial,32,210,58,0.49,"Reviews, Video, People also ask, Related searches"
rtl kostenlos live sehen,Commercial,37,210,49,1.00,"Sitelinks, Reviews, Video, People also ask, Related searches, Ads middle"
rtl live ansehen,"Navigational, Transactional",37,210,53,0.88,"Reviews, Video, People also ask, Related searches"
rtl live fußball deutschland,"Navigational, Transactional",32,210,50,0.00,"Sitelinks, Reviews, Video, People also ask, Related searches"
rtl live stream kostenlos ohne anmeldung nydus,"Navigational, Transactional",36,210,20,0.00,"Reviews, Video, People also ask"
rtl live stream online,"Navigational, Transactional",37,210,54,0.72,"Reviews, Video, People also ask, Related searches"
rtl mediathek aktuell,"Informational, Transactional",33,210,50,0.00,"Reviews, Video, People also ask, Related searches"
rtl nitro stream kostenlos,Commercial,36,210,19,0.00,"Reviews, Video, People also ask"
rtl now aktuell,"Navigational, Transactional",32,210,55,0.00,"Reviews, Video, People also ask, Knowledge panel, Related searches"
rtl now.de,"Navigational, Transactional",36,210,72,0.08,"Sitelinks, Reviews, Video, People also ask, Knowledge panel"
rtl online kostenlos schauen,Commercial,36,210,43,1.57,"Sitelinks, Reviews, Video, People also ask, Related searches"
rtl plzs,"Navigational, Commercial",31,210,59,0.26,"Sitelinks, Reviews, Video, People also ask, Related searches, Ads top, Ads bottom"
rtl televizija live stream,"Navigational, Transactional",39,210,53,0.90,"Reviews, Video, People also ask, Related searches"
rtl uzivo,"Informational, Transactional",37,210,48,0.93,"Reviews, Video, People also ask, Related searches"
rtl uživo stream,"Navigational, Transactional",38,210,47,0.99,"AI Overview, Reviews, Video, People also ask, Related searches"
rtl von gestern,"Informational, Transactional",31,210,37,0.79,"Video, People also ask, Related searches"
rtl zwei livestream,Commercial,36,210,36,1.05,"Reviews, Video, People also ask, Related searches"
rtl2 kostenlos ansehen,Commercial,37,210,29,0.00,"Reviews, Video, People also ask, Related searches"
rtl2 livestream kostenlos,Commercial,38,210,25,1.00,"AI Overview, Reviews, Video, Related searches"
rtl2 online schauen,Commercial,37,210,43,0.83,"AI Overview, Reviews, Video, People also ask, Related searches"
rtl2 online sehen,Commercial,37,210,30,0.87,"Reviews, Video, People also ask, Related searches"
samsung smart tv application,"Informational, Transactional",46,210,41,0.62,"AI Overview, Reviews, Video, Video carousel, People also ask, Related searches, Ads bottom"
sat receiver mit smart tv,Commercial,39,210,23,0.13,"Video, People also ask, Related searches, Popular products"
satelliten festplattenreceiver,Commercial,32,210,19,0.16,"Reviews, Video, People also ask, Related searches, Popular products"
sky mini box,"Informational, Transactional",33,210,28,1.22,"Reviews, Video, People also ask, Related searches, Popular products"
sky q mini kaufen,Transactional,31,210,30,0.69,"Reviews, Video, People also ask, Related searches, Popular products"
sky sat receiver,Commercial,41,210,34,2.45,"Reviews, Video, People also ask, Related searches, Popular products"
smart receiver,Commercial,33,210,25,0.69,"Reviews, Image pack, Video, People also ask, Related searches, Popular products"
smart tv mit wlan,Commercial,40,210,24,0.31,"People also ask, Related searches, Popular products"
smart tv on android,"Informational, Transactional",41,210,23,0.22,"Sitelinks, Reviews, Video, Video carousel, People also ask, Related searches, Popular products"
smart tv player,"Informational, Transactional",46,210,29,0.45,"Reviews, Video, Video carousel, People also ask, Related searches"
stick hdmi tv,Commercial,38,210,36,0.60,"Reviews, Video, People also ask, Related searches, Popular products"
stream fernsehen kostenlos,Commercial,38,210,45,0.86,"Reviews, Video, People also ask, Related searches"
streaming anbieter im vergleich,Commercial,43,210,40,1.58,"AI Overview, Reviews, Video, People also ask, Related searches, Ads bottom"
super rtl live stream kostenlos ohne anmeldung,"Navigational, Transactional",34,210,28,0.00,"Reviews, Video, People also ask, Related searches"
telecom angebote,Transactional,37,210,38,0.97,"Reviews, Video, People also ask, Related searches, Ads top, Ads middle"
telekom apple tv,"Navigational, Transactional",38,210,21,7.85,"Reviews, Video, People also ask, Related searches"
telekom big tv,"Navigational, Transactional",31,210,21,5.28,"Reviews, Video, People also ask, Related searches"
telekom internet und fernsehen,"Navigational, Transactional",37,210,34,1.80,"Reviews, Video, People also ask, Related searches"
telekom kundenservice magentatv,"Navigational, Transactional",46,210,47,0.28,"Video, People also ask, Related searches"
telekom senderliste,"Navigational, Transactional",35,210,31,7.36,"People also ask, Related searches"
television telekom,Transactional,32,210,58,2.14,"AI Overview, Reviews, Video, People also ask, Related searches, Ads top"
televisions smart,Commercial,33,210,36,0.80,"Video, People also ask, Related searches, Popular products"
tv apps for samsung smart tv,"Informational, Transactional",47,210,33,0.40,"Sitelinks, Reviews, Video, Video carousel, People also ask, Related searches"
tv free streaming,Commercial,38,210,46,0.89,"AI Overview, Reviews, Video, Related searches"
tv internet anbieter vergleich,Commercial,44,210,36,1.58,"Sitelinks, Reviews, People also ask, Related searches"
tv internet telekom,"Navigational, Transactional",35,210,56,2.55,"Reviews, Video, People also ask, Related searches"
tv internetfähig,Commercial,43,210,22,2.24,"Reviews, Video, People also ask, Related searches, Popular products, Ads top, Ads bottom"
tv mit receiver,Commercial,35,210,24,0.74,"Video, People also ask, Related searches, Popular products"
tv programm live kostenlos,Commercial,39,210,68,0.47,"Reviews, Video, People also ask, Related searches"
tv stick ohne vertrag media markt,Commercial,38,210,31,0.57,"Sitelinks, Reviews, People also ask, Related searches, Popular products"
tv sticks for streaming,"Informational, Commercial",40,210,26,0.81,"Sitelinks, Reviews, Video, Video carousel, People also ask, Related searches, Popular products"
tv streaming gratis,Commercial,38,210,32,1.00,"Reviews, Video, People also ask, Related searches, Ads bottom"
tv tarife,"Informational, Commercial",38,210,43,2.03,"AI Overview, Reviews, Video, People also ask, Related searches, Ads top"
umsonst fernsehn,Commercial,35,210,42,0.75,"AI Overview, Reviews, Video, People also ask, Related searches, Ads top, Ads middle"
vergleich internet tv anbieter,Commercial,45,210,35,1.58,"Sitelinks, Reviews, Video, People also ask, Related searches"
vergleich streaming anbieter,Commercial,43,210,42,1.84,"Reviews, Video, People also ask, Related searches"
vertrag mit tv,Commercial,33,210,18,2.60,"Reviews, Image, Related searches, Ads top, Ads bottom"
vox gucken live,Commercial,31,210,35,0.86,"Reviews, Video, People also ask, Related searches"
waipu abo,"Navigational, Transactional",27,210,43,0.18,"AI Overview, Reviews, People also ask, Related searches"
waipu angebot für bestandskunden,"Informational, Transactional",29,210,40,0.18,"Reviews, People also ask, Related searches"
waipu tarife,"Navigational, Transactional",28,210,39,0.06,"Video, People also ask, Related searches"
waipu tv bewertungen,Commercial,41,210,16,0.00,"AI Overview, Reviews, Video, Video carousel, People also ask, Related searches"
waipu tv kaufen,Transactional,36,210,45,0.25,"Reviews, People also ask, Related searches, Popular products"
waipu tv mit wow,Transactional,41,210,30,0.18,"Reviews, Video, People also ask, Related searches"
waipu tv probemonat,"Navigational, Transactional",40,210,30,0.48,"AI Overview, Reviews, Image, People also ask, Related searches"
waipu tv tarife,Transactional,35,210,46,0.05,"Video, People also ask, Related searches, Ads top, Ads bottom"
waiputv angebote,Transactional,44,210,55,0.14,"AI Overview, Reviews, Image, People also ask, Related searches, Ads top"
was ist set top box,"Informational, Commercial",43,210,14,0.00,"Reviews, Image, Video, People also ask, Related searches, Popular products"
wlan fähiger fernseher,Commercial,37,210,24,0.26,"Video, People also ask, Related searches, Popular products"
wlan stick für tv ohne vertrag,Commercial,39,210,29,0.85,"Sitelinks, Reviews, Video, People also ask, Related searches, Popular products"
wm magenta tv,"Informational, Commercial",46,210,,5.34,"Reviews, Video, Video carousel, Top stories, Related searches"
wow tv magenta,"Informational, Commercial",37,210,21,1.20,"Sitelinks, AI Overview, Reviews, Video, People also ask, Related searches"
www rtl de now,"Navigational, Transactional",35,210,76,0.04,"Reviews, Video, Related searches, Ads top"
abo netflix kosten,"Informational, Transactional",36,170,53,0.64,"AI Overview, Reviews, People also ask, Related searches"
abonnement netflix kosten,"Informational, Transactional",39,170,44,0.54,"AI Overview, People also ask, Related searches"
addons kodi,Commercial,40,170,11,0.00,"Reviews, Video"
aftvnews downloader,"Informational, Transactional",37,170,59,0.00,"Reviews, Video, People also ask, Related searches"
alternative zu waipu,"Informational, Commercial",31,170,28,0.59,"Sitelinks, AI Overview, Reviews, Video, People also ask, Related searches"
alternative zu zattoo,Commercial,35,170,17,0.80,"AI Overview, Reviews, Video, Video carousel, People also ask, Related searches"
amazon stick bei media markt,"Informational, Commercial",38,170,34,0.36,"Video, People also ask, Related searches, Popular products"
android 4k tv stick,"Informational, Transactional",41,170,23,0.36,"Video, Video carousel, People also ask, Related searches, Popular products"
angebot waipu,Transactional,29,170,54,0.20,"Reviews, People also ask, Related searches"
apple tv amazon,"Informational, Transactional",42,170,38,0.38,"Reviews, Video, People also ask, Related searches, Popular products"
apple tv and amazon,"Informational, Transactional",41,170,31,0.38,"Reviews, Video, Video carousel, People also ask, Related searches"
apple tv app store,"Navigational, Transactional",44,170,34,0.00,"AI Overview, Reviews, Video, People also ask, Related searches"
best ip tv,Commercial,48,170,33,1.12,"Sitelinks, Reviews, Video, Video carousel, People also ask, Related searches"
beste iptv anbieter deutschland,Commercial,52,170,19,0.00,"Sitelinks, AI Overview, Video, People also ask, Related searches"
beste iptv anbieter forum,Commercial,50,170,10,0.00,"Sitelinks, Reviews, People also ask, Related searches"
beste iptv deutschland,Commercial,52,170,16,0.00,"Sitelinks, AI Overview, Video, Short videos, People also ask, Related searches"
bester iptv anbieter deutschland,Commercial,50,170,19,0.00,"Sitelinks, AI Overview, Video, Short videos, People also ask, Related searches"
bester iptv provider,Commercial,54,170,20,0.00,"Sitelinks, AI Overview, Video, People also ask, Related searches"
bester sat receiver,Commercial,38,170,21,0.14,"Sitelinks, Reviews, Video, Video carousel, People also ask, Related searches"
bester tv anbieter,Commercial,45,170,41,1.97,"Sitelinks, AI Overview, Reviews, Video, People also ask, Related searches"
box vodafone tv,Transactional,46,170,30,2.31,"Reviews, Image pack, Video, Video carousel, People also ask, Related searches, Ads top, Ads bottom"
chromecast 3,"Informational, Transactional",39,170,33,0.12,"Reviews, Video, People also ask, Knowledge panel, Related searches"
dazn fussbal,"Navigational, Transactional",56,170,65,0.89,"Video, Video carousel, People also ask, Top stories, Related searches"
dazn fussball live,"Navigational, Transactional",56,170,72,0.75,"Reviews, Video, Top stories, Related searches"
dazn fußball live,"Navigational, Transactional",56,170,69,0.75,"Reviews, Video, Top stories, Related searches"
digital antenne tv,Commercial,38,170,17,0.37,"Video, People also ask, Related searches, Popular products"
dvb s receiver,Commercial,33,170,19,0.28,"Image pack, People also ask, Related searches, Popular products"
fernseh kostenlos anschauen,Commercial,37,170,41,0.31,"Sitelinks, Reviews, Video, People also ask, Related searches, Ads middle"
fernseh online kostenlos,Commercial,37,170,60,0.81,"Reviews, Video, People also ask, Related searches"
fernseh stick wlan,Commercial,34,170,30,0.50,"Sitelinks, Reviews, Video, People also ask, Related searches, Popular products, Ads top, Ads bottom"
fernsehen auf dem laptop kostenlos,Commercial,40,170,42,0.38,"AI Overview, Reviews, Video, Video carousel, People also ask, Related searches, Ads top, Ads middle"
fernsehen auf laptop kostenlos,"Informational, Commercial",40,170,53,0.45,"AI Overview, Video, People also ask, Related searches, Ads bottom, Ads middle"
fernsehen auf pc,Commercial,42,170,30,0.56,"AI Overview, Reviews, Video, People also ask, Related searches, Ads bottom, Ads middle"
fernsehen online schauen,Commercial,37,170,58,1.15,"Reviews, Video, People also ask, Related searches"
fernsehen über internet vergleich,Commercial,42,170,36,1.61,"AI Overview, Reviews, Video, People also ask, Related searches, Ads top, Ads bottom"
flix iptv playlist,Commercial,46,170,13,0.00,"Reviews, Video, People also ask, Related searches"
free fernsehen,Commercial,36,170,38,0.94,"AI Overview, Reviews, Video, People also ask, Top stories, Related searches"
free tv live stream,Commercial,39,170,54,0.62,"Reviews, Video, People also ask, Related searches"
free tv show stream online,Commercial,36,170,66,0.00,"Sitelinks, Video, People also ask, Related searches"
free tv stick,Commercial,39,170,27,0.47,"Sitelinks, Reviews, Video, Video carousel, People also ask, Related searches"
freetvstream,Commercial,38,170,42,2.32,"Reviews, Video, Related searches"
fußball live dazn,"Navigational, Transactional",56,170,69,0.75,"Reviews, Video, Top stories, Related searches"
germany ip tv,Commercial,40,170,16,0.87,"AI Overview, Video, People also ask, Related searches"
gestern rtl,Transactional,31,170,39,0.79,"Video, People also ask, Related searches"
getflix,"Navigational, Transactional",46,170,25,1.39,"Sitelinks, Reviews, Video, People also ask, Related searches"
hd online tv,Commercial,42,170,60,2.09,"AI Overview, Reviews, Video, Related searches, Ads top, Ads middle"
hd sat receiver mit hd+ karte,Commercial,45,170,21,0.14,"People also ask, Related searches, Popular products"
hdmi tv stick,Commercial,39,170,31,0.72,"Sitelinks, Reviews, Video, People also ask, Related searches"
ip tv boxen,"Informational, Commercial",47,170,25,0.00,"Video, Video carousel, People also ask, Related searches, Popular products"
ip tv smart player,Transactional,72,170,31,0.00,"Reviews, Video, People also ask, Related searches"
iptv aliexpress,"Navigational, Transactional",48,170,32,0.00,"People also ask, Related searches"
iptv best,Commercial,57,170,26,0.00,"Sitelinks, AI Overview, Video, Video carousel, People also ask, Related searches"
iptv buy,"Informational, Commercial",53,170,45,0.00,"AI Overview, Video, Related searches"
iptv kaufen deutschland,Commercial,57,170,19,0.00,"Video, Related searches"
iptv m3u liste,"Informational, Commercial",51,170,15,0.00,"AI Overview, Reviews, Video, Related searches"
iptv reseller panel,Commercial,46,170,27,0.00,"Video, Related searches"
iptv service,"Informational, Commercial",51,170,32,0.00,"AI Overview, Reviews, Video, Video carousel, People also ask, Related searches"
iptv smarters pro apk download,Commercial,51,170,33,0.00,"Reviews, Video, People also ask, Related searches"
iptv smarters pro download android,Commercial,51,170,33,0.00,"Reviews, Video carousel, Related searches"
iptv smarters pro mac,Commercial,51,170,37,0.00,"Reviews, Video, Related searches"
iptv streamer,Commercial,64,170,29,0.00,"Reviews, Video, People also ask, Related searches"
iptv sub,"Informational, Commercial",53,170,17,1.05,"Sitelinks, Video, Video carousel, People also ask, Related searches"
iptv telekom,"Navigational, Transactional",45,170,65,0.00,"Sitelinks, AI Overview, Reviews, Video, People also ask, Related searches"
kabel receiver für sky,Commercial,38,170,32,1.74,"Sitelinks, Reviews, Video, People also ask, Related searches, Popular products"
kabel receiver mit sky,Commercial,38,170,27,2.10,"Reviews, Video, Video carousel, People also ask, Related searches, Popular products, Ads bottom"
kodi add-ons,Commercial,46,170,10,0.27,"Sitelinks, Reviews, Video, People also ask"
kodi filme,Commercial,37,170,8,0.00,"AI Overview, Reviews, Video, People also ask"
kodi movie online,"Informational, Transactional",35,170,40,0.00,"Reviews, Video, Video carousel"
kostenlos fernsehen am laptop,"Informational, Commercial",40,170,25,0.36,"Sitelinks, AI Overview, Reviews, Video, Video carousel, People also ask, Related searches, Ads middle"
kostenlos fernsehen online ohne anmeldung,"Navigational, Transactional",35,170,55,0.00,"AI Overview, Reviews, Video, People also ask, Related searches, Ads bottom"
kostenlos fernsehen schauen ohne anmeldung,"Navigational, Transactional",35,170,40,0.00,"Sitelinks, Reviews, Video, People also ask, Related searches"
kostenlos tv online schauen,Commercial,37,170,50,1.00,"Reviews, Video, People also ask, Related searches"
kostenlose live tv,Commercial,39,170,39,0.61,"Reviews, Video, Related searches"
live pro tv gratis,Commercial,39,170,52,0.00,"Reviews, Video, People also ask, Related searches"
live rtl now,"Navigational, Transactional",38,170,50,0.26,"Reviews, Video, People also ask, Related searches"
live stream com,Commercial,36,170,58,0.00,"Reviews, Video, People also ask, Related searches"
live stream ohne anmeldung,"Navigational, Transactional",34,170,40,0.36,"Sitelinks, Reviews, Video, Related searches"
live streams kostenlos,Commercial,41,170,64,0.71,"Sitelinks, Reviews, Video, People also ask, Top stories, Related searches"
m3u editor online,"Informational, Commercial",36,170,10,0.00,"Reviews, Video, People also ask, Related searches"
m3u4u,Commercial,51,170,14,0.00,"People also ask, Related searches"
magenta big tv,Commercial,32,170,17,4.48,"Sitelinks, AI Overview, Reviews, Video, People also ask, Related searches"
magenta ohne telekom,"Informational, Commercial",36,170,31,5.71,"AI Overview, Reviews, People also ask, Related searches, Ads top"
magenta tv fernseher,"Informational, Transactional",41,170,46,3.53,"Reviews, Image, Video, People also ask, Related searches"
magenta tv ohne festnetz,"Informational, Commercial",44,170,31,2.63,"Sitelinks, AI Overview, Reviews, Video, People also ask, Related searches"
magenta tv ohne telekom vertrag,"Informational, Commercial",40,170,25,2.98,"AI Overview, Reviews, Video, People also ask, Related searches"
magenta tv program,Commercial,31,170,38,2.85,"AI Overview, Reviews, Video, People also ask, Related searches, Ads top"
magenta tv stick anmelden,"Informational, Transactional",37,170,16,0.00,"AI Overview, Reviews, Video, Video carousel, People also ask, Related searches"
magenta tv vs waipu,"Informational, Commercial",41,170,19,0.00,"Sitelinks, AI Overview, Reviews, Video, People also ask, Related searches"
magentatv angebot,Commercial,37,170,43,2.57,"Reviews, People also ask, Related searches, Ads bottom"
media markt receiver,Commercial,36,170,30,0.08,"Image pack, People also ask, Related searches, Popular products"
media markt sat receiver,"Informational, Transactional",33,170,23,0.04,"People also ask, Related searches, Popular products"
mobil tv,Commercial,38,170,26,1.14,"AI Overview, Reviews, Video, People also ask, Related searches"
nerflix preis,Transactional,45,170,48,1.38,"AI Overview, Reviews, Video, People also ask, Related searches, Ads bottom"
netflix .de,"Navigational, Transactional",32,170,83,1.87,"Sitelinks, Reviews, Video, People also ask"
netflix abo optionen,"Informational, Transactional",40,170,52,0.00,"AI Overview, Reviews, Video, People also ask, Related searches"
netflix abomodelle,"Informational, Transactional",34,170,55,1.61,"AI Overview, Reviews, Video, People also ask, Related searches"
netflix basis,"Informational, Transactional",34,170,54,1.48,"AI Overview, Image, Image pack, People also ask, Related searches, Ads bottom"
netflix cost,"Informational, Transactional",31,170,79,1.19,"AI Overview, Reviews, Video, People also ask, Related searches"
netflix gucken,"Navigational, Transactional",37,170,58,1.73,"Sitelinks, Reviews, Video, People also ask, Related searches"
netflix im monat,"Informational, Transactional",40,170,42,0.99,"AI Overview, Reviews, Video, People also ask, Related searches"
netflix login konto,"Navigational, Transactional",33,170,65,0.00,"People also ask, Related searches"
netflix mediathek,"Informational, Transactional",37,170,69,1.04,"Video, People also ask, Related searches"
netflix movies in germany,"Informational, Commercial",0,170,45,0.00,"Video, People also ask, Related searches"
netflix standard vs premium,"Informational, Commercial",37,170,36,0.00,"AI Overview, Reviews, Video, People also ask, Related searches"
netflix test abo,"Informational, Transactional",38,170,45,1.39,"AI Overview, Reviews, Video, People also ask, Related searches"
netflix tv login,"Navigational, Transactional",34,170,59,0.00,"Video, People also ask, Related searches"
netflix uhd,"Informational, Transactional",37,170,40,0.00,"AI Overview, Image, Video, People also ask, Related searches"
netflixkosten,"Informational, Transactional",45,170,41,0.47,"AI Overview, Reviews, Video, People also ask, Related searches"
online fernsehen kostenlos ohne anmeldung,"Navigational, Transactional",35,170,59,0.00,"Sitelinks, Reviews, Video, Related searches, Ads bottom"
online kostenlos fernsehen ohne anmeldung,"Navigational, Transactional",38,170,44,0.00,"AI Overview, Reviews, Video, People also ask, Related searches"
online tv schauen kostenlos,Commercial,37,170,47,0.89,"Sitelinks, Reviews, Video, People also ask, Related searches"
panel iptv reseller,Commercial,42,170,27,0.00,"Video, Related searches"
pay tv anbieter,"Informational, Commercial",43,170,27,1.69,"Sitelinks, AI Overview, Reviews, Video, People also ask, Related searches, Ads top, Ads middle"
plex for fire tv stick,"Informational, Transactional",41,170,19,0.00,"Sitelinks, Video, Video carousel, People also ask, Related searches"
prosieben kostenlos streamen,Commercial,38,170,41,0.48,"Reviews, Video, People also ask, Related searches"
receiver für kabel deutschland,Commercial,34,170,22,1.56,"Reviews, Video, People also ask, Related searches, Popular products"
receiver für sky kabel,"Informational, Transactional",37,170,30,2.10,"Reviews, Video carousel, People also ask, Related searches, Popular products"
receiver media markt,"Informational, Transactional",34,170,29,0.10,"Video, People also ask, Related searches, Popular products, Ads bottom"
receiver sat hd+,"Informational, Commercial",34,170,21,0.27,"People also ask, Related searches, Popular products"
receiver satellit kaufen,Transactional,32,170,30,0.12,"Sitelinks, Video, People also ask, Local pack, Related searches, Popular products"
receiver tv satellit,Commercial,36,170,21,0.42,"Video, Video carousel, People also ask, Related searches, Popular products"
reseiver,Commercial,24,170,25,0.88,"Video, People also ask, Related searches, Popular products"
reviever,Commercial,24,170,24,0.88,"Video, Video carousel, People also ask, Related searches, Popular products"
rtl ansehen live,"Navigational, Transactional",38,170,68,0.88,"Reviews, Video, People also ask, Related searches"
rtl de programma,"Navigational, Transactional",32,170,72,0.70,"Sitelinks, Video, People also ask, Related searches"
rtl gestern abend,"Informational, Transactional",31,170,34,0.71,"Video, People also ask, Related searches"
rtl gestern sendung verpasst,"Informational, Transactional",30,170,58,0.22,"Video, People also ask, Related searches"
rtl internet live,Transactional,39,170,49,0.94,"Sitelinks, Reviews, Video, People also ask, Related searches"
rtl kostenlos anschauen live,Commercial,37,170,44,0.79,"Reviews, Video, People also ask, Related searches, Ads bottom"
rtl kostenlos live ansehen,Commercial,37,170,51,1.24,"Sitelinks, Reviews, Video, People also ask, Related searches, Ads middle"
rtl kostenlos und ohne anmeldung,"Navigational, Transactional",41,170,29,0.00,"AI Overview, Reviews, Image, Video, People also ask, Related searches"
rtl l,"Navigational, Transactional",30,170,87,0.61,"Sitelinks, Reviews, Video, People also ask, Related searches"
rtl live anschauen kostenlos,Transactional,37,170,47,0.79,"Reviews, Video, People also ask, Related searches"
rtl live kostenlos sehen,Commercial,37,170,55,1.00,"Reviews, Video, People also ask, Related searches"
rtl live youtube,"Navigational, Transactional",45,170,,0.00,"Video, Video carousel, People also ask, Related searches"
rtl live übertragung,"Navigational, Transactional",37,170,50,0.67,"Sitelinks, Reviews, Video, People also ask, Top stories, Related searches"
rtl livestream de,Commercial,37,170,50,0.71,"Reviews, Video, People also ask, Related searches"
rtl livestream formel 1,Transactional,37,170,38,0.00,"Reviews, Video, Video carousel, People also ask, Related searches"
rtl now live,"Navigational, Transactional",38,170,50,0.29,"Reviews, Video, People also ask, Related searches, Ads bottom"
rtl television live heute,"Informational, Transactional",45,170,68,0.40,"Video, People also ask, Related searches"
rtl tv livestream,"Navigational, Transactional",41,170,48,0.74,"Sitelinks, Reviews, Video, People also ask, Top stories, Related searches"
rtl2 kostenlos anschauen,Commercial,37,170,34,0.00,"AI Overview, Reviews, Video, People also ask, Related searches"
rtl2 live streamen,Commercial,38,170,24,0.85,"Reviews, Video, People also ask, Related searches, Ads bottom"
rtl2 streaming,Commercial,38,170,40,0.73,"Video, People also ask, Related searches, Ads top"
sat hd receiver,"Informational, Commercial",34,170,26,0.36,"Video, People also ask, Related searches"
sateliten receiver,Commercial,33,170,23,0.22,"Image pack, Video, Video carousel, People also ask, Related searches, Popular products, Ads bottom"
satellite receiver media markt,"Informational, Transactional",37,170,19,0.04,"People also ask, Related searches, Popular products"
satelliten hd receiver,"Informational, Commercial",33,170,21,0.14,"Video, Video carousel, People also ask, Related searches, Popular products"
satelliten receiver festplatte,"Informational, Commercial",38,170,23,0.16,"Reviews, Video, People also ask, Related searches, Popular products"
satelliten receiver kaufen,Transactional,31,170,29,0.15,"Video, People also ask, Local pack, Related searches, Popular products"
sender bei magenta tv,Commercial,44,170,29,0.38,"AI Overview, Reviews, Video, People also ask, Related searches"
senderliste telekom,Transactional,35,170,33,0.00,"Reviews, Video, People also ask, Related searches"
set top boxen,Commercial,47,170,14,0.54,"Sitelinks, Image, Image pack, Video, People also ask, Related searches, Popular products"
sky q iptv box kaufen,Transactional,44,170,27,0.00,"Reviews, Video, People also ask, Related searches, Popular products"
sky reciever,Transactional,41,170,35,1.97,"Reviews, Image, Image pack, People also ask, Related searches, Popular products"
smart iptv smart tv,"Informational, Transactional",56,170,31,0.00,"Reviews, Video, Video carousel, People also ask, Related searches"
smart stick tv,Commercial,41,170,30,0.77,"Sitelinks, Reviews, Video, Video carousel, People also ask, Related searches, Popular products"
smarters players lite,"Informational, Commercial",32,170,40,0.32,"Reviews, Video, People also ask, Knowledge panel, Related searches"
stick free tv,"Informational, Commercial",39,170,35,1.04,"Sitelinks, Reviews, Video, Video carousel, People also ask, Related searches, Popular products"
stream tv live free,Commercial,39,170,55,1.58,"Reviews, Video, People also ask, Related searches"
streaming pakete vergleich,"Informational, Commercial",46,170,33,1.39,"AI Overview, Reviews, Video, People also ask, Related searches"
streaming stick tv,Commercial,42,170,30,0.81,"Sitelinks, Reviews, Video, People also ask, Related searches, Popular products"
streams for kodi,"Informational, Commercial",46,170,37,1.71,"Sitelinks, Reviews, Video, Video carousel, People also ask"
telecom magenta,"Navigational, Transactional",33,170,63,1.82,"Reviews, People also ask, Knowledge panel, Related searches"
telekom neuvertrag,"Navigational, Transactional",27,170,50,1.87,"Sitelinks, Reviews, Video, People also ask, Related searches, Ads top, Ads bottom"
telekom tv kabel,"Navigational, Transactional",36,170,30,1.76,"AI Overview, Reviews, Video, People also ask, Related searches"
top 10 streaming dienste,"Informational, Commercial",51,170,39,1.08,"AI Overview, Video, People also ask, Related searches"
tv app smart tv,Commercial,49,170,26,0.88,"AI Overview, Video, Video carousel, People also ask, Related searches, Ads top, Ads middle"
tv apple amazon,"Informational, Transactional",38,170,42,0.38,"Video, People also ask, Related searches, Popular products"
tv bro apk,Commercial,49,170,25,0.00,"Reviews, Related searches"
tv empfang ohne kabel,Commercial,40,170,24,1.06,"Sitelinks, Reviews, Video, Video carousel, People also ask, Related searches, Popular products, Ads top"
tv empfangen ohne kabel,Commercial,41,170,24,1.06,"Reviews, Video, Video carousel, People also ask, Related searches, Popular products, Ads top, Ads middle"
tv live ohne anmeldung,"Navigational, Transactional",37,170,48,0.00,"Sitelinks, Reviews, Video, People also ask, Related searches"
tv livestream free,Commercial,39,170,60,1.58,"Reviews, Video, Top stories, Related searches"
tv online deutsch,Commercial,39,170,60,0.64,"Reviews, Video, Video carousel, People also ask, Related searches, Ads middle"
tv online kostenlos schauen,Commercial,37,170,50,0.89,"Reviews, Video, People also ask, Related searches, Ads bottom"
tv paket,Commercial,36,170,61,2.29,"Reviews, Video, People also ask, Related searches, Ads top, Ads bottom"
tv programm live stream,Commercial,38,170,72,0.71,"Reviews, Video, People also ask, Related searches, Ads bottom"
tv rtl2 live,Commercial,38,170,40,0.88,"Reviews, Video, People also ask, Related searches"
tv schauen gratis,Commercial,37,170,38,0.46,"Reviews, Video, People also ask, Related searches"
tv stick hdmi,Commercial,38,170,30,0.60,"Sitelinks, Image, Video, People also ask, Related searches, Popular products"
tv stick kaufen,Transactional,40,170,30,0.99,"Sitelinks, Reviews, Video, People also ask, Related searches, Popular products"
tv stick ohne monatliche kosten,Commercial,40,170,27,0.70,"Sitelinks, Reviews, Video, People also ask, Related searches, Popular products"
tv stick wlan,Commercial,39,170,30,1.12,"Sitelinks, Reviews, Video, People also ask, Related searches, Popular products, Ads top, Ads middle"
tv streamen kostenlos ohne anmeldung,"Navigational, Transactional",39,170,47,0.00,"Sitelinks, Reviews, Video, Related searches"
tv streaming anbieter vergleich,Commercial,44,170,36,1.88,"Sitelinks, AI Overview, Reviews, Video, People also ask, Related searches, Ads top, Ads bottom"
tv streaming app,Commercial,51,170,45,1.96,"AI Overview, Reviews, Video, People also ask, Related searches"
tv streaming kostenlos ohne anmeldung,"Navigational, Transactional",36,170,56,0.00,"Sitelinks, AI Overview, Reviews, Video, People also ask, Related searches"
tv und internet vergleich,Commercial,41,170,40,2.26,"Sitelinks, Reviews, Video, People also ask, Related searches"
vergleich internet fernsehen,Commercial,42,170,37,1.61,"Sitelinks, AI Overview, Reviews, Video, People also ask, Related searches"
vergleich internet und tv,Commercial,40,170,39,2.26,"Reviews, Video, People also ask, Related searches"
vergleich streaming dienste,Commercial,42,170,36,1.79,"AI Overview, Reviews, Video, People also ask, Related searches"
viva iptv,"Informational, Commercial",49,170,23,0.00,"AI Overview, Reviews, People also ask"
wach netflix,"Informational, Transactional",33,170,84,0.00,"Reviews, Video, People also ask, Related searches"
waipu programm,"Navigational, Transactional",30,170,30,0.04,"Sitelinks, Reviews, Video, People also ask, Related searches"
waipu tv stick 30 euro,Commercial,37,170,28,0.19,"Reviews, People also ask, Related searches"
waiput tv,"Navigational, Commercial",40,170,55,0.08,"Sitelinks, Reviews, Video, People also ask, Top stories, Related searches, Ads top"
welcher streaming anbieter ist der beste,Commercial,40,170,40,1.89,"AI Overview, Reviews, Video, Video carousel, People also ask, Related searches"
wipu tv,"Navigational, Commercial",36,170,35,0.10,"Sitelinks, Reviews, Video, Video carousel, People also ask, Related searches, Ads top, Ads bottom"
wlan für sky receiver,"Informational, Transactional",38,170,27,1.30,"Reviews, Video carousel, People also ask, Related searches"
wlan für smart tv,Commercial,40,170,24,0.32,"Reviews, Video, People also ask, Related searches, Ads top, Ads middle"
wlan stick für den fernseher,Commercial,34,170,22,0.50,"Reviews, Video, People also ask, Related searches, Popular products, Ads top, Ads bottom"
wow netflix,Commercial,34,170,32,0.00,"AI Overview, Reviews, Video, People also ask, Related searches"
www mediathek de rtl,"Navigational, Transactional",32,170,57,0.15,"Reviews, Video, People also ask"
www netflix m,"Navigational, Transactional",32,170,77,0.00,"People also ask, Related searches"
ıptv free,"Informational, Transactional",56,170,55,0.90,"Reviews, Video, Video carousel, People also ask, Related searches"
2ix2rtl,"Navigational, Transactional",31,140,35,1.44,"AI Overview, Reviews, Related searches"
3 chromecast,"Informational, Transactional",36,140,35,1.70,"Reviews, Video, Video carousel, People also ask, Related searches, Popular products"
alle netflix serien,Commercial,33,140,47,0.00,"Sitelinks, Video, People also ask, Related searches"
amazon apple tv,"Informational, Transactional",43,140,34,0.51,"Reviews, Video, People also ask, Related searches, Popular products"
amazon sat receiver,"Navigational, Transactional",32,140,34,0.09,"Sitelinks, People also ask, Related searches, Popular products, Ads top"
app watched,"Navigational, Transactional",52,140,39,0.25,"Sitelinks, Reviews, People also ask, Knowledge panel, Related searches"
best iptv app,Commercial,63,140,21,0.00,"AI Overview, Reviews, Video, Video carousel, People also ask, Related searches"
best kodi addons,Commercial,35,140,37,0.00,"Sitelinks, Reviews, Video, Video carousel, People also ask"
best tv for firestick,Commercial,36,140,47,0.41,"Sitelinks, Video, People also ask, Related searches, Popular products, Ads bottom"
beste iptv app für android tv,Commercial,61,140,20,0.00,"Sitelinks, AI Overview, Reviews, Video, Video carousel, People also ask, Related searches"
beste kodi addons,Commercial,36,140,14,0.00,"Sitelinks, Reviews, Video, People also ask"
beste tv anbieter,Commercial,45,140,32,1.75,"Sitelinks, AI Overview, Reviews, Video, People also ask, Related searches, Ads top, Ads middle"
beste tv app,Commercial,50,140,37,2.01,"AI Overview, Reviews, Video, People also ask, Related searches"
bester tv streaming dienst,Commercial,46,140,39,2.13,"Sitelinks, AI Overview, Reviews, Video, People also ask, Related searches"
bestes iptv deutschland,Commercial,52,140,22,0.00,"Sitelinks, AI Overview, Video, People also ask"
black friday angebote sky,Transactional,39,140,31,0.00,"Reviews, Image, Video, People also ask, Related searches"
chormecast app,"Informational, Transactional",40,140,36,0.23,"Reviews, Video, People also ask, Related searches"
chrom cast,"Informational, Transactional",29,140,39,0.36,"Reviews, Video, People also ask, Knowledge panel, Related searches"
chrome dongle,"Informational, Transactional",36,140,25,0.11,"Image pack, Video, People also ask, Related searches, Popular products"
chromecast mit google tv 4k,"Informational, Transactional",39,140,39,0.36,"Reviews, Video, Video carousel, People also ask, Related searches, Popular products"
chromechast,"Informational, Transactional",32,140,38,0.36,"Reviews, Video, People also ask, Knowledge panel, Related searches"
dazn illegal streamen,Commercial,42,140,37,1.07,"Reviews, Video, People also ask, Related searches"
deutsche kanäle live,Commercial,36,140,34,1.03,"Reviews, Video, Related searches, Ads bottom"
deutsche tv sender,Commercial,39,140,41,0.92,"Sitelinks, Reviews, Video, People also ask, Related searches"
deutsches fernsehen im internet im ausland kostenlos,Commercial,40,140,30,0.71,"Sitelinks, AI Overview, Reviews, Video, Video carousel, People also ask, Related searches, Ads top, Ads middle"
deutschland schweiz free tv,"Informational, Commercial",48,140,36,0.00,"Featured snippet, Reviews, Video, People also ask, Related searches"
digitale satelliten receiver,"Informational, Commercial",33,140,30,0.12,"Video, Video carousel, People also ask, Related searches, Popular products"
download aftvnews,"Informational, Transactional",36,140,53,0.00,"AI Overview, Reviews, Related searches"
download kodi on windows,"Informational, Transactional",44,140,44,0.00,"Reviews, Video, People also ask"
download tv browser,"Informational, Transactional",45,140,32,0.00,"Reviews, Video, People also ask, Related searches"
downloader aftvnews,"Informational, Transactional",38,140,52,0.00,"Reviews, Related searches"
downloader app download,"Informational, Transactional",43,140,44,0.00,"Reviews, Video, People also ask, Related searches"
dsl und tv,Commercial,41,140,36,3.62,"Sitelinks, Reviews, Video, People also ask, Related searches, Ads top, Ads middle"
etflix abos,"Informational, Transactional",40,140,55,1.63,"AI Overview, Reviews, Image pack, People also ask, Related searches"
fernseh gucken internet,"Informational, Commercial",39,140,35,1.36,"AI Overview, Reviews, Video, Video carousel, People also ask, Related searches, Ads bottom, Ads middle"
fernseh gucken online,Commercial,33,140,47,2.02,"Sitelinks, Reviews, Video, People also ask, Related searches"
fernseh online schauen,Commercial,40,140,59,1.69,"Reviews, Video, People also ask, Related searches, Ads bottom"
fernseh stream online,Commercial,36,140,60,1.94,"Reviews, Video, Related searches"
fernsehen anmelden,Transactional,34,140,41,3.09,"AI Overview, Reviews, Video, People also ask, Related searches"
fernsehen auf dem pc,"Informational, Commercial",43,140,17,0.56,"AI Overview, Reviews, Video, People also ask, Related searches, Ads top, Ads bottom"
fernsehen free,Commercial,36,140,62,1.39,"AI Overview, Reviews, Video, People also ask, Top stories, Related searches"
fernsehen live stream rtl,Transactional,38,140,43,0.65,"Sitelinks, Video, People also ask, Related searches"
fernsehen ohne antennenanschluss,Commercial,39,140,19,0.88,"AI Overview, Reviews, Video, Video carousel, People also ask, Related searches, Ads bottom, Ads middle"
fernsehen ohne internet und kabel,Commercial,40,140,21,0.98,"Reviews, Video, People also ask, Related searches, Popular products, Ads top, Ads bottom"
fernsehen online kostenlos ohne anmeldung,"Navigational, Transactional",34,140,39,0.00,"Sitelinks, Reviews, Video, Related searches"
fernsehen pc,"Informational, Commercial",42,140,20,1.19,"Reviews, Video, People also ask, Related searches, Ads middle"
fernsehen rtl live stream,"Navigational, Transactional",38,140,49,0.56,"Sitelinks, Reviews, Video, People also ask, Related searches"
fernsehen telekom über wlan,Transactional,36,140,29,1.29,"Reviews, Video, People also ask, Related searches, Ads top"
fernsehen über kabel,"Informational, Commercial",38,140,20,1.43,"AI Overview, Reviews, Video, People also ask, Related searches, Ads top, Ads middle"
fernsehen über pc,Commercial,42,140,32,0.68,"AI Overview, Reviews, Video, People also ask, Related searches, Ads bottom, Ads middle"
filme auf magenta tv,"Informational, Commercial",32,140,19,0.00,"AI Overview, People also ask, Related searches"
flix ip tv,Commercial,42,140,5,0.00,"AI Overview, Reviews, People also ask, Related searches"
free iptv mu3,"Informational, Transactional",47,140,40,0.00,"Reviews, Video, Video carousel, People also ask, Related searches"
free iptv player,"Informational, Commercial",58,140,37,0.00,"AI Overview, Reviews, Video, People also ask, Related searches"
free m3u tv playlist,"Informational, Commercial",51,140,41,1.43,"Sitelinks, AI Overview, Reviews, Video, Video carousel, People also ask, Related searches"
german ip tv,Commercial,47,140,10,0.87,"AI Overview, Video, People also ask, Related searches"
german iptv erfahrungen,"Informational, Commercial",53,140,22,0.00,"Sitelinks, AI Overview, Reviews, Video, Video carousel, People also ask, Related searches"
google 4k tv,"Informational, Transactional",42,140,42,0.34,"Reviews, Video, Video carousel, People also ask, Related searches, Popular products"
google cast hd,"Informational, Commercial",38,140,27,0.73,"Reviews, Video, People also ask, Related searches, Popular products"
günstig fernsehen,Commercial,36,140,41,0.29,"AI Overview, Reviews, Video, Video carousel, People also ask, Related searches"
hd receiver media markt,"Informational, Transactional",39,140,25,0.16,"Image pack, Video, People also ask, Related searches, Popular products"
hd+ receiver sat,Commercial,33,140,21,0.46,"People also ask, Related searches, Popular products"
hot player download,Commercial,51,140,34,0.00,"People also ask, Related searches"
internet tv receiver,Commercial,45,140,26,1.87,"Sitelinks, Reviews, Image, Video, People also ask, Related searches, Popular products"
internet tv via,Commercial,45,140,33,1.52,"Reviews, Video, People also ask, Related searches, Ads top, Ads middle"
ip tv app windows,"Informational, Commercial",68,140,33,0.00,"Sitelinks, AI Overview, Reviews, Video, Video carousel, People also ask, Related searches"
ip tv reddit,"Navigational, Transactional",52,140,36,0.00,"AI Overview, Related searches"
iptv amazon fire tv stick,Transactional,57,140,27,0.00,"Sitelinks, Video, Video carousel, People also ask, Related searches, Popular products"
iptv apk pro,Commercial,57,140,25,0.00,"Reviews, Video, Related searches"
iptv apps windows,"Informational, Commercial",65,140,31,0.00,"AI Overview, Reviews, Video, Video carousel, Related searches"
iptv europe,"Informational, Commercial",50,140,31,1.02,"AI Overview, Video, Video carousel, People also ask, Related searches"
iptv liste kaufen,Commercial,54,140,1,0.00,"AI Overview, People also ask, Related searches"
iptv online kaufen,Commercial,55,140,22,0.00,"Video, People also ask, Related searches, Popular products"
iptv panel,Commercial,49,140,8,0.00,"Video, People also ask, Related searches"
iptv player apkpure,"Navigational, Transactional",68,140,20,0.00,"AI Overview, Reviews, Related searches"
iptv player pc,Commercial,60,140,26,0.00,"Sitelinks, Reviews, Video, Video carousel, Related searches"
iptv resellers panel,Commercial,46,140,20,0.00,"Video, Video carousel, Related searches"
iptv samsung app,Commercial,66,140,29,0.00,"Video, Video carousel, People also ask, Related searches"
iptv shop,Commercial,49,140,17,0.00,"AI Overview, Video, People also ask, Related searches"
iptv smarters app,Commercial,59,140,42,0.00,"Reviews, Video, Video carousel, People also ask, Related searches"
iptv smarters pro download pc,Commercial,51,140,36,0.00,"Video carousel, People also ask, Related searches"
iptv smarters pro kaufen,Transactional,47,140,6,0.00,"People also ask, Related searches"
iptv smarters pro pc,"Informational, Transactional",49,140,31,0.00,"Reviews, Video, Related searches"
iptv stream player windows,"Informational, Commercial",61,140,30,0.00,"AI Overview, Reviews, Video, People also ask, Related searches"
iptv vergleich,Commercial,52,140,37,0.00,"AI Overview, Reviews, Video, People also ask, Related searches"
iptv-anbieter liste,"Informational, Commercial",47,140,30,0.00,"Sitelinks, AI Overview, Video, People also ask, Related searches"
iptv-smarters-pro,"Informational, Commercial",51,140,38,0.00,"AI Overview, Reviews, Video, Video carousel, People also ask, Related searches"
iptvdeutschland,Commercial,49,140,12,1.35,"AI Overview, Video, Video carousel, People also ask, Related searches"
joyn nitro,"Navigational, Transactional",27,140,66,0.84,"Sitelinks, Reviews, People also ask, Related searches"
kabel für sky receiver,"Informational, Commercial",39,140,27,1.74,"Sitelinks, Reviews, Video, People also ask, Related searches, Popular products"
kodi repos,Commercial,34,140,20,0.00,"Reviews, Video, People also ask"
kodi sport addon,Commercial,38,140,19,0.00,"Sitelinks, Reviews, Video, People also ask"
kodi windows download,"Informational, Transactional",39,140,31,0.00,"Reviews, Video, People also ask"
koditvbox,Commercial,51,140,23,0.00,"AI Overview, Reviews, Image, Video, Video carousel, People also ask, Related searches"
kostenlos fernsehen streamen,Commercial,37,140,55,0.90,"Reviews, Video, Video carousel, People also ask, Knowledge panel, Related searches, Ads middle"
kostenlos stream,Commercial,36,140,56,0.87,"Reviews, Image, Video, People also ask, Top stories, Related searches"
kostenlos tv ohne anmeldung,"Navigational, Transactional",37,140,36,0.67,"Sitelinks, Reviews, Video, Related searches"
kostenlos tv schauen auf handy,Commercial,46,140,34,0.53,"AI Overview, Reviews, Video, Video carousel, People also ask, Related searches, Ads top, Ads bottom"
let's dance rtl now,"Navigational, Transactional",28,140,44,0.46,"Sitelinks, Reviews, Video, Video carousel, People also ask, Related searches"
live fernsehen rtl kostenlos,Commercial,37,140,48,0.94,"AI Overview, Reviews, Video, People also ask, Related searches, Ads bottom"
live fernsehen stream,Commercial,38,140,70,1.26,"Reviews, Video, People also ask, Related searches, Ads top, Ads bottom"
live rtl2 schauen,Commercial,37,140,32,0.80,"Reviews, Video, People also ask, Related searches"
live tv.com,Commercial,34,140,65,1.26,"Reviews, Video, People also ask"
livetvstream,Commercial,37,140,67,1.08,"Reviews, Video, Video carousel, Related searches"
m3u list,Commercial,44,140,25,0.61,"Reviews, Video, Video carousel, People also ask, Related searches"
magenta geräte,Commercial,36,140,26,2.29,"Reviews, Video, People also ask, Related searches"
magenta tv anmelden mit zugangsdaten,Transactional,46,140,29,2.70,"AI Overview, Video, People also ask, Related searches"
magenta tv voraussetzungen,"Informational, Commercial",44,140,32,5.65,"Sitelinks, AI Overview, Reviews, Video, People also ask, Related searches, Ads bottom"
magenta verträge,Commercial,30,140,47,1.51,"Reviews, Video, People also ask, Related searches, Ads top"
media markt waipu tv stick,"Informational, Transactional",42,140,35,0.42,"Reviews, Video, People also ask, Related searches, Popular products"
netflix abonnements,"Navigational, Transactional",36,140,57,1.41,"AI Overview, Reviews, Video, People also ask, Related searches"
netflix abonnieren,"Navigational, Transactional",37,140,57,1.35,"Reviews, Video, People also ask, Related searches"
netflix angebot preis,Transactional,39,140,37,0.91,"AI Overview, Reviews, People also ask, Related searches"
netflix catálogo,"Informational, Transactional",32,140,71,0.00,"AI Overview, Video, People also ask, Knowledge panel, Related searches"
netflix filme serien,"Informational, Transactional",34,140,53,0.00,"Video, People also ask, Related searches"
netflix gutscheincode gratis,"Informational, Transactional",36,140,18,2.25,"Sitelinks, AI Overview, Reviews, Video, People also ask, Related searches"
netflix kombi angebot,Commercial,43,140,42,1.38,"Sitelinks, AI Overview, Reviews, Video, People also ask, Related searches, Ads top, Ads bottom"
netflix modelle,"Informational, Transactional",33,140,67,1.94,"AI Overview, Reviews, Image pack, Video, People also ask, Related searches"
netflix neu filme,"Informational, Transactional",29,140,50,0.19,"Video, People also ask, Related searches"
netflix neue,Commercial,33,140,54,0.00,"Video, People also ask, Top stories, Related searches"
netflix pläne,"Navigational, Transactional",37,140,63,1.31,"AI Overview, Reviews, People also ask, Related searches"
netflix schauen,"Navigational, Transactional",42,140,70,1.24,"Sitelinks, Reviews, Video, People also ask, Related searches"
netflix standart abo,"Informational, Transactional",35,140,50,2.09,"AI Overview, Reviews, Video, People also ask, Related searches"
netflix tv program,"Informational, Transactional",39,140,77,0.00,"Reviews, Video, People also ask, Related searches"
netflix. abo,Commercial,45,140,60,1.63,"AI Overview, Reviews, Video, People also ask, Related searches"
netfliy preise,Transactional,45,140,46,0.93,"AI Overview, Reviews, Video, People also ask, Related searches"
online kostenlos tv schauen,Commercial,37,140,50,0.89,"Reviews, Video, People also ask, Related searches, Ads bottom"
online stream fernsehen,Commercial,38,140,68,1.94,"Reviews, Video, Related searches, Ads bottom"
online stream kostenlos,Commercial,33,140,52,0.00,"Reviews, Video, People also ask, Top stories, Related searches"
online tv free,Commercial,38,140,49,1.22,"AI Overview, Reviews, Video, Related searches"
online tv gucken,Commercial,38,140,46,2.42,"Reviews, Video, People also ask, Related searches"
online tv ohne anmeldung,Transactional,37,140,46,8.29,"Reviews, Video, Related searches"
onlinetvrecorder login,"Navigational, Transactional",46,140,13,0.00,"Reviews, Video, Related searches"
pro 7 live stream kostenlos ohne anmeldung,Transactional,35,140,33,0.34,"Reviews, Video, People also ask, Related searches"
programm rtlplus,Commercial,36,140,46,0.33,"Reviews, People also ask, Related searches, Ads top, Ads bottom"
programma netflix,"Informational, Transactional",35,140,65,0.00,"Reviews, People also ask, Related searches"
programme rtl tv,Commercial,32,140,40,0.00,"Video, People also ask, Related searches"
prosieben live schauen,Commercial,37,140,49,0.47,"Reviews, Video, People also ask, Related searches"
punkt 12 live,"Informational, Transactional",33,140,29,0.48,"Reviews, Video, People also ask, Related searches"
reseller iptv panel,Commercial,42,140,29,0.00,"Video, Video carousel, Related searches"
rlt live stream,"Navigational, Transactional",37,140,43,0.60,"Sitelinks, Reviews, Video, People also ask, Top stories, Related searches"
rtl aktuell livestream,"Informational, Transactional",37,140,67,0.00,"Reviews, Video, People also ask, Related searches"
rtl com,"Navigational, Transactional",31,140,70,1.27,"Sitelinks, Reviews, Video, People also ask, Related searches"
rtl de livestream,"Navigational, Transactional",37,140,49,0.96,"Reviews, Video, People also ask, Related searches"
rtl film heute,Commercial,30,140,39,0.00,"Video, People also ask, Related searches"
rtl germany live,Transactional,36,140,75,0.50,"Reviews, Video, Video carousel, People also ask, Related searches, Ads bottom"
rtl hr live stream,Transactional,32,140,35,0.99,"Reviews, Video, People also ask, Related searches"
rtl kostenlos live anschauen,Commercial,37,140,48,1.24,"Sitelinks, AI Overview, Reviews, Video, People also ask, Related searches"
rtl kostenlose,"Navigational, Transactional",36,140,58,0.89,"Reviews, Video, People also ask, Related searches"
rtl kostenloser livestream,Commercial,37,140,42,1.01,"Sitelinks, Reviews, Video, People also ask, Related searches, Ads top, Ads middle"
rtl life streamen,"Navigational, Transactional",37,140,35,0.63,"Reviews, Video, People also ask, Related searches"
rtl live gratis,Commercial,37,140,55,1.37,"Sitelinks, Reviews, Video, People also ask, Related searches"
rtl live stream online free,Commercial,36,140,51,0.00,"Sitelinks, AI Overview, Reviews, Video, People also ask, Related searches"
rtl live stresm,Commercial,34,140,50,0.00,"Reviews, Video, People also ask, Related searches"
rtl livestream kostenlos und ohne anmeldung,"Navigational, Transactional",45,140,42,0.00,"Sitelinks, Video, People also ask, Related searches"
rtl livw,"Navigational, Transactional",36,140,62,0.47,"Reviews, Video, People also ask, Top stories, Related searches"
rtl nitro 2ix2,"Navigational, Transactional",31,140,29,0.00,"Reviews, Video, Related searches"
rtl plus app download,Commercial,40,140,36,0.39,"Reviews, People also ask, Related searches"
rtl plus live stream kostenlos ohne anmeldung,Transactional,39,140,54,0.00,"AI Overview, Reviews, Video, People also ask, Related searches"
rtl plus live tv,"Navigational, Transactional",39,140,42,0.64,"Sitelinks, Reviews, Video, People also ask, Related searches"
rtl plus mitgliedschaft,"Navigational, Transactional",38,140,49,1.45,"Reviews, Video, Video carousel, People also ask, Related searches"
rtl sehen,"Navigational, Transactional",37,140,61,0.74,"Reviews, Video, People also ask, Related searches, Ads top, Ads bottom"
rtl spezial heute,"Informational, Transactional",31,140,46,0.00,"Sitelinks, Video, People also ask, Related searches"
rtl tv live stream,"Navigational, Transactional",39,140,46,0.90,"Sitelinks, Reviews, Video, People also ask, Related searches"
rtl tv login,"Navigational, Transactional",37,140,39,0.43,"AI Overview, Reviews, Video, People also ask, Related searches"
rtl tv uživo,"Navigational, Transactional",37,140,39,0.93,"Reviews, Video, Related searches"
rtl umsonst streamen,Commercial,40,140,46,2.10,"Sitelinks, AI Overview, Reviews, Video, Video carousel, People also ask, Related searches"
rtl von gestern abend,Transactional,32,140,38,0.71,"Video, People also ask"
rtl2 kostenlos ohne anmeldung,"Navigational, Transactional",34,140,28,0.00,"Reviews, Video, People also ask, Related searches"
rtl2 programm live,Commercial,33,140,41,0.64,"Reviews, Video, People also ask, Related searches"
rtl2 schauen live,Commercial,37,140,35,0.80,"Reviews, Video, People also ask, Related searches"
sat 1 live stream kostenlos ohne anmeldung 2ix2,"Navigational, Transactional",34,140,45,0.00,"Sitelinks, Reviews, Video, Related searches"
sat 1 live streaming kostenlos,Commercial,38,140,40,0.29,"Reviews, Video, People also ask, Related searches"
sat receiver bei media markt,"Informational, Transactional",36,140,30,0.04,"People also ask, Related searches, Popular products"
sendung verpasst rtl unter uns,"Informational, Transactional",29,140,34,0.00,"Sitelinks, Video, People also ask, Top stories, Related searches"
sky q reciever,"Informational, Transactional",40,140,28,1.84,"AI Overview, Reviews, Video, People also ask, Related searches, Ads bottom"
sky receiver für kabel,"Informational, Transactional",37,140,30,1.74,"Reviews, Video carousel, People also ask, Related searches, Popular products, Ads bottom"
sky receiver für satellit,"Informational, Transactional",37,140,33,1.59,"Reviews, Video, People also ask, Related searches, Popular products, Ads middle"
smartbox tv,"Informational, Commercial",38,140,21,0.96,"Reviews, People also ask, Related searches"
smarter iptv apk download,Commercial,56,140,32,0.00,"Reviews, Video, Related searches"
smarters iptv pro apk,Commercial,51,140,30,0.00,"Reviews, Video, Related searches"
smarters pro player,Commercial,32,140,35,0.00,"Reviews, Image pack, Video, Video carousel, People also ask, Related searches"
smartiptv app,Commercial,68,140,32,0.00,"Reviews, Video, People also ask, Related searches"
stb tv box,Commercial,43,140,22,0.88,"Reviews, Video, People also ask, Related searches, Popular products"
stick smart tv,Commercial,38,140,26,0.80,"Sitelinks, Reviews, Video, Video carousel, People also ask, Related searches, Popular products"
streaming dienste angebote,"Informational, Commercial",44,140,39,1.74,"AI Overview, Reviews, Video, People also ask, Related searches"
streaming tv anbieter,Commercial,46,140,34,2.07,"AI Overview, Reviews, Video, People also ask, Related searches, Ads top, Ads middle"
subscribeip tv,"Informational, Commercial",53,140,13,0.00,"Sitelinks, Video, Video carousel, Related searches"
telekom angebote magenta tv,"Navigational, Commercial",35,140,37,2.50,"Sitelinks, Reviews, People also ask, Related searches, Ads top, Ads bottom"
telekom fernsehen internet,Transactional,31,140,54,2.24,"AI Overview, Reviews, Video, People also ask, Related searches, Ads top, Ads bottom"
telekom fernsehen kabel,Commercial,35,140,35,2.94,"AI Overview, Reviews, Video, People also ask, Related searches, Ads top, Ads middle"
telekom magenta box,Transactional,33,140,25,3.13,"Reviews, Video, People also ask, Related searches, Popular products, Ads top, Ads bottom"
telekom magenta tv pakete,"Navigational, Transactional",46,140,45,4.39,"Sitelinks, Reviews, Video, People also ask, Related searches, Ads top, Ads bottom"
telekom mega stream,Transactional,35,140,24,2.85,"Sitelinks, Reviews, Video, People also ask, Related searches"
tv gucken online,Commercial,38,140,49,2.64,"Sitelinks, Video, People also ask, Related searches"
tv internet free streaming,Commercial,39,140,54,1.35,"Reviews, Video, People also ask, Related searches, Ads bottom"
tv kostenlos schauen pc,Commercial,42,140,40,0.40,"AI Overview, Reviews, Video, People also ask, Related searches"
tv live kostenlos ohne anmeldung,"Navigational, Transactional",37,140,37,0.00,"Video, People also ask, Related searches"
tv mit satellitenanschluss,Commercial,35,140,17,1.00,"Reviews, Video, People also ask, Related searches, Popular products"
tv programm kostenlos streamen,Commercial,38,140,51,0.66,"Reviews, Video, People also ask, Related searches"
tv programm streamen,Commercial,41,140,54,1.05,"AI Overview, Reviews, Video, People also ask, Ads top, Ads middle"
tv schauen auf pc kostenlos,Commercial,43,140,41,0.40,"AI Overview, Reviews, Video, Video carousel, People also ask, Related searches, Ads top, Ads middle"
tv set top box,Commercial,42,140,16,0.88,"Sitelinks, Reviews, Video, People also ask, Knowledge panel, Related searches, Popular products"
tv smart stick,Commercial,41,140,30,0.71,"Sitelinks, Reviews, Video, Video carousel, People also ask, Related searches, Ads bottom"
tv stick streaming,Commercial,42,140,29,0.90,"Sitelinks, Reviews, Video, Video carousel, People also ask, Related searches, Popular products, Ads bottom"
vipo tv,"Navigational, Commercial",38,140,45,0.59,"Sitelinks, Reviews, Video, Video carousel, People also ask, Related searches"
vox live stream kostenlos ansehen pinto,Commercial,34,140,46,0.00,"AI Overview, Reviews, Video, People also ask, Related searches"
waipu tv 4k,Transactional,42,140,38,0.12,"Video, People also ask, Related searches"
waipu tv amazon,"Informational, Transactional",46,140,19,0.00,"Reviews, Video, People also ask, Related searches"
waipu tv beratung,"Navigational, Transactional",45,140,29,0.42,"AI Overview, Video, People also ask, Related searches"
waipu tv fernbedienung kaufen,Transactional,34,140,24,0.08,"Reviews, People also ask, Related searches, Popular products, Ads top"
waipu tv perfect plus preis,"Navigational, Transactional",45,140,38,0.06,"Reviews, People also ask, Related searches, Ads bottom"
waipu tv stick 1. generation,"Informational, Transactional",45,140,,0.00,"Reviews, Video, Video carousel, People also ask, Related searches, Popular products"
waipu vs zattoo,Commercial,31,140,16,2.05,"Sitelinks, AI Overview, Reviews, Video, Video carousel, People also ask, Related searches"
watched apk,"Informational, Transactional",42,140,32,0.00,"Reviews, Related searches"
web tv free streaming,Commercial,38,140,64,1.35,"Reviews, Video, Related searches"
wlan stick für fernseher,Commercial,34,140,24,0.57,"Video, People also ask, Related searches, Popular products"
www rtl de mediathek,"Navigational, Transactional",32,140,71,0.15,"Reviews, Video, People also ask, Related searches"
www rtl plus,"Navigational, Transactional",36,140,65,0.57,"Sitelinks, Reviews, Video, Video carousel, People also ask, Related searches"
xstream fire tv stick,Commercial,60,140,19,0.00,"Sitelinks, AI Overview, Video, Video carousel, People also ask, Related searches"
z2u iptv,"Navigational, Transactional",53,140,11,0.00,"People also ask, Related searches"
9xtream apk,"Informational, Transactional",55,110,23,0.00,"AI Overview, Reviews, Related searches"
aliexpress iptv,"Navigational, Transactional",41,110,31,0.00,"People also ask, Related searches"
alternative magenta tv,Commercial,42,110,33,0.82,"AI Overview, Reviews, Video, Video carousel, People also ask, Related searches, Ads bottom"
alternativen zu waipu tv,"Informational, Commercial",45,110,28,0.65,"Sitelinks, AI Overview, Video, People also ask, Related searches"
amazon waipu,"Informational, Transactional",38,110,32,0.00,"Reviews, Video, People also ask, Related searches"
anbieter hdtv,"Informational, Commercial",45,110,42,2.25,"Reviews, People also ask, Related searches"
android iptv player,Commercial,68,110,30,0.00,"Reviews, Video, People also ask, Related searches"
android receiver,"Informational, Transactional",34,110,10,0.60,"Video, People also ask, Related searches, Popular products"
app fernsehprogramm kostenlos,"Informational, Commercial",42,110,41,0.53,"AI Overview, Reviews, Video, People also ask, Related searches"
apple tv fußball,"Navigational, Transactional",56,110,42,1.08,"Video, People also ask, Related searches"
apple tvos apps,"Informational, Transactional",46,110,39,0.98,"Sitelinks, AI Overview, Reviews, People also ask, Related searches"
best german iptv,Commercial,52,110,6,0.00,"Sitelinks, AI Overview, Video, Video carousel, Related searches"
best iptv germany,Commercial,52,110,19,0.00,"AI Overview, Video, People also ask, Related searches"
best iptv player for windows,Commercial,57,110,31,0.00,"Reviews, Video carousel, People also ask, Related searches"
best player for iptv windows,Commercial,53,110,26,0.00,"Sitelinks, AI Overview, Reviews, Video, Video carousel, People also ask, Related searches"
beste iptv app für lg tv,Commercial,68,110,20,0.00,"AI Overview, Video, People also ask, Related searches"
beste iptv box,Commercial,55,110,24,0.00,"Video, Video carousel, People also ask, Related searches, Popular products"
beste streaming anbieter,Commercial,41,110,39,1.96,"AI Overview, Reviews, Video, People also ask, Related searches"
besten iptv anbieter,Commercial,56,110,17,0.00,"Sitelinks, AI Overview, Video, Related searches"
bester iptv player android,Commercial,56,110,17,0.00,"Sitelinks, AI Overview, Reviews, Video, Video carousel, People also ask, Related searches"
bester iptv player windows,Commercial,68,110,18,0.00,"Reviews, People also ask, Related searches"
bester streaming anbieter,Commercial,41,110,40,1.96,"Sitelinks, AI Overview, Reviews, Video, People also ask, Related searches, Ads top"
bester streaming service,Commercial,44,110,38,1.67,"AI Overview, Reviews, Video, People also ask, Related searches"
big tv telekom,"Navigational, Transactional",31,110,23,5.28,"AI Overview, Reviews, Video, People also ask, Related searches"
bubble rtl kostenlos,"Navigational, Transactional",45,110,43,0.00,"Sitelinks, Related searches"
casa iptv,Commercial,48,110,2,0.00,"AI Overview, People also ask, Related searches"
chrome casr,"Informational, Transactional",25,110,39,0.36,"Reviews, Video, People also ask, Knowledge panel, Related searches"
chromesast,"Informational, Transactional",45,110,36,0.36,"Reviews, Video, People also ask, Knowledge panel, Related searches"
cromcast,"Informational, Transactional",35,110,37,0.34,"Reviews, Video, People also ask, Related searches"
deutsche netflix filme,Commercial,32,110,28,0.00,"Video, People also ask, Related searches"
die besten internet tv anbieter,Commercial,45,110,35,1.32,"Sitelinks, AI Overview, Reviews, Video, People also ask, Related searches, Ads bottom, Ads middle"
digital sat receiver,Commercial,35,110,27,0.15,"Video, Video carousel, People also ask, Related searches, Popular products"
digital satellite receiver,"Informational, Commercial",34,110,27,0.19,"Video, Video carousel, People also ask, Related searches, Popular products"
digital tv receiver,Commercial,38,110,28,0.55,"Reviews, Video, People also ask, Related searches"
digitale satellitenreceiver,"Informational, Transactional",33,110,23,0.16,"Video, People also ask, Related searches, Popular products"
downlader,"Informational, Commercial",26,110,44,0.55,"AI Overview, Reviews, Video, Related searches"
download watched,"Informational, Transactional",42,110,37,0.00,"Reviews, People also ask, Related searches"
fernbedienung magenta tv stick,"Informational, Transactional",31,110,20,0.11,"Image pack, Video, Related searches"
fernseh internet,"Informational, Commercial",38,110,40,1.27,"AI Overview, Reviews, Video, People also ask, Related searches, Ads top, Ads bottom"
fernseh ohne antenne,Commercial,34,110,19,0.80,"Reviews, Video, Video carousel, People also ask"
fernseh stick ohne internet,Commercial,39,110,23,1.12,"Sitelinks, Reviews, Video, Video carousel, People also ask, Related searches, Popular products"
fernsehen gucken internet,"Informational, Commercial",40,110,35,1.36,"AI Overview, Reviews, Image, Video, Video carousel, People also ask, Related searches"
fernsehen kostenlos auf pc,Commercial,42,110,30,0.39,"AI Overview, Reviews, Video, Video carousel, People also ask, Related searches"
fernsehen mit usb stick,Commercial,40,110,22,0.63,"Reviews, Video, Video carousel, People also ask, Related searches, Popular products"
fernsehen mit wlan stick,Commercial,40,110,28,0.50,"Sitelinks, Reviews, Video, People also ask, Related searches, Popular products, Ads top, Ads bottom"
fernsehen ohne anschluss,Commercial,38,110,25,1.15,"Reviews, Video, People also ask, Related searches, Ads top, Ads bottom"
fernsehen umsonst schauen,Commercial,35,110,35,0.50,"AI Overview, Reviews, Video, People also ask, Related searches"
fernseher anbieter,Commercial,43,110,34,2.32,"Reviews, Image, Video, People also ask, Related searches, Ads top, Ads bottom"
fernseher für iptv,"Informational, Commercial",45,110,29,0.00,"Sitelinks, Video, People also ask, Related searches, Popular products"
fernseher für unterwegs,Commercial,34,110,24,0.94,"Reviews, Video, People also ask, Related searches, Popular products, Ads bottom"
fernseher mit magentatv,Commercial,41,110,36,0.65,"AI Overview, Reviews, Video, Video carousel, People also ask, Related searches, Ads top, Ads middle"
fernseher wlan,Commercial,37,110,23,0.60,"Video, Video carousel, People also ask, Related searches, Popular products"
fernsehn app kostenlos,Commercial,44,110,50,0.61,"AI Overview, Reviews, Video, People also ask, Related searches, Ads middle"
fernsehn ohne kabelanschluss,Commercial,40,110,22,1.05,"Reviews, Video, Video carousel, People also ask, Related searches, Ads top, Ads middle"
fernsehn über pc,"Informational, Commercial",42,110,14,0.68,"AI Overview, Reviews, Video, Video carousel, People also ask, Related searches"
fernsehprogramme über internet,"Informational, Commercial",42,110,40,1.08,"AI Overview, Reviews, Video, People also ask, Related searches, Ads bottom, Ads middle"
fire stick alternative,Commercial,38,110,19,0.45,"Sitelinks, Video, Video carousel, People also ask, Related searches, Popular products"
flachbildfernseher mit sat receiver,Commercial,39,110,25,0.17,"Video, People also ask, Related searches"
flixora epg service,Commercial,46,110,10,0.00,"Sitelinks, Related searches"
free m3u playlist,Commercial,41,110,48,0.00,"Sitelinks, AI Overview, Reviews, Video, Video carousel, Related searches"
free tv stream online,Commercial,37,110,51,1.69,"Sitelinks, Reviews, Video, People also ask, Related searches"
free-tv rtl,"Navigational, Transactional",45,110,74,0.65,"Reviews, Video, People also ask, Related searches, Ads bottom"
german iptv anbieter,Commercial,57,110,,0.00,"AI Overview, Related searches"
gibt es eine rtl mediathek,"Navigational, Transactional",40,110,57,0.37,"Sitelinks, Reviews, Video, People also ask, Related searches"
google chromecast hd tv,"Informational, Transactional",45,110,31,0.07,"Reviews, Video, Video carousel, People also ask, Knowledge panel, Related searches"
günstige tv anbieter,"Informational, Commercial",42,110,31,1.86,"AI Overview, Reviews, Video, People also ask, Related searches, Ads top, Ads middle"
hat waipu tv rtl plus,"Informational, Transactional",39,110,24,0.83,"Sitelinks, AI Overview, Reviews, Video, People also ask, Related searches"
hdstream to,Commercial,40,110,20,0.00,"Reviews, Video, Related searches"
hdtv live,Commercial,39,110,63,1.00,"AI Overview, Reviews, Video, People also ask, Related searches"
internet fernseh gucken,"Informational, Commercial",40,110,38,1.50,"AI Overview, Reviews, Video, Video carousel, People also ask, Related searches, Ads top, Ads middle"
internet fernsehen gucken,"Informational, Commercial",41,110,34,1.50,"AI Overview, Reviews, Video, Video carousel, People also ask, Related searches"
internet plus tv,Commercial,37,110,42,2.40,"AI Overview, Reviews, Video, People also ask, Related searches, Ads bottom, Ads middle"
internet via tv,Commercial,44,110,31,1.48,"AI Overview, Reviews, Video, Video carousel, People also ask, Related searches, Ads bottom, Ads middle"
internetfähige fernseher,Commercial,40,110,21,0.26,"Reviews, Video, People also ask, Related searches, Popular products"
ip television pc,"Informational, Commercial",50,110,36,0.00,"Featured snippet, Reviews, Video, People also ask, Related searches, Ads middle"
ip tv anbieter vergleich,Commercial,47,110,37,0.00,"Video, People also ask, Related searches"
ip tv app für fire tv stick,"Informational, Commercial",60,110,10,0.00,"Sitelinks, AI Overview, Video, Video carousel, People also ask, Related searches"
iptv abo kaufen,Commercial,48,110,10,0.00,"Video, Related searches"
iptv alibaba,"Navigational, Transactional",47,110,29,0.00,"Video, People also ask, Related searches"
iptv anbieter mit sky,"Informational, Commercial",51,110,20,0.00,"Sitelinks, AI Overview, Reviews, Video, People also ask, Related searches"
iptv anbieter testsieger,"Informational, Commercial",47,110,30,0.00,"AI Overview, Video, People also ask, Related searches"
iptv bester,Commercial,47,110,27,0.00,"AI Overview, Video, People also ask, Related searches"
iptv bester anbieter,Commercial,55,110,24,0.00,"AI Overview, Reviews, Video, Video carousel, People also ask, Related searches"
iptv box alle sender,Commercial,50,110,46,0.00,"Image, Video, People also ask, Related searches, Popular products"
iptv deutschland reddit,"Navigational, Transactional",47,110,32,0.00,Related searches
iptv günstig,"Informational, Commercial",51,110,39,0.00,"Video, People also ask, Related searches"
iptv list kaufen,Commercial,50,110,10,0.00,"AI Overview, Video, People also ask, Related searches"
iptv listen kaufen,Commercial,51,110,8,0.00,"AI Overview, People also ask, Related searches"
iptv pc player,Commercial,64,110,25,0.00,"AI Overview, Reviews, Video, People also ask, Related searches"
iptv preis,Transactional,49,110,35,0.00,"Sitelinks, AI Overview, Video, People also ask, Related searches"
iptv preise,Transactional,44,110,32,0.00,"AI Overview, Reviews, Image, Video, People also ask, Related searches"
iptv set top box,Commercial,49,110,15,0.00,"Video, People also ask, Related searches, Popular products"
iptv stick kaufen,Transactional,46,110,21,0.00,"Video, People also ask, Related searches, Popular products"
iptv subscribe,"Informational, Commercial",53,110,34,0.00,"Sitelinks, AI Overview, Video, Video carousel, People also ask, Related searches"
iptv the best,Commercial,54,110,47,0.00,"Video, Video carousel, People also ask, Related searches"
iptv windows 11,Commercial,50,110,22,0.00,"AI Overview, Reviews, Video, Video carousel, People also ask, Related searches"
iptv-anbieter reddit,"Navigational, Transactional",52,110,32,0.00,"Video, Related searches"
iptvgreat,Commercial,49,110,,1.42,"Sitelinks, People also ask, Related searches"
jailbreak tv stick,"Informational, Transactional",47,110,22,0.00,"Sitelinks, Reviews, Video, Video carousel, People also ask, Related searches"
joyn tv live,"Navigational, Transactional",36,110,66,0.27,"Reviews, Video, People also ask, Knowledge panel, Top stories, Related searches, Ads top, Ads bottom"
kabel live stream,Commercial,38,110,34,0.36,"Reviews, Video, People also ask, Related searches"
kinderfilme neu netflix,Commercial,27,110,32,0.00,"AI Overview, Image, Video, People also ask, Related searches"
kodi add ons for sports,"Informational, Commercial",46,110,23,0.00,"Sitelinks, Reviews, Video, Video carousel, People also ask"
kodi addons for adults,Commercial,35,110,30,0.00,"Sitelinks, Reviews, People also ask"
kodi addons for sport,Commercial,37,110,21,0.00,"Reviews, Video, Video carousel, People also ask"
kodi build,Commercial,34,110,14,0.01,"Sitelinks, Reviews, Image pack, Video, Video carousel"
kodi tv android tv,"Informational, Transactional",44,110,24,0.00,"Sitelinks, Reviews, Video, People also ask"
kostenlos anschauen,Commercial,36,110,56,0.41,"AI Overview, Reviews, Video, People also ask, Related searches"
kostenlos fernseh schauen online,Commercial,36,110,52,0.77,"AI Overview, Reviews, Video, Related searches, Ads middle"
kostenlos fernsehen online schauen,Commercial,36,110,43,0.77,"Sitelinks, Reviews, Video, People also ask, Related searches"
kostenlos hd fernsehen,Commercial,40,110,19,0.89,"AI Overview, Reviews, Video, People also ask, Related searches, Ads top, Ads bottom"
kostenlos kabel 1 schauen,Commercial,36,110,25,0.66,"Sitelinks, Video, People also ask, Related searches"
kostenlos ohne anmeldung,"Navigational, Transactional",30,110,55,0.00,"Reviews, Video, People also ask, Related searches"
kostenlos rtl live gucken,Transactional,38,110,47,0.89,"Sitelinks, Reviews, Video, Video carousel, People also ask, Related searches, Ads top, Ads middle"
kostenlos vox gucken,Commercial,35,110,46,0.77,"AI Overview, Reviews, Video, People also ask, Related searches"
kostenlose fernsehprogramme,Commercial,36,110,42,0.42,"AI Overview, Reviews, Video, People also ask, Related searches, Ads bottom, Ads middle"
lg webos 25,"Informational, Transactional",46,110,21,0.00,"Video, Video carousel, Related searches, Popular products"
live show free,Commercial,30,110,62,0.00,"AI Overview, Reviews, Video, Video carousel, Related searches"
live streaming rtl,"Navigational, Transactional",39,110,40,0.76,"Reviews, Video, People also ask, Related searches, Ads bottom"
live tv kostenlos online,Commercial,39,110,52,1.31,"Reviews, Video, People also ask, Related searches"
live tv streamen kostenlos,Commercial,39,110,47,0.63,"Reviews, Video, People also ask, Related searches"
live übertragung rtl,"Navigational, Transactional",37,110,65,0.57,"AI Overview, Reviews, Video, Top stories, Related searches"
livestream ohne anmeldung,"Navigational, Transactional",34,110,46,0.35,"Sitelinks, Reviews, Video, Related searches"
livestream pro7 kostenlos,Commercial,37,110,42,0.50,"Reviews, Video, People also ask, Related searches"
magenta fire tv stick,"Informational, Transactional",42,110,19,0.39,"Video, Video carousel, People also ask, Related searches, Popular products"
magenta paket,"Navigational, Commercial",35,110,21,2.61,"Reviews, Video, People also ask, Related searches, Ads top, Ads bottom"
magenta tv apk,Commercial,42,110,33,4.68,"AI Overview, Reviews, Related searches"
magenta tv liv,Commercial,46,110,58,3.13,"Reviews, Video, People also ask, Related searches, Ads top, Ads bottom"
magenta tv live stream kostenlos ohne anmeldung,"Informational, Transactional",46,110,30,2.31,"AI Overview, Reviews, Video, People also ask, Related searches"
magenta tv mit netflix und disney+ plus,Transactional,37,110,31,3.64,"Reviews, Video, People also ask, Related searches, Ads bottom"
magenta tv smart senderliste pdf,"Informational, Transactional",43,110,34,0.00,"Reviews, Video, People also ask, Related searches"
magenta tv stick media markt,Commercial,35,110,25,0.00,"Sitelinks, Reviews, Video, People also ask, Related searches"
magenta tv türkische sender,Commercial,36,110,32,2.44,"Sitelinks, AI Overview, Reviews, Video, People also ask, Related searches, Ads top"
magenta tv vergleich,Commercial,42,110,33,3.02,"Reviews, Video, People also ask, Related searches"
magenta vertrag telekom,"Navigational, Transactional",28,110,48,1.74,"AI Overview, Reviews, Video, People also ask, Related searches, Ads top, Ads bottom"
magentatv kaufen,Transactional,34,110,35,2.82,"Sitelinks, Reviews, People also ask, Related searches, Popular products"
multimedia box,"Informational, Transactional",36,110,18,1.30,"Reviews, Image pack, Video, People also ask, Related searches, Popular products"
my rtl plus,"Navigational, Transactional",36,110,44,1.64,"Sitelinks, Reviews, Video, People also ask, Related searches, Ads top, Ads bottom"
net flix movies,Transactional,31,110,83,0.42,"People also ask, Related searches"
netflix 12 monate,Commercial,34,110,27,0.77,"AI Overview, Reviews, People also ask, Related searches"
netflix abo 4 99,"Informational, Transactional",36,110,47,2.24,"AI Overview, Video, People also ask, Related searches"
netflix abo kaufen,"Navigational, Transactional",41,110,55,1.20,"Reviews, People also ask, Related searches"
netflix abo varianten,"Informational, Transactional",39,110,47,0.00,"AI Overview, Reviews, Video, People also ask, Related searches"
netflix acount,"Navigational, Transactional",37,110,68,0.90,"People also ask, Related searches"
netflix com abo,"Navigational, Transactional",36,110,66,1.56,"Reviews, Video, People also ask, Related searches"
netflix deutschland filme,Transactional,28,110,50,0.00,"Video, People also ask"
netflix disney+ plus paket,"Informational, Commercial",38,110,34,1.12,"AI Overview, Reviews, Video, People also ask, Related searches"
netflix mein konto,"Navigational, Transactional",32,110,59,0.00,"AI Overview, Video, People also ask, Related searches"
netflix membership,"Navigational, Transactional",32,110,73,1.28,"Reviews, Video, People also ask, Related searches"
netflix mitgliedschaften,"Informational, Transactional",36,110,63,1.87,"AI Overview, Reviews, People also ask, Related searches"
netflix moveis,Transactional,31,110,91,0.23,"People also ask, Related searches"
netflix neu anmelden,"Navigational, Transactional",41,110,58,2.11,"AI Overview, Video, People also ask, Related searches"
netflix paket,"Informational, Commercial",41,110,43,1.45,"AI Overview, Reviews, Video, People also ask, Related searches"
netflix und disney plus abo,"Informational, Commercial",39,110,36,1.22,"AI Overview, Reviews, Video, People also ask, Related searches"
new netflix,"Navigational, Transactional",32,110,76,0.00,"Video, People also ask, Related searches"
ohne kabel fernseh schauen,"Informational, Commercial",39,110,24,1.50,"AI Overview, Reviews, Video, Video carousel, People also ask, Related searches, Ads top, Ads middle"
onlime tv,Commercial,45,110,48,1.85,"AI Overview, Reviews, Video, People also ask, Related searches"
online fernsehen schauen kostenlos,Commercial,36,110,52,0.77,"AI Overview, Reviews, Video, People also ask, Related searches, Ads top, Ads bottom"
online vox gucken,Commercial,33,110,43,1.06,"Reviews, Video, People also ask, Related searches"
open-tv,"Informational, Commercial",45,110,46,1.48,"Reviews, Image, Video, People also ask, Related searches"
pc tv schauen,Commercial,42,110,17,0.76,"Reviews, Video, Video carousel, People also ask, Related searches, Popular products, Ads middle"
player iptv pc,Commercial,63,110,26,0.00,"AI Overview, Reviews, Video, Video carousel, Related searches"
player smart tv,"Informational, Transactional",55,110,29,0.45,"Reviews, Video, People also ask, Related searches"
plex fire tv,Commercial,40,110,22,0.00,"Sitelinks, Reviews, Video, People also ask, Related searches"
preise magenta tv,Transactional,46,110,39,0.90,"Video, People also ask, Related searches"
preise netflix deutschland,Transactional,38,110,49,0.64,"AI Overview, Reviews, Video, People also ask, Related searches"
receiver mit hd karte,Commercial,33,110,16,0.42,"Video, People also ask, Related searches, Popular products"
retl,"Informational, Transactional",27,110,24,0.46,"Reviews, People also ask, Related searches"
rtl 1,Transactional,31,110,72,0.52,"Reviews, Video, People also ask, Related searches"
rtl 2 live kostenlos,Commercial,37,110,29,0.00,"Reviews, Video, People also ask, Related searches"
rtl fernsehen live kostenlos,Commercial,37,110,46,0.94,"Reviews, Video, People also ask, Related searches"
rtl fernsehen live stream,"Navigational, Transactional",38,110,54,0.56,"Sitelinks, Reviews, Video, People also ask, Related searches"
rtl free tv live,Transactional,37,110,52,0.65,"Sitelinks, Reviews, Video, People also ask, Related searches"
rtl freetv,"Navigational, Transactional",41,110,62,0.71,"Reviews, Video, People also ask, Top stories, Related searches, Ads bottom"
rtl gucken live,Transactional,45,110,45,0.94,"Sitelinks, Reviews, Video, People also ask, Related searches"
rtl im fernsehen,"Informational, Commercial",32,110,43,0.80,"Sitelinks, Video, People also ask, Top stories, Related searches"
rtl kostenlos im internet,"Navigational, Transactional",37,110,50,0.64,"Sitelinks, Reviews, Video, People also ask, Related searches"
rtl liuve,"Navigational, Transactional",35,110,50,0.47,"Reviews, Video, People also ask, Related searches"
rtl live free-tv,"Navigational, Transactional",45,110,52,0.93,"Sitelinks, Reviews, Video, People also ask, Related searches"
rtl live kostenlos gucken,Commercial,37,110,34,0.94,"Video, People also ask, Related searches"
rtl live kostenlos und ohne anmeldung,"Navigational, Transactional",38,110,27,0.00,"AI Overview, Reviews, Video, People also ask, Related searches"
rtl live nachrichten,Transactional,31,110,50,0.68,"Reviews, Video, People also ask, Top stories, Related searches"
rtl live sendung heute,"Informational, Transactional",32,110,65,0.00,"Reviews, Video, People also ask, Related searches, Ads bottom"
rtl live stream kostenlos & ohne anmeldung,"Navigational, Transactional",35,110,41,0.00,"Reviews, Video, People also ask, Related searches"
rtl live-stream fußball,Transactional,36,110,39,0.97,"Reviews, Video, Related searches"
rtl livestream fussball,"Navigational, Transactional",40,110,36,0.97,"Reviews, Video, People also ask, Related searches"
rtl livestream nydus,"Navigational, Transactional",36,110,26,0.00,"Sitelinks, Reviews, People also ask, Related searches"
rtl livestrean,"Navigational, Transactional",37,110,44,0.63,"Reviews, Video, People also ask, Related searches"
rtl livstream,Transactional,39,110,48,0.70,"Video, People also ask, Top stories, Related searches"
rtl lviestream,Commercial,38,110,34,0.60,"Reviews, Video, People also ask, Related searches"
rtl n,"Navigational, Transactional",38,110,79,0.06,"Sitelinks, Reviews, Video, People also ask, Knowledge panel, Related searches"
rtl nachrichten live,"Informational, Transactional",35,110,58,0.68,"Sitelinks, Reviews, Video, People also ask, Knowledge panel, Related searches"
rtl nitro kostenlos streamen,Commercial,36,110,19,1.46,"Sitelinks, Reviews, Video, People also ask, Related searches"
rtl ohne anmelden,Transactional,45,110,47,1.27,"Reviews, Video, People also ask, Related searches"
rtl online stream kostenlos,Commercial,37,110,47,1.36,"Sitelinks, Reviews, Video, People also ask, Related searches, Ads bottom"
rtl plus fernsehprogramm,Commercial,32,110,43,0.26,"Reviews, People also ask, Related searches"
rtl plus kostenlos live stream,"Navigational, Transactional",45,110,,0.56,"Reviews, Video, People also ask, Related searches"
rtl plus livestream kostenlos,"Navigational, Transactional",38,110,60,0.32,"Reviews, People also ask, Related searches"
rtl programm livestream,"Navigational, Transactional",38,110,61,0.63,"Reviews, Video, People also ask, Related searches"
rtl sendung,"Informational, Commercial",32,110,62,0.99,"Video, Video carousel, People also ask, Top stories, Related searches"
rtl tv live stream free,Commercial,37,110,47,0.00,"Reviews, Video, People also ask, Related searches"
rtl tv live stream kostenlos ohne anmeldung,"Navigational, Transactional",35,110,40,0.00,"Reviews, Video, People also ask, Related searches"
rtl+ kaufen,Transactional,36,110,31,1.19,"Reviews, Video, People also ask, Related searches, Popular products, Ads top, Ads bottom"
rtl2 live schauen,Commercial,37,110,28,0.69,"AI Overview, Reviews, Video, People also ask, Related searches"
rtl2 ohne anmeldung,"Navigational, Transactional",35,110,31,0.00,"AI Overview, Reviews, Video, People also ask, Related searches"
rtl2 online stream,Commercial,38,110,26,0.95,"Reviews, Video, People also ask, Related searches"
rtl2 streaming kostenlos,Commercial,38,110,29,0.62,"Reviews, Video, People also ask, Related searches"
sat 1 free stream,Commercial,35,110,27,0.53,"Reviews, Video, Related searches"
sat 1 stream kostenlos ohne anmeldung,"Navigational, Transactional",35,110,32,0.55,"Reviews, Video, People also ask, Related searches"
sat receiver 4k,Commercial,37,110,10,0.25,"Sitelinks, Reviews, Video, Video carousel, People also ask, Related searches, Popular products"
sat receiver hdmi,"Informational, Commercial",34,110,26,0.11,"Image pack, People also ask, Related searches, Popular products"
sat receiver mit smart tv funktion,Commercial,42,110,20,0.26,"Sitelinks, Reviews, Video, People also ask, Related searches, Popular products"
sat receiver mit wlan und smart tv,Commercial,35,110,21,0.33,"Video, People also ask, Related searches, Popular products"
sat receiver smart,"Informational, Commercial",33,110,19,0.16,"Video, Video carousel, People also ask, Related searches, Popular products"
sat1 hd stream,Transactional,37,110,43,1.09,"AI Overview, Reviews, Video, People also ask, Related searches, Ads middle"
sat1 live stream kostenlos ohne anmeldung anschauen,"Navigational, Transactional",35,110,39,0.00,"Reviews, Video, People also ask, Related searches"
satellit receiver,"Informational, Transactional",33,110,30,0.22,"Image pack, Video carousel, People also ask, Related searches, Popular products"
satelliten receiver aufnahmefunktion,Commercial,31,110,17,0.19,"Video, People also ask, Related searches, Popular products"
satelliten receiver smart,"Informational, Commercial",33,110,23,0.16,"Video, Video carousel, People also ask, Related searches, Popular products"
sky black friday deals,Commercial,45,110,29,0.00,"Reviews, Image, Video, People also ask, Related searches"
sky receiver satellit,Transactional,37,110,33,1.59,"Reviews, Video, People also ask, Related searches, Popular products, Ads top, Ads bottom"
smart iptv xtream player,"Informational, Transactional",51,110,27,0.00,"Reviews, Video, People also ask"
smart player for tv,"Informational, Transactional",51,110,28,0.45,"Reviews, Video, People also ask, Related searches"
smart receiver for tv,Commercial,35,110,22,0.85,"Video, People also ask, Related searches, Popular products, Ads middle"
smart sat receiver,Commercial,38,110,19,0.18,"Video, Video carousel, People also ask, Related searches, Popular products"
smart tv box alle sender kostenlos,"Informational, Commercial",43,110,34,0.00,"Reviews, Video, Video carousel, People also ask, Related searches"
smarterplayer,Commercial,47,110,29,0.49,"Reviews, Video, Video carousel, People also ask, Related searches"
smarters iptv apk,Commercial,50,110,33,0.00,"Reviews, Video, Related searches"
smarters iptv windows,"Informational, Transactional",52,110,41,0.00,"AI Overview, Reviews, Video, Video carousel, People also ask, Related searches"
sport add ons kodi,Commercial,46,110,11,0.00,"Sitelinks, Video, Video carousel, People also ask"
stick für tv,Commercial,39,110,33,1.41,"Sitelinks, Reviews, Video, People also ask, Related searches, Popular products"
stream kostenlos deutsch,Commercial,36,110,49,0.00,"Reviews, Video, Related searches"
streamen kostenlos ohne anmeldung,"Navigational, Transactional",34,110,39,0.17,"Sitelinks, Video, People also ask, Related searches"
streaming platformen,"Informational, Commercial",42,110,50,2.24,"Featured snippet, Video, People also ask, Related searches, Ads top, Ads bottom"
super rtl livestream kostenlos ohne anmeldung,"Navigational, Transactional",34,110,28,0.00,"Reviews, Video, People also ask"
telekom fernseher,"Navigational, Transactional",31,110,42,1.73,"Sitelinks, Reviews, Video, People also ask, Related searches"
telekom glasfaser mit magenta tv,Transactional,46,110,19,1.29,"AI Overview, Reviews, People also ask, Related searches, Ads top, Ads middle"
telekom internet mit magenta tv,Commercial,46,110,50,2.62,"AI Overview, Reviews, Video, People also ask, Related searches, Ads top, Ads middle"
telekom magenta tv smart,"Navigational, Transactional",36,110,38,2.76,"Sitelinks, Reviews, Video, People also ask, Related searches"
telekom smart,"Navigational, Transactional",29,110,36,5.78,"Sitelinks, Reviews, Video, People also ask, Related searches"
telekom werbung neu,"Informational, Transactional",28,110,33,0.00,"AI Overview, Reviews, Video, Video carousel, People also ask, Related searches, Ads bottom"
televizo samsung,"Informational, Transactional",38,110,29,0.29,"Reviews, Video, Video carousel, People also ask, Related searches"
top 10 streaming dienste kosten,"Informational, Commercial",51,110,37,1.10,"Sitelinks, AI Overview, Reviews, Video, People also ask, Related searches"
tv direkt app kostenlos,Commercial,45,110,33,0.26,"AI Overview, Reviews, People also ask, Related searches"
tv hdmi stick,Commercial,39,110,36,0.72,"Sitelinks, Reviews, Video, People also ask, Related searches, Popular products"
tv kosten,"Informational, Commercial",40,110,57,1.45,"Reviews, Video, People also ask, Related searches"
tv live online kostenlos,Commercial,39,110,67,1.31,"AI Overview, Reviews, Video, People also ask, Related searches"
tv mit dsl,Commercial,41,110,35,2.76,"Reviews, Video, People also ask, Related searches"
tv online live kostenlos,Commercial,39,110,58,1.31,"AI Overview, Reviews, Video, People also ask, Related searches"
tv online ohne anmeldung,"Navigational, Transactional",36,110,41,0.00,"Sitelinks, Reviews, Video, People also ask, Related searches"
tv per internet,Commercial,45,110,41,1.55,"Reviews, Video, People also ask, Related searches"
tv programm stream kostenlos,Commercial,39,110,51,1.36,"AI Overview, Reviews, Video, People also ask, Related searches"
tv receiver kaufen,Transactional,34,110,25,0.70,"People also ask, Related searches, Popular products"
tv recorder,Commercial,43,110,27,0.51,"Reviews, Video, People also ask, Related searches, Popular products, Ads bottom"
tv schauen über pc,Commercial,43,110,27,0.95,"AI Overview, Video, Video carousel, People also ask, Related searches, Ads middle"
tv stick angebot,Commercial,43,110,25,1.50,"Sitelinks, Reviews, People also ask, Related searches, Popular products"
tv stick waipu,"Navigational, Transactional",37,110,38,0.25,"Sitelinks, Reviews, Video, Video carousel, People also ask, Related searches, Popular products"
tv stream app,"Informational, Commercial",46,110,49,1.76,"AI Overview, Reviews, Video, People also ask, Related searches"
tv stream live kostenlos,Commercial,39,110,64,1.35,"Sitelinks, Reviews, Video, People also ask, Related searches"
tv über dsl,Commercial,42,110,30,2.76,"Sitelinks, Reviews, Image, Video, People also ask, Related searches"
tv-receiver,"Informational, Commercial",45,110,30,1.14,"Video, People also ask, Related searches, Popular products"
tvkostenlos,Commercial,40,110,37,0.69,"AI Overview, Reviews, Video, People also ask, Related searches, Ads bottom"
tvmagenta,Commercial,46,110,62,2.65,"Reviews, Video, People also ask, Related searches, Ads top, Ads bottom"
vergleich iptv,Commercial,54,110,37,0.00,"Sitelinks, AI Overview, Reviews, Video, People also ask, Related searches"
vox live stream kostenlos ohne anmeldung nydus,"Navigational, Transactional",34,110,30,0.00,"Reviews, Video, People also ask, Related searches"
waipu programmübersicht,"Informational, Transactional",38,110,23,0.03,"AI Overview, Reviews, Video, People also ask, Related searches"
waipu stick ohne abo,Commercial,35,110,30,0.21,"Sitelinks, Reviews, Video, People also ask, Related searches"
waipu tv bedienungsanleitung,"Navigational, Transactional",35,110,25,0.00,"Image, Video, People also ask, Related searches"
waipu tv pay tv sender,"Informational, Transactional",37,110,26,0.05,"AI Overview, Reviews, Video, People also ask, Related searches"
waipu tv sky bundesliga,Transactional,38,110,29,0.38,"People also ask, Related searches"
waipu tv stick kaufen saturn,Transactional,39,110,30,0.23,"Reviews, Video, People also ask, Related searches, Popular products"
waipu tv stick ohne abo,Commercial,39,110,36,0.24,"Sitelinks, Reviews, Video, People also ask, Related searches"
waipu tv türk paketi,Transactional,45,110,19,0.13,"Reviews, Video, People also ask, Related searches"
waipu tv vs magenta tv,Commercial,45,110,18,0.00,"Sitelinks, AI Overview, Reviews, Video, People also ask, Related searches"
waipu vs magenta,Commercial,35,110,18,0.00,"Sitelinks, AI Overview, Reviews, Video, People also ask, Related searches"
watched download,"Informational, Transactional",45,110,34,0.00,"People also ask, Related searches"
watched downloaden,"Informational, Transactional",44,110,33,0.00,"Reviews, People also ask, Related searches"
win iptv player,Commercial,59,110,30,0.00,"AI Overview, Reviews, Video, People also ask, Related searches"
wowtv de magentatv,"Navigational, Transactional",46,110,40,0.97,"AI Overview, Reviews, Video, People also ask, Related searches"
www.rtlplus.de tv login,Transactional,32,110,39,0.45,"Reviews, Video, People also ask, Related searches"
öffne netflix,"Navigational, Transactional",34,110,77,0.00,"Sitelinks, Reviews, People also ask, Related searches"
über internet fernsehen gucken,"Informational, Commercial",41,110,35,1.50,"AI Overview, Reviews, Video, Video carousel, People also ask, Related searches, Ads top, Ads middle"
ıptv stream player windows,"Informational, Transactional",54,110,31,0.00,"Reviews, Video, Related searches"
ıptv test,"Informational, Commercial",40,110,10,0.89,"Sitelinks, Video, Related searches"
4k tv stick,"Informational, Commercial",39,90,26,0.63,"Sitelinks, Video, Video carousel, People also ask, Related searches, Popular products"
about netflix,"Navigational, Transactional",33,90,91,0.00,"Sitelinks, Video, Video carousel, People also ask, Related searches"
activation iptv,"Informational, Transactional",51,90,10,0.00,"Reviews, Video, Video carousel, People also ask, Related searches"
add on kodi live tv,Commercial,39,90,11,0.00,"Sitelinks, AI Overview, Reviews, Video, Video carousel, People also ask"
addons iptv kodi,Commercial,51,90,5,0.00,"Sitelinks, Reviews, Video"
am pc tv schauen,"Informational, Commercial",42,90,23,0.95,"AI Overview, Reviews, Video, Video carousel, People also ask, Related searches"
amazon stick iptv,"Informational, Transactional",51,90,31,0.00,"Sitelinks, People also ask, Related searches"
anbieter digitales fernsehen,"Informational, Commercial",45,90,46,1.45,"Sitelinks, AI Overview, Reviews, Video, People also ask, Related searches, Ads bottom"
anbieter für digitales fernsehen,Commercial,46,90,38,1.82,"Reviews, Video, People also ask, Related searches"
anmeldung fernsehen,Transactional,35,90,61,2.48,"AI Overview, Reviews, Video, People also ask, Related searches"
app android tv,Commercial,47,90,31,1.21,"AI Overview, Reviews, Video, Video carousel, People also ask, Related searches"
app waipu tv,Commercial,47,90,37,0.03,"AI Overview, Reviews, Video, People also ask, Related searches, Ads top, Ads bottom"
apple tv auf magenta tv aktivieren,Commercial,45,90,27,3.94,"AI Overview, Reviews, Video, Video carousel, People also ask, Related searches, Ads middle"
best android player for iptv,Commercial,59,90,31,0.00,"Sitelinks, AI Overview, Reviews, Video, Video carousel, People also ask, Related searches"
best android tv stick,Commercial,43,90,43,0.42,"Sitelinks, Video, Video carousel, Related searches, Popular products"
best iptv player android,Commercial,57,90,41,0.00,"Sitelinks, AI Overview, Reviews, Video, Video carousel, People also ask, Related searches"
best kodi plugins,Commercial,35,90,38,0.00,"Sitelinks, Reviews, Video, Video carousel"
beste ip tv app,Commercial,68,90,17,0.00,"AI Overview, Reviews, Video, People also ask, Related searches"
beste iptv app für apple tv,Commercial,65,90,25,0.00,"Sitelinks, AI Overview, Reviews, Video, Related searches"
beste iptv box android,"Informational, Commercial",55,90,16,0.00,"Video, Video carousel, People also ask, Related searches"
beste kodi addon,Commercial,46,90,12,0.00,"Sitelinks, Video"
beste stream box,Commercial,48,90,22,0.67,"Sitelinks, Reviews, Video, Video carousel, People also ask, Related searches, Popular products"
beste streaming angebote,Commercial,51,90,38,1.31,"AI Overview, Reviews, Video, People also ask, Related searches"
beste streaming boxen,Commercial,48,90,23,0.67,"Sitelinks, Reviews, Video, Video carousel, People also ask, Related searches"
besten kodi addons,Commercial,46,90,15,0.00,"Sitelinks, Video, People also ask"
bester streaming dienst tv,Commercial,51,90,37,1.77,"Sitelinks, AI Overview, Reviews, Video, People also ask, Related searches"
chrome cast app,Transactional,40,90,34,0.24,"Reviews, Video, People also ask, Related searches"
chromecast mit google tv hd,Commercial,40,90,31,0.34,"Reviews, Video, People also ask, Related searches, Popular products"
chromecast tv lg,"Informational, Transactional",32,90,28,0.22,"Reviews, Video, Video carousel, People also ask, Related searches"
cool kodi addons,Commercial,36,90,18,0.00,"Sitelinks, AI Overview, Reviews, Video, Video carousel"
das neue magenta tv,Commercial,46,90,36,2.31,"AI Overview, Reviews, Video, Video carousel, People also ask, Related searches, Ads middle"
dezor iptv,"Informational, Transactional",51,90,26,0.00,"Reviews, Video, People also ask, Related searches"
digitalfernsehen 7 tage news,"Navigational, Transactional",32,90,27,0.00,"People also ask, Related searches"
fernseh kostenlos streamen,Commercial,42,90,56,0.64,"Sitelinks, Reviews, Video, People also ask, Related searches, Ads bottom"
fernseh schauen gratis,Commercial,36,90,44,0.85,"AI Overview, Reviews, Video, People also ask, Related searches"
fernseh stream kostenlos,Commercial,37,90,49,0.84,"Video, People also ask, Knowledge panel, Related searches"
fernseh streaming anbieter,Commercial,46,90,40,2.47,"AI Overview, Reviews, Video, People also ask, Related searches, Ads bottom"
fernsehanbieter im vergleich,Commercial,42,90,30,1.01,"AI Overview, Reviews, Video, People also ask, Related searches, Ads top, Ads middle"
fernsehanbieter vergleich,Commercial,42,90,34,1.14,"Sitelinks, AI Overview, Reviews, Video, People also ask, Related searches"
fernsehen am tablet kostenlos,Commercial,39,90,50,0.39,"AI Overview, Reviews, Video, People also ask, Related searches, Ads bottom, Ads middle"
fernsehen auf rtl,Commercial,45,90,57,0.49,"Video, People also ask, Top stories, Related searches"
fernsehen kostenfrei,Commercial,35,90,59,0.65,"Reviews, Video, People also ask, Knowledge panel, Related searches, Ads bottom"
fernsehen live tv,Commercial,35,90,75,0.72,"Reviews, Video, People also ask, Related searches, Ads bottom"
fernsehen mit receiver,Commercial,35,90,17,0.00,"Reviews, Video, People also ask, Related searches"
fernsehen mit wlan kaufen,Transactional,32,90,22,0.29,"Video, People also ask, Related searches, Popular products"
fernsehen ohne kabel und schüssel,Commercial,40,90,29,1.02,"Reviews, Video, Video carousel, People also ask, Related searches, Popular products, Ads top, Ads bottom"
fernsehen online kostenlos schauen,Commercial,36,90,47,0.85,"Reviews, Video, People also ask, Related searches"
fernsehen stick,"Informational, Commercial",39,90,27,1.49,"Sitelinks, Video, People also ask, Knowledge panel, Related searches, Popular products"
fernsehen tv live,Commercial,34,90,68,0.72,"Reviews, Video, Related searches"
fernseher internet stick,Commercial,40,90,27,1.34,"Sitelinks, Reviews, Video, People also ask, Related searches, Popular products"
fernseher mit internetanschluss,Commercial,38,90,23,0.60,"Reviews, Video, People also ask, Related searches, Popular products"
fernseher mobil,Commercial,34,90,24,0.11,"Video, People also ask, Related searches, Popular products, Ads bottom"
fernsehn am pc,"Informational, Commercial",41,90,19,0.53,"AI Overview, Reviews, Video, People also ask, Related searches, Ads top"
fernsehprogramm heute rtl plus,Commercial,31,90,44,0.00,"Video, People also ask, Related searches"
fernsehprogramm kostenlos streamen,Commercial,38,90,50,0.83,"Sitelinks, Reviews, Video, People also ask, Related searches"
fernsehsticks,Commercial,38,90,45,1.56,"Sitelinks, Reviews, Video, People also ask, Related searches, Ads top, Ads bottom"
fire tv stick testbericht,Commercial,47,90,22,0.36,"Sitelinks, AI Overview, Video, Video carousel, People also ask, Related searches, Ads bottom"
flix iptv player,Commercial,46,90,20,0.00,"Video, People also ask, Related searches"
free fernsehn,Commercial,34,90,50,0.94,"AI Overview, Reviews, Video, People also ask, Related searches"
free live stream tv,Commercial,38,90,46,0.90,"Reviews, Video, Related searches"
free mu3 playlist,"Informational, Transactional",46,90,50,0.94,"Reviews, Video, Video carousel, People also ask"
free tv streams,Commercial,37,90,70,0.00,"Sitelinks, Reviews, Video, Video carousel, Top stories, Related searches, Ads bottom"
freetv rtl,"Navigational, Transactional",45,90,55,0.72,"Sitelinks, Video, People also ask, Top stories, Related searches"
good android tv,"Informational, Commercial",42,90,41,0.26,"Sitelinks, Reviews, Video, Video carousel, People also ask, Related searches, Popular products"
google tv box 4k,"Informational, Commercial",44,90,33,0.52,"Reviews, Video, Video carousel, People also ask, Related searches, Popular products, Shopping ads"
günstige streaming dienste,"Informational, Commercial",45,90,30,1.41,"Sitelinks, AI Overview, Reviews, Video, People also ask, Related searches, Ads top, Ads middle"
hd receiver für kabelfernsehen,Commercial,33,90,22,0.47,"Reviews, Video, Video carousel, People also ask, Related searches, Popular products"
hd reciver,Commercial,33,90,29,0.54,"Video, People also ask, Related searches, Popular products"
hd+ receiver,Commercial,33,90,26,0.60,"Reviews, People also ask, Related searches, Popular products"
hdmi stick smart tv,Commercial,41,90,25,0.52,"Sitelinks, Reviews, Video, People also ask, Related searches, Popular products"
hdtv live streaming,Commercial,40,90,68,1.21,"Reviews, Video, People also ask, Related searches"
hdtv stream,Commercial,45,90,59,1.75,"AI Overview, Reviews, Video, People also ask, Related searches"
hilfe waipu tv,"Navigational, Transactional",33,90,31,0.89,"Video, People also ask, Related searches"
hot player apk,Commercial,51,90,34,0.00,"Reviews, People also ask, Related searches"
illegale streaming-seiten serien,"Informational, Commercial",46,90,18,0.00,"Sitelinks, Reviews, Video, Related searches"
index m3u,Commercial,36,90,20,0.00,"AI Overview, Video, Video carousel, People also ask, Related searches"
internet fernseher kaufen,Transactional,33,90,28,0.59,"Reviews, Video, People also ask, Related searches, Popular products"
internet hd fernsehen,Commercial,42,90,50,1.59,"Reviews, Video, People also ask, Related searches"
internet stick fernseher,Commercial,40,90,33,1.34,"Sitelinks, Reviews, Video, People also ask, Related searches, Popular products"
internet stick tv,Commercial,43,90,30,1.58,"Sitelinks, Reviews, Image, Video, People also ask, Related searches, Popular products"
internet tv smart,"Informational, Commercial",45,90,26,0.74,"Reviews, Video, People also ask, Related searches, Ads bottom"
internetanschluss fernseher,"Informational, Commercial",42,90,23,0.96,"AI Overview, Reviews, Video, Video carousel, People also ask, Related searches"
internetanschluss für fernseher,Commercial,38,90,34,0.60,"AI Overview, Reviews, Video, People also ask, Related searches, Ads top, Ads middle"
ip receiver,"Informational, Commercial",34,90,12,0.54,"Video, People also ask, Related searches, Popular products"
ip tv kodu,"Informational, Transactional",50,90,44,0.00,"Reviews, Video, Video carousel, People also ask, Related searches"
ip tv provider,"Informational, Commercial",47,90,31,0.00,"Video, People also ask, Related searches"
iptv accounts,Commercial,49,90,18,0.00,"Sitelinks, Video, Related searches"
iptv activare,"Informational, Transactional",51,90,19,0.00,"Reviews, Video, Video carousel, Related searches"
iptv anbieter deutsch,"Informational, Commercial",47,90,27,0.00,"AI Overview, Video, Related searches"
iptv app lg,Commercial,65,90,16,0.00,"Video, Video carousel, People also ask, Related searches"
iptv apple tv app,"Informational, Commercial",50,90,22,0.00,"Sitelinks, AI Overview, Reviews, Video, Related searches"
iptv decoder box,Commercial,45,90,23,0.00,"Video, People also ask, Related searches, Popular products"
iptv for pc,Commercial,68,90,,0.00,"Reviews, Video, Video carousel, Related searches"
iptv linux software,Commercial,50,90,9,0.00,"AI Overview, Reviews, Video, Related searches"
iptv rapid,Commercial,49,90,2,0.97,"People also ask, Related searches"
iptv set top,Commercial,48,90,16,0.00,"Video, People also ask, Related searches, Popular products"
iptv smarters windows,"Informational, Transactional",60,90,34,0.00,"Reviews, Video, Video carousel, People also ask, Related searches"
iptv stick amazon,"Informational, Transactional",60,90,31,0.00,"Sitelinks, Video, People also ask, Related searches, Popular products"
iptv subscription reddit,"Navigational, Transactional",52,90,28,0.00,"Video, People also ask, Related searches"
iptv website,Commercial,54,90,38,0.00,"AI Overview, People also ask, Related searches"
iptv windows player,"Informational, Commercial",61,90,22,0.00,"Reviews, Video, Related searches"
iptv worldwide,"Informational, Commercial",49,90,,0.00,"Sitelinks, Video, Video carousel, People also ask, Related searches"
ist magenta tv gut,Commercial,46,90,14,4.78,"AI Overview, Video, Video carousel, People also ask, Related searches, Ads middle"
kabel hd receiver,Commercial,36,90,22,0.38,"Reviews, Video, Video carousel, People also ask, Related searches, Popular products"
kabelfernsehen receiver,Commercial,37,90,27,0.41,"Reviews, Video, Video carousel, People also ask, Related searches, Popular products"
kodi addon sport,Commercial,38,90,12,0.00,"Sitelinks, Reviews, Video"
kodi adons,Commercial,46,90,11,0.00,"Sitelinks, Reviews, Video, People also ask"
kodi android download,"Informational, Transactional",46,90,41,0.00,"Reviews, People also ask"
kodi best add on,Commercial,36,90,31,0.00,"Sitelinks, Reviews, Video"
kodi download android,Transactional,39,90,46,0.00,"Reviews, People also ask"
kodi iptv addon,Commercial,51,90,15,0.00,"Sitelinks, Reviews, Video"
kodi movies,Commercial,35,90,56,0.00,"Sitelinks, Reviews, Video, People also ask"
kodi repositories,Commercial,35,90,17,0.00,"Reviews, Video"
kodi tv addons live tv,Commercial,44,90,10,0.00,"Sitelinks, Reviews, Video, Video carousel, People also ask"
kodi tvaddon,Commercial,38,90,8,0.00,"Reviews, Video, Video carousel, People also ask"
kosten fernsehen über internet,Commercial,46,90,42,0.58,"Reviews, Video, People also ask, Related searches, Ads bottom"
kostenfrei fernsehen,Commercial,35,90,51,0.55,"AI Overview, Reviews, Video, People also ask, Related searches"
kostenlos online fernsehen schauen,Commercial,36,90,58,0.77,"Sitelinks, Reviews, Video, People also ask, Related searches, Ads top, Ads bottom"
lg fernseher miracast,"Informational, Transactional",37,90,29,0.16,"Reviews, Video, Video carousel, People also ask, Related searches"
lg mediathek,"Informational, Commercial",36,90,27,0.00,"Video, People also ask, Related searches"
lg tv webos,"Informational, Transactional",46,90,37,0.67,"Sitelinks, Video, Video carousel, People also ask, Knowledge panel, Related searches, Popular products"
lg web,"Navigational, Transactional",46,90,37,2.91,"Sitelinks, Video, Video carousel, People also ask, Related searches, Popular products, Ads bottom"
live programm rtl,"Informational, Transactional",45,90,34,0.55,"Video, People also ask, Related searches"
live rtl gucken kostenlos,Commercial,37,90,55,0.89,"AI Overview, Reviews, Video, People also ask, Related searches, Ads top, Ads middle"
live tv fernsehen,Commercial,38,90,69,0.72,"Reviews, Video, People also ask, Related searches"
livestream fernsehen rtl,"Navigational, Transactional",45,90,52,0.56,"Reviews, Video, People also ask, Related searches, Ads bottom"
livetv streamen,"Informational, Transactional",41,90,34,1.64,"Reviews, Video, Video carousel, People also ask, Related searches"
m-net tv plus,"Navigational, Transactional",37,90,22,1.58,"Sitelinks, Reviews, Video, People also ask, Related searches"
m-net tvplus,"Navigational, Transactional",45,90,23,1.58,"Sitelinks, Reviews, Video, People also ask, Related searches"
m3u downloader,Commercial,42,90,19,0.00,"Sitelinks, Reviews, Video, People also ask, Related searches"
m3u player online,"Informational, Commercial",42,90,41,0.00,"Reviews, Related searches, Ads bottom"
magenta online shop,Commercial,26,90,48,2.75,"Reviews, People also ask, Related searches"
magenta tv anmelden live tv,"Navigational, Transactional",38,90,45,0.00,"AI Overview, Reviews, Video, Video carousel, People also ask, Related searches"
magenta tv bewertung,Commercial,42,90,16,6.87,"AI Overview, Reviews, Video, Video carousel, People also ask, Related searches"
magenta tv ohne receiver nachteile,"Informational, Commercial",44,90,21,5.83,"AI Overview, Reviews, Video, People also ask, Related searches, Ads middle"
magenta tv one anmelden,"Informational, Transactional",36,90,27,0.00,"AI Overview, Video, Video carousel, People also ask, Related searches"
magenta tv pakete preise,Transactional,46,90,50,3.40,"AI Overview, Reviews, People also ask, Related searches"
magenta tv sender liste,Commercial,45,90,23,0.40,"Video, Video carousel, People also ask, Related searches"
magenta tv startseite,Commercial,46,90,34,3.15,"AI Overview, Video, Video carousel, People also ask, Related searches, Ads top"
magentatv ohne vertrag,Commercial,39,90,28,3.31,"AI Overview, Reviews, People also ask, Related searches"
magentatv serien kostenlos,"Informational, Commercial",41,90,19,0.00,"Reviews, Video, People also ask, Related searches"
mediamarkt waipu tv stick,"Informational, Transactional",45,90,,0.42,"Video, People also ask, Related searches, Popular products, Ads bottom"
mediathek rtl livestream,"Navigational, Transactional",38,90,48,0.00,"Reviews, Video, People also ask, Related searches, Ads bottom"
mobile fernseher,"Informational, Commercial",46,90,24,0.18,"Image pack, People also ask, Related searches, Popular products"
mobile television,"Informational, Transactional",46,90,40,0.49,"Sitelinks, Image pack, Video, People also ask, Knowledge panel, Related searches, Popular products"
musik streaming dienste im test,Commercial,51,90,27,0.66,"Sitelinks, Reviews, Video, Short videos, People also ask, Related searches"
neflix abo,"Navigational, Transactional",39,90,55,1.63,"Reviews, Video, People also ask, Related searches"
netfix abo,"Navigational, Transactional",30,90,50,1.63,"Reviews, Video, People also ask, Related searches"
netflex plan,"Navigational, Transactional",31,90,79,1.22,"Image pack, Video, People also ask, Related searches"
netflix 4k abonnement,"Informational, Transactional",44,90,42,1.44,"Sitelinks, AI Overview, Reviews, Video, People also ask, Related searches"
netflix 4k preis,Transactional,39,90,39,0.97,"AI Overview, Reviews, People also ask, Related searches"
netflix a,"Navigational, Transactional",34,90,76,0.00,"Sitelinks, Reviews, People also ask, Knowledge panel, Related searches"
netflix abo erweitern,"Informational, Transactional",40,90,59,0.00,"Video, Video carousel, People also ask, Related searches"
netflix abonnement kosten,"Informational, Transactional",35,90,50,1.21,"AI Overview, Reviews, Video, People also ask, Related searches"
netflix bibliothek,Commercial,40,90,70,0.00,"Sitelinks, AI Overview, Reviews, Video, People also ask, Related searches"
netflix familien abo preis,"Navigational, Transactional",34,90,59,0.00,"AI Overview, Reviews, Video, People also ask, Related searches"
netflix film deutsch,Transactional,29,90,28,0.00,"Sitelinks, Video, Video carousel, People also ask, Related searches"
netflix filme übersicht,Commercial,28,90,39,0.00,"Video, People also ask, Related searches"
netflix monthly subscription deutsch,"Informational, Transactional",36,90,56,1.25,"AI Overview, Reviews, Video, People also ask, Related searches"
netflix optionen,"Informational, Transactional",38,90,58,0.00,"AI Overview, Reviews, Video, People also ask, Related searches"
netflix premium günstiger,Commercial,45,90,24,0.70,"Sitelinks, AI Overview, Video, People also ask, Related searches, Ads middle"
netflix premium preis,Transactional,36,90,51,1.95,"AI Overview, Reviews, Video, People also ask, Related searches"
netflix premum,Transactional,45,90,50,2.26,"Reviews, Video, People also ask, Related searches"
netflix standart,"Informational, Transactional",38,90,51,2.05,"Reviews, Image pack, Video, People also ask, Related searches"
netflix testabo,"Informational, Transactional",38,90,44,1.56,"Video, People also ask, Top stories, Related searches"
netflix videos,"Informational, Transactional",32,90,77,0.00,"Reviews, Video, Video carousel, People also ask, Related searches"
netflix welche serien,Commercial,29,90,48,0.28,"Video, People also ask, Top stories"
netlix abo,"Navigational, Transactional",36,90,54,1.43,"Video, People also ask, Related searches"
nitro livestream nydus,"Navigational, Transactional",35,90,23,0.00,"Reviews, Video, People also ask, Related searches"
nur magenta tv buchen,Commercial,46,90,33,2.71,"AI Overview, Reviews, People also ask, Related searches, Ads bottom, Ads middle"
o2 fernseher kaufen,"Informational, Transactional",35,90,34,1.06,"Video, Related searches, Popular products"
o2 tv sender,Transactional,40,90,29,1.05,"AI Overview, Reviews, Video, People also ask, Related searches, Ads bottom"
ohne kabel tv schauen,"Informational, Commercial",39,90,30,2.29,"Featured snippet, Sitelinks, Reviews, Video, Video carousel, People also ask, Related searches, Popular products, Ads bottom, Ads middle"
on tv youtube,"Navigational, Transactional",34,90,34,0.00,"Reviews, Video, Video carousel, People also ask, Related searches"
online fernsehen gratis,Commercial,37,90,44,0.89,"Reviews, Video, People also ask, Related searches"
online gratis fernsehen,Commercial,37,90,40,1.37,"Reviews, Video, People also ask, Related searches"
online tv freeware,Commercial,44,90,38,0.83,"Reviews, Video, People also ask, Related searches"
online tv schauen kostenlos ohne anmeldung rtl,Transactional,45,90,30,0.00,"AI Overview, Reviews, Video, People also ask, Related searches"
pc iptv,Commercial,68,90,31,0.00,"AI Overview, Reviews, Video, People also ask"
preise netflix abo,Transactional,32,90,50,1.02,"AI Overview, Reviews, Video, People also ask, Related searches"
preise waipu tv,Transactional,35,90,46,0.05,"Reviews, People also ask, Related searches, Ads top, Ads bottom"
premium netflix,"Informational, Transactional",41,90,61,0.00,"AI Overview, Reviews, Video, People also ask, Related searches"
programm rtl live,"Informational, Transactional",45,90,,0.55,"Video, People also ask, Related searches, Ads bottom"
radio xtream,"Informational, Commercial",55,90,16,0.00,"Reviews, Related searches"
receiver hd kaufen,Transactional,33,90,29,0.33,"Video, People also ask, Related searches"
receiver sky,Transactional,35,90,32,1.73,"Reviews, Image, Video, People also ask, Related searches, Ads bottom"
receiver stream,"Informational, Commercial",37,90,12,0.00,"Reviews, Video, People also ask, Related searches"
recommended kodi addons,Commercial,35,90,37,0.00,"Sitelinks, Reviews, Video, Video carousel, People also ask"
rtl 2 kostenlos,Commercial,36,90,31,2.02,"AI Overview, Video, People also ask, Related searches"
rtl 2 kostenlos schauen,Commercial,36,90,28,1.23,"Reviews, Video, People also ask, Related searches"
rtl 4 live,"Navigational, Transactional",33,90,34,0.71,"AI Overview, Reviews, Video, People also ask, Related searches"
rtl de stream live,"Navigational, Transactional",37,90,83,0.71,"Reviews, Video, People also ask, Related searches"
rtl ii livestream,Commercial,38,90,31,0.68,"Reviews, Video, People also ask, Related searches"
rtl kostenlos live gucken,Commercial,38,90,30,0.89,"Reviews, Video, People also ask, Related searches, Ads bottom"
rtl kostenlos ohne anmeldung live,Transactional,45,90,39,0.00,"AI Overview, Reviews, Video, People also ask, Related searches"
rtl kostenlos streamen ohne anmeldung,Transactional,41,90,45,0.00,"AI Overview, Reviews, Video, People also ask, Related searches"
rtl kostenlos tv,Transactional,37,90,50,0.76,"Reviews, Video, People also ask, Related searches, Ads bottom"
rtl live now,"Navigational, Transactional",45,90,67,0.26,"Reviews, Video, People also ask, Related searches"
rtl live sender,"Navigational, Transactional",45,90,69,0.70,"Sitelinks, Reviews, Video, People also ask, Related searches"
rtl live ticker,"Navigational, Transactional",32,90,62,0.00,"Reviews, Video, People also ask, Top stories, Related searches"
rtl livestraem,"Navigational, Transactional",37,90,48,0.60,"Reviews, Video, People also ask, Related searches"
rtl livestream hd,"Navigational, Transactional",38,90,52,0.87,"Reviews, Video, People also ask, Related searches"
rtl livestream mediathek,"Navigational, Transactional",38,90,48,0.00,"Reviews, Video, People also ask, Related searches"
rtl livew,"Navigational, Transactional",37,90,68,0.47,"Reviews, Video, People also ask, Top stories, Related searches"
rtl media,"Navigational, Transactional",33,90,70,0.14,"Sitelinks, Reviews, Video, People also ask, Related searches"
rtl mediathek livestream,"Navigational, Transactional",34,90,44,0.00,
rtl online live,"Navigational, Transactional",45,90,53,1.00,"Video, People also ask, Top stories, Related searches"
rtl online sehen,"Navigational, Transactional",37,90,46,0.82,"Reviews, Video, People also ask, Related searches, Ads bottom"
rtl plus fernsehprogramm heute,Commercial,45,90,44,0.33,"People also ask, Related searches"
rtl plus live programm heute,"Navigational, Transactional",45,90,85,0.15,"Sitelinks, People also ask, Related searches"
rtl punkt 12 live,"Navigational, Transactional",35,90,34,0.00,"Sitelinks, Video, People also ask, Related searches"
rtl sender live,"Navigational, Transactional",45,90,67,0.70,"Sitelinks, Reviews, Video, People also ask, Related searches"
rtl stream ohne anmeldung,"Navigational, Transactional",38,90,42,1.31,"AI Overview, Reviews, Video, People also ask, Related searches"
rtl stream online kostenlos,Commercial,37,90,60,1.36,"AI Overview, Reviews, Video, People also ask, Related searches"
rtl tv kostenlos,Commercial,41,90,44,0.72,"Reviews, Video, People also ask, Related searches"
rtl tv live heute,"Navigational, Transactional",45,90,51,0.36,"Reviews, Video, People also ask, Related searches"
rtl wiederholung,"Informational, Transactional",30,90,51,0.52,"Video, People also ask, Related searches"
rtl1,"Informational, Transactional",30,90,67,0.65,"Reviews, Video, Related searches"
rtl2 gucken,Commercial,35,90,45,0.77,"Reviews, Video, People also ask, Related searches"
samsung sat receiver,Commercial,32,90,30,0.07,"People also ask, Popular products"
sat 1 hd live stream,Commercial,37,90,29,0.70,"Reviews, Video, People also ask, Related searches, Ads bottom"
sat 1 live ohne anmelden,"Navigational, Transactional",35,90,31,0.41,"Reviews, Video, Related searches"
sat receiver digital,"Informational, Commercial",35,90,17,0.19,"Video, Video carousel, People also ask, Related searches, Popular products"
sat receiver mit apps,Commercial,44,90,11,0.34,"Sitelinks, Video, People also ask, Related searches, Popular products"
satellite and receiver,"Informational, Commercial",37,90,14,0.15,"Image pack, Video, Related searches, Popular products"
satellite tv live,Commercial,40,90,58,0.32,"AI Overview, Reviews, Video, People also ask, Related searches"
save tv angebot,"Informational, Transactional",40,90,21,1.66,"Sitelinks, Reviews, Video, People also ask, Related searches"
sendung verpasst rtl2 now,"Informational, Transactional",31,90,45,0.00,"Reviews, People also ask, Related searches"
serie illegal streamen,"Informational, Commercial",46,90,46,0.00,"Sitelinks, Reviews, Video, People also ask, Related searches"
set box tv,"Informational, Commercial",39,90,17,1.14,"Sitelinks, Reviews, Video, People also ask, Related searches, Popular products"
set top box tv,Commercial,45,90,13,0.88,"Image pack, People also ask, Related searches, Popular products"
siptv apk,"Informational, Transactional",49,90,28,0.00,"Reviews, Video, People also ask, Related searches"
sky abo mit netflix,Commercial,41,90,34,1.71,"AI Overview, Reviews, Video, People also ask, Related searches, Ads bottom, Ads middle"
sky q receiver bestellen,"Informational, Transactional",45,90,29,1.92,"AI Overview, Reviews, People also ask, Related searches"
smart iptv app kostenlos,"Informational, Commercial",68,90,30,0.00,"AI Overview, Reviews, Video, People also ask, Related searches"
smart iptv download chip,Transactional,68,90,42,0.00,"Video, People also ask, Related searches"
smart iptv eu,"Informational, Transactional",49,90,29,0.00,"AI Overview, Reviews, Video, Video carousel, People also ask, Related searches"
smart iptv kaufen,Transactional,49,90,29,0.00,"Reviews, Video, People also ask, Related searches"
smart iptv player pro,"Informational, Transactional",68,90,39,0.00,"Reviews, Video, Video carousel, People also ask, Related searches"
smart satelliten receiver,"Informational, Commercial",37,90,25,0.16,"Video, Video carousel, People also ask, Related searches, Popular products"
smart tv and internet,Commercial,43,90,44,1.15,"Sitelinks, AI Overview, Reviews, Video, Video carousel, People also ask, Related searches"
smart tv stick usb,Commercial,41,90,22,0.45,"Sitelinks, Reviews, Video, People also ask, Related searches, Popular products"
smarters lite,"Informational, Transactional",32,90,34,0.00,"Reviews, People also ask, Knowledge panel, Related searches"
smaters player lite,"Informational, Transactional",47,90,27,0.36,"Reviews, Video, People also ask, Knowledge panel, Related searches"
stick hdmi smart tv,Commercial,39,90,26,0.64,"Sitelinks, People also ask, Related searches"
stream anbieter,"Informational, Commercial",42,90,45,2.07,"Sitelinks, AI Overview, Video, People also ask, Related searches, Ads top, Ads middle"
stream tv free,Commercial,39,90,52,0.94,"Reviews, Video, People also ask, Related searches"
stream tv tv series,Commercial,39,90,61,2.94,"AI Overview, Reviews, Video, People also ask, Related searches"
streamanbieter,Commercial,51,90,45,7.65,"AI Overview, Reviews, Video, People also ask, Related searches, Ads middle"
streaming apk,Commercial,49,90,33,0.00,"AI Overview, Reviews, Video, People also ask, Related searches"
streaming dienst vergleich,Commercial,51,90,37,1.60,"Reviews, Video, Video carousel, People also ask, Related searches"
streaming services germany,Commercial,37,90,50,1.56,"Sitelinks, AI Overview, Reviews, Video, People also ask, Related searches"
streaming vergleich,Commercial,42,90,38,1.89,"Reviews, Video, People also ask, Related searches"
streaming-dienste vergleich,Commercial,51,90,35,1.33,"AI Overview, Reviews, Video, People also ask, Related searches"
super rtl livestream kostenlos,Commercial,45,90,39,0.00,"Video, People also ask, Related searches"
superrtl livestream,Commercial,37,90,22,0.73,"Reviews, Video, People also ask, Related searches"
t online fernsehen,Commercial,33,90,42,0.42,"Reviews, Video, Video carousel, People also ask, Related searches"
t online tv,Commercial,40,90,50,0.55,"Reviews, Video, People also ask, Top stories, Related searches"
tarnkappe iptv,"Navigational, Transactional",48,90,23,0.00,"Sitelinks, Reviews, Related searches"
telekom de magentatv login,Transactional,46,90,34,0.00,"Video, People also ask, Related searches"
telekom internet und magenta tv,Commercial,46,90,48,2.70,"Reviews, People also ask, Related searches, Ads top, Ads bottom"
telekom magenta tv und internet,Commercial,46,90,33,3.36,"AI Overview, Reviews, People also ask, Related searches, Ads top, Ads middle"
telekom tv app,Transactional,43,90,46,3.74,"Reviews, Video, People also ask, Related searches"
television gratis online,Commercial,39,90,56,0.00,"AI Overview, Reviews, Video, Related searches"
top rated kodi addons,Commercial,36,90,36,0.00,"Sitelinks, Reviews, Video, Video carousel"
tv auf pc schauen,Commercial,43,90,42,0.76,"AI Overview, Reviews, Video, People also ask, Related searches, Ads bottom, Ads middle"
tv box 4k,"Informational, Transactional",38,90,29,0.74,"Reviews, Video, Video carousel, People also ask, Related searches, Popular products"
tv box kaufen,Transactional,55,90,22,1.46,"Video, People also ask, Related searches, Popular products"
tv fernsehen live,Commercial,38,90,60,0.72,"Reviews, Video, Video carousel, People also ask, Related searches"
tv live free,Commercial,38,90,62,1.58,"Reviews, Video, People also ask, Related searches"
tv magenta login,Commercial,46,90,33,0.00,"Video, People also ask, Related searches"
tv mit satellit,"Informational, Commercial",45,90,16,0.96,"Reviews, Video, People also ask, Related searches, Popular products"
tv mit satelliten receiver,Commercial,35,90,19,0.21,"Video, People also ask, Related searches, Popular products, Ads middle"
tv programm streamen kostenlos,Commercial,38,90,45,0.66,"Reviews, Video, People also ask, Related searches"
tv receiver integriert,Commercial,39,90,16,0.15,"Reviews, Video, People also ask, Related searches"
tv receiver mit festplatte,Commercial,37,90,18,0.38,"Video, People also ask, Related searches, Popular products"
tv receiver über internet,Commercial,44,90,24,1.20,"Sitelinks, Reviews, Video, People also ask, Related searches, Popular products, Ads top, Ads middle"
tv schauen am pc,Commercial,44,90,24,0.76,"AI Overview, Reviews, Video, Video carousel, People also ask, Related searches, Ads top, Ads middle"
tv schauen ohne kabel,Commercial,41,90,24,2.30,"Sitelinks, Reviews, Video, Video carousel, People also ask, Related searches, Popular products, Ads top, Ads middle"
tv streaming online live,Commercial,39,90,67,0.54,"Reviews, Video, Related searches"
tv umsonst schauen,Commercial,36,90,50,1.04,"Reviews, Video, People also ask, Related searches"
tv watch,"Informational, Transactional",34,90,39,0.62,"Reviews, Image, Image pack, Video, Video carousel, People also ask, Related searches, Popular products"
tv über internet receiver,Commercial,45,90,30,1.20,"Sitelinks, Reviews, Video, People also ask, Related searches, Popular products"
tv über pc schauen,"Informational, Commercial",43,90,17,0.95,"AI Overview, Reviews, Video, People also ask, Related searches"
tv über stick,Commercial,41,90,28,1.41,"Sitelinks, Reviews, Video, Video carousel, People also ask, Related searches, Popular products"
tvbrowser download,"Informational, Transactional",43,90,35,0.24,"Reviews, People also ask, Related searches"
vergleich fernsehanbieter,Commercial,42,90,39,1.14,"Sitelinks, Reviews, Video, People also ask, Related searches, Ads top, Ads bottom"
vergleich streaming,Commercial,41,90,40,1.89,"Reviews, Video, People also ask, Related searches"
video to tv,"Informational, Transactional",35,90,37,1.39,"Reviews, Video, Video carousel, People also ask, Related searches"
waipu alternativen,Commercial,36,90,25,0.78,"AI Overview, Reviews, Video, People also ask, Related searches"
waipu amazon,"Informational, Transactional",39,90,32,0.00,"Reviews, Video, People also ask, Related searches, Ads bottom"
waipu perfect,"Navigational, Transactional",35,90,34,0.08,"AI Overview, Reviews, Image, Video carousel, People also ask, Related searches"
waipu rtl,"Navigational, Transactional",36,90,26,0.64,"AI Overview, Reviews, Video, People also ask, Related searches, Ads bottom"
waipu stick 2. generation,Transactional,45,90,36,0.11,"Reviews, Video, People also ask, Related searches, Popular products"
waipu tv 1 monat kostenlos,"Navigational, Transactional",44,90,28,0.53,"AI Overview, Reviews, Video, People also ask, Related searches"
waipu tv mit stick,Transactional,45,90,46,0.23,"Reviews, Video, Video carousel, People also ask, Related searches, Popular products"
waipu tv preis,"Navigational, Transactional",45,90,46,0.04,"Reviews, Video, People also ask, Related searches"
waipu tv programme,"Navigational, Transactional",36,90,22,0.03,"Sitelinks, Reviews, Video, People also ask, Related searches, Ads bottom"
waipu tv stick kaufen media markt,Transactional,45,90,24,0.25,"Video, People also ask, Related searches"
waipu tv vergleich,Commercial,45,90,40,0.42,"Sitelinks, AI Overview, Reviews, Video, People also ask, Related searches"
waipu tv-stick ohne abo,Commercial,45,90,33,0.24,"Sitelinks, Reviews, People also ask, Related searches"
was ist der beste musik streaming dienst,Commercial,51,90,19,0.71,"Sitelinks, AI Overview, Reviews, Video, People also ask, Related searches, Ads bottom"
was ist eine set-top-box,"Informational, Commercial",47,90,13,0.46,"AI Overview, Reviews, Video, People also ask, Related searches"
web browser iptv,Commercial,54,90,44,0.00,"Reviews, Video, People also ask, Related searches"
welcher iptv player ist der beste,Commercial,68,90,,0.00,"AI Overview, Reviews, Video, People also ask, Related searches"
welcher streamingdienst ist der beste,Commercial,43,90,30,1.46,"AI Overview, Reviews, Video, Video carousel, People also ask, Related searches"
what is iptv github,"Navigational, Transactional",51,90,70,0.00,"AI Overview, People also ask, Related searches"
wieviel kostet waipu tv,"Informational, Transactional",34,90,50,0.06,"Sitelinks, AI Overview, Reviews, People also ask, Related searches"
wlan fernseher kaufen,Transactional,33,90,22,0.29,"Video, People also ask, Related searches, Popular products, Ads bottom"
wlan tv empfänger,Commercial,37,90,19,0.33,"Video, People also ask, Related searches, Popular products, Ads bottom"
wo kann ich waipu tv kaufen,Transactional,45,90,45,0.28,"Reviews, People also ask, Local pack, Related searches"
xtreamcube,"Navigational, Transactional",55,90,0,0.76,Related searches
youtube auf fernseher anmelden,Transactional,49,90,36,0.00,"AI Overview, Video, Video carousel, People also ask, Related searches, Ads middle"
youtube tv smart tv,"Informational, Transactional",41,90,43,0.00,"Reviews, Video, Video carousel, People also ask, Related searches"
zattoo test,Commercial,33,90,22,1.83,"Sitelinks, AI Overview, Reviews, Video, People also ask, Related searches"
2nd generation google chromecast,"Informational, Transactional",35,70,25,0.00,"Reviews, Video, Video carousel, People also ask, Related searches"
9xtream d & play iptv,Commercial,55,70,24,0.00,"Video, People also ask, Related searches"
abo kosten netflix,"Informational, Transactional",45,70,44,0.94,"AI Overview, People also ask, Related searches"
abo preise netflix,Transactional,45,70,46,0.94,"AI Overview, Reviews, Video, People also ask, Related searches"
alternativen zu magenta tv,Commercial,46,70,19,0.69,"AI Overview, Video, People also ask, Related searches, Ads top"
amazon fire tv stick waipu,"Informational, Transactional",39,70,20,0.00,"Image, Video, People also ask, Related searches"
anbieter fernsehen über internet,Commercial,57,70,41,1.82,"AI Overview, Reviews, Video, People also ask, Related searches, Ads top, Ads middle"
android stick hdmi,Commercial,36,70,23,0.33,"Reviews, Video, People also ask, Related searches, Popular products"
anmelden bei magenta tv,Transactional,46,70,37,4.10,"Featured snippet, Reviews, Video carousel, People also ask, Related searches"
aplle tv box,"Navigational, Transactional",55,70,49,0.30,"Sitelinks, Video, People also ask, Related searches, Popular products"
app magenta tv,Commercial,49,70,54,0.00,"AI Overview, Reviews, Video carousel, People also ask, Related searches, Ads top"
app store sony bravia,"Informational, Transactional",40,70,39,0.00,"AI Overview, Reviews, Video, People also ask, Related searches"
apple tv magenta tv app,"Informational, Transactional",45,70,47,4.92,"Reviews, Video, People also ask, Related searches"
apple tv über amazon,"Informational, Transactional",45,70,41,0.42,"Reviews, Video, People also ask, Related searches"
apps for tv,"Informational, Commercial",46,70,22,1.72,"AI Overview, Reviews, People also ask, Related searches"
apps in apple tv 4k,Transactional,46,70,33,0.00,"Sitelinks, Reviews, Video, People also ask, Related searches"
best iptv player for android,Commercial,64,70,47,0.00,"Sitelinks, AI Overview, Reviews, Video, Video carousel, People also ask, Related searches"
best iptv providers,"Informational, Commercial",52,70,49,0.00,"Featured snippet, Sitelinks, Video, Video carousel, People also ask, Related searches"
beste streaming box 2025,Commercial,48,70,30,0.00,"Sitelinks, Reviews, Video, People also ask, Related searches"
beste streaming dienst,Commercial,51,70,35,1.89,"AI Overview, Reviews, Video, People also ask, Related searches"
beste streaming-dienste,Commercial,51,70,40,1.71,"Sitelinks, AI Overview, Reviews, Video, People also ask, Related searches, Ads bottom"
beste tv programm app kostenlos,Commercial,46,70,46,0.36,"AI Overview, Reviews, Video, People also ask, Related searches"
besten streaming dienste,Commercial,45,70,37,1.89,"AI Overview, Reviews, Video, People also ask, Related searches, Ads middle"
bester internet tv anbieter,Commercial,46,70,39,2.11,"Sitelinks, AI Overview, Reviews, Video, People also ask, Related searches, Ads top, Ads middle"
box internet tv,Commercial,40,70,16,1.90,"Reviews, Video, People also ask, Related searches, Popular products"
box tv amazon,"Informational, Transactional",36,70,33,0.53,"People also ask, Related searches, Popular products"
chrome cast tv,"Informational, Transactional",45,70,42,0.46,"Reviews, Video, Video carousel, People also ask, Knowledge panel, Related searches"
chromeca,"Informational, Transactional",31,70,39,0.36,"Reviews, Video, People also ask, Knowledge panel, Related searches"
chromecast download,"Informational, Transactional",39,70,48,0.24,"Reviews, Video, People also ask, Related searches"
deutsche fernsehen kostenlos ohne anmeldung,"Navigational, Transactional",34,70,50,0.00,"Sitelinks, AI Overview, Reviews, Video, People also ask, Related searches"
deutsche iptv,"Informational, Commercial",57,70,20,0.00,"AI Overview, Video, Related searches"
entertain plus,Commercial,36,70,19,1.95,"Reviews, Video, People also ask, Related searches"
europe iptv,Commercial,51,70,18,0.75,"Video, People also ask, Related searches"
fernseh kabelanbieter,Commercial,34,70,38,1.37,"AI Overview, Reviews, Video, People also ask, Related searches, Ads top, Ads middle"
fernseh live rtl,"Navigational, Transactional",45,70,59,0.65,"Reviews, Video, People also ask, Related searches"
fernseh online schauen kostenlos,Commercial,36,70,51,0.85,"Reviews, Image, Video, People also ask, Related searches, Ads bottom"
fernseh über internet anbieter,"Informational, Commercial",57,70,35,1.82,"AI Overview, Reviews, Video, People also ask, Related searches, Ads top, Ads middle"
fernsehanbieter kabel,Commercial,37,70,33,1.25,"Reviews, Video, People also ask, Related searches"
fernsehen am computer,"Informational, Commercial",42,70,16,0.42,"AI Overview, Reviews, Video, People also ask, Related searches, Ads bottom, Ads middle"
fernsehen am ipad kostenlos,Commercial,43,70,30,0.39,"AI Overview, Reviews, Video, Video carousel, People also ask, Related searches, Ads top, Ads middle"
fernsehen auf ipad kostenlos,"Informational, Commercial",40,70,31,0.39,"AI Overview, Reviews, Video, Video carousel, People also ask, Related searches, Ads bottom, Ads middle"
fernsehen im internet ohne anmeldung kostenlos,Transactional,35,70,40,0.00,"AI Overview, Reviews, Video, People also ask, Related searches"
fernsehen in deutschland,"Informational, Transactional",32,70,47,1.67,"Sitelinks, Reviews, Video, People also ask, Knowledge panel, Related searches"
fernsehen ipad kostenlos,"Informational, Commercial",40,70,33,0.38,"AI Overview, Reviews, Video, People also ask, Related searches, Ads bottom, Ads middle"
fernseher kaufen mit wlan,Transactional,36,70,25,0.30,"Sitelinks, Video, People also ask, Local pack, Related searches, Popular products"
fernseher mit magenta tv,Transactional,36,70,39,1.57,"Reviews, Video, Video carousel, People also ask, Related searches"
fernseher satellit kabel,Commercial,45,70,12,0.17,"Image pack, Video, Video carousel, People also ask, Related searches, Popular products"
fernsehschauen online,Commercial,37,70,74,1.57,"AI Overview, Reviews, Video, People also ask, Related searches, Ads top"
fernsehsender im internet,Commercial,38,70,59,0.80,"AI Overview, Reviews, Video, People also ask, Related searches, Ads top, Ads middle"
fire tv stick crack iptv,"Informational, Transactional",54,70,30,0.00,"Sitelinks, AI Overview, Video, Video carousel, People also ask, Related searches"
fire tv stick cracked,"Informational, Transactional",40,70,27,0.00,"Sitelinks, Video, Video carousel, People also ask, Related searches"
flix ipt apk,Commercial,46,70,19,0.00,"People also ask, Related searches"
free internet tv streaming,"Informational, Commercial",39,70,48,1.35,"AI Overview, Reviews, Video, Related searches, Ads bottom"
free tv online streaming,Commercial,37,70,50,1.69,"AI Overview, Reviews, Video, Related searches"
free watch online tv,Commercial,33,70,90,0.63,"Reviews, Video, People also ask, Related searches"
google tv streamer vs chromecast,Commercial,41,70,25,0.00,"AI Overview, Reviews, Video, Video carousel, People also ask, Related searches"
gratis fernseh schauen,Commercial,36,70,35,0.62,"Reviews, Video, People also ask, Related searches"
gratis online fernsehen,Commercial,37,70,34,0.89,"AI Overview, Reviews, Video, People also ask, Related searches, Ads middle"
gratis rtl schauen,Commercial,36,70,50,1.38,"Sitelinks, AI Overview, Reviews, Video, People also ask, Ads top, Ads middle"
greatestiptv .com,"Navigational, Transactional",48,70,0,0.00,"Reviews, Video"
günstig tv schauen,Commercial,40,70,53,2.39,"Sitelinks, Reviews, Video, Video carousel, People also ask, Related searches"
hd receiver für fernseher,Commercial,45,70,30,0.45,"Video, People also ask, Related searches, Popular products"
hd receiver mit festplatte,"Informational, Commercial",35,70,12,0.08,"Video, People also ask, Related searches"
hd reciever,Commercial,33,70,23,0.54,"Video, Video carousel, People also ask, Related searches, Popular products, Ads bottom"
hdmi smart tv stick,Commercial,40,70,25,0.64,"Sitelinks, Reviews, Video, People also ask, Related searches, Popular products"
hdmi streaming stick,Commercial,39,70,31,0.50,"Sitelinks, Reviews, Video, People also ask, Related searches, Popular products, Ads middle"
illegale film,Commercial,32,70,14,0.00,"Reviews, Video, Video carousel, People also ask, Related searches"
ingyenes tv,Commercial,39,70,38,2.58,"Reviews, Video, People also ask, Related searches"
installer kodi,"Informational, Transactional",45,70,24,0.00,"Reviews, Video, Video carousel, People also ask"
internet fernsehen receiver,Commercial,43,70,17,1.75,"Sitelinks, Reviews, Video, People also ask, Related searches, Popular products, Ads bottom"
internet für fernseher,Commercial,39,70,35,1.63,"Reviews, Video, People also ask"
internet receiver für tv,Commercial,41,70,17,1.20,"Sitelinks, Reviews, Video, People also ask, Related searches, Popular products"
internet tv receiver wlan,Commercial,40,70,22,1.24,"Sitelinks, Video, People also ask, Related searches, Popular products"
ip tv app fire tv,"Informational, Commercial",60,70,27,0.00,"Sitelinks, AI Overview, Video, Video carousel, People also ask, Related searches"
ip tv für fire tv stick,"Informational, Commercial",60,70,11,0.00,"Sitelinks, AI Overview, Video, Video carousel, People also ask, Related searches"
ip tv germany,"Informational, Commercial",48,70,16,0.88,"AI Overview, Video, People also ask, Related searches"
ip tv pro,"Informational, Transactional",49,70,36,0.94,"Reviews, Video, Video carousel, People also ask, Related searches"
iptv android tv box,"Informational, Commercial",47,70,22,0.00,"Reviews, Video, Video carousel, People also ask, Related searches, Popular products"
iptv app pc,Commercial,73,70,36,0.00,"Reviews, Video, People also ask, Related searches"
iptv boxen,Commercial,52,70,17,0.87,"Video, People also ask, Related searches, Popular products"
iptv free trail,"Informational, Commercial",52,70,0,0.00,"Sitelinks, Video, Video carousel, Related searches"
iptv m3u kaufen,Commercial,53,70,14,0.00,"AI Overview, Related searches"
iptv player linux,"Informational, Commercial",50,70,12,0.00,"AI Overview, Reviews, Video, Related searches"
iptv playlist kaufen,Commercial,49,70,8,0.00,"Video, Related searches"
iptv playlist reddit,"Navigational, Transactional",55,70,34,0.00,Related searches
iptv smart player windows,Transactional,58,70,40,0.00,"Reviews, Video, Video carousel, People also ask, Related searches"
iptv smarters pro مهكر,Commercial,51,70,7,0.00,
iptv tv apk,"Informational, Commercial",49,70,31,0.00,"AI Overview, Reviews, Video, People also ask, Related searches"
iptv windows download,"Informational, Commercial",54,70,44,0.00,"Video, Related searches"
iptvsmater,"Informational, Transactional",42,70,40,0.83,"Reviews, Video, People also ask, Related searches"
iptvus,Commercial,46,70,42,1.20,"Reviews, People also ask"
italia tv streaming,Commercial,52,70,,0.85,"AI Overview, Reviews, Video, Related searches"
kabel receiver hd,Commercial,33,70,15,0.50,"Reviews, Video, Video carousel, People also ask, Related searches, Popular products"
kabel receiver mit smart tv funktion,Commercial,42,70,18,0.32,"Sitelinks, Reviews, Video, People also ask, Related searches, Popular products"
kabellos fernsehen über wlan,Commercial,39,70,20,1.01,"Sitelinks, Reviews, Video, Video carousel, People also ask, Related searches, Ads top, Ads bottom"
kaufeniptv,Commercial,49,70,2,0.89,"Video, People also ask, Ads top, Ads middle"
kodi addons 2025,Commercial,46,70,,0.37,"Sitelinks, Video, Video carousel, People also ask"
kodi best addons,Commercial,35,70,25,0.00,"Sitelinks, Reviews, Video"
kodi beste addons,Commercial,46,70,13,0.00,"Sitelinks, Reviews, Video, People also ask"
kodi live tv addon,Commercial,43,70,6,0.00,"Sitelinks, Video, People also ask"
kostenlos fernsehen im internet ohne anmeldung,"Navigational, Transactional",39,70,32,0.00,"AI Overview, Reviews, Video, People also ask, Related searches"
kostenlos fernsehen ohne anmeldung internet,"Navigational, Transactional",38,70,32,0.00,"AI Overview, Reviews, Video, People also ask, Related searches"
kostenlos im internet fernsehen ohne anmeldung,Transactional,36,70,37,0.00,"AI Overview, Reviews, Video, People also ask, Related searches, Ads bottom"
kostenlos internet fernsehen ohne anmeldung,Transactional,39,70,30,0.00,"Reviews, Video, People also ask, Related searches"
kostenlos rtl live stream,"Navigational, Transactional",37,70,47,1.43,"Reviews, Video, People also ask, Related searches"
kostenlose netflix,"Informational, Transactional",37,70,46,1.04,"Reviews, Image, Video, People also ask, Related searches"
live stream fernsehen rtl,Transactional,45,70,46,0.56,"Reviews, Video, People also ask, Related searches"
live tv apk,"Informational, Commercial",49,70,23,0.52,"AI Overview, Reviews, Video, Related searches"
m3u playlisten,Commercial,44,70,24,0.75,"Reviews, People also ask, Related searches"
magenta programmliste,Commercial,45,70,28,4.21,"Image, Video, People also ask, Related searches"
magenta tv 1 generation vs 2 generation,"Informational, Commercial",37,70,21,6.82,"AI Overview, Reviews, Video, Video carousel, People also ask, Related searches"
magenta tv 2.0 anmelden,"Informational, Transactional",33,70,25,4.16,"Reviews, Video carousel, People also ask, Related searches"
magenta tv gerät,"Informational, Transactional",46,70,25,3.48,"Reviews, Video, Video carousel, People also ask, Related searches, Popular products"
magenta tv konto,"Informational, Transactional",46,70,43,3.78,"Reviews, Video, Video carousel, People also ask, Related searches, Ads bottom"
magenta tv mobil,Commercial,39,70,49,4.68,"AI Overview, Reviews, Video, People also ask, Related searches, Ads top"
magenta tv s,Commercial,36,70,16,3.71,"Reviews, People also ask, Related searches, Ads top"
magenta tv verfügbarkeit,Commercial,37,70,48,1.48,"Reviews, People also ask, Related searches"
magenta tv vorteile,Commercial,46,70,31,3.42,"AI Overview, Video, People also ask, Related searches, Ads top"
magenta tv zusatzpakete,Commercial,36,70,33,3.77,"AI Overview, Reviews, Video, People also ask, Related searches"
magentatv box play,"Informational, Transactional",35,70,17,4.77,"Sitelinks, Reviews, Video, Video carousel, People also ask, Related searches, Popular products"
nachrichten rtl von gestern,"Navigational, Transactional",29,70,45,0.00,"Video, People also ask, Related searches"
netflix abokosten,"Informational, Transactional",36,70,49,1.21,"AI Overview, Reviews, Video, People also ask, Related searches"
netflix free trial germany,"Navigational, Transactional",45,70,57,2.19,"Video, People also ask, Related searches"
netflix koste,"Informational, Transactional",45,70,50,0.47,"AI Overview, Reviews, Video, People also ask, Related searches"
netflix monatlich kosten,"Informational, Transactional",45,70,48,1.11,"AI Overview, Reviews, Video, People also ask, Related searches"
netflix über magenta anmelden,Transactional,46,70,19,5.02,"AI Overview, Reviews, Video, People also ask, Related searches, Ads middle"
netflix-serien liste,Commercial,30,70,43,0.03,"Sitelinks, Video, People also ask, Related searches"
o2tvapp,Commercial,45,70,33,0.99,"AI Overview, Reviews, Video, Video carousel, People also ask, Related searches, Ads bottom"
online deutsche fernsehen,Commercial,37,70,37,0.60,"Reviews, Video, People also ask, Related searches"
online deutsches fernsehen,Commercial,37,70,42,1.56,"Reviews, Video, People also ask, Related searches, Ads top, Ads middle"
online rtl,Transactional,45,70,71,1.54,"Video, People also ask, Top stories, Related searches"
online stream rtl,"Navigational, Transactional",41,70,36,0.97,"Sitelinks, Reviews, Video, People also ask, Related searches"
online tv recorder kostenlos,"Informational, Commercial",46,70,40,0.75,"AI Overview, Reviews, Video, People also ask, Related searches"
premium-abo netflix,"Informational, Transactional",45,70,61,1.77,"AI Overview, Reviews, Video, People also ask, Related searches"
prosieben kostenlos stream,Commercial,38,70,30,0.45,"Reviews, Video, People also ask, Related searches"
prosieben live ohne anmelden,"Navigational, Transactional",33,70,34,0.37,"Reviews, Video, People also ask, Related searches"
receiver für hd empfang,Commercial,33,70,27,0.19,"Video, Video carousel, People also ask, Related searches, Popular products, Ads top, Ads middle"
receiver für internetfernsehen,Commercial,39,70,20,1.75,"Reviews, Video, People also ask, Related searches, Popular products"
receiver für sat schüssel,Commercial,34,70,23,0.12,"Video, People also ask, Related searches, Popular products"
receiver internet fernsehen,Commercial,43,70,18,1.75,"Sitelinks, Reviews, Video, People also ask, Related searches, Popular products"
receiver tv kabel,Commercial,33,70,18,0.39,"Reviews, Video, Video carousel, People also ask, Related searches, Popular products"
receiver ultra hd,Commercial,36,70,13,0.67,"Reviews, Video, People also ask, Related searches, Popular products"
rtl am pc schauen,Commercial,41,70,49,1.10,"Sitelinks, AI Overview, Reviews, Video, People also ask, Related searches, Ads top, Ads bottom"
rtl jetzt schauen,"Navigational, Transactional",45,70,60,0.74,"Sitelinks, Reviews, Video, People also ask, Related searches"
rtl live steam,"Navigational, Transactional",35,70,49,0.63,"Reviews, Video, People also ask, Related searches"
rtl livestrea,"Navigational, Transactional",45,70,49,0.60,"Reviews, Video, People also ask, Related searches"
rtl livestream.de,"Navigational, Transactional",45,70,60,0.96,"Reviews, Video, People also ask"
rtl livestrream,"Navigational, Transactional",45,70,48,0.60,"Reviews, Video, People also ask, Related searches"
rtl m,"Navigational, Transactional",31,70,78,0.55,"Reviews, Video, People also ask, Related searches, Ads top, Ads bottom"
rtl online tv,"Navigational, Transactional",38,70,47,0.86,"Sitelinks, Reviews, Video, People also ask, Related searches"
rtl stream live free,"Navigational, Transactional",37,70,40,1.25,"Reviews, Video, People also ask, Related searches"
rtl tv kostenlos streamen,Commercial,45,70,44,1.07,"Sitelinks, Video, People also ask, Related searches, Ads bottom"
rtl tv streaming,Transactional,45,70,66,0.97,"Sitelinks, Video, People also ask, Top stories, Related searches"
sat live stream,Commercial,37,70,35,0.51,"Reviews, Video, Related searches, Ads bottom"
sat receiver günstig,Commercial,33,70,16,0.18,"Video carousel, People also ask, Related searches, Popular products"
sat receiver mediathek,Commercial,35,70,21,0.12,"People also ask, Related searches"
sat receiver mit mediathek,Commercial,37,70,18,0.12,"People also ask, Related searches"
sat resiver,Commercial,30,70,23,0.15,"Video, Video carousel, People also ask, Related searches, Popular products"
satelliten hd,Commercial,45,70,,0.94,"AI Overview, Reviews, Video, People also ask, Related searches, Ads bottom, Ads middle"
senderliste o2 tv,Commercial,51,70,22,0.56,"AI Overview, Reviews, Video, People also ask, Related searches, Ads top, Ads bottom"
sky q box kaufen,Transactional,45,70,,0.53,"Reviews, Image, People also ask, Related searches, Popular products"
sky q mini receiver,"Informational, Transactional",34,70,29,1.13,"Reviews, Video, People also ask, Related searches, Popular products"
smart tv stick für fernseher,Commercial,41,70,28,0.48,"Sitelinks, Reviews, Video, Video carousel, People also ask, Related searches, Popular products"
smart tv stick hdmi,Commercial,40,70,28,0.64,"Sitelinks, Reviews, Video, People also ask, Related searches, Popular products"
smart tv wlan fähig,Commercial,40,70,23,0.20,"Reviews, Video, Video carousel, People also ask, Related searches, Popular products"
smarters pro app,"Informational, Commercial",51,70,38,0.42,"AI Overview, Reviews, Video, Video carousel, People also ask, Related searches"
smarttube.apk,"Informational, Transactional",49,70,49,0.23,"Sitelinks, Reviews"
stick fernseher,Commercial,39,70,32,1.21,"Sitelinks, Reviews, Image, Image pack, Video, Video carousel, People also ask, Related searches, Popular products, Ads top, Ads middle"
stream stick,Commercial,37,70,22,1.35,"Sitelinks, Video, Video carousel, People also ask, Knowledge panel, Related searches, Popular products, Ads bottom"
streaming dienste test,Commercial,41,70,41,1.46,"Reviews, Video, People also ask, Related searches"
streaming dienste vergleichen,Commercial,51,70,36,1.60,"Reviews, Video, People also ask, Related searches, Ads middle"
streaming tv italiana,Commercial,52,70,45,0.85,"Reviews, Video, People also ask, Related searches"
streaming tv vergleich,Commercial,47,70,39,2.11,"Sitelinks, Reviews, Video, People also ask, Related searches, Ads top, Ads middle"
streamingdienste vergleich,Commercial,40,70,36,1.60,"AI Overview, Reviews, Video, People also ask, Related searches"
telekom glasfaser magenta tv,"Navigational, Transactional",32,70,25,1.70,"Reviews, People also ask, Related searches, Ads top, Ads bottom"
telekom magenta netflix,Transactional,46,70,26,4.58,"Reviews, Video, Short videos, People also ask, Related searches, Ads top, Ads middle"
test streaming dienste,Commercial,43,70,37,0.87,"Reviews, Video, People also ask, Related searches"
thetv app,Commercial,46,70,32,1.18,"Video, People also ask"
tv go telekom,"Informational, Commercial",33,70,50,3.25,"Sitelinks, AI Overview, Reviews, People also ask, Related searches"
tv ohne kabel und satellit,Commercial,38,70,27,1.03,"Reviews, Video, Video carousel, People also ask, Related searches, Popular products, Ads top, Ads bottom"
tv ohne kabelanschluss,Commercial,40,70,21,1.50,"Reviews, Video, Video carousel, People also ask, Related searches, Ads top, Ads bottom"
tv onlien,Commercial,45,70,70,1.52,"Reviews, Video, People also ask, Related searches, Ads bottom"
tv online app,"Informational, Commercial",45,70,56,2.30,"AI Overview, Reviews, Video, People also ask, Related searches"
tv programm magenta,Transactional,35,70,29,2.03,"Reviews, Video, People also ask, Related searches"
tv receiver wlan,Commercial,37,70,23,0.88,"Sitelinks, Video, People also ask, Related searches, Popular products"
tv schauen auf dem laptop,"Informational, Commercial",42,70,15,1.00,"AI Overview, Reviews, Video, People also ask, Related searches, Ads bottom, Ads middle"
tv streamen anbieter,Commercial,51,70,35,2.47,"Sitelinks, AI Overview, Video, People also ask, Related searches, Ads top, Ads middle"
tv streaming dienste vergleich,Commercial,51,70,33,1.14,"Sitelinks, Video, People also ask, Related searches, Ads top, Ads bottom"
tv top tv,Commercial,40,70,22,0.38,"Reviews, Video, People also ask, Related searches"
uplptv,Commercial,53,70,12,1.45,"People also ask, Related searches"
vergleich streaming dienste musik,Commercial,51,70,29,0.44,"Sitelinks, AI Overview, Reviews, Video, People also ask, Related searches"
webplayer live tv,Commercial,54,70,26,1.58,"Video, People also ask, Related searches"
welches ist der beste streamingdienst,Commercial,51,70,36,1.56,"AI Overview, Reviews, Video, People also ask, Related searches"
wie kann ich mich bei magenta tv anmelden,"Informational, Transactional",46,70,,4.84,"AI Overview, Video, Video carousel, People also ask, Related searches, Ads bottom"
wifi fernseher,Commercial,39,70,24,0.64,"Video, People also ask, Related searches, Popular products"
wlan receiver tv,Commercial,34,70,23,0.75,"Video, People also ask, Related searches, Popular products"
wow mit netflix,"Informational, Commercial",35,70,25,0.86,"AI Overview, Reviews, Video, People also ask, Related searches"
www.telekom.de/magenta-tv/next-magenta-tv,Commercial,46,70,45,2.54,"Reviews, Video, People also ask, Ads top, Ads bottom"
xc iptv player,"Informational, Commercial",45,70,29,0.51,"AI Overview, Reviews, People also ask, Related searches"
