Keyword,Intent,Relevance,Volume,Keyword Difficulty,CPC (USD),SERP Features
rtl plus,"Navigational, Commercial",42,1000000,69,0.21,"Sitelinks, Reviews, Video, Video carousel, People also ask, Top stories, Related searches, Ads top, Ads bottom"
rtl live,"Navigational, Transactional",37,450000,64,0.47,"Reviews, Video, People also ask, Related searches"
handyvertrag,Commercial,38,90500,69,4.15,"Reviews, Video, Video carousel, People also ask, Related searches, Ads top, Ads bottom"
netflix filme,Transactional,33,74000,57,0.25,"Video, People also ask, Related searches"
netflix kosten,"Informational, Transactional",41,60500,54,0.93,"AI Overview, Reviews, Video, People also ask, Related searches"
telekom glasfaser,"Navigational, Transactional",47,60500,49,3.52,"Sitelinks, Reviews, Video, Video carousel, People also ask, Related searches"
router,"Informational, Transactional",37,40500,51,1.10,"Reviews, Video, Video carousel, People also ask, Knowledge panel, Related searches, Popular products"
telekom internet,"Navigational, Transactional",47,33100,44,3.82,"Reviews, People also ask, Related searches"
kabel 1 live,Commercial,40,27100,43,0.35,"Reviews, Video, People also ask, Related searches"
netflix neue filme,"Informational, Transactional",36,27100,48,0.19,"Video, People also ask, Related searches"
waipu tv stick,"Navigational, Transactional",35,27100,42,0.10,"Sitelinks, Image, Video, Video carousel, People also ask, Related searches, Ads top"
dsl angebote,Commercial,46,22200,53,3.30,"Sitelinks, AI Overview, Reviews, Video, People also ask, Related searches"
rtl live stream kostenlos ohne anmeldung,Transactional,40,22200,48,1.14,"AI Overview, Reviews, Video, Related searches"
dsl vergleich,Commercial,44,18100,48,3.84,"Sitelinks, Reviews, Video, People also ask, Related searches"
rtl live fußball,"Navigational, Transactional",40,18100,53,0.64,"Reviews, Video, People also ask, Related searches"
dsl anschluss,Commercial,45,14800,31,6.08,"AI Overview, Reviews, Video, People also ask, Related searches, Ads top, Ads bottom"
handytarife,"Informational, Commercial",38,14800,67,2.84,"Sitelinks, AI Overview, Reviews, Video, People also ask, Related searches"
kabel 1 programm,Commercial,38,14800,29,0.32,"AI Overview, Reviews, Video, People also ask, Related searches"
kostenlos fernsehen,Commercial,43,14800,57,0.64,"Reviews, Video, Related searches"
netflix abos,"Informational, Transactional",38,14800,63,1.63,"AI Overview, Reviews, Image pack, Video, People also ask, Related searches"
netflix preise,Transactional,41,14800,56,1.38,"AI Overview, Reviews, Video, People also ask, Related searches"
neu bei netflix,"Informational, Transactional",36,14800,53,0.66,"Video, People also ask, Related searches"
skygo,Transactional,35,14800,49,0.64,"AI Overview, Reviews, Video, People also ask, Related searches, Ads top"
telekom dsl,Transactional,43,14800,44,3.89,"AI Overview, Reviews, Video, People also ask, Related searches"
telekom verfügbarkeit,"Navigational, Transactional",43,14800,30,3.16,"Reviews, Related searches, Ads top, Ads bottom"
vodafone handyvertrag,Transactional,37,14800,55,2.29,"Reviews, Video, People also ask, Related searches, Ads top"
internet für zuhause,Commercial,43,12100,59,4.51,"Reviews, Video, People also ask, Related searches, Ads top, Ads bottom"
internet vergleich,Commercial,41,12100,54,5.23,"Sitelinks, Reviews, Video, People also ask, Related searches"
internet vertrag,Commercial,47,12100,61,6.54,"Reviews, Video, People also ask, Related searches, Ads top"
telekom angebote,Transactional,42,12100,53,0.86,"Reviews, Video, People also ask, Related searches"
tv stick,"Informational, Commercial",39,12100,31,1.37,"Reviews, Video, People also ask, Related searches, Popular products"
vodafone angebote,Transactional,36,12100,55,2.06,"Reviews, Video, People also ask, Related searches"
dein handy,Commercial,33,9900,53,1.84,"Reviews, People also ask, Knowledge panel, Related searches"
dsl vertrag,"Informational, Commercial",46,9900,60,6.60,"Reviews, Video, Related searches"
filme netflix,"Informational, Commercial",35,9900,51,0.06,"Short videos, People also ask, Top stories, Related searches"
handys vodafone mit vertrag,"Navigational, Transactional",33,9900,52,2.29,"Reviews, People also ask, Related searches, Popular products"
handyvertrag vergleich,Commercial,42,9900,64,2.62,"Sitelinks, Reviews, Video, People also ask, Related searches"
internet anbieter,Commercial,46,9900,54,4.29,"AI Overview, Reviews, Video, Video carousel, People also ask, Related searches, Ads top"
kabel1,Commercial,33,9900,50,0.24,"Video, People also ask, Related searches"
netflix abo kosten,"Informational, Transactional",41,9900,55,1.21,"AI Overview, Reviews, Video, People also ask, Related searches"
sky abo,Transactional,28,9900,48,1.77,"Reviews, Video, People also ask, Related searches, Ads top, Ads bottom"
vodafone vertrag mit handy,"Informational, Transactional",34,9900,54,2.29,"Reviews, Video, People also ask, Related searches, Popular products"
check24 handy mit vertrag,"Navigational, Transactional",36,8100,45,4.98,"Sitelinks, Reviews, People also ask, Related searches, Ads top, Ads bottom"
free tv,Commercial,38,8100,61,0.67,"Reviews, Video, People also ask, Related searches"
günstige handytarife,Commercial,39,8100,53,2.79,"Sitelinks, Reviews, Video, People also ask, Related searches"
handyvertrag telekom,"Navigational, Transactional",40,8100,50,2.07,"Sitelinks, Reviews, Video, People also ask, Related searches"
internet anbieter vergleich,Commercial,40,8100,50,3.92,"Sitelinks, AI Overview, Reviews, Video, People also ask, Related searches"
iptv kaufen,Commercial,51,8100,23,1.33,"Video, People also ask, Related searches"
kabel 1 programm heute,Commercial,35,8100,38,0.31,"AI Overview, Video, People also ask, Related searches"
premiumsim login,"Navigational, Transactional",33,8100,37,0.00,"Sitelinks, Related searches"
programe tv online,Commercial,36,8100,52,0.99,"Reviews, Video, Related searches"
rtl program,"Informational, Transactional",33,8100,74,0.60,"Video, People also ask, Related searches"
telekom handy mit vertrag,"Navigational, Transactional",37,8100,41,2.07,"Sitelinks, Reviews, People also ask, Related searches, Popular products, Ads top, Ads bottom"
telekom handy tarife,Transactional,39,8100,39,1.34,"Reviews, Video, People also ask, Related searches"
telekom internet tarife,Transactional,43,8100,46,3.00,"Reviews, People also ask, Related searches, Ads top, Ads bottom"
telekom netzabdeckung,"Informational, Transactional",43,8100,40,0.49,"Reviews, Video, People also ask, Related searches"
vodafone handy mit vertrag,"Informational, Transactional",33,8100,53,2.29,"Reviews, Video, People also ask, Related searches, Popular products"
wlan vertrag,Commercial,42,8100,56,7.74,"AI Overview, Reviews, Video, People also ask, Related searches"
dsl verfügbarkeit,Commercial,43,6600,49,1.61,"Reviews, Video, Related searches"
glasfaser tarife,Commercial,43,6600,46,0.00,"Reviews, Video, People also ask, Related searches"
mobilfunkvertrag,Commercial,41,6600,60,5.04,"AI Overview, Reviews, Video, People also ask, Related searches"
super rtl live,Commercial,38,6600,38,0.77,"Reviews, Video, People also ask, Related searches"
tarife telekom handy,Commercial,38,6600,45,1.34,"Reviews, Video, People also ask, Related searches"
tv kostenlos,Commercial,43,6600,53,0.87,"AI Overview, Reviews, Video, People also ask, Related searches"
tv live,Commercial,36,6600,76,0.57,"Reviews, Video, Related searches"
vodafone handy vertrag,"Navigational, Transactional",37,6600,50,2.29,"Reviews, Video, People also ask, Related searches"
winsim angebote,"Navigational, Transactional",33,6600,31,1.62,"Reviews, People also ask, Related searches"
bester handyvertrag mit handy,Commercial,43,5400,61,1.41,"Reviews, Video, People also ask, Related searches, Popular products"
dsl internet,"Informational, Commercial",40,5400,42,5.46,"AI Overview, Reviews, Video, People also ask, Related searches"
internet vertrag vergleich,Commercial,44,5400,53,5.16,"Sitelinks, Reviews, Video, People also ask, Related searches"
kosten netflix,"Informational, Transactional",40,5400,54,0.93,"AI Overview, Reviews, Video, People also ask, Related searches"
kostenlos rtl live,Transactional,42,5400,46,1.05,"Reviews, Video, People also ask, Related searches"
netflix deutschland,"Navigational, Transactional",44,5400,82,1.46,"Sitelinks, Reviews, Video, People also ask, Related searches"
netflix film,Transactional,30,5400,52,0.25,"Video, People also ask, Related searches"
netflix.comnetflix.com,"Navigational, Transactional",37,5400,100,1.47,"AI Overview, Reviews, Video, People also ask"
router kaufen,Transactional,40,5400,33,0.88,"Reviews, Video, People also ask, Related searches, Popular products"
telekom festnetz,"Navigational, Transactional",42,5400,39,3.53,"People also ask, Related searches"
telekom vertrag mit handy,"Informational, Transactional",40,5400,50,2.28,"Reviews, Video, People also ask, Related searches"
tv live stream,Commercial,39,5400,87,0.77,"Reviews, Video, People also ask, Related searches"
wow sport,Commercial,33,5400,44,1.11,"AI Overview, Reviews, Video, People also ask, Related searches"
2ix2 rtl,"Navigational, Transactional",34,4400,46,0.67,Related searches
de netflix,"Informational, Transactional",40,4400,78,1.87,"AI Overview, Reviews, Video, People also ask, Related searches"
dsl anbieter,Commercial,46,4400,48,4.50,"Sitelinks, AI Overview, Reviews, Video, People also ask, Related searches"
dsl tarife,"Informational, Commercial",41,4400,58,0.00,"Sitelinks, Reviews, Video, People also ask, Related searches"
fernsehen kostenlos,Commercial,43,4400,45,0.64,"AI Overview, Reviews, Video, Related searches"
glasfaser internet,Commercial,41,4400,57,2.30,"Reviews, Video, People also ask, Related searches, Ads top"
glasfaser verfügbarkeit prüfen,Commercial,42,4400,37,1.06,"Reviews, Video, People also ask, Related searches"
glasfaser verfügbarkeit telekom,Transactional,42,4400,32,2.73,"Reviews, People also ask, Related searches"
handy tarif vergleich,Commercial,37,4400,61,2.37,"Sitelinks, Reviews, Video, People also ask, Related searches"
internetanbieter vergleich,Commercial,42,4400,51,3.97,"Reviews, Video, People also ask, Related searches, Ads top, Ads bottom"
internetvertrag vergleich,Commercial,44,4400,54,5.33,"Reviews, Video, People also ask, Related searches, Ads top, Ads bottom"
kabel 1 doku,Commercial,32,4400,34,0.09,"Reviews, Image, Video, People also ask, Related searches"
kabel 1 doku programm,Commercial,34,4400,29,0.34,"Video, People also ask, Related searches"
kabel eins programm,Commercial,37,4400,27,0.39,"Video, People also ask, Related searches"
mediamarkt handy mit vertrag,"Navigational, Transactional",32,4400,52,0.52,"Sitelinks, Reviews, Video, People also ask, Related searches, Popular products"
mobilfunk tarife,Commercial,41,4400,56,2.80,"Sitelinks, Reviews, Video, People also ask, Top stories, Related searches"
netflix abo preise,Transactional,43,4400,58,1.10,"AI Overview, Reviews, Video, People also ask, Related searches, Ads bottom"
netflix angebote preise für neukunden,Transactional,45,4400,47,1.00,"AI Overview, Reviews, Video, People also ask, Related searches, Ads top"
netzabdeckung vodafone,Commercial,43,4400,40,1.56,"Sitelinks, AI Overview, Reviews, Video, People also ask, Related searches"
neue filme auf netflix,"Informational, Transactional",35,4400,51,0.04,"Video, People also ask, Related searches"
o2 shop near me,Transactional,25,4400,43,0.51,"People also ask, Local pack, Related searches"
rtl live schauen,Transactional,40,4400,50,0.76,"Sitelinks, Reviews, Video, People also ask, Related searches"
rtl sendung verpasst,Transactional,36,4400,54,0.27,"Reviews, Video, People also ask, Related searches, Ads bottom"
rtl up live,Transactional,41,4400,49,0.65,"Reviews, Video, People also ask, Related searches"
sendung verpasst rtl,Transactional,36,4400,51,0.27,"Video, People also ask, Related searches"
sportdigital programm,"Navigational, Transactional",39,4400,33,0.90,"Video, People also ask, Related searches"
telekom dsl tarife,Transactional,42,4400,39,3.61,"Reviews, People also ask, Related searches"
telekom handy,"Informational, Transactional",39,4400,36,2.95,"Video, People also ask, Related searches"
telekom internet verfügbarkeit,Transactional,46,4400,28,2.91,"Reviews, People also ask, Related searches"
television android tv,"Informational, Transactional",33,4400,23,0.32,"Reviews, Video, People also ask, Knowledge panel, Related searches, Popular products"
tv online gratis,Commercial,38,4400,63,0.70,"AI Overview, Reviews, Video, People also ask, Related searches"
check24 dsl,"Navigational, Transactional",35,3600,61,2.06,"Sitelinks, Reviews, Video, People also ask, Related searches"
check24 handy,"Navigational, Transactional",31,3600,60,1.27,"Sitelinks, Reviews, Related searches, Ads top, Ads bottom"
glasfaser telekom verfügbarkeit,Transactional,44,3600,33,2.73,"AI Overview, Reviews, People also ask, Related searches, Ads top, Ads bottom"
handy mit vertrag vergleich,Commercial,40,3600,54,2.62,"Sitelinks, Reviews, Video, People also ask, Related searches"
handy tarife,Commercial,35,3600,68,2.84,"AI Overview, Reviews, Video, People also ask, Related searches"
handy vertrag mit handy,Commercial,38,3600,58,2.81,"Reviews, Video, People also ask, Related searches"
handystar angebote,Transactional,30,3600,23,0.32,"Video, People also ask, Related searches, Ads top"
handytarif,Commercial,37,3600,53,2.84,"Reviews, Video, People also ask, Related searches, Ads top"
handyvertrag vodafone,Transactional,39,3600,50,2.29,"Reviews, Video, People also ask, Related searches"
internet anmelden,Transactional,44,3600,66,10.63,"AI Overview, Reviews, Video, People also ask, Related searches"
internet tarife,Commercial,44,3600,57,2.82,"Reviews, Video, People also ask, Related searches, Ads top"
joyn tv kostenlos ohne anmeldung,Transactional,41,3600,62,0.34,"AI Overview, Reviews, Video, People also ask, Related searches"
kabel 1 live stream,Commercial,38,3600,45,0.33,"Reviews, Video, People also ask, Related searches"
kostenlos live tv,Commercial,43,3600,56,0.61,"Reviews, Image, Video, People also ask, Top stories, Related searches"
mediamarkt handyvertrag,"Navigational, Transactional",33,3600,51,0.76,"Sitelinks, Reviews, Video, People also ask, Related searches"
netflix standard abo,"Informational, Transactional",39,3600,53,2.09,"AI Overview, Reviews, Video, People also ask, Related searches"
netflix-abo,Commercial,41,3600,57,1.63,"AI Overview, Reviews, Video, People also ask, Related searches"
rtl aktuell live,"Informational, Transactional",39,3600,58,0.51,"Reviews, Video, People also ask, Top stories, Related searches"
rtl live fußball kostenlos,Transactional,40,3600,50,0.58,"Sitelinks, Reviews, Video, People also ask, Related searches"
rtl stream live,Transactional,42,3600,49,0.79,"Reviews, Video, People also ask, Related searches"
rtl2 live stream kostenlos,Transactional,40,3600,31,1.00,"Reviews, Image, Video, People also ask, Related searches"
rtl2 livestream,Commercial,37,3600,44,0.83,"Reviews, Video, People also ask, Related searches"
sim karte kaufen,Transactional,34,3600,47,5.97,"Reviews, Video, People also ask, Related searches, Popular products, Ads top, Ads bottom"
sky preise,Transactional,38,3600,54,0.53,"AI Overview, Reviews, Video, People also ask, Related searches, Ads top, Ads bottom"
t mobile tarife,Commercial,34,3600,41,1.40,"Reviews, Video, People also ask, Related searches"
telekom handyvertrag mit handy,"Navigational, Transactional",39,3600,51,1.91,"Reviews, Video, People also ask, Related searches"
telekom tarife festnetz,Commercial,42,3600,42,1.50,"AI Overview, Reviews, People also ask, Related searches, Ads top"
telekom tarife internet,Transactional,44,3600,48,3.00,"Reviews, Video, People also ask, Related searches"
telekom verfügbarkeit prüfen,Transactional,43,3600,35,2.70,"Reviews, People also ask, Related searches, Ads top, Ads bottom"
vodafone handy,"Informational, Transactional",30,3600,52,2.10,"Reviews, People also ask, Related searches, Popular products"
vodafone tarife handy,Transactional,37,3600,56,2.05,"Reviews, People also ask, Related searches"
wlan vergleich,Commercial,37,3600,54,7.54,"Sitelinks, Reviews, Video, People also ask, Related searches"
yourfone login,"Navigational, Transactional",28,3600,28,2.73,"Sitelinks, Reviews, Related searches"
1und1 handyvertrag,"Informational, Transactional",38,2900,54,1.10,"Reviews, Video, People also ask, Related searches, Popular products"
blau tarife,"Navigational, Transactional",33,2900,32,0.79,"Sitelinks, Reviews, Video, People also ask, Related searches"
check24 mobilfunk,"Navigational, Transactional",37,2900,58,7.64,"Sitelinks, People also ask, Related searches"
daten sim karte,"Informational, Commercial",39,2900,35,2.03,"Reviews, Video, People also ask, Related searches, Popular products"
freenet handy mit vertrag,Transactional,36,2900,45,0.38,"Reviews, People also ask, Related searches, Popular products, Ads top, Ads bottom"
glasfaser angebote,Commercial,43,2900,50,1.40,"AI Overview, Reviews, Video, People also ask, Related searches"
glasfaserkabel kaufen,Transactional,38,2900,17,0.45,"Video, People also ask, Related searches, Popular products"
gratis tv schauen,Commercial,43,2900,52,0.51,"AI Overview, Reviews, Video, Video carousel, People also ask, Related searches"
handy tarif,Commercial,37,2900,63,2.84,"Reviews, Video, People also ask, Related searches, Ads top"
handy vertrag angebote,Commercial,40,2900,55,2.50,"Reviews, Video, People also ask, Related searches"
handy vertrag vergleich,Commercial,40,2900,64,2.62,"Reviews, Video, People also ask, Related searches"
handytarife telekom,Transactional,40,2900,43,1.34,"Reviews, Video, People also ask, Related searches"
internet und tv,Commercial,51,2900,38,3.01,"AI Overview, Reviews, Image, Video, People also ask, Related searches"
live stream rtl2,Commercial,40,2900,35,0.83,"Video, People also ask, Related searches"
mobilfunktarife,Commercial,42,2900,65,2.80,"AI Overview, Reviews, Video, People also ask, Related searches"
netflix-abo-preise,Transactional,42,2900,53,1.10,"AI Overview, Reviews, People also ask, Related searches"
netzverfügbarkeit telekom prüfen,Transactional,41,2900,40,2.70,"Reviews, People also ask, Related searches"
programm kabel1,Commercial,37,2900,24,0.32,"Video, People also ask, Related searches"
rtl + kosten,"Informational, Transactional",43,2900,51,0.78,"AI Overview, Reviews, Video, People also ask, Related searches, Ads top"
rtl login,"Navigational, Transactional",33,2900,41,0.30,"Video, People also ask, Related searches"
rtl plus kostenlos ohne anmeldung,"Navigational, Transactional",40,2900,51,0.20,"Sitelinks, AI Overview, Reviews, Video, Video carousel, People also ask, Related searches"
rtl plus programm,Commercial,38,2900,50,0.11,"AI Overview, Reviews, Video, People also ask, Related searches"
sky neukunden angebote,"Informational, Transactional",38,2900,41,0.71,"Sitelinks, Reviews, Video, People also ask, Related searches"
streaming angebote,"Informational, Commercial",48,2900,39,2.06,"Sitelinks, AI Overview, Reviews, Video, People also ask, Related searches"
tarife vergleichen handy,Commercial,36,2900,59,2.37,"Reviews, Video, People also ask, Related searches"
telekom handy vertrag,Transactional,40,2900,37,2.57,"Reviews, Video, People also ask, Related searches"
telekom handyvertrag angebote,Transactional,39,2900,45,1.20,"Reviews, Video, People also ask, Related searches, Popular products, Ads top, Ads bottom"
telekom tarife festnetz und internet,"Informational, Transactional",43,2900,44,1.53,"AI Overview, Reviews, People also ask, Related searches"
telekom tv,"Navigational, Transactional",44,2900,45,3.00,"Sitelinks, Reviews, Image, Video, People also ask, Related searches, Ads top, Ads bottom"
telekommunikation handy,Commercial,37,2900,77,2.95,"Reviews, Video, People also ask, Local pack, Related searches"
vodafone handytarife,Transactional,35,2900,56,2.05,"Reviews, People also ask, Related searches, Ads top"
waipu tv stick ohne vertrag,Commercial,42,2900,40,0.19,"Sitelinks, Reviews, Video, People also ask, Related searches, Popular products"
1 und 1 handyvertrag,Commercial,35,2400,37,1.10,"Reviews, Video, People also ask, Related searches"
angebote internet telekom,"Informational, Transactional",46,2400,42,3.69,"AI Overview, Reviews, People also ask, Related searches"
blau handy mit vertrag,"Informational, Transactional",37,2400,46,0.89,"Reviews, Video, People also ask, Related searches, Popular products"
die besten handytarife mit handy,Commercial,38,2400,45,1.16,"Reviews, Video, People also ask, Related searches, Ads top, Ads bottom"
dsl angebote neukunde,Commercial,44,2400,50,2.77,"AI Overview, Reviews, People also ask, Related searches, Ads top, Ads bottom"
dsl tarife telekom,Transactional,44,2400,43,3.61,"Reviews, People also ask, Related searches"
dsl tarife vergleich,Commercial,42,2400,49,2.10,"Sitelinks, Reviews, Video, People also ask, Related searches"
dsl verfügbarkeit telekom,"Informational, Transactional",44,2400,23,3.41,"Reviews, People also ask, Related searches"
fernsehen live,Commercial,41,2400,78,0.54,"Reviews, Video, Related searches"
festnetz telekom,"Informational, Transactional",44,2400,31,3.53,"AI Overview, Reviews, Video, People also ask, Related searches"
handy handytarife,"Informational, Commercial",37,2400,60,1.44,"Sitelinks, People also ask, Related searches, Popular products"
handy mit vertrag vodafone,"Informational, Transactional",33,2400,52,2.29,"Reviews, Video, People also ask, Related searches"
handy vertrag ohne handy,Commercial,37,2400,35,5.37,"Reviews, Video, People also ask, Related searches"
handytarife im vergleich,Commercial,36,2400,52,2.34,"Sitelinks, Reviews, Video, People also ask, Related searches"
handytarife mit handy,"Informational, Commercial",40,2400,49,1.44,"Reviews, Video, Related searches"
handyverträge vergleich,Commercial,37,2400,59,2.62,"Sitelinks, Reviews, Video, People also ask, Related searches"
iptv german,Commercial,71,2400,37,1.10,"AI Overview, People also ask, Related searches"
kabel eins live,Commercial,40,2400,44,0.37,"Reviews, Video, People also ask, Related searches"
kabel1 live,Commercial,40,2400,45,0.35,"Reviews, Image, Video, People also ask, Related searches"
mobilfunktarife telekom,"Navigational, Transactional",41,2400,47,1.59,"Sitelinks, Reviews, Video, People also ask, Related searches"
netflix en vodafone,Transactional,38,2400,32,12.10,"AI Overview, Video, People also ask, Related searches"
netflix subscription,"Navigational, Transactional",35,2400,76,1.38,"Reviews, Video, People also ask, Related searches"
programm auf sky,Commercial,35,2400,30,1.20,"Reviews, Video, People also ask, Related searches"
rtl 2 live stream kostenlos,Commercial,42,2400,38,1.23,"Reviews, Video, People also ask, Related searches"
rtl fußball live,"Informational, Transactional",40,2400,48,0.64,"Reviews, Video, People also ask, Related searches"
rtl online,"Navigational, Transactional",41,2400,66,0.71,"Sitelinks, Reviews, Video, People also ask, Related searches"
rtl online live stream,Transactional,41,2400,47,0.72,"Sitelinks, Reviews, Video, People also ask, Related searches, Ads bottom"
rtl tv program,"Informational, Transactional",35,2400,59,0.60,"Video, People also ask, Related searches"
sat1 live stream kostenlos ohne anmeldung,Transactional,38,2400,41,0.33,"Reviews, Video, People also ask, Related searches, Ads bottom"
satellite receiver hd,"Informational, Commercial",35,2400,21,0.16,"Video, Video carousel, People also ask, Related searches, Popular products"
serien.to,Commercial,40,2400,30,1.01,"Sitelinks, AI Overview, Reviews, Video, People also ask"
sim de hotline,"Navigational, Transactional",29,2400,27,0.02,"Reviews, People also ask, Related searches"
tarifvergleich handy,Commercial,40,2400,56,2.37,"Reviews, Video, People also ask, Related searches"
telekom dsl angebote,Transactional,44,2400,36,3.82,"Reviews, People also ask, Related searches"
telekom fernsehen,"Navigational, Transactional",45,2400,47,2.61,"Sitelinks, Reviews, Video, People also ask, Related searches"
vergleich dsl,Commercial,42,2400,44,3.84,"Sitelinks, Reviews, Video, Related searches"
vergleich handytarife,Commercial,40,2400,62,2.34,"Sitelinks, Reviews, Video, People also ask, Related searches"
vergleich internetanbieter,Commercial,43,2400,56,3.97,"AI Overview, Reviews, Video, People also ask, Related searches, Ads top, Ads bottom"
vodafon handyvertrag,Commercial,35,2400,46,2.29,"Reviews, Video, People also ask, Related searches"
vodafone angebote handy,"Navigational, Transactional",32,2400,54,1.99,"Sitelinks, Reviews, Video, People also ask, Related searches, Popular products"
vodafone internet zuhause,Commercial,37,2400,44,3.00,"Reviews, Video, People also ask, Related searches, Ads top"
vodafone mobilfunk tarife,Transactional,38,2400,53,2.03,"Reviews, People also ask, Related searches"
vodafone tarife ohne handy,Transactional,37,2400,56,2.07,"Reviews, People also ask, Related searches"
vodafone vertrag ohne handy,Transactional,37,2400,57,2.53,"Reviews, People also ask, Related searches"
winsim angebot,"Navigational, Transactional",37,2400,31,1.62,"Sitelinks, Reviews, People also ask, Related searches"
winsim.de,"Navigational, Commercial",35,2400,48,0.50,"Sitelinks, Reviews, Video, People also ask, Related searches, Ads middle"
wlan router kaufen,Transactional,38,2400,38,2.08,"Reviews, Video, People also ask, Related searches, Popular products"
blau de tarife,"Informational, Transactional",33,1900,46,0.86,"Sitelinks, Reviews, Video, People also ask, Related searches"
box android tv box,"Informational, Transactional",37,1900,25,0.35,"Reviews, Video, Video carousel, People also ask, Related searches"
dsl günstig,Commercial,45,1900,40,2.72,"Sitelinks, Reviews, Video, People also ask, Related searches, Ads top, Ads middle"
dsl preisvergleich,Commercial,46,1900,51,3.08,"Sitelinks, Reviews, Video, Related searches, Ads top, Ads bottom"
festnetz internet,Commercial,47,1900,44,2.51,"Reviews, Video, People also ask, Related searches, Ads top, Ads bottom"
festnetz und internet angebote,Commercial,46,1900,50,1.32,"AI Overview, Reviews, Video, People also ask, Related searches, Ads top, Ads middle"
freenet vertrag,"Navigational, Transactional",38,1900,52,0.56,"Reviews, Video, People also ask, Related searches"
glasfaser tarife vergleich,Commercial,43,1900,34,0.78,"AI Overview, Reviews, Video, People also ask, Related searches"
glasfaser vergleich,Commercial,38,1900,33,1.83,"Sitelinks, Reviews, Video, Related searches"
glasfaseranschluss telekom,Commercial,42,1900,36,2.06,"AI Overview, Reviews, Image pack, Video, Video carousel, People also ask, Related searches, Ads top, Ads bottom"
günstige internetanbieter,Commercial,45,1900,46,2.28,"Reviews, Video, People also ask, Related searches"
günstige verträge mit handy,Commercial,40,1900,53,1.85,"Reviews, Video, People also ask, Related searches, Ads middle"
günstiger handytarif,Commercial,39,1900,50,2.79,"Reviews, Video, People also ask, Related searches"
günstiger handyvertrag ohne handy,Commercial,39,1900,31,3.63,"Reviews, Video, People also ask, Related searches, Popular products, Ads top, Ads middle"
günstiger internetanbieter,Commercial,46,1900,46,2.28,"AI Overview, Reviews, Video, People also ask, Related searches"
handy angebote im saturn,Transactional,35,1900,37,0.21,"Reviews, People also ask, Related searches, Popular products"
handy deals,"Informational, Commercial",32,1900,38,1.09,"Reviews, Video, Related searches, Ads middle"
handy tarifvergleich,Commercial,37,1900,60,2.37,"Reviews, Video, Related searches"
handy trotz schufa mit sofortzusage,Commercial,31,1900,19,4.04,"AI Overview, Reviews, People also ask, Related searches, Ads bottom"
handyvertrag bei vodafone,Transactional,38,1900,50,2.29,"Reviews, People also ask, Related searches, Ads bottom"
handyvertrag günstig mit handy,Commercial,40,1900,54,1.89,"Reviews, Video, People also ask, Related searches, Popular products"
handyvertrag telekom angebote,Commercial,39,1900,52,1.20,"AI Overview, Reviews, People also ask, Related searches"
handyvertrag trotz schufa 100 zusage mit handy,Commercial,31,1900,15,4.97,"AI Overview, Reviews, People also ask, Related searches, Ads top, Ads bottom"
handyvertrag welcher ist der beste,Commercial,41,1900,60,2.82,"Sitelinks, AI Overview, Reviews, Video, People also ask, Related searches"
handyvertrag wo am besten,Commercial,39,1900,60,2.82,"Sitelinks, AI Overview, Reviews, Video, People also ask, Related searches"
internet flat,Commercial,38,1900,39,3.81,"Reviews, Video, People also ask, Related searches, Ads top, Ads middle"
internet über kabel,Commercial,43,1900,27,2.72,"AI Overview, Reviews, Video, People also ask, Related searches, Ads top, Ads middle"
iphone vertrag günstig,Commercial,39,1900,24,1.23,"Video, People also ask, Related searches, Popular products"
iptv deutschland,"Informational, Commercial",100,1900,36,1.35,"AI Overview, Video, People also ask, Related searches"
iptv germany,Commercial,80,1900,25,1.44,"AI Overview, Video, People also ask, Related searches"
kabel 1 doku live,Commercial,35,1900,30,0.32,"Reviews, Video, Related searches, Ads top, Ads middle"
kabel 1 live stream kostenlos,Transactional,42,1900,35,0.40,"Reviews, Video, People also ask, Related searches"
kabel eins livestream,Commercial,41,1900,45,0.36,"Reviews, Image, Video, People also ask, Related searches, Ads middle"
kabel receiver,Commercial,36,1900,29,0.52,"Reviews, Image pack, Video, People also ask, Related searches, Popular products"
kabel tv,Commercial,39,1900,38,1.44,"AI Overview, Reviews, Image, Video, Video carousel, People also ask, Related searches"
kabelinternet,Commercial,41,1900,31,3.63,"Reviews, Video, People also ask, Related searches, Ads top, Ads middle"
klarmobil handy mit vertrag,"Navigational, Transactional",35,1900,35,1.12,"Sitelinks, Reviews, People also ask, Related searches, Popular products"
kostenlos fernsehen schauen,Commercial,42,1900,37,0.52,"Reviews, Video, People also ask, Related searches, Ads bottom"
kostenlos rtl schauen,Commercial,41,1900,47,1.18,"AI Overview, Reviews, Video, People also ask, Related searches"
magenta tv live,Commercial,38,1900,58,1.88,"Video, People also ask, Related searches, Ads top"
maxxim servicewelt,"Navigational, Transactional",31,1900,20,0.00,"Sitelinks, Reviews, People also ask, Related searches"
media markt handyvertrag,"Navigational, Transactional",33,1900,21,0.76,"Sitelinks, Reviews, Video, People also ask, Related searches, Popular products"
mobile mobiles,Commercial,31,1900,78,0.04,"Reviews, Video, People also ask, Local pack, Related searches, Popular products"
mobilfunktarife vergleich,Commercial,41,1900,55,2.68,"Reviews, Video, People also ask, Related searches, Ads top, Ads middle"
mobilfunkvertrag telekom,"Informational, Transactional",41,1900,42,1.59,"Reviews, Video, People also ask, Related searches"
mobilfunkvertrag vergleich,Commercial,38,1900,61,2.90,"Reviews, Video, People also ask, Related searches, Ads top, Ads middle"
netflix jahresabo,"Informational, Transactional",44,1900,55,1.24,"AI Overview, Reviews, Related searches"
netflix preis,Transactional,42,1900,57,1.38,"AI Overview, Reviews, Video, People also ask, Related searches"
netflix vodafone,"Navigational, Transactional",40,1900,30,12.10,"Sitelinks, Reviews, Video, People also ask, Related searches"
netzabdeckung 1&1,Commercial,37,1900,45,2.20,"Reviews, Video, People also ask, Related searches"
netzabdeckung karte,Commercial,41,1900,36,0.97,"Image, Image pack, Video, People also ask, Related searches"
preise netflix,"Navigational, Transactional",42,1900,56,1.12,"AI Overview, Reviews, Video, People also ask, Related searches"
router router,"Informational, Transactional",32,1900,41,1.10,"People also ask, Knowledge panel, Related searches, Popular products"
rtl app,Commercial,38,1900,48,0.45,"AI Overview, Reviews, Video, People also ask, Related searches, Ads bottom, Ads middle"
rtl live fussball,"Informational, Transactional",37,1900,51,0.78,"Video, People also ask, Related searches"
rtl live stream kostenlos ohne anmeldung 2ix2,"Navigational, Transactional",37,1900,37,0.00,"Reviews, Video, People also ask, Related searches"
rtl plus live,"Navigational, Transactional",42,1900,72,0.33,"Reviews, Video, People also ask, Related searches"
rtl plus pakete,"Informational, Transactional",45,1900,47,2.10,"AI Overview, Reviews, Video, People also ask, Related searches, Ads top, Ads bottom"
rtlup live stream kostenlos ohne anmeldung,"Navigational, Transactional",39,1900,26,0.93,"Sitelinks, Video, People also ask, Related searches"
saturn handy mit vertrag,Commercial,33,1900,24,0.99,"Reviews, People also ask, Related searches, Popular products, Ads top"
set top box set top box,"Informational, Commercial",39,1900,17,0.74,"Sitelinks, Reviews, Video, People also ask, Related searches, Popular products"
sim karte mit vertrag,Commercial,37,1900,67,11.69,"Reviews, Video, People also ask, Related searches, Popular products, Ads top, Ads bottom"
sky entertainment,"Informational, Transactional",32,1900,45,1.90,"AI Overview, Reviews, Video, People also ask, Related searches"
sky streaming,Commercial,37,1900,50,3.05,"AI Overview, Reviews, Video, People also ask, Related searches, Ads top, Ads bottom"
smartphones tarife,"Informational, Commercial",38,1900,52,1.82,"Reviews, Video, Related searches, Popular products"
t-mobile tarife,Commercial,35,1900,45,1.13,"Reviews, Video, People also ask, Related searches"
tablet im vertrag,Commercial,41,1900,24,2.58,"Reviews, Related searches, Popular products, Ads bottom"
telekom angebote handy,"Informational, Transactional",39,1900,29,1.40,"Sitelinks, Reviews, Video, People also ask, Related searches, Popular products"
telekom angebote internet,Transactional,46,1900,51,2.51,"Reviews, People also ask, Related searches"
telekom internet vertrag,Transactional,43,1900,44,2.80,"Reviews, People also ask, Related searches, Ads top, Ads bottom"
telekom netzabdeckung karte,"Informational, Transactional",41,1900,38,0.82,"Reviews, Image pack, People also ask, Related searches"
telekom verfügbarkeit dsl,Transactional,44,1900,23,2.21,"Reviews, People also ask, Related searches"
tv for android box,Commercial,40,1900,43,0.34,"Video, People also ask, Related searches, Popular products"
tv online kostenlos,Commercial,45,1900,50,1.07,"Reviews, Video, People also ask, Related searches"
tv programm kabel 1,Commercial,36,1900,26,0.38,"Reviews, Video, People also ask, Related searches"
tv stick vergleich,Commercial,44,1900,31,0.80,"Sitelinks, Reviews, Video, People also ask, Related searches, Ads bottom"
tv und internet telekom,"Navigational, Transactional",46,1900,48,1.71,"Reviews, Video, Related searches"
upiptv,"Informational, Commercial",42,1900,2,1.66,"AI Overview, Related searches"
vergleich internet,Commercial,44,1900,63,5.23,"Reviews, Video, People also ask, Related searches"
vertrag mit handy vodafone,"Informational, Transactional",36,1900,54,2.29,"Reviews, People also ask, Related searches, Popular products, Shopping ads"
vodafon angebote,Commercial,34,1900,50,2.06,"Reviews, People also ask, Related searches, Ads top, Ads middle"
vodafone verträge,Commercial,37,1900,44,2.96,"Reviews, Video, People also ask, Related searches, Ads top, Ads bottom"
zu hause internet,Commercial,44,1900,56,4.77,"Reviews, Video, Related searches"
02 vertrag,"Informational, Transactional",37,1600,52,1.93,"AI Overview, Reviews, Video, People also ask, Related searches"
1 und 1 handy,Transactional,35,1600,42,0.74,"Reviews, Video, People also ask, Related searches"
1 und 1 vertrag,"Informational, Transactional",36,1600,43,1.21,"Reviews, Video, People also ask, Related searches"
aktionen handy mit vertrag,Commercial,34,1600,53,1.03,"Reviews, Video, People also ask, Related searches, Popular products, Ads top, Ads bottom"
android television,"Informational, Transactional",35,1600,45,0.32,"Sitelinks, Reviews, Video, People also ask, Knowledge panel, Related searches"
android tv stick,"Informational, Commercial",41,1600,30,0.45,"Sitelinks, Video, Video carousel, People also ask, Related searches, Popular products"
angebote sky,Transactional,38,1600,40,0.64,"Reviews, Image, Video, People also ask, Related searches"
angebote telekom internet,Transactional,45,1600,39,3.69,"Reviews, Video, People also ask, Related searches"
best streaming services,Commercial,54,1600,74,2.34,"Sitelinks, AI Overview, Reviews, Video, Video carousel, People also ask, Related searches"
beste handytarife,Commercial,38,1600,50,2.51,"Sitelinks, Reviews, Video, People also ask, Related searches, Ads top, Ads middle"
beste handyverträge,Commercial,41,1600,60,2.82,"Reviews, Video, People also ask, Related searches, Ads top, Ads bottom"
bester handyvertrag,Commercial,41,1600,62,2.43,"AI Overview, Reviews, Video, People also ask, Related searches, Ads bottom, Ads middle"
bester internetanbieter,Commercial,46,1600,41,2.79,"AI Overview, Reviews, Video, Video carousel, People also ask, Related searches, Ads top, Ads middle"
dsl angebot,Commercial,46,1600,52,3.15,"Reviews, Video, People also ask, Related searches, Ads top, Ads middle"
dsl monatlich kündbar,Commercial,41,1600,37,5.39,"Reviews, Related searches, Ads top, Ads middle"
dsl neukunde angebote,Commercial,45,1600,41,2.50,"AI Overview, Reviews, Video, Related searches, Ads top, Ads bottom"
dsl tarif,Commercial,44,1600,53,2.51,"Reviews, Video, Related searches, Ads top, Ads bottom"
dsl vertrag vergleich,Commercial,42,1600,47,3.78,"Sitelinks, Reviews, Video, People also ask, Related searches, Ads top, Ads bottom"
fernsehen kostenlos schauen,Commercial,40,1600,46,0.52,"AI Overview, Reviews, Video, People also ask, Related searches"
fernsehen rtl,Commercial,39,1600,63,0.49,"Video, People also ask, Top stories, Related searches"
festnetz angebote,Commercial,44,1600,40,1.67,"AI Overview, Reviews, Video, People also ask, Related searches, Ads bottom, Ads middle"
festnetz tarife telekom,"Navigational, Transactional",39,1600,46,1.51,"AI Overview, Reviews, Video, People also ask, Related searches, Ads top, Ads bottom"
free tv deutsch,Commercial,46,1600,50,0.62,"Reviews, Video, People also ask, Related searches"
german iptv,Commercial,71,1600,19,0.87,"Video, People also ask, Related searches"
glasfaser check,Commercial,37,1600,38,1.19,"Reviews, Video, People also ask, Related searches, Ads top, Ads bottom"
glasfaser vertrag,Commercial,41,1600,54,1.84,"AI Overview, Reviews, Video, People also ask, Related searches, Ads top, Ads bottom"
glasfasertarife,Commercial,41,1600,45,0.00,"AI Overview, Reviews, Video, People also ask, Related searches"
günstige handys mit vertrag,Commercial,39,1600,46,2.11,"Reviews, Video, People also ask, Related searches"
günstige internetanbieter für zuhause,Commercial,45,1600,51,1.92,"AI Overview, Reviews, Video, People also ask, Related searches, Ads bottom, Ads middle"
günstige sim karte,Commercial,32,1600,57,4.62,"Reviews, Video, People also ask, Related searches, Popular products"
günstiges internet,Commercial,46,1600,58,2.79,"AI Overview, Reviews, Video, People also ask, Related searches"
handy ohne vertrag günstig,Commercial,32,1600,33,0.50,"Video, People also ask, Related searches, Popular products"
handyanbieter,Commercial,39,1600,69,3.58,"Reviews, Video, People also ask, Related searches, Ads top, Ads bottom"
handytarife vergleichen,Commercial,39,1600,52,2.34,"Reviews, Video, People also ask, Related searches, Ads top, Ads bottom"
handyvertrag de login,"Navigational, Transactional",38,1600,39,1.44,"Sitelinks, Related searches"
handyvertrag günstig ohne handy,Commercial,39,1600,32,3.49,"Reviews, Video, People also ask, Related searches, Popular products"
handyvertrag ohne handy günstig,Commercial,39,1600,31,3.63,"Reviews, Video, People also ask, Related searches, Popular products, Ads top, Ads middle"
internet angebot,Commercial,48,1600,52,3.18,"Reviews, Video, People also ask, Related searches"
internet preisvergleich,Commercial,43,1600,52,1.12,"Reviews, Video, People also ask, Related searches"
internet sim karte,Commercial,34,1600,52,3.42,"Reviews, Video, People also ask, Related searches, Popular products"
internet tarif,Commercial,44,1600,59,2.66,"Reviews, Video, People also ask, Related searches"
internet tarif vergleich,Commercial,46,1600,52,3.50,"Sitelinks, Reviews, Video, People also ask, Related searches"
internet tarife telekom,Transactional,43,1600,47,2.34,"Reviews, People also ask, Related searches"
internet tarife vergleich,Commercial,46,1600,51,2.42,"Sitelinks, Video, People also ask, Related searches"
internet tv kostenlos,"Informational, Commercial",51,1600,57,0.65,"AI Overview, Reviews, Video, People also ask, Related searches, Ads bottom, Ads middle"
internet und telefon,Commercial,42,1600,37,1.86,"Sitelinks, AI Overview, Reviews, Video, People also ask, Related searches, Ads top, Ads middle"
internet zuhause günstig,Commercial,45,1600,56,2.90,"AI Overview, Reviews, Video, People also ask, Related searches, Ads top, Ads bottom"
internet über kabelanschluss,Commercial,43,1600,22,3.37,"AI Overview, Reviews, Video, Video carousel, People also ask, Related searches, Ads top, Ads middle"
internetanbieter günstig,"Informational, Commercial",46,1600,58,3.61,"AI Overview, Reviews, Video, People also ask, Related searches, Ads top, Ads middle"
internetanbieter testsieger,Commercial,43,1600,43,0.64,"AI Overview, Reviews, Video, Video carousel, People also ask, Related searches, Ads top, Ads middle"
iptv test,Commercial,52,1600,5,0.89,"Video, People also ask, Related searches"
kabel 1 livestream,Commercial,38,1600,29,0.39,"Sitelinks, Video, Related searches"
kabel 1 stream,Commercial,40,1600,34,0.52,"Sitelinks, Reviews, Video, People also ask, Related searches, Ads bottom"
kabel internet anschluss,Commercial,43,1600,23,3.88,"AI Overview, Reviews, Image pack, Video, People also ask, Related searches, Ads top, Ads middle"
kabel tv anbieter,Commercial,49,1600,31,1.45,"Sitelinks, AI Overview, Reviews, Video, People also ask, Related searches, Ads top, Ads bottom"
kabelanschluss tv,Commercial,45,1600,28,1.47,"AI Overview, Reviews, Image, Video, Video carousel, People also ask, Related searches, Ads bottom, Ads middle"
klarmobil angebote für bestandskunden,"Navigational, Transactional",35,1600,35,0.35,"Reviews, Video, People also ask, Related searches"
kostenlos tv gucken,Commercial,40,1600,43,1.01,"Reviews, Video, People also ask, Related searches"
live tv vox,Commercial,36,1600,43,0.55,"AI Overview, Reviews, Video, People also ask, Related searches, Ads bottom"
livestream kostenlos rtl,"Navigational, Transactional",42,1600,53,1.04,"Sitelinks, Reviews, Video, People also ask, Related searches"
magenta tv stick kaufen,Transactional,43,1600,29,0.24,"Reviews, People also ask, Related searches, Popular products, Ads bottom"
mediathek rtl live,"Navigational, Transactional",43,1600,63,0.30,"Sitelinks, AI Overview, Reviews, Video, People also ask, Related searches"
mobilfunkvertrag ohne handy,Commercial,38,1600,33,4.30,"Reviews, Video, People also ask, Related searches, Ads top, Ads bottom"
netflix germany,"Navigational, Transactional",44,1600,65,1.53,"Sitelinks, Reviews, Video, People also ask, Related searches"
netflix testen,"Informational, Transactional",43,1600,50,1.43,"Reviews, Video, People also ask, Related searches"
netflixfilme,Transactional,35,1600,34,0.25,"Video, People also ask, Related searches"
o2 angebote mit handy,"Informational, Transactional",32,1600,46,0.29,"Reviews, Related searches, Popular products"
one mediathek serien,"Informational, Transactional",35,1600,50,0.15,"Video, People also ask, Related searches"
onlinetvrecorder,"Informational, Transactional",39,1600,18,1.31,"Reviews, Video, People also ask, Related searches"
premiumsim servicewelt,"Navigational, Transactional",32,1600,37,0.00,"Sitelinks, Related searches"
receiver kaufen,Transactional,37,1600,32,0.57,"Video, People also ask, Local pack, Related searches"
rtl free live streaming,"Navigational, Transactional",41,1600,42,0.96,"Reviews, Video, People also ask, Related searches"
rtl jetzt live,"Navigational, Transactional",42,1600,74,0.62,"Reviews, Video, People also ask, Related searches"
rtl live kostenlos ohne anmeldung,"Navigational, Transactional",40,1600,42,1.18,"Video, People also ask, Related searches"
rtl live streaming,"Navigational, Transactional",42,1600,40,0.63,"Sitelinks, Reviews, Video, People also ask, Related searches"
rtl live television,"Navigational, Transactional",42,1600,67,0.65,"Sitelinks, Reviews, Video, People also ask, Related searches"
rtl livestream free,Transactional,41,1600,51,1.05,"Reviews, Video, People also ask, Related searches"
rtl livestream jetzt,"Navigational, Transactional",43,1600,60,0.62,"Reviews, Video, People also ask, Related searches"
rtl mediathek kostenlos ohne anmeldung,"Navigational, Transactional",42,1600,54,0.21,"AI Overview, Reviews, Video, People also ask, Related searches"
rtl now kostenlos,"Navigational, Transactional",45,1600,53,0.17,"Reviews, Video, People also ask, Related searches"
rtl ohne anmeldung,"Navigational, Transactional",39,1600,37,1.27,"Reviews, Video, People also ask, Related searches"
rtl plus anmelden,"Navigational, Transactional",41,1600,36,0.56,"Sitelinks, Reviews, Video, People also ask, Related searches"
rtl plus free,Transactional,43,1600,55,0.43,"Reviews, Video, People also ask, Related searches"
rtl streaming,"Navigational, Transactional",48,1600,62,0.81,"Reviews, Video, Video carousel, People also ask, Related searches"
rtl tv heute,Commercial,37,1600,36,0.55,"Video, People also ask, Related searches"
rtl2 live stream kostenlos ohne anmeldung,"Navigational, Transactional",38,1600,29,0.65,"Reviews, Video, People also ask, Related searches"
saturn handy,"Navigational, Transactional",27,1600,31,0.20,"Sitelinks, Reviews, People also ask, Related searches, Popular products"
saturn handyvertrag,Transactional,36,1600,40,1.13,"Reviews, Video, People also ask, Related searches"
serien to,Commercial,38,1600,40,1.01,"Sitelinks, Reviews, Video, People also ask, Related searches"
sim karte günstig,Commercial,35,1600,56,4.96,"Reviews, Video, People also ask, Related searches, Shopping ads"
simkarten,Commercial,34,1600,46,7.11,"Reviews, Video, People also ask, Related searches, Popular products"
simplytel servicewelt,"Navigational, Transactional",35,1600,25,0.00,"Sitelinks, Reviews, People also ask, Related searches"
sky abonnement,Transactional,37,1600,39,1.77,"Reviews, Video, People also ask, Related searches"
sky angebote bestandskunden,Commercial,42,1600,31,0.96,"Reviews, Image, People also ask, Related searches"
sky go plus,"Navigational, Transactional",31,1600,38,1.63,"AI Overview, Reviews, Video, People also ask, Related searches"
sky neukundenangebot,"Informational, Transactional",39,1600,33,0.71,"Reviews, Image, People also ask, Related searches"
sky player login,"Navigational, Transactional",34,1600,49,0.63,"Reviews, People also ask, Related searches"
sky sports abonnement,"Informational, Transactional",36,1600,90,2.38,"AI Overview, Reviews, Video, People also ask, Related searches"
smart ip tv,"Informational, Commercial",52,1600,34,1.22,"Reviews, Image pack, Video, Video carousel, People also ask, Related searches"
smartmobil servicewelt,"Navigational, Transactional",31,1600,25,0.00,"Sitelinks, Reviews, People also ask, Related searches, Ads top"
sparhandy angebote,Transactional,33,1600,40,0.97,"Reviews, Video, People also ask, Related searches, Ads top, Ads middle"
streaming dienste vergleich,Commercial,47,1600,43,1.33,"AI Overview, Reviews, Video, Video carousel, People also ask, Related searches, Ads bottom, Ads middle"
tarife ohne handy vodafone,Commercial,35,1600,50,2.27,"Reviews, People also ask, Related searches, Ads bottom"
tarife telekom festnetz und internet,Commercial,43,1600,43,1.37,"AI Overview, Reviews, Video, People also ask, Related searches, Ads top, Ads bottom"
telefon und internet,Commercial,41,1600,45,1.80,"AI Overview, Reviews, Video, People also ask, Related searches, Ads top, Ads bottom"
telekom anschluss,"Informational, Transactional",43,1600,30,2.58,"AI Overview, Reviews, Video, Video carousel, People also ask, Related searches"
telekom internet für zuhause,Transactional,44,1600,43,2.73,"Reviews, Video, People also ask, Related searches, Ads top, Ads bottom"
telekom internet und tv,"Navigational, Transactional",45,1600,36,2.15,"Reviews, People also ask, Related searches"
telekom mobiltarif,Transactional,37,1600,42,1.72,"Reviews, People also ask, Related searches"
telekom tv und internet,Transactional,45,1600,56,1.71,"Reviews, Video, People also ask, Related searches, Ads top, Ads bottom"
telekom vertrag internet,Transactional,44,1600,39,2.80,"Reviews, People also ask, Related searches, Ads top, Ads bottom"
telekom wlan vertrag,Transactional,40,1600,38,3.16,"Reviews, People also ask, Related searches"
tv receiver,"Informational, Commercial",38,1600,20,1.00,"Image pack, Video, Video carousel, People also ask, Related searches, Popular products"
tv schauen online,Commercial,47,1600,60,1.52,"Reviews, Video, People also ask, Related searches, Ads top, Ads bottom"
verfügbarkeit telekom,"Navigational, Transactional",45,1600,21,2.06,"Reviews, Related searches"
verpasste sendung rtl,"Informational, Transactional",33,1600,50,0.27,"Video, People also ask, Related searches"
vertrag handy,Commercial,39,1600,47,4.80,"Reviews, Video, People also ask, Related searches, Popular products, Ads top, Ads middle"
vertrag ohne handy vodafone,Commercial,35,1600,38,2.95,"Reviews, People also ask, Related searches"
vertrag telekom,Transactional,43,1600,46,1.77,"Video, People also ask, Related searches"
vodafon tarife,Commercial,33,1600,51,2.20,"Reviews, People also ask, Related searches, Ads top, Ads middle"
vodafon vertrag,Commercial,35,1600,48,3.40,"Video, People also ask, Related searches, Ads top, Ads bottom"
vodafone handyvertrag mit handy,"Informational, Transactional",33,1600,46,2.72,"Reviews, People also ask, Related searches, Popular products"
vodafone mit vertrag,Transactional,37,1600,52,2.46,"People also ask, Related searches, Popular products"
vodafone vertrag handy,Transactional,35,1600,51,2.29,"Reviews, Video, People also ask, Related searches"
waipu tv stick angebot,"Informational, Transactional",39,1600,40,0.13,"Reviews, Video, People also ask, Related searches"
wi-fi wireless router,Commercial,34,1600,52,1.76,"Reviews, Video, Video carousel, People also ask, Related searches, Popular products, Ads bottom"
wow bundesliga angebot,Commercial,40,1600,46,1.17,"AI Overview, Reviews, Video, People also ask, Related searches, Ads top, Ads bottom"
zuhause internet,Commercial,44,1600,50,4.51,"AI Overview, Reviews, Video, Related searches"
02 handy mit vertrag,Transactional,36,1300,44,1.20,"Reviews, Video, People also ask, Popular products"
1 & 1 handytarife,Commercial,34,1300,35,1.08,"Reviews, Video, People also ask, Related searches"
2x2 rtl,"Navigational, Transactional",34,1300,70,0.84,"Sitelinks, Video, Related searches"
anbieter fernsehen internet,Commercial,51,1300,37,1.72,"AI Overview, Reviews, Video, People also ask, Related searches"
anbieter glasfaser,Commercial,39,1300,60,1.34,"AI Overview, Reviews, Video, People also ask, Related searches, Ads top, Ads middle"
anbieter kabelfernsehen,"Informational, Commercial",42,1300,45,1.22,"Reviews, Video, People also ask, Related searches"
angebot handy,Commercial,37,1300,47,0.72,"Reviews, Video, People also ask, Related searches, Popular products"
angebote saturn handy,Transactional,35,1300,37,0.21,"Sitelinks, Reviews, People also ask, Related searches, Popular products"
angebote vertrag mit handy,Commercial,40,1300,57,1.74,"Reviews, Video, People also ask, Related searches, Popular products"
angebote von sky,Transactional,40,1300,38,0.64,"Sitelinks, Reviews, People also ask, Related searches, Ads top, Ads bottom"
beste handyverträge mit handy,Commercial,41,1300,53,1.60,"Sitelinks, Reviews, Video, People also ask, Related searches"
beste router,Commercial,40,1300,32,0.59,"Sitelinks, Reviews, Video, Video carousel, People also ask, Related searches, Popular products"
beste streaming dienste,Commercial,47,1300,44,1.89,"AI Overview, Reviews, Video, People also ask, Related searches"
bester handytarif,Commercial,36,1300,58,2.20,"Reviews, Video, Video carousel, People also ask, Related searches"
bester handyvertrag ohne handy monatlich kündbar,Commercial,39,1300,30,2.41,"AI Overview, Reviews, People also ask, Related searches, Ads top, Ads middle"
bester router,Commercial,34,1300,29,0.59,"Reviews, Video, Video carousel, People also ask, Related searches, Ads bottom"
bester router für glasfaser,Commercial,40,1300,24,0.25,"Sitelinks, Reviews, Video, Video carousel, People also ask, Related searches"
bester streaming dienst,Commercial,46,1300,44,1.71,"AI Overview, Reviews, Video, People also ask, Related searches, Ads bottom, Ads middle"
bester wlan router,Commercial,36,1300,30,0.74,"Sitelinks, Reviews, Video, Video carousel, People also ask, Related searches, Popular products"
deutsche filme auf netflix,Commercial,40,1300,25,0.00,"People also ask, Related searches"
deutschland iptv,Commercial,72,1300,30,1.35,"AI Overview, Video, People also ask, Related searches"
die besten handytarife ohne handy,Commercial,37,1300,41,1.88,"Reviews, Video, People also ask, Related searches"
die besten handyverträge im d1-netz,Commercial,38,1300,30,1.45,"Sitelinks, Reviews, Video, People also ask, Related searches"
drillisch angebote,Commercial,34,1300,22,1.70,"Sitelinks, AI Overview, Reviews, People also ask, Related searches"
dsl anbieter vergleich,Commercial,41,1300,42,2.91,"Sitelinks, AI Overview, Reviews, Video, People also ask, Related searches, Ads top, Ads middle"
dsl glasfaser,Commercial,41,1300,22,1.75,"AI Overview, Reviews, Video, People also ask, Related searches"
dsl telekom tarife,"Informational, Transactional",44,1300,43,2.39,"Reviews, People also ask, Related searches, Ads top, Ads bottom"
dsl vs kabel,Commercial,41,1300,18,3.09,"Sitelinks, AI Overview, Reviews, Video, Video carousel, Short videos, People also ask, Related searches, Ads bottom, Ads middle"
dsl welcher anbieter,Commercial,43,1300,38,4.67,"Sitelinks, AI Overview, Reviews, Video, People also ask, Related searches, Ads top, Ads middle"
dsl über kabel,Commercial,44,1300,30,3.38,"Video, Video carousel, People also ask, Related searches, Ads top, Ads middle"
entertain plus sky,Transactional,34,1300,37,1.88,"Reviews, Video, People also ask, Related searches, Ads top, Ads bottom"
fe tv,"Informational, Transactional",34,1300,47,0.67,"AI Overview, Reviews, People also ask, Knowledge panel, Related searches"
fernseh stick,Commercial,41,1300,30,1.36,"Sitelinks, Image, Video, People also ask, Related searches, Popular products"
fernsehen internet telefon komplettpakete,Commercial,44,1300,39,0.81,"AI Overview, Reviews, Video, People also ask, Related searches"
festnetz vertrag,Commercial,43,1300,46,2.47,"Reviews, Video, People also ask, Related searches, Ads top, Ads middle"
festnetzanschluss,Commercial,41,1300,40,2.01,"AI Overview, Reviews, Video, People also ask, Related searches, Ads top, Ads middle"
free rtl stream,"Navigational, Transactional",40,1300,54,1.11,"Reviews, Video, People also ask, Related searches"
free tv rtl,"Navigational, Transactional",39,1300,72,0.65,"Sitelinks, Reviews, Video, People also ask, Top stories, Related searches"
freenet vertrag mit handy,"Navigational, Transactional",36,1300,50,0.33,"Reviews, People also ask, Related searches, Popular products, Ads top, Ads bottom"
fritz glasfaser router,Commercial,38,1300,32,0.18,"Sitelinks, Reviews, Video, Video carousel, People also ask, Related searches, Popular products, Ads top, Ads bottom"
germany iptv,Commercial,62,1300,21,0.87,"AI Overview, Video, Video carousel, Related searches"
glasfaser ausbau,Commercial,35,1300,50,1.24,"AI Overview, Video, Video carousel, People also ask, Related searches"
glasfaserrouter,"Informational, Commercial",44,1300,28,0.38,"Sitelinks, AI Overview, Reviews, Image, Video, Video carousel, People also ask, Related searches, Ads bottom, Ads middle"
gratis fernsehen,Commercial,43,1300,38,1.04,"Reviews, Video, People also ask, Related searches"
günstig handyvertrag,Commercial,39,1300,60,3.27,"Reviews, Video, People also ask, Related searches"
günstig internet zuhause,Commercial,46,1300,57,3.07,"Reviews, Video, People also ask, Related searches"
günstige iphone verträge,Commercial,37,1300,28,1.43,"Reviews, Video, Related searches, Ads top, Ads bottom"
günstigster handytarif,Commercial,38,1300,50,2.69,"Sitelinks, Reviews, Video, People also ask, Related searches"
günstigster handyvertrag,Commercial,42,1300,52,2.79,"Reviews, Video, People also ask, Related searches, Ads top, Ads middle"
handy angebot,Commercial,32,1300,51,0.72,"Reviews, Video, People also ask, Related searches, Popular products"
handy angebote der telekom,"Navigational, Transactional",39,1300,39,1.55,"Reviews, People also ask, Related searches, Popular products"
handy mit vertrag bei saturn,"Informational, Transactional",33,1300,42,0.99,"Reviews, People also ask, Related searches"
handy mit vertrag blau,"Informational, Transactional",37,1300,33,1.03,"Reviews, Related searches, Popular products"
handy mit vertrag mediamarkt,"Navigational, Transactional",32,1300,47,0.63,"Sitelinks, Reviews, People also ask, Related searches, Popular products"
handy preisvergleich vertrag,Commercial,40,1300,61,1.46,"Reviews, Video, People also ask, Related searches, Popular products"
handy vergleich tarif,Commercial,36,1300,53,2.60,"Reviews, Video, Related searches"
handy vertrag angebot,Commercial,40,1300,52,2.81,"Reviews, Video, People also ask, Related searches"
handytarif ohne handy,Commercial,38,1300,30,2.98,"Reviews, Video, People also ask, Related searches, Ads middle"
handytarife angebote,"Informational, Commercial",41,1300,44,1.81,"Reviews, Video, People also ask, Related searches, Ads middle"
handytarife vergleich ohne handy,Commercial,36,1300,38,2.83,"Reviews, Video, People also ask, Related searches, Ads bottom"
handyvertrag aktion,Commercial,39,1300,56,1.03,"AI Overview, Reviews, Video, Related searches, Ads middle"
handyvertrag angebot,Commercial,41,1300,55,1.74,"Reviews, Video, Related searches"
handyvertrag bei media markt,"Informational, Transactional",33,1300,28,0.95,"Sitelinks, Reviews, Video, People also ask, Related searches, Popular products"
handyvertrag login,"Navigational, Transactional",39,1300,36,2.04,Related searches
handyvertrag ohne handy telekom,Commercial,38,1300,41,2.24,"Reviews, Video, People also ask, Related searches"
handyvertrag samsung,Commercial,38,1300,40,1.15,"Reviews, Related searches"
handyverträge telekom,"Navigational, Commercial",40,1300,50,2.07,"Sitelinks, Reviews, People also ask, Related searches, Ads top, Ads middle"
internet dsl angebote,Commercial,46,1300,49,3.51,"Reviews, Video, People also ask, Related searches, Ads top, Ads middle"
internet festnetz,Commercial,47,1300,41,2.48,"Reviews, Video, People also ask, Related searches"
internet für studenten,Commercial,42,1300,28,3.73,"Reviews, People also ask, Related searches"
internet günstig,Commercial,46,1300,58,3.40,"AI Overview, Reviews, Video, People also ask, Related searches, Ads bottom, Ads middle"
internet günstig zuhause,Commercial,43,1300,65,2.90,"AI Overview, Reviews, Video, People also ask, Related searches, Ads top, Ads bottom"
internet günstigster anbieter,Commercial,45,1300,46,2.28,"AI Overview, Reviews, Video, People also ask, Related searches"
internet monatlich kündbar,Commercial,41,1300,39,6.03,"AI Overview, Reviews, People also ask, Related searches, Ads top, Ads middle"
internet telefon,Commercial,41,1300,44,2.08,"Reviews, Video, People also ask, Related searches, Popular products"
internet verfügbarkeit telekom,"Navigational, Transactional",46,1300,20,2.29,Related searches
internet verfügbarkeit vodafone,Transactional,42,1300,28,1.49,"Reviews, People also ask, Related searches"
internet vergleich anbieter,Commercial,42,1300,49,3.47,"Sitelinks, AI Overview, Reviews, Video, People also ask, Related searches, Ads top, Ads bottom"
internet vergleich tarife,Commercial,46,1300,45,2.42,"Sitelinks, AI Overview, Reviews, Video, People also ask, Related searches, Ads top, Ads middle"
internet über kabel anbieter,Commercial,46,1300,27,3.06,"AI Overview, Reviews, Video, People also ask, Related searches, Ads top, Ads middle"
internetanbieter wechseln,Commercial,43,1300,31,4.07,"AI Overview, Video, People also ask, Related searches, Ads top, Ads bottom"
internetanschluss wohnung,Commercial,44,1300,54,4.26,"AI Overview, Reviews, Video, People also ask, Related searches, Ads top, Ads middle"
iptvkaufen,Transactional,56,1300,21,0.99,"Image pack, Video, Related searches, Ads top, Ads bottom"
iptvmeezzy,Transactional,49,1300,15,0.00,"Sitelinks, AI Overview, Related searches"
kabel 1 live stream kostenlos ohne anmeldung,"Navigational, Transactional",38,1300,25,0.49,"Reviews, Video, People also ask, Related searches"
kabel eins programm heute,Commercial,36,1300,25,0.26,"Video, People also ask, Related searches"
klarmobil angebote mit handy,"Navigational, Commercial",34,1300,30,1.10,"Sitelinks, Reviews, People also ask, Related searches"
klarmobil vertrag mit handy,"Navigational, Transactional",35,1300,28,1.12,"Sitelinks, Reviews, People also ask, Related searches, Ads bottom"
kostenlos fernseh schauen,Commercial,40,1300,49,0.57,"AI Overview, Reviews, Image, Video, People also ask, Related searches"
kostenlos fernsehen gucken,Commercial,41,1300,49,0.75,"AI Overview, Reviews, Video, People also ask, Related searches"
kostenlos fernsehen im internet,Commercial,44,1300,38,0.58,"AI Overview, Reviews, Video, People also ask, Related searches"
kostenlos online fernsehen,Commercial,42,1300,52,0.81,"Reviews, Video, People also ask, Knowledge panel, Related searches"
kostenlos serien stream,Commercial,39,1300,29,0.83,"Video, Related searches"
live rtl stream,"Navigational, Transactional",42,1300,46,0.63,"Reviews, Video, People also ask, Related searches, Ads bottom"
magenta internet,Transactional,39,1300,41,2.88,"Reviews, Video, People also ask, Related searches, Ads top, Ads bottom"
magenta tv one 2. generation kaufen,Transactional,39,1300,24,1.76,"People also ask, Related searches, Popular products"
magenta tv plus,"Informational, Commercial",44,1300,50,4.64,"AI Overview, Reviews, Video, People also ask, Related searches"
magenta tv web,"Informational, Transactional",41,1300,61,3.39,"Reviews, Video, People also ask, Related searches"
magentatv smart,"Navigational, Commercial",41,1300,37,2.73,"Sitelinks, AI Overview, Reviews, Video, People also ask, Related searches"
media markt handy angebote mit vertrag,"Informational, Transactional",32,1300,35,0.43,"Sitelinks, Video, People also ask, Related searches, Popular products, Ads bottom"
mobil tarife telekom,Transactional,39,1300,58,1.21,"Reviews, Video, People also ask, Related searches, Ads top, Ads bottom"
mobilfunktarife vodafone,Transactional,40,1300,57,2.03,"Reviews, People also ask, Related searches"
netflix abo abschließen,"Navigational, Transactional",44,1300,68,1.78,"Sitelinks, Reviews, Video, Video carousel, People also ask, Related searches"
netflix abonnement,"Navigational, Transactional",40,1300,54,1.31,"Reviews, Video, People also ask, Related searches"
netflix premium abo,"Informational, Transactional",41,1300,54,1.10,"AI Overview, Reviews, People also ask, Related searches"
netflix standard,"Informational, Transactional",36,1300,55,1.36,"AI Overview, Reviews, Video, People also ask, Related searches"
nydus rtl,"Navigational, Transactional",37,1300,33,0.66,"Video, Related searches"
o2 dsl verfügbarkeit,Commercial,38,1300,24,0.61,"Reviews, People also ask, Related searches, Ads top, Ads bottom"
ohne vertrag sim karte,Commercial,31,1300,30,3.95,"Reviews, Video, People also ask, Related searches, Popular products"
partnervertrag mit 2 handys,Commercial,40,1300,27,1.82,"Reviews, Video, People also ask, Related searches, Ads top, Ads bottom"
preisvergleich internet,Commercial,46,1300,52,3.74,"Reviews, Video, People also ask, Related searches, Ads top, Ads middle"
programm rtl plus,"Informational, Transactional",38,1300,64,0.06,"Reviews, People also ask, Related searches"
programm sportdigital,"Navigational, Transactional",39,1300,29,0.30,Related searches
rtl 2 live stream kostenlos ohne anmeldung,"Navigational, Transactional",38,1300,26,0.65,"Reviews, Video, People also ask, Related searches"
rtl free,"Navigational, Transactional",40,1300,54,0.51,"AI Overview, Reviews, Video, Video carousel, People also ask, Related searches"
rtl free live stream,"Navigational, Transactional",40,1300,48,0.83,"Reviews, Video, Related searches"
rtl germany,"Navigational, Transactional",41,1300,90,0.44,"Sitelinks, Reviews, Video, People also ask, Related searches"
rtl kostenlos live,"Navigational, Transactional",42,1300,49,1.05,"Reviews, Video, People also ask, Related searches"
rtl life,"Navigational, Transactional",34,1300,34,0.47,"Sitelinks, Reviews, Video, People also ask, Related searches"
rtl live mediathek,"Navigational, Transactional",44,1300,67,0.30,"Reviews, Video, People also ask, Related searches"
rtl live ohne anmelden,"Navigational, Transactional",39,1300,39,1.03,"Reviews, Video, People also ask, Related searches"
rtl live ohne anmeldung,"Navigational, Transactional",42,1300,53,1.03,"Reviews, Video, Video carousel, People also ask, Related searches"
rtl live programm,Transactional,41,1300,70,0.53,"Reviews, Video, People also ask, Related searches"
rtl plus filme,"Informational, Transactional",39,1300,47,0.20,"Reviews, Video, People also ask, Related searches"
rtl programm live,"Navigational, Transactional",41,1300,68,0.53,"Reviews, Video, People also ask, Related searches"
rtl schauen kostenlos,"Navigational, Transactional",41,1300,53,1.18,"Reviews, Video, People also ask, Related searches, Ads bottom"
rtl schauen live,Transactional,42,1300,50,0.80,"Sitelinks, Reviews, Video, People also ask, Top stories, Related searches"
rtl stream free,Transactional,40,1300,51,1.11,"Reviews, Video, People also ask, Related searches"
rtl up livestream,"Navigational, Transactional",40,1300,45,0.65,"Sitelinks, Reviews, Video, People also ask, Related searches"
rtl2 stream kostenlos,Commercial,42,1300,36,0.97,"Reviews, Video, People also ask, Related searches"
rtlup livestream kostenlos ohne anmeldung,"Navigational, Transactional",38,1300,23,0.00,"Sitelinks, AI Overview, Reviews, Video, People also ask, Related searches"
sat receiver hd+,"Informational, Commercial",32,1300,22,0.13,"Reviews, People also ask, Related searches, Popular products"
sat receiver mit festplatte,Commercial,39,1300,21,0.15,"Reviews, Video, People also ask, Related searches, Popular products, Ads middle"
serien deutsch,Commercial,37,1300,30,0.49,"Image, Video, People also ask"
serien kostenlos schauen,Commercial,38,1300,45,0.52,"AI Overview, Reviews, Video, Related searches"
sim karte angebote,Commercial,34,1300,71,4.94,"Reviews, Video, People also ask, Related searches, Popular products, Ads top, Ads bottom"
sim karten vertrag,Commercial,37,1300,67,11.91,"Reviews, Video, People also ask, Related searches, Popular products, Ads middle"
simkarte mit vertrag,Commercial,37,1300,66,11.91,"Reviews, Video, People also ask, Related searches, Popular products"
sky bestandskunden angebot,"Informational, Transactional",42,1300,34,1.01,"Reviews, People also ask, Related searches"
sky bestandskunden angebote,Commercial,44,1300,37,1.02,"AI Overview, Video, People also ask, Related searches"
sky black friday,"Informational, Transactional",34,1300,34,0.00,"Reviews, Video, People also ask, Related searches"
sky komplett angebot 29 99,Commercial,35,1300,20,1.73,"Reviews, Video, People also ask, Related searches"
smart tv stick,Commercial,43,1300,30,0.77,"Reviews, Video, Video carousel, People also ask, Related searches, Popular products"
smartphone vertrag,Commercial,38,1300,49,2.35,"Reviews, Video, People also ask, Related searches"
streaming rtl live,"Navigational, Transactional",43,1300,65,0.79,"Sitelinks, Reviews, Video, People also ask, Related searches"
störungen deutsche glasfaser,"Informational, Transactional",43,1300,33,0.00,"Reviews, People also ask, Related searches"
tarif handy vergleich,Commercial,34,1300,52,2.53,"Video, People also ask, Related searches, Ads top, Ads middle"
telecom internet,Transactional,41,1300,42,2.86,"Video, People also ask, Related searches, Ads top, Ads bottom"
telekom angebot,"Navigational, Transactional",43,1300,42,0.97,"Reviews, Video, People also ask, Related searches"
telekom dsl angebot,Transactional,45,1300,36,3.82,"Reviews, People also ask, Related searches"
telekom handys,"Navigational, Transactional",37,1300,34,2.69,"Sitelinks, Reviews, Related searches, Popular products"
telekom handytarif,Transactional,39,1300,45,1.19,"Reviews, Video, People also ask, Related searches, Ads top, Ads middle"
telekom handyvertrag ohne handy,Commercial,38,1300,44,1.40,"Video, People also ask, Related searches"
telekom internet kabel,"Navigational, Transactional",46,1300,32,2.58,"Reviews, Video, People also ask, Related searches"
telekom tarife dsl,Transactional,44,1300,43,2.39,"Reviews, Video, People also ask, Related searches, Ads top, Ads bottom"
telekom verfügbarkeit internet,Transactional,45,1300,20,2.23,"Reviews, Related searches, Ads top, Ads bottom"
television receivers,"Informational, Transactional",35,1300,38,1.00,"Reviews, Image pack, Video, People also ask, Related searches, Popular products"
tv gratis schauen,Commercial,39,1300,40,0.51,"Reviews, Video, People also ask, Related searches"
tv gucken kostenlos,Commercial,41,1300,39,0.72,"Reviews, Video, People also ask, Related searches, Ads middle"
tv on a stick,Commercial,48,1300,29,1.37,"Reviews, Video, Video carousel, People also ask, Related searches"
tv rtl,"Informational, Commercial",40,1300,62,0.58,"Reviews, Video, Video carousel, People also ask, Top stories, Related searches"
tv schauen,Commercial,44,1300,72,1.11,"Reviews, Video, People also ask, Related searches"
verfügbarkeit internet telekom,Transactional,48,1300,22,2.23,"Reviews, People also ask, Related searches, Ads top, Ads bottom"
vergleich dsl tarife,Commercial,44,1300,49,2.18,"Sitelinks, Reviews, Video, People also ask, Related searches"
vergleich handyvertrag,Commercial,40,1300,50,3.19,"Sitelinks, Reviews, Video, Video carousel, Related searches"
vergleich internet tarife,Commercial,47,1300,52,2.21,"Sitelinks, Reviews, Video, People also ask, Related searches"
vertrag handy günstig,Commercial,41,1300,50,1.85,"Reviews, Video, People also ask, Related searches, Popular products"
vertrag internet,Commercial,47,1300,62,6.28,"Reviews, Video, People also ask, Related searches"
vertrag mit handy preisvergleich,Commercial,43,1300,47,1.46,"Sitelinks, Reviews, Video, Related searches, Popular products, Ads top, Ads middle"
vertrag sim karte,Commercial,37,1300,52,11.69,"AI Overview, People also ask, Related searches"
vodafone internet für zuhause,"Informational, Transactional",39,1300,50,3.08,"Reviews, People also ask, Related searches"
vox live stream joyn,"Navigational, Transactional",30,1300,61,0.69,"AI Overview, Reviews, Video, People also ask, Related searches"
waipu app,Commercial,31,1300,36,0.03,"AI Overview, Reviews, Video, People also ask, Related searches, Ads top, Ads bottom"
waipu perfect plus,"Informational, Transactional",27,1300,40,0.08,"Reviews, Video, People also ask, Related searches"
waipu tv 4k stick,"Navigational, Transactional",36,1300,41,0.19,"Sitelinks, Reviews, Image, Video, Video carousel, People also ask, Related searches, Popular products"
waipu tv alternative,"Informational, Commercial",38,1300,28,0.57,"Sitelinks, AI Overview, Reviews, Video, People also ask, Related searches"
waipu tv angebot 12 monate,"Informational, Transactional",41,1300,32,0.24,"Reviews, People also ask, Related searches"
waipu tv anmelden,"Navigational, Transactional",36,1300,30,0.19,"Video, People also ask, Related searches"
waipu tv stick 2. generation,"Informational, Commercial",46,1300,40,0.13,"Video, People also ask, Related searches"
waipu tv stick kaufen,Transactional,36,1300,47,0.15,"Reviews, People also ask, Related searches, Popular products"
wlan-router,Commercial,33,1300,36,2.78,"Reviews, Video, People also ask, Related searches, Popular products, Ads bottom"
1 & 1 handy,Transactional,29,1000,41,0.74,"Reviews, Video, People also ask, Related searches"
1und1 handy mit vertrag,"Navigational, Transactional",37,1000,51,1.02,"Reviews, Video, People also ask, Related searches, Popular products"
2ix2 vox,"Navigational, Transactional",32,1000,28,1.16,"Sitelinks, Reviews, Video, People also ask, Related searches"
6iptv,"Navigational, Transactional",41,1000,6,1.90,"People also ask, Related searches"
abo sky bundesliga,Transactional,42,1000,52,2.08,"Sitelinks, Reviews, Video, Related searches"
anbieter im telekom netz,"Informational, Commercial",41,1000,30,2.13,"Sitelinks, AI Overview, Reviews, Video, People also ask, Related searches, Ads top, Ads middle"
anbieter internet tv,"Informational, Commercial",54,1000,40,2.33,"Sitelinks, AI Overview, Reviews, Video, People also ask, Related searches"
angebote blau de,Transactional,37,1000,39,0.98,"Sitelinks, AI Overview, Reviews, Video, People also ask, Related searches"
angebote für handyverträge,Commercial,40,1000,48,1.74,"Reviews, Video, People also ask, Related searches, Popular products, Ads top, Ads middle"
angebote o2 handy,"Navigational, Transactional",37,1000,47,0.24,"Sitelinks, Reviews, Video, People also ask, Related searches, Popular products"
angebote smartphone,Commercial,36,1000,47,0.44,"Reviews, Video, People also ask, Related searches, Popular products, Ads bottom"
angebote vodafone handy,"Navigational, Transactional",33,1000,39,2.27,"Sitelinks, Reviews, People also ask, Related searches, Popular products"
beste fritzbox für glasfaser,Commercial,38,1000,23,0.19,"Sitelinks, Reviews, Video, Video carousel, People also ask, Related searches, Popular products, Ads bottom"
bester mobilfunkanbieter,Commercial,43,1000,43,2.53,"AI Overview, Reviews, Video, Short videos, People also ask, Related searches"
d netz anbieter,"Informational, Commercial",42,1000,30,3.12,"AI Overview, Reviews, Video, Video carousel, People also ask, Related searches"
d1 tarife,Commercial,37,1000,30,2.21,"Reviews, Video, People also ask, Related searches, Ads middle"
dsl mit prämie,Commercial,39,1000,15,4.25,"Reviews, Video, Related searches"
dsl ohne festnetz,Commercial,42,1000,30,1.55,"AI Overview, Reviews, Video, People also ask, Related searches, Ads top, Ads bottom"
dsl tarife vergleichen,Commercial,44,1000,45,2.10,"Sitelinks, Reviews, Video, People also ask, Related searches"
fernsehen gratis,Commercial,41,1000,40,0.91,"Reviews, Video, People also ask, Top stories, Related searches"
fernsehen gucken kostenlos,Commercial,41,1000,49,0.75,"Reviews, Video, People also ask, Knowledge panel, Related searches"
fernsehen im internet kostenlos ohne anmeldung deutsch,"Navigational, Transactional",41,1000,36,0.37,"Reviews, Video, People also ask, Related searches"
fernsehen kostenlos internet,Commercial,44,1000,49,0.52,"Reviews, Video, People also ask, Knowledge panel, Related searches"
fernsehen über telekom,"Navigational, Commercial",43,1000,41,1.41,"Sitelinks, AI Overview, Reviews, Video, Video carousel, People also ask, Related searches"
festnetz mit internet,Commercial,46,1000,36,2.48,"Reviews, People also ask, Related searches"
freenet mobilfunk tarife,"Navigational, Transactional",36,1000,41,0.21,"Sitelinks, Reviews, Video, People also ask, Related searches"
fußball rtl live,"Informational, Transactional",40,1000,42,0.64,"Reviews, Video, Related searches"
glasfaser ausbau telekom,"Navigational, Transactional",40,1000,39,2.06,"Reviews, Video, People also ask, Related searches"
glasfaser internet anbieter,Commercial,41,1000,55,1.85,"AI Overview, Reviews, Video, People also ask, Related searches, Ads top, Ads bottom"
glasfaser-tarife,Commercial,42,1000,44,0.00,"Reviews, Video, People also ask, Related searches, Ads top, Ads middle"
günstige mobilfunktarife,Commercial,38,1000,51,3.14,"Reviews, Video, People also ask, Related searches"
günstige telefontarife festnetz und internet,Commercial,44,1000,49,0.88,"AI Overview, Reviews, Video, People also ask, Related searches, Ads top, Ads middle"
günstigen handyvertrag mit handy,Commercial,41,1000,43,2.29,"Reviews, Video, People also ask, Related searches, Popular products, Ads top, Ads middle"
günstiges dsl,Commercial,44,1000,50,2.72,"Sitelinks, Reviews, Video, People also ask, Related searches, Ads top, Ads middle"
günstigster internetanbieter,"Informational, Commercial",46,1000,46,1.97,"AI Overview, Reviews, Video, People also ask, Related searches, Ads top, Ads middle"
handy aktionen mit vertrag,Commercial,35,1000,51,1.03,"Reviews, Video, People also ask, Related searches, Popular products, Ads top, Ads middle"
handy angebote mit vertrag telekom,"Informational, Transactional",39,1000,45,1.11,"Reviews, Video, People also ask, Related searches, Popular products"
handy angebote telekom,Transactional,39,1000,36,1.21,"Video, People also ask, Related searches, Popular products"
handy angebote vertrag,Commercial,39,1000,50,1.74,"Reviews, Video, Related searches"
handy billiger,Commercial,28,1000,37,0.88,"Video, People also ask, Related searches, Popular products, Ads bottom"
handy mit vertrag im vergleich,Commercial,39,1000,49,2.61,"Sitelinks, Reviews, Video, Related searches, Ads top, Ads bottom"
handy mit vertrag klarmobil,Transactional,35,1000,29,1.12,"Reviews, Related searches, Popular products, Ads top, Ads middle"
handy mit vertrag media markt,"Informational, Transactional",33,1000,30,0.99,"Sitelinks, Video, People also ask, Related searches, Popular products, Ads top, Ads bottom"
handy tarife vergleich,Commercial,41,1000,50,2.34,"Sitelinks, Reviews, Video, People also ask, Related searches"
handy vertrag telekom,Transactional,41,1000,34,1.94,"Reviews, People also ask, Related searches, Ads top, Ads middle"
handytarife günstig ohne handy,Commercial,38,1000,31,2.61,"Reviews, Video, People also ask, Related searches, Popular products, Ads bottom"
handytarife ohne handy telekom,Commercial,38,1000,31,1.07,"Reviews, Video, People also ask, Related searches"
handyvertrag 1und1,Transactional,41,1000,50,1.02,"Reviews, Video, People also ask, Related searches"
handyvertrag bester,Commercial,44,1000,53,2.82,"AI Overview, Reviews, Video, People also ask, Related searches"
handyvertrag mit handy vergleich,Commercial,40,1000,46,2.05,"Sitelinks, Reviews, Video, Related searches"
handyvertrag mit prämie,Commercial,39,1000,14,1.65,"Reviews, Related searches, Ads bottom"
handyvertrag ohne handy vodafone,Commercial,37,1000,48,2.42,"People also ask, Related searches, Ads bottom"
handyvertrag telekom netz,Commercial,40,1000,32,2.33,"AI Overview, Reviews, People also ask, Related searches, Ads top, Ads middle"
handyvertrag unlimited,Commercial,39,1000,30,3.51,"Reviews, Video, People also ask, Related searches"
handyverträge im vergleich,Commercial,37,1000,60,3.19,"Sitelinks, Reviews, Video, People also ask, Related searches"
handyverträge vodafone,"Navigational, Transactional",37,1000,50,2.29,"Reviews, People also ask, Related searches"
handyvetrag,Commercial,34,1000,63,4.15,"Reviews, Video, People also ask, Related searches"
hausanschluss internet,Commercial,42,1000,25,3.01,"AI Overview, Reviews, Video, Video carousel, People also ask, Related searches, Ads bottom, Ads middle"
heute kabel 1 programm,Commercial,36,1000,27,0.31,"Video, People also ask, Related searches"
internet angebote für zuhause,Commercial,46,1000,58,2.68,"Reviews, Video, Related searches"
internet check24,"Navigational, Commercial",40,1000,65,2.76,"Sitelinks, Reviews, Video, People also ask, Related searches"
internet für zu hause,Commercial,44,1000,50,4.51,"AI Overview, Reviews, Video, People also ask, Related searches"
internet telekom ohne festnetz,Commercial,43,1000,37,1.13,"AI Overview, Reviews, People also ask, Related searches, Ads top, Ads middle"
internet vertrag telekom,Transactional,44,1000,38,2.80,"Reviews, People also ask, Related searches, Ads top, Ads bottom"
internet zu hause günstig,Commercial,45,1000,63,2.76,"AI Overview, Reviews, Video, People also ask, Related searches, Ads top, Ads bottom"
internetanschluss vergleich,Commercial,42,1000,49,3.51,"AI Overview, Reviews, Video, People also ask, Related searches, Ads top, Ads middle"
iptv alle sender,"Informational, Commercial",58,1000,17,0.00,"AI Overview, Reviews, Video, People also ask, Related searches"
kabel vs dsl,"Informational, Commercial",42,1000,25,4.21,"Reviews, People also ask, Related searches"
kabelanbieter fernsehen,"Informational, Commercial",40,1000,40,1.22,"Sitelinks, AI Overview, Reviews, Video, People also ask, Related searches, Ads top, Ads middle"
kabelanbieter internet,Commercial,43,1000,31,3.01,"AI Overview, Reviews, Video, People also ask, Related searches, Ads top, Ads bottom"
kostenlos online tv,Commercial,43,1000,51,1.07,"Reviews, Video, People also ask, Related searches"
kostenlos serien schauen,Commercial,37,1000,30,0.46,"AI Overview, Reviews, Video, Related searches, Ads bottom"
kostenloses live fernsehen,Commercial,41,1000,52,0.49,"AI Overview, Reviews, Video, Related searches, Ads bottom"
live rtl,"Navigational, Transactional",42,1000,70,0.47,"Reviews, Video, Video carousel, People also ask, Top stories, Related searches"
livestream tv kostenlos,Commercial,43,1000,65,0.68,"Reviews, Video, People also ask, Related searches"
magenta tv preise,Commercial,44,1000,31,3.39,"AI Overview, Reviews, Video, People also ask, Related searches, Ads top"
magentatv one 2 generation,Commercial,38,1000,30,2.26,"Sitelinks, Reviews, Video carousel, People also ask, Knowledge panel, Related searches"
mobil telefon,Commercial,37,1000,64,1.29,"Sitelinks, Image pack, Video, People also ask, Related searches, Popular products"
mobilfunk angebote,Commercial,40,1000,60,2.70,"Reviews, Video, People also ask, Related searches, Ads top, Ads bottom"
mobilfunkanbieter vergleich,Commercial,37,1000,50,2.66,"Reviews, Video, People also ask, Related searches, Ads top, Ads bottom"
modem router dsl,Commercial,41,1000,33,1.03,"Reviews, Video, Video carousel, People also ask, Related searches, Popular products"
netflix account erstellen,"Navigational, Transactional",45,1000,59,2.72,"Video, Video carousel, People also ask, Related searches"
netflix konto erstellen,"Navigational, Transactional",45,1000,58,3.06,"Video, Video carousel, People also ask, Related searches"
netz vodafone,Commercial,40,1000,42,2.85,"AI Overview, Reviews, Video, People also ask, Related searches, Ads top, Ads bottom"
nitro livestream ohne anmeldung,"Navigational, Transactional",37,1000,24,0.00,"Video, People also ask, Related searches"
o2 tarife ohne handy,Commercial,34,1000,51,0.49,"People also ask, Related searches"
o2 tv kosten,Transactional,44,1000,36,0.89,"Sitelinks, Reviews, People also ask, Related searches"
preise sky,Transactional,34,1000,45,0.48,"Sitelinks, AI Overview, Reviews, Video, People also ask, Related searches"
preisvergleich dsl,Commercial,46,1000,43,3.08,"Sitelinks, Reviews, Video, Related searches"
probemonat netflix,"Informational, Transactional",41,1000,50,1.53,"Reviews, Video, People also ask, Related searches"
prosieben live stream kostenlos,Commercial,40,1000,50,0.48,"Reviews, Video, People also ask, Related searches"
receiver bei sky kaufen,Transactional,38,1000,31,0.70,"Reviews, People also ask, Related searches, Popular products"
router für telekom glasfaser,"Informational, Transactional",38,1000,36,0.18,"Sitelinks, Reviews, Video, People also ask, Related searches"
rtl aktuell heute,"Informational, Transactional",35,1000,50,0.00,"Video, People also ask, Knowledge panel, Related searches"
rtl de aktuell,"Navigational, Transactional",36,1000,57,0.51,"Sitelinks, Reviews, Video, Video carousel, People also ask, Related searches"
rtl de live,"Navigational, Transactional",40,1000,58,0.81,"Reviews, Video, People also ask, Top stories, Related searches"
rtl free stream,Transactional,41,1000,54,1.11,"Reviews, Video, People also ask, Top stories, Related searches"
rtl kostenlos ohne anmeldung,"Navigational, Transactional",41,1000,55,1.06,"Reviews, Video, People also ask, Related searches"
rtl live fußball ohne anmeldung,"Navigational, Transactional",40,1000,49,0.00,"Reviews, Video, Related searches"
rtl live gucken,Commercial,42,1000,47,1.01,"Sitelinks, Reviews, Video, People also ask, Related searches"
rtl live nydus,"Navigational, Transactional",38,1000,30,0.00,"Sitelinks, Related searches"
rtl plus live programm,"Navigational, Transactional",39,1000,59,0.33,"Sitelinks, Reviews, Video, People also ask, Related searches"
rtl programm heute live,"Informational, Transactional",38,1000,47,0.49,"Sitelinks, Reviews, Video, People also ask, Related searches"
rtl verpasste sendung,Transactional,33,1000,51,0.32,"Video, People also ask, Related searches"
s rtl live,"Navigational, Transactional",40,1000,53,0.77,"Reviews, Video, People also ask, Related searches"
sat 1 kostenlos streamen,Commercial,41,1000,46,0.42,"Reviews, Video, People also ask, Related searches"
sat 1 stream kostenlos,Commercial,41,1000,35,0.49,"Reviews, Video, People also ask, Related searches"
senderliste vodafone,"Navigational, Transactional",28,1000,33,2.71,"Reviews, People also ask, Related searches"
serien .to,Transactional,38,1000,42,1.01,"Reviews, Video, People also ask"
serien schauen kostenlos,Commercial,39,1000,51,0.52,"Sitelinks, Reviews, People also ask, Related searches"
service sim de,"Navigational, Transactional",32,1000,40,0.77,"Sitelinks, Reviews, People also ask, Related searches"
sim karte mit internet,Commercial,36,1000,35,3.42,"Reviews, Video, People also ask, Related searches, Popular products, Ads top, Ads bottom"
sim login,"Informational, Transactional",26,1000,49,0.77,"Sitelinks, Related searches"
sky login go,"Navigational, Transactional",37,1000,57,0.63,"AI Overview, Reviews, Video, People also ask, Related searches"
sky receiver kaufen,Transactional,39,1000,31,0.77,"Reviews, People also ask, Related searches, Popular products"
smartphone deals,Commercial,33,1000,42,0.89,"Reviews, Video, Related searches, Popular products"
stick für fernseher,"Informational, Commercial",43,1000,29,1.36,"Sitelinks, Reviews, Image, Video, Video carousel, People also ask, Related searches, Popular products"
super rtl live stream,Transactional,41,1000,33,0.98,"Reviews, Video, People also ask, Related searches"
t mobile de,"Informational, Transactional",33,1000,55,1.75,"Reviews, People also ask, Related searches"
tarif internet,Commercial,44,1000,59,2.82,"AI Overview, Reviews, Video, People also ask, Related searches, Ads top, Ads middle"
tarif vergleich handy,Commercial,37,1000,47,2.60,"Reviews, Video, Related searches"
tarife dsl vergleich,Commercial,44,1000,47,1.97,"Sitelinks, AI Overview, Video, People also ask, Related searches, Ads top, Ads middle"
tarife winsim,"Navigational, Transactional",31,1000,29,1.67,"Sitelinks, People also ask, Related searches, Ads top, Ads bottom"
telekom angebote handy mit vertrag,"Navigational, Transactional",38,1000,50,1.11,"Sitelinks, Reviews, Video, People also ask, Related searches"
telekom festnetz und internet,Commercial,42,1000,41,2.65,"AI Overview, Reviews, People also ask, Related searches, Ads top, Ads middle"
telekom festnetz und internet tarife,"Informational, Transactional",44,1000,36,1.53,"AI Overview, Reviews, People also ask, Related searches, Ads bottom"
telekom internet und festnetz,Commercial,46,1000,36,2.65,"AI Overview, Reviews, Video, People also ask, Related searches, Ads top, Ads middle"
telekom kabelfernsehen,"Informational, Transactional",43,1000,50,1.73,"AI Overview, Reviews, People also ask, Related searches, Ads top"
telekom netz anbieter,"Informational, Commercial",41,1000,32,2.13,"Sitelinks, AI Overview, Reviews, Video, People also ask, Related searches, Ads bottom"
telekom neukunde,"Navigational, Transactional",38,1000,60,1.74,"Sitelinks, AI Overview, People also ask, Related searches, Ads top, Ads bottom"
telekom tv stick,"Informational, Transactional",40,1000,22,0.57,"Reviews, Video, People also ask, Related searches"
telekom verfügbar,Transactional,41,1000,24,2.35,"Reviews, Related searches"
tv kostenlos gucken,Commercial,41,1000,52,1.01,"Reviews, Video, Video carousel, People also ask, Related searches"
tv ohne anmeldung,"Navigational, Transactional",43,1000,38,0.00,"Reviews, Video, People also ask, Related searches"
tv rtl stream,"Navigational, Transactional",47,1000,66,0.65,"Reviews, Video, People also ask, Related searches, Ads top, Ads middle"
tv schauen kostenlos,Commercial,40,1000,49,0.66,"Sitelinks, Reviews, Video, People also ask, Related searches, Ads middle"
tv smart tv box,Commercial,40,1000,18,0.63,"Sitelinks, Reviews, Video, Video carousel, People also ask, Related searches, Popular products"
tv stick für alle sender,Commercial,45,1000,37,0.89,"Sitelinks, Reviews, Video, People also ask, Related searches"
tv streaming dienste,Commercial,49,1000,40,1.28,"AI Overview, Reviews, Video, People also ask, Top stories, Related searches"
tv und internet,Commercial,48,1000,41,2.78,"Reviews, Video, People also ask, Related searches, Ads top, Ads bottom"
tv with tv,"Informational, Transactional",37,1000,55,0.68,"Reviews, Video, Video carousel, People also ask, Related searches"
verfügbarkeit dsl,Commercial,43,1000,50,1.57,"Reviews, Video, People also ask, Related searches, Ads top, Ads bottom"
verfügbarkeit dsl telekom,Transactional,44,1000,22,2.21,"Reviews, People also ask, Related searches, Ads top, Ads bottom"
verfügbarkeit internet vodafone,Transactional,40,1000,28,1.49,"Reviews, People also ask, Related searches, Ads top, Ads middle"
verfügbarkeit telekom dsl,"Informational, Transactional",44,1000,22,2.21,"Reviews, People also ask, Related searches"
verfügbarkeit telekom prüfen,Transactional,47,1000,20,2.13,"Reviews, Related searches"
vergleich handy mit vertrag,Commercial,40,1000,46,3.19,"Sitelinks, Reviews, Video, Related searches, Popular products"
vertrag d1 mit handy,Commercial,41,1000,26,2.03,"Reviews, Video, Related searches"
vertrag mit handy angebote,Commercial,40,1000,55,1.74,"Reviews, Video, People also ask, Related searches, Popular products"
vertrag mit handy telekom,"Navigational, Transactional",40,1000,50,2.28,"Sitelinks, Reviews, Video, People also ask, Related searches"
vertrag mit smartphone,Commercial,38,1000,50,1.73,"Reviews, Video, People also ask, Related searches, Ads top, Ads middle"
vertrag smartphone,Commercial,41,1000,49,1.73,"Reviews, Video, Related searches, Popular products, Ads bottom"
vodafone handy angebote für bestandskunden,"Navigational, Transactional",29,1000,50,1.54,"Reviews, People also ask, Related searches"
vodafone smartphone,Transactional,30,1000,50,2.64,"Reviews, People also ask, Related searches"
vodafone verfügbarkeitscheck,"Navigational, Transactional",34,1000,29,1.69,"Sitelinks, Reviews, People also ask, Related searches, Ads top, Ads bottom"
waipu tv programm,"Navigational, Transactional",34,1000,32,0.06,"Sitelinks, Reviews, People also ask, Related searches"
web tv,"Navigational, Commercial",45,1000,27,1.35,"Sitelinks, Reviews, Video, People also ask, Related searches, Ads bottom"
winsim esim,"Navigational, Transactional",28,1000,23,2.60,"Sitelinks, Reviews, People also ask, Related searches"
wlan kaufen,Transactional,39,1000,45,7.74,"Reviews, Video, People also ask, Related searches, Popular products"
wlan vertrag günstig,Commercial,42,1000,46,5.23,"Reviews, Video, People also ask, Related searches, Ads top, Ads middle"
wow programm,Commercial,32,1000,45,0.53,"Reviews, Video, People also ask, Related searches"
1 und 1 cinema,"Informational, Transactional",41,880,27,0.00,"Reviews, People also ask, Related searches"
1und1 vertrag mit handy,"Navigational, Transactional",38,880,50,0.99,"Reviews, Video, People also ask, Related searches, Popular products"
5 g netzabdeckung,Commercial,36,880,40,1.07,"AI Overview, Reviews, Video, People also ask, Related searches, Ads bottom, Ads middle"
aktion handy mit vertrag,Commercial,38,880,51,1.03,"Reviews, Video, Related searches, Popular products, Ads bottom"
anbieter dsl,Commercial,43,880,44,4.67,"Sitelinks, AI Overview, Reviews, Video, People also ask, Related searches, Ads top, Ads bottom"
anbieter für kabelfernsehen,Commercial,47,880,26,1.22,"AI Overview, Reviews, Video, People also ask, Related searches, Ads bottom, Ads middle"
angebot sim karte,Commercial,36,880,70,4.94,"Video, People also ask, Related searches, Popular products, Ads top, Ads middle"
angebot sky komplett,Transactional,40,880,36,1.67,"Sitelinks, Reviews, People also ask, Related searches, Ads top, Ads middle"
angebote dsl,Commercial,45,880,49,3.24,"Video, People also ask, Related searches"
angebote festnetz und internet,Commercial,46,880,46,1.26,"AI Overview, Reviews, Video, People also ask, Related searches, Ads top, Ads middle"
angebote internet und festnetz,Commercial,47,880,49,1.32,"Sitelinks, Reviews, Video, People also ask, Related searches"
angebote telekom neukunden,Commercial,43,880,42,1.09,"AI Overview, Reviews, Video, People also ask, Related searches, Ads top, Ads middle"
angebote wlan,Commercial,41,880,48,3.89,"Reviews, Video, People also ask, Related searches, Ads top, Ads bottom"
beste internetanbieter,Commercial,44,880,30,2.49,"AI Overview, Reviews, Video, Video carousel, People also ask, Related searches, Ads bottom, Ads middle"
bester glasfaser router,Commercial,43,880,27,0.30,"Sitelinks, Reviews, Video, People also ask, Related searches, Popular products"
bestes handynetz für meinen wohnort,Commercial,42,880,36,1.33,"AI Overview, Reviews, Video, People also ask, Related searches, Ads middle"
blau mit handy,Commercial,30,880,40,0.91,"Reviews, People also ask, Related searches, Popular products, Ads top, Ads middle"
blau tarife mit handy,"Informational, Transactional",37,880,24,0.87,"Sitelinks, Reviews, Video, People also ask, Related searches"
d1 handyvertrag,Commercial,39,880,32,2.03,"Reviews, Video, People also ask, Related searches, Ads middle"
d1 vertrag mit handy,Commercial,39,880,30,2.03,"Reviews, Video, People also ask, Related searches, Ads middle"
dazn mein konto,"Navigational, Transactional",40,880,47,0.04,"Reviews, People also ask, Related searches"
deal handy,Commercial,30,880,44,1.09,"Reviews, Video, Video carousel, People also ask, Related searches"
drillisch handyvertrag,Commercial,34,880,32,2.23,"Sitelinks, Reviews, People also ask, Related searches"
dsl 250 angebote,Commercial,45,880,30,1.58,"Reviews, People also ask, Related searches"
dsl check24,"Navigational, Transactional",38,880,60,2.06,"Sitelinks, Reviews, Video, People also ask, Related searches, Ads top, Ads middle"
dsl vergleich tarife,Commercial,44,880,49,1.95,"Sitelinks, Reviews, Video, People also ask, Related searches, Ads top, Ads middle"
dsl vertrag mit prämie,Commercial,40,880,10,3.56,"Reviews, Video, Related searches"
dsl verträge,Commercial,47,880,55,5.95,"Sitelinks, Reviews, Video, People also ask, Related searches"
fernseh app,"Informational, Commercial",37,880,50,1.56,"AI Overview, Reviews, Video, People also ask, Related searches, Ads top, Ads bottom"
fernseher mit receiver,Commercial,38,880,21,0.18,"Reviews, Image, Video, People also ask, Related searches, Popular products, Ads top, Ads middle"
fernseher mit wlan,Commercial,42,880,25,0.40,"Video, Video carousel, People also ask, Related searches, Popular products"
flatrate handy,Commercial,37,880,32,2.64,"Sitelinks, Reviews, Video, People also ask, Related searches"
flixy tv stick welche sender,Commercial,46,880,29,0.79,"Reviews, Video, People also ask, Related searches"
freenet angebote mit handy,"Informational, Transactional",38,880,46,0.22,"Reviews, People also ask, Related searches, Popular products"
glasfaser fritz box,"Informational, Transactional",42,880,32,0.26,"Reviews, Video, Video carousel, People also ask, Related searches, Popular products"
glasfaser kosten,Commercial,39,880,39,0.60,"AI Overview, Reviews, Video, Video carousel, People also ask, Related searches, Ads top, Ads middle"
glasfaser prüfen,Commercial,38,880,37,1.18,"Reviews, Video, People also ask, Related searches"
glasfaser tarif,Commercial,40,880,50,0.96,"AI Overview, Reviews, Video, People also ask, Related searches"
glasfaseranbieter,Commercial,40,880,35,1.33,"AI Overview, Reviews, Video, People also ask, Related searches, Ads top, Ads bottom"
gzsz rtlnow,"Navigational, Transactional",32,880,43,0.00,"Sitelinks, Video, Related searches"
günstige handy,Commercial,39,880,37,0.76,"Video, People also ask, Related searches, Popular products"
günstige internet tarife,Commercial,46,880,43,2.48,"AI Overview, Reviews, Video, People also ask, Related searches, Ads top, Ads bottom"
günstiger vertrag mit handy,Commercial,39,880,52,1.85,"Reviews, Video, People also ask, Related searches"
günstiges internet für zuhause ohne telefon,"Informational, Commercial",41,880,31,1.40,"AI Overview, Reviews, Video, People also ask, Related searches"
günstigste handytarife,Commercial,39,880,47,3.50,"Video, People also ask, Related searches"
handy angebote bei saturn,Transactional,29,880,40,0.21,"Sitelinks, Reviews, People also ask, Related searches, Popular products"
handy angebote vodafone,"Navigational, Transactional",33,880,59,2.27,"Sitelinks, Reviews, People also ask, Related searches, Popular products, Ads bottom"
handy deals mit vertrag,Commercial,35,880,50,1.22,"Reviews, Video, Related searches, Popular products, Ads middle"
handy mit tarif,Commercial,40,880,51,1.69,"Reviews, Video, Related searches"
handy mit tarif vergleich,Commercial,36,880,48,2.60,"Sitelinks, Reviews, Video, Related searches, Ads bottom"
handy mit vertrag bei media markt,"Informational, Transactional",32,880,19,0.99,"Sitelinks, Reviews, People also ask, Related searches, Popular products"
handy mit vertrag mit handy,Commercial,38,880,45,3.14,"Reviews, Video, Related searches, Popular products, Ads bottom"
handy mit vertrag telekom netz,Commercial,39,880,42,2.51,"Reviews, Video, People also ask, Related searches"
handy tarife günstig,Commercial,40,880,50,2.96,"Sitelinks, Reviews, Video, People also ask, Related searches"
handy tarife mit handy,Commercial,40,880,53,1.44,"Reviews, Video, People also ask, Related searches, Ads top, Ads bottom"
handy tarife vergleichen,Commercial,39,880,57,2.34,"Sitelinks, Reviews, Video, People also ask, Related searches"
handy verträge vergleich,Commercial,37,880,56,2.62,"Sitelinks, Reviews, Video, Video carousel, People also ask, Related searches, Ads top, Ads bottom"
handydeals,Commercial,34,880,39,1.02,"Reviews, Video, Related searches"
handytarif mit handy,Commercial,38,880,47,1.71,"Reviews, Video, Related searches, Popular products"
handytarif ohne handy günstig,Commercial,38,880,32,2.61,"Reviews, Video, People also ask, Related searches, Popular products, Ads bottom"
handytarife beste,Commercial,37,880,55,2.51,"Sitelinks, Reviews, Video, People also ask, Related searches, Ads top, Ads middle"
handytarife günstig mit handy,Commercial,38,880,59,1.42,"Video, People also ask, Related searches, Popular products"
handytarife ohne handy vergleich,Commercial,38,880,38,2.83,"Reviews, Video, People also ask, Related searches"
handytarife ohne vertrag,Commercial,36,880,52,2.67,"Reviews, Video, People also ask, Related searches, Popular products"
handyvertrag 02,Commercial,37,880,30,1.20,"Sitelinks, Reviews, Video, People also ask, Related searches, Ads bottom"
handyvertrag d1,Commercial,39,880,30,1.90,"Reviews, Video, People also ask, Related searches"
handyvertrag d1 netz,"Informational, Commercial",40,880,28,2.54,"AI Overview, Video, People also ask, Related searches"
handyvertrag ohne handy monatlich kündbar,Commercial,40,880,24,3.49,"AI Overview, Reviews, Related searches, Ads top, Ads middle"
handyvertrag telekom ohne handy,Commercial,38,880,26,1.90,"Reviews, Video, People also ask, Related searches"
handyvertrag unbegrenztes datenvolumen,Commercial,40,880,33,3.52,"Sitelinks, AI Overview, Reviews, Video, People also ask, Related searches"
handyvertrag vergleich mit handy,Commercial,41,880,56,1.89,"Sitelinks, Reviews, Video, People also ask, Related searches, Ads top, Ads middle"
handyverträge angebote,Commercial,41,880,55,1.41,"Reviews, Video, People also ask, Related searches"
internet angebote neukunde,Commercial,46,880,52,2.01,"AI Overview, Reviews, Video, People also ask, Related searches"
internet aus kabelanschluss,Commercial,44,880,26,3.37,"AI Overview, Reviews, Video, People also ask, Related searches, Ads top, Ads middle"
internet flatrate,Commercial,39,880,43,2.74,"AI Overview, Video, People also ask, Related searches, Ads top, Ads middle"
internet für zuhause angebote,Commercial,44,880,56,3.35,"AI Overview, Reviews, Video, People also ask, Related searches, Ads top, Ads middle"
internet mit tv anbieter,Commercial,51,880,45,2.33,"Reviews, Video, People also ask, Related searches"
internet tarife vergleichen,Commercial,45,880,49,2.21,"AI Overview, Reviews, Video, People also ask, Related searches"
internet tv angebote,Commercial,52,880,43,2.06,"Reviews, Video, People also ask, Related searches, Ads middle"
internet verträge,Commercial,47,880,59,6.54,"AI Overview, Reviews, Video, Related searches, Ads top, Ads bottom"
internetanbieter im vergleich,Commercial,39,880,50,3.47,"Sitelinks, AI Overview, Reviews, Video, People also ask, Related searches"
internetanschluss ohne festnetz,Commercial,42,880,30,1.83,"AI Overview, Reviews, Video, Short videos, People also ask, Related searches, Ads top, Ads middle"
internetanschluss telekom,Commercial,45,880,40,2.62,"AI Overview, Reviews, Video, People also ask, Related searches, Ads top, Ads bottom"
internettarife,Commercial,48,880,48,2.66,"Reviews, Video, People also ask, Related searches, Ads top, Ads middle"
internetverträge vergleich,Commercial,44,880,50,5.10,"Reviews, Video, People also ask, Related searches, Ads bottom"
iptv receiver,"Informational, Commercial",45,880,16,0.00,"Sitelinks, Video, People also ask, Related searches, Popular products"
kabel anschluss internet,Commercial,44,880,25,3.37,"AI Overview, Reviews, Image pack, Video, People also ask, Related searches, Ads bottom, Ads middle"
kabel internet vergleich,Commercial,41,880,28,4.05,"Reviews, Video, People also ask, Related searches, Ads top, Ads middle"
kabel1 livestream,Commercial,38,880,27,0.47,"Sitelinks, Reviews, People also ask, Related searches"
kabelanbieter tv,Commercial,46,880,36,1.45,"AI Overview, Reviews, Video, People also ask, Related searches, Ads top, Ads middle"
konto erstellen netflix,"Navigational, Transactional",44,880,52,3.06,"Video, People also ask, Related searches"
kostenlose tv,Commercial,43,880,37,0.93,"Reviews, Video, People also ask, Related searches"
live tv stream kostenlos,Commercial,41,880,51,1.23,"Reviews, Video, People also ask, Related searches"
livetv alternative,"Informational, Commercial",39,880,30,2.55,"Sitelinks, AI Overview, Video, People also ask, Related searches"
lte unlimited,"Informational, Commercial",35,880,29,2.73,"AI Overview, Reviews, Video, Related searches, Shopping ads, Ads top, Ads bottom"
magenta tv filme,"Informational, Transactional",40,880,21,1.26,"Video, People also ask, Related searches"
magentatv stick für bestandskunden,"Informational, Transactional",45,880,28,0.29,"Reviews, Video, People also ask, Related searches, Popular products"
mobilfunk vergleich,Commercial,38,880,59,2.65,"Reviews, Video carousel, People also ask, Related searches"
mobilfunk vertrag,Commercial,42,880,60,5.58,"Reviews, Video, People also ask, Related searches, Ads top, Ads bottom"
mobilfunkvertrag mit handy,Commercial,40,880,50,1.95,"Reviews, Video, People also ask, Related searches"
netflix abbo,"Navigational, Transactional",39,880,54,1.43,"People also ask, Related searches"
netflix anmeldung,"Navigational, Transactional",42,880,55,1.58,"Video, People also ask, Related searches"
netflix gratis monat,"Informational, Transactional",42,880,50,1.54,"Reviews, Video, People also ask, Related searches"
neue handy,"Informational, Commercial",40,880,34,0.69,"Image pack, Video, Video carousel, People also ask, Related searches, Popular products"
nitro live stream ohne anmeldung,"Navigational, Transactional",37,880,27,0.00,"Reviews, Video, People also ask, Related searches"
o2 angebot mit handy,Transactional,33,880,44,0.24,"Reviews, Video, People also ask, Related searches, Popular products, Ads top, Ads middle"
online kostenlos fernsehen,Commercial,43,880,54,0.81,"Reviews, Video, People also ask, Related searches"
otr onlinetvrecorder,"Navigational, Transactional",33,880,24,1.82,"Video, People also ask, Related searches"
preisvergleich handy mit vertrag,Commercial,40,880,50,1.30,"Sitelinks, Reviews, Video, Related searches"
receiver telekom,Transactional,38,880,28,1.49,"Reviews, Image pack, Video, Video carousel, People also ask, Related searches, Ads top"
router internet,Commercial,39,880,41,2.32,"Reviews, Image pack, Video, Video carousel, People also ask, Related searches, Popular products, Ads bottom"
routers,"Informational, Transactional",33,880,47,1.10,"Reviews, Video, Video carousel, People also ask, Knowledge panel, Related searches, Popular products"
rtl for free,"Navigational, Transactional",38,880,51,0.57,"Sitelinks, AI Overview, Reviews, Video, People also ask, Related searches, Ads bottom"
rtl free streaming,"Navigational, Transactional",40,880,45,1.07,"AI Overview, Video, People also ask, Top stories, Related searches, Ads top, Ads bottom"
rtl online élő adás ingyen,Commercial,37,880,40,1.06,"Reviews, Video, Related searches"
rtl plus jahresabo,"Informational, Transactional",43,880,44,1.81,"AI Overview, Reviews, Image, Video, People also ask, Related searches"
rtl stream live kostenlos,Transactional,43,880,54,1.04,"Sitelinks, Reviews, Video, People also ask, Related searches"
rtl tv germany,"Navigational, Transactional",41,880,76,0.44,"Sitelinks, AI Overview, Reviews, Video, People also ask, Related searches"
rtl up kostenlos ohne anmeldung,"Navigational, Transactional",39,880,31,0.00,"Reviews, People also ask, Related searches"
rtl uživo,"Navigational, Transactional",41,880,45,0.00,"Video, Related searches"
rtlup live stream kostenlos,Commercial,42,880,26,0.00,"Sitelinks, Reviews, Video, People also ask, Related searches"
saturn handy vertrag,"Informational, Transactional",33,880,39,1.13,"Reviews, Video, People also ask, Related searches"
schnelles internet,Commercial,41,880,54,2.21,"AI Overview, Video, Video carousel, People also ask, Related searches"
sim karte bestellen,Commercial,34,880,36,17.01,"Reviews, Video, People also ask, Related searches, Ads top, Ads bottom"
sim karte unlimited,Commercial,32,880,30,5.00,"Reviews, Video, People also ask, Related searches, Popular products, Ads bottom"
sim only tarife,Commercial,34,880,43,3.95,"AI Overview, Reviews, Video, People also ask, Related searches"
sim vertrag,Commercial,36,880,49,9.97,"Reviews, Video, Related searches"
sky abo angebot,Transactional,39,880,41,0.68,"Reviews, Video, People also ask, Related searches"
sky boxen,"Navigational, Transactional",35,880,32,0.84,"Reviews, Image pack, Video, People also ask, Related searches"
sky bundesliga abo,Transactional,42,880,42,2.08,"Sitelinks, Reviews, Video, Related searches, Ads top, Ads bottom"
sky komplett angebot,Transactional,38,880,32,2.14,"Sitelinks, Reviews, People also ask, Related searches, Ads top, Ads middle"
sky online,"Navigational, Transactional",40,880,64,1.32,"Reviews, Video, People also ask, Related searches, Ads top, Ads bottom"
sky pakete preise bestandskunden,Transactional,41,880,30,0.72,"Sitelinks, AI Overview, Reviews, People also ask, Related searches"
sky to go app,Commercial,35,880,51,0.40,"AI Overview, Reviews, People also ask, Related searches, Ads top, Ads bottom"
smartphone im vertrag,Commercial,42,880,46,1.73,"Reviews, Video, People also ask, Related searches, Ads bottom"
sparhandy vertragsverlängerung,"Navigational, Transactional",36,880,25,3.47,"Sitelinks, Video, People also ask, Related searches"
stb set top box,"Informational, Commercial",38,880,27,0.74,"Reviews, Image, People also ask, Knowledge panel, Related searches, Popular products"
tarife dsl telekom,Transactional,42,880,38,3.61,"Reviews, People also ask, Related searches"
tarife festnetz telekom,Commercial,39,880,35,1.51,"AI Overview, Reviews, People also ask, Related searches, Ads top, Ads middle"
tarife für smartphones,Commercial,38,880,62,1.82,"Reviews, Video, People also ask, Related searches, Popular products"
tarife handy,Commercial,35,880,61,3.21,"Reviews, Video, People also ask, Related searches"
tarife telekom internet,Commercial,42,880,44,3.00,"Reviews, Video, People also ask, Related searches, Ads top, Ads middle"
telekom 5g abdeckung,"Informational, Transactional",39,880,27,0.82,"Reviews, Video, People also ask, Related searches"
telekom angebote festnetz,Commercial,42,880,35,2.42,"AI Overview, Reviews, People also ask, Related searches, Ads top, Ads bottom"
telekom angebote für neukunden,Commercial,43,880,39,1.09,"AI Overview, Reviews, People also ask, Related searches, Ads bottom, Ads middle"
telekom festnetz angebote,Transactional,41,880,34,2.07,"Reviews, Video, People also ask, Related searches"
telekom festnetz tarif,Transactional,42,880,35,2.07,"AI Overview, Reviews, Video, People also ask, Related searches, Ads top, Ads bottom"
telekom internet über kabel,Transactional,45,880,31,2.58,"AI Overview, Reviews, Video, People also ask, Related searches, Ads top, Ads bottom"
telekom internetanschluss,Transactional,45,880,36,2.69,"Reviews, Video, People also ask, Related searches"
telekom nur internet,Commercial,44,880,38,2.23,"AI Overview, Reviews, People also ask, Related searches, Ads top, Ads middle"
telekom vertragsverlängerung handy,Transactional,39,880,30,0.54,"Reviews, Video, People also ask, Related searches"
television and internet,Commercial,39,880,28,2.27,"Sitelinks, AI Overview, Reviews, Video, People also ask, Knowledge panel, Related searches, Ads bottom"
television internet gratis,Commercial,42,880,43,0.59,"Reviews, Video, Video carousel, People also ask, Related searches"
top stream,Commercial,34,880,35,1.03,"Video, People also ask, Related searches"
tv and internet,Commercial,45,880,44,2.27,"AI Overview, Reviews, Video, Knowledge panel, Related searches"
tv anschluss,"Informational, Commercial",41,880,36,2.52,"AI Overview, Reviews, Image, Image pack, Video, People also ask, Related searches, Ads top, Ads middle"
tv sticks im vergleich,Commercial,38,880,30,1.09,"Sitelinks, Video, People also ask, Related searches, Popular products"
tv stream online kostenlos,Commercial,40,880,53,1.13,"AI Overview, Reviews, Video, People also ask, Related searches"
tv und internet angebote,Commercial,50,880,42,2.25,"Reviews, Video, People also ask, Related searches"
tvonline ro,Commercial,33,880,63,0.83,"Reviews, Video, Related searches"
unlimited sim karte,Commercial,32,880,38,4.56,"Reviews, Video, Related searches, Popular products"
verfügbarkeit o2,Transactional,39,880,57,0.69,"Reviews, People also ask, Related searches"
verfügbarkeit prüfen internet,Commercial,42,880,51,1.71,"AI Overview, Reviews, Video, People also ask, Related searches, Ads top, Ads bottom"
vergleich mobilfunktarife,Commercial,40,880,64,2.23,"Sitelinks, Reviews, Video, Related searches, Ads top, Ads bottom"
vertrag vodafone ohne handy,Commercial,35,880,50,2.95,"Reviews, People also ask, Related searches, Ads top, Ads bottom"
vodafone handy-angebote für bestandskunden,"Informational, Transactional",29,880,51,1.54,"AI Overview, Reviews, People also ask, Related searches, Ads bottom, Ads middle"
vodafone handyvertrag ohne handy,Commercial,39,880,51,2.42,"Reviews, People also ask, Related searches"
wlan fernseh,Commercial,37,880,21,0.51,"Video, Video carousel, People also ask, Related searches, Popular products"
wlan für zuhause günstig,Commercial,39,880,34,3.39,"Reviews, Video, People also ask, Related searches, Popular products, Ads bottom"
wlan günstig,Commercial,41,880,42,5.28,"Video, People also ask, Related searches, Ads bottom"
wlan mit kabel,Commercial,40,880,24,1.41,"Reviews, Image pack, Video, Video carousel, People also ask, Related searches, Popular products, Ads bottom"
wlan router bester,Commercial,34,880,22,0.74,"Sitelinks, Reviews, Video, Video carousel, People also ask, Related searches, Popular products"
wlan tarife,Commercial,39,880,57,4.37,"Reviews, Video, People also ask, Related searches"
wlan vertrag mit router,Commercial,42,880,43,6.84,"Reviews, Video, People also ask, Related searches, Ads top, Ads middle"
wow angebote sport,"Informational, Commercial",37,880,35,1.30,"AI Overview, Reviews, Video, People also ask, Related searches, Ads top, Ads middle"
wow live-sport,Commercial,38,880,42,1.18,"Reviews, Video, People also ask, Related searches"
wow sports,"Navigational, Commercial",30,880,50,1.11,"Reviews, Video, People also ask, Related searches, Ads middle"
1 und 1 dsl angebote,Commercial,38,720,29,0.87,"Reviews, Video, People also ask, Related searches"
1und1 tv app,"Informational, Transactional",38,720,30,1.51,"AI Overview, Reviews, Video, People also ask, Related searches"
50 gb datenvolumen,Commercial,32,720,14,3.22,"Reviews, People also ask, Related searches, Popular products"
alles störung deutsche glasfaser,"Informational, Transactional",43,720,37,0.00,"Sitelinks, Reviews, People also ask, Related searches"
angebot handy mit vertrag,Commercial,39,720,56,1.74,"Reviews, Video, People also ask, Related searches, Popular products"
angebote 1&1 handy,"Navigational, Transactional",36,720,37,0.73,"Sitelinks, Reviews, People also ask, Related searches, Popular products"
angebote für festnetz und internet,Commercial,46,720,44,1.32,"AI Overview, Reviews, Video, People also ask, Related searches, Ads top, Ads middle"
angebote für handy mit vertrag,Commercial,38,720,42,1.29,"Reviews, Video, Related searches, Popular products"
angebote für handys,Commercial,35,720,53,0.79,"Reviews, Video, People also ask, Related searches, Popular products"
angebote sim karte,Commercial,33,720,70,4.95,"Reviews, Video, People also ask, Related searches"
angebote waipu tv,"Informational, Transactional",41,720,55,0.17,"Reviews, Video, People also ask, Related searches"
app sky go download,Commercial,34,720,58,0.27,"Reviews, People also ask, Related searches"
best iptv,"Informational, Commercial",46,720,30,1.12,"Sitelinks, Video, People also ask, Related searches"
beste glasfaser router,Commercial,43,720,30,0.30,"Sitelinks, Reviews, Video, People also ask, Related searches"
bester handyvertrag ohne handy,Commercial,40,720,37,2.65,"AI Overview, Reviews, Video, People also ask, Related searches"
billig handy,Commercial,29,720,36,0.72,"Image, Video, People also ask, Related searches, Popular products"
billige handytarife,Commercial,37,720,48,2.28,"Sitelinks, Reviews, Video, People also ask, Related searches, Popular products, Ads top, Ads middle"
billige handyverträge,Commercial,39,720,64,3.00,"Reviews, Video, People also ask, Related searches, Ads top, Ads bottom"
billigster handyvertrag,Commercial,40,720,56,3.00,"Reviews, Video, People also ask, Related searches"
d1 netzabdeckung,Commercial,41,720,37,0.87,"Reviews, Video, People also ask, Related searches"
dazn parallele streams,"Informational, Transactional",37,720,31,0.00,"AI Overview, Video, Related searches"
drillisch marken,Commercial,33,720,26,1.87,"Sitelinks, AI Overview, Reviews, Image pack, Video, People also ask, Related searches, Ads bottom, Ads middle"
dsl 250,Commercial,40,720,21,2.09,"Reviews, Video, People also ask, Related searches, Ads top, Ads middle"
dsl 50,Commercial,38,720,26,1.56,"Reviews, Video, People also ask, Related searches"
dsl angebote für neukunden,Commercial,44,720,43,2.77,"Sitelinks, Reviews, Video, People also ask, Related searches, Ads top, Ads bottom"
dsl internet vergleich,Commercial,44,720,46,4.43,"Sitelinks, Reviews, Video, People also ask, Related searches"
dsl router test,Commercial,35,720,31,0.46,"Sitelinks, Video, People also ask, Related searches, Ads top, Ads middle"
dsl tarife günstig,Commercial,44,720,39,2.29,"AI Overview, Reviews, Video, People also ask, Related searches"
dsl und festnetz,Commercial,46,720,59,1.96,"AI Overview, Reviews, Video, People also ask, Related searches"
fernseh online,Commercial,39,720,73,1.86,"Reviews, Video, Related searches"
fernseh receiver,Commercial,33,720,35,0.84,"Sitelinks, Video, Video carousel, People also ask, Related searches, Popular products, Ads bottom"
fernsehbox,Commercial,39,720,45,0.21,"Sitelinks, Reviews, Video, People also ask, Related searches, Ads top, Ads bottom"
fernsehen kostenlos streamen,Commercial,41,720,41,0.57,"AI Overview, Reviews, Video, People also ask, Related searches"
fernsehen ohne anschluss und ohne internet,Commercial,48,720,24,1.04,"Sitelinks, Reviews, Video, People also ask, Related searches, Popular products, Ads top, Ads bottom"
fernsehen über stick,Commercial,46,720,29,1.36,"Sitelinks, Image, Video, People also ask, Related searches, Popular products, Ads bottom"
fernsehprogramm kabel 1,Commercial,39,720,30,0.78,"Reviews, Video, People also ask, Related searches"
festnetz anbieter,Commercial,43,720,36,1.60,"AI Overview, Reviews, Video, People also ask, Related searches, Ads top"
festnetz und internet telekom,"Informational, Transactional",44,720,36,2.65,"AI Overview, Reviews, People also ask, Related searches"
free rtl tv,"Navigational, Transactional",41,720,63,0.71,"Sitelinks, Reviews, Video, People also ask, Related searches"
freenet tarife ohne handy,"Navigational, Commercial",37,720,49,0.27,"Sitelinks, Reviews, People also ask, Related searches, Ads top, Ads bottom"
fritzbox für glasfaser und dsl,Commercial,47,720,35,0.21,"Sitelinks, Reviews, Video, Video carousel, People also ask, Related searches, Popular products, Ads top, Ads bottom"
fritzbox für glasfaseranschluss,Commercial,47,720,29,0.17,"Sitelinks, Reviews, Video, Video carousel, People also ask, Related searches, Ads bottom"
fußball live rtl,"Informational, Transactional",40,720,40,0.72,"Reviews, Video, People also ask, Related searches"
glasfaseranschluss prüfen,Commercial,41,720,38,1.15,"AI Overview, Reviews, Video, People also ask, Related searches, Ads top, Ads bottom"
gratis tv,Commercial,40,720,38,0.91,"Reviews, Video, People also ask, Related searches"
günstig handy mit vertrag,Commercial,38,720,46,2.11,"Reviews, Video, Related searches"
günstig internet,Commercial,46,720,61,2.88,"Reviews, Video, People also ask, Related searches, Popular products, Ads top, Ads bottom"
günstige telekom tarife ohne handy,Commercial,38,720,26,1.35,"AI Overview, Reviews, Video, People also ask, Related searches"
günstiger vertrag iphone,Commercial,38,720,29,1.43,"Reviews, Video, People also ask, Related searches, Ads top, Ads middle"
günstiges handy mit vertrag,Commercial,38,720,53,1.85,"Reviews, Video, People also ask, Related searches, Popular products"
günstigste handyverträge,Commercial,40,720,62,3.27,"Reviews, Video, People also ask, Related searches"
günstigste sim karte,Commercial,35,720,40,4.62,"Reviews, Video, People also ask, Related searches, Popular products"
günstigster anbieter dsl,"Informational, Commercial",42,720,45,2.13,"Sitelinks, AI Overview, Reviews, Video, People also ask, Related searches"
handy angebote telekom mit vertrag,"Navigational, Commercial",38,720,50,1.11,"Sitelinks, Reviews, People also ask, Related searches, Popular products, Ads top, Ads middle"
handy billig,Commercial,30,720,43,0.88,"Image, Video, People also ask, Related searches, Popular products"
handy bundle,Commercial,34,720,14,1.24,"Reviews, Video, Related searches, Popular products, Ads top, Ads middle"
handy d1 vertrag,Commercial,39,720,30,1.90,"Sitelinks, Reviews, Video, People also ask, Related searches, Ads top, Ads middle"
handy deal,Commercial,31,720,40,1.09,"Reviews, Video, Related searches, Ads top, Ads bottom"
handy karte,Commercial,33,720,59,9.40,"Reviews, Image, Video, Video carousel, People also ask, Related searches, Popular products, Ads middle"
handy mit vertrag bei vodafone,Transactional,33,720,53,2.29,"Reviews, People also ask, Related searches, Popular products"
handy mit vertrag d1,Commercial,40,720,31,1.90,"Sitelinks, Reviews, People also ask, Related searches"
handy mit vertrag deals,Commercial,37,720,50,1.22,"Reviews, Video, Related searches, Ads middle"
handy telekom vertrag,"Navigational, Transactional",38,720,54,1.94,"Sitelinks, Reviews, Video, People also ask, Related searches, Ads top, Ads middle"
handyangebote,Commercial,35,720,35,0.72,"AI Overview, Reviews, Video, People also ask, Related searches"
handytarif angebote,Commercial,43,720,50,1.81,"Reviews, Video, People also ask, Related searches"
handytarif vergleich ohne handy,Commercial,36,720,42,2.83,"Reviews, Video, People also ask, Related searches, Ads top, Ads middle"
handytarife im vergleich ohne handy,Commercial,37,720,40,2.59,"Reviews, Video, People also ask, Related searches"
handyvertrag bei saturn,Commercial,36,720,38,0.99,"Reviews, Video, People also ask, Related searches, Popular products"
handyvertrag billig,Commercial,42,720,59,3.00,"Reviews, Video, People also ask, Related searches, Popular products, Ads middle"
handyvertrag check24,"Navigational, Transactional",35,720,49,6.05,"Sitelinks, Reviews, People also ask, Related searches, Ads top, Ads bottom"
handyvertrag deals,Commercial,36,720,48,1.26,"Reviews, Video, Related searches, Ads top, Ads bottom"
handyvertrag im telekom netz,Commercial,39,720,30,2.51,"AI Overview, Reviews, Video, People also ask, Related searches, Ads top, Ads middle"
handyvertrag im vergleich,Commercial,40,720,57,3.19,"Sitelinks, AI Overview, Reviews, Video, People also ask, Related searches"
handyvertrag mit handy vodafone,Transactional,36,720,50,2.72,"Reviews, Video, People also ask, Related searches, Ads bottom"
handyvertrag vodafone mit handy,Transactional,33,720,50,2.72,"Reviews, People also ask, Related searches, Popular products"
im besten netz,Commercial,49,720,26,0.00,"AI Overview, Video, People also ask, Related searches"
internet angebote dsl,Commercial,46,720,51,4.08,"AI Overview, Reviews, Video, People also ask, Related searches, Ads top, Ads middle"
internet anschluss vergleich,Commercial,43,720,55,4.16,"Sitelinks, Reviews, Video, People also ask, Related searches"
internet flat zuhause,Commercial,43,720,39,2.50,"Reviews, Video, Related searches"
internet für zuhause telekom,Transactional,45,720,34,3.91,"Reviews, People also ask, Related searches, Ads top"
internet kabel vergleich,Commercial,42,720,28,4.05,"Reviews, Video, People also ask, Related searches"
internet kaufen,Transactional,42,720,58,7.39,"Reviews, Video, People also ask, Related searches, Popular products"
internet magenta,Transactional,39,720,41,2.88,"Reviews, Video, Video carousel, People also ask, Related searches, Ads top, Ads middle"
internet tarife für zuhause,"Informational, Commercial",44,720,56,2.74,"Reviews, Video, People also ask, Related searches"
internet und telefon anbieter,Commercial,44,720,53,1.66,"AI Overview, Reviews, Video, People also ask, Related searches, Ads top, Ads middle"
internet von telekom,Transactional,47,720,39,2.75,"Reviews, People also ask, Related searches"
internet über kabel oder dsl,"Informational, Commercial",48,720,17,3.53,"Sitelinks, AI Overview, Reviews, Video, Video carousel, People also ask, Related searches, Ads bottom, Ads middle"
internet über kabel vergleich,Commercial,42,720,17,3.48,"Reviews, Video, People also ask, Related searches, Ads top, Ads middle"
internetanbieter über kabel,Commercial,42,720,35,3.01,"AI Overview, Reviews, Video, People also ask, Related searches, Ads top, Ads bottom"
iptv apps,"Informational, Commercial",51,720,39,0.00,"AI Overview, Reviews, Video, Video carousel, People also ask, Related searches"
kabel 1 jetzt,Commercial,39,720,26,0.36,"Image, Video, People also ask, Related searches"
kabel ein live,Commercial,40,720,33,0.49,"Reviews, Video, People also ask, Related searches"
kabel internet verfügbarkeit,Commercial,45,720,46,1.96,"AI Overview, Video, People also ask, Related searches, Ads top, Ads middle"
klarmobil partnerkarte,Transactional,35,720,32,0.74,"Reviews, People also ask, Related searches, Ads top, Ads middle"
kostenlos fernsehen online,Commercial,41,720,47,0.75,"Reviews, Video, People also ask, Related searches"
kostenlos online tv schauen ohne anmeldung,"Navigational, Transactional",37,720,50,0.36,"Sitelinks, AI Overview, Reviews, Video, People also ask, Related searches"
live kabel eins,Commercial,43,720,49,0.37,"Reviews, Video, People also ask, Related searches"
live tv app,Commercial,41,720,40,1.53,"Reviews, Video, People also ask, Related searches"
livestream fernsehen,Commercial,42,720,80,0.69,"Reviews, Video, Video carousel, Related searches"
livestream free tv,Commercial,38,720,69,0.00,"Reviews, Video, People also ask, Top stories, Related searches"
magent,"Informational, Transactional",31,720,75,2.97,"Sitelinks, Reviews, Video, People also ask, Knowledge panel, Related searches"
magenta tv programm heute,Transactional,35,720,32,0.00,"Reviews, Video, People also ask, Related searches"
maxxim tarife,"Navigational, Transactional",32,720,19,1.75,"Sitelinks, People also ask, Related searches"
mobilfunkverträge,Commercial,41,720,67,5.04,"AI Overview, Reviews, Video, People also ask, Related searches"
monatlich kündbares internet,Commercial,41,720,39,6.03,"Reviews, Video, Related searches, Ads top, Ads middle"
netflix abo vergleich,"Informational, Commercial",40,720,43,1.82,"Sitelinks, AI Overview, Reviews, Video, People also ask, Related searches, Ads middle"
netflix abos preise,Transactional,37,720,51,0.81,"AI Overview, Reviews, Video, People also ask, Related searches"
netflix filme auf deutsch,Transactional,36,720,43,0.00,"Reviews, Video, People also ask, Related searches"
netflix kostenübersicht,"Informational, Transactional",41,720,49,0.93,"AI Overview, Reviews, Image pack, Video, People also ask, Related searches"
netflix mitgliedschaft,"Navigational, Transactional",40,720,57,2.34,"People also ask, Related searches"
netflix preise abo,Transactional,42,720,50,1.10,"AI Overview, Reviews, Video, People also ask, Related searches"
netflix preise deutschland,Transactional,45,720,49,1.22,"AI Overview, Reviews, Video, People also ask, Related searches"
netflix preistabelle,"Informational, Transactional",40,720,55,1.12,"AI Overview, Reviews, Video, People also ask, Related searches"
netflix preisübersicht,"Informational, Transactional",40,720,54,0.00,"AI Overview, Reviews, People also ask, Related searches"
netflix test,Transactional,38,720,33,1.49,"Reviews, Video, People also ask, Related searches"
neuer handyvertrag,Commercial,39,720,53,4.88,"Video, People also ask, Related searches"
neukunde telekom,"Navigational, Transactional",39,720,64,1.74,"AI Overview, People also ask, Related searches, Ads top, Ads middle"
online filmer,"Informational, Commercial",37,720,60,0.00,"Reviews, People also ask, Related searches"
preise für sky,"Navigational, Transactional",39,720,36,0.48,"AI Overview, Reviews, Video, People also ask, Related searches, Ads bottom"
programm kabel 1 heute,Commercial,38,720,25,0.33,"Reviews, Video, People also ask, Related searches, Ads middle"
receiver für fernseher,Commercial,42,720,25,0.50,"People also ask, Related searches"
router beste,Commercial,39,720,21,0.59,"Sitelinks, Reviews, Video, People also ask, Related searches, Popular products"
router vergleich,Commercial,37,720,32,1.14,"Sitelinks, Reviews, Video, People also ask, Related searches"
router wifi,Commercial,35,720,47,1.81,"Reviews, Video, Video carousel, People also ask, Related searches, Popular products"
rtl free livestream,"Navigational, Transactional",40,720,50,1.25,"Reviews, Video, People also ask, Related searches"
rtl gucken,Transactional,42,720,53,1.06,"Reviews, Video, People also ask, Related searches, Ads top, Ads bottom"
rtl live sehen,"Navigational, Transactional",42,720,46,0.84,"Reviews, Video, People also ask, Related searches"
rtl live stream formel 1 kostenlos,"Navigational, Transactional",39,720,29,0.00,"Sitelinks, Reviews, Video, People also ask, Related searches"
rtl livestream ohne anmeldung,"Navigational, Transactional",39,720,38,1.51,"Reviews, Video, People also ask, Related searches"
rtl nydus,"Navigational, Transactional",36,720,35,0.00,"Sitelinks, Related searches"
rtl plus com tv login,"Navigational, Transactional",41,720,40,0.14,"Sitelinks, Reviews, People also ask, Related searches"
rtl plus paket,"Navigational, Transactional",42,720,51,1.99,"AI Overview, Reviews, Video, People also ask, Related searches"
rtl plus programm heute,Commercial,34,720,63,0.24,"Video, People also ask, Related searches"
rtl super live,"Navigational, Transactional",40,720,44,0.30,"Reviews, Video, People also ask, Related searches"
rtlup kostenlos,Commercial,37,720,45,0.74,"Sitelinks, AI Overview, Reviews, Video, People also ask, Related searches"
schalke live stream kostenlos,Commercial,36,720,18,0.63,"Reviews, Video, Video carousel, Related searches"
servicewelt smartmobil,"Navigational, Transactional",31,720,20,1.48,"Sitelinks, Reviews, People also ask, Related searches"
sim only,Commercial,25,720,27,4.82,"Reviews, Video, People also ask, Related searches, Popular products"
sim tarife,Commercial,33,720,54,4.10,"Reviews, Video, People also ask, Related searches, Ads top, Ads middle"
sky angebote komplett,Transactional,39,720,36,2.14,"Reviews, Image, People also ask, Related searches"
sky für neukunden,"Informational, Commercial",37,720,37,0.71,"Sitelinks, AI Overview, Reviews, People also ask, Related searches"
sky streamen,"Informational, Commercial",38,720,72,3.05,"AI Overview, Reviews, Video, People also ask, Related searches"
sky tv sky go,"Navigational, Transactional",35,720,49,0.64,"AI Overview, Reviews, Video, People also ask, Related searches, Ads bottom"
smartphone tarif,"Informational, Commercial",37,720,62,1.62,"Reviews, Video, People also ask, Related searches, Popular products"
sportdigital fussball programm,"Navigational, Transactional",39,720,31,0.85,Related searches
tarife deutsche glasfaser,"Navigational, Commercial",41,720,27,0.29,"Sitelinks, Reviews, Video, People also ask, Related searches, Ads top, Ads bottom"
tarife dsl,Commercial,43,720,50,2.57,"AI Overview, Reviews, Video, Related searches"
tarife festnetz,Commercial,43,720,35,0.96,"Sitelinks, AI Overview, Reviews, People also ask, Related searches, Ads top, Ads middle"
tarife handy vergleich,Commercial,40,720,51,2.60,"Reviews, Video, People also ask, Related searches, Ads top, Ads middle"
tarife internet vergleich,Commercial,42,720,53,2.55,"Reviews, Video, People also ask, Related searches"
telekom ausbau karte,"Navigational, Transactional",39,720,34,4.66,"Reviews, Image pack, Video, Related searches, Ads bottom"
telekom dsl vertrag,Transactional,46,720,36,4.17,"Reviews, People also ask, Related searches"
telekom magenta tv stick,"Informational, Transactional",42,720,27,0.32,"Reviews, Video, People also ask, Related searches, Popular products"
telekom netz handyvertrag,Commercial,39,720,30,2.51,"Sitelinks, Reviews, Video, Related searches, Ads top, Ads middle"
telekom stick,"Informational, Transactional",37,720,23,0.61,"Reviews, Video, People also ask, Related searches, Popular products"
telekom vertrag handy,Transactional,39,720,48,2.03,"Reviews, People also ask, Related searches"
telekom vertragsverlängerung mit handy,Transactional,36,720,29,0.54,"People also ask, Related searches"
telekom verträge mit handy,"Navigational, Transactional",40,720,58,2.11,"Sitelinks, Reviews, People also ask, Related searches"
telekom welche geschwindigkeit,Transactional,41,720,21,2.04,"AI Overview, Reviews, Video, People also ask, Related searches, Ads top, Ads middle"
tmobile tarife,Commercial,35,720,39,1.40,"Reviews, Video, People also ask, Related searches, Ads top, Ads middle"
tv boxen,Commercial,46,720,34,2.10,"Reviews, Image pack, Video, Video carousel, People also ask, Related searches, Popular products, Ads middle"
tv kostenlos ohne anmeldung,"Navigational, Transactional",38,720,33,0.49,
tv programm live,"Informational, Transactional",39,720,79,0.75,"Reviews, Video, Related searches"
tv stick smart,Commercial,43,720,29,0.80,"Sitelinks, Reviews, Video, Video carousel, People also ask, Related searches, Popular products"
tv sticks vergleich,Commercial,41,720,30,0.66,"Sitelinks, Reviews, Video, People also ask, Related searches"
tv streaming anbieter,"Informational, Commercial",52,720,44,2.34,"AI Overview, Reviews, Video, People also ask, Related searches, Ads top, Ads middle"
tv umsonst,Commercial,40,720,41,1.25,"Reviews, Video, People also ask, Related searches"
vdsl router,Commercial,35,720,28,0.87,"Reviews, Video, People also ask, Related searches, Popular products, Ads bottom"
vdsl verfügbarkeit,Commercial,41,720,49,1.60,"AI Overview, Reviews, People also ask, Related searches"
verfügbarkeit internet,Commercial,44,720,52,1.84,"Reviews, Video, People also ask, Related searches"
verfügbarkeit prüfen dsl,Commercial,41,720,46,1.50,"Reviews, Video, Related searches"
vertrag sim,Commercial,36,720,71,9.97,"AI Overview, Reviews, Video, Related searches, Shopping ads, Ads top, Ads bottom"
vodafone handys,Transactional,27,720,52,2.10,"Reviews, People also ask, Related searches, Popular products"
vodafone handytarif,"Informational, Transactional",34,720,56,2.05,"Reviews, People also ask, Related searches"
vodafone netzabdeckungskarte,"Informational, Transactional",41,720,33,1.96,"Reviews, Video, People also ask, Related searches"
vodafone neukunde,Transactional,30,720,56,2.89,"Reviews, People also ask, Related searches"
vodafone vertrag mit iphone,Transactional,34,720,20,3.11,"Reviews, Video, People also ask, Related searches, Popular products"
voxup live stream kostenlos,Commercial,39,720,23,0.00,"Sitelinks, Reviews, People also ask, Related searches"
waipu fernbedienung,"Informational, Transactional",31,720,25,0.19,"Sitelinks, Image, Image pack, Video, People also ask, Related searches, Popular products"
waipu tv kundenservice,"Navigational, Transactional",39,720,23,1.29,Related searches
wireless internet router,Commercial,36,720,34,2.26,"Reviews, Video, People also ask, Related searches, Popular products"
wlan anbieter vergleich,Commercial,38,720,50,4.55,"Sitelinks, AI Overview, Reviews, Video, Related searches"
wlan stick für tv,Commercial,44,720,25,0.63,"Sitelinks, Video, People also ask, Related searches, Popular products"
wow live sport abo,Commercial,36,720,45,0.94,"Reviews, Video, People also ask, Related searches"
www waipu tv anmelden,"Navigational, Transactional",38,720,30,0.11,"Reviews, Video, People also ask, Related searches"
1 & 1 handyverträge,Commercial,40,590,45,0.74,"Reviews, Video, People also ask, Related searches"
1 1 cinema,"Informational, Transactional",38,590,22,1.91,"Video, People also ask, Related searches"
1 und 1 handy vertrag,Commercial,35,590,35,1.25,"Reviews, Video, People also ask, Related searches"
1&1 handys ohne vertrag,"Informational, Transactional",35,590,56,0.56,"Reviews, People also ask, Related searches, Popular products"
1&1 handytarife ohne handy,"Informational, Transactional",38,590,39,0.00,"Reviews, People also ask, Related searches"
alternative zu magenta tv,"Informational, Commercial",50,590,17,0.70,"AI Overview, Reviews, Video, People also ask, Related searches"
anbieter von handyverträgen,"Informational, Commercial",40,590,55,4.15,"AI Overview, Reviews, Video, People also ask, Related searches, Ads top, Ads middle"
angebote festnetz,Commercial,42,590,52,1.47,"Reviews, People also ask, Related searches"
angebote für handytarife,Commercial,39,590,50,1.81,"Reviews, Video, People also ask, Related searches, Ads bottom"
besten handytarife,Commercial,40,590,50,2.51,"Reviews, Video, People also ask, Related searches, Ads top, Ads middle"
besten handyverträge,Commercial,41,590,58,2.43,"Video, People also ask, Related searches"
bester dsl anbieter,Commercial,42,590,36,2.95,"AI Overview, Reviews, Video, People also ask, Related searches"
billig handyvertrag,Commercial,40,590,57,2.53,"Video, People also ask, Related searches, Popular products, Ads top, Ads middle"
billiger handy,Commercial,28,590,38,0.72,"Video, People also ask, Related searches"
billiger handyvertrag mit handy,Commercial,39,590,52,2.53,"Reviews, Video, People also ask, Related searches"
billigster tarif mit handy,Commercial,38,590,47,2.33,"Reviews, Video, People also ask, Related searches, Ads top, Ads middle"
cable router,Commercial,38,590,28,0.00,"Reviews, Image pack, Video, People also ask, Related searches, Popular products, Ads middle"
check24 dsl vergleich,"Navigational, Commercial",39,590,68,2.04,"Sitelinks, Reviews, Video, People also ask, Related searches, Ads top, Ads bottom"
d netz tarife,"Informational, Commercial",40,590,31,2.60,"Reviews, Video, People also ask, Related searches"
d1 netz handyvertrag,Commercial,40,590,28,2.55,"Reviews, Video, People also ask, Related searches"
deutsch iptv,Commercial,72,590,10,0.00,"AI Overview, Video, Related searches"
deutsche serie,Commercial,39,590,34,0.56,"Video, People also ask, Related searches"
deutsche telekom glasfaser,"Navigational, Transactional",43,590,54,3.23,"Sitelinks, Reviews, Video, People also ask, Related searches"
drama serien,Commercial,29,590,27,0.50,"Image, Video, People also ask, Related searches, See results about"
dsl 50 angebote,Commercial,42,590,40,1.27,"Reviews, People also ask, Related searches"
dsl günstige tarife,Commercial,45,590,44,2.29,"Sitelinks, AI Overview, Reviews, Video, People also ask, Related searches, Ads bottom"
dsl telekom vertrag,Transactional,43,590,38,4.17,"AI Overview, Reviews, People also ask, Related searches, Ads top, Ads bottom"
dsl vergleich anbieter,Commercial,42,590,46,2.91,"Sitelinks, Reviews, Video, People also ask, Related searches"
dsl vertrag günstig,Commercial,45,590,44,3.56,"Sitelinks, Reviews, Video, People also ask, Related searches"
dsl vertrag telekom,Transactional,47,590,38,4.17,"Reviews, People also ask, Related searches"
fernsehen umsonst,Commercial,42,590,57,0.75,"AI Overview, Reviews, Video, People also ask, Related searches"
fernsehen und internet telekom,Transactional,45,590,29,1.22,"Reviews, Video, People also ask, Related searches, Ads top, Ads bottom"
fernseher für kabelanschluss,Commercial,43,590,32,1.48,"Reviews, Image, Video, People also ask, Related searches, Popular products"
fernseher mit internet,Commercial,44,590,28,0.53,"Reviews, Video, People also ask, Related searches, Popular products, Ads bottom"
fernsehn kostenlos,Commercial,42,590,47,0.64,"Reviews, Image, Video, People also ask, Related searches, Ads bottom"
fernsehn kostenlos schauen,Commercial,40,590,37,0.65,"Video, People also ask, Related searches, Ads top, Ads middle"
fernsehn mit wlan,Commercial,41,590,26,0.40,"Video, People also ask, Related searches, Popular products"
festnetz anschluss,Commercial,41,590,38,2.64,"AI Overview, Reviews, Image pack, Video, People also ask, Related searches, Ads top, Ads bottom"
festnetz internet angebote,Commercial,46,590,55,1.72,"Reviews, People also ask, Related searches, Ads bottom"
festnetz internet vergleich,Commercial,42,590,51,1.95,"Sitelinks, Reviews, Video, People also ask, Related searches, Ads top, Ads middle"
festnetz vergleich,Commercial,40,590,42,1.87,"AI Overview, Reviews, Video, People also ask, Related searches"
festnetzanschluss mit internet,Commercial,44,590,39,1.72,"AI Overview, Reviews, Video, People also ask, Related searches, Ads top, Ads middle"
freenet tarif,Transactional,35,590,54,0.31,"Sitelinks, Reviews, Video, People also ask, Related searches"
geschäftshandy vertrag,Commercial,37,590,38,7.93,"AI Overview, Reviews, People also ask, Related searches, Ads top, Ads middle"
glasfaser anbieter vergleich,Commercial,41,590,32,1.14,"AI Overview, Reviews, Video, People also ask, Related searches, Ads top, Ads bottom"
glasfaser preise,Transactional,40,590,46,0.65,"AI Overview, Reviews, Video, People also ask, Related searches, Ads bottom"
glasfaser prüfung,Commercial,38,590,42,1.18,"Reviews, Video, People also ask, Related searches, Ads top, Ads middle"
glasfaser telekom router,"Informational, Transactional",38,590,27,0.18,"Sitelinks, Reviews, Video, Video carousel, People also ask, Related searches"
glasfaserkabel router,"Informational, Transactional",42,590,27,0.24,"Sitelinks, Image pack, Video, Video carousel, People also ask, Related searches, Popular products, Ads middle"
günstig dsl,Commercial,45,590,41,2.72,"Reviews, Video, Related searches"
günstig internet für zuhause,Commercial,43,590,53,2.90,"AI Overview, Reviews, Video, People also ask, Related searches, Ads top, Ads bottom"
günstige handy verträge,Commercial,40,590,50,3.34,"Reviews, Video, People also ask, Related searches, Popular products, Ads top, Ads bottom"
günstige handytarife ohne vertrag,Commercial,36,590,40,1.97,"Sitelinks, Reviews, Video, People also ask, Related searches, Popular products"
günstige tarife ohne handy,Commercial,35,590,33,3.74,"AI Overview, Reviews, Video, People also ask, Related searches, Ads top"
günstige telekom tarife,Commercial,43,590,41,1.60,"Sitelinks, AI Overview, Reviews, People also ask, Related searches, Ads bottom"
günstige verträge mit iphone,Commercial,35,590,26,1.43,"Reviews, Related searches, Popular products"
günstiger dsl vertrag,"Informational, Commercial",44,590,48,2.67,"AI Overview, Reviews, Video, People also ask, Related searches"
günstiger handytarif ohne handy,Commercial,37,590,31,2.61,"Reviews, Video, People also ask, Related searches, Ads top, Ads middle"
günstiger mobilfunktarif,Commercial,40,590,56,2.87,"Reviews, Video, People also ask, Related searches, Ads top, Ads middle"
günstiger wlan vertrag,Commercial,41,590,49,5.23,"AI Overview, Reviews, Video, People also ask, Related searches"
günstiges internet zuhause,Commercial,45,590,46,2.90,"AI Overview, Reviews, Video, Related searches"
günstiges wlan,Commercial,41,590,33,4.37,"Reviews, Video, People also ask, Related searches, Ads top, Ads bottom"
handy angebote bei o2,Transactional,30,590,46,0.24,"Sitelinks, Reviews, People also ask, Related searches, Popular products"
handy de,Commercial,31,590,69,1.74,"Reviews, Related searches"
handy einfach,Commercial,34,590,30,0.18,"Sitelinks, Image pack, Video, People also ask, Related searches, Popular products"
handy for pros,Commercial,28,590,41,0.00,"Featured snippet, Reviews, Video, Video carousel, People also ask, Related searches, Popular products"
handy für sim karte,Commercial,37,590,31,6.31,"Sitelinks, Reviews, Video, People also ask, Related searches, Popular products"
handy kaufen mit vertrag,Transactional,40,590,44,2.77,"Reviews, Video, People also ask, Related searches, Popular products"
handy mit günstigem vertrag,Commercial,36,590,50,1.85,"Reviews, Video, Related searches, Popular products"
handy mit vertrag angebot,Commercial,39,590,53,1.41,"Reviews, Video, People also ask, Related searches, Ads top, Ads middle"
handy schnäppchen,"Informational, Commercial",34,590,39,0.52,"Reviews, Video, People also ask, Related searches, Popular products"
handy sim karte,Commercial,33,590,57,6.31,"Reviews, Video, People also ask, Related searches, Popular products, Ads top, Ads middle"
handy tarif angebote,Commercial,42,590,65,1.81,"Reviews, Video, People also ask, Related searches, Ads top, Ads bottom"
handy tarife vodafone,Commercial,37,590,51,2.05,"AI Overview, Reviews, People also ask, Related searches, Ads middle"
handy telekom tarife,Commercial,39,590,45,1.34,"Reviews, People also ask, Related searches"
handykarte,Commercial,34,590,45,9.82,"AI Overview, Reviews, Video, People also ask, Related searches"
handys bei vodafone,"Informational, Transactional",34,590,46,2.63,"Reviews, People also ask, Related searches, Popular products"
handytarif geschäftskunden,Commercial,39,590,28,7.90,"Reviews, Video, Related searches, Ads bottom"
handytarif telekom,Commercial,40,590,42,1.34,"Sitelinks, Reviews, People also ask, Related searches, Ads top, Ads bottom"
handytarife mit handy günstig,Commercial,40,590,53,1.33,"Sitelinks, Reviews, Video, People also ask, Related searches, Ads top, Ads bottom"
handytarife monatlich kündbar,Commercial,40,590,26,4.78,"Sitelinks, AI Overview, Reviews, Video, Related searches, Ads bottom"
handytarife telekom netz,Commercial,39,590,30,1.75,"Sitelinks, AI Overview, Reviews, Video, People also ask, Related searches"
handytarife vergleich mit handy,Commercial,38,590,50,1.38,"Sitelinks, Reviews, Video, People also ask, Related searches"
handyvertrag ohne handy vergleich,Commercial,36,590,50,3.69,"Reviews, Video, People also ask, Related searches"
handyverträge vergleichen,Commercial,36,590,55,2.67,"Reviews, Video, People also ask, Related searches"
internet anmelden neue wohnung,Transactional,42,590,25,8.72,"Sitelinks, AI Overview, Reviews, Video, People also ask, Related searches"
internet berlin,Commercial,46,590,34,5.09,"Reviews, Image, Video, People also ask, Related searches, Ads top, Ads bottom"
internet bester anbieter,Commercial,44,590,40,2.79,"AI Overview, Reviews, Video, People also ask, Related searches, Ads top, Ads bottom"
internet dsl vergleich,Commercial,43,590,48,5.29,"Sitelinks, Reviews, Video, People also ask, Related searches, Ads top, Ads middle"
internet mit tv,Commercial,45,590,38,3.87,"Reviews, Video, People also ask, Related searches, Ads top, Ads middle"
internet tv vergleich,Commercial,50,590,36,1.74,"Sitelinks, Reviews, Video, People also ask, Related searches, Ads top, Ads middle"
internet und fernsehen,Commercial,48,590,35,2.31,"Reviews, Video, People also ask, Related searches, Ads top, Ads middle"
internet vergleich dsl,Commercial,42,590,40,4.36,"Sitelinks, Video, Related searches, Ads top, Ads bottom"
internet vergleichen,Commercial,44,590,47,5.23,"Reviews, Video, Related searches, Ads top, Ads bottom"
internet vergleichen anbieter,Commercial,43,590,50,3.97,"Sitelinks, Reviews, Video, People also ask, Related searches"
internet zuhause vergleich,Commercial,39,590,48,3.42,"Sitelinks, AI Overview, Reviews, Video, People also ask, Related searches, Ads top, Ads bottom"
internetangebote telekom,Transactional,45,590,36,2.51,"Reviews, People also ask, Related searches, Ads bottom"
internetanschlüsse im vergleich,Commercial,39,590,56,3.51,"Reviews, Video, People also ask, Related searches"
internetgebühren vergleich,Commercial,43,590,50,5.47,"AI Overview, Reviews, Video, Related searches, Ads top, Ads bottom"
internettarife vergleichen,Commercial,47,590,49,2.21,"Reviews, Video, People also ask, Related searches"
internetverfügbarkeit test,Commercial,40,590,51,1.60,"AI Overview, Reviews, Video, People also ask, Related searches, Ads top, Ads bottom"
internetvergleich,Commercial,44,590,50,4.71,"Sitelinks, Video, People also ask, Related searches, Ads top, Ads middle"
ip tv kaufen,Commercial,54,590,30,1.33,"Video, People also ask, Related searches"
iphone mit günstigem vertrag,Commercial,37,590,27,1.43,"Reviews, Video, Related searches, Popular products"
iptv abo,Commercial,52,590,8,0.00,"AI Overview, Image, Video, People also ask"
iptv anbieter vergleich,Commercial,64,590,41,0.00,"AI Overview, Video, People also ask, Related searches"
iptv deutsch,"Informational, Commercial",68,590,30,0.00,"AI Overview, Video, Related searches"
iptv for receiver,Commercial,50,590,15,0.00,"Sitelinks, Reviews, Video, People also ask, Related searches, Popular products"
iptv line,"Informational, Commercial",48,590,10,0.00,"AI Overview, Reviews, Image, Video, People also ask"
iptv player android,Commercial,48,590,26,0.00,"Reviews, Video, Video carousel, People also ask, Related searches"
iptv tv stick,Commercial,53,590,17,0.00,"Sitelinks, Reviews, Video, People also ask, Related searches, Popular products"
kabel 1 doku live stream kostenlos,Commercial,39,590,35,0.47,"Sitelinks, Video, People also ask, Related searches"
kabel doku,Commercial,32,590,38,0.39,"Reviews, Image, Video, People also ask, Top stories, Related searches"
kabel eins live stream,Commercial,43,590,42,0.36,"Reviews, Video, People also ask, Related searches"
kabel internet verfügbar,Commercial,46,590,21,1.60,"Reviews, Video, People also ask, Related searches, Ads top, Ads bottom"
kabel verfügbarkeit internet,Commercial,46,590,40,1.86,"Reviews, Video, People also ask, Related searches"
kabel1doku,Commercial,33,590,39,0.09,"Reviews, Video, People also ask, Related searches"
kabel1live,Commercial,38,590,38,0.48,"Reviews, People also ask, Related searches"
kabeleins live,Commercial,37,590,39,0.37,"Reviews, Video, People also ask, Related searches, Ads middle"
klarmobile angebote,Commercial,37,590,30,1.36,"Reviews, Video, People also ask, Related searches, Ads top, Ads middle"
kosten waipu tv,"Informational, Transactional",39,590,51,0.08,"Featured snippet, Reviews, Video, People also ask, Related searches, Ads bottom"
kostenlose serien,Commercial,40,590,42,0.35,"Sitelinks, AI Overview, Reviews, Image, Video, People also ask, Related searches, Ads bottom"
live fernsehen rtl,"Navigational, Transactional",42,590,57,0.66,"Reviews, Video, People also ask, Related searches"
live tv gratis,Commercial,40,590,50,0.52,"Reviews, Image, Video, People also ask, Related searches"
livestream rtl nitro,Commercial,40,590,30,1.20,"Sitelinks, Reviews, Video, People also ask, Related searches"
livestreams kostenlos,Commercial,42,590,67,0.87,"Reviews, Video, People also ask, Related searches"
livestreamtv,Commercial,38,590,69,0.74,"AI Overview, Reviews, Video, Related searches"
livetv streaming,"Informational, Transactional",40,590,26,1.08,"Reviews, Video, Related searches"
magenta tv geräte,Transactional,45,590,27,3.48,"Reviews, Video, People also ask, Related searches"
magenta tv mit netflix,Commercial,48,590,21,3.07,"Reviews, Video, People also ask, Related searches, Ads middle"
magenta tv wow,Commercial,37,590,32,0.86,"AI Overview, Reviews, Image, Video, People also ask, Related searches, Ads top, Ads middle"
magentatv preise,Commercial,46,590,29,3.39,"AI Overview, Reviews, Video, People also ask, Related searches, Ads top, Ads bottom"
maxxim hotline,"Navigational, Transactional",30,590,19,0.11,"Sitelinks, Reviews, People also ask, Related searches"
mediamarkt router,"Navigational, Transactional",36,590,31,0.23,"Video, People also ask, Related searches, Popular products, Ads top, Ads bottom"
mein rtl,"Navigational, Transactional",39,590,73,0.40,"Reviews, Video, People also ask, Related searches, Ads top, Ads middle"
mobilfunk tarif,Commercial,36,590,71,2.80,"Sitelinks, Reviews, Video, People also ask, Related searches"
mobilfunk tarife im vergleich,Commercial,37,590,57,2.63,"Video, People also ask, Related searches, Ads top, Ads middle"
mobilfunk tarife vergleich,Commercial,38,590,51,2.68,"AI Overview, Reviews, Video, People also ask, Related searches"
mobilfunk tarife vergleichen,Commercial,38,590,56,2.23,"Reviews, Video, People also ask, Related searches"
mobilfunktarife vergleichen,Commercial,38,590,52,2.68,"Sitelinks, Reviews, Video, People also ask, Related searches, Ads top, Ads bottom"
monatlich kündbar dsl,Commercial,42,590,34,6.25,"Reviews, Related searches, Ads top, Ads middle"
monatlich kündbarer handyvertrag,Commercial,40,590,23,6.25,"AI Overview, Reviews, People also ask, Related searches, Ads top, Ads middle"
netflix abo mit werbung,"Informational, Transactional",43,590,55,0.73,"AI Overview, Video, People also ask, Related searches"
netflix abo preis,Transactional,43,590,54,1.10,"AI Overview, Reviews, People also ask, Related searches"
netflix accounts,Transactional,37,590,58,0.90,"Video, People also ask, Related searches"
netflix monatliche kosten,"Informational, Transactional",45,590,52,1.11,"AI Overview, Reviews, Video, People also ask, Related searches"
netflix website,Transactional,35,590,92,0.97,"Reviews, People also ask, Related searches"
netzabdeckung d1,Commercial,42,590,31,0.87,"Reviews, Image pack, Video, People also ask, Related searches, Ads top, Ads middle"
nur internet für zuhause,Commercial,44,590,36,1.48,"AI Overview, Reviews, Video, People also ask, Related searches, Ads top, Ads bottom"
nur internet telekom,"Informational, Transactional",44,590,36,2.23,"AI Overview, Reviews, People also ask, Related searches, Ads top, Ads bottom"
o2 5g abdeckung,Commercial,38,590,29,0.35,"Reviews, People also ask, Related searches"
o2 angebote für bestandskunden neues handy,Transactional,29,590,42,0.09,"People also ask, Related searches, Ads top, Ads bottom"
o2 internet und tv,Commercial,44,590,44,0.95,"AI Overview, Reviews, Video, People also ask, Related searches, Ads top, Ads bottom"
preisvergleich handy,Commercial,39,590,54,0.42,"Reviews, Video, People also ask, Related searches, Popular products"
programm sky sport heute,Transactional,37,590,36,0.00,"Video, People also ask, Related searches"
rlt live,"Navigational, Transactional",35,590,63,0.47,"Reviews, Video, People also ask, Related searches"
rrl live,"Navigational, Transactional",32,590,42,0.47,"Reviews, Video, People also ask, Related searches"
rtl fernsehen heute,"Navigational, Commercial",35,590,50,0.46,"Sitelinks, Video, People also ask, Related searches"
rtl liv,Transactional,40,590,51,0.47,"Reviews, Video, People also ask, Related searches, Ads top, Ads middle"
rtl live kostenlos schauen,Commercial,42,590,39,0.94,"Featured snippet, Reviews, Video, People also ask, Related searches"
rtl live stream kostenlos ohne anmeldung 2ix2 legal,"Navigational, Transactional",39,590,29,0.00,"Sitelinks, AI Overview, Reviews, Video, People also ask, Related searches"
rtl live stream ohne anmeldung,"Navigational, Transactional",42,590,48,1.08,"Reviews, Video, People also ask, Related searches"
rtl livestram,"Navigational, Transactional",40,590,45,0.63,"Sitelinks, Reviews, Video, People also ask, Related searches, Ads bottom"
rtl livestream kostenlos ohne anmeldung,"Navigational, Transactional",40,590,46,1.20,"AI Overview, Reviews, Video, Related searches"
rtl nfl live-stream kostenlos,"Navigational, Transactional",38,590,29,0.00,"Reviews, Video, People also ask, Related searches"
rtl plus konto,"Navigational, Transactional",42,590,41,1.42,"Reviews, Video, People also ask, Related searches"
rtl plus streamen,Transactional,49,590,49,0.58,"AI Overview, Reviews, Video, Video carousel, People also ask, Related searches, Ads top, Ads bottom"
rtl-mediathek,Transactional,41,590,69,0.19,"Reviews, Video, People also ask, Related searches, Ads top"
rtl2 streamen,Commercial,40,590,45,0.75,"Reviews, Video, People also ask, Related searches"
rtlplus live stream kostenlos ohne anmeldung,"Navigational, Transactional",40,590,41,0.00,"AI Overview, Reviews, Video, People also ask, Related searches"
rtlplus mediathek,Commercial,41,590,31,0.04,"Reviews, Video, People also ask, Related searches, Ads top, Ads bottom"
rtlup live stream kostenlos ohne anmeldung 2ix2,"Navigational, Transactional",38,590,27,0.00,"Sitelinks, Reviews, People also ask, Related searches"
sat receiver mit wlan,Commercial,33,590,17,0.13,"Video, People also ask, Related searches, Popular products, Ads bottom"
serie stream,Commercial,35,590,50,1.42,"Reviews, Video, People also ask, Top stories, Related searches"
serien kostenlos,Commercial,40,590,60,0.35,"Sitelinks, Reviews, People also ask, Related searches, Ads middle"
serien. to,Commercial,39,590,39,1.01,"Sitelinks, Reviews, Video, People also ask, Related searches"
servicewelt maxxim,"Navigational, Transactional",31,590,19,0.00,"Sitelinks, Reviews, People also ask, Related searches"
sim card germany,"Informational, Commercial",35,590,38,3.79,"Sitelinks, Video, Video carousel, People also ask, Related searches"
sim card in deutschland,Commercial,36,590,28,3.79,"AI Overview, Reviews, Video, Video carousel, People also ask, Related searches"
sim de esim,"Navigational, Transactional",31,590,21,5.22,"Sitelinks, Reviews, People also ask, Related searches"
sim karte nur mit internet,Commercial,35,590,39,1.72,"Reviews, Video, People also ask, Related searches, Ads top, Ads bottom"
sim karte unbegrenztes datenvolumen,"Informational, Commercial",34,590,33,3.39,"Reviews, People also ask, Related searches"
sim only sim,Commercial,25,590,44,4.67,"Reviews, Video, People also ask, Related searches"
sim-karten,Commercial,34,590,36,1.05,"Sitelinks, Reviews, Video, Short videos, People also ask, Knowledge panel, Related searches, Popular products, Ads middle"
sky auslandsabo,Commercial,46,590,47,2.04,"AI Overview, Reviews, Video, People also ask, Related searches, Ads bottom, Ads middle"
sky pakete preise,Transactional,37,590,41,1.03,"AI Overview, Reviews, People also ask, Related searches, Ads top, Ads bottom"
sky sky online,"Navigational, Transactional",39,590,66,1.32,"Reviews, Video, People also ask, Related searches, Ads bottom"
sky sport angebote,Transactional,38,590,38,1.95,"AI Overview, Reviews, Video, People also ask, Related searches, Ads bottom"
sky sport app,"Navigational, Transactional",36,590,48,1.24,"AI Overview, Reviews, Video, People also ask, Related searches"
sky sport heute live,"Navigational, Transactional",37,590,65,1.23,"Reviews, Video, Related searches"
sky to go login,"Navigational, Transactional",35,590,49,0.63,"Reviews, Video, People also ask, Related searches"
skygo login,"Navigational, Transactional",34,590,41,0.55,"Reviews, Video, People also ask, Related searches"
stb приемник,"Informational, Transactional",47,590,25,0.00,"Image pack, Video, People also ask, Knowledge panel, Related searches"
stick android tv,Commercial,43,590,25,0.50,"Sitelinks, Video, Video carousel, People also ask, Related searches, Popular products"
stream film,"Informational, Commercial",33,590,48,0.80,"Reviews, Video, Related searches"
streaming dienste im vergleich,Commercial,43,590,41,1.60,"Reviews, Video, People also ask, Related searches"
t mobil tarife,Commercial,35,590,37,1.13,"Reviews, Video, People also ask, Related searches"
t mobile vertrag,Commercial,38,590,34,2.20,"AI Overview, Reviews, Video, People also ask, Related searches, Ads top, Ads middle"
tarife mit handy,Commercial,38,590,51,1.60,"Reviews, Video, People also ask, Related searches, Popular products"
tarife ohne handy,Commercial,33,590,35,3.62,"Reviews, Video, People also ask, Related searches"
tarife vodafone ohne handy,Commercial,34,590,46,2.27,"Reviews, People also ask, Related searches"
telefonanbieter vergleich,Commercial,34,590,61,1.60,"AI Overview, Reviews, Video, People also ask, Related searches, Ads bottom, Ads middle"
telekom angebote mobilfunk,Transactional,39,590,41,1.64,"Reviews, Video, People also ask, Related searches, Ads top, Ads middle"
telekom festnetz vertrag,Transactional,46,590,30,3.14,"Reviews, People also ask, Related searches, Ads top, Ads middle"
telekom glasfaser preise,"Navigational, Transactional",43,590,37,1.54,"Sitelinks, Reviews, People also ask, Related searches, Ads top, Ads bottom"
telekom handy mit vertragsverlängerung,Transactional,35,590,31,0.54,"Reviews, Video, People also ask, Related searches"
telekom internet verfügbarkeit prüfen,Transactional,44,590,21,3.41,"Reviews, People also ask, Related searches"
telekom magentatv one,"Informational, Transactional",38,590,27,2.54,"Reviews, Video, Video carousel, People also ask, Related searches"
telekom sportangebot,Transactional,41,590,50,0.93,"AI Overview, Reviews, Video, People also ask, Related searches, Ads top, Ads bottom"
telekom verfügbarkeitscheck,Transactional,41,590,20,3.16,"Reviews, Related searches"
telekom vertrag festnetz,Transactional,43,590,41,3.14,"Reviews, People also ask, Related searches, Ads top, Ads middle"
telekom vertrag mit handy günstig,Commercial,40,590,37,1.26,"Reviews, Video, People also ask, Related searches"
television iptv player,Commercial,48,590,44,0.00,"Reviews, Video, Video carousel, People also ask, Related searches"
top tv app,Commercial,42,590,30,1.15,"AI Overview, Reviews, Video, People also ask, Related searches"
tv anbieter vergleich,Commercial,47,590,43,1.58,"AI Overview, Reviews, Video, People also ask, Related searches"
tv free,Commercial,36,590,50,0.71,"Reviews, Video, People also ask, Top stories, Related searches, Ads middle"
tv germany,"Informational, Commercial",45,590,79,0.70,"Reviews, Video, People also ask, Top stories, Related searches, Ads top, Ads bottom"
tv iptv player,"Informational, Transactional",47,590,30,0.00,"Reviews, Video, Video carousel, People also ask, Related searches"
tv mit wlan,Commercial,42,590,25,0.58,"Video, People also ask, Related searches, Popular products"
tv sky digital,Commercial,38,590,32,1.05,"Reviews, Video, People also ask, Related searches"
tv stick 4k,Commercial,41,590,28,0.75,"Sitelinks, Reviews, Video, Video carousel, People also ask, Related searches, Popular products"
tv sticks,Commercial,41,590,33,1.20,"Sitelinks, Reviews, Image pack, Video, Video carousel, People also ask, Related searches, Popular products"
tv über wlan,"Informational, Commercial",44,590,26,1.56,"AI Overview, Reviews, Video, Video carousel, People also ask, Related searches"
umsonst fernsehen,Commercial,41,590,43,0.75,"AI Overview, Reviews, Video, People also ask, Related searches"
unlimited datenvolumen mit handy,Commercial,40,590,25,1.82,"AI Overview, Reviews, Video, People also ask, Related searches, Ads bottom"
unlimited handyvertrag,Commercial,40,590,23,3.53,"Reviews, Video, Related searches, Ads bottom"
verfügbarkeit internet kabel,Commercial,44,590,41,1.60,"AI Overview, Reviews, Video, People also ask, Related searches, Ads top, Ads bottom"
vergleich dsl anbieter,Commercial,42,590,49,2.91,"Sitelinks, AI Overview, Reviews, Video, People also ask, Related searches"
vergleich dsl verträge,Commercial,44,590,48,4.25,"Sitelinks, Reviews, Video, People also ask, Related searches"
vergleich kabel internet,Commercial,43,590,30,3.69,"Video, People also ask, Related searches, Ads top, Ads middle"
vertrag mobilfunk,Commercial,39,590,58,5.92,"AI Overview, Reviews, Video, Related searches"
vertragshandy angebote,Commercial,37,590,57,1.74,"Reviews, Video, People also ask, Related searches"
vodafone angebote handy mit vertrag,"Informational, Transactional",33,590,53,1.92,"Reviews, People also ask, Related searches, Popular products"
vodafone-shop in meiner nähe jetzt geöffnet,Transactional,31,590,45,1.10,"Reviews, People also ask, Local pack, Related searches"
vox live nydus,"Navigational, Transactional",35,590,21,0.00,"Video, Related searches"
vox live stream legal,Commercial,34,590,46,0.00,"Sitelinks, AI Overview, Reviews, Video, People also ask, Related searches"
waipu tv preise,"Navigational, Transactional",42,590,40,0.04,"Reviews, Video, People also ask, Related searches"
waipu tv preiserhöhung,"Informational, Transactional",42,590,21,0.04,"Featured snippet, Reviews, Video, People also ask, Related searches"
waipu tv senderübersicht,"Navigational, Transactional",39,590,23,0.03,"Sitelinks, Reviews, Video, People also ask, Related searches, Ads middle"
welcher internetanbieter ist der beste,Commercial,45,590,27,2.11,"Sitelinks, AI Overview, Reviews, Video, Video carousel, People also ask, Related searches, Ads bottom, Ads middle"
welcher streaming dienst ist der beste,Commercial,40,590,36,1.56,"AI Overview, Reviews, Video, People also ask, Related searches, Ads top"
welches ist das beste handynetz,Commercial,42,590,37,1.88,"AI Overview, Reviews, Video, Video carousel, Short videos, People also ask, Related searches"
welches netz ist das beste,Commercial,39,590,26,2.58,"AI Overview, Reviews, Video, Video carousel, Short videos, People also ask, Related searches, Ads bottom, Ads middle"
winsim de login,"Navigational, Transactional",29,590,36,0.01,"Sitelinks, Reviews, People also ask, Related searches"
winsim handy mit vertrag,"Navigational, Transactional",36,590,28,2.40,"Sitelinks, Reviews, People also ask, Related searches"
5g abdeckung telekom,Transactional,39,480,32,3.27,"Reviews, Video, People also ask, Related searches, Ads bottom"
anbieter dsl vergleich,Commercial,42,480,46,2.91,"Sitelinks, Reviews, Video, People also ask, Related searches"
anbieter kabel tv,Commercial,50,480,38,1.40,"AI Overview, Reviews, Video, People also ask, Related searches, Ads top, Ads middle"
anbieteriptv,Commercial,64,480,30,0.00,"AI Overview, Video, Related searches"
angebot internet,Commercial,48,480,54,3.41,"AI Overview, Reviews, Video, Related searches, Ads bottom, Ads middle"
angebot waipu tv,"Informational, Transactional",39,480,55,0.17,"Reviews, Video, People also ask, Related searches, Ads bottom"
angebote handytarife,Commercial,41,480,52,1.81,"Reviews, Video, People also ask, Related searches, Ads top, Ads middle"
angebote im d1 netz,"Informational, Commercial",40,480,29,1.85,"Sitelinks, AI Overview, Reviews, Video, People also ask, Related searches"
angebote internet und tv,Commercial,51,480,42,2.25,"AI Overview, Reviews, Video, People also ask, Related searches, Ads top, Ads bottom"
app zum fernsehen,"Informational, Commercial",43,480,48,1.55,"AI Overview, Reviews, Video, People also ask, Related searches"
best dsl anbieter,Commercial,40,480,31,2.95,"AI Overview, Reviews, Video, People also ask, Related searches"
best iptv player,Commercial,45,480,34,0.00,"Sitelinks, AI Overview, Reviews, Video, Video carousel, People also ask, Related searches"
beste angebote handy mit vertrag,Commercial,39,480,50,1.38,"Reviews, Video, Related searches, Popular products"
beste angebote handyvertrag,Commercial,44,480,55,1.07,"AI Overview, Reviews, Video, People also ask, Related searches"
beste handy mit vertrag angebote,Commercial,38,480,54,1.07,"Sitelinks, Reviews, Video, Related searches"
beste handy tarife,Commercial,41,480,53,2.20,"AI Overview, Reviews, Video, People also ask, Related searches"
beste internetanbieter für zuhause,Commercial,45,480,42,2.02,"Sitelinks, AI Overview, Reviews, Video, People also ask, Related searches, Ads top, Ads bottom"
beste wlan router,Commercial,38,480,30,0.72,"Sitelinks, Reviews, Video, Video carousel, People also ask, Related searches, Ads top, Ads bottom"
besten glasfaser router,Commercial,44,480,30,0.30,"Sitelinks, Reviews, Video, Video carousel, People also ask, Related searches, Popular products"
bester anbieter dsl,Commercial,41,480,34,2.95,"AI Overview, Reviews, Video, People also ask, Related searches, Ads top, Ads bottom"
bester iptv anbieter,Commercial,65,480,21,0.00,"Sitelinks, AI Overview, Video, Video carousel, People also ask, Related searches"
bester iptv player,Commercial,48,480,28,0.00,"AI Overview, Reviews, Video, People also ask, Related searches"
billigster internetanbieter,Commercial,45,480,43,1.80,"AI Overview, Reviews, Video, People also ask, Related searches, Ads top, Ads bottom"
blau de handy mit vertrag,"Informational, Transactional",37,480,34,0.68,"Reviews, Video, People also ask, Related searches, Popular products"
bundesligalivestream,Commercial,40,480,42,0.87,"Reviews, Video, Related searches"
bundesligastreams,"Informational, Commercial",41,480,29,1.07,"Reviews, Video, Related searches"
d1 vertrag ohne handy,Commercial,38,480,25,2.29,"Sitelinks, Reviews, Video, People also ask, Related searches"
d1-netz angebote,Commercial,40,480,31,1.85,"Sitelinks, AI Overview, Reviews, Video, People also ask, Related searches"
dazn login password,"Navigational, Transactional",31,480,42,0.00,"Video, Related searches"
deutsche glasfaser speed test,Commercial,47,480,25,0.03,"Sitelinks, AI Overview, Reviews, Video, Video carousel, People also ask, Related searches, Ads top, Ads bottom"
deutsche handy,Commercial,39,480,28,0.41,"AI Overview, Reviews, Video, Video carousel, People also ask, Related searches, Ads top, Ads bottom"
directe rtl,"Navigational, Transactional",36,480,71,0.01,"Sitelinks, Reviews, Video, People also ask, Related searches, Ads bottom"
dls gaming,"Informational, Transactional",32,480,36,0.00,"Reviews, Video, Video carousel, People also ask, Related searches"
download sky go,"Informational, Transactional",36,480,53,0.34,"AI Overview, Reviews, People also ask, Related searches"
dsl anbieter günstig,Commercial,45,480,43,2.13,"Sitelinks, AI Overview, Reviews, Video, People also ask, Related searches, Ads top, Ads middle"
dsl für studenten,Commercial,42,480,21,2.53,"Sitelinks, Reviews, Related searches"
dsl junge leute,Commercial,44,480,27,0.00,"Reviews, Related searches"
dsl router im test,Commercial,36,480,30,0.43,"Sitelinks, Reviews, Video, Related searches"
dsl router kaufen,Transactional,44,480,36,1.50,"Reviews, Video, People also ask, Related searches, Popular products"
dsl studenten,Commercial,43,480,24,2.53,"Sitelinks, Reviews, People also ask, Related searches"
dsl tarif vergleich,Commercial,44,480,50,3.05,"Sitelinks, Reviews, Video, People also ask, Related searches"
dsl tarifvergleich,Commercial,43,480,42,3.04,"Sitelinks, Video, Related searches, Ads top, Ads middle"
dsl telekom angebot,Transactional,43,480,38,3.82,"Reviews, People also ask, Related searches"
dsl verfügbarkeitscheck,Commercial,41,480,51,1.74,"Reviews, Video, People also ask, Related searches, Ads top, Ads bottom"
dsl vergleichen,Commercial,42,480,48,3.84,"Sitelinks, Reviews, Video, Related searches, Ads top"
dsl welcher anbieter ist der beste,Commercial,42,480,40,2.95,"AI Overview, Reviews, Video, People also ask, Related searches, Ads bottom, Ads middle"
dsl zuhause,Commercial,42,480,48,5.59,"Reviews, Video, People also ask, Related searches"
dsl-tarife,Commercial,44,480,55,0.00,"Sitelinks, AI Overview, Reviews, Related searches, Ads top, Ads bottom"
expert handy mit vertrag,"Navigational, Transactional",36,480,25,1.03,Related searches
fernseh kostenlos,Commercial,43,480,50,0.57,"Reviews, Video, People also ask, Related searches"
fernseh live,Commercial,36,480,85,0.54,"Reviews, Video, Top stories, Related searches"
fernseh live stream,Commercial,38,480,73,0.73,"Reviews, Video, Related searches"
fernsehen mit receiver integriert,Commercial,39,480,18,0.16,"Reviews, Video, People also ask, Related searches, Popular products, Ads bottom"
fernsehen ohne kabel und satellit und internet,Commercial,50,480,28,0.98,"Sitelinks, Video, Video carousel, People also ask, Related searches, Popular products, Ads top, Ads middle"
fernsehen rtl live,"Navigational, Transactional",42,480,57,0.65,"Reviews, Video, People also ask, Related searches"
fernsehen über tv stick,Commercial,45,480,27,1.18,"Sitelinks, Reviews, Video, People also ask, Related searches"
fernsehgeräte mit internet,Commercial,44,480,24,0.51,"Reviews, Video, People also ask, Related searches, Popular products"
festnetz und internet im vergleich,Commercial,40,480,54,1.68,"Sitelinks, AI Overview, Reviews, Video, People also ask, Related searches, Ads top, Ads middle"
festnetz und internet vergleich,Commercial,41,480,59,1.62,"Sitelinks, AI Overview, Reviews, Video, People also ask, Related searches"
fiber internet,Commercial,36,480,58,2.37,"Video, People also ask, Related searches"
fire tv stick alternativen,"Informational, Commercial",41,480,19,0.48,"Sitelinks, AI Overview, Reviews, Video, People also ask, Related searches"
flat handy,Commercial,33,480,37,4.12,"Reviews, Video, People also ask, Related searches, Popular products"
flixy tv stick mediamarkt,Transactional,48,480,36,0.45,"Sitelinks, Reviews, Video, People also ask, Related searches"
freenet handy angebote,Transactional,35,480,40,0.24,"Reviews, People also ask, Related searches, Popular products, Ads top, Ads bottom"
freenet mit handy,Transactional,37,480,47,0.31,"Reviews, People also ask, Related searches, Popular products, Ads top, Ads bottom"
fritzbox für glasfaser anschluss,Commercial,44,480,23,0.15,"Video, Video carousel, People also ask, Related searches, Popular products, Ads top"
fussball rtl live stream,"Navigational, Transactional",41,480,48,0.91,"Reviews, Video, People also ask, Related searches"
germany sim card,Commercial,35,480,33,4.27,"Reviews, Video, Video carousel, People also ask, Related searches, Popular products"
glasfaser 1000 mbit,Commercial,37,480,50,1.06,"Reviews, Video, People also ask, Related searches, Ads top, Ads middle"
glasfaser internet vergleich,Commercial,39,480,30,2.15,"Sitelinks, Reviews, People also ask, Related searches, Ads top, Ads bottom"
glasfaser router kaufen,Transactional,40,480,32,0.55,"Reviews, Video, People also ask, Related searches, Popular products"
glasfaser tarife vergleich check24,"Navigational, Commercial",41,480,40,0.28,"Sitelinks, Reviews, People also ask, Related searches, Ads top, Ads bottom"
glasfaser verlängerung,Commercial,39,480,22,0.36,"Image pack, Video, Video carousel, People also ask, Related searches, Popular products"
glasfaserkabel für router,"Informational, Transactional",37,480,17,0.24,"Image pack, Video, Video carousel, People also ask, Related searches, Popular products"
glasfasertarif,Commercial,40,480,50,0.96,"Reviews, Video, People also ask, Related searches, Ads top, Ads bottom"
günstige handy mit vertrag,Commercial,41,480,53,1.85,"Reviews, Video, People also ask, Related searches, Popular products, Ads top, Ads bottom"
günstige handyvertrag,Commercial,38,480,50,3.27,"People also ask, Related searches, Ads top, Ads bottom"
günstige mobilfunkverträge,Commercial,41,480,56,3.58,"Reviews, Video, People also ask, Related searches, Popular products"
günstige tarife internet,Commercial,46,480,48,2.48,"Reviews, Video, People also ask, Related searches"
günstige tarife mit handy,Commercial,38,480,54,1.85,"Reviews, Video, People also ask, Related searches"
günstige telekom-tarife ohne handy,"Informational, Commercial",38,480,19,1.15,"AI Overview, Reviews, Video, People also ask, Related searches"
günstigster mobilfunktarif,Commercial,39,480,46,3.14,"Reviews, Video, People also ask, Related searches"
handy internet vertrag,Commercial,43,480,63,5.93,"Reviews, Video, People also ask, Related searches"
handy mit vertrag aktion saturn,Transactional,32,480,37,0.53,"Reviews, People also ask, Related searches, Popular products"
handy mit vertrag kaufen,Transactional,38,480,42,2.77,"Reviews, Video, Related searches"
handy tarife telekom,Commercial,40,480,54,1.19,"Reviews, People also ask, Related searches, Ads top, Ads bottom"
handy vertrag vodafone,Transactional,37,480,51,2.63,"Reviews, People also ask, Related searches"
handy vetrag,Commercial,33,480,62,4.15,"AI Overview, Reviews, Video, People also ask, Related searches"
handy zum vertrag,Commercial,38,480,48,2.93,"Reviews, Video, Related searches, Popular products, Ads top, Ads middle"
handy.de,Commercial,37,480,64,1.74,"AI Overview, Reviews, Video, Related searches, Ads top, Ads bottom"
handystar angebot,Commercial,34,480,22,0.32,"Reviews, Video, People also ask, Related searches"
handytarif vergleich mit handy,Commercial,39,480,52,1.38,"Sitelinks, Reviews, Video, People also ask, Related searches, Ads top, Ads bottom"
handytarif-vergleich ohne handy,Commercial,36,480,27,2.83,"Reviews, Video, People also ask, Related searches, Ads top, Ads middle"
handytarife billig,Commercial,39,480,49,2.28,"Reviews, Video, People also ask, Related searches, Popular products, Ads top, Ads middle"
handytarife im d1 netz,Commercial,39,480,30,2.23,"Sitelinks, AI Overview, Reviews, Video, People also ask, Related searches"
handytarife mit handy vergleich,Commercial,37,480,50,1.38,"Reviews, Video, People also ask, Related searches, Ads top, Ads bottom"
handytarife vodafone ohne handy,Commercial,36,480,51,2.06,"Reviews, People also ask, Related searches, Ads top, Ads middle"
handyvertag,Commercial,36,480,58,4.15,"Reviews, Video, People also ask, Related searches"
handyvertrag aktionsangebote,Commercial,37,480,51,0.99,"AI Overview, Reviews, Video, People also ask, Related searches, Ads middle"
handyvertrag de servicewelt,"Navigational, Transactional",36,480,27,2.97,"Sitelinks, Reviews, People also ask, Related searches"
handyvertrag geschäftskunden,Commercial,38,480,27,9.63,"Reviews, People also ask, Related searches, Ads top"
handyvertrag mit handy 1&1,"Informational, Transactional",40,480,52,0.67,"Reviews, People also ask, Knowledge panel, Related searches, Popular products"
handyvertrag mit handy angebote,Commercial,40,480,47,1.50,"Reviews, Video, Related searches, Popular products"
handyvertrag online,Commercial,42,480,57,0.00,"Reviews, Video, People also ask, Related searches"
handyvertrag vergleich ohne handy,Commercial,38,480,33,3.65,"Video, People also ask, Related searches"
home internet,Commercial,39,480,62,3.93,"Reviews, Video, People also ask, Related searches"
https service winsim de,"Navigational, Transactional",40,480,21,0.82,"Sitelinks, People also ask, Related searches"
internet dsl kabel,Commercial,41,480,19,3.02,"Reviews, Video, Video carousel, People also ask, Related searches, Ads middle"
internet fernsehgeräte,Commercial,47,480,27,0.51,"Reviews, Video, People also ask, Related searches"
internet festnetz vergleich,Commercial,40,480,49,1.95,"Sitelinks, Reviews, Video, Related searches"
internet handy,Commercial,39,480,71,4.15,"Reviews, Video, People also ask, Related searches, Popular products, Ads top, Ads bottom"
internet ohne vertragslaufzeit,Commercial,39,480,41,4.62,"Reviews, Video, People also ask, Related searches"
internet prüfen adresse,Commercial,40,480,48,1.52,"Reviews, Video, People also ask, Related searches"
internet stick für tv,Commercial,49,480,30,1.21,"Sitelinks, Reviews, Video, People also ask, Related searches, Popular products"
internet tarife günstig,Commercial,43,480,47,2.48,"AI Overview, Reviews, Video, People also ask, Related searches, Ads top, Ads middle"
internet und telefon telekom,"Informational, Transactional",45,480,42,1.99,"AI Overview, Reviews, People also ask, Related searches"
internet verfügbarkeit telekom prüfen,Transactional,47,480,21,2.17,"Reviews, People also ask, Related searches"
internet vergleich kabel,Commercial,40,480,23,4.05,"Reviews, Video, People also ask, Related searches"
internet vertrag handy,Commercial,46,480,68,5.57,"AI Overview, Reviews, Video, People also ask, Related searches"
internet verträge vergleichen,Commercial,45,480,62,5.16,"Reviews, Video, People also ask, Related searches"
internet wlan,Commercial,37,480,41,4.43,"AI Overview, Reviews, Video, People also ask, Related searches"
internet zu hause angebote,Commercial,45,480,58,3.35,"Reviews, Video, People also ask, Related searches, Ads top"
internetanbieter in der nähe,Commercial,42,480,28,2.71,"Reviews, Video, People also ask, Local pack, Related searches"
internetangebote für zuhause,Commercial,47,480,60,3.06,"Video, People also ask, Related searches"
internetfähiger fernseher,Commercial,46,480,22,0.24,"Reviews, Video, People also ask, Related searches, Popular products"
internettarife im vergleich,Commercial,45,480,53,2.21,"Reviews, Video, People also ask, Related searches, Ads top, Ads bottom"
internt,Commercial,40,480,70,4.57,"Reviews, Video, People also ask, Related searches"
iptv application android,"Informational, Transactional",47,480,37,0.00,"AI Overview, Reviews, Video, Video carousel, People also ask, Related searches"
iptv line kaufen,Commercial,54,480,6,0.00,"Video, People also ask, Popular products"
iptv lines,"Informational, Commercial",45,480,7,0.00,"AI Overview, People also ask, Related searches"
iptv player win,"Informational, Commercial",44,480,27,0.00,"Sitelinks, AI Overview, Reviews, Video, Video carousel, Related searches"
iptv provider,"Informational, Commercial",59,480,34,0.00,"Sitelinks, AI Overview, Video, Video carousel, People also ask, Related searches"
iptv subscription,"Informational, Commercial",42,480,24,1.27,"Sitelinks, AI Overview, Video, Video carousel, People also ask, Related searches"
iptv test line,Commercial,38,480,1,0.00,Related searches
iptvgermany,Commercial,57,480,10,0.88,"Video, Related searches, Ads middle"
ist wow sky,"Informational, Commercial",38,480,29,2.93,"Sitelinks, AI Overview, Reviews, Video, Video carousel, People also ask, Knowledge panel, Related searches, Ads bottom, Ads middle"
jetzt bei sky,"Informational, Transactional",36,480,43,0.00,"AI Overview, Reviews, Video, People also ask, Related searches"
joyn kabel 1,"Navigational, Transactional",29,480,64,0.31,"AI Overview, Reviews, Video, People also ask, Related searches"
kabel eins doku live,Commercial,37,480,37,0.36,"Reviews, Video, People also ask, Related searches"
kabel internet angebote,Commercial,45,480,25,3.44,"Reviews, People also ask, Related searches, Ads top"
kabel verfügbarkeit prüfen,Commercial,43,480,30,1.55,"Reviews, Video, People also ask, Related searches"
kabel1 live stream,Commercial,40,480,47,0.33,"Reviews, Video, Related searches"
kabel1 stream,Commercial,40,480,47,0.44,"Reviews, Video, People also ask, Related searches"
kabelfernsehen anmelden,Transactional,44,480,25,2.24,"AI Overview, Reviews, Video, People also ask, Related searches"
klein fernseher mit wlan,"Informational, Commercial",35,480,28,0.15,"Reviews, Video, People also ask, Related searches, Popular products"
kostenlos rtl live schauen,Commercial,42,480,46,0.94,"AI Overview, Reviews, Video, People also ask, Related searches"
live canal tv,"Informational, Transactional",33,480,36,0.00,"Reviews, Video, People also ask, Related searches"
live rtl gucken,"Navigational, Transactional",40,480,51,1.01,"Sitelinks, Reviews, Video, People also ask, Related searches"
livetv übertragung,"Navigational, Transactional",38,480,20,1.47,"Reviews, Video, People also ask, Related searches"
mac sky go,"Informational, Transactional",29,480,36,0.57,"Reviews, People also ask, Related searches"
magentatv one 2. generation,Commercial,38,480,29,2.26,"Sitelinks, Reviews, Video carousel, People also ask, Knowledge panel, Related searches"
magentatv testen,Commercial,41,480,24,3.43,"AI Overview, Reviews, Video, People also ask, Related searches"
mediathek serien,Commercial,36,480,50,0.08,"Video, People also ask, Related searches, Ads bottom"
mein netflix,"Navigational, Transactional",44,480,65,0.00,"People also ask, Related searches"
mobil tarife,Commercial,33,480,56,2.79,"Reviews, Video, People also ask, Related searches"
mobile and tv,"Informational, Transactional",39,480,17,0.34,"Reviews, Image, Video, Video carousel, People also ask, Related searches"
mobile daten vertrag,Commercial,41,480,43,5.00,"Reviews, Video, Related searches, Ads top, Ads middle"
mobile vertrag,Commercial,41,480,61,4.56,"Reviews, Video, People also ask, Related searches, Ads top, Ads middle"
mobilfunk verträge,Commercial,42,480,61,5.58,"Reviews, Video, People also ask, Related searches, Ads top, Ads middle"
mobiltarife,Commercial,40,480,51,2.69,"Reviews, Video, People also ask, Related searches"
netflix abo deutschland,"Informational, Transactional",45,480,56,1.16,"Sitelinks, AI Overview, Reviews, People also ask, Related searches"
netflix abos vergleich,Commercial,40,480,46,0.42,"AI Overview, Reviews, Video, People also ask, Related searches"
netflix alternative,Commercial,40,480,30,0.90,"Sitelinks, AI Overview, Reviews, Video, Short videos, People also ask, Related searches, Ads middle"
netflix deutschland preis,Transactional,45,480,48,1.22,"AI Overview, Reviews, Video, People also ask, Related searches"
netflix deutschland preise,Transactional,45,480,51,1.22,"AI Overview, Reviews, People also ask, Related searches"
netflix free ohne anmeldung,Transactional,37,480,31,0.64,"AI Overview, Reviews, Video, People also ask, Related searches"
netflix movie,"Navigational, Transactional",30,480,100,0.42,"Video, People also ask, Related searches"
netflix probe abo,"Informational, Transactional",36,480,38,1.48,"Reviews, Video, People also ask, Related searches"
netflix serien liste,Commercial,32,480,49,0.03,"Sitelinks, Video, People also ask, Related searches"
netflix stick,Commercial,39,480,34,0.31,"Reviews, People also ask, Related searches, Popular products"
netflix-abo preise,Transactional,40,480,41,0.81,"AI Overview, Reviews, Video, People also ask, Related searches"
netzabdeckung deutschland,Commercial,45,480,50,1.27,"Sitelinks, Reviews, Image, Video, People also ask, Related searches, Ads middle"
netzausbau telekom,"Navigational, Transactional",42,480,36,3.64,"Reviews, Video, People also ask, Related searches, Ads bottom"
neue fime netflix,Commercial,37,480,50,0.18,"Video, People also ask, Related searches"
o2 netzkarte,Commercial,39,480,38,0.17,"AI Overview, Reviews, Related searches"
online sim karte,Commercial,31,480,39,8.39,"Reviews, People also ask, Related searches"
online tv online free,Commercial,37,480,56,1.22,"AI Overview, Reviews, Video, Knowledge panel, Related searches, Ads bottom"
ont kaufen,Transactional,34,480,17,0.60,"Sitelinks, Reviews, Video, People also ask, Related searches, Popular products"
preise sky pakete,Transactional,39,480,43,1.03,"Sitelinks, AI Overview, Reviews, People also ask, Related searches, Ads top, Ads bottom"
probeabo sky,"Informational, Commercial",31,480,58,0.59,"Sitelinks, AI Overview, Reviews, Video, People also ask, Related searches, Ads bottom"
router kaufen oder mieten,Commercial,43,480,20,2.41,"Sitelinks, AI Overview, Reviews, Video, People also ask, Related searches"
router mieten,Transactional,42,480,26,2.32,"Sitelinks, Reviews, Video, People also ask, Knowledge panel, Related searches"
rtl 2 live stream joyn,"Navigational, Transactional",35,480,56,0.69,"Reviews, Video, People also ask, Related searches"
rtl aktuell sendung verpasst,"Informational, Transactional",37,480,47,0.00,"Reviews, Video, People also ask, Related searches"
rtl free tv stream,"Navigational, Transactional",41,480,50,0.75,"Reviews, Video, People also ask, Related searches"
rtl kostenlos anschauen,Commercial,41,480,46,0.80,"Reviews, Video, People also ask, Related searches"
rtl live schauen kostenlos,"Navigational, Transactional",40,480,50,0.94,"Sitelinks, Reviews, Video, People also ask, Related searches, Ads bottom"
rtl live stream fußball,"Navigational, Transactional",43,480,43,0.91,"Reviews, Video, Related searches"
rtl live stream tv kostenlos,Commercial,42,480,46,0.00,"Reviews, Video, People also ask, Related searches"
rtl nitro livestream kostenlos,Commercial,41,480,26,0.00,"Sitelinks, Reviews, Video, People also ask, Related searches"
rtl plus preis,Transactional,40,480,50,0.70,"AI Overview, Reviews, Video, People also ask, Related searches, Ads bottom, Ads middle"
rtl plus stream kostenlos,"Navigational, Transactional",46,480,51,0.31,"AI Overview, Reviews, Video, People also ask, Related searches"
rtl plus website,"Navigational, Transactional",42,480,56,1.24,"Reviews, Video, People also ask, Related searches"
rtl stram,"Navigational, Transactional",38,480,64,0.77,"Sitelinks, Reviews, Video, People also ask, Related searches"
rtl tv live kostenlos,Commercial,43,480,50,0.90,"Reviews, Video, People also ask, Related searches"
rtlplus live stream kostenlos,"Navigational, Transactional",46,480,50,0.36,"Sitelinks, Video, People also ask, Related searches, Ads bottom"
sat-receiver,Commercial,34,480,29,0.13,"Video, People also ask, Related searches"
sat-receiver hd,"Informational, Commercial",35,480,25,0.13,"Video, People also ask, Related searches, Popular products"
sendung rtl verpasst,Transactional,34,480,47,0.27,"Reviews, Video, People also ask, Related searches"
sendungen rtl,"Informational, Transactional",36,480,52,0.97,"Reviews, Video, Video carousel, People also ask, Top stories, Related searches"
serie to,Commercial,32,480,19,1.01,"Reviews, People also ask, Related searches"
serien-stream,Commercial,38,480,28,1.28,"Reviews, Related searches"
serienstram.to,Transactional,47,480,22,0.98,"Reviews, Video"
series stream,Commercial,33,480,49,1.42,"Reviews, Video, People also ask, Related searches"
sim card deutschland,Commercial,36,480,38,3.79,"Reviews, Video, People also ask, Related searches"
sim karte angebot,Commercial,34,480,67,6.04,"Video, Related searches, Popular products"
sim karte mit vertrag ohne handy,Commercial,37,480,29,9.16,"Reviews, Video, People also ask, Related searches"
sim karte vertrag ohne handy,Commercial,34,480,33,10.30,"Reviews, People also ask, Related searches, Popular products"
sim karten bestellen,"Informational, Transactional",34,480,38,21.48,"Reviews, Video, People also ask, Related searches, Popular products, Ads bottom"
sim mit vertrag,Commercial,38,480,66,9.97,"Reviews, Video, Related searches, Popular products"
sim-karte angebote,Commercial,34,480,72,4.94,"Reviews, Video, People also ask, Related searches, Popular products, Ads top, Ads middle"
simplytel tarife,"Navigational, Commercial",34,480,25,1.12,"Reviews, People also ask, Related searches, Ads middle"
sky abo preise,Transactional,38,480,43,0.59,"AI Overview, Reviews, People also ask, Related searches, Ads top, Ads middle"
sky bestandskunden neue preise,Transactional,38,480,35,0.37,"AI Overview, Reviews, People also ask, Related searches"
sky cue box,"Navigational, Transactional",31,480,35,1.36,"Reviews, Video, People also ask, Related searches, Popular products"
sky disney plus,"Informational, Transactional",39,480,33,2.86,"Sitelinks, Reviews, Video, People also ask, Related searches"
sky geräte,Transactional,42,480,37,1.45,"Reviews, Image pack, People also ask, Related searches, Ads top, Ads bottom"
sky go installer,Transactional,35,480,47,0.44,"Sitelinks, Reviews, Video, People also ask, Related searches, Ads top"
sky internet,"Informational, Transactional",38,480,34,2.25,"AI Overview, Reviews, Video, People also ask, Related searches, Ads bottom"
sky sport paket,"Informational, Transactional",41,480,43,1.62,"Reviews, Video, Related searches"
smartphone angebot,Commercial,36,480,38,0.35,"Reviews, Video, People also ask, Related searches, Popular products"
smartphone mit tarif,Commercial,41,480,50,1.62,"Reviews, Video, Related searches, Popular products"
smartphone tarife vergleich,Commercial,38,480,63,1.45,"Reviews, Video, People also ask, Related searches, Ads top, Ads middle"
stream filme,"Informational, Commercial",36,480,34,1.16,"Video, Related searches"
streaming.to,Commercial,41,480,39,1.13,"Sitelinks, Reviews, Video, People also ask"
störung winsim,Transactional,33,480,27,0.00,"Reviews, Video, People also ask, Related searches"
super rtl mediathek kostenlos ohne anmeldung,Transactional,39,480,26,0.00,"Reviews, Video, People also ask, Related searches"
t mobile vertrag handy,Commercial,38,480,41,1.69,"Reviews, Video, People also ask, Related searches"
tarife mit smartphone,Commercial,39,480,54,1.82,"Reviews, Video, Related searches, Popular products, Ads middle"
tarife smartphone,Commercial,38,480,69,1.82,"Reviews, Video, People also ask, Related searches, Popular products"
tarife vodafone festnetz und internet,Transactional,38,480,45,0.70,"Reviews, People also ask, Related searches"
telefon anbieter,"Informational, Commercial",39,480,72,3.85,"Sitelinks, AI Overview, Reviews, Video, People also ask, Related searches"
telefon flat,Commercial,37,480,40,3.28,"Video, People also ask, Related searches"
telefon und internet anbieter,Commercial,43,480,39,1.66,"AI Overview, Reviews, Video, People also ask, Related searches, Ads top, Ads middle"
telefonanschluss beantragen,"Navigational, Commercial",38,480,33,5.09,"Sitelinks, Video, People also ask, Related searches, Ads top, Ads bottom"
telefonanschluss mit internet,Commercial,44,480,45,2.28,"AI Overview, Reviews, Video, People also ask, Related searches, Ads top, Ads middle"
telekom glasfaser-anschluss,Commercial,42,480,38,3.73,"AI Overview, Video, Video carousel, People also ask, Related searches, Ads top, Ads bottom"
telekom handy vertrag günstig,Commercial,42,480,41,1.26,"Reviews, Video, People also ask, Related searches"
telekom handys angebote,Transactional,37,480,39,1.40,"Reviews, People also ask, Related searches, Popular products, Ads top"
telekom internet anschluss,Transactional,45,480,46,3.99,"Reviews, Video, People also ask, Related searches, Ads top, Ads bottom"
telekom karte,"Navigational, Transactional",43,480,46,3.17,"Reviews, Image pack, People also ask, Related searches"
telekom karte ausbau,"Navigational, Transactional",40,480,38,4.66,"Reviews, Video, People also ask, Related searches"
telekom megastream,"Navigational, Transactional",49,480,24,2.77,"Sitelinks, Reviews, Video, People also ask, Related searches, Ads middle"
telekom netzkarte,Transactional,41,480,33,2.34,"Reviews, People also ask, Related searches"
telekom neukunden angebot,"Navigational, Commercial",39,480,46,1.10,"Sitelinks, Reviews, Video, People also ask, Related searches, Ads top"
telekom sky,Transactional,39,480,30,0.82,"People also ask, Related searches, Ads top"
teleokm,Transactional,38,480,81,0.12,"Reviews, People also ask, Related searches, See results about, Ads top, Ads middle"
telly stick,"Informational, Commercial",48,480,26,0.00,"Reviews, Video, People also ask, Related searches"
top 10 streaming-dienste,"Informational, Commercial",41,480,37,1.20,"AI Overview, Reviews, Video, People also ask, Related searches"
trl live,"Navigational, Transactional",34,480,64,0.47,"Reviews, Video, People also ask, Related searches"
tv app kostenlos ohne anmeldung,Transactional,41,480,37,0.47,"AI Overview, Reviews, Video, People also ask, Related searches"
tv gratis,Commercial,40,480,49,0.93,"Reviews, Video, Top stories, Related searches"
tv im wlan,Commercial,41,480,23,1.29,"Video, Video carousel, People also ask, Related searches, Ads middle"
tv internet schauen,"Informational, Commercial",48,480,50,1.50,"AI Overview, Reviews, Video, People also ask, Related searches, Ads top, Ads middle"
tv kostenlos ansehen,Commercial,42,480,38,0.54,"Reviews, Video, People also ask, Related searches"
tv live gratis,Commercial,40,480,57,0.52,"Reviews, Video, People also ask, Related searches"
tv online free online tv,Commercial,37,480,50,1.22,"AI Overview, Reviews, Video, Related searches"
tv online gratis pro tv,Commercial,40,480,48,0.00,"Reviews, Related searches"
tv stick für fernseher,Commercial,45,480,34,1.18,"Sitelinks, Reviews, Video, Video carousel, People also ask, Related searches, Popular products"
tv-stick ohne vertrag testsieger,Commercial,49,480,37,0.50,"Sitelinks, Reviews, Video, Video carousel, People also ask, Related searches, Ads bottom"
vergleich festnetz internet,Commercial,42,480,52,2.32,"Sitelinks, AI Overview, Reviews, Video, People also ask, Related searches, Ads bottom, Ads middle"
vergleich glasfaser anbieter,Commercial,43,480,30,0.99,"Sitelinks, AI Overview, Reviews, Video, People also ask, Related searches, Ads top, Ads middle"
vergleich handy tarife,Commercial,41,480,48,2.64,"Reviews, Video, Related searches"
vergleich handytarife mit handy,Commercial,38,480,47,1.38,"Reviews, Video, People also ask, Related searches"
vergleich mobilfunk,Commercial,37,480,51,3.48,"Video, People also ask, Related searches"
vergleich mobilfunkverträge,Commercial,40,480,57,2.90,"Sitelinks, Reviews, Video, Related searches"
vergleich wlan,"Navigational, Commercial",37,480,63,7.54,"Sitelinks, Reviews, Video, People also ask, Related searches, Ads top"
vertragshandy,Commercial,40,480,50,3.95,"Reviews, Video, People also ask, Related searches, Ads top, Ads middle"
vodafon handy mit vertrag,Commercial,34,480,52,2.29,"Reviews, People also ask, Related searches, Popular products"
vodafon handy vertrag,Commercial,35,480,49,2.29,"Reviews, Video, People also ask, Related searches"
vodafone angebote vertrag mit handy,Transactional,31,480,47,2.37,"Reviews, People also ask, Related searches, Popular products, Ads top, Ads bottom"
vodafone handytarife ohne handy,Commercial,34,480,46,2.13,"Reviews, People also ask, Related searches"
vodafone handyvertrag angebote,Transactional,36,480,50,2.07,"Reviews, Video, People also ask, Related searches, Popular products"
vodafone kabelfernsehen senderliste,"Informational, Transactional",39,480,36,0.00,"Reviews, People also ask, Related searches"
vodafone partnervertrag,Transactional,34,480,38,3.09,"Sitelinks, Reviews, Video, People also ask, Related searches, Ads top, Ads middle"
vodafone sim karte ohne vertrag,"Informational, Transactional",28,480,36,3.15,"Reviews, Video, People also ask, Related searches, Popular products"
voxup live stream kostenlos ohne anmeldung,"Navigational, Transactional",37,480,50,0.00,"Reviews, Related searches"
waipu 4k stick,Commercial,34,480,37,0.16,"Reviews, Video, People also ask, Related searches, Popular products"
waipu stick kaufen,Transactional,32,480,54,0.13,"Reviews, People also ask, Related searches, Popular products"
waipu tv alternativen,Commercial,42,480,21,0.61,"Sitelinks, AI Overview, Reviews, Video, People also ask, Related searches"
web magentatv,Commercial,40,480,55,5.00,"AI Overview, Reviews, Video, People also ask, Related searches"
welche netflix abos gibt es,"Informational, Transactional",42,480,50,1.20,"AI Overview, People also ask, Related searches"
welcher router ist der beste,Commercial,40,480,31,0.39,"Sitelinks, Reviews, Video, People also ask, Related searches"
welcher tv stick ist der beste,Commercial,43,480,31,0.49,"Featured snippet, Video, People also ask, Related searches"
welches internet ist bei mir verfügbar,Commercial,42,480,42,2.19,"AI Overview, Reviews, Video, People also ask, Related searches, Ads top, Ads bottom"
winsim prepaid,"Navigational, Transactional",30,480,22,1.79,"AI Overview, People also ask, Related searches"
wlan fernseher,Commercial,41,480,25,0.51,"Video, Video carousel, People also ask, Related searches, Popular products"
wlan für sat receiver,Commercial,50,480,24,0.13,"Sitelinks, Video, People also ask, Related searches, Popular products"
wlan verfügbarkeit prüfen,Commercial,37,480,50,2.64,"Reviews, Video, People also ask, Related searches"
wlan-router kaufen,Transactional,39,480,46,2.08,"Reviews, Video, People also ask, Related searches, Popular products"
wlan-router test,Commercial,32,480,28,0.40,"Sitelinks, Reviews, Video, People also ask, Related searches"
wlan.router,Commercial,29,480,32,2.27,"Reviews, Video, Video carousel, People also ask, Popular products"
wow angebot sport,"Informational, Commercial",38,480,34,1.30,"AI Overview, Reviews, Video, People also ask, Related searches, Ads top, Ads bottom"
wow fußball abo,Commercial,39,480,39,1.13,"AI Overview, Reviews, Video, Related searches, Ads top, Ads bottom"
www rtl now de,"Navigational, Transactional",39,480,70,0.04,"Sitelinks, Reviews, Video, People also ask, Related searches"
www telekom de glasfaser,"Navigational, Transactional",41,480,40,3.25,"Video, People also ask, Related searches, Ads top, Ads middle"
yourfone tarife,"Navigational, Transactional",32,480,26,0.35,"Sitelinks, Reviews, People also ask, Related searches"
للإنترنت,"Informational, Transactional",39,480,29,2.30,"Reviews, Video, Video carousel, People also ask, Related searches, Ads bottom"
/serienstream,Commercial,47,390,34,0.71,"Sitelinks, Reviews, Related searches"
02 vertrag mit handy,"Informational, Transactional",37,390,46,0.67,"Reviews, Video, People also ask, Related searches, Popular products"
1 und 1 dsl tarife,Commercial,40,390,34,0.83,"Reviews, People also ask, Related searches, Ads top"
1 und 1 sim karte,Transactional,34,390,29,1.65,"Reviews, Video, People also ask, Related searches, Ads bottom"
10 gb datenvolumen,"Informational, Commercial",33,390,23,2.73,"Sitelinks, AI Overview, Video, People also ask, Related searches, Ads bottom"
250 mbit internet,Commercial,40,390,27,2.25,"Reviews, People also ask, Related searches"
aktuelle handy angebote,Commercial,36,390,41,0.70,"Reviews, Video, People also ask, Related searches, Popular products"
alternative zu glasfaser,"Informational, Commercial",39,390,26,0.91,"AI Overview, Reviews, Video, Video carousel, People also ask, Related searches"
anbieter handyvertrag,Commercial,40,390,62,3.66,"Reviews, Video, People also ask, Related searches"
and tv live streaming free,Commercial,35,390,49,0.95,"Reviews, Video, People also ask, Related searches"
android tv box test,Commercial,35,390,34,0.14,"Sitelinks, Reviews, Video, People also ask, Related searches"
angebote für telefon und internet,Commercial,44,390,54,1.47,"Reviews, Video, People also ask, Related searches"
app für fernsehen,"Informational, Commercial",45,390,48,1.55,"AI Overview, Reviews, Video, People also ask, Related searches"
best android tv box,Commercial,31,390,32,0.33,"Sitelinks, Video, People also ask, Related searches, Popular products"
best rated android tv box,Commercial,37,390,38,0.27,"Sitelinks, Video, Video carousel, People also ask, Related searches, Popular products"
beste handy angebote,Commercial,35,390,43,1.08,"Reviews, Video, People also ask, Related searches, Popular products"
beste handytarife ohne handy,Commercial,38,390,32,2.66,"Reviews, Video, People also ask, Related searches, Ads top, Ads middle"
beste handyvertrag angebote,Commercial,40,390,47,1.07,"Sitelinks, Reviews, Video, People also ask, Related searches, Popular products"
beste iptv,Commercial,61,390,18,0.00,"Sitelinks, AI Overview, Video, People also ask, Related searches"
beste netzabdeckung deutschland,Commercial,46,390,46,2.06,"Sitelinks, AI Overview, Reviews, Video, People also ask, Related searches"
beste streambox,Commercial,40,390,31,0.67,"Reviews, Video, People also ask, Related searches, Popular products, Ads middle"
beste streaming box,Commercial,46,390,19,0.67,"Reviews, Video, People also ask, Related searches, Popular products"
bester dsl router,Commercial,33,390,35,0.75,"Sitelinks, Reviews, Video, People also ask, Related searches"
bester tv stick,Commercial,40,390,29,0.59,"Sitelinks, AI Overview, Reviews, Video, People also ask, Related searches"
bester wlan router reichweite,Commercial,40,390,25,0.35,"Sitelinks, Reviews, Video, Video carousel, People also ask, Related searches"
bestes handynetz,Commercial,43,390,50,1.94,"Sitelinks, AI Overview, Reviews, Video, People also ask, Related searches, Ads top, Ads middle"
bestes handynetz deutschland,Commercial,43,390,42,2.01,"Sitelinks, AI Overview, Reviews, Video, People also ask, Related searches, Ads middle"
bestes internet für zuhause,Commercial,43,390,39,2.91,"AI Overview, Reviews, Video, People also ask, Related searches, Ads middle"
bestes iptv,Commercial,64,390,32,0.00,"AI Overview, Video, People also ask, Related searches"
bestes netz deutschland,Commercial,45,390,30,2.83,"AI Overview, Reviews, Video, People also ask, Related searches, Ads middle"
bigsim handyvertrag,"Navigational, Transactional",46,390,14,0.00,"AI Overview, Reviews, Video, Related searches"
bigsim-aktionsdeals,Commercial,46,390,13,0.00,"Reviews, Video, People also ask, Related searches"
billige handyvertrag,Commercial,40,390,50,2.81,"Reviews, Video, People also ask, Related searches, Popular products, Ads top, Ads middle"
billige internetanbieter,Commercial,45,390,48,1.89,"AI Overview, Reviews, Video, People also ask, Related searches"
billige tarife mit handy,Commercial,35,390,55,2.33,"Reviews, Video, People also ask, Related searches, Popular products"
billiger handy vertrag,Commercial,39,390,51,2.53,"AI Overview, Reviews, Video, Related searches"
billigster tarif handy,Commercial,38,390,53,2.33,"Reviews, Video, People also ask, Related searches, Ads top, Ads middle"
check 24 glasfaser,"Navigational, Transactional",40,390,42,0.94,"Sitelinks, People also ask, Related searches"
dazn app windows,"Informational, Transactional",40,390,33,0.06,"AI Overview, Reviews, Video, Related searches"
deutsche glasfaser bewertung,Commercial,35,390,19,1.87,"Sitelinks, Reviews, People also ask, Related searches"
deutsche glasfaser erfahrung,Commercial,40,390,12,1.35,"Sitelinks, AI Overview, Reviews, Video, Video carousel, People also ask, Related searches"
deutsche glasfaser probleme,"Informational, Transactional",40,390,35,0.00,"Reviews, People also ask, Related searches"
deutschland internet,Commercial,47,390,66,3.67,"Reviews, Video, People also ask, Related searches"
drillisch handy mit vertrag,Commercial,34,390,37,2.24,"Sitelinks, Reviews, People also ask, Related searches, Popular products"
dsl 100 mbit,Commercial,42,390,21,2.08,"Reviews, Video, People also ask, Related searches, Ads top, Ads middle"
dsl angebote vergleich,Commercial,41,390,43,2.52,"Sitelinks, Reviews, Video, People also ask, Related searches"
dsl anschluss günstig,Commercial,45,390,49,4.22,"Sitelinks, Reviews, People also ask, Related searches"
dsl anschluss vergleich,Commercial,44,390,48,3.98,"Sitelinks, Reviews, Video, People also ask, Related searches, Ads top, Ads middle"
dsl billig,Commercial,43,390,39,2.77,"Sitelinks, Reviews, Video, People also ask, Related searches"
dsl flat,Commercial,39,390,51,2.22,"Sitelinks, Reviews, Video, People also ask, Related searches, Ads top, Ads middle"
dsl flatrate,Commercial,39,390,51,2.27,"Sitelinks, Reviews, Video, People also ask, Related searches, Ads top, Ads middle"
dsl für zuhause,Commercial,43,390,43,4.73,"Reviews, Video, People also ask, Related searches, Ads top, Ads middle"
dsl günstige anbieter,Commercial,43,390,40,2.13,"Sitelinks, Reviews, Video, Related searches, Ads top"
dsl internetanschluss,"Informational, Commercial",45,390,48,6.34,"AI Overview, Reviews, Video, People also ask, Related searches, Ads top, Ads middle"
dsl kabel anschluss,"Informational, Transactional",42,390,17,3.72,"AI Overview, Image pack, Video, Video carousel, People also ask, Related searches, Ads bottom, Ads middle"
dsl kabel kaufen,Transactional,38,390,28,0.95,"Video, People also ask, Local pack, Related searches, Popular products"
dsl modem router,Commercial,43,390,31,1.34,"Sitelinks, Reviews, Video, People also ask, Related searches, Popular products"
dsl prämie,Commercial,41,390,10,4.25,"AI Overview, Reviews, Video, Related searches"
dsl telekom verfügbarkeit prüfen,Transactional,46,390,21,2.14,"Reviews, People also ask, Related searches"
dsl vergelich,Commercial,47,390,41,3.46,"Sitelinks, Video, Related searches"
dsl wlan,Commercial,38,390,48,8.56,"Reviews, Video, People also ask, Related searches, Ads top, Ads bottom"
eins und eins handyvertrag,Commercial,41,390,31,1.36,"Reviews, Video, People also ask, Related searches"
familien handyvertrag,Commercial,45,390,28,1.80,"Reviews, Video, People also ask, Related searches, Ads top, Ads middle"
fernsehen app,"Informational, Commercial",45,390,51,1.56,"AI Overview, Reviews, Video, People also ask, Related searches, Ads bottom"
fernsehen kostenlos ohne anmeldung,"Navigational, Transactional",39,390,42,0.69,"Reviews, Video, People also ask, Related searches"
fernsehen mit kabelanschluss,"Informational, Commercial",42,390,22,1.48,"AI Overview, Reviews, Image, Video, People also ask, Related searches, Ads top, Ads bottom"
fernseher live,Commercial,42,390,73,0.79,"Reviews, Video, People also ask, Top stories, Related searches"
fernseher vertrag,Commercial,43,390,22,2.60,"Reviews, People also ask, Related searches, Popular products, Ads bottom"
fernsehn rtl,"Informational, Commercial",38,390,62,0.80,"Video, People also ask, Top stories, Related searches"
fernsehstick,Commercial,40,390,27,1.49,"People also ask, Related searches"
festnetz und internet-angebote,Commercial,46,390,58,1.32,"AI Overview, Reviews, Video, People also ask, Related searches, Ads top, Ads bottom"
festnetz vertrag telekom,"Navigational, Transactional",45,390,34,2.13,"Reviews, People also ask, Related searches"
festnetzanschluss telekom,Commercial,40,390,48,2.24,"Sitelinks, AI Overview, Reviews, People also ask, Related searches, Ads top, Ads middle"
festplattenreceiver,"Informational, Commercial",38,390,22,0.16,"Video, People also ask, Related searches"
film neu netflix,"Informational, Transactional",33,390,50,0.00,"Video, People also ask, Related searches"
filme und serien bei netflix,"Informational, Transactional",34,390,59,0.61,"Video, People also ask, Related searches"
flatrate internet,Commercial,37,390,45,2.27,"Sitelinks, Reviews, People also ask, Related searches"
free television,"Informational, Commercial",36,390,52,0.74,"Reviews, Video, People also ask, Top stories, Related searches, Ads bottom"
fußball live stream rtl,"Navigational, Transactional",42,390,49,0.91,"Reviews, Video, People also ask, Related searches"
german sim,Commercial,35,390,35,4.67,"AI Overview, Reviews, Video, People also ask, Related searches, Ads top, Ads bottom"
geräte sky,"Navigational, Transactional",38,390,41,1.54,"Reviews, Video, People also ask, Related searches, Ads bottom"
geschäftskunden handyvertrag,Commercial,38,390,30,11.17,"Reviews, People also ask, Related searches, Ads bottom"
glasfaser 1,Commercial,39,390,23,3.22,"AI Overview, Reviews, Video, Video carousel, People also ask, Related searches"
glasfaser anschluss prüfen,Commercial,40,390,34,1.03,"AI Overview, Reviews, Video, People also ask, Related searches, Ads top, Ads bottom"
glasfaser beantragen,Commercial,36,390,24,2.99,"AI Overview, Reviews, Video, People also ask, Related searches, Ads top, Ads bottom"
glasfaser modem kaufen,Transactional,43,390,29,0.59,"Reviews, Video, People also ask, Related searches, Popular products"
glasfaser preisvergleich,Commercial,43,390,25,1.16,"Sitelinks, Reviews, Video, People also ask, Related searches, Ads top, Ads bottom"
glasfaser telekom preise,"Navigational, Transactional",43,390,31,1.52,"Sitelinks, AI Overview, Reviews, People also ask, Related searches"
glasfaser verträge,Commercial,40,390,47,2.04,"Reviews, Video, People also ask, Related searches"
glasfaseranschluss eon,Transactional,37,390,22,2.42,"Reviews, Image pack, Video, People also ask, Related searches"
guenstige smartphone tarife,"Informational, Commercial",39,390,49,2.26,"AI Overview, Reviews, Video, People also ask, Related searches"
gute handyverträge,Commercial,38,390,58,3.02,"Reviews, Video, People also ask, Related searches"
gzsz live,Transactional,34,390,46,0.02,"Reviews, Video, People also ask, Related searches"
günstig handy,Commercial,34,390,46,0.72,"Sitelinks, Video, People also ask, Related searches, Popular products"
günstig handy mit tarif,Commercial,39,390,54,1.85,"Reviews, Video, People also ask, Related searches, Popular products"
günstig sim karte,Commercial,35,390,66,4.96,"Reviews, Video, People also ask, Related searches, Popular products, Ads top, Ads middle"
günstige smartphones mit vertrag,Commercial,38,390,44,1.47,"Reviews, Video, People also ask, Related searches, Popular products"
günstige telefontarife,Commercial,38,390,49,2.37,"Reviews, Video, People also ask, Related searches"
günstige vodafone tarife,Commercial,36,390,36,1.90,"AI Overview, Reviews, People also ask, Related searches, Ads bottom, Ads middle"
günstige wlan anbieter,Commercial,41,390,38,3.90,"AI Overview, Reviews, Video, People also ask, Related searches, Ads top, Ads middle"
günstige wlan verträge,Commercial,40,390,43,5.14,"Reviews, Video, People also ask, Related searches, Popular products"
günstiger internet tarif,Commercial,46,390,45,2.48,"Reviews, Video, People also ask, Related searches"
günstigste dsl tarife,Commercial,42,390,6,2.14,"Sitelinks, AI Overview, Reviews, Video, People also ask, Related searches, Ads top, Ads bottom"
günstigster handyvertrag ohne handy,Commercial,38,390,30,2.61,"Reviews, Video, People also ask, Related searches"
habdyvertrag,Commercial,36,390,59,4.15,"Reviews, Video, People also ask, Related searches"
handy 5g,Commercial,36,390,24,0.30,"Reviews, Video, Video carousel, People also ask, Related searches"
handy angebote ohne vertrag saturn,"Navigational, Transactional",29,390,29,0.18,"Sitelinks, Reviews, People also ask, Related searches, Popular products, Ads bottom"
handy geschäft,Commercial,35,390,52,3.04,"Reviews, Video, People also ask, Local pack, Related searches, Popular products"
handy handy,Commercial,30,390,64,1.54,"Image pack, Video, Video carousel, People also ask, Related searches, Popular products"
handy handy 24,"Navigational, Commercial",32,390,36,1.62,"Sitelinks, Reviews, People also ask, Local pack, Related searches, Popular products"
handy mit vertrag beste angebote,Commercial,40,390,50,1.07,"Reviews, Video, People also ask, Related searches, Popular products, Ads top, Ads middle"
handy mit vertrag bestellen,Commercial,38,390,38,6.27,"Related searches, Popular products, Ads top, Ads bottom"
handy mit vertrag expert,"Navigational, Transactional",32,390,27,0.89,"People also ask, Related searches"
handy o2 kaufen,Transactional,31,390,44,0.40,"Reviews, People also ask, Local pack, Related searches, Popular products"
handy preiswert,Commercial,33,390,40,0.34,"Sitelinks, Video, People also ask, Related searches, Popular products"
handy promotion,Commercial,31,390,44,0.86,"Reviews, Image pack, Video, People also ask, Related searches, Ads middle"
handy vertrag mit ps5,Commercial,33,390,12,1.20,"Sitelinks, Reviews, Video, People also ask, Related searches, Ads top"
handys telekom vertragsverlängerung,Commercial,38,390,29,0.56,"Reviews, Video, People also ask, Related searches"
handys vertrag günstig,Commercial,43,390,55,3.84,"Reviews, Video, Related searches, Popular products, Ads top, Ads bottom"
handytarif vergleichen,Commercial,40,390,50,2.34,"Reviews, Video, Related searches, Ads top, Ads middle"
handytarife im telekom netz,Commercial,39,390,31,1.90,"Sitelinks, Reviews, Video, People also ask, Related searches, Ads top, Ads middle"
handytarife testsieger,Commercial,41,390,57,1.62,"Reviews, Video, People also ask, Related searches"
handyvertrag mit fernseher,Commercial,42,390,13,1.64,"Reviews, Related searches, Ads top, Ads bottom"
handyvertrag mit partnerkarte,Commercial,40,390,25,2.36,"Reviews, Video, Related searches"
handyvertrag mit smartwatch,Commercial,38,390,14,1.27,"Reviews, People also ask, Related searches, Popular products"
handyvertrag neu,Commercial,40,390,48,5.17,"Reviews, Video, People also ask, Related searches"
handyvertrag prämie,Commercial,40,390,18,1.65,"Reviews, Related searches, Ads bottom"
handyvertrag t mobile,"Navigational, Commercial",38,390,47,1.69,"Sitelinks, Reviews, Video, People also ask, Related searches"
handyvertrag vodafone angebote,"Informational, Transactional",36,390,49,1.92,"Reviews, People also ask, Related searches"
handyverträge im vergleich mit handy,Commercial,38,390,48,1.89,"Sitelinks, Reviews, Video, Related searches, Ads top, Ads middle"
handyverträge mit handy im vergleich,Commercial,40,390,52,1.89,"Sitelinks, Reviews, Video, Related searches"
high handytarife,"Navigational, Commercial",30,390,31,0.00,"Sitelinks, Reviews, Video, People also ask, Related searches"
internet anbieter finden,Commercial,46,390,49,5.38,"AI Overview, Reviews, Video, People also ask, Related searches, Ads top, Ads middle"
internet angebote vergleich,Commercial,43,390,49,2.69,"Sitelinks, Reviews, Video, People also ask, Related searches, Ads top, Ads middle"
internet check adresse,Commercial,40,390,50,1.60,"Reviews, People also ask, Related searches"
internet für handy,Commercial,41,390,70,4.15,"Reviews, Video, People also ask, Related searches, Popular products"
internet für zuhause tarife,Commercial,46,390,55,2.27,"AI Overview, Reviews, Video, People also ask, Related searches, Ads top, Ads bottom"
internet für zuhause vergleich,Commercial,40,390,54,4.20,"AI Overview, Reviews, People also ask, Related searches"
internet geschwindigkeit adresse,Commercial,44,390,56,1.22,"Reviews, Video, People also ask, Related searches, Ads top, Ads bottom"
internet hausanschluss,Commercial,45,390,21,4.55,"AI Overview, Reviews, Video, Video carousel, People also ask, Related searches, Ads top, Ads middle"
internet kabel angebote,Commercial,44,390,32,2.95,"Reviews, Video, People also ask, Related searches, Popular products"
internet mit sim karte,Commercial,40,390,28,3.17,"Reviews, Video, People also ask, Related searches, Ads top, Ads middle"
internet münchen,Commercial,44,390,27,4.65,"Reviews, Video, People also ask, Related searches"
internet provider services,Commercial,39,390,15,2.71,"Sitelinks, Reviews, Video, People also ask, Local pack, Knowledge panel, Related searches, Ads top, Ads middle"
internet router kaufen,Transactional,43,390,39,1.90,"Reviews, Video, People also ask, Related searches"
internet tarifvergleich,Commercial,46,390,44,3.71,"Reviews, Video, Related searches, Ads top, Ads bottom"
internet und telefon flat,Commercial,41,390,34,1.87,"AI Overview, Reviews, Video, People also ask, Related searches, Ads top, Ads middle"
internet und telefonanbieter,Commercial,44,390,55,1.66,"Sitelinks, AI Overview, Reviews, Video, People also ask, Related searches, Ads top, Ads bottom"
internet und tv günstig,Commercial,50,390,44,1.43,"Sitelinks, Reviews, Video, People also ask, Related searches"
internet und tv vergleich,Commercial,45,390,45,2.58,"Sitelinks, AI Overview, Reviews, Video, People also ask, Related searches"
internet wlan angebote,Commercial,39,390,50,3.43,"Reviews, Video, People also ask, Related searches, Ads top, Ads middle"
internetanschluss im vergleich,Commercial,44,390,49,4.16,"Sitelinks, AI Overview, Reviews, Video, People also ask, Related searches, Ads top, Ads middle"
internettarif,Commercial,45,390,54,2.66,"Reviews, Video, People also ask, Related searches, Ads top, Ads bottom"
internetverfügbarkeit,Commercial,44,390,50,1.71,"Reviews, Video, People also ask, Related searches"
ip tv box,"Informational, Commercial",48,390,19,1.20,"Video, Video carousel, People also ask, Related searches, Popular products"
iptv anbieter alle sender,Commercial,64,390,19,0.00,"AI Overview, Video, People also ask, Related searches"
iptv anbieter forum,Commercial,48,390,11,0.00,"Sitelinks, People also ask, Related searches"
iptv app android,"Informational, Commercial",50,390,38,0.00,"AI Overview, Reviews, Video, People also ask, Related searches"
iptv lines kaufen,Commercial,52,390,10,0.00,"AI Overview, Video, People also ask, Related searches"
iptv premium,"Informational, Commercial",50,390,15,0.00,"AI Overview, Reviews, Video, Video carousel, People also ask, Related searches"
kabel 1 live tv,Commercial,41,390,45,0.13,"Reviews, Video, People also ask, Related searches"
kabel anbieter,Commercial,45,390,44,2.04,"Sitelinks, AI Overview, Reviews, Video, People also ask, Related searches"
kabel classic programm heute,Commercial,37,390,30,0.00,"People also ask, Related searches"
kabel für router,Commercial,38,390,29,0.28,"Reviews, Image, Image pack, Video, People also ask, Related searches, Popular products"
kabel internet router,Commercial,42,390,24,2.51,"Reviews, Video, People also ask, Related searches, Popular products, Ads top, Ads bottom"
kabelanbieter,Commercial,41,390,39,1.67,"Sitelinks, AI Overview, Reviews, Video, People also ask, Related searches, Ads top, Ads bottom"
kabelanschluss für fernseher,Commercial,41,390,30,1.48,"Reviews, Video, Video carousel, People also ask, Related searches, Ads top, Ads middle"
kabelrouter mit wlan,Commercial,38,390,23,3.30,"Reviews, Video, People also ask, Related searches, Popular products"
kabelvertrag,Commercial,45,390,45,3.85,"AI Overview, Reviews, Video, People also ask, Related searches, Ads bottom, Ads middle"
kosten sky sport,"Informational, Transactional",43,390,49,0.96,"Sitelinks, AI Overview, Reviews, Video, People also ask, Related searches, Ads top, Ads bottom"
kostenlos fernsehen ohne anmeldung,"Navigational, Transactional",39,390,35,0.41,"Reviews, Video, People also ask, Related searches, Ads middle"
kostenlos internet tv,"Informational, Commercial",47,390,52,0.64,"Reviews, Video, People also ask, Related searches"
kostenlos rtl schauen live,Commercial,41,390,44,0.94,"Reviews, Video, People also ask, Related searches"
kostenlos serien gucken,Commercial,38,390,54,0.60,"Reviews, Related searches"
kostenlos streamen tv,Commercial,41,390,41,0.57,"AI Overview, Reviews, Video, People also ask, Related searches"
live stream tv free,Commercial,38,390,59,1.58,"Reviews, Video, People also ask, Related searches"
livestream rtl kostenlos,Transactional,42,390,60,1.04,"Sitelinks, Reviews, Video, People also ask, Related searches"
lohnt sich magentatv,"Informational, Commercial",47,390,22,5.80,"Sitelinks, AI Overview, Reviews, Video, People also ask, Related searches, Ads middle"
magenda,Commercial,28,390,27,2.60,"Reviews, Image, Video, People also ask, Related searches"
magenta tv 1. generation,Commercial,36,390,28,4.36,"Reviews, Video, People also ask, Related searches"
magenta tv flex preis,Transactional,48,390,35,5.72,"Sitelinks, AI Overview, Reviews, People also ask, Related searches"
magents,"Informational, Transactional",31,390,82,2.88,"Reviews, Image, Image pack, Video, People also ask, Knowledge panel, Related searches"
maxxim prepaid,"Navigational, Transactional",28,390,18,0.00,"Reviews, People also ask, Related searches"
mega sport telekom,"Navigational, Transactional",40,390,30,2.45,"Reviews, Video, People also ask, Related searches"
megasport telekom,"Navigational, Transactional",40,390,35,0.79,"Video, People also ask, Related searches"
miete router,Commercial,44,390,21,1.92,"Sitelinks, Reviews, Video, People also ask, Related searches, Popular products"
mobil vertrag,Commercial,37,390,61,4.56,"AI Overview, Reviews, Video, People also ask, Related searches"
mobilfunk vertrag vergleich,Commercial,40,390,59,2.90,"Reviews, Video, People also ask, Related searches"
mobilfunkvertrag handy,Commercial,43,390,49,2.44,"Sitelinks, Video, People also ask, Related searches, Popular products, Ads top, Ads bottom"
mobilfunkvertrag vodafone,Transactional,38,390,54,2.81,"Reviews, People also ask, Related searches"
mobilvertrag,Commercial,39,390,58,4.77,"Reviews, Video, Related searches, Ads top, Ads bottom"
modem dsl router,"Informational, Commercial",38,390,29,1.34,"Sitelinks, Reviews, Video, Video carousel, People also ask, Related searches, Popular products"
monatlich kündbar internet,Commercial,43,390,37,6.20,"Reviews, Video, Related searches, Ads top, Ads bottom"
myhandy de,Commercial,33,390,68,1.74,"Reviews, People also ask, Related searches"
netflix abonnement deutschland,"Informational, Transactional",45,390,50,0.93,"AI Overview, Reviews, People also ask, Related searches"
netflix account kosten,"Informational, Transactional",40,390,58,1.11,"AI Overview, Reviews, People also ask, Related searches"
netflix bezahlen,"Informational, Transactional",44,390,41,0.77,"Video, Video carousel, People also ask, Related searches"
netflix plan,"Navigational, Transactional",37,390,73,1.74,"Reviews, Image pack, Video, People also ask, Related searches"
netzabdeckung 02,Commercial,38,390,38,1.53,"Reviews, Image pack, People also ask, Related searches"
netzkarte telekom,Transactional,42,390,37,2.08,"Reviews, People also ask, Related searches"
o2 angebote ohne handy,"Informational, Transactional",33,390,46,0.34,"Reviews, Video, People also ask, Related searches"
o2 verträge ohne handy,Commercial,34,390,51,0.63,"Reviews, People also ask, Related searches"
ohne vertragslaufzeit dsl,Commercial,40,390,36,5.51,"AI Overview, Reviews, Related searches, Ads top, Ads middle"
partner handyvertrag mit 2 handys,Commercial,40,390,29,1.96,"Reviews, Video, People also ask, Related searches"
partnervertrag mit handy,Commercial,38,390,32,1.64,"Reviews, Video, People also ask, Related searches"
player iptv windows,"Informational, Commercial",44,390,21,0.00,"Sitelinks, AI Overview, Reviews, Video, Video carousel, Related searches"
preis netflix,Transactional,42,390,49,0.77,"AI Overview, Reviews, Video, People also ask, Related searches"
prosieben live-stream kostenlos ohne anmeldung joyn,"Navigational, Transactional",35,390,49,0.27,"AI Overview, Reviews, People also ask, Related searches"
prämie handyvertrag,"Informational, Commercial",36,390,25,1.52,"Reviews, Video, People also ask, Related searches"
receiver für internet,Commercial,44,390,21,2.01,"Sitelinks, Reviews, Video, People also ask, Related searches, Popular products"
receiver für tv,Commercial,39,390,28,0.59,"Video, People also ask, Related searches, Popular products"
receiver über internet,Commercial,45,390,23,1.52,"Sitelinks, Reviews, Video, People also ask, Related searches, Popular products, Ads top, Ads bottom"
recommended android tv box,"Informational, Commercial",32,390,27,0.33,"Sitelinks, Reviews, Video, Video carousel, People also ask, Related searches, Popular products"
router bei media markt,"Informational, Transactional",38,390,34,0.23,"Sitelinks, Video, People also ask, Related searches, Popular products"
router dsl,Commercial,41,390,30,1.80,"Sitelinks, Reviews, Video, People also ask, Related searches, Popular products"
router für internet über kabel,Commercial,38,390,23,2.51,"Reviews, Video, People also ask, Related searches, Popular products"
rtl 2 kostenlos streamen,Commercial,41,390,31,1.27,"Reviews, Video, People also ask, Related searches"
rtl 2 stream kostenlos,Transactional,42,390,26,1.39,"Reviews, Video, People also ask, Related searches"
rtl 2ix2,"Navigational, Transactional",37,390,22,0.00,"Sitelinks, Reviews, People also ask, Related searches"
rtl aktuell heute 18 45 uhr verpasst,"Informational, Transactional",36,390,40,0.00,"Video, People also ask, Related searches"
rtl aktuell kostenlos ansehen,"Informational, Transactional",39,390,43,0.00,"Reviews, Video, People also ask, Knowledge panel, Related searches"
rtl deutschland live,"Navigational, Transactional",45,390,51,0.57,"Reviews, Video, People also ask, Related searches"
rtl fernsehn live,"Navigational, Transactional",41,390,54,0.65,"Reviews, Video, People also ask, Related searches"
rtl jetzt live stream,"Navigational, Transactional",41,390,64,0.62,"Reviews, Video, People also ask, Related searches"
rtl kostenlos ansehen,Transactional,41,390,50,0.80,"Sitelinks, Reviews, Video, Video carousel, People also ask, Related searches"
rtl live anschauen,Commercial,42,390,46,0.76,"Reviews, Video, People also ask, Related searches, Ads bottom"
rtl live streamen kostenlos,Transactional,42,390,48,1.07,"Reviews, Video, People also ask, Related searches"
rtl livestream fußball,"Informational, Transactional",43,390,50,0.91,"Reviews, Video, People also ask, Related searches"
rtl livestrem,Transactional,38,390,52,0.63,"Reviews, Video, People also ask, Related searches"
rtl mediatek,"Informational, Transactional",35,390,52,0.14,"Reviews, Video, People also ask, Related searches"
rtl plus fußball heute,"Navigational, Transactional",39,390,37,0.80,"Reviews, Video, Related searches"
rtl plus sport,"Navigational, Transactional",41,390,31,1.39,"Reviews, Video, People also ask, Related searches, Ads middle"
rtl programm jetzt live,"Navigational, Transactional",51,390,75,0.54,"Sitelinks, Video, People also ask, Related searches, Ads bottom"
rtl s,"Navigational, Transactional",31,390,85,0.00,"Sitelinks, Reviews, Video, Related searches"
rtl-aktuell online ansehen,"Informational, Transactional",39,390,41,0.00,"Reviews, Video, People also ask, Knowledge panel, Related searches"
rtl2 live kostenlos,Transactional,42,390,30,1.09,"Reviews, Video, People also ask, Related searches"
rtl2 live stream kostenlose,Commercial,42,390,28,0.00,"Reviews, Video, People also ask, Related searches"
rtlive,"Informational, Transactional",51,390,26,1.92,"Video, People also ask"
senderbelegung sky,"Informational, Commercial",36,390,26,0.56,"Sitelinks, Reviews, Video, People also ask, Related searches"
senderübersicht vodafone,Transactional,35,390,40,1.79,"Reviews, Video, People also ask, Related searches"
sendung verpasst auf kabel 1,Commercial,33,390,27,0.33,"Video, People also ask, Related searches, Ads top, Ads bottom"
serie stream free,Commercial,35,390,50,1.57,"Sitelinks, AI Overview, Reviews, People also ask, Related searches"
service handyvertrag de,"Navigational, Transactional",38,390,26,2.14,"Sitelinks, Reviews, People also ask, Related searches"
service sim de login,"Navigational, Transactional",33,390,32,0.18,"Sitelinks, Reviews, People also ask, Related searches"
sim handyvertrag,Commercial,36,390,67,5.05,"AI Overview, Reviews, Video, People also ask, Related searches"
sim karte handy,Commercial,35,390,26,6.31,"Reviews, Video, Video carousel, People also ask, Related searches, Popular products, Ads top, Ads bottom"
sim karte ohne vertrag vodafone,"Informational, Transactional",28,390,53,2.35,"Reviews, Video, People also ask, Related searches, Popular products"
sim karten angebote,Commercial,34,390,70,4.95,"Reviews, Video, People also ask, Related searches, Popular products"
sim only vertrag,Commercial,37,390,39,10.48,"Reviews, Video, People also ask, Related searches, Ads bottom"
sim packages,Commercial,28,390,51,1.13,"Sitelinks, Reviews, Video, People also ask, Related searches, Ads bottom"
sim vertrag ohne handy,Commercial,38,390,30,8.56,"Reviews, Video, People also ask, Related searches, Popular products"
sim-karte vertrag,Commercial,36,390,68,11.91,"Reviews, Video, People also ask, Related searches, Popular products"
sim-karte vertrag ohne handy,Commercial,35,390,30,10.30,"Reviews, Video, People also ask, Related searches, Popular products"
sim.,Commercial,30,390,54,4.53,"Reviews, Video, Video carousel, People also ask, Related searches, Shopping ads, Ads top, Ads bottom"
sky angebote black friday,Transactional,34,390,42,0.00,"Reviews, Video, People also ask, Related searches"
sky bundesliga paket,Transactional,45,390,40,2.75,"People also ask, Related searches"
sky bundesliga tagesticket,Transactional,39,390,27,3.47,"Reviews, People also ask, Related searches"
sky download,"Navigational, Transactional",38,390,49,0.51,"AI Overview, Reviews, Video, Related searches"
sky entertainment paket,"Informational, Transactional",40,390,36,1.50,"AI Overview, Reviews, Video, People also ask, Related searches"
sky go macbook,"Informational, Transactional",33,390,32,0.57,"Sitelinks, Reviews, Video, People also ask, Related searches"
sky jetzt,Transactional,36,390,49,1.23,"Video, People also ask, Related searches"
sky kostenlos testen,Commercial,41,390,20,1.21,"Sitelinks, AI Overview, Reviews, Video, People also ask, Related searches"
sky senderbelegung,Transactional,37,390,27,0.53,"Sitelinks, Reviews, Video, People also ask, Related searches, Ads top, Ads bottom"
sky sport angebot,"Informational, Transactional",40,390,46,2.46,"Reviews, Video, People also ask, Related searches"
sky studentenrabatt,Transactional,39,390,37,1.72,"People also ask, Related searches"
sky ticket bundesliga 9 99,"Informational, Transactional",36,390,35,3.03,"Reviews, Video, People also ask, Related searches"
sky ticket sport,Transactional,36,390,62,3.50,"Sitelinks, Reviews, Video, People also ask, Related searches"
skygo download,Transactional,35,390,46,0.34,"Reviews, People also ask, Related searches"
smartfon angebote,Commercial,36,390,47,0.00,"Reviews, Video, People also ask, Related searches, Popular products"
smartphone deal,Commercial,34,390,35,0.78,"Reviews, Video, Video carousel, People also ask, Related searches, Popular products"
smartphone mit vertrag angebote,Commercial,39,390,52,1.26,"Reviews, Video, People also ask, Related searches"
smartphone mit vertrag günstig,Commercial,38,390,53,1.57,"People also ask, Related searches"
smartphones angebote,Commercial,35,390,46,0.35,"Reviews, Video, People also ask, Related searches, Popular products"
sportdigital programm heute,"Navigational, Transactional",35,390,18,0.00,"Video, Related searches"
stick für internet fernsehen,Commercial,48,390,35,1.21,"Sitelinks, Reviews, Video, People also ask, Related searches, Popular products"
stick tv,Commercial,44,390,28,0.98,"Reviews, Video, Video carousel, People also ask, Related searches, Ads top, Ads middle"
stream hd,Commercial,39,390,19,1.18,"Reviews, People also ask, Related searches"
stream serien,Commercial,40,390,31,1.40,"AI Overview, Video, Related searches"
streaming box test,Commercial,38,390,24,0.39,"Sitelinks, Reviews, Video, Related searches, Ads middle"
streaming rtl2,Commercial,39,390,35,0.75,"Sitelinks, Reviews, Video, People also ask, Related searches"
streaming service,"Informational, Commercial",42,390,43,1.90,"AI Overview, Reviews, Video, Video carousel, People also ask, Knowledge panel, Related searches"
super rtl live kostenlos,Transactional,41,390,34,0.00,"Reviews, Video, People also ask"
t mobile vertrag mit handy,Commercial,37,390,49,1.33,"Sitelinks, Video, People also ask, Related searches"
tarif mit handy,Commercial,38,390,53,2.03,"Video, Related searches"
telcom internet,Transactional,38,390,38,2.93,"AI Overview, Reviews, Video, People also ask, Related searches, Ads top, Ads middle"
telefon handy,Commercial,34,390,49,1.25,"Image pack, Video, People also ask, Related searches, Popular products, Ads middle"
telefon tarife,Commercial,36,390,63,2.36,"AI Overview, Reviews, Video, People also ask, Related searches, Ads top, Ads middle"
telefon und internet angebote,Commercial,43,390,53,1.47,"Reviews, Video, People also ask, Related searches, Ads top, Ads bottom"
telefon und internetanbieter,"Informational, Commercial",43,390,35,1.77,"AI Overview, Reviews, Video, People also ask, Related searches"
telefon vergleich tarif,Commercial,36,390,60,1.82,"Reviews, Video, People also ask, Related searches, Ads top, Ads middle"
telefon vertrag,Commercial,37,390,57,4.24,"Reviews, Video, People also ask, Related searches, Ads top, Ads middle"
telefontarife vergleich,Commercial,37,390,52,1.82,"Sitelinks, Reviews, Video, People also ask, Related searches"
telefonvertrag,Commercial,40,390,63,4.06,"Reviews, Video, People also ask, Knowledge panel, Related searches, Ads top, Ads middle"
telekom 5g verfügbarkeit,Transactional,42,390,36,1.18,"Reviews, Video, People also ask, Related searches"
telekom anschluss einrichten,"Navigational, Transactional",40,390,28,1.08,"Sitelinks, Reviews, Video, Video carousel, People also ask, Related searches"
telekom dsl internet,Transactional,44,390,35,2.87,"Reviews, Video, People also ask, Related searches, Ads top, Ads bottom"
telekom dsl verfügbarkeit prüfen,Transactional,48,390,21,2.14,"Reviews, People also ask, Related searches, Ads top, Ads bottom"
telekom fernbedienung,"Informational, Transactional",36,390,22,0.63,"Reviews, Image pack, Video, People also ask, Related searches"
telekom festnetz internet,Transactional,45,390,31,3.63,"Reviews, People also ask, Related searches, Ads middle"
telekom handy verträge,Transactional,40,390,45,2.57,"Reviews, People also ask, Related searches"
telekom home internet,Transactional,44,390,45,3.84,"People also ask, Related searches"
telekom internet angebot,"Informational, Transactional",43,390,38,3.69,"Reviews, Video, People also ask, Related searches"
telekom internet dsl,Transactional,43,390,35,4.20,"Reviews, People also ask, Related searches"
telekom megasport,"Navigational, Transactional",39,390,39,1.03,"Reviews, Video, People also ask, Related searches"
telekom neues handy,"Navigational, Transactional",34,390,33,1.92,"Reviews, People also ask, Related searches"
telekom neukunden angebote,"Navigational, Transactional",40,390,42,1.09,"Reviews, People also ask, Related searches"
telekom verfügbarkeit dsl prüfen,Transactional,43,390,21,2.14,"Reviews, People also ask, Related searches, Ads top, Ads bottom"
telekom wlan angebote,Transactional,44,390,37,3.90,"Reviews, People also ask, Related searches"
telekom wow,"Navigational, Transactional",36,390,30,1.64,"Reviews, People also ask, Related searches"
telekome,"Informational, Transactional",36,390,70,0.11,"Reviews, Video, Knowledge panel, Related searches"
telkom magenta tv,"Navigational, Transactional",48,390,42,3.26,"Sitelinks, Reviews, Video, People also ask, Related searches"
test android box tv,"Informational, Commercial",37,390,30,0.14,"Reviews, Video, Video carousel, People also ask, Related searches, Popular products"
test tv box android,Commercial,35,390,30,0.14,"Reviews, Video, Video carousel, People also ask, Related searches, Popular products"
tv android box test,"Informational, Commercial",38,390,30,0.14,"Sitelinks, Reviews, Video, Video carousel, People also ask, Related searches, Popular products"
tv deutsche,Commercial,48,390,62,0.82,"Reviews, Video, Related searches, Ads bottom"
tv internet angebote,Commercial,51,390,45,2.06,"Reviews, Video, People also ask, Related searches"
tv live tv free,Commercial,36,390,53,1.26,"AI Overview, Reviews, Video, People also ask, Related searches"
tv rtl jetzt,Commercial,38,390,51,0.52,"Video, People also ask, Related searches"
tv stick test,Commercial,36,390,39,0.50,"Sitelinks, Reviews, Video, People also ask, Related searches"
tv stream kostenlos ohne anmeldung,"Navigational, Transactional",37,390,54,0.00,"Sitelinks, Reviews, Video, People also ask, Related searches"
tv streaming angebote,Commercial,50,390,41,2.26,"AI Overview, Reviews, Video, People also ask, Related searches"
tv streaming vergleich,Commercial,51,390,40,2.03,"Sitelinks, Reviews, Video, People also ask, Related searches, Ads middle"
tvstream,Commercial,36,390,50,2.15,"AI Overview, Reviews, Video, People also ask, Related searches"
tvzafree,Commercial,30,390,58,0.00,"Reviews, Video, Video carousel, People also ask, Related searches"
umsonst tv,Commercial,40,390,49,1.25,"Reviews, Video, People also ask, Related searches"
unlimited internet sim karte,Commercial,34,390,30,3.30,"Reviews, Video, People also ask, Related searches"
unlimited internet sim-karte,Commercial,36,390,33,3.30,"Reviews, Video, People also ask, Related searches, Ads bottom"
verfügbarkeit dsl prüfen telekom,Transactional,45,390,28,2.14,"AI Overview, Reviews, People also ask, Related searches, Ads top, Ads bottom"
verfügbarkeit prüfen,Commercial,39,390,51,1.74,"AI Overview, Reviews, Video, People also ask, Related searches"
vergleich dsl internet,Commercial,43,390,46,5.29,"Sitelinks, AI Overview, Reviews, Video, People also ask, Related searches, Ads top, Ads middle"
vergleich festnetz und internet,Commercial,42,390,54,1.68,"Sitelinks, Reviews, Video, People also ask, Related searches, Ads top, Ads bottom"
vergleich internet dsl,Commercial,44,390,46,5.29,"Sitelinks, Reviews, Video, People also ask, Related searches, Ads top, Ads middle"
vergleich router,Commercial,35,390,31,1.14,"Reviews, Video, Video carousel, People also ask, Related searches"
vergleich wlan anbieter,Commercial,37,390,50,4.94,"AI Overview, Reviews, Video, People also ask, Related searches, Ads top, Ads bottom"
vertrag festnetz,Commercial,43,390,48,2.54,"Video, People also ask, Related searches, Ads top, Ads bottom"
vertrag mit smartphone günstig,Commercial,40,390,43,1.47,"Reviews, Video, People also ask, Related searches"
vertrag smartphone günstig,Commercial,40,390,50,1.47,"Reviews, Video, People also ask, Related searches, Popular products, Ads top, Ads middle"
vodafone angebot handy,"Navigational, Transactional",34,390,47,2.27,"Sitelinks, Reviews, People also ask, Related searches, Popular products"
vodafone mobil tarife,Transactional,34,390,50,2.40,"Reviews, People also ask, Related searches"
vodafone neues handy,"Navigational, Transactional",30,390,33,2.60,"Reviews, People also ask, Related searches, Ads top, Ads bottom"
vodafone tarife festnetz und internet für bestandskunden,"Informational, Transactional",38,390,36,0.87,"AI Overview, Reviews, People also ask, Related searches"
waipu alternative,Commercial,31,390,23,0.78,"Sitelinks, AI Overview, Reviews, Video, People also ask, Related searches"
waipu tv stick angebot 1 jahr kostenlos,"Informational, Transactional",38,390,27,0.11,"Reviews, Video, People also ask, Related searches"
waipu tv türk,Transactional,36,390,21,0.15,"AI Overview, Reviews, Image, Video, People also ask, Related searches, Ads top, Ads bottom"
waipu tv türkisch,Transactional,37,390,21,0.12,"Reviews, Video, People also ask, Related searches, Ads top, Ads bottom"
waipu wow,Transactional,28,390,25,0.10,"Reviews, Video, People also ask, Related searches, Ads top, Ads middle"
was ist eine set top box,"Informational, Commercial",44,390,15,0.91,"AI Overview, Reviews, Video, People also ask, Related searches"
was kostet rtl +,"Informational, Commercial",43,390,45,0.99,"AI Overview, Reviews, Video, People also ask, Related searches, Ads top, Ads middle"
welche streaming dienst ist der beste,Commercial,40,390,38,1.56,"Sitelinks, AI Overview, Reviews, Video, Video carousel, People also ask, Related searches"
welches internet bei mir verfügbar,Commercial,42,390,50,2.19,"AI Overview, Reviews, Video, People also ask, Related searches, Ads top, Ads bottom"
winsim handy ohne vertrag,"Informational, Transactional",34,390,23,0.52,"Reviews, People also ask, Related searches, Popular products"
wlan angebote für zuhause,Commercial,42,390,37,3.76,"Reviews, Video, People also ask, Related searches, Ads top, Ads bottom"
wlan anschluss wohnung,"Informational, Commercial",40,390,40,5.17,"AI Overview, Video, Video carousel, People also ask, Related searches, Ads top, Ads middle"
wlan im vergleich,Commercial,36,390,48,7.54,"Reviews, Video, People also ask, Related searches"
wlan kosten,Commercial,36,390,31,1.06,"AI Overview, Reviews, Video, People also ask, Related searches, Ads bottom, Ads middle"
wlan router beste reichweite,Commercial,39,390,29,0.35,"Sitelinks, Reviews, Video, People also ask, Related searches, Popular products"
wlan vergleich anbieter,Commercial,38,390,48,4.94,"Reviews, Video, People also ask, Related searches, Ads top, Ads middle"
wlan vertrag vergleich,Commercial,39,390,54,6.27,"Sitelinks, Reviews, Video, People also ask, Related searches"
wlan verträge,Commercial,42,390,58,0.00,"Reviews, Video, People also ask, Related searches"
wow telekom,"Navigational, Transactional",39,390,30,1.77,"Reviews, People also ask, Related searches"
www winsim de login,"Navigational, Transactional",30,390,33,0.22,"Sitelinks, Reviews, People also ask, Related searches"
1 1 tv,Transactional,40,320,38,0.97,"Reviews, People also ask, Related searches"
1 1tv,Transactional,41,320,35,0.97,"Reviews, Video, People also ask, Related searches"
1 und 1 handyverträge,Commercial,39,320,31,1.10,"Reviews, Video, People also ask, Related searches"
1&1 tv box kaufen,Transactional,46,320,30,0.73,"Reviews, Video, People also ask, Related searches"
1und1 handy angebote,"Navigational, Transactional",37,320,54,0.73,"Sitelinks, Reviews, People also ask, Related searches, Popular products"
2ix2 rtl live,"Navigational, Transactional",36,320,24,0.00,"Sitelinks, Reviews, Video, People also ask, Related searches"
4g sim karte,Commercial,29,320,13,2.01,"Reviews, People also ask, Related searches, Popular products, Ads middle"
4k stick,Commercial,40,320,30,0.61,"Sitelinks, Reviews, Video, Video carousel, People also ask, Related searches, Popular products"
5g netzabdeckung telekom,Transactional,41,320,32,3.49,"AI Overview, Reviews, People also ask, Related searches"
alle serien,Commercial,33,320,40,0.48,"Video, People also ask, Related searches"
alleserien.com,Commercial,32,320,26,0.00,"Reviews, Video, People also ask"
allnet flat günstig,Commercial,40,320,30,3.17,"Reviews, Related searches, Popular products, Ads bottom"
allnet flat mit handy,Commercial,41,320,32,1.94,"Reviews, Video, People also ask, Related searches"
anbieter für telefon und internet,Commercial,43,320,47,1.66,"AI Overview, Reviews, Video, People also ask, Related searches, Ads top, Ads middle"
anbieter internet und telefon,Commercial,42,320,37,1.66,"Reviews, Video, People also ask, Related searches, Ads top, Ads middle"
anbieter telefon und internet,Commercial,44,320,53,1.66,"AI Overview, Reviews, Video, People also ask, Related searches, Ads top, Ads middle"
angebot internet festnetz,Commercial,47,320,46,1.72,"AI Overview, Reviews, Video, People also ask, Related searches, Ads top, Ads middle"
angebote d1 netz,Commercial,40,320,30,1.85,"Sitelinks, AI Overview, Reviews, Video, People also ask, Related searches, Ads bottom"
angebote festnetz internet,Commercial,46,320,54,1.72,"AI Overview, Reviews, People also ask, Related searches, Ads top, Ads middle"
angebote für smartphone mit vertrag,Commercial,37,320,42,1.26,"Reviews, Video, Related searches, Popular products"
angebote o2 vertragsverlängerung,Commercial,36,320,38,1.09,"Sitelinks, AI Overview, Reviews, People also ask, Related searches, Ads top"
angebote smartphone vertrag,Commercial,41,320,49,1.26,"Reviews, Video, People also ask, Related searches, Popular products"
app fernsehprogramm,"Informational, Commercial",40,320,45,0.77,"Reviews, Video, People also ask, Related searches, Ads bottom"
best player iptv,Commercial,46,320,36,0.00,"Sitelinks, AI Overview, Reviews, Video, People also ask, Related searches"
best tv for android box,Commercial,34,320,36,0.33,"Sitelinks, Video, Video carousel, People also ask, Related searches, Popular products"
best tv stick,Commercial,37,320,35,0.59,"Sitelinks, AI Overview, Reviews, Image, Video, Video carousel, People also ask, Related searches"
beste dsl anbieter,Commercial,43,320,43,2.95,"Reviews, Video, People also ask, Related searches"
beste handy angebote mit vertrag,Commercial,39,320,52,1.07,"Reviews, Video, Related searches, Popular products"
beste handynetz deutschland,Commercial,45,320,40,2.01,"AI Overview, Reviews, Video, Video carousel, People also ask, Related searches, Ads bottom, Ads middle"
beste handyvertrag mit handy,Commercial,41,320,49,1.60,"Sitelinks, Reviews, Video, People also ask, Related searches, Popular products, Ads top, Ads middle"
beste handyverträge ohne handy,Commercial,42,320,39,2.65,"Reviews, Video, People also ask, Related searches"
beste internet zu hause,Commercial,42,320,56,2.88,"AI Overview, Reviews, Video, People also ask, Related searches"
beste iptv anbieter,Commercial,62,320,25,0.00,"Sitelinks, AI Overview, Image, Video, Video carousel, People also ask, Related searches"
beste iptv anbieter illegal,"Informational, Commercial",47,320,29,0.00,"Sitelinks, AI Overview, Video, People also ask, Related searches"
beste iptv app,Commercial,48,320,25,0.00,"AI Overview, Reviews, Video, People also ask, Related searches"
beste iptv-anbieter illegal,Commercial,47,320,26,0.00,"AI Overview, Reviews, Video, People also ask, Related searches"
bester anbieter für internet,Commercial,44,320,33,2.73,"AI Overview, Reviews, Video, People also ask, Related searches, Ads top, Ads middle"
bester anbieter internet,Commercial,46,320,38,2.90,"AI Overview, Reviews, Video, Video carousel, People also ask, Related searches"
bester handytarif ohne handy,Commercial,38,320,32,2.66,"Reviews, Video, People also ask, Related searches"
bester iptv,Commercial,65,320,21,0.00,"AI Overview, Video, People also ask, Related searches"
bester telefonanbieter festnetz und internet,Commercial,43,320,40,0.84,"Sitelinks, AI Overview, Reviews, Video, People also ask, Related searches, Ads top, Ads middle"
bestes angebot handy mit vertrag,Commercial,39,320,49,1.38,"Reviews, Video, People also ask, Related searches"
bestes internet zuhause,Commercial,43,320,49,2.88,"AI Overview, Reviews, Video, People also ask, Related searches, Ads top, Ads middle"
bestes mobilfunknetz deutschland,Commercial,43,320,38,2.10,"Sitelinks, AI Overview, Reviews, Video, Video carousel, People also ask, Related searches, Ads middle"
bestes netz in deutschland,Commercial,45,320,35,2.45,"AI Overview, Reviews, Video, Short videos, People also ask, Related searches"
bigsim aktionsdeals,Transactional,46,320,19,0.00,"Reviews, Video, People also ask, Related searches"
bigsim handy-tarife,Transactional,46,320,13,0.00,"Reviews, Related searches"
billige sim karte,Commercial,33,320,38,4.19,"Video, People also ask, Related searches, Popular products"
billige tarife für handy,Commercial,36,320,55,2.28,"Reviews, Video, People also ask, Related searches, Popular products"
billiger handytarif,Commercial,36,320,41,3.47,"AI Overview, Video, People also ask, Related searches"
billigster handytarif,Commercial,36,320,47,3.47,"Video, People also ask, Related searches"
black friday sky,"Informational, Transactional",48,320,35,0.00,"Reviews, Video, People also ask, Related searches"
blau de handyvertrag,Transactional,38,320,44,0.92,"Reviews, Video, People also ask, Related searches, Ads top, Ads middle"
blau de vertrag,"Navigational, Transactional",34,320,42,1.12,"Sitelinks, Reviews, People also ask, Related searches, Ads top, Ads bottom"
d-netz anbieter,"Informational, Commercial",43,320,30,3.03,"AI Overview, Reviews, Video, People also ask, Related searches"
d1 netz angebote,Commercial,39,320,30,1.85,"Sitelinks, AI Overview, Reviews, Video, People also ask, Related searches"
d1 netz handytarife,Commercial,35,320,29,2.23,"Sitelinks, AI Overview, Reviews, Video, People also ask, Related searches, Ads top, Ads middle"
d1 vertrag,Commercial,38,320,31,3.30,"Sitelinks, Reviews, Video, People also ask, Related searches, Ads bottom"
d2 handyvertrag,Commercial,35,320,31,1.97,"Reviews, Video, People also ask, Related searches, Ads top, Ads middle"
daten tarife,Commercial,40,320,26,2.21,"AI Overview, Reviews, People also ask, Related searches"
datenkarte vodafone,Transactional,30,320,49,3.01,"Reviews, Video, People also ask, Related searches"
datentarif günstig,Commercial,41,320,33,2.30,"Reviews, Video, People also ask, Related searches, Popular products"
datenvertrag,Commercial,44,320,49,3.15,"Reviews, Video, People also ask, Related searches"
dazn gleichzeitige streams,"Informational, Transactional",41,320,31,0.00,"AI Overview, Video, Related searches"
deutsch serien,Commercial,38,320,26,0.29,"Sitelinks, Reviews, Image, Video, People also ask, Related searches"
deutsche multimedia service gmbh,Commercial,38,320,16,1.07,"Reviews, People also ask, Local pack, Related searches"
deutsche series,Commercial,37,320,31,0.23,"Instant answer, Video, People also ask, Related searches"
deutsche telekom internet,Transactional,46,320,42,3.79,"AI Overview, Reviews, Video, People also ask, Related searches"
die besten handytarife,Commercial,37,320,51,1.91,"Reviews, Video, People also ask, Related searches"
die besten handyverträge,Commercial,41,320,53,1.94,"Video, People also ask, Related searches"
die besten handyverträge im d1-netz mit handy,Commercial,38,320,29,0.87,"Sitelinks, Video, People also ask, Related searches, Ads bottom"
die günstigsten handytarife,Commercial,37,320,49,1.80,"Reviews, Video, People also ask, Related searches, Ads top, Ads bottom"
dsl 50 mbit,Commercial,40,320,27,2.08,"Reviews, Video, People also ask, Related searches"
dsl angebote mit prämie,Commercial,40,320,10,3.34,"AI Overview, Reviews, Related searches, Ads top, Ads middle"
dsl bestellen,Commercial,42,320,50,19.30,"Reviews, Video, Related searches, Popular products, Ads top, Ads middle"
dsl cable,Commercial,37,320,24,1.85,"Image pack, Video, People also ask, Related searches, Popular products"
dsl in meiner nähe,Transactional,49,320,53,1.04,"Reviews, Video, People also ask, Local pack, Related searches"
dsl internetzugang,"Informational, Commercial",44,320,55,5.45,"AI Overview, Reviews, Video, Video carousel, People also ask, Related searches"
dsl ohne anschlussgebühr,Commercial,49,320,40,4.90,"AI Overview, Reviews, Video, People also ask, Related searches"
dsl preise,Commercial,45,320,55,0.96,"AI Overview, Reviews, Video, People also ask, Related searches, Ads top, Ads bottom"
dsl und telefon,Commercial,43,320,44,2.27,"AI Overview, Reviews, Video, People also ask, Related searches"
dsl verfügbarkeit prüfen unabhängig,Commercial,43,320,36,1.21,"AI Overview, Reviews, Video, People also ask, Related searches, Ads top, Ads bottom"
dsl vs kabel internet,Commercial,37,320,26,2.20,"Sitelinks, AI Overview, Reviews, Video, People also ask, Related searches"
dsl website,Commercial,39,320,74,29.79,"AI Overview, Reviews, Video, People also ask, Related searches, Ads top, Ads middle"
dsl wechseln,Commercial,42,320,32,5.58,"AI Overview, Video, People also ask, Related searches, Ads bottom, Ads middle"
dsl-vergleich,Commercial,45,320,50,3.84,"Sitelinks, Reviews, People also ask, Related searches"
easybox 805 kaufen,Transactional,34,320,21,1.30,"Image, Video, People also ask, Related searches, Ads top, Ads middle"
entertainment sky,"Informational, Transactional",36,320,41,1.52,"AI Overview, Video, People also ask, Related searches, Ads bottom, Ads middle"
fernsehen digital,Commercial,47,320,66,1.94,"Reviews, Video, People also ask, Top stories, Related searches"
fernsehen mit smart tv,Commercial,46,320,30,0.23,"People also ask, Related searches, Popular products"
fernsehen mit tv stick,Commercial,47,320,32,1.18,"Sitelinks, Reviews, Image, Video, Video carousel, People also ask, Related searches"
fernseher integrierter sat receiver,Commercial,37,320,13,0.17,"Video, People also ask, Related searches, Popular products"
fernseher internetfähig,Commercial,46,320,22,0.40,"Reviews, Video, People also ask, Related searches, Popular products"
fernsehn anbieter,"Informational, Commercial",50,320,61,2.32,"AI Overview, Reviews, Video, People also ask, Related searches, Ads top, Ads middle"
fernsehn kostenlos anschauen,Commercial,42,320,49,0.67,"Video, Related searches, Ads top, Ads middle"
festnetz angebote mit internet,Commercial,45,320,34,1.72,"AI Overview, Reviews, People also ask, Related searches"
festnetz im vergleich,Commercial,42,320,45,1.87,"Reviews, Video, People also ask, Related searches"
festnetz internet anschluss,Commercial,44,320,51,1.88,"AI Overview, Reviews, Video, People also ask, Related searches, Ads top, Ads middle"
festnetz und internet tarife,Commercial,46,320,48,0.96,"Sitelinks, Reviews, Video, People also ask, Related searches"
festnetzanschluss internet,Commercial,44,320,58,1.88,"Reviews, Video, People also ask, Related searches, Ads bottom"
festnetztelefon und internet flat,Commercial,41,320,47,1.06,"Reviews, Video, People also ask, Related searches, Ads top, Ads middle"
filme auf rtl plus,Transactional,38,320,38,0.11,"Reviews, Video, People also ask, Related searches, Ads top"
filme und serien auf netflix,"Informational, Transactional",34,320,60,0.61,"Video, People also ask, Related searches"
films from netflix,Transactional,30,320,58,0.00,"Video carousel, People also ask, Related searches"
forum iptv,"Informational, Transactional",45,320,10,0.00,People also ask
fraenk alternative,Commercial,31,320,18,1.47,"AI Overview, Reviews, Video, People also ask, Related searches"
free serien stream,Commercial,38,320,31,0.00,"Sitelinks, Reviews, Video, Related searches"
free tv internet,Commercial,46,320,61,1.22,"AI Overview, Reviews, Video, People also ask, Related searches"
free tv stream online kostenlos fernsehen,Commercial,38,320,45,0.00,"Reviews, Video, People also ask, Related searches"
free tv streamen,Commercial,39,320,62,0.00,"AI Overview, Reviews, Video, People also ask, Top stories, Related searches, Ads bottom"
freenet angebote ohne handy,"Navigational, Transactional",38,320,36,0.30,"Sitelinks, Reviews, People also ask, Related searches"
freenet verträge mit handy,"Navigational, Transactional",36,320,51,0.25,"Reviews, People also ask, Related searches, Ads top, Ads bottom"
freies fernsehen,Commercial,40,320,44,0.53,"Reviews, Video, People also ask, Related searches, Ads top, Ads bottom"
für kabelfernsehen receiver,Commercial,39,320,20,0.46,"Reviews, Video, Video carousel, People also ask, Related searches, Popular products"
german broadband providers,Commercial,43,320,22,3.02,"Sitelinks, AI Overview, Reviews, Video, People also ask, Related searches, Ads bottom, Ads middle"
german internet tv,Commercial,50,320,43,0.64,"Sitelinks, AI Overview, Reviews, Video, People also ask, Related searches, Ads middle"
giga tv senderliste,"Informational, Transactional",40,320,22,1.61,"Reviews, Video, People also ask, Related searches"
glasfaser alternative,Commercial,40,320,30,0.91,"AI Overview, Reviews, Video, People also ask, Related searches, Ads top, Ads bottom"
glasfaser kaufen,Transactional,38,320,21,1.42,"Video, People also ask, Related searches, Popular products"
glasfaser verfügbarkeit prüfen telekom,"Navigational, Transactional",43,320,34,1.27,"Reviews, Video, People also ask, Related searches, Ads bottom"
glasfaser vertrag vergleich,Commercial,44,320,32,1.34,"AI Overview, Reviews, Video, People also ask, Related searches"
glasfaser-tarife vergleich,Commercial,41,320,30,0.90,"Reviews, People also ask, Related searches, Ads top, Ads bottom"
glasfasermodem kaufen,Transactional,42,320,29,0.59,"Image pack, Video, People also ask, Related searches, Popular products"
google tv vs android tv,"Informational, Commercial",30,320,19,0.00,"Sitelinks, AI Overview, Video, Video carousel, People also ask, Related searches"
gute deutsche serien,Commercial,36,320,31,0.00,"Featured snippet, Sitelinks, Video, People also ask, Related searches"
gvg glasfaser kundenportal,"Informational, Transactional",34,320,14,0.00,"Reviews, People also ask, Related searches"
günstig handyvertrag ohne handy,Commercial,39,320,30,3.49,"Reviews, Video, People also ask, Related searches"
günstig internet und tv,Commercial,48,320,42,1.59,"Reviews, Video, People also ask, Related searches, Ads top, Ads bottom"
günstig tv und internet,Commercial,50,320,50,1.43,"Featured snippet, Reviews, Video, People also ask, Related searches"
günstige dsl angebote,Commercial,44,320,43,2.55,"Sitelinks, Reviews, Video, People also ask, Related searches"
günstige handyverträge mit iphone,Commercial,37,320,25,1.65,"Reviews, Video, People also ask, Related searches, Popular products"
günstige handyverträge telekom,Transactional,39,320,49,1.61,"Reviews, Video, People also ask, Related searches"
günstiger datentarif,Commercial,39,320,30,2.30,"Reviews, Video, People also ask, Related searches, Popular products, Ads bottom"
günstiger dsl tarif,"Informational, Commercial",46,320,40,2.14,"Sitelinks, AI Overview, Reviews, Video, Related searches, Ads bottom, Ads middle"
günstiger handy,Commercial,33,320,39,0.72,"Video, People also ask, Related searches, Popular products"
günstiger handytarif mit handy,Commercial,39,320,47,1.33,"People also ask, Related searches"
günstiger internetanschluss,Commercial,46,320,57,2.49,"Reviews, Video, People also ask, Related searches, Ads top, Ads middle"
günstigste handyvertrag,Commercial,39,320,56,3.47,"Reviews, Video, People also ask, Related searches, Ads bottom"
handy allnet flat,Commercial,34,320,32,2.88,"Reviews, Video, People also ask, Related searches"
handy angebote mit vertrag vodafone,Transactional,32,320,55,1.92,"Reviews, People also ask, Related searches, Popular products"
handy auf vertrag bestellen,Commercial,38,320,42,5.80,"Reviews, Video, Related searches"
handy bei vodafone,Transactional,34,320,47,2.63,"Reviews, People also ask, Related searches, Ads top, Ads bottom"
handy bestellen vertrag,Commercial,39,320,40,6.27,"Reviews, Video, Related searches, Popular products"
handy bestes netz,Commercial,40,320,41,2.38,"Sitelinks, AI Overview, Reviews, Video, Short videos, People also ask, Related searches, Ads bottom, Ads middle"
handy bundle selbst zusammenstellen,Commercial,35,320,5,1.26,"Sitelinks, Reviews, Related searches"
handy business tarife,Commercial,35,320,38,6.95,"Reviews, Related searches"
handy günstiger,Commercial,33,320,53,0.93,"Reviews, Video, Related searches, Popular products, Ads top, Ads bottom"
handy mit d netz vertrag,Commercial,37,320,32,4.00,"Video, Related searches, Ads top, Ads middle"
handy mit internet vertrag,Commercial,42,320,56,5.57,"Reviews, Video, People also ask, Related searches, Popular products, Ads top, Ads middle"
handy mit tablet vertrag,Commercial,39,320,18,1.27,"Related searches, Popular products"
handy mit vertrag angebote vodafone,"Navigational, Transactional",32,320,60,1.92,"Reviews, People also ask, Related searches, Popular products"
handy mit vertrag mobilcom debitel,Commercial,35,320,52,1.39,"Reviews, People also ask, Related searches"
handy mit vertrag ohne sim karte,Commercial,32,320,43,2.86,"People also ask, Related searches, Popular products, Ads top, Ads bottom"
handy mit vertrag yourfone,"Navigational, Transactional",33,320,18,0.85,"Sitelinks, Reviews, People also ask, Related searches, Popular products"
handy tablet mit vertrag,Commercial,39,320,21,1.46,"Reviews, People also ask, Related searches, Popular products, Ads bottom"
handy tarif günstig,Commercial,36,320,50,0.00,"People also ask, Related searches"
handy tarif ohne handy,Commercial,38,320,29,3.64,"Reviews, Video, People also ask, Related searches"
handy vertrag vergleichen,Commercial,38,320,56,2.62,"Sitelinks, Reviews, Video, Related searches, Ads top"
handy verträge vergleichen,Commercial,38,320,46,3.19,"Sitelinks, Reviews, Video, Related searches, Ads top, Ads middle"
handyanbieter vergleich,Commercial,35,320,60,2.36,"AI Overview, Reviews, Video, People also ask, Related searches, Ads top, Ads bottom"
handys mit vertrag günstig,Commercial,38,320,56,3.27,"Reviews, Video, People also ask, Related searches"
handytarife geschäftskunden,Commercial,38,320,34,8.80,"Reviews, People also ask, Related searches, Ads top, Ads bottom"
handytarife o2 ohne handy,Commercial,34,320,55,0.46,"Reviews, Video, People also ask, Related searches, Ads top, Ads bottom"
handytarife ohne handy vodafone,Commercial,37,320,39,2.06,"Reviews, People also ask, Related searches, Ads top, Ads middle"
handytarife vergleichen ohne handy,Commercial,35,320,39,2.59,"Reviews, People also ask, Related searches, Ads top, Ads bottom"
handytv,"Navigational, Commercial",47,320,25,0.49,"Sitelinks, Reviews, Video, People also ask, Related searches, Ads top, Ads middle"
handyvergleich tarife,Commercial,37,320,54,2.37,"Reviews, Video, Related searches"
handyvertrag angebote vodafone,Transactional,36,320,50,2.37,"Reviews, Video, People also ask, Related searches, Popular products, Ads top, Ads bottom"
handyvertrag bundle,Commercial,36,320,21,1.35,Related searches
handyvertrag d netz,"Informational, Commercial",40,320,29,3.39,"AI Overview, Reviews, Video, People also ask, Related searches"
handyvertrag deal,Commercial,37,320,49,1.22,"Reviews, Video, Related searches"
handyvertrag im vergleich ohne handy,Commercial,37,320,30,3.69,"Reviews, Video, People also ask, Related searches"
handyvertrag junge leute,Commercial,40,320,27,0.00,"Reviews, Related searches, Ads top, Ads bottom"
handyvertrag mit smartphone,Commercial,40,320,40,2.43,"Reviews, Video, Related searches, Popular products, Ads bottom"
handyvertrag mit zugabe,Commercial,40,320,23,1.08,"Reviews, Related searches"
handyvertrag preisvergleich,Commercial,41,320,50,3.31,"Reviews, Video, People also ask, Related searches, Ads bottom"
handyvertrag schweiz,Commercial,36,320,49,2.32,"Reviews, Video, People also ask, Related searches"
handyvertrag vergleichen,Commercial,38,320,57,2.62,"Sitelinks, Reviews, Video, Related searches"
handyvertrag welcher anbieter,"Informational, Commercial",39,320,61,3.66,"AI Overview, Reviews, Video, People also ask, Related searches"
handyvertrage,Commercial,40,320,64,4.15,"Reviews, Video, People also ask, Related searches, Popular products"
handyverträge ohne handy im vergleich,Commercial,39,320,43,3.69,"Reviews, Video, People also ask, Related searches"
haus internet,Commercial,43,320,56,3.60,"Reviews, Video, People also ask, Related searches"
internet and tv,Commercial,48,320,34,2.20,"AI Overview, Reviews, Video, People also ask, Related searches, Ads top, Ads middle"
internet angebote im vergleich,Commercial,43,320,44,2.39,"Sitelinks, Reviews, Video, Related searches"
internet anschluss wohnung,Commercial,43,320,43,6.30,"Reviews, Video, Video carousel, People also ask, Related searches"
internet buchen,Commercial,43,320,57,8.01,"AI Overview, Video, People also ask, Related searches"
internet dsl anschluss,"Informational, Commercial",45,320,58,6.31,"AI Overview, Reviews, Video, Video carousel, People also ask, Related searches"
internet flat für zuhause,Commercial,42,320,50,2.58,"AI Overview, Reviews, Video, People also ask, Related searches, Ads bottom"
internet glasfaser vergleich,Commercial,41,320,28,1.92,"Sitelinks, Reviews, Video, People also ask, Related searches, Ads top, Ads bottom"
internet kabel verfügbarkeit,Commercial,45,320,40,1.60,"AI Overview, Reviews, Video, People also ask, Related searches, Ads top, Ads middle"
internet köln,"Navigational, Commercial",41,320,28,5.02,"Sitelinks, Reviews, Video, People also ask, Related searches, Ads top, Ads middle"
internet mit festnetz angebote,Commercial,46,320,45,1.93,"Reviews, People also ask, Related searches, Ads top, Ads middle"
internet mit telefonanschluss,Commercial,41,320,41,2.28,"AI Overview, Reviews, Video, People also ask, Related searches, Ads top, Ads bottom"
internet preise,Transactional,45,320,57,1.11,"Reviews, Video, People also ask, Related searches"
internet receiver,Commercial,38,320,19,2.01,"Sitelinks, Reviews, Video, People also ask, Related searches, Popular products"
internet stick für fernseher,Commercial,48,320,30,1.21,"Sitelinks, Reviews, Video, People also ask, Related searches, Popular products, Ads bottom"
internet tarife zuhause,Commercial,46,320,60,2.74,"AI Overview, Reviews, Video, People also ask, Related searches"
internet telekom verfügbarkeit,Commercial,49,320,21,2.91,"Reviews, People also ask, Related searches, Ads top, Ads bottom"
internet tv anbieter vergleich,Commercial,54,320,40,1.58,"Sitelinks, AI Overview, Reviews, Video, People also ask, Related searches, Ads top, Ads bottom"
internet tv stick,Commercial,48,320,28,1.22,"Sitelinks, Reviews, Video, People also ask, Related searches, Popular products"
internet und fernsehen telekom,Transactional,45,320,49,1.80,"Reviews, Video, People also ask, Related searches"
internet und festnetz vergleich,Commercial,42,320,55,1.62,"Sitelinks, AI Overview, Reviews, Video, Related searches"
internet und kabelfernsehen,Commercial,45,320,50,1.62,"AI Overview, Reviews, Video, People also ask, Related searches, Ads top, Ads bottom"
internet und telefon flat festnetz,Commercial,43,320,36,0.92,"Reviews, People also ask, Related searches"
internet vertrag für handy,Commercial,45,320,52,5.57,"AI Overview, Reviews, Video, People also ask, Related searches"
internet zuhause tarife,Commercial,46,320,54,2.27,"AI Overview, Reviews, Video, Related searches, Ads top, Ads middle"
internet über kabelanbieter,Commercial,43,320,34,2.97,"Reviews, People also ask, Related searches"
internetanbieter vergleichen,Commercial,39,320,49,3.97,"Reviews, Video, People also ask, Related searches, Ads top, Ads middle"
internetanschluss angebote,Commercial,44,320,49,2.94,"AI Overview, Reviews, Video, People also ask, Related searches, Ads top, Ads bottom"
internetfernsehen kostenlos,"Informational, Commercial",43,320,44,0.58,"AI Overview, Reviews, Video, People also ask, Related searches, Ads bottom, Ads middle"
internetflat,Commercial,39,320,30,3.84,"Reviews, Video, People also ask, Related searches"
iptv for smart,"Informational, Transactional",58,320,27,1.22,"AI Overview, Reviews, Video, Video carousel, Related searches"
iptv for windows,Commercial,46,320,41,0.00,"Video, Video carousel, People also ask, Related searches"
iptv free terial,"Informational, Commercial",48,320,8,0.00,"Sitelinks, Video, Video carousel, People also ask, Related searches"
iptv-anbieter vergleich,Commercial,62,320,38,0.00,"Sitelinks, AI Overview, Video, People also ask, Related searches"
kabel 1 kostenlos streamen,Commercial,42,320,30,0.57,"Sitelinks, People also ask, Related searches"
kabel 1 live kostenlos,Transactional,40,320,45,0.36,"Sitelinks, AI Overview, Reviews, Video, People also ask, Related searches"
kabel eins heute,Commercial,41,320,29,0.35,"Video, People also ask, Related searches"
kabel internet vs dsl,Commercial,37,320,19,2.35,"Sitelinks, AI Overview, Image pack, Video, Video carousel, People also ask, Related searches"
kabel1 programm heute,Commercial,35,320,26,0.32,"People also ask, Related searches"
kabelrouter kaufen,Transactional,43,320,25,1.54,"Reviews, Image, People also ask, Related searches, Popular products"
klarmobil geschäftskunden,Transactional,36,320,38,6.21,"AI Overview, Reviews, People also ask, Related searches, Ads top, Ads bottom"
kleine smart tv mit wlan,Commercial,41,320,23,0.13,"Reviews, People also ask, Related searches, Popular products"
kostenlos fernseh gucken,Commercial,41,320,39,0.72,"AI Overview, Reviews, Video, People also ask, Related searches"
kostenlos live stream fernsehen,Commercial,42,320,57,0.90,"Reviews, Image, Video, People also ask, Top stories, Related searches"
kostenlos tv ansehen,Commercial,44,320,43,0.48,"Reviews, Video, People also ask, Related searches"
kostenlos tv sehen,Commercial,41,320,41,0.41,"Reviews, Video, People also ask, Related searches"
kostenlose streamen,Commercial,40,320,45,0.77,"Reviews, Video, People also ask, Related searches"
liste serien netflix,Commercial,32,320,39,0.03,"Sitelinks, Video, People also ask, Related searches"
live rtl schauen kostenlos,Commercial,42,320,38,0.99,"AI Overview, Reviews, Video, People also ask, Related searches, Ads top, Ads bottom"
live stream kostenlos ohne anmeldung,"Navigational, Transactional",37,320,59,0.41,"Sitelinks, Reviews, Video, Related searches"
live tv ohne anmeldung,"Navigational, Transactional",38,320,45,1.00,"Sitelinks, Video, People also ask, Related searches"
livestream kabel 1,Commercial,39,320,44,0.41,"Reviews, Video, People also ask, Related searches"
livestream rtl 2,Commercial,41,320,41,1.02,"Reviews, Video, Related searches"
magenta dazn angebot,Transactional,49,320,31,1.58,"Reviews, Video, People also ask, Related searches, Ads top"
magenta stick kaufen,Transactional,40,320,27,0.20,"Reviews, People also ask, Related searches, Popular products, Ads top, Ads middle"
magenta tv tarife übersicht,"Navigational, Commercial",47,320,30,1.97,"Sitelinks, Reviews, Video, People also ask, Related searches"
magenta tv wm,"Informational, Commercial",48,320,26,4.35,"Reviews, Video, People also ask, Top stories, Related searches"
magentasport buchen,Transactional,35,320,36,1.91,"Reviews, Video, People also ask, Related searches, Ads top"
magentatv app freischalten,Commercial,41,320,25,2.61,"Reviews, Video, People also ask, Related searches"
mobil shop,Commercial,31,320,61,2.64,"Reviews, Video, Local pack, Related searches, Ads middle"
mobil vertrag ohne handy,Commercial,38,320,38,4.71,"AI Overview, Reviews, People also ask, Related searches, Ads top"
mobilcom debitel handy vertrag,Commercial,36,320,40,1.95,"AI Overview, Reviews, Related searches"
mobilfunkvertrag vergleichen,Commercial,40,320,58,2.90,"Sitelinks, Reviews, Video, Related searches"
mobilfunkverträge ohne handy,Commercial,38,320,34,4.30,"Sitelinks, Reviews, Video, People also ask, Related searches, Popular products"
mobilfunkverträge vergleichen,Commercial,41,320,60,2.90,"Reviews, Video, People also ask, Related searches"
modem internet,Commercial,38,320,32,0.00,"Reviews, Video, People also ask, Related searches, Popular products"
movies online netflix,"Navigational, Transactional",31,320,95,0.00,"Video, People also ask, Related searches"
netflix account kaufen,Transactional,40,320,32,0.46,"Reviews, Video, People also ask, Related searches"
netflix cenas,"Navigational, Transactional",48,320,55,1.30,"Reviews, Video, People also ask, Related searches"
netflix katalog,Transactional,37,320,60,1.55,"People also ask, Related searches"
netflix kosten deutschland,"Informational, Transactional",48,320,48,0.46,"AI Overview, Reviews, Video, People also ask, Related searches"
netflix prem,"Informational, Transactional",37,320,45,1.33,"AI Overview, Reviews, People also ask, Related searches"
netflix premium-abo,"Informational, Transactional",41,320,57,2.00,"AI Overview, Reviews, Video, People also ask, Related searches"
netflix programm heute,"Informational, Transactional",35,320,58,0.00,"Video, People also ask, Related searches"
netflix registrieren kostenlos,"Navigational, Transactional",45,320,64,2.67,"AI Overview, Video, People also ask, Related searches, Ads bottom"
netflix standard-abo,"Informational, Transactional",37,320,49,2.09,"AI Overview, Reviews, Video, People also ask, Related searches"
netzabdeckung prüfen,Commercial,40,320,39,1.09,"People also ask, Related searches, Ads top"
netzabdeckung von vodafone,Commercial,47,320,28,1.55,"Video, People also ask, Related searches, Ads top, Ads bottom"
neues handy mit vertrag,Commercial,39,320,46,1.82,"Reviews, Video, People also ask, Related searches"
neues handy telekom,"Navigational, Transactional",38,320,38,2.57,"Reviews, People also ask, Related searches"
norton telekom login,"Navigational, Transactional",31,320,25,0.00,Related searches
nur internet zu hause,"Informational, Commercial",44,320,39,1.50,"AI Overview, Reviews, Video, People also ask, Related searches, Ads top, Ads middle"
nydus tv rtl,"Navigational, Transactional",40,320,29,0.66,"Sitelinks, Reviews, Related searches"
o2 handytarife ohne handy,Commercial,34,320,50,0.46,"Reviews, Video, People also ask, Related searches, Ads bottom"
o2 tv und internet,Commercial,42,320,43,0.95,"Reviews, People also ask, Related searches, Ads top, Ads middle"
o2 vertragsverlängerung mit handy,Commercial,35,320,30,1.38,"AI Overview, Reviews, People also ask, Related searches, Ads top"
online fernsehen anbieter,Commercial,51,320,37,2.76,"AI Overview, Reviews, Video, People also ask, Related searches, Ads top, Ads bottom"
online handyvertrag,Commercial,41,320,54,16.08,"AI Overview, Reviews, Video, Related searches"
online stream serien kostenlos,Commercial,41,320,41,0.67,"Sitelinks, Reviews, Video, People also ask, Related searches"
online tv 2,Commercial,39,320,25,1.03,"Reviews, Video, Video carousel, Related searches"
online tv anbieter,"Informational, Commercial",53,320,37,2.82,"AI Overview, Reviews, Video, People also ask, Related searches"
partner sim karte,Commercial,38,320,31,3.83,"Reviews, Video, People also ask, Related searches"
partnervertrag handy,Commercial,40,320,45,1.61,"Reviews, Video, People also ask, Related searches, Ads top"
preis 24,Commercial,33,320,65,1.42,"Video, Related searches"
preis glasfaser,Transactional,40,320,45,0.66,"Reviews, Video, People also ask, Related searches"
preis24,Commercial,37,320,14,1.42,"AI Overview, Reviews, Video, Related searches"
preise sky abo,Transactional,40,320,39,0.59,"AI Overview, Reviews, Video, People also ask, Related searches, Ads top, Ads bottom"
preisvergleich handytarife,Commercial,41,320,50,3.17,"Sitelinks, Reviews, Video, People also ask, Related searches"
preisvergleich handyvertrag,Commercial,44,320,59,2.87,"Reviews, Video, People also ask, Related searches, Popular products"
prepaid vergleich mit handy,Commercial,36,320,46,2.22,"Reviews, Video, People also ask, Related searches, Popular products, Ads top, Ads middle"
program tv online live,Commercial,34,320,62,1.42,"Video, Related searches"
ps5 handyvertrag,Commercial,34,320,12,1.16,Related searches
router dsl modem,Commercial,38,320,32,1.34,"Sitelinks, Reviews, Video, Video carousel, People also ask, Related searches, Popular products, Ads middle"
router mit modem,Commercial,41,320,29,0.95,"Sitelinks, Reviews, Video, People also ask, Related searches, Popular products"
rtl + mediathek,"Informational, Transactional",42,320,73,0.19,"Reviews, Video, People also ask, Related searches"
rtl aktuell live stream kostenlos,"Navigational, Transactional",42,320,57,0.44,"Video, People also ask, Related searches"
rtl aktuell stream,"Informational, Transactional",42,320,47,0.00,"Reviews, Video, People also ask, Knowledge panel, Related searches"
rtl gestern,"Informational, Transactional",36,320,61,0.00,"Sitelinks, Video, People also ask, Related searches"
rtl ive,"Navigational, Transactional",40,320,70,0.47,"Reviews, Video, People also ask, Top stories, Related searches"
rtl jetzt im tv,Commercial,37,320,44,0.00,"Video, People also ask, Related searches"
rtl kostenlos online,Commercial,42,320,51,1.13,"Reviews, Video, People also ask, Related searches"
rtl live deutschland,"Navigational, Transactional",45,320,58,0.62,"Reviews, Video, People also ask, Related searches"
rtl live kostenlos ohne anmelden,"Navigational, Transactional",40,320,57,0.87,"Reviews, Video, Related searches"
rtl live kostenlos streamen,Commercial,42,320,51,1.06,"Sitelinks, Reviews, Video, People also ask, Related searches, Ads middle"
rtl live stream hd,"Navigational, Transactional",44,320,43,1.08,"Sitelinks, Reviews, Video, People also ask, Related searches"
rtl mediathek heute,Transactional,37,320,71,0.13,"People also ask, Related searches"
rtl online schauen kostenlos,Commercial,41,320,55,1.08,"Sitelinks, AI Overview, Reviews, Video, People also ask, Related searches"
rtl plus heute,"Navigational, Transactional",41,320,59,0.23,"Sitelinks, Reviews, Video, People also ask, Related searches"
rtl plus.com/buchen,"Navigational, Transactional",41,320,42,1.42,"Reviews, Video, People also ask, Ads top, Ads middle"
rtl programm gestern anschauen,"Informational, Transactional",35,320,38,0.46,"Reviews, Video, People also ask, Related searches"
rtl stream live online,Commercial,43,320,38,0.70,"AI Overview, Video, People also ask, Related searches, Ads middle"
rtl strem,"Navigational, Transactional",39,320,54,0.81,"Reviews, Video, People also ask, Top stories, Related searches, Ads top, Ads bottom"
rtl up kostenlos live,Transactional,51,320,32,0.69,"Reviews, Video, People also ask, Related searches"
rtl up live stream,"Navigational, Transactional",40,320,42,0.65,"Sitelinks, Reviews, Video, People also ask, Related searches"
rtl up stream,"Navigational, Transactional",42,320,50,0.87,"Reviews, Video, People also ask, Related searches"
rtl2 gucken kostenlos,Commercial,42,320,30,1.35,"Reviews, Video, People also ask, Related searches"
rtl2 live tv,Commercial,40,320,48,0.70,"AI Overview, Reviews, Video, People also ask, Related searches"
rtlmediathek,Commercial,39,320,52,0.19,"Reviews, Video, People also ask, Related searches, Ads top, Ads bottom"
rtlplus.com/buchen,"Navigational, Transactional",40,320,36,1.90,"Reviews, Video, People also ask, Ads top, Ads bottom"
rtltv,Transactional,37,320,71,0.44,"Reviews, Video, People also ask, Knowledge panel, Related searches, Ads middle"
s to serien stream,Commercial,36,320,33,0.62,"Reviews, Video, People also ask, Related searches"
satellite tv tv,Commercial,42,320,21,1.39,"Reviews, Video, Video carousel, People also ask, Knowledge panel, Related searches"
saturn handyverträge,"Informational, Transactional",34,320,53,1.13,"Reviews, Video, People also ask, Related searches"
serie streaming,Commercial,36,320,43,1.13,"Reviews, Image, Video, Related searches"
serie thrillers,"Informational, Commercial",28,320,35,0.03,"Featured snippet, Video, People also ask, Related searches"
serien auf netflix liste,Commercial,33,320,44,0.03,"Sitelinks, AI Overview, Video, People also ask, Related searches"
serien bei netflix liste,Commercial,36,320,38,0.03,"AI Overview, People also ask, Related searches"
serien gucken kostenlos,Commercial,38,320,52,0.60,"Sitelinks, Reviews, People also ask, Related searches"
serien jugendliche,Commercial,32,320,25,0.00,"AI Overview, Image, Video, People also ask, Related searches"
serien kostenlos gucken,Commercial,35,320,52,0.60,"Sitelinks, Reviews, Video, Related searches"
serien und filme auf netflix,"Informational, Transactional",34,320,63,0.64,"Video, People also ask, Top stories, Related searches"
serienstream. io,Commercial,47,320,28,0.98,"Sitelinks, AI Overview, Reviews, Video, People also ask, Related searches"
sim de anrufen,"Navigational, Transactional",31,320,22,4.02,Related searches
sim karte billig,Commercial,34,320,56,4.19,"Reviews, Video, People also ask, Related searches, Popular products, Ads top, Ads bottom"
sim karte mit internet flat,Commercial,38,320,32,3.52,"Reviews, Video, People also ask, Related searches"
sim karte online,Commercial,31,320,28,8.39,"Reviews, Video, People also ask, Related searches, Ads top"
sim karte vergleich,Commercial,35,320,54,4.26,"Reviews, Video, People also ask, Related searches"
sim only deals,Commercial,26,320,42,2.96,"Reviews, Video, People also ask, Related searches, Popular products, Ads top, Ads bottom"
sim shop near me,Commercial,26,320,31,1.69,"Reviews, Video, People also ask, Local pack, Related searches, Ads middle"
sim-karte kaufen,Transactional,34,320,45,5.97,"People also ask, Related searches, Popular products"
site sky tv,"Navigational, Transactional",0,320,100,1.12,"Reviews, Video, People also ask, Related searches"
siy,"Navigational, Commercial",31,320,39,0.00,"Sitelinks, Reviews, Video, People also ask, Top stories, Related searches"
sky angebote neukunden media markt,"Informational, Commercial",39,320,29,0.00,"AI Overview, Reviews, Video, People also ask, Related searches"
sky app download,Transactional,37,320,52,0.75,"Reviews, People also ask, Related searches"
sky buchen,"Navigational, Transactional",41,320,46,0.71,"Sitelinks, Reviews, Video, People also ask, Related searches"
sky go anmelden,"Navigational, Transactional",42,320,46,1.22,"AI Overview, Reviews, Video, People also ask, Related searches"
sky kaufen,"Navigational, Transactional",39,320,39,0.81,"Sitelinks, Reviews, Video, People also ask, Related searches, Popular products"
sky komplettpaket,"Informational, Transactional",34,320,35,1.66,"Reviews, Image, Video, People also ask, Related searches"
sky online sky go,"Navigational, Transactional",37,320,53,0.52,"AI Overview, Reviews, Video, People also ask, Related searches"
sky player online,"Navigational, Transactional",38,320,55,1.03,"People also ask, Related searches"
sky tv student,Transactional,31,320,43,0.00,"Reviews, Video, People also ask, Related searches"
sky/wow,"Navigational, Commercial",37,320,52,0.33,"Sitelinks, Reviews, Video, People also ask, Related searches"
smartphone angebote mit vertrag,Commercial,39,320,52,1.26,"Reviews, Video, People also ask, Related searches, Popular products"
smartphone telekom,Transactional,38,320,37,2.08,"Reviews, People also ask, Related searches, Popular products, Ads top"
smartphone vertrag angebote,Commercial,40,320,57,1.26,"Reviews, Video, People also ask, Related searches, Popular products, Ads top, Ads middle"
smat tv,Commercial,32,320,34,0.24,"Video, Video carousel, People also ask, Related searches"
stick für internet tv,Commercial,47,320,26,1.21,"Sitelinks, Reviews, Video, People also ask, Related searches, Popular products"
stick tv android,Commercial,43,320,24,0.50,"Sitelinks, Reviews, Video, Video carousel, People also ask, Related searches, Popular products"
streaming anbieter vergleich,Commercial,47,320,36,1.84,"AI Overview, Reviews, Video, People also ask, Related searches"
streaming bundles,Commercial,44,320,36,1.68,"AI Overview, Reviews, Video, People also ask, Related searches, Ads top, Ads middle"
super rtl livestream joyn,Transactional,40,320,56,0.57,"Reviews, Video, People also ask, Related searches"
t online internet,"Informational, Transactional",37,320,43,0.67,"Reviews, People also ask, Related searches"
tablet handy mit vertrag,Commercial,39,320,18,1.46,"Reviews, Related searches, Popular products, Ads bottom"
tablet mit vertrag günstig,Commercial,40,320,20,1.72,"Reviews, People also ask, Related searches, Popular products"
tablet zum handyvertrag,Commercial,39,320,22,1.38,"Reviews, People also ask, Related searches, Popular products"
tarif handy,"Informational, Commercial",35,320,62,3.21,"Reviews, Video, People also ask, Related searches"
tarif ohne handy,Commercial,38,320,33,3.30,"Reviews, Video, People also ask, Related searches, Popular products"
tarif vergleich,Commercial,37,320,50,2.10,"Reviews, Video, People also ask, Related searches, Ads top, Ads bottom"
tarife für handy,Commercial,38,320,68,3.21,"AI Overview, Reviews, Video, People also ask, Related searches, Ads top, Ads middle"
tarife im d netz,Commercial,41,320,29,2.69,"Sitelinks, AI Overview, Reviews, Video, People also ask, Related searches"
tarifvergleich dsl,Commercial,45,320,47,3.05,"Sitelinks, Reviews, Video, Related searches"
tarifvergleich mobilfunk,Commercial,41,320,50,2.88,"Reviews, Video, Related searches"
telefon und internet flat festnetz,Commercial,43,320,40,0.92,"Reviews, People also ask, Related searches"
telefon und internet vergleich,Commercial,40,320,52,1.71,"Sitelinks, Reviews, Video, People also ask, Related searches"
telefon und internet-flat festnetz,Commercial,42,320,38,0.92,"Reviews, People also ask, Related searches"
telefonanschluss internet,"Informational, Commercial",45,320,40,2.28,"AI Overview, Reviews, Video, People also ask, Related searches, Ads top, Ads middle"
telefontarife handy,Commercial,40,320,56,2.08,"Reviews, Video, People also ask, Related searches, Popular products"
telekom adresse prüfen,"Navigational, Transactional",42,320,27,0.57,"Reviews, People also ask, Related searches"
telekom anbieter,Commercial,43,320,46,1.72,"Reviews, Video, People also ask, Related searches"
telekom handy tarife ohne handy,"Informational, Transactional",38,320,25,1.29,"Reviews, Video, People also ask, Related searches"
telekom handyvertrag günstig,Commercial,40,320,40,1.61,"Reviews, Video, People also ask, Related searches"
telekom internetvertrag,Transactional,44,320,43,2.87,"Reviews, People also ask, Related searches"
telekom rtl+,"Navigational, Transactional",44,320,29,4.65,"Reviews, People also ask, Related searches"
telekom sim karte vertrag,"Informational, Transactional",40,320,50,3.30,"People also ask, Related searches, Ads top, Ads bottom"
telekom sport paket,"Navigational, Transactional",41,320,54,1.30,"Reviews, Video, People also ask, Related searches"
telekom streaming,"Navigational, Transactional",51,320,50,3.12,"Reviews, Video, People also ask, Related searches"
telekom tarif mit handy,Transactional,40,320,47,1.19,"Reviews, People also ask, Related searches"
telekom tv angebote,"Navigational, Commercial",45,320,41,2.77,"Sitelinks, Reviews, People also ask, Related searches"
telekom tv pakete,"Navigational, Transactional",52,320,64,2.10,"Sitelinks, Reviews, Video, People also ask, Related searches"
telekom verfuegbarkeit,Transactional,46,320,20,3.16,"Reviews, Related searches"
top box,"Informational, Commercial",33,320,13,0.00,"Reviews, Video, People also ask, Related searches, Popular products"
top handy angebote,Commercial,36,320,38,0.89,"Reviews, Video, People also ask, Related searches, Popular products, Ads top, Ads middle"
tv box alle sender kostenlos,Commercial,45,320,41,0.73,"Reviews, Video, People also ask, Related searches, Popular products"
tv box test,Commercial,36,320,36,0.32,"Sitelinks, Reviews, Video, Video carousel, People also ask, Related searches, Ads bottom"
tv im internet schauen,Commercial,47,320,53,1.50,"AI Overview, Reviews, Video, People also ask, Related searches, Ads top, Ads bottom"
tv internet vergleich,Commercial,48,320,39,1.74,"Sitelinks, Reviews, Video, People also ask, Related searches"
tv kabelanbieter,Commercial,44,320,35,1.40,"AI Overview, Reviews, Video, People also ask, Related searches, Ads top, Ads bottom"
tv kostenlos sehen,Commercial,41,320,46,0.45,"Reviews, Video, People also ask, Related searches"
tv live streamen,Commercial,43,320,59,0.77,"Reviews, Video, Top stories, Related searches, Ads middle"
tv programm sportdigital,"Navigational, Transactional",40,320,22,0.81,"People also ask, Related searches"
tv stick fernsehen,Commercial,47,320,25,1.08,"Sitelinks, Reviews, Video, Video carousel, People also ask, Related searches, Popular products"
tv und internet günstig,Commercial,45,320,40,1.43,"Sitelinks, Reviews, Video, People also ask, Related searches"
tv with android tv,"Informational, Transactional",45,320,31,0.37,"Video, Video carousel, People also ask, Knowledge panel, Related searches, Popular products"
tv-box,Commercial,45,320,30,2.10,"Reviews, Video, People also ask, Related searches, Popular products"
türkische sender,"Informational, Commercial",39,320,21,2.77,"AI Overview, Reviews, Image, Video, People also ask, Related searches"
unlimited datenvolumen ohne vertrag,Commercial,38,320,24,2.33,"AI Overview, People also ask, Related searches"
unlimited datenvolumen vertrag,Commercial,41,320,42,3.65,"Reviews, Video, Related searches"
up iptv,Commercial,44,320,3,1.62,"People also ask, Related searches"
verfügbarkeit kabel internet,Commercial,45,320,24,1.86,"Reviews, Video, People also ask, Related searches, Ads top, Ads bottom"
vergleich dsl vertrag,Commercial,42,320,48,4.25,"Sitelinks, Reviews, Video, People also ask, Related searches, Ads top, Ads middle"
vergleich handyvertrag ohne handy,Commercial,37,320,28,3.69,"Reviews, Video, People also ask, Related searches"
vergleich internet tv,Commercial,51,320,39,1.77,"Sitelinks, Reviews, Video, People also ask, Related searches, Ads top, Ads bottom"
vergleich tv anbieter,Commercial,49,320,34,1.36,"Sitelinks, Reviews, Video, People also ask, Related searches"
vertrag handy internet,Commercial,44,320,59,5.57,"AI Overview, Reviews, Video, People also ask, Related searches, Ads top, Ads middle"
vertrag handy mit tablet,Commercial,37,320,21,1.46,"Reviews, People also ask, Related searches, Popular products, Ads bottom"
vertrag handy tablet,Commercial,38,320,21,1.46,"Reviews, People also ask, Related searches, Popular products"
vertrag internet handy,Commercial,46,320,56,5.57,"AI Overview, Reviews, Video, People also ask, Related searches"
vertrag mit fernseher,Commercial,42,320,10,2.60,"Reviews, Related searches"
vertrag trotz schufa mit handy,Commercial,30,320,15,4.15,"Reviews, People also ask, Related searches, Popular products"
vodafone abdeckung,"Informational, Transactional",42,320,36,1.90,"Reviews, Image pack, Video, People also ask, Related searches, Popular products"
vodafone handy angebote mit vertrag,Transactional,32,320,53,1.92,"Reviews, Video, People also ask, Related searches, Popular products"
vodafone kabel senderliste,"Informational, Transactional",33,320,32,0.00,"Reviews, Video, People also ask, Related searches, Ads bottom"
vodafone neuer vertrag,"Informational, Transactional",34,320,32,3.39,"AI Overview, Reviews, Video, Related searches"
vodafone senderliste pdf,"Informational, Transactional",28,320,43,0.00,"AI Overview, Reviews, People also ask, Related searches"
vodafone smartphone mit vertrag,Transactional,34,320,46,2.69,"Reviews, Video, People also ask, Related searches, Popular products, Ads bottom"
vodafone tarif ohne handy,Commercial,34,320,50,2.07,"AI Overview, Reviews, People also ask, Related searches"
vodafone tv senderliste,Transactional,38,320,41,0.00,"Reviews, People also ask, Related searches"
vodafone verträge mit handy,Transactional,35,320,46,2.72,"Reviews, Video, People also ask, Related searches, Ads top, Ads bottom"
vox live 2ix2,"Navigational, Transactional",33,320,33,0.00,"Sitelinks, Reviews, People also ask, Related searches"
waipu tv fernbedienung anleitung,"Informational, Transactional",35,320,25,0.00,"AI Overview, Reviews, Image, Image pack, Video, Video carousel, People also ask, Related searches"
was kostet ein router,"Informational, Commercial",41,320,30,0.35,"Video, People also ask, Related searches, Popular products"
waypu,"Navigational, Commercial",31,320,50,0.09,"Sitelinks, Video, People also ask, Top stories, Related searches, Ads top"
web magenta tv,"Informational, Transactional",40,320,57,5.00,"AI Overview, Reviews, Video, People also ask, Related searches"
web2 magenta tv,Commercial,42,320,38,0.00,"Video, People also ask, Related searches"
welche internetanbieter ist am besten,Commercial,42,320,42,2.11,"Reviews, Video, People also ask, Related searches"
welcher internetanbieter ist am besten,Commercial,40,320,30,2.11,"AI Overview, Reviews, Video, Video carousel, People also ask, Related searches, Ads bottom"
welcher internetanbieter ist der beste in meiner straße,Commercial,42,320,45,1.89,"AI Overview, Reviews, Video, People also ask, Related searches, Ads bottom"
winsim login servicewelt,"Navigational, Transactional",31,320,27,0.00,"Sitelinks, Reviews, People also ask, Related searches"
wireless router router,Commercial,34,320,36,1.34,"Reviews, Image pack, Video, Video carousel, People also ask, Related searches, Popular products"
wlan anbieter günstig,Commercial,42,320,38,3.90,"Reviews, Video, People also ask, Related searches, Popular products"
wlan beantragen,Commercial,33,320,38,11.92,"AI Overview, Reviews, Video, People also ask, Related searches, Ads top, Ads middle"
wlan kabelrouter,Commercial,36,320,28,3.30,"Reviews, Image pack, Video, People also ask, Related searches, Popular products, Ads top, Ads bottom"
wlan router kabelanschluss,Commercial,37,320,24,2.55,"Reviews, Video, People also ask, Related searches, Popular products"
wlan tarif,Commercial,38,320,57,4.37,"AI Overview, Reviews, Video, People also ask, Related searches"
wlan tv stick,Commercial,40,320,28,0.74,"Sitelinks, Reviews, Image, Video, People also ask, Related searches"
wow bundesliga tagesticket,Commercial,36,320,20,0.76,"Reviews, Video, People also ask, Related searches"
wow tv programm,Commercial,39,320,29,0.68,"Reviews, Video, People also ask, Related searches"
wowtv app,Commercial,42,320,33,2.54,"Reviews, Video, People also ask, Related searches, Ads top, Ads middle"
www rtl de live,"Navigational, Transactional",42,320,76,0.25,"Reviews, Video, People also ask, Related searches, Ads bottom"
yourfone servicewelt login,"Navigational, Transactional",30,320,22,0.00,"Sitelinks, Related searches"
über internet tv schauen,"Informational, Commercial",49,320,43,1.57,"AI Overview, Reviews, Video, People also ask, Related searches, Ads top, Ads bottom"
1&1 angebote internet zuhause,Commercial,40,260,56,0.90,"Reviews, People also ask, Related searches, Ads top, Ads bottom"
2 handys 1 vertrag,Commercial,41,260,32,2.13,"Reviews, Video, People also ask, Related searches, Ads bottom"
50 mbit dsl,Commercial,40,260,30,1.70,"Sitelinks, Reviews, People also ask, Related searches"
5g masten in meiner nähe,Transactional,37,260,38,0.77,"AI Overview, People also ask, Related searches"
5g netzabdeckung vodafone,"Informational, Commercial",36,260,33,1.51,"AI Overview, Reviews, People also ask, Related searches, Ads bottom"
5g verfügbarkeit,Commercial,38,260,33,1.13,"AI Overview, Reviews, People also ask, Related searches"
5g verfügbarkeit prüfen,Commercial,35,260,36,1.09,"AI Overview, Reviews, Video, People also ask, Related searches, Ads top, Ads bottom"
abonament telefon germania,Commercial,40,260,74,9.26,"Reviews, Video, People also ask, Related searches"
allnet flat angebote ohne handy,Commercial,36,260,35,2.50,"Reviews, People also ask, Related searches, Ads top, Ads middle"
allnet flat ohne handy,Commercial,36,260,39,3.64,"Reviews, Video, People also ask, Related searches, Popular products"
alternative kabelfernsehen,Commercial,47,260,15,1.04,"Sitelinks, AI Overview, Reviews, Video, Video carousel, People also ask, Related searches, Ads bottom, Ads middle"
alternative zu chromecast,Commercial,42,260,17,0.47,"Sitelinks, AI Overview, Reviews, Video, Video carousel, People also ask, Related searches, Ads middle"
anbieter für handytarife,"Informational, Commercial",38,260,54,3.21,"Sitelinks, AI Overview, Reviews, Video, People also ask, Related searches, Ads top, Ads middle"
anbieter für internet und festnetz,Commercial,45,260,51,1.50,"AI Overview, Reviews, Video, People also ask, Related searches, Ads top, Ads middle"
anbieter für internet und telefon,Commercial,46,260,50,1.66,"AI Overview, Reviews, People also ask, Related searches"
anbieter internet und festnetz,Commercial,45,260,51,1.50,"AI Overview, Reviews, Video, People also ask, Related searches, Ads top, Ads bottom"
android box tv test,Commercial,35,260,30,0.14,"Sitelinks, Reviews, Video, Video carousel, People also ask, Related searches, Popular products"
android tv box testsieger,Commercial,44,260,34,0.14,"Sitelinks, Video, People also ask, Related searches, Popular products"
android tv stick 4k,"Informational, Commercial",40,260,26,0.38,"Sitelinks, Reviews, Image pack, Video, Video carousel, People also ask, Related searches, Popular products"
angebot sky sport,"Informational, Transactional",42,260,50,2.46,"Reviews, Video, People also ask, Related searches"
angebote für internet und telefon,Commercial,45,260,50,1.47,"Sitelinks, Reviews, Video, People also ask, Related searches, Ads top, Ads middle"
angebote für telekom kunden,"Navigational, Transactional",42,260,47,0.67,"Reviews, Video, People also ask, Related searches"
angebote handyvertrag mit handy,Commercial,38,260,50,1.77,"Reviews, Video, People also ask, Related searches, Popular products, Ads top, Ads bottom"
angebote internet und telefon,Commercial,45,260,50,1.49,"AI Overview, Video, People also ask, Related searches, Ads top, Ads bottom"
angebote smartphone mit vertrag,Commercial,37,260,44,1.26,"Reviews, Video, Related searches, Popular products"
angebote vodafone handyvertrag,Commercial,35,260,44,2.37,"AI Overview, Reviews, People also ask, Related searches, Ads top, Ads middle"
anmelden internet,"Navigational, Transactional",44,260,46,9.49,"AI Overview, Reviews, Video, People also ask, Related searches, Ads middle"
anmeldung internet,Transactional,39,260,40,9.49,"AI Overview, Reviews, Video, People also ask, Related searches, Ads top, Ads middle"
anmeldung kabelfernsehen,Transactional,40,260,25,2.08,"AI Overview, Reviews, Video, People also ask, Related searches, Ads bottom, Ads middle"
app iptv android,"Informational, Commercial",46,260,31,0.00,"Sitelinks, AI Overview, Reviews, Video, Video carousel, People also ask, Related searches"
apple tv alternative,Commercial,43,260,18,0.41,"AI Overview, Video, Video carousel, People also ask, Related searches"
beste handynetz,Commercial,40,260,42,1.94,"AI Overview, Reviews, Video, Video carousel, People also ask, Related searches"
beste handytarife mit handy,Commercial,39,260,56,1.37,"Reviews, Video, People also ask, Related searches"
beste netz in deutschland,Commercial,45,260,29,2.45,"AI Overview, Reviews, Video, Video carousel, Short videos, People also ask, Related searches"
beste router wlan,Commercial,39,260,27,0.74,"Sitelinks, Reviews, Video, People also ask, Related searches, Ads bottom"
beste tarife mit handy,Commercial,39,260,54,2.22,"Video, People also ask, Related searches, Popular products"
besten handytarife ohne handy,Commercial,37,260,39,2.66,"Reviews, Video, People also ask, Related searches, Ads top, Ads bottom"
bester internet anbieter,Commercial,44,260,32,2.90,"Sitelinks, AI Overview, Reviews, Video, Video carousel, People also ask, Related searches, Ads bottom"
bester internetanbieter für zuhause,Commercial,42,260,38,2.02,"AI Overview, Reviews, Video, People also ask, Related searches, Ads top, Ads bottom"
bester kabelrouter,Commercial,38,260,22,0.72,"Sitelinks, Reviews, Video, People also ask, Related searches"
bester mobilfunkanbieter mit handy,Commercial,41,260,54,1.38,"Reviews, Video, Video carousel, People also ask, Related searches, Ads middle"
bester router dsl,Commercial,35,260,30,0.45,"Sitelinks, Video, People also ask, Related searches"
billig handy mit vertrag,Commercial,38,260,53,1.64,"People also ask, Related searches, Popular products"
billig internet,Commercial,40,260,59,2.67,"Reviews, Video, People also ask, Related searches, Popular products"
billig tarife handy,Commercial,38,260,49,2.28,"Reviews, Video, People also ask, Related searches, Popular products"
billig vertrag handy,Commercial,41,260,54,1.64,"Reviews, Video, Related searches, Popular products"
billige handy tarife,Commercial,38,260,51,2.28,"Reviews, Video, People also ask, Related searches"
billige handy vertrag,Commercial,41,260,54,2.53,"Reviews, Video, People also ask, Related searches, Popular products, Ads top, Ads middle"
billiges dsl,Commercial,43,260,42,2.46,"Sitelinks, Reviews, Video, People also ask, Related searches"
billiges handy mit vertrag,Commercial,37,260,49,1.64,"Reviews, Video, Related searches, Popular products"
billigsten handyverträge,Commercial,41,260,62,1.64,"Video, People also ask, Related searches"
billigster dsl,Commercial,42,260,47,2.77,"Sitelinks, Reviews, Video, People also ask, Related searches, Ads bottom"
blau de vertrag ohne handy,"Navigational, Transactional",37,260,44,0.63,"Reviews, Video, People also ask, Related searches"
blau vertrag mit handy,Commercial,34,260,32,1.36,"Reviews, People also ask, Related searches, Popular products, Ads top, Ads bottom"
box android iptv,"Informational, Commercial",42,260,16,0.00,"Reviews, Video, People also ask, Related searches, Popular products"
bundesliga iptv,Commercial,56,260,19,0.00,"Sitelinks, Reviews, Video, Related searches"
bundesliga live-stream kostenlos ausland,Commercial,46,260,29,0.97,"Sitelinks, Reviews, Video, Related searches"
check24 vertrag,"Navigational, Transactional",32,260,53,4.81,"Sitelinks, Reviews, Video, People also ask, Related searches"
d1 handytarife,Commercial,37,260,32,3.36,"Sitelinks, Reviews, Video, People also ask, Related searches, Ads middle"
d2 vertrag mit handy,Commercial,37,260,40,1.97,"Reviews, Video, People also ask, Related searches, Popular products, Ads bottom"
dazn gleichzeitig streams,"Informational, Transactional",42,260,31,0.00,"AI Overview, Related searches"
deal des tages handy,Commercial,34,260,37,0.63,"Reviews, Video, People also ask, Related searches, Ads top, Ads bottom"
deutsch series,Commercial,36,260,32,0.52,"AI Overview, Reviews, Image, Video, Video carousel, People also ask, Related searches"
deutsche glasfaser preise,"Navigational, Transactional",40,260,26,0.30,"Sitelinks, Video, People also ask, Related searches"
deutschland internet provider,Commercial,50,260,55,3.02,"Sitelinks, AI Overview, Reviews, Video, People also ask, Local pack, Related searches, Ads bottom"
disney plus über sky,Commercial,41,260,28,3.00,"Sitelinks, AI Overview, Reviews, Video, Video carousel, People also ask, Related searches"
dsl 100 mbit angebote,Commercial,44,260,27,1.44,"Sitelinks, Reviews, Video, People also ask, Related searches, Ads top, Ads middle"
dsl 1000,Commercial,35,260,27,1.61,"Reviews, Video, People also ask, Related searches, Ads top"
dsl 50 mbit s,Commercial,42,260,27,2.08,"Reviews, People also ask, Related searches"
dsl alternative,Commercial,39,260,20,1.64,"AI Overview, Reviews, Video, People also ask, Related searches, Ads top, Ads middle"
dsl angebote im vergleich,Commercial,39,260,52,2.52,"Sitelinks, Reviews, People also ask, Related searches"
dsl beste anbieter,Commercial,45,260,33,2.60,"AI Overview, Reviews, Video, People also ask, Related searches, Ads top, Ads middle"
dsl bester anbieter,Commercial,43,260,41,2.95,"Sitelinks, AI Overview, Reviews, Video, People also ask, Related searches, Ads top, Ads middle"
dsl festnetz,Commercial,47,260,49,2.02,"Reviews, Video, People also ask, Related searches, Ads top, Ads middle"
dsl festnetz angebot,Commercial,46,260,47,1.91,"Video, People also ask, Related searches, Ads bottom"
dsl günstige angebote,Commercial,43,260,43,2.55,"Sitelinks, Reviews, Video, People also ask, Related searches"
dsl im vergleich,Commercial,39,260,44,3.19,"Sitelinks, Reviews, Video, People also ask, Related searches, Ads top, Ads middle"
dsl internet anschluss,Commercial,44,260,38,6.34,"AI Overview, Reviews, Video, Video carousel, People also ask, Related searches, Ads bottom, Ads middle"
dsl internet telekom,"Navigational, Transactional",43,260,38,4.20,"AI Overview, Reviews, People also ask, Related searches, Ads top, Ads middle"
dsl mit telefon,Commercial,43,260,44,2.51,"Reviews, Video, People also ask, Related searches, Ads top, Ads middle"
dsl ohne laufzeit,Commercial,39,260,38,6.90,"Reviews, Related searches"
dsl router modem,Commercial,41,260,32,1.34,"Reviews, Video, Video carousel, People also ask, Related searches, Popular products"
dsl und handy,Commercial,45,260,32,1.68,"Reviews, Video, Related searches"
dsl verfügbarkeit prüfen telekom,"Informational, Transactional",45,260,20,2.14,"Reviews, People also ask, Related searches"
dsl verfügbarkeit telekom prüfen,Commercial,45,260,20,2.14,"Reviews, People also ask, Related searches, Ads top, Ads bottom"
dsl vergleich angebote,Commercial,42,260,39,2.51,"Sitelinks, Reviews, Video, Related searches"
dsl vergleichsportal,Commercial,45,260,44,3.69,"Reviews, Video, People also ask, Related searches, Ads top, Ads bottom"
dsl über kabelanschluss,Commercial,44,260,24,3.34,"AI Overview, Reviews, Video, People also ask, Related searches, Ads top, Ads middle"
dsl-kabel,Commercial,42,260,21,2.07,"Video, People also ask, Related searches, Popular products"
dsl-router,Commercial,46,260,25,1.95,"Sitelinks, Reviews, Video, Video carousel, People also ask, Related searches, Popular products, Ads top, Ads bottom"
familien handyvertrag mit 3 handys,Commercial,43,260,29,1.16,"Video, People also ask, Related searches"
familien handyvertrag mit 4 handys,Commercial,40,260,30,1.08,"Reviews, Video, People also ask, Related searches, Ads top, Ads bottom"
familienfilme netflix neu,Commercial,33,260,34,0.00,"AI Overview, Video, People also ask, Related searches"
familientarif handy,Commercial,42,260,28,1.34,"Reviews, Video, People also ask, Related searches, Ads top"
fernseh schauen online,Commercial,44,260,68,1.69,AI Overview
fernseh sticks,Commercial,48,260,33,1.60,"Sitelinks, Video, Video carousel, People also ask, Related searches, Popular products"
fernsehen kostenlos anschauen,Commercial,40,260,50,0.31,"Reviews, Video, People also ask, Related searches"
fernsehen mit integriertem receiver,Commercial,39,260,24,0.16,"People also ask, Related searches, Popular products"
fernsehen mit internet stick,Commercial,47,260,34,1.21,"Sitelinks, Reviews, Video, People also ask, Related searches, Popular products"
fernsehen mit wlan,"Informational, Commercial",43,260,30,0.00,"AI Overview, Reviews, Video, Video carousel, People also ask, Related searches, Ads bottom, Ads middle"
fernsehen ohne kabel und sat schüssel,Commercial,48,260,24,0.84,"Reviews, Video, Video carousel, People also ask, Related searches, Popular products"
fernseher für internet,Commercial,47,260,23,0.53,"Reviews, Video, People also ask, Related searches, Popular products"
fernseher internet,Commercial,47,260,26,0.47,"Reviews, Video, Video carousel, People also ask, Related searches, Ads top, Ads bottom"
fernseher internettauglich,Commercial,37,260,27,0.40,"Reviews, Video, People also ask, Related searches, Popular products"
fernseher receiver,Commercial,38,260,27,1.28,"Reviews, Video, Video carousel, People also ask, Related searches, Popular products"
fernseher receiver integriert,Commercial,39,260,13,0.19,"Video, People also ask, Related searches"
fernseher wlan fähig,Commercial,38,260,23,0.26,"Video, People also ask, Related searches, Popular products, Ads top"
fernsehn schauen online,Commercial,46,260,80,1.88,"Sitelinks, Video, Related searches, Ads top, Ads middle"
fernsehprogramm rtl plus,"Informational, Transactional",36,260,60,0.26,"Reviews, People also ask"
festnetz internet tarife,Commercial,47,260,52,1.18,"Sitelinks, Reviews, People also ask, Related searches, Ads top, Ads middle"
festnetz internet telekom,Commercial,45,260,34,2.29,"Reviews, Video, People also ask, Related searches, Ads top, Ads middle"
festnetz mit internet angebote,Commercial,46,260,52,1.93,"AI Overview, Reviews, People also ask, Related searches, Ads top, Ads middle"
festnetz mit internet vergleich,"Informational, Commercial",43,260,55,2.32,"Sitelinks, AI Overview, Reviews, Video, People also ask, Related searches, Ads top"
festnetz telefontarife,Commercial,43,260,41,0.80,"Sitelinks, AI Overview, Reviews, People also ask, Related searches"
festnetztarife,Commercial,45,260,43,0.98,"AI Overview, Reviews, Video, People also ask, Related searches"
festnetzvertrag,Commercial,42,260,41,2.50,"Reviews, People also ask, Related searches"
free internet tv online,Commercial,37,260,72,1.22,"Reviews, Video, People also ask, Related searches"
free tv ohne anmeldung,"Navigational, Transactional",41,260,42,0.63,"Reviews, Video, People also ask, Related searches"
freenet angebote handy,"Navigational, Transactional",38,260,43,0.20,"Reviews, People also ask, Related searches, Popular products"
freenet familientarif,Transactional,39,260,43,2.91,"AI Overview, Video, People also ask, Related searches, Ads top"
freenet handyvertrag mit handy,"Navigational, Transactional",36,260,33,0.33,"Reviews, Related searches, Popular products, Ads bottom"
fritz box mit glasfaseranschluss,"Informational, Transactional",40,260,32,0.18,"Reviews, Image pack, Video, Video carousel, People also ask, Related searches, Popular products"
fritz box router glasfaser,"Informational, Transactional",38,260,33,0.20,"Sitelinks, Reviews, Video, Video carousel, People also ask, Related searches, Popular products, Ads top, Ads bottom"
fritzbox für dsl und glasfaser,Commercial,45,260,39,0.23,"Sitelinks, Reviews, Video, People also ask, Related searches, Popular products"
fritzbox mit glasfaseranschluss,"Informational, Transactional",41,260,28,0.20,"Reviews, Image pack, Video, Video carousel, People also ask, Related searches, Popular products"
funkmast in meiner nähe,"Informational, Transactional",36,260,27,0.30,"AI Overview, Reviews, Image, Image pack, People also ask, Related searches"
german television online,"Informational, Transactional",42,260,43,0.64,"Reviews, Video, People also ask, Related searches, Ads top, Ads bottom"
geschwindigkeit dsl verfügbarkeit,Commercial,45,260,45,1.22,"AI Overview, Reviews, Video, Related searches"
geschäftskunden handytarife,Commercial,38,260,32,7.90,"Sitelinks, Reviews, Video, Related searches, Ads top, Ads bottom"
glasfaser günstig,Commercial,42,260,46,1.81,"Reviews, Video, People also ask, Related searches"
glasfaser kabel router,"Informational, Transactional",39,260,12,0.25,"Sitelinks, Image pack, Video, Video carousel, People also ask, Related searches, Popular products"
glasfaser tarif vergleich,Commercial,41,260,27,1.30,"AI Overview, Reviews, Video, People also ask, Related searches, Ads top, Ads middle"
glasfaser verfügbarkeitscheck,Commercial,39,260,35,0.87,"AI Overview, Reviews, Video, People also ask, Related searches"
glasfaser zu hause,Commercial,40,260,17,1.13,"AI Overview, Image pack, Video, Video carousel, People also ask, Related searches, Ads top, Ads middle"
glasfaseranschluss beantragen,Commercial,37,260,30,2.84,"AI Overview, Reviews, Video, Video carousel, People also ask, Related searches"
glasfaseranschluss fritzbox,"Informational, Transactional",40,260,24,0.52,"Sitelinks, Image pack, Video, Video carousel, Related searches, Popular products"
glasfasermodem ont kaufen,Transactional,41,260,21,0.64,"Sitelinks, Reviews, Video, People also ask, Related searches, Popular products"
glasfasertarif vergleich,Commercial,39,260,36,1.01,"Reviews, Video, People also ask, Related searches"
glasfaservertrag,Commercial,43,260,50,2.04,"AI Overview, Reviews, Video, People also ask, Related searches, Ads top, Ads bottom"
gratis tv stream,Commercial,39,260,46,1.36,"Reviews, Video, People also ask, Related searches"
guenstig internet,Commercial,45,260,53,2.88,"Reviews, People also ask, Related searches, Popular products, Ads top, Ads bottom"
guter handyvertrag,Commercial,35,260,56,3.02,"AI Overview, Reviews, Video, People also ask, Related searches, Ads bottom"
gzsz live stream kostenlos,Commercial,39,260,38,0.02,"Reviews, Video, People also ask, Related searches"
günstige dsl,Commercial,45,260,40,2.72,"Reviews, Video, Related searches, Ads top, Ads middle"
günstige handytarife monatlich kündbar,Commercial,40,260,26,3.10,"Reviews, People also ask, Related searches"
günstige internet anbieter,Commercial,45,260,46,2.80,"Reviews, Video, People also ask, Related searches, Ads top"
günstige mobilfunkanbieter,Commercial,40,260,53,3.30,"Reviews, Video, People also ask, Related searches"
günstige sim-karte ohne vertrag,Commercial,33,260,34,3.25,"Reviews, Video, People also ask, Related searches, Popular products"
günstige tarife für handy,Commercial,39,260,60,1.83,"AI Overview, Video, People also ask, Related searches, Ads top, Ads bottom"
günstige tarife handy,Commercial,39,260,53,1.97,"Reviews, Video, People also ask, Related searches, Ads top, Ads bottom"
günstige verträge telekom,Commercial,41,260,44,1.61,"Sitelinks, Reviews, People also ask, Related searches, Ads top, Ads middle"
günstiger anbieter internet,Commercial,46,260,52,2.45,"Reviews, Video, People also ask, Related searches, Ads top, Ads middle"
günstiger festnetzanschluss,Commercial,42,260,41,1.02,"AI Overview, Reviews, People also ask, Related searches, Ads top, Ads middle"
günstiger handy tarif,Commercial,40,260,54,2.79,"Sitelinks, Reviews, Video, People also ask, Related searches"
günstiger vertrag mit smartphone,Commercial,39,260,51,1.57,"Reviews, Video, People also ask, Related searches"
günstigste smartphone verträge,Commercial,37,260,56,1.57,"People also ask, Related searches, Popular products"
günstigster handyvertrag mit handy,Commercial,42,260,57,1.36,"Reviews, Video, People also ask, Related searches, Popular products"
günstigster internet-tarif für zuhause,"Informational, Commercial",49,260,50,1.61,"AI Overview, Reviews, Video, People also ask, Related searches, Ads bottom, Ads middle"
handy 1 euro mit vertrag,Commercial,36,260,33,3.10,"People also ask, Related searches"
handy auf vertrag kaufen,Transactional,38,260,43,2.77,"Reviews, Video, People also ask, Related searches"
handy bei o2 kaufen,"Navigational, Transactional",29,260,42,0.40,"Sitelinks, Reviews, People also ask, Related searches"
handy bei vodafone kaufen,Transactional,33,260,47,2.51,"Reviews, People also ask, Related searches, Popular products, Ads top, Ads middle"
handy billig mit vertrag,Commercial,39,260,53,1.64,"Reviews, Video, Related searches, Popular products"
handy d2 vertrag,Commercial,37,260,34,2.13,"AI Overview, Reviews, Video, People also ask, Related searches"
handy discount,Commercial,27,260,50,0.86,"Reviews, Video, People also ask, Related searches, Popular products"
handy fernseher vertrag,Commercial,43,260,19,1.64,"Reviews, Video, Related searches"
handy für 1 euro mit vertrag,Commercial,36,260,30,3.10,"Reviews, Related searches"
handy internet tarife,Commercial,42,260,50,3.89,"AI Overview, Video, People also ask, Related searches, Shopping ads"
handy kaufen o2,"Navigational, Transactional",31,260,43,0.40,"Sitelinks, Reviews, People also ask, Related searches, Ads top, Ads middle"
handy kaufen prepaid,Transactional,35,260,36,1.04,"Reviews, Video, People also ask, Local pack, Related searches, Popular products, Ads bottom"
handy kosten,Transactional,34,260,69,2.13,"Reviews, Video, People also ask, Related searches"
handy laptop vertrag,Commercial,35,260,13,1.40,"Reviews, Related searches, Popular products"
handy mit laptop vertrag,Commercial,35,260,17,1.52,"Reviews, Related searches, Popular products"
handy mit partnervertrag,Commercial,41,260,43,1.64,"Sitelinks, Reviews, Video, Video carousel, Related searches, Popular products"
handy mit telekom vertrag,"Informational, Commercial",39,260,37,1.94,"Reviews, Video, People also ask, Related searches"
handy mit vertrag 1 euro,Commercial,37,260,28,3.10,"Reviews, Related searches"
handy mit vertrag d1 netz,Commercial,40,260,30,2.63,"Sitelinks, Reviews, Video, People also ask, Related searches"
handy mit vertrag für 1 euro,Commercial,36,260,30,3.10,"Reviews, Video, Related searches"
handy mit vertrag für studenten,Commercial,37,260,30,3.61,"Reviews, Video, People also ask, Related searches, Ads bottom"
handy mit vertrag ohne anzahlung,Commercial,35,260,36,5.07,"Video, Related searches, Popular products"
handy mit vertrag ohne bonitätsprüfung,Commercial,28,260,22,3.14,"Video, People also ask, Related searches, Popular products"
handy mit vertrag t online,"Informational, Transactional",40,260,50,0.69,"Sitelinks, Reviews, Video, People also ask, Related searches, Popular products"
handy mit vertrag tablet,Commercial,39,260,18,1.46,"Reviews, Related searches, Popular products, Ads bottom"
handy mit vertrag und geschenk,Commercial,35,260,14,1.20,"Reviews, Video, Related searches"
handy mit vetrag,Commercial,37,260,45,2.93,"Reviews, Video, People also ask, Related searches, Popular products"
handy promo,Commercial,31,260,36,1.51,"Reviews, Video, People also ask, Related searches, Popular products"
handy tablet vertrag,Commercial,39,260,18,1.46,"Reviews, Related searches, Popular products"
handy tarif unlimited,Commercial,37,260,22,3.13,"Sitelinks, Reviews, Video, People also ask, Related searches, Ads top, Ads middle"
handy tarifvergleich mit handy,Commercial,39,260,46,1.38,"Sitelinks, Reviews, Video, People also ask, Related searches"
handy und internet vertrag,Commercial,45,260,41,1.91,"Reviews, Video, People also ask, Related searches"
handy und vertrag,Commercial,38,260,55,2.32,"Video, People also ask, Related searches"
handy vertag,Commercial,38,260,56,4.15,"Reviews, Video, People also ask, Related searches, Ads top, Ads bottom"
handy vertrag mit handy trotz schufa,"Informational, Commercial",33,260,13,4.46,"AI Overview, Reviews, People also ask, Related searches, Ads bottom"
handy vertrag neu,Commercial,40,260,52,5.38,"Reviews, Video, People also ask, Related searches"
handynetz vergleich,Commercial,42,260,46,1.68,"AI Overview, Reviews, Video, Short videos, People also ask, Related searches"
handynetzabdeckung,Commercial,41,260,47,1.34,"AI Overview, Reviews, Video, People also ask, Related searches"
handynetze,"Informational, Commercial",40,260,35,1.76,"AI Overview, Reviews, Video, Short videos, People also ask, Related searches, Ads bottom, Ads middle"
handys & smartphones,Commercial,33,260,52,0.97,"Video, People also ask, Local pack, Related searches, Popular products"
handys mit vertrag angebote,Commercial,39,260,52,1.41,"Reviews, Video, People also ask, Related searches, Popular products, Ads top, Ads bottom"
handytarif günstig ohne handy,Commercial,35,260,35,2.77,"Reviews, People also ask, Related searches, Popular products"
handytarif im vergleich,Commercial,38,260,53,2.34,"Sitelinks, Reviews, Video, Related searches"
handytarif ohne internet,Commercial,34,260,18,1.49,"Reviews, People also ask, Related searches"
handytarif ohne vertrag,Commercial,37,260,39,3.02,"Reviews, Video, People also ask, Related searches, Popular products, Ads bottom"
handytarif telekom netz,Commercial,39,260,30,1.90,"Sitelinks, Reviews, Video, People also ask, Related searches"
handytarife d netz,Commercial,37,260,24,3.17,"Video, People also ask, Related searches"
handytarife d1,Commercial,37,260,30,2.26,"Sitelinks, Reviews, Video, People also ask, Related searches"
handytarife im preisvergleich,Commercial,38,260,50,3.17,"Reviews, Video, People also ask, Related searches"
handytarife mit smartphone,Commercial,41,260,43,1.49,"Reviews, Video, Related searches, Popular products, Ads top, Ads middle"
handytarife preisvergleich,Commercial,39,260,51,2.61,"Reviews, Video, People also ask, Related searches"
handytarife telekom angebote,Commercial,39,260,40,1.10,"AI Overview, Reviews, People also ask, Related searches, Ads top, Ads middle"
handytarife unlimited,Commercial,40,260,30,2.24,"Sitelinks, Reviews, Video, People also ask, Related searches, Ads top, Ads bottom"
handyvertrag 1 euro,Commercial,36,260,30,3.10,"AI Overview, Reviews, People also ask, Related searches"
handyvertrag 10 gb ohne handy,Commercial,39,260,41,2.35,"Reviews, Video, People also ask, Related searches, Popular products, Ads top, Ads middle"
handyvertrag bestellen,"Informational, Transactional",39,260,47,6.27,"Reviews, Video, Related searches, Popular products"
handyvertrag de störung,"Informational, Transactional",39,260,19,0.00,"Reviews, People also ask, Related searches"
handyvertrag internet flat,Commercial,42,260,39,3.89,"Reviews, Video, People also ask, Related searches, Ads top, Ads bottom"
handyvertrag iphone günstig,Commercial,39,260,28,1.54,"Video, People also ask, Related searches, Popular products, Ads top, Ads bottom"
handyvertrag laptop,Commercial,33,260,20,1.33,"Sitelinks, People also ask, Related searches, Popular products"
handyvertrag mit tv,Commercial,44,260,18,1.03,"People also ask, Related searches"
handyvertrag o2 ohne handy,Commercial,32,260,50,0.68,"Reviews, Video, People also ask, Related searches, Ads top, Ads middle"
handyvertrag tablet,Commercial,41,260,24,1.29,"Reviews, People also ask, Related searches, Popular products"
handyvertrag vodafone netz,Commercial,41,260,32,2.55,"AI Overview, Reviews, Related searches"
handyverträge im preisvergleich,Commercial,39,260,50,3.31,"Reviews, Video, People also ask, Related searches, Ads top, Ads middle"
handyverträge o2 ohne handy,Commercial,34,260,50,0.68,"Reviews, Video, People also ask, Related searches"
hd serien,Commercial,38,260,14,1.06,"AI Overview, Reviews, Video, Related searches"
hdtv receiver,Commercial,33,260,30,0.58,"Video, People also ask, Related searches, Popular products"
helpdesk vodafone,"Informational, Transactional",32,260,70,0.66,"Reviews, People also ask, Related searches"
idealo handyvertrag,Commercial,41,260,55,1.53,"Reviews, Video, People also ask, Related searches, Ads top"
installation sky go,"Informational, Transactional",35,260,46,0.00,"AI Overview, Reviews, Video, People also ask, Related searches"
intenet,Commercial,40,260,66,4.71,"Reviews, Video, People also ask, Related searches"
internet billig,Commercial,43,260,54,2.94,"AI Overview, Video, People also ask, Related searches, Ads bottom"
internet deutsche telekom,Commercial,49,260,43,2.73,"AI Overview, Reviews, Video, People also ask, Related searches, Ads top, Ads middle"
internet dsl telekom,"Informational, Transactional",44,260,37,2.87,"Reviews, Video, People also ask"
internet dsl vs kabel,Commercial,39,260,17,2.20,"Sitelinks, AI Overview, Reviews, Video, Video carousel, Short videos, People also ask, Related searches, Ads bottom, Ads middle"
internet fernsehen stick,Commercial,47,260,30,1.21,"Sitelinks, Reviews, Video, People also ask, Related searches, Popular products, Ads bottom"
internet fernsehen vergleich,Commercial,50,260,36,1.49,"AI Overview, Reviews, Video, People also ask, Related searches, Ads bottom"
internet festnetz telekom,Transactional,46,260,37,2.50,"Video, People also ask, Related searches"
internet flat sim karte,Commercial,36,260,41,3.67,"Reviews, Video, People also ask, Related searches, Popular products, Ads bottom"
internet flat zu hause,Commercial,41,260,50,2.50,"Reviews, Video, People also ask, Related searches"
internet hamburg,Commercial,46,260,31,4.21,"Sitelinks, Reviews, Video, People also ask, Related searches, Ads top, Ads bottom"
internet home,Commercial,39,260,59,3.93,"Reviews, Video, People also ask, Related searches"
internet in meiner nähe,Transactional,44,260,51,0.00,"AI Overview, Reviews, Video, People also ask, Related searches, Ads bottom, Ads middle"
internet jetzt geöffnet,Commercial,42,260,50,1.14,"Reviews, Video, People also ask, Local pack, Related searches, Ads top, Ads bottom"
internet kabel vs dsl,Commercial,39,260,19,3.37,"Sitelinks, AI Overview, Reviews, Video, Video carousel, Short videos, People also ask, Related searches"
internet provider in deutschland,Commercial,48,260,45,3.02,"Sitelinks, Reviews, Video, People also ask, Local pack, Related searches"
internet providers germany,Commercial,43,260,22,3.02,"Sitelinks, AI Overview, Reviews, Video, People also ask, Related searches, Ads bottom"
internet stick für den fernseher,Commercial,47,260,30,1.21,"Sitelinks, Reviews, Video, People also ask, Related searches"
internet stick für tv ohne vertrag,Commercial,48,260,29,1.07,"Sitelinks, Reviews, Video, People also ask, Related searches, Popular products"
internet stick für tv ohne wlan,Commercial,44,260,28,1.05,"Sitelinks, Reviews, Video, People also ask, Related searches"
internet telefon anbieter,Commercial,44,260,59,3.08,"Sitelinks, AI Overview, Reviews, Video, People also ask, Related searches, Ads top, Ads bottom"
internet telefonie kosten,Commercial,41,260,25,1.61,"AI Overview, Reviews, Video, People also ask, Related searches, Ads middle"
internet und festnetz anbieter,Commercial,45,260,50,1.50,"Reviews, People also ask, Related searches"
internet und festnetz tarife,Commercial,46,260,51,0.96,"Reviews, Video, People also ask, Related searches, Ads top, Ads middle"
internet und handyvertrag,Commercial,46,260,39,1.91,"Reviews, Video, People also ask, Related searches"
internet und telefon anbieter vergleich,Commercial,41,260,52,1.56,"Sitelinks, AI Overview, Reviews, Video, People also ask, Related searches"
internet und telefon im vergleich,Commercial,40,260,51,1.71,"Sitelinks, AI Overview, Reviews, Video, People also ask, Related searches, Ads top, Ads middle"
internet und telefon vergleich,Commercial,40,260,52,1.71,"Reviews, Video, People also ask, Related searches, Ads top, Ads middle"
internet und telefonanbieter im vergleich,Commercial,41,260,42,1.78,"AI Overview, Reviews, Video, People also ask, Related searches, Ads top, Ads middle"
internet verfügbar,Commercial,45,260,48,1.84,"AI Overview, Reviews, Video, People also ask, Related searches, Ads top, Ads bottom"
internet wohnung,Commercial,44,260,60,4.72,"Reviews, Video, People also ask, Related searches"
internet über festnetzanschluss,Commercial,47,260,48,1.88,"Sitelinks, AI Overview, Reviews, Video, People also ask, Related searches, Ads bottom, Ads middle"
internetanbieter berlin,Commercial,45,260,34,4.12,"AI Overview, Reviews, Video, People also ask, Related searches"
internetangebote vergleich,Commercial,44,260,48,2.39,"Reviews, Video, People also ask, Related searches"
internetanschluss dsl,Commercial,45,260,39,6.31,"AI Overview, Reviews, Video, People also ask, Related searches, Ads top, Ads bottom"
internetanschluß,Commercial,43,260,38,5.34,"Reviews, Video, Video carousel, People also ask, Related searches, Ads top, Ads bottom"
internetfähigen fernseher,Commercial,44,260,26,0.24,"Reviews, Video, People also ask, Related searches, Popular products"
internetvertrag abschließen,Commercial,47,260,55,11.13,"AI Overview, Reviews, Video, Related searches"
internetvertrag telekom,Transactional,42,260,39,2.80,"Reviews, People also ask, Related searches"
internetverträge,Commercial,46,260,58,4.50,"Reviews, Video, People also ask, Related searches"
ip satellite receiver,Commercial,40,260,21,0.13,"Sitelinks, Video, People also ask, Related searches, Popular products"
ipad mit vertrag check24,Transactional,36,260,34,0.89,"People also ask, Related searches"
ipad mit vertrag günstig,Commercial,39,260,12,2.03,"People also ask, Related searches, Popular products, Ads middle"
iphone tarife,Commercial,37,260,32,1.34,"Reviews, Video, People also ask, Related searches, Popular products, Ads bottom"
iptv abonnement,Commercial,51,260,14,0.00,"Video, People also ask, Related searches"
iptv anbieter deutschland,"Informational, Commercial",70,260,30,0.00,"AI Overview, Video, People also ask, Related searches"
iptv mega,Commercial,51,260,24,0.00,"Reviews, People also ask, Related searches"
iptv palyer,Commercial,46,260,43,1.01,"Reviews, Video, Video carousel, People also ask, Related searches"
iptv subscriptions,"Informational, Commercial",46,260,37,0.93,"Sitelinks, AI Overview, Video, Video carousel, People also ask, Related searches"
iptv windows,"Informational, Commercial",46,260,35,0.00,"Sitelinks, AI Overview, Reviews, Video, People also ask, Related searches"
iptv-abonnement,"Informational, Commercial",52,260,15,0.00,"Video, People also ask, Related searches"
junge leute tarif mit handy,Commercial,38,260,30,0.00,"Reviews, Video, Related searches"
kabel 1 kostenlos,Commercial,43,260,31,0.44,"Reviews, Video, People also ask, Related searches"
kabel 1 stream live,Commercial,48,260,29,0.39,"Sitelinks, Video, People also ask, Related searches"
kabel anmelden fernsehen,Transactional,46,260,25,2.08,"AI Overview, Reviews, Video, People also ask, Related searches, Ads top, Ads middle"
kabel live,Commercial,38,260,50,0.36,"Reviews, Video, Related searches, Ads bottom"
kabel router kaufen,Transactional,40,260,24,1.54,"Reviews, People also ask, Related searches, Popular products"
kabel wlan,Commercial,37,260,32,7.86,"Image pack, Video, People also ask, Related searches, Popular products"
kabel1 doku mediathek,Commercial,37,260,35,0.34,"AI Overview, Reviews, Video, People also ask, Related searches, Ads top"
kabelanschluss anbieter,Commercial,39,260,39,1.46,"Reviews, Video, People also ask, Related searches"
kosten netflix deutschland,"Informational, Transactional",47,260,46,0.54,"AI Overview, Reviews, Video, People also ask, Related searches, Ads bottom"
kostenlos fern schauen,Commercial,45,260,35,0.65,"Video, People also ask, Related searches, Ads bottom"
kostenlos fernseh ohne anmeldung,Transactional,39,260,36,0.52,"Reviews, Video, People also ask, Related searches, Ads bottom"
kostenlos fernsehn schauen,Commercial,45,260,41,0.52,"Reviews, Video, People also ask, Related searches, Ads bottom"
kostenlos ohne anmeldung fernsehen,"Navigational, Transactional",41,260,34,0.69,"Reviews, Video, People also ask, Related searches"
kostenlos rtl online schauen,Commercial,40,260,36,1.08,"Sitelinks, Reviews, Video, People also ask, Related searches"
kostenlos rtl2 schauen,Commercial,43,260,35,0.91,"AI Overview, Reviews, Video, People also ask, Related searches"
kostenlos tv schauen app,"Informational, Commercial",42,260,42,0.72,"AI Overview, Video, People also ask, Related searches, Ads bottom, Ads middle"
kostenlos tv schauen ohne anmeldung,"Navigational, Transactional",37,260,49,0.33,"Sitelinks, Reviews, Video, Related searches"
kostenlos und ohne anmeldung fernsehen,Transactional,37,260,40,0.76,"AI Overview, Reviews, Video, Related searches"
live rtl anschauen,"Navigational, Transactional",42,260,54,0.75,"AI Overview, Reviews, Video, People also ask, Related searches, Ads top, Ads middle"
live stream rtl aktuell,"Navigational, Transactional",40,260,58,0.56,"Reviews, Video, People also ask, Related searches"
live stream rtl hrvatska,"Navigational, Transactional",37,260,31,0.91,"Sitelinks, Video, People also ask, Related searches"
live tv free,Commercial,38,260,55,1.49,"AI Overview, Reviews, Image, Video, People also ask, Related searches"
livestream fernsehen kostenlos,Commercial,40,260,69,0.90,"AI Overview, Reviews, Video, People also ask, Related searches"
livestream rtl gratis,Commercial,39,260,48,1.03,"Reviews, Video, People also ask, Related searches"
livestream rtl2,Commercial,40,260,50,0.54,"Reviews, Video, People also ask, Related searches"
livestream super rtl kostenlos,Commercial,41,260,37,0.00,"Reviews, Video, People also ask, Related searches"
livetv free streaming,"Navigational, Transactional",36,260,33,1.58,"Video, People also ask, Related searches"
lte vertrag,Commercial,39,260,33,2.59,"AI Overview, People also ask, Related searches"
m0bile tv,"Informational, Commercial",47,260,26,0.34,"Reviews, Video, People also ask, Related searches, Popular products"
magenta internet und tv,Commercial,43,260,36,1.84,"Reviews, Video, People also ask, Related searches, Ads top"
magenta tv 1. gen,Commercial,41,260,32,3.35,"Reviews, Video, People also ask, Related searches"
magenta tv hardware,Commercial,42,260,25,3.67,"Reviews, Video, People also ask, Related searches, Ads top"
magenta tv test,Commercial,44,260,22,3.43,"Reviews, Video, People also ask, Related searches"
magenta web tv,"Informational, Transactional",42,260,49,6.19,"Reviews, Video, People also ask, Related searches"
media markt wlan router,Transactional,41,260,29,0.27,"Sitelinks, Video, People also ask, Related searches, Popular products, Ads top, Ads bottom"
mediathek rtl heute,"Informational, Transactional",37,260,72,0.15,"Video, People also ask, Related searches"
megastream telekom,Transactional,49,260,19,2.74,"Video, People also ask, Related searches"
mobilcom debitel vertrag mit handy,Commercial,37,260,40,1.39,"AI Overview, Reviews, Video, People also ask, Related searches"
mobile datentarife,Commercial,35,260,28,2.10,"Reviews, Video, People also ask, Related searches"
mobiles internet flatrate,Commercial,38,260,35,2.39,"Reviews, People also ask, Related searches"
mobilfunk angebote telekom,Transactional,40,260,36,1.59,"Reviews, People also ask, Related searches"
mobilfunk angebote vodafone,Transactional,38,260,48,1.98,"Reviews, People also ask, Related searches, Ads top, Ads middle"
mobilfunk geschäftskunden,Commercial,39,260,30,10.00,"AI Overview, Reviews, Video, Related searches, Ads top, Ads bottom"
mobilfunk netzabdeckung prüfen,Commercial,43,260,36,0.72,"Video, People also ask, Related searches"
mobilfunk tarife telekom,"Navigational, Commercial",40,260,42,1.13,"Video, People also ask, Related searches"
mobilfunk tarifvergleich,Commercial,39,260,55,2.55,"Reviews, Video, Related searches, Ads bottom"
mobilfunkanbieter im vergleich,Commercial,39,260,54,2.66,"Sitelinks, Reviews, People also ask, Related searches"
mobilfunktarife ohne handy,Commercial,38,260,32,2.94,"Sitelinks, Reviews, Video, People also ask, Related searches, Popular products"
mobilfunkverträge vergleich,Commercial,40,260,61,2.90,"Reviews, Video, People also ask, Related searches"
mobiltarife vodafone,Transactional,35,260,55,2.40,"Reviews, Video, People also ask, Related searches, Ads top, Ads bottom"
modem mit wlan,Commercial,38,260,35,2.56,"Reviews, Video, Video carousel, People also ask, Related searches, Popular products"
musik-streaming-dienste vergleich 2025,Commercial,54,260,34,0.00,"Sitelinks, Reviews, Video, People also ask, Related searches"
my handy o2 ohne vertrag,"Navigational, Commercial",28,260,41,0.58,"People also ask, Related searches, Ads middle"
netflix 1 monat kostenlos,"Informational, Transactional",45,260,46,1.33,"AI Overview, Reviews, Video, People also ask, Top stories, Related searches"
netflix angebote preise,Transactional,42,260,50,1.33,"AI Overview, Reviews, People also ask, Related searches, Ads bottom"
netflix deutschland kosten,"Informational, Transactional",44,260,46,0.46,"Sitelinks, AI Overview, Reviews, Video, People also ask, Related searches"
netflix ohne werbung kosten,"Informational, Transactional",41,260,45,0.27,"AI Overview, Reviews, Video, People also ask, Related searches"
netflix preis deutschland,Transactional,48,260,46,0.68,"AI Overview, Reviews, Video, People also ask, Related searches"
netflix serie aktuell,"Informational, Commercial",34,260,48,0.00,"AI Overview, Image, Video, People also ask, Top stories, Related searches"
netflix und disney+ plus paket,"Informational, Commercial",46,260,31,1.22,"AI Overview, Reviews, Video, People also ask, Related searches"
netflix vertrag,"Navigational, Transactional",44,260,61,1.49,"AI Overview, Reviews, Video, People also ask, Related searches"
netflix welche filme und serien,"Informational, Transactional",33,260,51,0.64,"Video, People also ask, Top stories, Related searches"
netzabdeckung mobilfunk,Commercial,42,260,46,1.36,"Reviews, Video, People also ask, Related searches"
netzabdeckung vergleich,Commercial,42,260,39,1.83,"Sitelinks, Reviews, Video, People also ask, Related searches"
netzabdeckungskarte,Commercial,38,260,38,1.43,"Sitelinks, AI Overview, Image pack, People also ask, Related searches"
neuer handyvertrag mit handy,Commercial,39,260,55,2.34,"Reviews, Video, People also ask, Related searches"
nur tv abo,Transactional,34,260,10,0.99,"AI Overview, Reviews, Video, People also ask, Related searches, Ads top, Ads bottom"
o2 sim-karte vertrag,Commercial,32,260,53,1.20,"Reviews, People also ask, Related searches"
online iptv player,"Informational, Transactional",44,260,55,0.00,"Reviews, People also ask, Knowledge panel"
online serien stream kostenlos,Commercial,39,260,43,0.67,"Sitelinks, AI Overview, Reviews, Video, Related searches"
online stream kostenlos serien,Commercial,39,260,41,1.43,"Sitelinks, Reviews, Video, Related searches"
otelo netz prüfen,"Informational, Transactional",37,260,25,0.73,"AI Overview, Reviews, Video, People also ask, Related searches"
partner vertrag handy,Commercial,41,260,32,1.64,"Reviews, Video, People also ask, Related searches, Ads bottom"
partnerverträge für handys,Commercial,40,260,25,1.64,"Reviews, Video, People also ask, Related searches, Popular products"
preise für handy,Transactional,38,260,40,0.35,"Reviews, Video, People also ask, Related searches, Popular products"
preise handys,Transactional,33,260,37,0.35,"Video, People also ask, Related searches, Popular products, Ads bottom"
premiumsim apn,"Informational, Transactional",34,260,18,0.00,"AI Overview, Reviews, People also ask, Related searches"
prepaid günstig,Commercial,40,260,51,2.53,"Reviews, Video, People also ask, Related searches, Popular products, Ads bottom"
prepaid vertrag mit handy,Commercial,39,260,46,2.72,"Sitelinks, Video, People also ask, Related searches"
programm netflix,"Informational, Transactional",40,260,55,0.00,"Video, People also ask, Top stories, Related searches"
receiver für satellitenschüssel,Commercial,36,260,28,0.22,"Video, Video carousel, People also ask, Related searches, Popular products, Ads bottom"
receiver mit wlan,Commercial,34,260,20,1.05,"Video, People also ask, Related searches, Popular products"
router glasfaser fritzbox,"Informational, Commercial",41,260,32,0.18,"Sitelinks, Reviews, Video, Video carousel, People also ask, Related searches, Popular products"
router mit bester wlan reichweite,Commercial,37,260,27,0.47,"Sitelinks, Reviews, Video, People also ask, Related searches, Popular products"
router telekom glasfaser,"Navigational, Transactional",40,260,32,0.16,"Image pack, Video, People also ask, Related searches, Popular products"
rtl ab,Commercial,35,260,52,1.35,"Reviews, Video, People also ask, Top stories, Related searches, Ads top, Ads bottom"
rtl anschauen,Transactional,43,260,73,0.86,"Reviews, Video, People also ask, Related searches"
rtl hrvatska live stream,"Navigational, Transactional",37,260,25,0.99,"Sitelinks, Reviews, Video, Related searches"
rtl hrvatska uzivo,Transactional,37,260,34,0.00,"Reviews, Related searches"
rtl live hd stream,"Navigational, Transactional",42,260,49,0.87,"Reviews, Video, People also ask, Related searches"
rtl live stream 2ix2,"Navigational, Transactional",37,260,14,0.00,"Sitelinks, Reviews, Video, Related searches"
rtl live stream nydus,"Navigational, Transactional",38,260,29,0.00,"Sitelinks, Related searches"
rtl live streaming kostenlos,Commercial,43,260,48,1.11,"Sitelinks, Reviews, Video, People also ask, Related searches"
rtl livesrream,"Navigational, Transactional",51,260,61,0.60,"Reviews, Video, People also ask, Related searches, Ads middle"
rtl livestream tv,"Navigational, Transactional",51,260,50,0.98,"Reviews, Video, People also ask, Related searches"
rtl nitro free stream,Transactional,37,260,24,1.60,"Reviews, Video, People also ask, Related searches"
rtl nord livestream,"Navigational, Transactional",39,260,38,0.92,"Video, People also ask, Related searches"
rtl p,"Navigational, Transactional",35,260,62,0.22,"Sitelinks, Reviews, Video, Related searches"
rtl plus live stream,"Navigational, Transactional",48,260,62,0.31,"Sitelinks, AI Overview, Reviews, Video, People also ask, Related searches"
rtl plus sendung verpasst,"Navigational, Transactional",36,260,40,0.00,"Sitelinks, Video, People also ask, Related searches"
rtl site,"Navigational, Transactional",37,260,87,1.58,"Sitelinks, Video, People also ask, Related searches"
rtl super live stream kostenlos,Commercial,42,260,36,0.00,"Reviews, Video, People also ask, Related searches"
rtl up kostenlos deutsche kanäle,Commercial,43,260,34,0.00,"AI Overview, Reviews, Video, People also ask, Related searches"
rtl zwei live stream kostenlos,Commercial,41,260,29,0.00,"Reviews, Video, People also ask, Related searches"
rtl2 kostenlos gucken,Commercial,42,260,30,0.93,"Reviews, Video, People also ask, Related searches"
rtl2 kostenlos stream,Commercial,42,260,28,0.97,"Reviews, Video, People also ask, Related searches"
rtl2 live mediathek,"Navigational, Transactional",42,260,41,0.00,"AI Overview, Reviews, Video, Video carousel, People also ask, Related searches"
rtl2 live streaming,Commercial,40,260,41,0.83,"Reviews, Video, Video carousel, People also ask, Related searches"
rtl2 mediathek live,Commercial,42,260,42,0.49,"Sitelinks, Reviews, Video, People also ask, Related searches, Ads bottom"
rtlplus mediathek kostenlos ohne anmeldung,"Informational, Transactional",44,260,31,0.10,"AI Overview, Reviews, Video, People also ask, Related searches"
samsung o2 handy ohne vertrag,Transactional,28,260,39,0.36,"Sitelinks, People also ask, Related searches, Popular products"
sat receiver kaufen,Transactional,39,260,34,0.13,"Video, People also ask, Local pack, Related searches, Popular products, Ads bottom"
schnelles internet ohne glasfaser,"Informational, Commercial",41,260,27,1.12,"AI Overview, Reviews, Video, People also ask, Related searches"
sender vodafone,Transactional,27,260,37,1.79,"AI Overview, Reviews, Video, People also ask, Related searches"
sendung verpasst kabel 1,Commercial,33,260,23,0.39,"Reviews, Video, People also ask, Related searches"
serien für jugendliche,Commercial,32,260,18,0.00,"AI Overview, Image, Video, People also ask, Related searches"
serien kostenlos anschauen,Commercial,39,260,54,0.21,"Sitelinks, Reviews, People also ask, Related searches"
serien stream online,"Informational, Commercial",41,260,40,1.65,"Sitelinks, Reviews, Video, Related searches"
serien stream online kostenlos,Commercial,39,260,37,1.43,"Sitelinks, AI Overview, Reviews, Video, Related searches"
serien streamer,"Informational, Commercial",47,260,39,0.00,"Image pack, Video, People also ask, Related searches"
shop allnet,"Navigational, Transactional",26,260,50,0.00,"Sitelinks, Reviews, Related searches"
sim internet,Commercial,36,260,39,4.38,"Video, People also ask, Related searches, Ads top, Ads middle"
sim kart,Commercial,30,260,40,6.95,"Video, People also ask, Related searches, Popular products, Ads top, Ads middle"
sim karte 4g,Commercial,30,260,12,1.92,"Reviews, People also ask, Related searches, Popular products"
sim karte o2 ohne vertrag,Transactional,30,260,35,1.52,"Reviews, People also ask, Related searches"
sim karten im vergleich,Commercial,33,260,45,4.30,"Reviews, Video, People also ask, Related searches"
sim karten kaufen,Transactional,32,260,38,6.09,"Reviews, Video, People also ask, Knowledge panel, Related searches"
sim karten vergleich,Commercial,35,260,50,4.30,"Reviews, Video, People also ask, Related searches, Ads top, Ads bottom"
simkarte angebot,Commercial,33,260,69,4.94,"Reviews, Video, People also ask, Related searches"
simkarte vertrag,Commercial,37,260,66,11.91,"Reviews, Video, People also ask, Related searches"
simplytel angebote,Transactional,34,260,12,1.10,"Reviews, People also ask, Related searches"
sky abo fußball,Transactional,42,260,41,1.05,"Reviews, Video, People also ask, Related searches"
sky bestellen,Transactional,39,260,39,2.96,"Reviews, Image, People also ask, Related searches, Ads top"
sky bundesliga kostenlos,"Informational, Transactional",40,260,44,0.72,"Sitelinks, Reviews, People also ask, Related searches"
sky fußball abo,Transactional,44,260,39,1.05,"Reviews, Video, Related searches"
sky go bundesliga,"Navigational, Transactional",42,260,42,1.03,"Sitelinks, Reviews, Video, Related searches"
sky go online schauen,"Informational, Transactional",46,260,52,0.75,"Reviews, Video, People also ask, Related searches, Ads bottom"
sky go programm,Transactional,36,260,42,0.00,"Reviews, People also ask, Related searches"
sky komplett,"Informational, Transactional",37,260,26,1.97,"Sitelinks, Reviews, Image, Video, People also ask, Related searches, Ads top, Ads middle"
sky mit sat receiver,Transactional,34,260,36,2.45,"Reviews, Video carousel, People also ask, Related searches, Popular products, Ads top, Ads bottom"
sky network,Transactional,32,260,58,1.64,"People also ask, Related searches"
sky serie,Transactional,36,260,40,1.56,"AI Overview, Reviews, Video, People also ask, Related searches"
sky sport abo kosten,"Informational, Transactional",37,260,44,1.33,"AI Overview, Reviews, Video, People also ask, Related searches"
sky sport tagesticket,Transactional,36,260,23,3.50,"Reviews, Video, People also ask, Related searches, Ads bottom"
sky tv box,"Informational, Transactional",34,260,38,2.05,"Reviews, Image, Image pack, Video, People also ask, Related searches, Popular products"
sky tv stick,Commercial,34,260,34,1.44,"Reviews, Image, Video, People also ask, Related searches, Popular products"
sky wo kaufen,"Informational, Transactional",38,260,37,0.74,"AI Overview, Reviews, Video, People also ask, Related searches"
smartmobil de servicewelt,"Navigational, Transactional",31,260,18,0.00,"Sitelinks, Reviews, People also ask, Related searches"
smartmobil servicewelt login,"Navigational, Transactional",33,260,21,0.00,"Sitelinks, People also ask, Related searches"
smartphone angebote vertrag,Commercial,38,260,45,1.26,"Reviews, Video, People also ask, Related searches, Popular products"
smartphone günstig mit vertrag,Commercial,40,260,49,1.47,"Reviews, Video, Related searches, Popular products, Ads bottom"
smartphone mit telekom vertrag,"Navigational, Commercial",37,260,50,1.44,"Reviews, Video, People also ask, Related searches, Popular products, Ads top, Ads bottom"
smartphone vertrag günstig,Commercial,40,260,56,1.47,"Reviews, Video, People also ask, Related searches, Popular products, Ads top, Ads middle"
sparhandy handy mit vertrag,Transactional,33,260,31,1.34,"Video, Related searches, Popular products, Ads top, Ads bottom"
startseite to stream,"Navigational, Transactional",36,260,36,0.00,"Sitelinks, AI Overview, Reviews, Related searches"
stick telekom,Transactional,38,260,24,0.35,"Reviews, Video, People also ask, Related searches, Popular products"
stream web,Commercial,37,260,83,1.41,"Reviews, Video, People also ask, Related searches, Ads top, Ads middle"
streaming angebot,Commercial,50,260,45,1.63,"AI Overview, Reviews, Video, People also ask, Related searches, Ads bottom"
streaming deutschland,"Informational, Commercial",51,260,92,1.54,"Reviews, Video, People also ask, Related searches"
streaming media stick,Commercial,44,260,24,0.89,"Video, Video carousel, People also ask, Related searches, Popular products"
störung yourfone,"Navigational, Transactional",31,260,19,0.00,"Reviews, People also ask, Related searches"
störungen winsim,"Informational, Transactional",30,260,24,0.00,"Reviews, People also ask, Related searches"
super rtl kostenlos,Commercial,39,260,49,0.00,"Reviews, Video, People also ask, Related searches, Ads middle"
t mobile netzabdeckung,Transactional,39,260,34,3.48,"Reviews, Video, People also ask, Related searches, Ads bottom"
t online handyvertrag,Commercial,40,260,40,0.69,"Reviews, People also ask, Related searches"
tablet mit handyvertrag,Commercial,39,260,22,1.38,"Reviews, People also ask, Related searches, Popular products"
tagesticket sky bundesliga,Commercial,40,260,20,3.47,"Reviews, People also ask, Related searches"
tarif daten,Commercial,40,260,43,2.68,"AI Overview, Reviews, Video, People also ask, Related searches"
tarif handy günstig,Commercial,40,260,49,1.97,"Reviews, Video, People also ask, Related searches, Popular products"
tarif mit handy vergleich,Commercial,38,260,46,2.37,"Sitelinks, Reviews, Video, Related searches, Ads bottom"
tarife d netz,"Informational, Commercial",40,260,30,2.69,"Sitelinks, AI Overview, Reviews, Video, People also ask, Related searches"
tarife d1 netz,Commercial,40,260,31,2.31,"Sitelinks, Reviews, Video, People also ask, Related searches, Ads top, Ads bottom"
tarife internet und festnetz,Commercial,46,260,46,0.96,"Reviews, Video, People also ask, Related searches"
tarife mit handy vergleich,Commercial,36,260,48,2.37,"Reviews, Video, Related searches, Popular products, Ads top, Ads middle"
tarife mobilfunk,Commercial,38,260,71,3.33,"AI Overview, Reviews, Video, People also ask, Related searches"
tarife telekom glasfaser,"Navigational, Commercial",40,260,33,1.97,"Sitelinks, Reviews, People also ask, Related searches"
telefon internet anbieter,Commercial,44,260,45,2.03,"Reviews, Video, People also ask, Related searches"
telefon shop,Commercial,32,260,53,1.86,"Reviews, Video, People also ask, Related searches, Popular products"
telefon und internet vergleich anbieter,Commercial,41,260,50,1.78,"Sitelinks, AI Overview, Reviews, Video, People also ask, Related searches, Ads top, Ads middle"
telefon und internetanbieter im vergleich,Commercial,41,260,42,1.78,"AI Overview, Reviews, Video, People also ask, Related searches, Ads top, Ads middle"
telefonanbieter im vergleich,Commercial,37,260,49,1.60,"AI Overview, Reviews, Video, People also ask, Related searches, Ads top, Ads middle"
telefonanbieter und internet vergleich,Commercial,39,260,46,1.78,"AI Overview, Reviews, Video, Related searches"
telekom 5g karte,"Informational, Transactional",41,260,31,5.19,"Reviews, People also ask, Related searches"
telekom 5g netzabdeckung,Transactional,38,260,32,3.70,"Reviews, People also ask, Related searches"
telekom angebote wlan,"Navigational, Transactional",39,260,42,3.90,"AI Overview, Reviews, People also ask, Related searches"
telekom geschwindigkeit adresse,Transactional,41,260,21,3.25,"Reviews, People also ask, Related searches, Ads top, Ads bottom"
telekom handytarife mit handy,Transactional,39,260,37,0.96,"Reviews, People also ask, Related searches"
telekom internet anmelden,"Navigational, Transactional",41,260,36,3.39,"AI Overview, Video, People also ask, Related searches, Ads top, Ads bottom"
telekom internet festnetz,Transactional,45,260,34,2.29,"Reviews, People also ask, Related searches, Ads top, Ads bottom"
telekom internet germany,"Navigational, Transactional",45,260,62,4.10,"Reviews, People also ask, Related searches"
telekom internet home,Transactional,43,260,36,2.72,"Reviews, Video, People also ask, Related searches, Ads top, Ads middle"
telekom internet tv,"Navigational, Transactional",46,260,57,2.55,"Reviews, Video, People also ask, Related searches"
telekom internet verfügbarkeitscheck,"Navigational, Transactional",47,260,21,2.29,"People also ask, Related searches, Ads top, Ads bottom"
telekom magenta app,Commercial,38,260,45,0.69,"Reviews, Video, Video carousel, People also ask, Related searches, Ads top"
telekom magenta receiver,"Informational, Transactional",36,260,27,2.04,"Reviews, Video, Video carousel, People also ask, Related searches"
telekom magenta tv-stick,"Informational, Transactional",44,260,26,0.32,"Reviews, Video, People also ask, Related searches"
telekom mobilfunk netzabdeckung,"Informational, Transactional",41,260,46,4.33,"Reviews, Video, People also ask, Related searches"
telekom mobilfunkverträge,Transactional,41,260,43,2.57,"Reviews, People also ask, Related searches"
telekom netzausbau karte,"Navigational, Transactional",41,260,36,2.72,"Reviews, Related searches"
telekom oder vodafone netz,"Informational, Commercial",41,260,35,1.84,"AI Overview, Reviews, Video, People also ask, Related searches"
telekom tarif ohne handy,Commercial,39,260,42,1.28,"Video, People also ask, Related searches"
telekom verfügbarkeit karte,"Navigational, Transactional",42,260,48,5.24,"Reviews, Image pack, People also ask, Related searches"
telekom vertrag günstig,Commercial,41,260,42,1.44,"Reviews, Video, People also ask, Related searches, Ads top"
telekom vertrag smartphone,"Informational, Transactional",38,260,51,1.44,"Reviews, Video, People also ask, Related searches, Popular products"
television rtl,"Informational, Transactional",40,260,76,0.58,"Reviews, Video, People also ask, Top stories, Related searches"
test tv box,"Informational, Commercial",50,260,31,0.28,"Sitelinks, Reviews, Video, Video carousel, People also ask, Related searches"
top handyverträge,Commercial,43,260,55,2.14,"Video, People also ask, Related searches, Popular products"
tv 14 aktuelle ausgabe,Commercial,32,260,10,0.00,"AI Overview, Reviews, People also ask, Related searches"
tv 4 wochen,Commercial,34,260,25,1.12,"AI Overview, Image, Video, People also ask, Knowledge panel, Related searches"
tv anbieter check24,Transactional,45,260,43,0.47,"AI Overview, Reviews, Video, People also ask, Related searches, Ads top, Ads bottom"
tv box telekom,"Informational, Transactional",40,260,29,2.31,"Reviews, Video, People also ask, Related searches, Popular products"
tv für mich aktuelle ausgabe,Commercial,35,260,10,0.00,"Reviews, Image, Video, People also ask, Related searches"
tv internet stick,Commercial,46,260,35,1.27,"Sitelinks, Reviews, Video, People also ask, Related searches, Popular products"
tv kabel 1 heute,Commercial,40,260,24,0.00,"Video, People also ask, Related searches"
tv live rtl,"Navigational, Transactional",43,260,58,0.66,"Reviews, Video, People also ask, Top stories, Related searches"
tv mit vertrag,Commercial,45,260,10,2.43,"Reviews, Related searches, Popular products"
tv online free watch tv online live,Commercial,36,260,65,0.00,"AI Overview, Reviews, Video, Related searches"
tv reciever,Commercial,37,260,36,1.00,"Video, People also ask, Related searches, Popular products, Ads bottom"
tv sky,Transactional,36,260,40,1.31,"Reviews, Video, People also ask, Related searches"
tv stick alle sender,Commercial,44,260,24,1.07,"Sitelinks, Reviews, Image pack, Video, Video carousel, People also ask, Related searches, Popular products, Ads middle"
tv stick im vergleich,Commercial,48,260,27,0.66,"Sitelinks, Video, Video carousel, People also ask, Related searches, Ads top, Ads bottom"
tv sticks best,Commercial,39,260,33,0.59,"Featured snippet, Sitelinks, Reviews, Video, Video carousel, Related searches, Popular products, Ads bottom"
tv streaming box,Commercial,46,260,35,1.61,"Sitelinks, Reviews, Video, Video carousel, People also ask, Knowledge panel, Related searches"
tv streaming stick,Commercial,42,260,27,0.81,"Sitelinks, Video, People also ask, Related searches, Popular products"
tv telekom internet,Transactional,48,260,37,2.55,"Reviews, Video, People also ask, Related searches, Ads top, Ads middle"
tv wlan stick,Commercial,40,260,25,0.77,"Sitelinks, Video, People also ask, Related searches"
tvlivestream,Commercial,36,260,66,0.79,"Reviews, Video, People also ask, Related searches"
tvnow login,"Informational, Transactional",37,260,40,0.29,"Sitelinks, Reviews, Video, People also ask, Related searches, Ads top, Ads middle"
türkisches fernsehen,"Informational, Commercial",41,260,27,2.10,"Reviews, Video, People also ask, Related searches"
unlimited internet sim card germany,Commercial,39,260,30,2.62,"Sitelinks, Reviews, Video, People also ask, Related searches"
verfügbare dsl geschwindigkeit,"Informational, Commercial",43,260,47,1.41,"AI Overview, Reviews, Video, People also ask, Related searches, Ads top, Ads middle"
verfügbarkeit dsl telekom prüfen,Transactional,45,260,20,2.14,"Reviews, People also ask, Related searches"
verfügbarkeitsprüfung telekom,Transactional,41,260,27,2.10,"Reviews, Related searches"
vergleich dsl angebote,Commercial,44,260,46,2.52,"Sitelinks, Reviews, Video, People also ask, Related searches"
vergleich fernsehen internet,Commercial,46,260,36,1.49,"Reviews, Video, People also ask, Related searches, Ads top, Ads middle"
vergleich festnetz,Commercial,41,260,42,1.87,"AI Overview, Reviews, Video, People also ask, Related searches"
vergleich glasfaser tarife,Commercial,42,260,29,1.10,"Reviews, Video, People also ask, Related searches"
vergleich handytarif,Commercial,39,260,49,2.64,"Sitelinks, Reviews, People also ask, Related searches, Ads top, Ads middle"
vergleich internet und telefon,Commercial,41,260,52,1.71,"AI Overview, Reviews, Video, People also ask, Related searches, Ads top, Ads middle"
vergleich telefon und internetanbieter,Commercial,43,260,49,1.78,"AI Overview, Reviews, Video, People also ask, Related searches, Ads top, Ads middle"
vergleich telefonanbieter,Commercial,37,260,57,1.60,"AI Overview, Reviews, Video, People also ask, Related searches"
vergleichsportal internetanbieter,Commercial,43,260,50,3.51,"AI Overview, Reviews, Video, Related searches"
verpasste sendung kabel 1,Commercial,36,260,27,0.33,"Reviews, Video, People also ask, Related searches"
vertrag d1 ohne handy,Commercial,38,260,25,2.29,"Sitelinks, Reviews, People also ask, Related searches"
vertrag mit handy billig,Commercial,40,260,51,1.64,"Reviews, Video, People also ask, Related searches"
vertrag mit neuem handy,Commercial,39,260,50,5.17,"Reviews, Video, People also ask, Related searches, Ads bottom"
vertrag ohne handy d1,Commercial,38,260,23,2.29,"Sitelinks, AI Overview, Reviews, Video, Related searches, Ads middle"
vertrag tv,Commercial,44,260,26,2.43,"AI Overview, Reviews, Video, People also ask, Top stories, Related searches"
vertrags sim karte,Commercial,37,260,46,11.69,"Reviews, Video, People also ask, Related searches"
viva premium iptv,Transactional,47,260,14,0.00,"Reviews, People also ask, Related searches"
vodafon tarife ohne handy,Commercial,33,260,49,1.83,"Reviews, People also ask, Related searches, Ads top, Ads middle"
vodafone glasfaser router,"Informational, Transactional",38,260,21,0.82,"Video, People also ask, Related searches, Popular products"
vodafone handy kaufen,Transactional,35,260,50,2.51,"Reviews, People also ask, Local pack, Related searches, Popular products, Ads top, Ads bottom"
vodafone laptop mit vertrag,Commercial,32,260,14,2.74,"Reviews, People also ask, Related searches, Ads top, Ads bottom"
vodafone mobilfunk angebote,Transactional,35,260,52,1.98,"Reviews, Video, People also ask, Related searches"
vodafone sender,"Navigational, Transactional",29,260,38,1.79,"AI Overview, Reviews, Video, People also ask, Related searches, Ads top"
vodafone tarif mit handy,Commercial,36,260,45,2.15,"Reviews, People also ask, Related searches, Ads top, Ads bottom"
vodafone vertrag ohne handy günstiger,Commercial,34,260,35,1.93,"AI Overview, Reviews, Related searches"
vox live stream free,Transactional,34,260,39,0.00,"Reviews, Video, People also ask, Related searches"
voxup livestream kostenlos,Commercial,39,260,25,0.00,"Sitelinks, Reviews, People also ask, Related searches"
waipu amazon fire tv,"Informational, Transactional",37,260,17,0.21,"Reviews, Video, Video carousel, People also ask, Related searches"
waipu stick angebot,"Informational, Transactional",32,260,36,0.12,"Reviews, People also ask, Related searches"
waipu testen,"Navigational, Transactional",28,260,33,0.54,"AI Overview, Reviews, Video, People also ask, Related searches"
waipu tv deal,Transactional,36,260,46,0.25,"Sitelinks, Reviews, People also ask, Related searches"
waipu tv stick 2 generation kaufen,Transactional,46,260,31,0.12,"Video, People also ask, Related searches, Popular products"
waipu tv stick 2.generation,"Informational, Commercial",46,260,25,0.13,"Reviews, Video, Video carousel, People also ask, Popular products"
waipu tv stick 4k,Transactional,36,260,43,0.16,"Reviews, Video, People also ask, Related searches, Popular products"
waipu tv stick mit vertrag,Transactional,38,260,46,0.34,"Reviews, People also ask, Related searches, Ads top, Ads middle"
waipu türkische sender,"Navigational, Transactional",33,260,21,0.15,"AI Overview, Reviews, People also ask, Related searches"
watch live television online for free,Commercial,35,260,72,1.31,"AI Overview, Reviews, Video, People also ask, Related searches, Ads middle"
welche iptv box ist die beste,Commercial,50,260,21,0.00,"Video, People also ask, Related searches, Popular products"
welcher fire tv stick ist der beste,Commercial,38,260,30,0.34,"Sitelinks, AI Overview, Reviews, Video, Video carousel, People also ask, Related searches"
welcher mobilfunkanbieter ist der beste,Commercial,39,260,34,2.40,"Reviews, Video, Video carousel, Short videos, People also ask"
welcher router ist am besten,Commercial,34,260,27,0.39,"Sitelinks, Reviews, Video, Video carousel, People also ask, Related searches"
welcher tv anbieter ist der beste,Commercial,49,260,39,1.55,"Sitelinks, AI Overview, Reviews, Image, Video, People also ask, Related searches"
welches ist das beste mobilfunknetz,Commercial,40,260,30,2.32,"AI Overview, Reviews, Video, Video carousel, Short videos, People also ask, Related searches"
welches mobilfunknetz ist am besten,Commercial,39,260,39,2.32,"AI Overview, Reviews, Video, Video carousel, Short videos, People also ask, Related searches, Ads bottom, Ads middle"
winsim angebote handy,"Navigational, Transactional",31,260,24,1.21,"Sitelinks, Reviews, People also ask, Related searches, Popular products"
wlan anbieter im vergleich,Commercial,36,260,48,4.94,"AI Overview, Reviews, People also ask, Related searches"
wlan anbieter ohne telefon,"Informational, Commercial",36,260,32,1.80,"AI Overview, Reviews, Video, People also ask, Related searches"
wlan angebot,Commercial,42,260,42,3.89,"Reviews, Video, People also ask, Related searches, Ads top, Ads middle"
wlan angebote telekom,Transactional,42,260,37,2.71,"Reviews, People also ask, Related searches"
wlan dsl,Commercial,37,260,53,8.96,"Reviews, Video, People also ask, Related searches"
wlan fernseher klein,Commercial,37,260,25,0.17,"Image, Image pack, People also ask, Related searches, Popular products"
wlan geräte,Commercial,39,260,21,1.56,"Reviews, Video, Video carousel, People also ask, Related searches, Popular products"
wlan günstig anbieter,Commercial,42,260,50,3.90,"Reviews, Video, People also ask, Related searches, Popular products"
wlan mit modem,Commercial,37,260,30,2.56,"Reviews, Video, Video carousel, People also ask, Related searches, Popular products"
wlan modem,Commercial,35,260,32,2.16,"Video, People also ask, Related searches, Popular products"
wlan router für dsl,Commercial,39,260,34,2.69,"Sitelinks, Reviews, Video, People also ask, Related searches, Popular products, Ads top, Ads bottom"
wlan router media markt,Transactional,41,260,30,0.35,"Sitelinks, Video, People also ask, Related searches, Popular products"
wlan router mit bester reichweite,Commercial,37,260,23,0.35,"Sitelinks, Reviews, Video, People also ask, Related searches, Popular products"
wlan router vergleich,Commercial,33,260,29,2.29,"Sitelinks, Reviews, Video, Video carousel, People also ask, Related searches, Ads bottom"
wlan stick tv,Commercial,43,260,24,0.77,"Sitelinks, Reviews, Video, People also ask, Related searches, Popular products"
wlan vergleichen,Commercial,37,260,58,6.90,"Reviews, Video, People also ask, Related searches, Ads bottom"
wow angebote bundesliga,"Informational, Commercial",39,260,27,1.24,"AI Overview, Reviews, Video, People also ask, Related searches, Ads top, Ads bottom"
wow live tv,Commercial,38,260,31,1.13,"AI Overview, Reviews, Video, People also ask, Related searches"
wow mit sky abo nutzen,"Informational, Commercial",45,260,17,2.89,"AI Overview, Reviews, Video, People also ask, Related searches, Ads bottom, Ads middle"
www dazn com mein konto,"Navigational, Transactional",38,260,55,0.18,"AI Overview, Video, Related searches"
zattoo alternative,"Informational, Commercial",36,260,28,0.80,"Sitelinks, AI Overview, Reviews, Video, People also ask, Related searches"
zattoo kostenlos rtl,"Informational, Transactional",38,260,50,0.73,"Reviews, Video, People also ask, Related searches"
zattoo vs waipu,Commercial,31,260,23,1.99,"Sitelinks, AI Overview, Reviews, Video, People also ask, Related searches"
1 & 1 cinema,"Informational, Transactional",38,210,27,0.00,"AI Overview, Reviews, Image, Video, People also ask, Related searches"
1 vertrag mit 2 handys,Commercial,40,210,30,2.13,"Reviews, People also ask, Related searches, Popular products, Ads bottom"
1&1 all net flat m,"Navigational, Transactional",33,210,32,1.10,"Reviews, People also ask, Related searches"
1&1 fernseh,Transactional,47,210,42,0.77,"Video, People also ask, Related searches, Ads top, Ads bottom"
1&1 fernsehen dazubuchen,"Informational, Transactional",45,210,30,0.71,"AI Overview, Reviews, Video, People also ask, Related searches"
1&1 handy tarife,Commercial,36,210,47,1.07,"Reviews, People also ask, Related searches"
1&1 netzabdeckung prüfen,Commercial,41,210,44,0.00,"Reviews, People also ask, Related searches"
1&1 tv stick kaufen,Transactional,48,210,34,0.84,"Reviews, People also ask, Related searches"
1&1 tv-box,"Informational, Transactional",42,210,28,0.94,"Reviews, Video, Video carousel, People also ask, Related searches"
10gb datenvolumen,Commercial,37,210,23,2.59,"Reviews, Video, People also ask, Related searches, Popular products, Ads bottom"
1und1 tv stick,"Navigational, Transactional",42,210,33,0.79,"Reviews, Image, Image pack, Video, Video carousel, People also ask, Related searches, Popular products"
2 bundesliga live stream kostenlos ausland,Commercial,45,210,22,0.85,"Sitelinks, Reviews, Video, Related searches"
2ix2 formel 1 live,"Navigational, Transactional",34,210,35,0.00,"Video, People also ask, Related searches"
2ix2 nitro,"Navigational, Transactional",30,210,31,0.00,"Sitelinks, Reviews, Video, Related searches"
2ix2 pro7,"Navigational, Transactional",31,210,38,0.00,"Sitelinks, Reviews, Video, People also ask, Related searches"
50 mbit s dsl,Commercial,38,210,19,2.08,"Sitelinks, Reviews, People also ask, Related searches"
5g karte,Commercial,38,210,48,1.43,"Reviews, Image, Image pack, People also ask, Related searches"
5g masten karte,Commercial,35,210,52,1.45,"Reviews, Image pack, Video, People also ask, Related searches"
5g netz abdeckung,Commercial,37,210,42,0.87,"Reviews, Image pack, Video, People also ask, Related searches"
abdeckung vodafone,Transactional,39,210,32,1.90,"Reviews, Video, People also ask, Related searches, Popular products, Ads top, Ads middle"
abo bundesliga,Commercial,37,210,27,1.74,"Reviews, Video, People also ask, Related searches"
abonnement netflix,"Navigational, Transactional",38,210,51,1.31,"AI Overview, Reviews, People also ask, Related searches"
airtel xstream stick,"Informational, Transactional",48,210,34,0.00,"Reviews, Image pack, Video, Video carousel, People also ask, Related searches"
allnet flat handy,Commercial,35,210,34,2.09,"Reviews, Video, People also ask, Related searches, Popular products"
allnet flats,Commercial,35,210,30,3.36,"Reviews, Video, People also ask, Related searches, Popular products, Ads top, Ads middle"
alternative live tv,"Informational, Commercial",38,210,30,2.55,"Video, People also ask, Related searches"
alternative zattoo,"Informational, Commercial",35,210,24,0.77,"AI Overview, Reviews, Video, Video carousel, People also ask, Related searches, Ads bottom"
alternative zu waipu tv,"Informational, Commercial",41,210,28,0.66,"Sitelinks, AI Overview, Reviews, Video, People also ask, Related searches"
anbieter festnetz und internet,Commercial,44,210,51,1.50,"Sitelinks, Reviews, Video, People also ask, Related searches"
anbieter für fernsehen,"Informational, Commercial",53,210,35,2.50,"AI Overview, Reviews, Video, People also ask, Related searches"
android media streaming box,"Informational, Transactional",40,210,24,0.50,"Video, People also ask, Related searches, Popular products"
android os for smart tv,"Informational, Transactional",35,210,48,0.22,"Reviews, Video, Video carousel, People also ask, Related searches, Popular products"
android smart television,"Informational, Commercial",33,210,24,0.22,"Video, Video carousel, People also ask, Related searches, Popular products"
android smart televizori,"Informational, Transactional",35,210,27,0.21,"Reviews, Video, People also ask, Knowledge panel, Related searches, Popular products"
angebot handytarife,Commercial,39,210,46,2.63,"Video, People also ask, Related searches"
angebot handyvertrag,Commercial,41,210,52,1.74,"AI Overview, Reviews, Video, People also ask, Related searches, Ads top, Ads middle"
angebot internet und festnetz,Commercial,49,210,,1.26,"AI Overview, Reviews, Video, People also ask, Related searches, Ads top, Ads middle"
angebote handytarif,Commercial,39,210,53,1.96,"Sitelinks, Reviews, Video, People also ask, Related searches, Ads top, Ads middle"
angebote handyvertrag media markt,"Informational, Transactional",33,210,26,0.86,"Sitelinks, Reviews, Video, People also ask, Related searches, Popular products"
angebote handyvertrag ohne handy,Commercial,39,210,32,2.83,"Reviews, Video, People also ask, Related searches, Popular products"
apn sim de,"Navigational, Transactional",33,210,19,0.00,"AI Overview, Reviews, Video, People also ask, Related searches"
app sky sport,Commercial,37,210,47,1.24,"Reviews, Video, People also ask, Related searches, Ads top, Ads bottom"
apple tv telekom,"Informational, Transactional",45,210,21,4.68,"Reviews, Video, Video carousel, People also ask, Related searches"
apple vs fire tv,Commercial,35,210,10,0.00,"AI Overview, Reviews, Image pack, Video, Video carousel, People also ask, Related searches"
avm router glasfaser,Commercial,33,210,34,0.17,"Sitelinks, Reviews, Video, Video carousel, People also ask, Related searches, Popular products"
best iptv provider,Commercial,46,210,43,0.00,"AI Overview, Video, Video carousel, People also ask, Related searches"
beste handy verträge,Commercial,43,210,50,2.43,"Video, People also ask, Related searches, Ads top"
beste handytarife ohne vertrag,Commercial,37,210,50,1.88,"Reviews, Video, People also ask, Related searches, Popular products"
beste handyvertrag,Commercial,43,210,51,2.82,"AI Overview, Reviews, Video, People also ask, Related searches"
beste iptv app für fire stick,Commercial,44,210,7,0.00,"Sitelinks, AI Overview, Video, Video carousel, People also ask, Related searches"
beste iptv player,Commercial,48,210,21,0.00,"AI Overview, Reviews, Video, Video carousel, People also ask, Related searches"
beste iptv player android,Commercial,47,210,18,0.00,"Sitelinks, AI Overview, Reviews, Video, Video carousel, People also ask, Related searches"
beste tv app kostenlos,Commercial,40,210,44,0.58,"AI Overview, Reviews, Video, People also ask, Related searches"
beste tv box,Commercial,44,210,28,0.63,"Reviews, Video, People also ask, Related searches, Popular products, Ads bottom"
besten handyverträge mit handy,Commercial,38,210,49,1.60,"Sitelinks, Reviews, Video, People also ask, Related searches, Ads top, Ads middle"
besten router,Commercial,34,210,24,0.59,"Sitelinks, Reviews, Video, Video carousel, People also ask, Related searches"
bester android tv box,Commercial,36,210,23,0.27,"Sitelinks, Reviews, Video, Video carousel, People also ask, Related searches, Popular products"
bester glasfaser anbieter,Commercial,43,210,43,1.23,"AI Overview, Reviews, Video, People also ask, Related searches, Ads top, Ads middle"
bester internetanbieter deutschland,Commercial,48,210,35,2.07,"Reviews, Video, People also ask, Related searches"
bester iptv anbieter illegal,Commercial,47,210,27,0.00,"AI Overview, Reviews, Video, People also ask, Related searches"
bester iptv-anbieter illegal,Commercial,47,210,29,0.00,"AI Overview, Reviews, Video, People also ask, Related searches"
bester kabel router,Commercial,35,210,27,0.87,"Sitelinks, Video, People also ask, Related searches, Popular products"
bester streaming stick,Commercial,41,210,35,0.64,"Sitelinks, Reviews, Instant answer, Video, People also ask, Related searches, Popular products"
bestes mobilfunknetz,Commercial,41,210,41,2.07,"AI Overview, Reviews, Video, Video carousel, People also ask, Related searches"
bestes netflix angebot,Commercial,48,210,,0.92,"AI Overview, Reviews, Video, People also ask, Related searches, Ads bottom"
billig dsl,Commercial,44,210,42,2.77,"Sitelinks, Reviews, Video, People also ask, Related searches, Popular products"
billiger internetanbieter,Commercial,46,210,45,2.42,"Reviews, Video, People also ask, Related searches, Ads top, Ads bottom"
billiger tarif handy,Commercial,36,210,57,2.28,"AI Overview, Reviews, Video, People also ask, Related searches, Ads top, Ads middle"
billigste handytarife,Commercial,37,210,55,2.29,"Sitelinks, People also ask, Related searches"
billigste vertrag mit handy,Commercial,39,210,51,1.64,"Reviews, Video, People also ask, Related searches"
blau de handys,"Navigational, Transactional",31,210,33,0.75,"Reviews, Video, Related searches"
blau de tarife mit handy,Transactional,35,210,42,0.73,"AI Overview, People also ask, Related searches, Ads top, Ads bottom"
blau vertrag handy,"Informational, Transactional",37,210,43,1.36,"Reviews, People also ask, Related searches, Popular products"
blau.de handys,"Navigational, Transactional",35,210,40,0.75,"Reviews, Video, People also ask, Related searches"
bundesliga paket sky,Transactional,42,210,48,2.03,"AI Overview, Reviews, Video, People also ask, Related searches, Ads top"
bundle handyvertrag,"Informational, Commercial",37,210,13,1.68,"Reviews, Related searches, Ads bottom"
coverage checker telekom,"Navigational, Transactional",42,210,47,5.76,"Sitelinks, Related searches, Ads top, Ads bottom"
d netz handyvertrag,Commercial,40,210,27,3.39,"AI Overview, Reviews, Video, Related searches, Ads bottom, Ads middle"
d1 günstige tarife,Commercial,40,210,22,2.15,"Sitelinks, AI Overview, Reviews, Video, People also ask, Related searches"
d2 tarife,Commercial,33,210,30,1.46,"Sitelinks, Reviews, Video, People also ask, Related searches"
daten tarif,Commercial,39,210,36,2.19,"Reviews, Video, People also ask, Related searches"
dazn sky angebot,"Informational, Transactional",40,210,53,1.13,"Reviews, People also ask, Related searches"
deutsche glasfaser ausfall,"Informational, Transactional",39,210,31,0.29,"Reviews, People also ask, Related searches"
die besten streaming dienste,Commercial,44,210,34,1.37,"AI Overview, Reviews, Video, People also ask, Related searches, Ads middle"
digitale fernseher,"Informational, Transactional",46,210,25,1.70,"Reviews, Video, People also ask, Knowledge panel, Related searches, Popular products, Ads bottom"
dsl angebote günstig,Commercial,44,210,38,2.55,"Sitelinks, Reviews, Video, People also ask, Related searches"
dsl berlin,Commercial,44,210,50,4.33,"AI Overview, Reviews, Video, People also ask, Related searches"
dsl dauerhaft günstig,Commercial,43,210,37,1.54,"Sitelinks, Reviews, Video, People also ask, Related searches, Ads top, Ads middle"
dsl mit festnetz,Commercial,44,210,51,2.02,"AI Overview, Reviews, Video, Related searches"
dsl mit wlan router,Commercial,37,210,31,2.69,"Sitelinks, Reviews, Video, People also ask, Related searches, Popular products, Ads top, Ads bottom"
dsl router wlan,Commercial,33,210,32,2.69,"Reviews, Video, People also ask, Related searches, Popular products"
dsl tarife im vergleich,Commercial,43,210,47,1.95,"Sitelinks, Reviews, Video, People also ask, Related searches"
dsl vergleich check24,"Navigational, Commercial",39,210,59,1.55,"Sitelinks, Reviews, Video, People also ask, Related searches"
dsl vergleiche,Commercial,43,210,48,3.19,"Sitelinks, AI Overview, Reviews, Video, Related searches"
dsl-anbieter,Commercial,49,210,42,4.33,"AI Overview, Video, People also ask, Related searches"
dsl100,Commercial,34,210,14,2.33,"Video, People also ask, Related searches, Ads top, Ads bottom"
e stream online,Commercial,34,210,9,1.20,"Reviews, Video, Related searches"
entertain von telekom,Transactional,42,210,56,3.87,"AI Overview, Reviews, Video, People also ask, Related searches, Ads top, Ads middle"
familientarif mit handy,Commercial,41,210,26,1.29,"AI Overview, Reviews, Video, People also ask, Related searches, Ads top"
fernsehen frei,Commercial,40,210,47,0.53,"Sitelinks, Reviews, Video, People also ask, Knowledge panel, Related searches, Ads bottom"
fernsehen internet telefon komplettpakete vergleich,Commercial,45,210,39,0.79,"AI Overview, Reviews, Video, People also ask, Related searches"
fernsehen internet vergleich,Commercial,51,210,37,1.61,"Sitelinks, AI Overview, Reviews, Video, People also ask, Related searches"
fernsehen kostenlos live stream,Commercial,41,210,63,0.90,"AI Overview, Reviews, Video, People also ask, Related searches"
fernsehen kostenlos und ohne anmeldung,"Informational, Transactional",39,210,33,0.42,"Reviews, Video, People also ask, Related searches, Ads bottom"
fernsehen mit stick,Commercial,43,210,34,1.49,"Sitelinks, Reviews, Video, People also ask, Related searches, Popular products"
fernsehen über internet kostenlos ohne anmeldung,"Informational, Transactional",41,210,31,0.29,"AI Overview, Reviews, Video, People also ask, Related searches, Ads bottom, Ads middle"
fernsehen über internet stick,Commercial,48,210,33,1.21,"Sitelinks, Reviews, Video, People also ask, Related searches, Popular products"
fernsehen über internet telekom,Commercial,46,210,48,2.24,"AI Overview, Reviews, Video, People also ask, Related searches, Ads bottom, Ads middle"
fernseher mit antennenanschluss,Commercial,38,210,24,0.51,"Reviews, Video, People also ask, Related searches, Popular products"
fernseher mit handyvertrag,Commercial,45,210,10,1.64,"Reviews, Related searches"
fernseher stick,Commercial,44,210,33,1.97,"Sitelinks, Reviews, Video, People also ask, Related searches, Ads bottom"
fernsehschauen,Commercial,38,210,23,0.97,"AI Overview, Reviews, Video, People also ask, Related searches, Ads bottom"
festnetz günstig,Commercial,43,210,46,1.56,"Reviews, Video, People also ask, Related searches"
festnetz tarife vergleich,Commercial,41,210,45,1.30,"Reviews, People also ask, Related searches"
festnetz und dsl,Commercial,47,210,50,1.61,"AI Overview, Reviews, Video, People also ask, Related searches, Ads top, Ads middle"
festnetzanbieter vergleich,"Informational, Commercial",41,210,37,1.29,"AI Overview, Reviews, People also ask, Related searches"
festnetzanschluss günstig,Commercial,44,210,49,1.02,"Reviews, People also ask, Related searches"
fiber router,"Informational, Commercial",34,210,16,0.77,"Reviews, Image pack, Video, Video carousel, People also ask, Related searches, Popular products"
film serien,Commercial,31,210,45,0.00,"Video, People also ask, Related searches"
fire tv stick vs apple tv,Commercial,35,210,26,0.00,"AI Overview, Reviews, Video, Video carousel, People also ask, Related searches"
flat internet mobil,Commercial,41,210,38,2.34,"Reviews, Video, People also ask, Related searches"
flatrate vertrag ohne handy,Commercial,39,210,28,2.24,"Reviews, Video, People also ask, Related searches, Ads middle"
free tv online,Commercial,37,210,57,0.94,"AI Overview, Reviews, Video, Related searches"
funkmast in der nähe,Commercial,35,210,28,0.64,"Reviews, Image, Video, People also ask, Related searches"
funkmasten in der nähe,Commercial,35,210,33,0.93,"Reviews, Video, People also ask, Related searches, Ads bottom"
fürs handy,"Informational, Transactional",32,210,41,1.44,"Reviews, Video, Video carousel, People also ask, Related searches, Popular products"
germaniptv,Commercial,61,210,17,0.88,"Video, People also ask, Related searches"
glasfaser anmelden,Transactional,39,210,26,3.93,"AI Overview, Reviews, Video, People also ask, Related searches"
glasfaser bestellen,Commercial,39,210,46,4.28,"Reviews, Video, People also ask, Related searches, Ads top, Ads middle"
glasfaser tarife vergleichen,Commercial,41,210,28,0.90,"People also ask, Related searches"
glasfaser-anbieter vergleich,Commercial,43,210,32,1.14,"AI Overview, Reviews, Video, People also ask, Related searches"
glasfaser-dsl,Commercial,43,210,28,1.75,"AI Overview, Reviews, Video, People also ask, Related searches"
glasfaser-tarife vergleich check24,"Navigational, Commercial",48,210,38,0.28,"Sitelinks, Reviews, People also ask, Related searches"
gratis live tv,Commercial,40,210,54,0.82,"Reviews, Video, Related searches"
gratis serien schauen,Commercial,38,210,52,0.67,"Reviews, Video, Related searches"
guenstige mobilfunktarife,Commercial,40,210,44,3.14,"Reviews, Video, People also ask, Related searches"
gute handytarife,Commercial,39,210,46,2.87,"Reviews, Video, People also ask, Related searches"
günstig handy vertrag,Commercial,40,210,50,3.34,"Reviews, Video, People also ask, Related searches, Popular products, Ads top, Ads bottom"
günstige d1 tarife,Commercial,38,210,27,2.15,"Sitelinks, Reviews, Video, People also ask, Related searches, Ads top, Ads bottom"
günstige handy angebote,Commercial,32,210,48,0.89,"Reviews, Video, People also ask, Related searches, Popular products"
günstige handy flat,Commercial,39,210,40,3.33,"Sitelinks, Reviews, People also ask, Related searches"
günstige handys mit tarif,Commercial,39,210,47,1.97,"Reviews, Video, Related searches, Popular products"
günstige handytarife mit smartphone,Commercial,36,210,52,1.17,"Reviews, Video, People also ask, Related searches, Popular products"
günstige handytarife telekom,Commercial,38,210,32,1.29,"Reviews, People also ask, Related searches"
günstige handyvertrag mit handy,Commercial,40,210,50,1.89,"Reviews, Video, People also ask, Related searches"
günstige handyverträge bei vodafone,Commercial,37,210,42,2.39,"Reviews, Video, People also ask, Related searches, Ads top, Ads middle"
günstige handyverträge iphone,Commercial,38,210,28,1.74,"People also ask, Related searches, Popular products"
günstige handyverträge von vodafone,Commercial,35,210,39,2.39,"Reviews, Video, People also ask, Related searches"
günstige ipad verträge,Commercial,38,210,14,2.03,"Reviews, Video, People also ask, Related searches, Popular products"
günstige sim,Commercial,35,210,67,4.72,"Reviews, Video, People also ask, Related searches, Popular products, Ads middle"
günstige sim karte vertrag,Commercial,35,210,65,4.11,"Reviews, Video, People also ask, Related searches, Popular products"
günstige sim karten,Commercial,33,210,44,4.62,"Reviews, Video, People also ask, Related searches, Popular products"
günstige sim tarife,Commercial,37,210,54,4.21,"Reviews, Video, People also ask, Related searches, Ads bottom"
günstige sim-karte,Commercial,36,210,54,4.62,"Reviews, Video, People also ask, Related searches, Popular products"
günstige smartphone tarife,Commercial,40,210,50,2.26,"Reviews, Video, People also ask, Related searches, Ads bottom"
günstige smartphone verträge,Commercial,40,210,49,1.47,"Reviews, Video, People also ask, Related searches"
günstige smartphones mit tarif,Commercial,37,210,44,2.26,"Reviews, Video, Related searches, Popular products"
günstige tarife,Commercial,37,210,50,4.03,"Reviews, Video, People also ask, Related searches, Ads middle"
günstige verträge handy,Commercial,40,210,51,2.11,"Reviews, Video, People also ask, Related searches, Popular products, Ads top, Ads middle"
günstige verträge ohne handy,Commercial,35,210,27,4.40,"Video, People also ask, Related searches"
günstigen handytarif,Commercial,39,210,56,2.79,"Sitelinks, People also ask, Related searches"
günstiger dsl,Commercial,44,210,40,2.72,"Sitelinks, AI Overview, Reviews, Video, Related searches, Ads top, Ads middle"
günstiger handyvertrag bei telekom,Commercial,39,210,48,1.65,"Reviews, Video, People also ask, Related searches"
günstiger telekom handyvertrag,Commercial,38,210,47,1.65,"Reviews, People also ask, Related searches, Ads top, Ads middle"
günstigste allnet flat,Commercial,38,210,29,3.39,"Sitelinks, Reviews, Video, People also ask, Related searches, Ads top, Ads middle"
günstigsten handyverträge,Commercial,39,210,58,2.51,"Reviews, Video, People also ask, Related searches"
günstigster anbieter internet,Commercial,45,210,49,2.45,"AI Overview, Reviews, Video, People also ask, Related searches, Ads top, Ads middle"
günstigster dsl tarif,Commercial,44,210,47,1.78,"Video, People also ask, Related searches, Ads top, Ads middle"
günstigster internet vertrag,"Informational, Commercial",45,210,44,4.13,"AI Overview, Reviews, Video, People also ask, Related searches, Ads top, Ads middle"
habdy vertrag,Commercial,34,210,50,4.30,"Reviews, Video, People also ask"
handy angebote aktuell,Commercial,37,210,47,0.70,"Reviews, Video, People also ask, Related searches, Popular products, Ads bottom"
handy angebote mit vertrag bei saturn,Transactional,32,210,43,0.65,"Reviews, Video, People also ask, Related searches, Popular products"
handy angebote mit vertrag media markt,"Navigational, Transactional",32,210,41,0.64,"Sitelinks, People also ask, Related searches, Popular products"
handy angebote mit vertrag saturn,Transactional,33,210,16,0.65,"Reviews, People also ask, Related searches, Popular products"
handy angebote telekom ohne vertrag,"Navigational, Transactional",36,210,27,0.31,"Reviews, People also ask, Related searches, Popular products"
handy bundle komplett kostenlos,Commercial,37,210,19,1.26,"Reviews, Video, People also ask, Related searches"
handy bundles,Commercial,29,210,10,1.24,"Reviews, Related searches, Popular products"
handy d1 tarife,Commercial,37,210,28,2.24,"AI Overview, Reviews, Video, People also ask, Related searches"
handy flat günstig,Commercial,38,210,27,3.33,"Sitelinks, Reviews, Video, People also ask, Related searches"
handy flat vergleich,Commercial,38,210,33,2.92,"Sitelinks, Video, People also ask, Related searches"
handy flatrate vergleich,Commercial,39,210,38,1.88,"Sitelinks, Reviews, People also ask, Related searches"
handy geschäftskunden tarife,Commercial,38,210,33,8.80,"Sitelinks, Reviews, Video, People also ask, Related searches"
handy internet flatrate,Commercial,39,210,31,2.87,"Reviews, Video, People also ask, Related searches"
handy kaufen bei vodafone,Transactional,34,210,47,2.51,"Reviews, People also ask, Related searches, Popular products"
handy mit smartwatch vertrag,Commercial,37,210,20,1.49,"People also ask, Related searches, Popular products"
handy mit vertrag 02,"Informational, Transactional",36,210,53,0.67,"People also ask, Related searches, Popular products"
handy mit vertrag d netz,"Informational, Commercial",39,210,36,3.39,"Reviews, Video, Related searches, Popular products"
handy mit vertrag d2,Commercial,36,210,26,2.13,"Reviews, Video, Related searches"
handy mit vertrag freenet,"Navigational, Transactional",36,210,48,0.49,"People also ask, Related searches, Ads top, Ads middle"
handy mit vertrag schweiz,Commercial,35,210,49,1.97,"Reviews, Video, People also ask, Related searches, Popular products"
handy telefonanbieter,Commercial,41,210,69,2.23,"Sitelinks, AI Overview, Reviews, Video, People also ask, Related searches, Ads top, Ads middle"
handy tv angebote,Commercial,44,210,31,0.59,"Reviews, Video, People also ask, Related searches, Ads top, Ads middle"
handy vergleich telekom,Commercial,41,210,39,1.81,"Video, People also ask, Related searches"
handy vertrag mit prämie,Commercial,37,210,16,1.65,"Reviews, Related searches"
handy vertrag monatlich kündbar,Commercial,40,210,26,6.25,"AI Overview, Reviews, Video, People also ask, Related searches, Ads top, Ads middle"
handy vertrag ohne tarif,Commercial,34,210,36,2.16,"Sitelinks, Related searches"
handy verträge mit handy,Commercial,40,210,41,2.47,"Video, Related searches"
handyangebote mit vertrag,Commercial,37,210,52,1.11,"Reviews, Video, People also ask, Related searches"
handynetze im vergleich,Commercial,38,210,36,1.90,"AI Overview, Reviews, Video, Short videos, People also ask, Related searches"
handytarif angebot,Commercial,39,210,54,1.96,"Sitelinks, Reviews, Video, Related searches"
handytarif d1 netz,Commercial,39,210,26,2.52,"Sitelinks, Video, People also ask, Related searches, Ads top, Ads bottom"
handytarife anbieter,Commercial,39,210,63,3.06,"Sitelinks, AI Overview, Reviews, Video, People also ask, Related searches, Ads middle"
handytarife für geschäftskunden,Commercial,37,210,23,7.90,"Sitelinks, AI Overview, Reviews, Video, Related searches"
handytarife im d netz,Commercial,40,210,25,2.98,"AI Overview, Reviews, Video, People also ask, Related searches, Ads middle"
handytarife mediamarkt,"Navigational, Transactional",34,210,37,0.65,"Sitelinks, Reviews, Video, People also ask, Related searches"
handytarife mit d netz,Commercial,37,210,28,2.98,"Reviews, Video, People also ask, Related searches"
handytarife mit handy telekom,Transactional,40,210,39,0.96,"Sitelinks, Reviews, People also ask, Related searches, Ads top, Ads bottom"
handytarife mit telekom netz,Commercial,38,210,30,1.90,"Sitelinks, Reviews, Video, People also ask, Related searches, Ads top, Ads bottom"
handytarife ohne vertrag günstig,Commercial,38,210,36,1.97,"Reviews, People also ask, Related searches, Popular products"
handytarife telekom mit handy,Commercial,40,210,42,1.25,"Reviews, People also ask, Related searches, Ads top, Ads bottom"
handytarife test,Commercial,36,210,54,2.05,"Reviews, Video, People also ask, Related searches, Ads bottom"
handyvergleich mit vertrag,Commercial,37,210,50,1.49,"Reviews, Video, Related searches, Ads top, Ads middle"
handyvertrag 20 gb,Commercial,36,210,12,3.10,"Reviews, People also ask, Related searches, Popular products"
handyvertrag 50 gb,Commercial,37,210,20,4.48,"Reviews, Video, People also ask, Related searches, Popular products, Ads bottom"
handyvertrag allnet flat,Commercial,39,210,30,3.66,"Reviews, People also ask, Related searches, Ads top, Ads middle"
handyvertrag angebote ohne handy,Commercial,39,210,30,2.80,"Reviews, Video, People also ask, Related searches, Popular products, Ads top, Ads middle"
handyvertrag blau de,Transactional,39,210,43,1.04,"Reviews, People also ask, Related searches"
handyvertrag check 24,"Navigational, Transactional",37,210,43,6.05,"Reviews, People also ask, Related searches, Ads middle"
handyvertrag fernseher,Commercial,45,210,15,1.64,"Reviews, Video, People also ask, Related searches, Popular products"
handyvertrag handy ohne schufa,Commercial,34,210,11,2.17,"Reviews, People also ask, Related searches, Popular products, Ads bottom"
handyvertrag internet,Commercial,43,210,61,4.12,"Reviews, Video, People also ask, Related searches"
handyvertrag mit bundle,Commercial,36,210,24,0.00,"Reviews, Related searches"
handyvertrag mit handy für schüler,Commercial,37,210,21,1.56,"Reviews, Video, People also ask, Related searches, Popular products, Ads top, Ads bottom"
handyvertrag mit handy ohne schufa,Commercial,31,210,17,2.47,"Reviews, People also ask, Related searches"
handyvertrag mit iphone günstig,Commercial,39,210,27,1.54,"Video, People also ask, Related searches, Ads top, Ads bottom"
handyvertrag mit laptop als geschenk,Commercial,32,210,17,1.16,"Sitelinks, Reviews, People also ask, Related searches"
handyvertrag mit vodafone netz,Commercial,36,210,28,2.81,"Reviews, Video, Related searches, Ads top, Ads middle"
handyvertrag t online,Commercial,41,210,38,0.69,"Reviews, Video, People also ask, Related searches, Ads top, Ads bottom"
handyvertrag vodafone ohne handy,Commercial,35,210,44,3.27,"People also ask, Related searches"
hd receiver kaufen,Transactional,39,210,33,0.33,"Video, People also ask, Local pack, Related searches, Popular products"
hdmi stick tv,Commercial,40,210,36,0.72,"Sitelinks, Reviews, Video, People also ask, Related searches, Ads bottom"
hdtv sat receiver,"Informational, Transactional",33,210,26,0.08,"Video, Video carousel, People also ask, Related searches, Popular products"
https service premiumsim de,"Navigational, Transactional",38,210,27,0.00,"Sitelinks, Reviews, People also ask, Related searches"
illegale filme gucken,Commercial,38,210,30,0.00,"Sitelinks, Reviews, Video, People also ask, Related searches"
illegale website,"Informational, Commercial",36,210,27,0.00,"Video, People also ask, Related searches"
internet anbieter vergleichen,Commercial,43,210,47,3.92,"Reviews, Video, People also ask, Related searches"
internet fernsehen telekom,Commercial,45,210,57,1.18,"AI Overview, Reviews, Video, People also ask, Related searches, Ads bottom, Ads middle"
internet festnetz ohne telefon,Commercial,48,210,29,1.18,"AI Overview, Reviews, Video, People also ask, Related searches, Ads top, Ads middle"
internet festnetzanschluss,Commercial,49,210,42,1.76,"AI Overview, Video, People also ask, Related searches, Ads top, Ads middle"
internet für wohnung,Commercial,46,210,51,4.72,"AI Overview, Reviews, Video, People also ask, Related searches, Ads top, Ads middle"
internet guenstig,Commercial,46,210,48,3.40,"Sitelinks, Reviews, Video, People also ask, Related searches, Popular products"
internet handy flatrate,Commercial,39,210,33,2.87,"AI Overview, Reviews, Video, People also ask, Related searches, Ads middle"
internet kabel router,Commercial,42,210,28,2.66,"Reviews, Video, People also ask, Related searches, Popular products"
internet kabeltje,Commercial,36,210,32,3.86,"Reviews, Video, People also ask, Related searches"
internet mit festnetz,Commercial,47,210,53,2.51,"Reviews, Video, People also ask, Related searches, Ads top, Ads middle"
internet mit kabelanschluss,Commercial,44,210,25,3.37,"AI Overview, Reviews, Video, People also ask, Related searches, Ads top, Ads middle"
internet telefonanbieter,Commercial,43,210,39,2.03,"Sitelinks, AI Overview, Reviews, Video, People also ask, Related searches, Ads top, Ads middle"
internet und fernsehn,Commercial,48,210,43,2.46,"AI Overview, Reviews, Video, People also ask, Related searches, Ads top, Ads middle"
internet und festnetz günstig,Commercial,46,210,43,1.32,"Reviews, Video, People also ask, Related searches"
internet und festnetz preisvergleich,Commercial,44,210,49,1.56,"AI Overview, Reviews, Video, People also ask, Related searches, Ads top, Ads bottom"
internet und telefon tarife,Commercial,45,210,53,1.08,"Reviews, Video, People also ask, Related searches, Ads top, Ads bottom"
internet und tv telekom,Transactional,46,210,34,2.15,"Reviews, Video, People also ask, Related searches, Ads top, Ads middle"
internet verfügbarkeit adresse,Commercial,43,210,50,1.41,"Reviews, Video, People also ask, Related searches, Ads top, Ads bottom"
internet verfügbarkeitsprüfung,Commercial,41,210,50,2.07,"Reviews, Video, People also ask, Related searches, Ads bottom"
internet vertrag mit tv gerät,Commercial,45,210,17,2.55,"Reviews, Video, People also ask, Related searches, Ads top, Ads middle"
internet vertrag ohne festnetz,"Informational, Commercial",43,210,31,2.07,"AI Overview, Reviews, Video, People also ask, Related searches, Ads top, Ads middle"
internet wlan anbieter,Commercial,44,210,46,4.50,"Reviews, Video, People also ask, Related searches"
internet zu hause vergleich,Commercial,42,210,49,4.20,"Sitelinks, Reviews, Video, People also ask, Related searches"
internetanbieter finden,Commercial,44,210,50,5.20,"Reviews, Image pack, Video, People also ask, Related searches"
internetanbieter preisvergleich,Commercial,43,210,50,3.27,"Video, People also ask, Related searches, Ads top, Ads middle"
intrnet,Commercial,37,210,60,4.71,"Sitelinks, Reviews, Video, People also ask, Related searches"
ip tv deutschland,"Informational, Commercial",78,210,41,1.17,"AI Overview, Reviews, Video, People also ask, Related searches"
ip tv player,"Informational, Commercial",45,210,38,0.53,"Reviews, Video, Video carousel, People also ask, Related searches"
ip tv receiver,"Informational, Commercial",43,210,19,0.00,"Video, People also ask, Related searches, Popular products"
ip tv smart,Commercial,52,210,36,0.00,"Reviews, Image pack, Video, People also ask, Related searches"
ip-tv player,Commercial,45,210,39,0.53,"Reviews, Video, People also ask, Related searches"
ipad vertrag günstig,Commercial,40,210,10,1.53,"Related searches, Popular products"
iptv box kaufen,Transactional,51,210,24,0.00,"Video, People also ask, Related searches, Popular products"
iptv code kaufen,Commercial,48,210,13,0.00,"AI Overview, Related searches"
iptv deutschland anbieter,"Informational, Commercial",71,210,32,0.00,"AI Overview, Video, Short videos, People also ask, Related searches"
iptv player for windows,"Informational, Commercial",45,210,30,0.00,"Reviews, Video, Related searches"
iptv services,"Informational, Commercial",49,210,26,0.00,"Sitelinks, Video, Video carousel, People also ask, Related searches"
iptv smart apk,"Informational, Transactional",52,210,25,0.00,"Reviews, Video, Related searches"
iptv testen,Commercial,54,210,0,0.00,Related searches
iptv tv box,Commercial,51,210,21,0.00,"People also ask, Related searches, Popular products"
iptvhafen,"Informational, Transactional",49,210,2,0.00,Related searches
kabel 1 doku livestream,Commercial,38,210,32,0.54,"Sitelinks, Reviews, Video, People also ask, Related searches"
kabel 1 programm live,Commercial,39,210,40,0.34,"Reviews, Video, People also ask, Related searches, Ads middle"
kabel doku live,Commercial,35,210,32,0.35,"Reviews, Video, People also ask, Related searches"
kabel ein stream,Commercial,42,210,42,0.67,"Reviews, Video, People also ask, Related searches"
kabel internet monatlich kündbar,"Informational, Commercial",41,210,21,4.11,"AI Overview, Related searches, Ads top, Ads middle"
kabel tarife,"Informational, Commercial",43,210,27,1.70,"Reviews, Video, Related searches, Ads bottom"
kabel verfügbarkeit,Commercial,45,210,35,1.54,"Reviews, Video, People also ask, Related searches"
kabelanschluss verfügbarkeit,Commercial,46,210,37,1.03,"AI Overview, Reviews, Video, People also ask, Related searches, Ads middle"
kabelinternet anbieter,Commercial,43,210,29,3.06,"Reviews, People also ask, Related searches"
kaufen iptv,Commercial,60,210,30,0.00,"Video, People also ask, Related searches, Popular products"
klarmobil bestandskunden shop,"Navigational, Transactional",34,210,30,0.00,"Sitelinks, Reviews, Video, People also ask, Related searches"
klarmobil werben,Transactional,30,210,21,1.74,"Reviews, People also ask, Related searches"
kostenlos rtl2 gucken,Commercial,41,210,26,1.05,"Video, People also ask, Related searches"
kostenlos super rtl,Commercial,40,210,21,0.00,"Reviews, Video, People also ask, Related searches"
kostenlos tv streamen ohne anmeldung,"Navigational, Transactional",37,210,50,0.00,"Sitelinks, AI Overview, Reviews, Video, People also ask, Related searches"
kostenlose handys,Commercial,34,210,18,1.73,"Sitelinks, Reviews, Video, People also ask, Related searches"
kostenlose livestream,Commercial,38,210,69,1.68,"Reviews, Video, People also ask, Top stories, Related searches"
kostenloses live tv,Commercial,45,210,61,0.61,"AI Overview, Reviews, Image, Video, People also ask, Related searches, Ads bottom"
kostenloses tv streaming,Commercial,42,210,47,0.93,"Reviews, Video, People also ask, Related searches"
laptop handyvertrag,Commercial,36,210,14,1.52,"Sitelinks, Reviews, Related searches, Popular products, Ads top, Ads bottom"
laptop mit vertrag vodafone,"Informational, Transactional",32,210,11,2.74,"Reviews, People also ask, Related searches, Ads bottom"
laptop vertrag vodafone,Transactional,33,210,25,2.74,"Reviews, People also ask, Related searches"
live stream kabel 1,Commercial,41,210,37,0.41,"Reviews, Video, Related searches"
live stream rtl fussball,Transactional,41,210,46,0.91,
live tv schauen,Commercial,44,210,70,1.07,"Reviews, Video, People also ask, Related searches"
live tv se,"Informational, Transactional",37,210,87,1.29,"Reviews, Video, People also ask, Related searches"
livestream kostenlos ohne anmeldung,"Navigational, Transactional",36,210,37,0.48,"Sitelinks, Reviews, Video, Related searches"
livestream rtl de,"Navigational, Transactional",44,210,64,0.71,"Reviews, Video, People also ask, Related searches"
livetv online,"Informational, Transactional",37,210,5,1.07,"Reviews, Related searches"
magenta angebote telekom,"Navigational, Transactional",40,210,39,1.63,"Sitelinks, Reviews, Video, People also ask, Related searches"
magenta box kaufen,Transactional,38,210,24,2.10,"Image pack, People also ask, Related searches, Popular products"
magenta live tv,"Informational, Transactional",39,210,50,3.25,"Reviews, Video, People also ask, Related searches"
magenta preise,"Navigational, Transactional",38,210,34,2.89,"Sitelinks, AI Overview, Reviews, Video, People also ask, Related searches"
magenta tv alternative,"Informational, Commercial",47,210,19,1.18,"Sitelinks, AI Overview, Reviews, Video, People also ask, Related searches"
magenta tv alternativen,Commercial,51,210,23,1.69,"AI Overview, Reviews, Video, People also ask, Related searches"
magenta tv one 2 generation kaufen,Transactional,41,210,23,1.76,"People also ask, Related searches, Popular products, Ads bottom"
magenta tv one 2. generation bedienungsanleitung,"Informational, Transactional",37,210,17,0.00,"Video, Video carousel, People also ask, Related searches"
magenta wm 2026,"Informational, Commercial",46,210,33,2.39,"Reviews, Video, Video carousel, Short videos, Top stories, Related searches, Ads bottom"
magentasport abo,"Informational, Transactional",31,210,34,1.31,"Reviews, Video, People also ask, Related searches"
media markt satelliten receiver,"Informational, Transactional",40,210,24,0.04,"Image pack, People also ask, Related searches, Popular products"
mediathek serien empfehlung,Commercial,34,210,28,0.04,"Video, People also ask, Related searches"
mein rtl plus,"Navigational, Transactional",43,210,42,1.64,"Reviews, Video, People also ask, Related searches"
mobil tarife vergleich,Commercial,37,210,60,1.86,"Reviews, Video, People also ask, Related searches"
mobilcom debitel handy mit vertrag,Commercial,37,210,44,1.95,"Reviews, People also ask, Related searches, Popular products"
mobile tarife,Commercial,34,210,68,2.99,"Reviews, People also ask, Related searches"
mobilfunk günstig,Commercial,37,210,59,3.66,"Reviews, Video, People also ask, Related searches, Popular products"
mobilfunk netzabdeckung telekom,Transactional,42,210,33,4.33,"Reviews, Video, People also ask, Related searches"
mobilfunkanbieter telekom netz,"Informational, Commercial",41,210,31,2.38,"Sitelinks, AI Overview, People also ask, Related searches"
mobilfunktarif ohne handy,Commercial,38,210,30,3.36,"People also ask, Related searches, Ads top, Ads bottom"
mobilverträge,Commercial,42,210,60,3.80,"Reviews, Video, People also ask, Related searches"
multimedia service,Commercial,34,210,8,0.00,"Reviews, Video, People also ask, Local pack, Related searches"
my handy de,Commercial,29,210,52,2.67,"AI Overview, Reviews, People also ask, Related searches, Ads top, Ads middle"
münchen internet,Commercial,44,210,24,4.65,"AI Overview, Reviews, Video, People also ask, Related searches"
netflix basis abonnement,"Informational, Transactional",37,210,52,1.20,"AI Overview, Reviews, Video, People also ask, Related searches"
netflix com konto,"Navigational, Transactional",37,210,63,1.63,"People also ask, Related searches"
netflix es,"Navigational, Transactional",37,210,48,0.00,"Reviews, Video, People also ask, Related searches"
netflix in,"Navigational, Transactional",38,210,86,0.00,"Reviews, People also ask, Related searches"
netflix inhalte,Transactional,40,210,65,2.10,"Video, People also ask, Related searches"
netflix jahresabo kosten,"Informational, Transactional",41,210,50,1.04,"AI Overview, Reviews, People also ask, Related searches"
netflix kino filme,Commercial,33,210,37,0.17,"AI Overview, Reviews, Video, People also ask, Related searches"
netflix kosten familie,"Informational, Transactional",38,210,47,0.00,"AI Overview, Video, People also ask, Related searches"
netflix monatsabo,"Informational, Transactional",37,210,56,1.12,"AI Overview, Reviews, Video, People also ask, Related searches"
netflix new films,"Navigational, Transactional",29,210,83,0.00,"Video, People also ask, Related searches"
netflix preise 2026,Transactional,48,210,43,0.51,"AI Overview, Reviews, People also ask, Related searches"
netflix serien auf deutsch,Commercial,36,210,21,0.00,"Sitelinks, Reviews, Video, People also ask, Related searches"
netflix testmonat,"Informational, Transactional",40,210,50,1.63,"Video, People also ask, Top stories, Related searches"
netflix tv stick,Transactional,41,210,41,0.39,"Sitelinks, Reviews, Video, People also ask, Related searches, Popular products"
netflix-abo angebot,"Informational, Commercial",48,210,40,1.49,"AI Overview, Reviews, People also ask, Related searches"
netflixabo,"Navigational, Transactional",40,210,51,1.35,"Reviews, Video, People also ask, Related searches"
netzabdeckung o2 prüfen,Commercial,37,210,37,0.16,"AI Overview, Reviews, People also ask, Related searches, Ads top"
netzabdeckung otelo,"Informational, Transactional",39,210,16,1.10,"Reviews, Image pack, People also ask, Related searches"
netzabdeckung telekom mobilfunk,"Informational, Transactional",44,210,42,4.23,"Reviews, Video, People also ask, Related searches"
neue deutsche serien,Commercial,36,210,23,0.00,"AI Overview, Image, Video, People also ask, Related searches"
new film netflix,"Informational, Transactional",29,210,68,0.00,"AI Overview, Video, People also ask, Related searches"
o2 5g netzabdeckung,Commercial,35,210,26,0.31,"Reviews, People also ask, Related searches"
o2 fernseher,"Navigational, Commercial",44,210,40,1.08,"Reviews, Video, Video carousel, People also ask, Related searches"
o2 handy bei vertragsverlängerung,Commercial,32,210,22,1.13,"AI Overview, People also ask, Related searches, Ads top, Ads middle"
online tv kostenlos schauen,Commercial,41,210,53,1.00,"AI Overview, Reviews, Video, People also ask, Related searches"
only sim,Commercial,26,210,27,4.67,"Reviews, People also ask, Related searches, Popular products, Ads top, Ads bottom"
play waipu tv,Transactional,42,210,44,0.03,"Reviews, Video, People also ask, Related searches, Ads middle"
playstation 5 handyvertrag,Commercial,34,210,10,1.26,"Sitelinks, Reviews, Related searches"
preis magenta tv,Transactional,44,210,45,0.86,"AI Overview, Reviews, Video, People also ask, Related searches"
preisvergleich handytarif,Commercial,39,210,52,2.61,"Reviews, Video, People also ask, Related searches, Ads top"
preisvergleich internetanbieter,Commercial,44,210,43,3.74,"Reviews, Video, People also ask, Related searches, Ads top, Ads middle"
premiumsim servicewelt login,"Navigational, Transactional",31,210,35,0.00,"Sitelinks, Reviews, People also ask, Related searches"
prepaid handy ohne vertrag günstig,Commercial,34,210,36,0.75,"People also ask, Related searches, Popular products"
pro7 kostenlos streamen,Commercial,40,210,44,0.48,"Reviews, Video, People also ask, Related searches"
probleme deutsche glasfaser,"Informational, Transactional",39,210,34,0.00,"AI Overview, Video, People also ask, Related searches"
receiver für fernsehen,Commercial,41,210,30,0.74,"Video, Video carousel, People also ask, Related searches, Popular products"
rechnung telekom mobilfunk,"Navigational, Transactional",38,210,30,0.00,"People also ask, Related searches"
recommended iptv providers,Commercial,41,210,44,0.00,"Sitelinks, People also ask, Related searches"
resiever,Commercial,27,210,25,0.88,"Video, People also ask, Related searches, Popular products"
rtl + kostenlos testen,Commercial,41,210,44,2.13,"AI Overview, Reviews, Video, People also ask, Related searches, Ads top, Ads bottom"
rtl aktuell now,"Navigational, Transactional",37,210,61,0.00,"Reviews, Video, Related searches"
rtl canlı izle,"Navigational, Transactional",39,210,44,0.00,Reviews
rtl de programme,"Navigational, Transactional",34,210,71,0.00,"Sitelinks, Reviews, Video, People also ask, Related searches"
rtl fernseh,Commercial,38,210,58,0.49,"Reviews, Video, People also ask, Related searches"
rtl kostenlos live sehen,Commercial,42,210,49,1.00,"Sitelinks, Reviews, Video, People also ask, Related searches, Ads middle"
rtl live ansehen,"Navigational, Transactional",42,210,53,0.88,"Reviews, Video, People also ask, Related searches"
rtl live fußball deutschland,"Navigational, Transactional",42,210,50,0.00,"Sitelinks, Reviews, Video, People also ask, Related searches"
rtl live stream kostenlos ohne anmeldung nydus,"Navigational, Transactional",41,210,20,0.00,"Reviews, Video, People also ask"
rtl live stream online,"Navigational, Transactional",41,210,54,0.72,"Reviews, Video, People also ask, Related searches"
rtl mediathek aktuell,"Informational, Transactional",40,210,50,0.00,"Reviews, Video, People also ask, Related searches"
rtl nitro stream kostenlos,Commercial,41,210,19,0.00,"Reviews, Video, People also ask"
rtl now aktuell,"Navigational, Transactional",39,210,55,0.00,"Reviews, Video, People also ask, Knowledge panel, Related searches"
rtl now.de,"Navigational, Transactional",42,210,72,0.08,"Sitelinks, Reviews, Video, People also ask, Knowledge panel"
rtl online kostenlos schauen,Commercial,41,210,43,1.57,"Sitelinks, Reviews, Video, People also ask, Related searches"
rtl plzs,"Navigational, Commercial",38,210,59,0.26,"Sitelinks, Reviews, Video, People also ask, Related searches, Ads top, Ads bottom"
rtl televizija live stream,"Navigational, Transactional",42,210,53,0.90,"Reviews, Video, People also ask, Related searches"
rtl uzivo,"Informational, Transactional",41,210,48,0.93,"Reviews, Video, People also ask, Related searches"
rtl uživo stream,"Navigational, Transactional",42,210,47,0.99,"AI Overview, Reviews, Video, People also ask, Related searches"
rtl von gestern,"Informational, Transactional",35,210,37,0.79,"Video, People also ask, Related searches"
rtl zwei livestream,Commercial,41,210,36,1.05,"Reviews, Video, People also ask, Related searches"
rtl2 kostenlos ansehen,Commercial,42,210,29,0.00,"Reviews, Video, People also ask, Related searches"
rtl2 livestream kostenlos,Commercial,42,210,25,1.00,"AI Overview, Reviews, Video, Related searches"
rtl2 online schauen,Commercial,41,210,43,0.83,"AI Overview, Reviews, Video, People also ask, Related searches"
rtl2 online sehen,Commercial,41,210,30,0.87,"Reviews, Video, People also ask, Related searches"
s to serien streamen kostenlos,Commercial,47,210,18,0.00,"Sitelinks, People also ask, Related searches"
sat receiver mit smart tv,Commercial,39,210,23,0.13,"Video, People also ask, Related searches, Popular products"
satelliten festplattenreceiver,Commercial,37,210,19,0.16,"Reviews, Video, People also ask, Related searches, Popular products"
saturn angebote handy mit vertrag,Commercial,33,210,40,0.87,"People also ask, Related searches, Popular products"
saturn angebote handyvertrag,"Informational, Transactional",33,210,30,0.65,"Reviews, People also ask, Related searches, Popular products"
senderliste vodafone tv,Commercial,38,210,33,1.69,"Sitelinks, Reviews, Video, People also ask, Related searches"
serie jugendliche,Commercial,30,210,25,0.00,"Image, Video, People also ask, Related searches"
serie streamen kostenlos,Commercial,37,210,34,0.73,"AI Overview, Reviews, People also ask, Related searches"
serien als stream,Commercial,41,210,34,0.00,"AI Overview, Reviews, Video, People also ask, Related searches"
serien im stream,Commercial,38,210,36,0.00,"AI Overview, Video, People also ask, Related searches"
serien kostenlos ansehen,"Informational, Commercial",36,210,41,0.50,"Sitelinks, Reviews, Video, Related searches"
serien kostenlos online schauen,Commercial,37,210,41,0.57,"AI Overview, Reviews, Related searches"
serien online kostenlos streamen,Commercial,37,210,38,0.67,"Sitelinks, Reviews, Related searches"
serien online stream kostenlos,Commercial,39,210,45,1.43,"Sitelinks, AI Overview, Reviews, Video, Related searches"
serien streams to,Commercial,41,210,20,0.83,"Sitelinks, Reviews, Video, People also ask, Related searches"
serienstream .sx,Commercial,47,210,36,0.00,"Sitelinks, AI Overview, Reviews, People also ask"
serienstream seite,"Informational, Commercial",42,210,36,0.00,"AI Overview, People also ask, Related searches"
serienstream.domain,Commercial,47,210,29,0.80,"Reviews, Video, People also ask"
serienstrewm,Commercial,47,210,22,0.71,"Sitelinks, Reviews, Related searches"
service premiumsim,"Navigational, Transactional",33,210,25,1.45,"Reviews, People also ask, Related searches"
sim contract deals,Commercial,26,210,62,3.34,"Reviews, Video, Related searches, Popular products"
sim de service,"Navigational, Transactional",31,210,35,0.58,"Reviews, Video, People also ask, Related searches"
sim günstig,Commercial,35,210,64,4.72,"Reviews, Video, People also ask, Related searches, Popular products"
sim karte mit vertrag vodafone,Transactional,33,210,36,4.74,"Reviews, Video, People also ask, Related searches, Popular products"
sim karte nur zum telefonieren,Commercial,29,210,23,1.83,"Reviews, Video, People also ask, Related searches"
sim karte prepaid günstig,Commercial,37,210,45,2.78,"Sitelinks, Reviews, Video, People also ask, Related searches, Popular products, Ads top, Ads middle"
sim karte vodafone kosten,"Informational, Transactional",33,210,51,4.13,"Reviews, People also ask, Related searches"
sim plans,Commercial,27,210,27,4.46,"AI Overview, Reviews, Video, People also ask, Related searches"
sim tarif,Commercial,34,210,59,4.32,"Reviews, Video, Related searches, Ads top, Ads bottom"
simply angebote,"Informational, Transactional",32,210,22,1.25,"Reviews, People also ask, Related searches, Ads middle"
simply handytarife,"Informational, Transactional",29,210,28,1.64,"Reviews, People also ask, Related searches"
simplytel esim,"Navigational, Transactional",30,210,18,1.80,"People also ask, Related searches"
sims karte,"Informational, Commercial",33,210,36,7.11,"Sitelinks, AI Overview, Reviews, Image pack, Video, People also ask, Related searches, Ads bottom, Ads middle"
sky 2 receiver,Transactional,34,210,27,1.53,"Reviews, Video, People also ask, Related searches"
sky at,"Navigational, Transactional",27,210,48,1.82,"Video, People also ask, Related searches"
sky bestellungen,"Navigational, Transactional",38,210,43,2.96,"Reviews, People also ask, Related searches, Ads top, Ads middle"
sky box tv,"Navigational, Transactional",33,210,40,2.05,"Reviews, Video, Video carousel, People also ask, Related searches"
sky de mein abo,"Navigational, Transactional",33,210,30,1.41,"Reviews, Video, People also ask, Related searches, Ads bottom"
sky deal,Transactional,31,210,35,0.71,"Reviews, Video, People also ask, Related searches, Ads bottom"
sky ein spiel kaufen,Transactional,39,210,36,2.36,"Reviews, Video, People also ask, Related searches, Ads top, Ads bottom"
sky fernsehen heute abend,"Informational, Transactional",36,210,33,0.00,"Reviews, Video, People also ask, Related searches"
sky go deutschland,"Informational, Transactional",45,210,54,1.04,"AI Overview, Reviews, People also ask, Related searches"
sky paketpreise,"Informational, Transactional",40,210,40,2.28,"Sitelinks, AI Overview, Reviews, People also ask, Related searches"
sky sport kostet,"Informational, Transactional",40,210,50,0.96,"Sitelinks, AI Overview, Reviews, Video, People also ask, Related searches"
sky sport preis,"Navigational, Transactional",40,210,45,0.70,"Reviews, Video, People also ask, Related searches, Ads top"
sky ticket sports,"Informational, Transactional",34,210,76,3.47,"AI Overview, Reviews, Video, People also ask, Related searches"
smart receiver,Commercial,34,210,25,0.69,"Reviews, Image pack, Video, People also ask, Related searches, Popular products"
smart tv box test,Commercial,38,210,44,0.33,"Sitelinks, Reviews, Video, People also ask, Related searches, Popular products"
smart tv mit wlan,Commercial,42,210,24,0.31,"People also ask, Related searches, Popular products"
smart tv player,"Informational, Transactional",43,210,29,0.45,"Reviews, Video, Video carousel, People also ask, Related searches"
smartphone günstige tarife,Commercial,38,210,47,2.26,"Reviews, Video, People also ask, Related searches, Popular products, Ads top, Ads middle"
smartphone mit vertrag telekom,"Navigational, Transactional",38,210,57,1.44,"Sitelinks, Reviews, Video, People also ask, Related searches, Popular products"
smartphone mit vertrag vodafone,Transactional,34,210,51,2.11,"Reviews, People also ask, Related searches"
smartphone tarife mit handy,Commercial,42,210,51,1.21,"Reviews, Video, People also ask, Related searches, Popular products"
smartphone vertrag vodafone,Transactional,35,210,51,2.11,"Reviews, Video, People also ask, Related searches, Popular products, Ads top, Ads middle"
smartphone vodafone mit vertrag,Transactional,34,210,56,2.11,"Reviews, People also ask, Related searches, Popular products"
smartphone vodafone vertrag,Transactional,35,210,48,2.11,"Reviews, People also ask, Related searches, Popular products"
sms flat,Commercial,32,210,12,2.43,"AI Overview, Reviews, People also ask, Related searches, Ads top"
sparhandy iphone,"Navigational, Commercial",35,210,27,0.84,"Sitelinks, People also ask, Related searches"
sparhandy tarife,Transactional,33,210,30,0.98,"Reviews, Video, People also ask, Related searches, Ads top, Ads middle"
sparhandy vertrag verlängern,"Navigational, Transactional",35,210,19,0.58,"Sitelinks, Video, People also ask, Related searches"
speedcheck deutsche glasfaser,"Informational, Transactional",47,210,28,0.03,"Reviews, Video, People also ask, Related searches"
stick hdmi tv,Commercial,37,210,36,0.60,"Reviews, Video, People also ask, Related searches, Popular products"
stream fernsehen kostenlos,Commercial,42,210,45,0.86,"Reviews, Video, People also ask, Related searches"
stream serie,Commercial,37,210,45,1.24,"Reviews, Video, People also ask, Related searches"
streaming anbieter im vergleich,Commercial,43,210,40,1.58,"AI Overview, Reviews, Video, People also ask, Related searches, Ads bottom"
streaming box android,Commercial,43,210,24,0.50,"Sitelinks, Video, Video carousel, People also ask, Related searches, Popular products"
streaming stick vergleich,Commercial,41,210,32,0.47,"Sitelinks, Reviews, Video, People also ask, Related searches"
studenten wlan,Commercial,36,210,28,5.10,"Reviews, People also ask, Related searches, Ads top, Ads middle"
super rtl live stream kostenlos ohne anmeldung,"Navigational, Transactional",39,210,28,0.00,"Reviews, Video, People also ask, Related searches"
t mobile tarife ohne handy,Commercial,38,210,12,1.43,"Reviews, Video, People also ask, Related searches"
t online vertrag handy,Commercial,40,210,42,0.69,"AI Overview, Reviews, People also ask, Related searches"
tablet und handy mit vertrag,Commercial,40,210,20,1.23,"Reviews, Video, Related searches, Popular products"
tarif internet mobile,"Informational, Commercial",38,210,43,2.26,"AI Overview, Reviews, Video, People also ask, Related searches, Ads top, Ads middle"
tarif mit handy günstig,Commercial,39,210,50,1.97,"Reviews, Video, Related searches, Popular products, Ads top, Ads middle"
tarif mobil vergleich,Commercial,38,210,54,1.86,"Reviews, Video, Related searches"
tarif sim karte,Commercial,33,210,55,4.80,"AI Overview, Reviews, Video, People also ask, Related searches, Ads top, Ads bottom"
tarife für smartphones vergleich,Commercial,38,210,52,1.45,"Sitelinks, AI Overview, Reviews, Video, Related searches"
tarife glasfaser,Commercial,42,210,45,1.01,"Reviews, Video, Video carousel, People also ask, Related searches"
tarife günstig smartphone,Commercial,40,210,55,2.26,"Sitelinks, Reviews, Video, People also ask, Related searches, Popular products"
tarife ohne handy t mobile,Commercial,36,210,25,1.11,"Reviews, Video, People also ask, Related searches"
tarife sparhandy,"Navigational, Transactional",34,210,19,0.90,"Sitelinks, Reviews, People also ask, Related searches"
telecom angebote,Transactional,41,210,38,0.97,"Reviews, Video, People also ask, Related searches, Ads top, Ads middle"
telecom glasfaser,"Navigational, Transactional",39,210,44,3.52,"Sitelinks, Reviews, Video, Video carousel, People also ask, Related searches"
telefon angebote,Commercial,37,210,55,1.35,"People also ask, Related searches"
telefon internet vergleich,Commercial,40,210,52,2.19,"Sitelinks, Reviews, Video, People also ask, Related searches, Ads top, Ads bottom"
telefon und internetanbieter vergleich,Commercial,41,210,49,1.78,"AI Overview, Reviews, Video, People also ask, Related searches"
telefonanbieter festnetz und internet,Commercial,45,210,45,1.42,"AI Overview, Reviews, Video, People also ask, Related searches, Ads top, Ads middle"
telefonica handyvertrag,Commercial,34,210,23,2.13,"AI Overview, Reviews, People also ask, Related searches, Ads top, Ads bottom"
telefontarif,Commercial,40,210,73,0.00,"AI Overview, Reviews, Video, People also ask, Related searches, Ads top, Ads bottom"
telefonvertrag festnetz,Commercial,44,210,37,1.22,"AI Overview, Reviews, People also ask, Related searches, Ads top, Ads middle"
telefonvertrag ohne handy,Commercial,38,210,34,3.54,"AI Overview, Reviews, Video, People also ask, Related searches"
telekom allnet flat ohne handy,Commercial,38,210,25,1.39,"Reviews, Video, People also ask, Related searches"
telekom apple tv,"Navigational, Transactional",45,210,21,7.85,"Reviews, Video, People also ask, Related searches"
telekom big tv,"Navigational, Transactional",44,210,21,5.28,"Reviews, Video, People also ask, Related searches"
telekom festnetz mit internet,Commercial,44,210,34,2.29,"AI Overview, Reviews, Video, People also ask, Related searches, Ads top, Ads bottom"
telekom glasfaser box,"Informational, Transactional",36,210,35,5.50,"Image pack, Video carousel, People also ask, Related searches"
telekom günstige handytarife,Transactional,41,210,37,1.29,"Reviews, People also ask, Related searches"
telekom handytarife günstig,Commercial,39,210,26,1.15,"Reviews, Video, People also ask, Related searches, Ads bottom"
telekom internet tarif,Transactional,43,210,37,3.00,"Reviews, Video, People also ask, Related searches"
telekom internet und fernsehen,"Navigational, Transactional",47,210,34,1.80,"Reviews, Video, People also ask, Related searches"
telekom internet verträge,Transactional,44,210,40,4.09,"Reviews, People also ask, Related searches"
telekom kundenservice magentatv,"Navigational, Transactional",48,210,47,0.28,"Video, People also ask, Related searches"
telekom magentatv stick,"Informational, Transactional",40,210,23,0.42,"Reviews, Video, People also ask, Related searches, Popular products"
telekom mobil vertrag,Transactional,41,210,39,2.19,"Reviews, Video, People also ask, Related searches"
telekom netzabdeckung mobilfunk,Transactional,42,210,34,4.33,"Reviews, Video, People also ask, Related searches"
telekom senderliste,"Navigational, Transactional",37,210,31,7.36,"People also ask, Related searches"
telekom smartphone vertrag,"Navigational, Transactional",40,210,42,1.41,"Reviews, People also ask, Related searches, Ads top, Ads bottom"
telekom tarife für smartphones,Transactional,40,210,43,0.76,"Reviews, Video, People also ask, Related searches, Ads top, Ads bottom"
telekom vertrag mit smartphone,"Navigational, Transactional",38,210,50,1.44,"Sitelinks, Reviews, Video, People also ask, Related searches"
telekom wlan tarife,"Navigational, Transactional",38,210,37,2.60,"Reviews, People also ask, Related searches, Ads top, Ads bottom"
telekom young tarif internet,Transactional,41,210,31,1.02,"Reviews, People also ask, Related searches"
television telekom,Transactional,46,210,58,2.14,"AI Overview, Reviews, Video, People also ask, Related searches, Ads top"
televisions smart,Commercial,35,210,36,0.80,"Video, People also ask, Related searches, Popular products"
tv android smart tv,"Informational, Transactional",33,210,21,0.21,"Video, Video carousel, People also ask, Related searches, Popular products"
tv anschluss check,Commercial,42,210,30,1.92,"AI Overview, Reviews, Video, People also ask, Related searches, Ads top, Ads bottom"
tv free streaming,Commercial,37,210,46,0.89,"AI Overview, Reviews, Video, Related searches"
tv internet anbieter vergleich,Commercial,52,210,36,1.58,"Sitelinks, Reviews, People also ask, Related searches"
tv internet telekom,"Navigational, Transactional",46,210,56,2.55,"Reviews, Video, People also ask, Related searches"
tv internetfähig,Commercial,52,210,22,2.24,"Reviews, Video, People also ask, Related searches, Popular products, Ads top, Ads bottom"
tv mit receiver,Commercial,40,210,24,0.74,"Video, People also ask, Related searches, Popular products"
tv programm live kostenlos,Commercial,42,210,68,0.47,"Reviews, Video, People also ask, Related searches"
tv stick ohne vertrag media markt,Commercial,44,210,31,0.57,"Sitelinks, Reviews, People also ask, Related searches, Popular products"
tv sticks for streaming,"Informational, Commercial",43,210,26,0.81,"Sitelinks, Reviews, Video, Video carousel, People also ask, Related searches, Popular products"
tv streaming gratis,Commercial,37,210,32,1.00,"Reviews, Video, People also ask, Related searches, Ads bottom"
tv tarife,"Informational, Commercial",48,210,43,2.03,"AI Overview, Reviews, Video, People also ask, Related searches, Ads top"
umsonst fernsehn,Commercial,39,210,42,0.75,"AI Overview, Reviews, Video, People also ask, Related searches, Ads top, Ads middle"
vdsl über kabel,Commercial,41,210,17,1.01,"People also ask, Related searches"
verfügbarkeit vdsl,Commercial,40,210,49,1.60,"Reviews, People also ask, Related searches"
verfügbarkeitsabfrage vodafone,"Navigational, Transactional",38,210,19,1.36,"Sitelinks, Reviews, People also ask, Related searches, Ads top, Ads middle"
verfügbarkeitscheck internet,Commercial,42,210,50,2.07,"AI Overview, Reviews, Video, People also ask, Related searches"
verfügbarkeitsprüfung internet,Commercial,41,210,50,2.07,"Reviews, Video, People also ask, Related searches, Ads middle"
vergleich dsl anschluss,Commercial,40,210,43,3.67,"Sitelinks, AI Overview, Reviews, Video, People also ask, Related searches, Ads bottom"
vergleich handynetze,Commercial,37,210,43,1.90,"AI Overview, Reviews, Video, People also ask, Related searches"
vergleich handyverträge,Commercial,36,210,45,2.62,"Sitelinks, Reviews, Video, Related searches, Ads top, Ads bottom"
vergleich internet tv anbieter,Commercial,53,210,35,1.58,"Sitelinks, Reviews, Video, People also ask, Related searches"
vergleich streaming anbieter,Commercial,45,210,42,1.84,"Reviews, Video, People also ask, Related searches"
vergleich telefon und internet,Commercial,40,210,54,2.37,"AI Overview, Reviews, Video, People also ask, Related searches"
vergleich telefontarife,Commercial,40,210,50,2.00,"Reviews, Video, People also ask, Related searches, Ads top, Ads bottom"
vergleichsportal internet,Commercial,39,210,54,4.24,"AI Overview, Reviews, Video, People also ask, Related searches"
vertrag 2 handys,Commercial,41,210,24,1.42,"Reviews, Video, People also ask, Related searches"
vertrag für 2 handys,Commercial,38,210,47,1.42,"Reviews, Video, People also ask, Related searches, Popular products"
vertrag für handy und tablet,"Informational, Commercial",41,210,34,1.33,"Reviews, Video, People also ask, Related searches, Popular products, Ads bottom"
vertrag handy billig,Commercial,40,210,50,2.14,"Reviews, Video, People also ask, Related searches, Popular products, Ads top, Ads middle"
vertrag internet und handy,Commercial,45,210,35,1.91,"Reviews, Video, People also ask, Related searches, Ads top, Ads bottom"
vertrag mit handy und smartwatch,Commercial,36,210,12,1.31,"Reviews, Video, Related searches, Popular products"
vertrag mit tablet und handy,Commercial,40,210,22,1.23,"Reviews, People also ask, Related searches, Popular products"
vertrag mit tv,Commercial,45,210,18,2.60,"Reviews, Image, Related searches, Ads top, Ads bottom"
vertrags handy,Commercial,39,210,50,3.95,"Reviews, Video, Related searches, Popular products"
vertragsverlängerung o2 mit handy,Commercial,35,210,23,1.38,"Sitelinks, Reviews, People also ask, Related searches, Ads top, Ads bottom"
vodafon handy tarife,Commercial,34,210,50,2.05,"Reviews, Video, People also ask, Related searches"
vodafone angebote vertrag,Transactional,33,210,39,2.11,"Reviews, Video, People also ask, Related searches"
vodafone handy ohne vertrag auf raten,Transactional,31,210,14,2.55,"Sitelinks, People also ask, Related searches"
vodafone handy verträge,Transactional,36,210,51,2.29,"Reviews, Video, People also ask, Related searches"
vodafone handys mit vertrag,Transactional,33,210,56,2.29,"Reviews, People also ask, Related searches, Popular products, Ads bottom"
vodafone internet verfügbarkeit prüfen,Transactional,41,210,22,1.20,"Reviews, People also ask, Related searches, Ads top, Ads bottom"
vodafone ipad vertrag,"Informational, Transactional",38,210,28,2.73,"Reviews, People also ask, Related searches, Popular products"
vodafone kabel helpdesk,"Informational, Transactional",29,210,49,0.00,"Video, People also ask, Related searches"
vodafone kabel tv senderliste,Transactional,37,210,35,0.00,"Reviews, People also ask, Related searches"
vodafone laptop vertrag,Transactional,35,210,27,2.08,"Sitelinks, Reviews, People also ask, Related searches, Ads top, Ads middle"
vodafone netzverfügbarkeit,Transactional,41,210,27,1.69,"Sitelinks, Reviews, Video, People also ask, Related searches, Ads top, Ads bottom"
vodafone oder telekom netz,Commercial,39,210,38,1.84,"AI Overview, Reviews, Video, People also ask, Related searches"
vodafone programmliste,"Navigational, Transactional",35,210,32,0.00,"Reviews, People also ask, Related searches"
vodafone senderliste nrw pdf,"Informational, Transactional",36,210,37,0.00,"AI Overview, Reviews, People also ask, Related searches"
vodafone senderübersicht,Transactional,35,210,32,1.79,"Reviews, People also ask, Related searches"
vodafone sim karte mit vertrag,Transactional,33,210,34,4.74,"Reviews, Video, People also ask, Related searches, Popular products, Ads top, Ads bottom"
vodafone sim karte vertrag,Transactional,33,210,47,3.62,"Reviews, Video, People also ask, Related searches, Ads top, Ads bottom"
vodafone smartphone vertrag,Transactional,37,210,52,2.11,"Reviews, Video, People also ask, Related searches"
vodafone tariff,Commercial,31,210,67,2.17,"AI Overview, Reviews, People also ask, Related searches, Ads top, Ads bottom"
vodafone vertrag angebote,Transactional,36,210,44,2.56,"Reviews, Video, People also ask, Related searches"
vodafone vertrag mit smartphone,Transactional,36,210,56,2.11,"Reviews, People also ask, Related searches, Popular products"
vodafone vertrag neu,"Informational, Transactional",34,210,50,3.39,"Reviews, Video, People also ask"
vodafone verträge ohne handy,Commercial,34,210,50,2.53,"Reviews, Related searches"
vox gucken live,Commercial,34,210,35,0.86,"Reviews, Video, People also ask, Related searches"
w lan router,Commercial,31,210,44,2.27,"Reviews, Video, Video carousel, People also ask, Related searches, Popular products, Ads top, Ads bottom"
waipu abo,"Navigational, Transactional",29,210,43,0.18,"AI Overview, Reviews, People also ask, Related searches"
waipu angebot für bestandskunden,"Informational, Transactional",36,210,40,0.18,"Reviews, People also ask, Related searches"
waipu tarife,"Navigational, Transactional",29,210,39,0.06,"Video, People also ask, Related searches"
waipu tv bewertungen,Commercial,42,210,16,0.00,"AI Overview, Reviews, Video, Video carousel, People also ask, Related searches"
waipu tv kaufen,Transactional,36,210,45,0.25,"Reviews, People also ask, Related searches, Popular products"
waipu tv mit wow,Transactional,38,210,30,0.18,"Reviews, Video, People also ask, Related searches"
waipu tv probemonat,"Navigational, Transactional",34,210,30,0.48,"AI Overview, Reviews, Image, People also ask, Related searches"
waipu tv tarife,Transactional,36,210,46,0.05,"Video, People also ask, Related searches, Ads top, Ads bottom"
waiputv angebote,Transactional,46,210,55,0.14,"AI Overview, Reviews, Image, People also ask, Related searches, Ads top"
was ist set top box,"Informational, Commercial",41,210,14,0.00,"Reviews, Image, Video, People also ask, Related searches, Popular products"
was kostet glasfaser,Commercial,40,210,37,0.48,"Sitelinks, AI Overview, Reviews, Video, Video carousel, People also ask, Related searches, Ads bottom"
welcher handyvertrag ist der beste,Commercial,41,210,56,2.11,"AI Overview, Reviews, Video, People also ask, Related searches, Ads bottom"
welches internet ist das beste,Commercial,46,210,32,2.16,"AI Overview, Reviews, Video, People also ask, Related searches"
welches netz,"Navigational, Commercial",36,210,40,3.36,"Sitelinks, Reviews, Video, People also ask, Related searches"
winsim anmelden,"Navigational, Transactional",31,210,38,0.98,"Sitelinks, Reviews, People also ask, Related searches"
winsim vertrag mit handy,"Navigational, Transactional",34,210,20,1.89,"Sitelinks, Reviews, People also ask, Related searches, Ads top"
wlan angebote mit router,Commercial,39,210,42,2.47,"Reviews, Video, People also ask, Related searches, Popular products, Ads top, Ads bottom"
wlan fähiger fernseher,Commercial,39,210,24,0.26,"Video, People also ask, Related searches, Popular products"
wlan günstiger anbieter,"Informational, Commercial",41,210,37,3.90,"AI Overview, Reviews, Video, People also ask, Related searches, Ads top, Ads middle"
wlan internetanbieter,Commercial,44,210,43,4.72,"Sitelinks, AI Overview, Reviews, Video, People also ask, Related searches, Ads top, Ads middle"
wlan mit router,Commercial,40,210,29,2.27,"Reviews, Video, Video carousel, People also ask, Related searches"
wlan preisvergleich,Commercial,43,210,50,4.80,"Reviews, People also ask, Related searches"
wlan router mit dsl,Commercial,38,210,35,2.69,"Sitelinks, Reviews, Video, People also ask, Related searches, Popular products"
wlan router test stiftung warentest,Commercial,31,210,38,0.28,"Sitelinks, AI Overview, Reviews, Video, People also ask, Related searches"
wlan stick für tv ohne vertrag,Commercial,44,210,29,0.85,"Sitelinks, Reviews, Video, People also ask, Related searches, Popular products"
wlan studenten,Commercial,36,210,31,4.27,"Reviews, Related searches"
wlan und handy vertrag,Commercial,41,210,36,1.91,"Reviews, Related searches, Ads top"
wlan vertrag monatlich kündbar,Commercial,37,210,33,6.94,"Reviews, Video, Related searches, Ads top, Ads bottom"
wm magenta tv,"Informational, Commercial",48,210,,5.34,"Reviews, Video, Video carousel, Top stories, Related searches"
woher weiß ich ob ich glasfaser habe,"Informational, Commercial",41,210,34,1.81,"AI Overview, Reviews, Video, People also ask, Related searches, Ads top, Ads bottom"
wow buchen,Commercial,36,210,43,0.89,"Sitelinks, Video, People also ask, Related searches, Ads top, Ads middle"
wow sport angebot 3 monate,Commercial,36,210,17,1.13,"Reviews, Video, People also ask, Related searches, Ads top"
wow tv magenta,"Informational, Commercial",36,210,21,1.20,"Sitelinks, AI Overview, Reviews, Video, People also ask, Related searches"
www rtl de now,"Navigational, Transactional",41,210,76,0.04,"Reviews, Video, Related searches, Ads top"
yourfone angebote für bestandskunden,Transactional,30,210,19,0.50,"AI Overview, Reviews, People also ask, Related searches, Ads bottom, Ads middle"
yourfone handy mit vertrag,"Navigational, Commercial",32,210,16,1.11,"Sitelinks, Reviews, People also ask, Related searches, Popular products, Shopping ads, Ads top, Ads bottom"
1 und 1 handy ohne vertrag,Commercial,36,170,47,0.69,"Reviews, People also ask, Related searches"
1 und 1 internet zuhause,Commercial,42,170,47,1.20,"Reviews, People also ask, Related searches"
1&1 apple watch ohne vertrag,Transactional,38,170,25,0.79,"Video, People also ask, Related searches"
1&1 e-scooter ohne vertrag,"Informational, Transactional",34,170,19,0.61,"Reviews, Video, People also ask, Related searches"
1&1 hd tv plus,"Informational, Transactional",42,170,32,0.77,"Reviews, People also ask, Related searches"
1&1 partner shop,Commercial,31,170,37,1.20,"Reviews, People also ask, Local pack, Related searches"
10 gb handyvertrag,Commercial,37,170,23,2.31,"Reviews, Video, People also ask, Related searches, Popular products"
100 mbit dsl,Commercial,40,170,24,2.44,"Reviews, People also ask, Related searches, Ads top"
16 dsl,Commercial,32,170,19,1.47,"Sitelinks, AI Overview, Reviews, Video, People also ask, Related searches, Ads top, Ads middle"
1u1 cinema,"Informational, Transactional",40,170,30,0.00,"Reviews, Video, People also ask, Related searches"
1und1 fernseher,"Informational, Transactional",49,170,39,0.72,"Reviews, People also ask, Related searches"
1und1 tv senderliste,"Navigational, Transactional",53,170,26,0.00,"Reviews, People also ask, Related searches"
2 handys ein vertrag,Commercial,38,170,26,1.92,"Reviews, Video, People also ask, Related searches, Ads middle"
2 handys mit vertrag,Commercial,40,170,23,1.42,"Reviews, People also ask, Related searches, Ads bottom"
2 handyverträge,Commercial,41,170,32,1.42,"Reviews, Video, People also ask, Related searches"
2 sim karte vodafone,"Informational, Transactional",32,170,25,5.99,"Sitelinks, Reviews, Video, People also ask, Related searches"
20 gb handyvertrag,Commercial,35,170,27,2.19,"Featured snippet, Reviews, People also ask, Related searches, Popular products"
5g vertrag ohne handy,Commercial,39,170,30,2.79,"Reviews, People also ask, Related searches, Ads top, Ads middle"
abo netflix kosten,"Informational, Transactional",43,170,53,0.64,"AI Overview, Reviews, People also ask, Related searches"
abonnement netflix kosten,"Informational, Transactional",40,170,44,0.54,"AI Overview, People also ask, Related searches"
alternative für kabelfernsehen,"Informational, Commercial",53,170,14,1.17,"Sitelinks, AI Overview, Video, Video carousel, People also ask, Related searches, Ads top, Ads middle"
alternative zu sparhandy,Commercial,34,170,57,0.38,"AI Overview, Reviews, Video, People also ask, Related searches, Ads bottom, Ads middle"
alternative zu waipu,"Informational, Commercial",31,170,28,0.59,"Sitelinks, AI Overview, Reviews, Video, People also ask, Related searches"
alternative zu zattoo,Commercial,36,170,17,0.80,"AI Overview, Reviews, Video, Video carousel, People also ask, Related searches"
amazon stick bei media markt,"Informational, Commercial",40,170,34,0.36,"Video, People also ask, Related searches, Popular products"
anbieter für festnetz und internet,Commercial,46,170,45,1.50,"Sitelinks, Reviews, Video, People also ask, Related searches, Ads top, Ads bottom"
anbieter handytarife,Commercial,41,170,59,3.21,"Sitelinks, AI Overview, Reviews, Video, People also ask, Related searches, Ads bottom"
anbieter internet telefon,Commercial,44,170,55,2.03,"AI Overview, Reviews, Video, People also ask, Related searches, Ads bottom, Ads middle"
anbieter kabelanschluss,Commercial,41,170,38,1.42,"AI Overview, Reviews, Video, People also ask, Related searches, Ads top, Ads middle"
anbieter telefon internet,Commercial,44,170,37,2.03,"AI Overview, Reviews, People also ask, Related searches"
anbieter telefon und internet vergleich,Commercial,41,170,51,1.56,"Sitelinks, Reviews, Video, People also ask, Related searches"
anbieter von handytarifen,Commercial,41,170,53,3.21,"AI Overview, Reviews, Video, People also ask, Related searches"
android 4k tv stick,"Informational, Transactional",40,170,23,0.36,"Video, Video carousel, People also ask, Related searches, Popular products"
android tv vs google tv,"Informational, Commercial",33,170,26,0.00,"Sitelinks, AI Overview, Video, Video carousel, People also ask, Related searches"
android vs google tv,"Informational, Commercial",31,170,19,0.00,"Sitelinks, AI Overview, Video, Video carousel, Short videos, People also ask, Related searches"
angebot allnet flat,Commercial,40,170,34,2.66,"Sitelinks, Reviews, Video, People also ask, Related searches"
angebot dsl,Commercial,46,170,51,3.15,"Reviews, Video, People also ask, Related searches"
angebot waipu,Transactional,31,170,54,0.20,"Reviews, People also ask, Related searches"
angebote dsl festnetz,Commercial,45,170,40,1.70,"AI Overview, Reviews, Video, People also ask, Related searches, Ads top, Ads middle"
angebote dsl und festnetz,Commercial,46,170,54,1.42,"Reviews, Video, People also ask, Related searches"
angebote handyservice,"Navigational, Commercial",34,170,23,1.50,"Sitelinks, Reviews, Video, People also ask, Related searches"
angebote wow,"Informational, Commercial",36,170,28,1.03,"AI Overview, Reviews, Video, People also ask, Related searches, Ads top, Ads middle"
apn handyvertrag.de,"Informational, Transactional",38,170,19,0.00,"AI Overview, Reviews, Video, People also ask"
berliner internetanbieter,Commercial,45,170,23,4.12,"Reviews, Video, People also ask, Local pack, Related searches"
best handy verträge,Commercial,43,170,54,2.78,"Reviews, Video, People also ask, Related searches"
best ip tv,Commercial,43,170,33,1.12,"Sitelinks, Reviews, Video, Video carousel, People also ask, Related searches"
best isp in germany,Commercial,42,170,18,2.94,"Sitelinks, AI Overview, Reviews, Video, People also ask, Related searches, Ads bottom, Ads middle"
best streaming stick,Commercial,35,170,40,0.64,"Sitelinks, Reviews, Video, Video carousel, People also ask, Related searches, Popular products"
beste angebote handy,Commercial,39,170,41,1.08,"Reviews, Video, People also ask, Related searches, Popular products"
beste dsl angebote,Commercial,42,170,46,2.71,"Sitelinks, Reviews, Video, People also ask, Related searches, Ads top, Ads bottom"
beste internet,Commercial,43,170,35,2.92,"AI Overview, Reviews, Video, People also ask, Related searches"
beste internet angebote,Commercial,45,170,50,3.08,"Reviews, People also ask, Related searches"
beste internetanbieter deutschland,Commercial,48,170,38,2.07,"Sitelinks, AI Overview, Reviews, Video, Video carousel, People also ask, Related searches"
beste iptv anbieter forum,Commercial,49,170,10,0.00,"Sitelinks, Reviews, People also ask, Related searches"
beste mobilfunknetz,Commercial,40,170,30,2.07,"AI Overview, Reviews, Video, Video carousel, Short videos, People also ask, Related searches"
beste mobilfunktarife,Commercial,42,170,54,3.10,"Reviews, Video, People also ask, Related searches, Ads bottom"
beste tarife für handy,Commercial,38,170,57,1.91,"Sitelinks, Reviews, Video, Video carousel, People also ask, Related searches"
besten internetanbieter,Commercial,45,170,38,2.63,"Reviews, Video, People also ask, Related searches"
bester handy tarif,Commercial,41,170,53,2.25,"Sitelinks, Reviews, Video, People also ask, Related searches, Ads top, Ads bottom"
bester handy vertrag,Commercial,41,170,51,2.43,"Reviews, Video, Video carousel, People also ask, Related searches"
bester handyanbieter,Commercial,41,170,45,2.14,"AI Overview, Reviews, Video, People also ask, Related searches, Ads top, Ads bottom"
bester handytarif mit handy,Commercial,39,170,43,1.49,"Reviews, Video, People also ask"
bester handyvertrag anbieter,Commercial,38,170,61,2.09,"AI Overview, Reviews, Video, People also ask, Related searches, Ads top, Ads bottom"
bester iptv anbieter deutschland,Commercial,72,170,19,0.00,"Sitelinks, AI Overview, Video, Short videos, People also ask, Related searches"
bester iptv provider,Commercial,57,170,20,0.00,"Sitelinks, AI Overview, Video, People also ask, Related searches"
bester mobilfunktarif,Commercial,40,170,51,3.10,"AI Overview, Reviews, Video, People also ask, Related searches"
bester sat receiver,Commercial,32,170,21,0.14,"Sitelinks, Reviews, Video, Video carousel, People also ask, Related searches"
bester tv anbieter,Commercial,49,170,41,1.97,"Sitelinks, AI Overview, Reviews, Video, People also ask, Related searches"
bester wlan anbieter,Commercial,44,170,31,4.14,"Sitelinks, AI Overview, Reviews, Video, People also ask, Related searches, Ads top, Ads bottom"
bestes dsl angebot,Commercial,43,170,46,2.71,"Sitelinks, Reviews, Video, Related searches"
bestes internet,Commercial,45,170,46,3.16,"AI Overview, Video, Video carousel, People also ask, Related searches, Ads top, Ads middle"
billig tarif handy,Commercial,38,170,65,2.28,"Sitelinks, Reviews, Video, People also ask, Related searches, Popular products"
billige handyverträge mit handy,Commercial,39,170,50,2.18,"Reviews, Video, People also ask, Related searches, Popular products, Ads top, Ads middle"
billiges internet für zuhause,"Informational, Commercial",45,170,56,2.78,"AI Overview, Reviews, Video, People also ask, Related searches, Ads top, Ads middle"
blau handy angebote,Transactional,36,170,28,0.83,"Reviews, Video, People also ask, Related searches, Popular products"
blau handyvertrag mit handy,"Navigational, Transactional",37,170,38,1.19,"Reviews, People also ask, Related searches, Popular products"
bundesliga bei der telekom,Transactional,41,170,49,0.40,"Sitelinks, AI Overview, Reviews, Video, People also ask, Related searches"
bundesligastreaming com,Commercial,40,170,29,1.40,"Sitelinks, Video, People also ask, Related searches"
bundle deals,"Informational, Commercial",48,170,17,1.08,"Reviews, Video, People also ask, Related searches, Popular products"
congstar neukunde,"Navigational, Transactional",29,170,39,2.48,"People also ask, Related searches, Ads top, Ads bottom"
congstar partnervertrag,"Navigational, Transactional",30,170,32,0.26,"Sitelinks, People also ask, Related searches"
d netz handytarife,Commercial,36,170,25,2.98,"Reviews, Video, People also ask, Related searches, Ads bottom"
d netz qualität,"Informational, Commercial",38,170,21,2.78,"Sitelinks, Reviews, People also ask, Related searches"
d1 tarife ohne handy,Commercial,38,170,30,1.98,"Sitelinks, AI Overview, Reviews, Video, People also ask, Related searches, Ads bottom"
d1-tarife ohne handy,Commercial,38,170,28,1.70,"Sitelinks, AI Overview, Video, People also ask, Related searches"
d2 handy mit vertrag,Commercial,37,170,31,2.13,"Reviews, Video, Related searches, Popular products"
daten sim karten,Commercial,39,170,30,2.03,"Reviews, Video, People also ask, Related searches, Popular products, Ads middle"
daten sim unlimited,Commercial,37,170,26,2.47,"Reviews, Video, People also ask, Related searches"
datentarife monatlich kündbar,Commercial,39,170,22,3.96,"Sitelinks, Reviews, Video, Related searches"
datenvolumen vodafone kaufen,Transactional,37,170,33,3.06,"Sitelinks, AI Overview, Reviews, Video, People also ask, Related searches"
dazn fussbal,"Navigational, Transactional",60,170,65,0.89,"Video, Video carousel, People also ask, Top stories, Related searches"
dazn fussball live,"Navigational, Transactional",60,170,72,0.75,"Reviews, Video, Top stories, Related searches"
dazn fußball live,"Navigational, Transactional",60,170,69,0.75,"Reviews, Video, Top stories, Related searches"
dazn unlimited plus 2 haushalte,"Informational, Transactional",46,170,24,0.00,"AI Overview, People also ask, Related searches"
deutsche glasfaser internet störung,"Informational, Transactional",42,170,33,0.00,"Reviews, People also ask, Related searches"
deutsche glasfaser widerruf,"Informational, Transactional",43,170,20,0.74,"Reviews, Video, People also ask, Related searches"
deutschland handynetze,"Informational, Commercial",46,170,48,1.31,"AI Overview, Reviews, Video, People also ask, Related searches"
die besten router,Commercial,38,170,20,0.40,"Sitelinks, Video, People also ask, Related searches"
digital antenne tv,Commercial,41,170,17,0.37,"Video, People also ask, Related searches, Popular products"
dr sim login,"Informational, Commercial",25,170,34,0.00,"Reviews, People also ask, Related searches"
drillisch gruppe,Commercial,33,170,30,1.84,"AI Overview, Reviews, Image pack, Video, People also ask, Related searches, Ads bottom, Ads middle"
drillisch sim,Commercial,31,170,43,2.51,"Sitelinks, Reviews, Video, People also ask, Related searches, Ads top"
dsl 16 mbit,Commercial,37,170,19,1.51,"Sitelinks, Reviews, Video, People also ask, Related searches"
dsl aktion,Commercial,39,170,41,2.43,"Reviews, Video, Related searches"
dsl anbieter billig,Commercial,43,170,44,2.34,"Sitelinks, Reviews, Video, People also ask, Related searches"
dsl anschluß,Commercial,45,170,35,5.71,"AI Overview, Reviews, Image pack, Video, Video carousel, People also ask, Related searches, Ads top, Ads bottom"
dsl festnetz angebote,Commercial,43,170,42,2.07,"AI Overview, Reviews, People also ask, Related searches, Ads top, Ads bottom"
dsl internet anbieter,Commercial,44,170,43,5.07,"Sitelinks, Reviews, Video, People also ask, Related searches, Ads top, Ads middle"
dsl internet günstig,Commercial,46,170,35,3.28,"Sitelinks, AI Overview, Reviews, Video, Related searches, Ads middle"
dsl kabel für router,Commercial,36,170,14,0.98,"Reviews, Video, People also ask, Related searches, Popular products"
dsl mit fernsehen,Commercial,47,170,31,2.42,"AI Overview, Reviews, Video, Related searches"
dsl provider,Commercial,40,170,43,2.98,"Sitelinks, AI Overview, Reviews, Video, People also ask, Related searches"
dsl tarif telekom,Commercial,46,170,41,2.39,"Reviews, People also ask, Related searches, Ads top, Ads bottom"
dsl und handyvertrag,Commercial,45,170,36,1.54,"Reviews, Video, Related searches, Ads bottom"
dsl verträge vergleich,Commercial,40,170,45,4.25,"Sitelinks, Reviews, Video, People also ask, Related searches"
dsl verträge vergleichen,Commercial,41,170,40,3.74,"Sitelinks, Video, People also ask, Related searches, Ads top, Ads bottom"
dvb s receiver,Commercial,34,170,19,0.28,"Image pack, People also ask, Related searches, Popular products"
empfohlene sendungen,"Informational, Commercial",34,170,33,0.00,"Video, People also ask, Related searches"
esim handyvertrag,Commercial,37,170,25,15.60,"Reviews, Video, People also ask, Related searches"
fernseh kostenlos anschauen,Commercial,40,170,41,0.31,"Sitelinks, Reviews, Video, People also ask, Related searches, Ads middle"
fernseh online kostenlos,Commercial,44,170,60,0.81,"Reviews, Video, People also ask, Related searches"
fernseh stick wlan,Commercial,37,170,30,0.50,"Sitelinks, Reviews, Video, People also ask, Related searches, Popular products, Ads top, Ads bottom"
fernsehen auf dem laptop kostenlos,Commercial,42,170,42,0.38,"AI Overview, Reviews, Video, Video carousel, People also ask, Related searches, Ads top, Ads middle"
fernsehen auf laptop kostenlos,"Informational, Commercial",40,170,53,0.45,"AI Overview, Video, People also ask, Related searches, Ads bottom, Ads middle"
fernsehen auf pc,Commercial,42,170,30,0.56,"AI Overview, Reviews, Video, People also ask, Related searches, Ads bottom, Ads middle"
fernsehen online schauen,Commercial,43,170,58,1.15,"Reviews, Video, People also ask, Related searches"
fernsehen über internet vergleich,Commercial,48,170,36,1.61,"AI Overview, Reviews, Video, People also ask, Related searches, Ads top, Ads bottom"
fernseher gucken kostenlos,Commercial,45,170,43,0.72,"Reviews, Video, People also ask, Related searches"
fernseher handyvertrag,Commercial,43,170,10,1.64,"Reviews, Related searches, Popular products, Ads top, Ads bottom"
festnetz günstiger anbieter,"Informational, Commercial",44,170,49,1.30,"AI Overview, Reviews, Video, People also ask, Related searches, Ads top, Ads bottom"
festnetz internet und tv,Commercial,48,170,49,1.71,"Reviews, Video, People also ask, Related searches, Ads top, Ads middle"
festnetz tarif,"Informational, Commercial",41,170,44,1.36,"Reviews, People also ask, Related searches"
festnetz telefontarife vergleich,Commercial,43,170,39,0.99,"Sitelinks, Reviews, People also ask, Related searches"
festnetz tv internet,Commercial,51,170,42,1.78,"Reviews, Video, People also ask, Related searches"
festnetz und dsl angebote,"Informational, Commercial",45,170,46,1.60,"Sitelinks, AI Overview, Reviews, People also ask, Related searches"
festnetz und handy bei telekom,Commercial,39,170,39,0.69,"AI Overview, Reviews, People also ask, Related searches, Ads top, Ads bottom"
festnetz und internet günstig,Commercial,46,170,43,1.32,"Reviews, People also ask, Related searches"
festnetzanbieter mit internet,Commercial,46,170,47,1.98,"Sitelinks, Reviews, Video, People also ask, Related searches"
finanztip handyvertrag,"Navigational, Transactional",39,170,52,3.22,"Sitelinks, Reviews, Video, People also ask, Related searches"
flatrate für handy,Commercial,39,170,36,2.53,"Reviews, Video, People also ask, Related searches"
flatrate handy ohne vertrag,Commercial,34,170,33,2.11,"Reviews, People also ask, Related searches, Popular products"
flixi tv stick kaufen,"Informational, Transactional",48,170,24,0.56,"Sitelinks, Reviews, Video, Video carousel, People also ask, Related searches, Popular products"
flixy tv stick kaufen,Transactional,48,170,15,0.68,"Sitelinks, Video, People also ask, Related searches, Popular products"
free fernsehen,Commercial,42,170,38,0.94,"AI Overview, Reviews, Video, People also ask, Top stories, Related searches"
free tv live stream,Commercial,38,170,54,0.62,"Reviews, Video, People also ask, Related searches"
free tv show stream online,Commercial,33,170,66,0.00,"Sitelinks, Video, People also ask, Related searches"
free tv stick,Commercial,40,170,27,0.47,"Sitelinks, Reviews, Video, Video carousel, People also ask, Related searches"
freetvstream,Commercial,35,170,42,2.32,"Reviews, Video, Related searches"
fritzbox deutsche glasfaser,"Informational, Transactional",38,170,27,0.46,"Reviews, Image pack, Video, Video carousel, People also ask, Related searches"
funkmasten in meiner nähe,Transactional,36,170,26,0.00,"Sitelinks, AI Overview, Reviews, Video, People also ask, Related searches"
fußball live dazn,"Navigational, Transactional",60,170,69,0.75,"Reviews, Video, Top stories, Related searches"
german streaming sites reddit,"Navigational, Transactional",48,170,31,0.00,Related searches
germany ip tv,Commercial,61,170,16,0.87,"AI Overview, Video, People also ask, Related searches"
geräte zum streamen,Commercial,47,170,23,0.63,"Video, People also ask, Related searches, Popular products"
geschäftskunden mobilfunk,Commercial,39,170,23,10.00,"AI Overview, Reviews, Video, Related searches, Ads top, Ads bottom"
gestern rtl,Transactional,35,170,39,0.79,"Video, People also ask, Related searches"
glasfaser anbieter verfügbarkeit,Commercial,42,170,35,1.04,"Reviews, People also ask, Related searches, Ads top, Ads bottom"
glasfaser angebot telekom,"Navigational, Transactional",41,170,36,1.49,"Sitelinks, People also ask, Related searches"
glasfaser angebote vergleich,Commercial,41,170,30,1.28,"AI Overview, Reviews, People also ask, Related searches, Ads top, Ads middle"
glasfaser internet vodafone,Commercial,38,170,31,1.20,"Sitelinks, Reviews, Video, People also ask, Related searches, Ads top, Ads bottom"
glasfaser preis,Transactional,40,170,,0.65,"People also ask, Related searches"
glasfaser verlegen kosten,Commercial,40,170,17,0.82,"AI Overview, Reviews, Video, Video carousel, People also ask, Related searches"
glasfaserkabel für internet,"Informational, Transactional",40,170,12,1.42,"Reviews, Image pack, Video, Video carousel, People also ask, Related searches, Popular products, Ads bottom"
gratis streamen serien,Commercial,38,170,30,0.98,"AI Overview, Reviews, Related searches, Ads bottom"
guter router,Commercial,34,170,28,0.63,"Sitelinks, Reviews, Video, People also ask, Related searches, Popular products"
günstig handytarif,"Informational, Commercial",39,170,51,2.96,"Reviews, Video, People also ask, Related searches, Popular products"
günstige flat mit handy,Commercial,38,170,37,3.58,"Sitelinks, Reviews, Video, Related searches, Popular products"
günstige handyanbieter,Commercial,36,170,66,2.99,"Reviews, Video, People also ask, Related searches"
günstige handytarife bei telekom,Commercial,38,170,39,1.15,"Reviews, People also ask, Related searches, Ads bottom"
günstige handyverträge vodafone,Commercial,35,170,40,2.80,"Reviews, People also ask, Related searches"
günstige simkarte,Commercial,33,170,66,4.96,"Reviews, Video, People also ask, Related searches, Ads top, Ads middle"
günstige tarife mit smartphone,Commercial,40,170,50,2.26,"Reviews, Video, People also ask, Related searches, Popular products"
günstige tarife smartphone,Commercial,38,170,62,2.26,"Reviews, Video, People also ask, Related searches, Popular products"
günstige verträge mit smartphone,Commercial,38,170,48,1.57,"Sitelinks, Reviews, Video, People also ask, Related searches, Popular products"
günstige wlan tarife,Commercial,39,170,33,4.09,"Reviews, Video, People also ask, Related searches, Ads top, Ads middle"
günstigen handyvertrag ohne handy,Commercial,37,170,39,3.92,"Video, People also ask, Related searches, Ads top, Ads middle"
günstiger festnetzanschluss mit internet,Commercial,45,170,49,1.47,"Reviews, People also ask, Related searches, Ads top, Ads middle"
günstiger handyvertrag telekom,Commercial,39,170,40,1.65,"AI Overview, Reviews, People also ask, Related searches"
günstiger internet anbieter,Commercial,45,170,46,2.45,"AI Overview, Reviews, Video, People also ask, Related searches, Ads top, Ads bottom"
günstiger internetanbieter für zuhause,Commercial,45,170,55,1.92,"AI Overview, Reviews, Video, People also ask, Related searches, Ads top, Ads middle"
günstiger smartphone vertrag,Commercial,40,170,52,1.47,"Reviews, Video, People also ask, Related searches, Popular products, Ads bottom"
günstiger vertrag für tablet,Commercial,39,170,21,1.72,"Reviews, People also ask, Related searches, Popular products, Ads middle"
günstiger vertrag ohne handy,Commercial,37,170,27,5.29,"Reviews, Video, People also ask, Related searches, Ads top, Ads middle"
günstiges internet dsl,Commercial,45,170,39,3.27,"Reviews, Video, Related searches"
günstiges internet ohne festnetz,Commercial,42,170,30,1.07,"AI Overview, Reviews, Video, People also ask, Related searches, Ads top, Ads middle"
günstiges kabel internet,Commercial,46,170,30,2.83,"Reviews, Video, People also ask, Related searches"
günstigste handy mit vertrag,Commercial,41,170,47,1.85,"Reviews, Video, People also ask, Related searches, Popular products"
günstigste handy tarife,Commercial,39,170,45,2.96,"Reviews, Video, People also ask, Related searches, Ads middle"
günstigsten handytarife,Commercial,37,170,49,2.43,"Reviews, Video, People also ask, Related searches, Ads middle"
günstigster internet tarif,Commercial,45,170,50,1.92,"AI Overview, Reviews, Video, People also ask, Related searches, Ads top, Ads middle"
handvertrag,Commercial,34,170,57,4.15,"Reviews, Video, People also ask, Related searches"
handy beste angebote,Commercial,37,170,39,1.01,"Reviews, Video, People also ask, Related searches, Popular products"
handy bundle mit vertrag,Commercial,39,170,30,1.47,"Reviews, Video, Related searches, Ads middle"
handy bundles mit zugabe,Commercial,35,170,17,1.05,"Reviews, Related searches, Popular products"
handy d netz tarife,Commercial,39,170,30,2.98,"AI Overview, Reviews, Video, People also ask, Related searches"
handy datentarif,Commercial,40,170,34,2.99,"Video, People also ask, Related searches, Popular products, Ads top, Ads middle"
handy flatrate internet,Commercial,39,170,37,2.87,"AI Overview, Reviews, People also ask, Related searches, Ads bottom"
handy günstig vertrag,Commercial,40,170,45,2.11,"Reviews, Video, People also ask, Related searches, Ads top, Ads middle"
handy huawei mit vertrag,Commercial,36,170,24,0.82,"Reviews, People also ask, Related searches, Popular products"
handy mit fernseher vertrag,Commercial,41,170,11,1.64,"Reviews, Video, Related searches, Popular products"
handy mit lte,Commercial,35,170,20,1.65,"Reviews, Video, People also ask, Related searches, Popular products"
handy mit prämie,Commercial,34,170,12,3.05,"Related searches, Popular products, Ads top, Ads middle"
handy mit schufa,Commercial,31,170,19,3.93,"People also ask, Related searches, Ads top, Ads bottom"
handy mit tv vertrag,Commercial,43,170,23,1.35,"Reviews, Video, Related searches"
handy mit vertrag angebote saturn,"Informational, Transactional",33,170,39,0.65,"Reviews, People also ask, Related searches, Popular products"
handy mit vertrag ohne anschlussgebühr,Commercial,35,170,40,4.55,"Video, People also ask, Related searches, Ads top, Ads middle"
handy mit vertrag schnäppchen,Commercial,35,170,48,0.90,"Reviews, Video, Related searches"
handy mit vertrag und tablet,Commercial,39,170,23,1.33,"Reviews, People also ask, Related searches, Popular products, Ads top, Ads middle"
handy mit vertrag vodafone netz,Commercial,35,170,41,2.55,"Reviews, Video, Related searches, Popular products"
handy mit vertragsverlängerung,Commercial,37,170,39,1.23,"Video, People also ask, Related searches, Popular products"
handy online,Commercial,34,170,68,3.24,"Video, People also ask, Related searches"
handy saturn kaufen,"Navigational, Transactional",34,170,28,0.27,"Sitelinks, People also ask, Related searches, Popular products"
handy tarife ohne vertrag,Commercial,38,170,25,3.02,"Reviews, Video, People also ask, Related searches, Popular products"
handy telefontarife,Commercial,36,170,48,2.08,"Reviews, Video, People also ask, Related searches, Popular products, Ads top, Ads middle"
handy und tablet im vertrag,Commercial,39,170,24,1.23,"Reviews, Video, People also ask, Related searches, Popular products"
handy und tablet mit vertrag,Commercial,42,170,22,1.23,"Reviews, People also ask, Related searches, Popular products, Ads middle"
handy und tablet vertrag,Commercial,41,170,23,1.23,"Reviews, People also ask, Related searches, Popular products"
handy vertr,Commercial,32,170,50,4.30,"Reviews, Video, People also ask, Related searches"
handy vertrag d1 netz,Commercial,40,170,28,2.33,"AI Overview, Reviews, Video, People also ask, Related searches"
handy vertrag ohne sim karte,Commercial,31,170,58,3.05,"Sitelinks, Video, People also ask, Related searches, Ads bottom"
handy vertrag unlimited,Commercial,41,170,25,4.32,"Sitelinks, Reviews, Video, People also ask, Related searches, Ads top, Ads middle"
handydeal,Commercial,30,170,43,1.16,"Reviews, Video, Related searches"
handys mit tarif,Commercial,40,170,50,1.69,"Reviews, Video, Related searches, Popular products"
handytarif billig,Commercial,38,170,46,3.47,"Video, People also ask, Related searches, Popular products, Shopping ads, Ads top, Ads bottom"
handytarif d netz,Commercial,41,170,25,2.98,"Reviews, Video, People also ask, Related searches"
handytarif mit handy vergleich,Commercial,39,170,50,1.38,"Reviews, Video, Related searches, Ads middle"
handytarif-vergleich mit handy,Commercial,39,170,52,1.38,"Sitelinks, Reviews, Video, People also ask, Related searches, Ads top, Ads middle"
handytarife für familien,Commercial,41,170,26,1.65,"Reviews, Video, People also ask, Related searches"
handytarife günstig ohne vertrag,Commercial,36,170,34,2.05,"Reviews, Video, People also ask, Related searches, Popular products, Ads top, Ads middle"
handyvertrag 10 gb,Commercial,40,170,23,3.25,"Reviews, People also ask, Related searches, Popular products"
handyvertrag 100 gb,Commercial,39,170,12,3.63,"Sitelinks, Reviews, Video, People also ask, Related searches, Popular products, Ads top, Ads bottom"
handyvertrag 20 gb ohne handy,Commercial,41,170,32,2.19,"Reviews, Video, People also ask, Related searches, Popular products"
handyvertrag 24,"Navigational, Commercial",39,170,26,3.07,"Sitelinks, Reviews, Video, People also ask, Related searches"
handyvertrag 30 gb,Commercial,40,170,36,3.30,"Reviews, Video, People also ask, Related searches, Popular products"
handyvertrag angebote saturn,Commercial,36,170,36,0.87,"Reviews, People also ask, Related searches, Popular products"
handyvertrag d2,"Informational, Commercial",35,170,27,2.13,"AI Overview, Reviews, Video, People also ask, Related searches, Ads middle"
handyvertrag de erfahrungen,"Informational, Commercial",38,170,21,3.45,"Sitelinks, AI Overview, Reviews, Video, People also ask, Related searches"
handyvertrag dsl,"Navigational, Transactional",42,170,35,1.90,"Sitelinks, Reviews, People also ask, Related searches, Ads bottom"
handyvertrag flatrate,Commercial,40,170,35,2.86,"AI Overview, Reviews, People also ask, Related searches"
handyvertrag huawei,Commercial,36,170,22,0.82,"Reviews, People also ask, Related searches, Popular products"
handyvertrag idealo,Transactional,41,170,48,1.63,"Video, People also ask, Related searches"
handyvertrag im d netz,Commercial,38,170,26,3.29,"AI Overview, Reviews, Video, People also ask, Related searches, Ads top, Ads middle"
handyvertrag im vodafone netz,Commercial,39,170,29,2.81,"Reviews, People also ask, Related searches"
handyvertrag mit d netz,"Informational, Commercial",39,170,26,4.00,"Sitelinks, AI Overview, Video, People also ask, Related searches"
handyvertrag mit internet,Commercial,45,170,50,4.12,"Reviews, Video, People also ask, Related searches, Popular products"
handyvertrag mit ps5 und handy,Commercial,35,170,8,1.51,Related searches
handyvertrag monatlich kündbar vodafone,Commercial,37,170,31,2.71,"Reviews, People also ask, Related searches, Ads top, Ads bottom"
handyvertrag ohne schufa mit handy,"Informational, Commercial",30,170,18,2.47,"Reviews, People also ask, Related searches, Popular products"
handyvertrag ps5,Commercial,34,170,12,1.35,"Reviews, People also ask, Related searches"
handyvertrag zugabe,Commercial,36,170,13,1.15,"Reviews, Video, Related searches, Ads bottom"
handyverträge check24,"Navigational, Transactional",38,170,46,6.05,"Reviews, People also ask, Related searches"
hd online tv,Commercial,43,170,60,2.09,"AI Overview, Reviews, Video, Related searches, Ads top, Ads middle"
hd sat receiver mit hd+ karte,Commercial,50,170,21,0.14,"People also ask, Related searches, Popular products"
hdmi tv stick,Commercial,42,170,31,0.72,"Sitelinks, Reviews, Video, People also ask, Related searches"
idealo handy mit vertrag,"Informational, Transactional",39,170,41,1.63,"Reviews, Video, Related searches"
internet 1000 mbit angebote,Commercial,41,170,28,1.94,"AI Overview, Reviews, Video, People also ask, Related searches, Ads top, Ads middle"
internet anmelden telekom,"Informational, Transactional",44,170,30,3.39,"AI Overview, Reviews, Video, Video carousel, People also ask, Related searches"
internet dsl anbieter,Commercial,44,170,48,5.81,"Sitelinks, AI Overview, Reviews, Related searches, Ads top, Ads bottom"
internet dsl günstig,Commercial,46,170,37,3.28,"Sitelinks, Reviews, Video, People also ask, Related searches"
internet fur zuhause,Commercial,46,170,50,4.56,"Reviews, Video, People also ask, Related searches, Ads top, Ads middle"
internet für die wohnung,Commercial,47,170,50,4.72,"Reviews, Video, People also ask, Related searches, Ads top, Ads bottom"
internet für zuhause ohne telefon mit router,Commercial,48,170,29,1.68,"AI Overview, Reviews, Video, Video carousel, People also ask, Related searches, Ads top, Ads middle"
internet in germany,Commercial,46,170,33,3.85,"Sitelinks, AI Overview, Reviews, Video, Video carousel, People also ask, Related searches, Ads bottom, Ads middle"
internet kabelfernsehen,Commercial,48,170,30,1.52,"AI Overview, Reviews, Video, People also ask, Related searches, Ads top, Ads middle"
internet mobil tarife,Commercial,39,170,53,2.26,"AI Overview, Reviews, Video, People also ask, Related searches"
internet muenchen,Commercial,42,170,27,4.87,"Reviews, Video, People also ask, Related searches"
internet provider service,Commercial,39,170,31,3.43,"Featured snippet, Reviews, Video, People also ask, Local pack, Knowledge panel, Related searches"
internet provider vergleich,Commercial,41,170,46,2.66,"AI Overview, Reviews, Video, People also ask, Related searches, Ads top, Ads bottom"
internet prämie,Commercial,40,170,13,5.07,"Sitelinks, Reviews, Related searches, Ads top, Ads bottom"
internet telefon vergleich,Commercial,40,170,56,2.19,"Sitelinks, Reviews, Video, People also ask, Related searches"
internet telefonie anbieter,"Informational, Commercial",43,170,21,5.29,"Sitelinks, AI Overview, Reviews, Video, People also ask, Related searches, Ads top, Ads bottom"
internet tv kabel,Commercial,46,170,38,1.93,"Reviews, Video, People also ask, Related searches"
internet und telefonanbieter vergleich,Commercial,41,170,50,1.78,"AI Overview, Reviews, Video, People also ask, Related searches"
internet und telefontarife,Commercial,46,170,46,1.08,"Reviews, Video, People also ask, Related searches"
internet vegleich,Commercial,49,170,50,5.26,"Sitelinks, Reviews, Video, People also ask, Related searches, Ads top, Ads middle"
internet zuhause anbieter,Commercial,44,170,48,3.53,"Reviews, People also ask, Related searches"
internet über kabel router,Commercial,47,170,34,2.66,"Reviews, Video, Related searches, Popular products"
internet über telekom,Transactional,46,170,33,3.82,"AI Overview, Reviews, Video, People also ask, Related searches, Ads top, Ads middle"
internet-anschluss,Commercial,46,170,53,5.26,"AI Overview, Reviews, Video, Video carousel, People also ask, Related searches, Ads bottom, Ads middle"
internet.,"Informational, Commercial",41,170,71,4.57,"Reviews, Video, People also ask, Top stories, Related searches"
internetanbieter dsl,Commercial,45,170,42,5.56,"Video, People also ask, Related searches, Ads top, Ads middle"
internetanbieter für zu hause,"Informational, Commercial",49,170,55,4.45,"AI Overview, Video, People also ask, Related searches, Ads top, Ads bottom"
internetanbieter leipzig,Commercial,46,170,13,4.27,"Sitelinks, Reviews, People also ask, Related searches"
internetanbieter monatlich kündbar,Commercial,43,170,36,5.79,"Reviews, Video, People also ask, Related searches, Ads top, Ads bottom"
internetanbieter telefon,Commercial,43,170,62,2.03,"Reviews, Video, People also ask, Related searches"
internetanbieter telekom,"Navigational, Transactional",45,170,35,4.13,"Reviews, People also ask, Related searches"
internetanbieter test,Commercial,44,170,35,1.87,"AI Overview, Reviews, Video, People also ask, Related searches, Ads bottom"
internetanbieter zu hause,Commercial,44,170,52,3.53,"Reviews, Video, People also ask, Related searches"
internetanbieter zuhause,Commercial,45,170,50,3.53,"Reviews, People also ask, Related searches"
internetkabel router,"Informational, Commercial",38,170,24,0.80,"Video, People also ask, Related searches, Popular products, Ads bottom"
internetkosten,Commercial,41,170,20,1.17,"AI Overview, Reviews, Video, Video carousel, People also ask, Related searches"
ip tv boxen,"Informational, Commercial",47,170,25,0.00,"Video, Video carousel, People also ask, Related searches, Popular products"
ip tv smart player,Transactional,42,170,31,0.00,"Reviews, Video, People also ask, Related searches"
iphone 15 pro max 1&1,"Informational, Transactional",30,170,25,0.75,"Reviews, People also ask, Related searches, Popular products"
iphone freenet,"Navigational, Transactional",34,170,22,0.80,"Sitelinks, Video, People also ask, Related searches, Popular products, Ads bottom"
iptv best,Commercial,50,170,26,0.00,"Sitelinks, AI Overview, Video, Video carousel, People also ask, Related searches"
iptv buy,"Informational, Commercial",42,170,45,0.00,"AI Overview, Video, Related searches"
iptv kaufen deutschland,Commercial,75,170,19,0.00,"Video, Related searches"
iptv service,"Informational, Commercial",59,170,32,0.00,"AI Overview, Reviews, Video, Video carousel, People also ask, Related searches"
iptv streamer,Commercial,51,170,29,0.00,"Reviews, Video, People also ask, Related searches"
iptv sub,"Informational, Commercial",46,170,17,1.05,"Sitelinks, Video, Video carousel, People also ask, Related searches"
iptv telekom,"Navigational, Transactional",54,170,65,0.00,"Sitelinks, AI Overview, Reviews, Video, People also ask, Related searches"
iptv türkisch,Commercial,51,170,18,0.00,"Reviews, Video, People also ask"
iptv türkische sender,"Informational, Commercial",47,170,15,0.00,"AI Overview, Reviews, Video, People also ask, Related searches"
kabel 1 doku stream,Commercial,35,170,32,0.40,"Reviews, Video, People also ask, Related searches"
kabel 1 live programm,Commercial,43,170,30,0.42,"Sitelinks, Reviews, Video, People also ask, Related searches"
kabel 1 sendung verpaßt,"Informational, Commercial",34,170,28,0.33,"AI Overview, Reviews, Video, People also ask, Related searches, Ads top"
kabel 1live,Commercial,41,170,46,0.48,"Reviews, People also ask, Related searches, Ads top, Ads bottom"
kabel eins doku livestream,Commercial,42,170,26,0.37,"AI Overview, Reviews, Related searches"
kabel fernseher,Commercial,39,170,27,1.94,"Reviews, Image, Image pack, Video, Video carousel, People also ask, Related searches, Popular products"
kabel internet günstig,Commercial,45,170,32,3.07,"Reviews, Video, People also ask, Related searches"
kabel1 live tv,Transactional,48,170,35,0.13,"Reviews, Video, People also ask, Related searches"
kabelfernsehen ohne internet,Commercial,47,170,21,1.42,"Sitelinks, AI Overview, Reviews, Video, People also ask, Related searches, Ads bottom, Ads middle"
kabelfersehen,Commercial,49,170,31,1.16,"Reviews, Image, Video, People also ask, Related searches"
klarmobil handys,"Informational, Transactional",31,170,29,1.02,"Reviews, Video, People also ask, Related searches, Popular products"
klarmobil in der nähe,"Navigational, Commercial",35,170,36,1.30,"Sitelinks, Reviews, People also ask, Local pack, Related searches"
klarmobil vertragsverlängerung mit handy,"Navigational, Transactional",34,170,26,0.93,"Reviews, People also ask, Related searches"
klarmobil zusatzkarte,"Navigational, Transactional",32,170,19,2.92,"Sitelinks, Reviews, People also ask, Related searches"
kostenlos fernsehen am laptop,"Informational, Commercial",41,170,25,0.36,"Sitelinks, AI Overview, Reviews, Video, Video carousel, People also ask, Related searches, Ads middle"
kostenlos fernsehen online ohne anmeldung,"Navigational, Transactional",37,170,55,0.00,"AI Overview, Reviews, Video, People also ask, Related searches, Ads bottom"
kostenlos fernsehen schauen ohne anmeldung,"Navigational, Transactional",36,170,40,0.00,"Sitelinks, Reviews, Video, People also ask, Related searches"
kostenlos tv online schauen,Commercial,41,170,50,1.00,"Reviews, Video, People also ask, Related searches"
kostenlose live tv,Commercial,43,170,39,0.61,"Reviews, Video, Related searches"
live pro tv gratis,Commercial,40,170,52,0.00,"Reviews, Video, People also ask, Related searches"
live rtl now,"Navigational, Transactional",41,170,50,0.26,"Reviews, Video, People also ask, Related searches"
live stream com,Commercial,35,170,58,0.00,"Reviews, Video, People also ask, Related searches"
live stream ohne anmeldung,"Navigational, Transactional",38,170,40,0.36,"Sitelinks, Reviews, Video, Related searches"
live streams kostenlos,Commercial,40,170,64,0.71,"Sitelinks, Reviews, Video, People also ask, Top stories, Related searches"
lte handy,Commercial,33,170,21,1.75,"Reviews, Video, People also ask, Related searches, Popular products"
magenta big tv,Commercial,38,170,17,4.48,"Sitelinks, AI Overview, Reviews, Video, People also ask, Related searches"
magenta ohne telekom,"Informational, Commercial",40,170,31,5.71,"AI Overview, Reviews, People also ask, Related searches, Ads top"
magenta tv fernseher,"Informational, Transactional",39,170,46,3.53,"Reviews, Image, Video, People also ask, Related searches"
magenta tv ohne festnetz,"Informational, Commercial",48,170,31,2.63,"Sitelinks, AI Overview, Reviews, Video, People also ask, Related searches"
magenta tv ohne telekom vertrag,"Informational, Commercial",43,170,25,2.98,"AI Overview, Reviews, Video, People also ask, Related searches"
magenta tv program,Commercial,32,170,38,2.85,"AI Overview, Reviews, Video, People also ask, Related searches, Ads top"
magenta tv stick 2.0,Commercial,41,170,20,0.25,"Reviews, Video, Video carousel, People also ask, Ads middle"
magenta tv stick anmelden,"Informational, Transactional",46,170,16,0.00,"AI Overview, Reviews, Video, Video carousel, People also ask, Related searches"
magenta tv stick anmelden für live-tv,Transactional,46,170,24,0.00,"Video, Video carousel, People also ask, Related searches"
magenta tv vs waipu,"Informational, Commercial",42,170,19,0.00,"Sitelinks, AI Overview, Reviews, Video, People also ask, Related searches"
magentatv angebot,Commercial,44,170,43,2.57,"Reviews, People also ask, Related searches, Ads bottom"
maxxim service,"Navigational, Transactional",34,170,18,0.00,"Sitelinks, People also ask, Related searches"
media markt receiver,Commercial,41,170,30,0.08,"Image pack, People also ask, Related searches, Popular products"
media markt sat receiver,"Informational, Transactional",40,170,23,0.04,"People also ask, Related searches, Popular products"
media markt smartphone mit vertrag,"Navigational, Transactional",32,170,29,0.90,"Sitelinks, Reviews, Video, People also ask, Related searches, Popular products, Ads top"
ml tv stick,"Informational, Transactional",48,170,30,0.39,"Reviews, Video, Video carousel, People also ask, Knowledge panel, Related searches, Ads middle"
mobil datentarif,Commercial,41,170,38,2.10,"Reviews, Video, People also ask, Related searches, Ads top"
mobil internet flat,Commercial,40,170,37,2.89,"Video, People also ask, Related searches"
mobil tarif vergleich,Commercial,37,170,55,2.35,"Reviews, Video, People also ask, Related searches, Ads top, Ads middle"
mobil tv,Commercial,42,170,26,1.14,"AI Overview, Reviews, Video, People also ask, Related searches"
mobil vertrag mit handy,Commercial,39,170,52,2.22,"Reviews, Video, People also ask, Related searches, Popular products"
mobil vertrag telekom,Transactional,41,170,43,2.15,"Reviews, Video, People also ask, Related searches, Ads top"
mobile handy,Commercial,29,170,65,2.37,"Video, Video carousel, People also ask, Popular products"
mobiler datentarif,Commercial,41,170,31,2.20,"Reviews, Video, People also ask, Related searches, Popular products"
mobilfunk anbieter vergleich,Commercial,37,170,62,2.66,"Sitelinks, AI Overview, Reviews, Video, People also ask, Related searches"
mobilfunk datentarif,Commercial,41,170,36,2.89,"Reviews, Video, People also ask, Related searches"
mobilfunk netzabdeckung,Commercial,44,170,48,1.16,"Reviews, Video, Video carousel, People also ask, Related searches, Ads middle"
mobilfunk tarif vergleich,Commercial,38,170,50,3.45,"Video, People also ask, Related searches, Ads bottom"
mobilfunk vertrag ohne handy,Commercial,39,170,35,4.36,"Reviews, Video, People also ask, Related searches, Ads middle"
mobilfunkanbieter im telekom netz,"Informational, Commercial",39,170,30,2.04,"Sitelinks, AI Overview, Reviews, People also ask, Related searches, Ads top, Ads middle"
mobilfunkanbieter mit handy,Commercial,40,170,45,1.94,"Reviews, Video, People also ask, Related searches, Ads top, Ads middle"
mobilfunkangebote,Commercial,41,170,67,2.70,"AI Overview, Reviews, Video, People also ask, Related searches"
mobilfunktarif telekom,Transactional,41,170,36,1.59,"Reviews, People also ask, Related searches"
mobilfunktarife mit handy,Commercial,40,170,46,1.45,"Sitelinks, Reviews, Video, Related searches, Popular products, Ads top, Ads middle"
mobiltarif vergleich,Commercial,35,170,50,2.68,"Reviews, Video, People also ask, Related searches, Ads top, Ads bottom"
mobiltarife ohne handy,Commercial,39,170,37,2.91,"Sitelinks, Reviews, Video, People also ask, Related searches, Popular products"
mobiltarife vergleich,Commercial,39,170,50,2.68,"Sitelinks, Reviews, Video, People also ask, Related searches"
mobilvertrag mit handy,Commercial,41,170,55,2.22,"Reviews, Video, People also ask, Related searches"
monatlich kündbarer dsl vertrag,Commercial,40,170,35,7.00,"Reviews, People also ask, Related searches"
myhandy.de,Commercial,34,170,67,1.72,"Reviews, People also ask, Related searches, Ads bottom"
nerflix preis,Transactional,48,170,48,1.38,"AI Overview, Reviews, Video, People also ask, Related searches, Ads bottom"
netflix .de,"Navigational, Transactional",42,170,83,1.87,"Sitelinks, Reviews, Video, People also ask"
netflix abo optionen,"Informational, Transactional",44,170,52,0.00,"AI Overview, Reviews, Video, People also ask, Related searches"
netflix abomodelle,"Informational, Transactional",34,170,55,1.61,"AI Overview, Reviews, Video, People also ask, Related searches"
netflix basis,"Informational, Transactional",36,170,54,1.48,"AI Overview, Image, Image pack, People also ask, Related searches, Ads bottom"
netflix cost,"Informational, Transactional",35,170,79,1.19,"AI Overview, Reviews, Video, People also ask, Related searches"
netflix gucken,"Navigational, Transactional",44,170,58,1.73,"Sitelinks, Reviews, Video, People also ask, Related searches"
netflix im monat,"Informational, Transactional",42,170,42,0.99,"AI Overview, Reviews, Video, People also ask, Related searches"
netflix login konto,"Navigational, Transactional",40,170,65,0.00,"People also ask, Related searches"
netflix mediathek,"Informational, Transactional",42,170,69,1.04,"Video, People also ask, Related searches"
netflix movies in germany,"Informational, Commercial",0,170,45,0.00,"Video, People also ask, Related searches"
netflix standard vs premium,"Informational, Commercial",39,170,36,0.00,"AI Overview, Reviews, Video, People also ask, Related searches"
netflix test abo,"Informational, Transactional",37,170,45,1.39,"AI Overview, Reviews, Video, People also ask, Related searches"
netflix tv login,"Navigational, Transactional",39,170,59,0.00,"Video, People also ask, Related searches"
netflix uhd,"Informational, Transactional",36,170,40,0.00,"AI Overview, Image, Video, People also ask, Related searches"
netflixkosten,"Informational, Transactional",48,170,41,0.47,"AI Overview, Reviews, Video, People also ask, Related searches"
netzabdeckung im vergleich,Commercial,41,170,38,1.83,"Sitelinks, Reviews, Video, People also ask, Related searches"
netzabdeckung lte,Commercial,42,170,33,1.42,"Sitelinks, Video, People also ask, Related searches"
netzabdeckung mobilfunk telekom,Transactional,42,170,37,4.23,"Reviews, People also ask, Related searches"
netzabdeckungskarte telekom,Transactional,41,170,35,1.67,"Reviews, Image pack, People also ask, Related searches, Ads top, Ads bottom"
netzausbau telekom karte,Transactional,42,170,34,2.06,"Reviews, People also ask, Related searches"
neue thriller serien,"Informational, Commercial",32,170,25,0.03,"AI Overview, Video, People also ask, Related searches"
ntktrjv,Commercial,27,170,63,0.94,"AI Overview, Reviews, Video, Related searches, Ads bottom"
nur internet,Commercial,39,170,35,1.64,"Reviews, Video, Video carousel, People also ask, Related searches"
nur wlan ohne festnetzanschluss,Commercial,40,170,27,1.19,"Reviews, People also ask, Related searches, Ads top"
o2 handy auf raten,"Navigational, Commercial",33,170,37,0.57,"Reviews, Video, People also ask, Related searches"
o2 netz abdeckung,Commercial,36,170,30,0.13,"Reviews, People also ask, Related searches, Ads top, Ads middle"
o2 netzabdeckung 5g,Commercial,37,170,22,0.27,"People also ask, Related searches"
o2 vertragsverlängerung mit handy angebot,"Navigational, Commercial",32,170,43,0.59,"Reviews, People also ask, Related searches"
online fernsehen kostenlos ohne anmeldung,"Navigational, Transactional",37,170,59,0.00,"Sitelinks, Reviews, Video, Related searches, Ads bottom"
online kostenlos fernsehen ohne anmeldung,"Navigational, Transactional",39,170,44,0.00,"AI Overview, Reviews, Video, People also ask, Related searches"
online tv schauen kostenlos,Commercial,40,170,47,0.89,"Sitelinks, Reviews, Video, People also ask, Related searches"
partnerkarte handyvertrag,Commercial,41,170,24,2.78,"AI Overview, Reviews, Video, People also ask, Related searches, Ads top, Ads bottom"
partnervertrag für handy,Commercial,40,170,47,1.64,"Reviews, Video, People also ask, Related searches, Popular products"
partnervertrag mit 2 handys telekom,"Informational, Transactional",39,170,34,1.00,"AI Overview, Reviews, People also ask, Related searches, Ads bottom"
pay tv anbieter,"Informational, Commercial",49,170,27,1.69,"Sitelinks, AI Overview, Reviews, Video, People also ask, Related searches, Ads top, Ads middle"
preise für internet,Commercial,44,170,58,1.11,"AI Overview, Reviews, Video, People also ask, Related searches"
preisvergleich festnetz und internet,Commercial,43,170,47,1.56,"AI Overview, Reviews, Video, People also ask, Related searches, Ads top, Ads bottom"
preisvergleich internet und festnetz,"Informational, Commercial",44,170,54,1.37,"AI Overview, Reviews, Video, People also ask, Related searches"
preiswerte handytarife,Commercial,38,170,49,2.09,"Reviews, Video, People also ask, Related searches, Ads top"
prosieben kostenlos streamen,Commercial,39,170,41,0.48,"Reviews, Video, People also ask, Related searches"
receiver für kabel deutschland,Commercial,42,170,22,1.56,"Reviews, Video, People also ask, Related searches, Popular products"
receiver media markt,"Informational, Transactional",42,170,29,0.10,"Video, People also ask, Related searches, Popular products, Ads bottom"
receiver sat hd+,"Informational, Commercial",33,170,21,0.27,"People also ask, Related searches, Popular products"
receiver satellit kaufen,Transactional,38,170,30,0.12,"Sitelinks, Video, People also ask, Local pack, Related searches, Popular products"
receiver tv satellit,Commercial,37,170,21,0.42,"Video, Video carousel, People also ask, Related searches, Popular products"
reseiver,Commercial,28,170,25,0.88,"Video, People also ask, Related searches, Popular products"
reviever,Commercial,25,170,24,0.88,"Video, Video carousel, People also ask, Related searches, Popular products"
router bester,Commercial,32,170,26,0.51,"Sitelinks, Reviews, Video, Video carousel, People also ask, Related searches"
router testsieger,Commercial,39,170,32,0.36,"Sitelinks, Reviews, Video, People also ask, Related searches"
rtl ansehen live,"Navigational, Transactional",42,170,68,0.88,"Reviews, Video, People also ask, Related searches"
rtl de programma,"Navigational, Transactional",35,170,72,0.70,"Sitelinks, Video, People also ask, Related searches"
rtl gestern abend,"Informational, Transactional",35,170,34,0.71,"Video, People also ask, Related searches"
rtl gestern sendung verpasst,"Informational, Transactional",33,170,58,0.22,"Video, People also ask, Related searches"
rtl internet live,Transactional,44,170,49,0.94,"Sitelinks, Reviews, Video, People also ask, Related searches"
rtl kostenlos anschauen live,Commercial,42,170,44,0.79,"Reviews, Video, People also ask, Related searches, Ads bottom"
rtl kostenlos live ansehen,Commercial,42,170,51,1.24,"Sitelinks, Reviews, Video, People also ask, Related searches, Ads middle"
rtl kostenlos und ohne anmeldung,"Navigational, Transactional",39,170,29,0.00,"AI Overview, Reviews, Image, Video, People also ask, Related searches"
rtl l,"Navigational, Transactional",35,170,87,0.61,"Sitelinks, Reviews, Video, People also ask, Related searches"
rtl live anschauen kostenlos,Transactional,42,170,47,0.79,"Reviews, Video, People also ask, Related searches"
rtl live kostenlos sehen,Commercial,42,170,55,1.00,"Reviews, Video, People also ask, Related searches"
rtl live youtube,"Navigational, Transactional",51,170,,0.00,"Video, Video carousel, People also ask, Related searches"
rtl live übertragung,"Navigational, Transactional",42,170,50,0.67,"Sitelinks, Reviews, Video, People also ask, Top stories, Related searches"
rtl livestream de,Commercial,43,170,50,0.71,"Reviews, Video, People also ask, Related searches"
rtl livestream formel 1,Transactional,38,170,38,0.00,"Reviews, Video, Video carousel, People also ask, Related searches"
rtl now live,"Navigational, Transactional",44,170,50,0.29,"Reviews, Video, People also ask, Related searches, Ads bottom"
rtl television live heute,"Informational, Transactional",51,170,68,0.40,"Video, People also ask, Related searches"
rtl tv livestream,"Navigational, Transactional",42,170,48,0.74,"Sitelinks, Reviews, Video, People also ask, Top stories, Related searches"
rtl2 kostenlos anschauen,Commercial,41,170,34,0.00,"AI Overview, Reviews, Video, People also ask, Related searches"
rtl2 live streamen,Commercial,41,170,24,0.85,"Reviews, Video, People also ask, Related searches, Ads bottom"
rtl2 streaming,Commercial,41,170,40,0.73,"Video, People also ask, Related searches, Ads top"
sat hd receiver,"Informational, Commercial",34,170,26,0.36,"Video, People also ask, Related searches"
sateliten receiver,Commercial,35,170,23,0.22,"Image pack, Video, Video carousel, People also ask, Related searches, Popular products, Ads bottom"
satellite receiver media markt,"Informational, Transactional",41,170,19,0.04,"People also ask, Related searches, Popular products"
satelliten hd receiver,"Informational, Commercial",35,170,21,0.14,"Video, Video carousel, People also ask, Related searches, Popular products"
satelliten receiver festplatte,"Informational, Commercial",40,170,23,0.16,"Reviews, Video, People also ask, Related searches, Popular products"
satelliten receiver kaufen,Transactional,36,170,29,0.15,"Video, People also ask, Local pack, Related searches, Popular products"
saturn handy angebote mit vertrag,"Informational, Transactional",35,170,36,0.97,"Reviews, People also ask, Related searches, Popular products"
sender bei magenta tv,Commercial,43,170,29,0.38,"AI Overview, Reviews, Video, People also ask, Related searches"
senderliste telekom,Transactional,43,170,33,0.00,"Reviews, Video, People also ask, Related searches"
senderliste vodafone kabel,"Informational, Transactional",33,170,37,0.00,"People also ask, Related searches"
serien drama,Commercial,30,170,24,0.67,"Reviews, Image, Video, People also ask, Related searches"
serien im fernsehen,"Informational, Transactional",35,170,42,0.08,"Sitelinks, Reviews, Video, People also ask, Knowledge panel, Related searches"
serien online schauen kostenlos,Commercial,36,170,58,0.57,"AI Overview, Reviews, Related searches"
serien schauen online kostenlos,Commercial,39,170,47,0.57,"AI Overview, Reviews, Video, Related searches"
serienstreaam,Commercial,47,170,35,1.28,"Sitelinks, Reviews, Related searches"
serienstreams domains,Commercial,47,170,21,1.54,"Sitelinks, Video, Related searches"
service maxxim,"Navigational, Transactional",33,170,18,0.00,"Sitelinks, People also ask, Related searches"
service yourfone,"Navigational, Transactional",31,170,18,2.86,"Sitelinks, Reviews, People also ask, Ads bottom"
set top boxen,Commercial,47,170,14,0.54,"Sitelinks, Image, Image pack, Video, People also ask, Related searches, Popular products"
sim de apple watch,"Navigational, Transactional",32,170,19,0.88,"Sitelinks, AI Overview, Reviews, Video, People also ask"
sim de einloggen,"Navigational, Transactional",31,170,32,0.00,"Sitelinks, People also ask, Related searches"
sim de unlimited,"Informational, Transactional",30,170,34,0.33,"Reviews, People also ask, Related searches"
sim karte angebote ohne vertrag,Commercial,31,170,21,3.22,"Reviews, Video, Related searches, Popular products"
sim karte für lte,Commercial,34,170,17,3.43,"Reviews, Video, People also ask, Related searches, Popular products"
sim karte ohne handy,Commercial,34,170,29,7.14,"Reviews, Video, Related searches, Popular products"
sim karte telekom bestellen,Transactional,37,170,30,5.49,"AI Overview, Reviews, People also ask, Related searches, Ads top, Ads bottom"
sim only deals vodafone,Transactional,26,170,37,3.87,"AI Overview, Reviews, People also ask, Related searches, Ads bottom"
sim service,"Navigational, Commercial",29,170,42,1.35,"Sitelinks, Reviews, Video, People also ask, Related searches, Ads middle"
sim verträge,Commercial,37,170,71,9.97,"AI Overview, Reviews, Video, People also ask, Related searches"
sim-karte angebote ohne vertrag,Commercial,30,170,28,3.22,"Reviews, Video, People also ask, Related searches, Popular products"
sim-karte nur für internet,Commercial,33,170,35,2.00,"Reviews, Video, People also ask, Related searches"
sim.d3,"Navigational, Commercial",29,170,37,2.92,"Sitelinks, AI Overview, Reviews, Video, People also ask, Related searches"
sky .de,"Navigational, Transactional",38,170,70,1.29,"Reviews, Video, People also ask"
sky abo abschließen,"Navigational, Transactional",37,170,45,2.02,"Reviews, Video, People also ask, Related searches"
sky abo sport,"Informational, Transactional",33,170,50,1.79,"AI Overview, Reviews, Video, People also ask, Related searches, Ads top, Ads bottom"
sky aktion,Transactional,33,170,53,0.71,"AI Overview, Reviews, Video, People also ask, Related searches, Ads top"
sky box kaufen,Transactional,39,170,32,0.53,"Reviews, People also ask, Related searches, Popular products"
sky dazn angebote,Transactional,37,170,40,1.18,"Reviews, Video, People also ask, Related searches, Ads top, Ads middle"
sky deutschland angebote,Transactional,41,170,38,2.49,"Reviews, People also ask, Related searches, Ads top, Ads bottom"
sky formel 1 abo,Transactional,35,170,55,0.77,"Reviews, Video, People also ask, Related searches, Ads top, Ads middle"
sky für einen tag,Commercial,35,170,19,1.90,"Reviews, Video, People also ask, Related searches"
sky go download mac,"Informational, Transactional",31,170,48,0.00,"Sitelinks, AI Overview, Reviews, Video, People also ask, Related searches"
sky go for mac download,"Informational, Transactional",31,170,46,0.00,"Sitelinks, AI Overview, Reviews, Video, People also ask, Related searches"
sky mit receiver über internet,"Informational, Transactional",45,170,27,1.30,"Reviews, Video, People also ask, Related searches"
sky nur bundesliga,Transactional,41,170,43,1.08,"Reviews, Video, Related searches"
sky paket,Transactional,39,170,46,1.98,"Sitelinks, Reviews, Video, People also ask, Related searches"
sky rabatte,Transactional,36,170,46,0.88,"Sitelinks, AI Overview, Reviews, Video, People also ask, Related searches, Ads bottom"
sky receiver kaufen ohne vertrag,Transactional,43,170,28,0.74,"Reviews, People also ask, Related searches, Popular products"
sky sport + bundesliga angebot,"Informational, Transactional",41,170,57,1.14,"Featured snippet, Reviews, People also ask, Related searches"
sky ticket login,Commercial,33,170,33,0.00,"AI Overview, Reviews, People also ask, Related searches"
sky wow sport,"Navigational, Commercial",36,170,41,0.98,"Reviews, Video, People also ask, Related searches"
smart iptv smart tv,"Informational, Transactional",52,170,31,0.00,"Reviews, Video, Video carousel, People also ask, Related searches"
smart stick tv,Commercial,41,170,30,0.77,"Sitelinks, Reviews, Video, Video carousel, People also ask, Related searches, Popular products"
smart tv android,Commercial,33,170,24,0.22,"Sitelinks, Video, People also ask, Related searches, Popular products, Ads bottom"
smart tv smart box,Commercial,41,170,30,0.96,"Sitelinks, Reviews, Video, Video carousel, People also ask, Related searches, Popular products"
smartmobil handy ohne vertrag,"Navigational, Transactional",32,170,32,0.50,"Video, People also ask, Related searches, Popular products"
smartphone handy mit vertrag,Commercial,40,170,41,2.32,"Video, Related searches, Popular products, Ads top, Ads middle"
smartphone handytarife,Commercial,41,170,51,1.21,"Reviews, Video, People also ask, Related searches, Popular products, Ads middle"
smartphone mit tarif günstig,Commercial,39,170,50,2.26,"Reviews, Video, People also ask, Related searches, Popular products, Ads bottom"
smartphone mit tarif vergleich,Commercial,38,170,47,1.77,"Sitelinks, Reviews, Video, Related searches, Popular products"
smartphone tarife günstig,Commercial,40,170,55,2.26,"Reviews, Video, People also ask, Related searches, Popular products, Ads middle"
sparhandy alternative,Commercial,30,170,61,0.40,"Reviews, Video, People also ask, Related searches, Ads top"
sport sky programm,Commercial,35,170,35,0.00,"Reviews, Video, People also ask, Related searches"
stick free tv,"Informational, Commercial",40,170,35,1.04,"Sitelinks, Reviews, Video, Video carousel, People also ask, Related searches, Popular products"
stick stream,Commercial,33,170,25,0.89,"Reviews, Video, People also ask, Related searches"
stream deutsche serien,Commercial,43,170,32,0.54,"AI Overview, Reviews, Video, People also ask, Related searches"
stream tv live free,Commercial,36,170,55,1.58,"Reviews, Video, People also ask, Related searches"
streaming bundle angebote,Commercial,48,170,33,1.53,"AI Overview, Reviews, Video, People also ask, Related searches, Ads middle"
streaming deals,Commercial,40,170,28,2.03,"Reviews, Video, People also ask, Related searches"
streaming geräte,"Informational, Commercial",49,170,30,0.94,"People also ask, Related searches, Popular products"
streaming info,"Informational, Commercial",37,170,38,0.00,"AI Overview, Reviews, Video, People also ask, Related searches"
streaming pakete vergleich,"Informational, Commercial",48,170,33,1.39,"AI Overview, Reviews, Video, People also ask, Related searches"
streaming series,Commercial,33,170,78,1.40,"AI Overview, Reviews, Video, People also ask, Related searches"
streaming stick tv,Commercial,45,170,30,0.81,"Sitelinks, Reviews, Video, People also ask, Related searches, Popular products"
streaming sticks for tv,Commercial,43,170,30,0.81,"Sitelinks, Reviews, Video, Video carousel, People also ask, Related searches, Popular products"
studenten internet,Commercial,41,170,26,3.73,"Sitelinks, Reviews, Related searches"
t online handytarife,Commercial,40,170,37,0.51,"Reviews, Video, People also ask, Related searches"
tablet flat,Commercial,32,170,24,2.19,"Sitelinks, Reviews, Image pack, Video, People also ask, Related searches, Popular products"
tablet mit günstigem vertrag,Commercial,37,170,20,1.72,"Reviews, Video, People also ask, Related searches, Popular products, Ads middle"
tablet und handy vertrag,Commercial,39,170,18,1.33,"Reviews, Related searches, Popular products, Ads bottom"
tarif iphone,Commercial,37,170,25,1.47,"Reviews, People also ask, Related searches, Popular products"
tarif telekom festnetz,Transactional,41,170,43,1.50,"AI Overview, Video, People also ask, Related searches, Ads bottom"
tarife d1 ohne handy,Commercial,38,170,27,1.98,"Sitelinks, Reviews, Video, People also ask, Related searches"
tarife festnetz internet,"Informational, Commercial",45,170,44,1.25,"AI Overview, People also ask, Related searches"
tarife handy vergleichen,Commercial,36,170,52,2.37,"Sitelinks, Reviews, Video, Related searches, Ads top, Ads middle"
tarife internet und telefon,Commercial,41,170,56,1.08,"AI Overview, Reviews, Video, People also ask, Related searches, Ads top, Ads middle"
tarife t mobile ohne handy,Commercial,36,170,29,1.11,"Reviews, Video, People also ask, Related searches"
tarife telefon und internet,Commercial,43,170,50,1.08,"AI Overview, Reviews, Video, People also ask, Related searches, Ads bottom, Ads middle"
tarifvertrag handy,Commercial,42,170,51,4.38,"AI Overview, Reviews, Video, People also ask, Related searches"
telecom festnetz,"Navigational, Transactional",41,170,29,2.54,"Video, People also ask, Related searches, Ads top, Ads bottom"
telecom magenta,"Navigational, Transactional",35,170,63,1.82,"Reviews, People also ask, Knowledge panel, Related searches"
telefon flat ohne internet,Commercial,37,170,23,1.60,"Reviews, People also ask, Related searches"
telefon internet fernsehen komplettpaket,Commercial,49,170,44,0.94,"Reviews, Video, People also ask, Related searches, Ads top, Ads bottom"
telefon router,Commercial,37,170,24,0.58,"Image pack, Video, People also ask, Related searches, Popular products"
telefon und internetanbieter günstig,Commercial,44,170,31,1.32,"Reviews, Video, People also ask, Related searches"
telefonnummer simplytel,"Navigational, Transactional",34,170,20,1.83,Related searches
telefontarife festnetz vergleich,Commercial,42,170,40,1.04,"Sitelinks, Reviews, People also ask, Related searches, Ads top, Ads bottom"
telekom 1000 mbit,"Informational, Transactional",41,170,20,2.33,"AI Overview, Reviews, People also ask, Related searches"
telekom 5g verfügbarkeit karte,Transactional,41,170,29,0.00,"Reviews, People also ask, Related searches"
telekom check,"Navigational, Transactional",41,170,25,1.11,"Reviews, People also ask, Related searches"
telekom de internet,"Navigational, Transactional",46,170,45,2.77,"Reviews, People also ask, Related searches"
telekom dsl 100,Commercial,41,170,37,3.34,"AI Overview, Reviews, People also ask, Related searches, Ads top"
telekom glasfaser bestellen,"Navigational, Transactional",42,170,45,3.81,"Reviews, Video, People also ask, Related searches"
telekom internet preise,Transactional,44,170,36,1.36,"Reviews, People also ask, Related searches"
telekom internettarife,Transactional,44,170,40,3.00,"Reviews, Video, People also ask, Related searches, Ads top, Ads middle"
telekom leitung,Transactional,39,170,30,1.19,"AI Overview, Reviews, People also ask, Related searches, Ads top"
telekom leitungs-id,Transactional,38,170,25,0.00,"Sitelinks, Video, People also ask, Related searches"
telekom mega sport,Transactional,39,170,24,3.61,"Reviews, Video, People also ask, Related searches, Ads top, Ads bottom"
telekom netz tarife,Commercial,43,170,29,2.57,Related searches
telekom netzstärke,"Navigational, Transactional",39,170,49,3.40,"Reviews, Related searches"
telekom neukunden,"Navigational, Transactional",39,170,65,1.63,"People also ask, Related searches"
telekom neuvertrag,"Navigational, Transactional",41,170,50,1.87,"Sitelinks, Reviews, Video, People also ask, Related searches, Ads top, Ads bottom"
telekom tarife festnetz und internet und tv,Commercial,48,170,39,0.88,"AI Overview, Reviews, Video, People also ask, Related searches, Ads top, Ads bottom"
telekom tarife wlan,"Navigational, Transactional",41,170,41,2.60,"Reviews, Video, Related searches"
telekom telefontarife,"Navigational, Transactional",41,170,46,1.12,"Sitelinks, Reviews, People also ask, Related searches"
telekom tv kabel,"Navigational, Transactional",42,170,30,1.76,"AI Overview, Reviews, Video, People also ask, Related searches"
telekom vdsl verfügbarkeit,Transactional,42,170,20,2.29,"AI Overview, Reviews, People also ask, Related searches, Ads top, Ads bottom"
telekom verfügbarkeitskarte,"Navigational, Transactional",40,170,51,2.54,"Reviews, People also ask, Related searches, Ads top"
telekom vertrag mobil,Transactional,41,170,39,2.15,"Reviews, Video, People also ask, Related searches"
telekom verträge internet,"Navigational, Transactional",45,170,37,2.94,"Video, People also ask, Related searches"
test handytarife,Commercial,40,170,51,1.57,"Reviews, Video, People also ask, Related searches"
top 10 streaming dienste,"Informational, Commercial",54,170,39,1.08,"AI Overview, Video, People also ask, Related searches"
tv empfang ohne kabel,Commercial,45,170,24,1.06,"Sitelinks, Reviews, Video, Video carousel, People also ask, Related searches, Popular products, Ads top"
tv empfangen ohne kabel,Commercial,48,170,24,1.06,"Reviews, Video, Video carousel, People also ask, Related searches, Popular products, Ads top, Ads middle"
tv festnetz und internet,Commercial,48,170,50,1.71,"Reviews, Video, People also ask, Related searches"
tv internet kabel,Commercial,48,170,39,1.93,"Reviews, Video, People also ask, Related searches, Ads top, Ads middle"
tv live ohne anmeldung,"Navigational, Transactional",40,170,48,0.00,"Sitelinks, Reviews, Video, People also ask, Related searches"
tv livestream free,Commercial,35,170,60,1.58,"Reviews, Video, Top stories, Related searches"
tv online deutsch,Commercial,46,170,60,0.64,"Reviews, Video, Video carousel, People also ask, Related searches, Ads middle"
tv online kostenlos schauen,Commercial,41,170,50,0.89,"Reviews, Video, People also ask, Related searches, Ads bottom"
tv paket,Commercial,46,170,61,2.29,"Reviews, Video, People also ask, Related searches, Ads top, Ads bottom"
tv programm kabel1,Commercial,48,170,26,0.38,Related searches
tv programm live stream,Commercial,40,170,72,0.71,"Reviews, Video, People also ask, Related searches, Ads bottom"
tv rtl2 live,Commercial,41,170,40,0.88,"Reviews, Video, People also ask, Related searches"
tv schauen gratis,Commercial,41,170,38,0.46,"Reviews, Video, People also ask, Related searches"
tv stick hdmi,Commercial,41,170,30,0.60,"Sitelinks, Image, Video, People also ask, Related searches, Popular products"
tv stick kaufen,Transactional,43,170,30,0.99,"Sitelinks, Reviews, Video, People also ask, Related searches, Popular products"
tv stick ohne monatliche kosten,Commercial,45,170,27,0.70,"Sitelinks, Reviews, Video, People also ask, Related searches, Popular products"
tv stick wlan,Commercial,42,170,30,1.12,"Sitelinks, Reviews, Video, People also ask, Related searches, Popular products, Ads top, Ads middle"
tv stream kostenlos live,Commercial,45,170,55,1.16,"AI Overview, Reviews, Video, Related searches"
tv streamen kostenlos ohne anmeldung,"Navigational, Transactional",37,170,47,0.00,"Sitelinks, Reviews, Video, Related searches"
tv streaming anbieter vergleich,Commercial,51,170,36,1.88,"Sitelinks, AI Overview, Reviews, Video, People also ask, Related searches, Ads top, Ads bottom"
tv streaming app,Commercial,45,170,45,1.96,"AI Overview, Reviews, Video, People also ask, Related searches"
tv streaming kostenlos ohne anmeldung,"Navigational, Transactional",38,170,56,0.00,"Sitelinks, AI Overview, Reviews, Video, People also ask, Related searches"
tv tv cable,Commercial,36,170,34,1.37,"Reviews, Image pack, Video, People also ask, Related searches, Ads bottom"
tv und internet vergleich,Commercial,47,170,40,2.26,"Sitelinks, Reviews, Video, People also ask, Related searches"
türkische iptv,Commercial,50,170,14,0.00,"Reviews, Image, Video, People also ask, Related searches"
türkische kanal,Commercial,37,170,22,2.06,"Sitelinks, Reviews, Image, Video, People also ask, Related searches, Ads bottom"
türkische tv sender,"Informational, Commercial",42,170,21,1.95,"Sitelinks, AI Overview, Reviews, Image, Video, People also ask, Related searches"
unlimited datenvolumen günstig,Commercial,41,170,28,3.16,"Sitelinks, AI Overview, Reviews, Video, Related searches, Ads middle"
usb tv stick,Commercial,38,170,21,0.70,"Sitelinks, Video, People also ask, Related searches, Popular products"
verfügbarkeitstest telekom,Transactional,41,170,21,2.37,"Reviews, People also ask, Related searches"
vergleich festnetz tarife,Commercial,43,170,42,1.21,"Video, People also ask, Related searches, Ads top, Ads middle"
vergleich internet fernsehen,Commercial,46,170,37,1.61,"Sitelinks, AI Overview, Reviews, Video, People also ask, Related searches"
vergleich internet und tv,Commercial,45,170,39,2.26,"Reviews, Video, People also ask, Related searches"
vergleich netzabdeckung,Commercial,42,170,37,1.83,"Sitelinks, Reviews, Video, People also ask, Related searches"
vergleich sim karte,Commercial,33,170,53,4.26,"Reviews, Video, People also ask, Related searches"
vergleich streaming dienste,Commercial,45,170,36,1.79,"AI Overview, Reviews, Video, People also ask, Related searches"
vergleich tarife smartphone,Commercial,38,170,51,1.45,"Reviews, Video, People also ask, Related searches"
vertrag datenvolumen,Commercial,37,170,45,4.90,"AI Overview, Reviews, People also ask, Related searches, Ads top, Ads bottom"
vertrag günstig,Commercial,41,170,48,5.02,"Reviews, Video, Related searches, Popular products, Ads bottom"
vertrag günstig ohne handy,Commercial,40,170,26,5.29,"Reviews, Video, People also ask, Related searches"
vertrag handy vergleich,Commercial,38,170,50,1.99,"Sitelinks, Related searches"
vertrag mit handy vergleich,Commercial,37,170,52,1.99,"Sitelinks, Reviews, Video, Related searches"
vertrag o2 ohne handy,Commercial,34,170,40,0.77,"Reviews, People also ask, Related searches"
vertrag vergleich mit handy,Commercial,41,170,43,2.61,"Sitelinks, Reviews, Video, Related searches"
vertragsangebote handy,Commercial,40,170,54,2.34,"Reviews, Video, Related searches"
vertragshandys vergleich,Commercial,37,170,47,2.61,"Sitelinks, Reviews, Video, People also ask, Related searches, Ads top, Ads middle"
viva iptv,"Informational, Commercial",43,170,23,0.00,"AI Overview, Reviews, People also ask"
vodafon handytarife ohne handy,Commercial,33,170,46,2.06,"Reviews, People also ask, Related searches"
vodafone günstiger handyvertrag,Commercial,36,170,38,2.80,"Reviews, Video, People also ask, Related searches, Ads top, Ads middle"
vodafone handyvertrag günstig,Commercial,36,170,31,2.80,"Reviews, Video, People also ask, Related searches"
vodafone hd karte,"Navigational, Transactional",30,170,32,1.38,"People also ask, Related searches, Ads top, Ads bottom"
vodafone mit handy,Transactional,33,170,51,1.96,"Reviews, People also ask, Related searches, Popular products, Ads top, Ads bottom"
vodafone netz handyvertrag,Commercial,41,170,45,2.81,"Reviews, People also ask, Related searches"
vodafone samsung aktion,Transactional,29,170,30,1.07,"People also ask, Related searches, Ads bottom"
vodafone vertrag mit handy und smartwatch,Transactional,31,170,42,0.56,"Reviews, People also ask, Related searches"
vpn bundesliga,Commercial,37,170,37,0.00,"Sitelinks, Reviews, Video, People also ask, Related searches"
wach netflix,"Informational, Transactional",33,170,84,0.00,"Reviews, Video, People also ask, Related searches"
waipu programm,"Navigational, Transactional",29,170,30,0.04,"Sitelinks, Reviews, Video, People also ask, Related searches"
waipu tv stick 30 euro,Commercial,33,170,28,0.19,"Reviews, People also ask, Related searches"
waiput tv,"Navigational, Commercial",36,170,55,0.08,"Sitelinks, Reviews, Video, People also ask, Top stories, Related searches, Ads top"
was kostet wlan router,"Informational, Commercial",39,170,41,0.57,"Sitelinks, Reviews, Video, People also ask, Related searches, Popular products, Ads bottom"
wechsel dsl,Commercial,42,170,34,4.92,"AI Overview, Reviews, Video, Video carousel, People also ask, Related searches, Ads top, Ads middle"
welcher handyanbieter ist der beste,Commercial,37,170,53,1.94,"Video, People also ask, Related searches"
welcher streaming anbieter ist der beste,Commercial,45,170,40,1.89,"AI Overview, Reviews, Video, Video carousel, People also ask, Related searches"
welcher wlan router ist der beste,Commercial,36,170,19,0.85,"Sitelinks, Reviews, Video, People also ask, Related searches, Ads bottom"
welches internet ist am besten,Commercial,43,170,43,2.00,"Sitelinks, AI Overview, Reviews, Video, Video carousel, People also ask, Related searches, Ads bottom, Ads middle"
winsim registrieren,"Navigational, Transactional",31,170,27,0.00,"Reviews, People also ask, Related searches"
wipu tv,"Navigational, Commercial",37,170,35,0.10,"Sitelinks, Reviews, Video, Video carousel, People also ask, Related searches, Ads top, Ads bottom"
wlan 50 mbit,Commercial,35,170,30,3.05,"Video, People also ask, Related searches, Ads middle"
wlan bester anbieter,Commercial,39,170,32,4.14,"Sitelinks, AI Overview, Reviews, Video, People also ask, Related searches, Ads top, Ads middle"
wlan für smart tv,Commercial,43,170,24,0.32,"Reviews, Video, People also ask, Related searches, Ads top, Ads middle"
wlan günstig mit router,Commercial,46,170,39,4.84,"AI Overview, Reviews, Video, People also ask, Related searches, Popular products, Ads top, Ads middle"
wlan router im vergleich,Commercial,33,170,30,2.03,"Sitelinks, Reviews, Video, People also ask, Related searches, Ads bottom"
wlan stick für den fernseher,Commercial,42,170,22,0.50,"Reviews, Video, People also ask, Related searches, Popular products, Ads top, Ads bottom"
wlan tarife vergleich,Commercial,38,170,47,3.96,"AI Overview, Reviews, Video, People also ask, Related searches, Ads top, Ads bottom"
wlan vertrag telekom,Transactional,41,170,40,4.62,"Reviews, People also ask, Related searches"
wlan zuhause ohne festnetz,Commercial,37,170,30,2.61,"Reviews, Video, People also ask, Related searches, Ads top"
wlan-router beste reichweite,Commercial,38,170,29,0.35,"Sitelinks, Reviews, Video, People also ask, Related searches, Popular products"
wow live,"Navigational, Commercial",35,170,47,1.02,"Sitelinks, Reviews, Image, Video, People also ask, Related searches, Ads top, Ads bottom"
wow netflix,Commercial,37,170,32,0.00,"AI Overview, Reviews, Video, People also ask, Related searches"
www mediathek de rtl,"Navigational, Transactional",38,170,57,0.15,"Reviews, Video, People also ask"
www netflix m,"Navigational, Transactional",38,170,77,0.00,"People also ask, Related searches"
yourfone handytarife,"Navigational, Transactional",30,170,27,0.22,"Reviews, People also ask, Related searches"
ıptv free,"Informational, Transactional",42,170,55,0.90,"Reviews, Video, Video carousel, People also ask, Related searches"
10 gb internet,Commercial,34,140,18,1.69,"AI Overview, Reviews, Video, People also ask, Related searches, Ads bottom"
1u1 handyverträge,Commercial,37,140,40,1.10,"Reviews, Video, People also ask, Related searches, Ads top, Ads middle"
1und1 handyvertrag mit handy,"Navigational, Transactional",38,140,54,0.64,"Reviews, People also ask, Related searches, Popular products"
1und1 tv-app,"Informational, Transactional",43,140,36,1.51,"Reviews, Video, People also ask, Related searches"
2 handys mit 1 vertrag,Commercial,38,140,32,2.06,"Video, People also ask, Related searches, Ads bottom"
20 gb vertrag,Commercial,39,140,11,2.42,"Reviews, People also ask, Related searches, Popular products"
250 mbit dsl,Commercial,41,140,12,2.09,"Reviews, Video, People also ask, Related searches"
2ix2rtl,"Navigational, Transactional",32,140,35,1.44,"AI Overview, Reviews, Related searches"
4k android tv stick,"Informational, Commercial",42,140,23,0.38,"Sitelinks, Reviews, Video, Video carousel, People also ask, Related searches, Popular products"
50 gb datenvolumen ohne vertrag,Commercial,38,140,30,1.97,"Reviews, Related searches, Popular products"
50 gb vertrag,Commercial,38,140,11,4.00,"Reviews, Video, People also ask, Related searches, Popular products"
5g karte deutschland,Commercial,45,140,42,0.90,"Reviews, Image pack, Video, Related searches, Ads bottom"
abdeckung telekom,"Informational, Transactional",42,140,33,4.22,"Reviews, Video, People also ask, Related searches, Ads bottom"
abo tv,Commercial,36,140,14,2.70,"AI Overview, Reviews, Image, Video, People also ask, Related searches, Ads bottom, Ads middle"
abo tv pur,Commercial,31,140,10,1.19,"Reviews, Video, People also ask, Related searches, Popular products, Ads top, Ads bottom"
aktuelle telekom angebote,Transactional,42,140,39,1.27,"Reviews, People also ask, Related searches, Ads top, Ads bottom"
alle netflix serien,Commercial,31,140,47,0.00,"Sitelinks, Video, People also ask, Related searches"
alternative zum dsl,Commercial,44,140,22,1.30,"Sitelinks, AI Overview, Reviews, Video, People also ask, Related searches, Ads top, Ads middle"
amazon fire tv stick vergleich,Commercial,39,140,25,0.54,"Sitelinks, Reviews, Video, People also ask, Related searches"
amazon sat receiver,"Navigational, Transactional",35,140,34,0.09,"Sitelinks, People also ask, Related searches, Popular products, Ads top"
anbieter für kabelanschluss,Commercial,41,140,35,1.46,"Sitelinks, Reviews, People also ask, Related searches, Ads top, Ads bottom"
anbieter internet vergleich,Commercial,49,140,47,3.92,"Sitelinks, AI Overview, Reviews, Video, People also ask, Related searches"
anbieter kabel,Commercial,40,140,31,2.04,"Sitelinks, Reviews, Video, People also ask, Related searches"
anbieter vergleich festnetz,Commercial,42,140,45,1.37,"Sitelinks, AI Overview, Reviews, Video, People also ask, Related searches, Ads top, Ads bottom"
anbieter wechseln dsl,"Informational, Commercial",42,140,35,5.05,"Reviews, Video, Video carousel, People also ask, Related searches"
angebot internet und tv,Commercial,49,140,42,2.11,"AI Overview, Video, People also ask, Related searches, Ads top, Ads middle"
angebot internet zu hause,Commercial,44,140,57,2.04,"AI Overview, Reviews, Video, People also ask, Related searches, Ads top, Ads middle"
angebot wow sport,Commercial,37,140,33,1.10,"Reviews, Video, People also ask, Related searches, Ads top, Ads middle"
anschlussinfo telekom,"Informational, Transactional",40,140,25,4.76,"Video, People also ask"
arte serien empfehlung,Commercial,29,140,34,0.00,"Video, People also ask, Related searches"
avm glasfaser,Commercial,36,140,36,0.39,"AI Overview, Reviews, Video, Video carousel, People also ask, Related searches, Ads top, Ads middle"
berlin internetanbieter,Commercial,45,140,30,4.12,"Reviews, People also ask, Local pack, Related searches"
best iptv app,Commercial,45,140,21,0.00,"AI Overview, Reviews, Video, Video carousel, People also ask, Related searches"
best wireless internet router,Commercial,35,140,50,0.98,"Sitelinks, Reviews, Video, Video carousel, People also ask, Related searches, Ads bottom"
beste angebote internet,Commercial,45,140,36,3.08,"Reviews, People also ask, Related searches"
beste dsl router,Commercial,39,140,31,0.75,"Sitelinks, Reviews, Video, People also ask, Related searches"
beste handy tarife ohne handy,Commercial,40,140,35,2.61,"AI Overview, People also ask, Related searches"
beste handy-bundle angebote,Commercial,38,140,22,1.13,"AI Overview, Reviews, Video, Related searches, Ads bottom"
beste internet anbieter,Commercial,46,140,20,2.49,"Sitelinks, AI Overview, Reviews, Video, Video carousel, People also ask, Related searches, Ads top, Ads middle"
beste iptv app für android tv,Commercial,47,140,20,0.00,"Sitelinks, AI Overview, Reviews, Video, Video carousel, People also ask, Related searches"
beste netz deutschland,Commercial,45,140,37,2.83,"AI Overview, Reviews, Video, Video carousel, People also ask, Related searches"
beste tv anbieter,Commercial,51,140,32,1.75,"Sitelinks, AI Overview, Reviews, Video, People also ask, Related searches, Ads top, Ads middle"
beste tv app,Commercial,46,140,37,2.01,"AI Overview, Reviews, Video, People also ask, Related searches"
beste wlan anbieter,Commercial,42,140,27,4.14,"Sitelinks, AI Overview, Reviews, Video, People also ask, Related searches, Ads top, Ads middle"
besten handy tarife,Commercial,40,140,50,2.20,"Sitelinks, AI Overview, Reviews, Video, People also ask, Related searches"
bester anbieter für handyverträge,Commercial,41,140,54,2.09,"Reviews, Video, People also ask, Related searches"
bester anbieter handy mit vertrag,Commercial,40,140,47,2.94,"Sitelinks, Reviews, Video, People also ask, Related searches, Ads top, Ads bottom"
bester dsl tarif,Commercial,42,140,50,2.61,"Sitelinks, AI Overview, Reviews, Video, People also ask, Related searches"
bester handytarif ohne vertrag,Commercial,34,140,49,2.04,"Reviews, Video, People also ask, Related searches, Popular products"
bester internetanbieter stiftung warentest,Commercial,38,140,40,1.21,"AI Overview, Reviews, Video, People also ask, Related searches, Ads bottom"
bester mobilfunkvertrag,Commercial,41,140,49,3.14,"AI Overview, Reviews, Video, People also ask, Related searches"
bester telefonanbieter,Commercial,39,140,48,2.07,"Sitelinks, AI Overview, Reviews, Video, People also ask, Related searches, Ads top, Ads middle"
bester tv streaming dienst,Commercial,50,140,39,2.13,"Sitelinks, AI Overview, Reviews, Video, People also ask, Related searches"
bester vertrag mit handy,Commercial,41,140,50,1.96,"Reviews, Video, People also ask, Related searches, Popular products, Ads top, Ads bottom"
bestes wlan,Commercial,37,140,30,2.64,"Sitelinks, Reviews, Video, Video carousel, People also ask, Related searches, Popular products"
billig internet zuhause,Commercial,43,140,50,2.56,"AI Overview, Reviews, Video, Related searches, Ads top, Ads middle"
billig sim karte,Commercial,33,140,58,4.19,"People also ask, Related searches, Popular products"
billiger handyvertrag ohne handy,Commercial,38,140,35,4.68,"Reviews, Video, People also ask, Related searches, Popular products"
billiger internet,Commercial,36,140,47,2.67,"Sitelinks, Reviews, Video, People also ask, Related searches"
billigste sim karte,Commercial,34,140,38,2.52,"Reviews, Video, People also ask, Related searches, Popular products, Ads middle"
black friday angebote sky,Transactional,34,140,31,0.00,"Reviews, Image, Video, People also ask, Related searches"
blau vertragsverlängerung mit handy,Transactional,34,140,25,0.71,"Video, People also ask, Related searches, Popular products, Ads top, Ads bottom"
breitbandmessung app bundesnetzagentur,"Informational, Transactional",35,140,31,0.24,"Reviews, Video, People also ask, Related searches"
bundesliga streams.net,Commercial,37,140,20,0.00,"Sitelinks, People also ask"
bundesnetzagentur karte,"Informational, Transactional",38,140,29,2.16,"Image pack, Video, People also ask, Related searches"
cabel router,Commercial,35,140,28,1.15,"Reviews, Image pack, Video, People also ask, Related searches, Popular products"
check24 internet kabel,"Navigational, Commercial",37,140,31,2.64,"Sitelinks, Reviews, Video, People also ask, Related searches, Ads top, Ads bottom"
check24 internet telefon,"Navigational, Transactional",42,140,46,1.73,"Reviews, People also ask, Related searches"
d2 vertrag,Commercial,38,140,30,3.01,"Sitelinks, Reviews, Video, People also ask, Related searches"
datentarif handy,Commercial,38,140,30,2.68,"Reviews, Video, People also ask, Related searches, Popular products, Ads top, Ads middle"
datentarif mit handy,Commercial,39,140,33,2.68,"Reviews, Video, People also ask, Related searches, Popular products"
dazn illegal streamen,Commercial,42,140,37,1.07,"Reviews, Video, People also ask, Related searches"
dazn mehr als 2 geräte gleichzeitig,"Navigational, Transactional",44,140,31,0.00,"Sitelinks, Video, People also ask, Related searches"
deal dsl,Commercial,41,140,33,3.02,"Reviews, Video, Related searches"
dein handyvertrag,"Navigational, Commercial",40,140,63,2.64,"Sitelinks, Reviews, Video, Related searches, Ads bottom"
deutsche glasfaser störung niedersachsen,"Informational, Transactional",41,140,32,0.00,"Reviews, People also ask, Related searches"
deutsche kanäle live,Commercial,43,140,34,1.03,"Reviews, Video, Related searches, Ads bottom"
deutsche tv sender,Commercial,47,140,41,0.92,"Sitelinks, Reviews, Video, People also ask, Related searches"
deutsches fernsehen im internet im ausland kostenlos,Commercial,48,140,30,0.71,"Sitelinks, AI Overview, Reviews, Video, Video carousel, People also ask, Related searches, Ads top, Ads middle"
deutschland schweiz free tv,"Informational, Commercial",51,140,36,0.00,"Featured snippet, Reviews, Video, People also ask, Related searches"
die besten internetanbieter,Commercial,43,140,37,1.74,"AI Overview, Reviews, Video, Video carousel, People also ask, Related searches"
die günstigsten handyverträge,Commercial,40,140,58,1.51,"Reviews, Video, People also ask, Related searches"
digitale satelliten receiver,"Informational, Commercial",37,140,30,0.12,"Video, Video carousel, People also ask, Related searches, Popular products"
drillisch handy,"Navigational, Commercial",32,140,33,1.78,"Sitelinks, Reviews, People also ask, Related searches, Ads top"
dsl 50 mbit angebote,Commercial,43,140,35,1.38,"Sitelinks, Reviews, People also ask, Related searches"
dsl anbieter test,Commercial,46,140,30,1.98,"Sitelinks, AI Overview, Reviews, Video, People also ask, Related searches"
dsl angebote vergleichen,Commercial,49,140,41,2.21,"Sitelinks, Video, Related searches, Ads top, Ads middle"
dsl beste angebote,Commercial,43,140,36,2.40,"Sitelinks, Reviews, Video, People also ask, Related searches"
dsl billiganbieter,"Informational, Commercial",43,140,36,2.34,"Sitelinks, AI Overview, Reviews, Video, Related searches, Ads top, Ads middle"
dsl billiger,Commercial,49,140,41,2.50,"Sitelinks, Video, Related searches, Ads top, Ads middle"
dsl black friday,Commercial,38,140,15,0.00,"Reviews, People also ask, Related searches"
dsl deals,Commercial,41,140,32,3.18,"Reviews, Video, Related searches, Ads top"
dsl festnetz vergleich,Commercial,42,140,43,1.98,"Sitelinks, AI Overview, Reviews, Video, People also ask, Related searches"
dsl flex tarife,Commercial,41,140,38,3.07,"Reviews, Related searches"
dsl günstige,Commercial,49,140,40,2.96,"Reviews, Video, Related searches, Ads bottom"
dsl internet vertrag,Commercial,46,140,45,7.49,"Sitelinks, Reviews, Video, Related searches, Ads top, Ads bottom"
dsl mit handyvertrag,Commercial,46,140,28,1.90,"Reviews, Video, Related searches"
dsl mit router,Commercial,40,140,34,3.31,"Reviews, Video, Video carousel, People also ask, Related searches"
dsl mit telefonanschluss,Commercial,43,140,30,2.74,"Reviews, Video, People also ask, Related searches"
dsl mobilfunk,Commercial,45,140,38,2.00,"Reviews, Video, People also ask, Related searches"
dsl o2 verfügbarkeit,Commercial,38,140,29,0.61,"Reviews, People also ask, Related searches, Ads top, Ads bottom"
dsl ohne mindestlaufzeit,Commercial,40,140,37,5.12,"Sitelinks, Reviews, Related searches, Ads top, Ads bottom"
dsl preis,Commercial,43,140,47,0.96,"Reviews, Video, People also ask, Related searches"
dsl telefonanschluss,Commercial,41,140,27,2.57,"AI Overview, Reviews, Video, Video carousel, People also ask, Related searches, Ads bottom, Ads middle"
dsl und tv,Commercial,51,140,36,3.62,"Sitelinks, Reviews, Video, People also ask, Related searches, Ads top, Ads middle"
dsl vergl,Commercial,47,140,44,3.84,"Sitelinks, Reviews, Video, People also ask, Related searches, Ads top, Ads bottom"
dsl vertrag ohne laufzeit,Commercial,40,140,37,4.76,"Sitelinks, Reviews, Related searches, Ads top, Ads middle"
dsl vertrag vergleichen,Commercial,49,140,46,3.78,"Sitelinks, Reviews, Video, Related searches, Ads top, Ads middle"
ein spiel bei sky kaufen,Transactional,39,140,36,2.11,"Reviews, Video, Related searches, Ads bottom"
esimkarte,Commercial,34,140,32,4.16,"Sitelinks, Reviews, Video, People also ask, Related searches, Popular products, Ads top, Ads middle"
etflix abos,"Informational, Transactional",41,140,55,1.63,"AI Overview, Reviews, Image pack, People also ask, Related searches"
familientarife handy,Commercial,44,140,25,1.59,"Reviews, Video, Related searches"
fernseh gucken internet,"Informational, Commercial",44,140,35,1.36,"AI Overview, Reviews, Video, Video carousel, People also ask, Related searches, Ads bottom, Ads middle"
fernseh gucken online,Commercial,42,140,47,2.02,"Sitelinks, Reviews, Video, People also ask, Related searches"
fernseh online schauen,Commercial,44,140,59,1.69,"Reviews, Video, People also ask, Related searches, Ads bottom"
fernseh stream online,Commercial,40,140,60,1.94,"Reviews, Video, Related searches"
fernsehen anmelden,Transactional,41,140,41,3.09,"AI Overview, Reviews, Video, People also ask, Related searches"
fernsehen auf dem pc,"Informational, Commercial",41,140,17,0.56,"AI Overview, Reviews, Video, People also ask, Related searches, Ads top, Ads bottom"
fernsehen free,Commercial,40,140,62,1.39,"AI Overview, Reviews, Video, People also ask, Top stories, Related searches"
fernsehen live stream rtl,Transactional,45,140,43,0.65,"Sitelinks, Video, People also ask, Related searches"
fernsehen ohne antennenanschluss,Commercial,47,140,19,0.88,"AI Overview, Reviews, Video, Video carousel, People also ask, Related searches, Ads bottom, Ads middle"
fernsehen ohne internet und kabel,Commercial,48,140,21,0.98,"Reviews, Video, People also ask, Related searches, Popular products, Ads top, Ads bottom"
fernsehen online kostenlos ohne anmeldung,"Navigational, Transactional",39,140,39,0.00,"Sitelinks, Reviews, Video, Related searches"
fernsehen pc,"Informational, Commercial",42,140,20,1.19,"Reviews, Video, People also ask, Related searches, Ads middle"
fernsehen rtl live stream,"Navigational, Transactional",43,140,49,0.56,"Sitelinks, Reviews, Video, People also ask, Related searches"
fernsehen telekom über wlan,Transactional,43,140,29,1.29,"Reviews, Video, People also ask, Related searches, Ads top"
fernsehen über kabel,"Informational, Commercial",43,140,20,1.43,"AI Overview, Reviews, Video, People also ask, Related searches, Ads top, Ads middle"
fernsehen über pc,Commercial,42,140,32,0.68,"AI Overview, Reviews, Video, People also ask, Related searches, Ads bottom, Ads middle"
festnetz angebot,Commercial,42,140,41,1.47,"Reviews, People also ask, Related searches"
festnetz dsl angebote,Commercial,42,140,50,2.07,"Reviews, Video, People also ask, Related searches, Ads top, Ads bottom"
festnetz internet tv,Commercial,49,140,45,1.78,"AI Overview, Reviews, Video, People also ask, Related searches, Ads top, Ads bottom"
festnetz tarife im vergleich,Commercial,39,140,50,1.39,"AI Overview, Reviews, Video, People also ask, Related searches, Ads bottom"
festnetz vergleich tarife,Commercial,40,140,45,1.39,"AI Overview, Reviews, Video, People also ask, Related searches, Ads bottom"
festnetzanschluss vergleich,Commercial,41,140,41,2.14,"Reviews, Video, People also ask, Related searches, Ads top, Ads bottom"
film webseiten,Commercial,36,140,72,0.46,"Video, People also ask"
filme auf magenta tv,"Informational, Commercial",38,140,19,0.00,"AI Overview, People also ask, Related searches"
fire tv stick vergleich tabelle,"Informational, Commercial",36,140,21,0.33,"Sitelinks, Image pack, Video, People also ask, Related searches"
flatrate für mobiles internet,Commercial,41,140,32,2.39,"People also ask, Related searches"
flatrate telefon,"Informational, Commercial",38,140,31,2.19,"Sitelinks, AI Overview, Reviews, Related searches, Ads bottom"
flixy tv stick amazon,"Navigational, Transactional",48,140,34,0.64,"Video, People also ask, Related searches, Popular products"
free iptv player,"Informational, Commercial",46,140,37,0.00,"AI Overview, Reviews, Video, People also ask, Related searches"
funkmasten telekom karte,"Informational, Transactional",39,140,39,0.00,"Reviews, Video, People also ask, Related searches, Ads bottom"
german ip tv,Commercial,67,140,10,0.87,"AI Overview, Video, People also ask, Related searches"
german iptv erfahrungen,"Informational, Commercial",62,140,22,0.00,"Sitelinks, AI Overview, Reviews, Video, Video carousel, People also ask, Related searches"
germany sim,Commercial,35,140,45,4.27,"AI Overview, Reviews, Video, People also ask, Related searches, Shopping ads, Ads top, Ads middle"
glasfaser firma,Commercial,36,140,67,2.90,"Reviews, Image pack, Video, People also ask, Local pack, Related searches"
glasfaser kundencenter,Commercial,37,140,30,0.00,"Video, People also ask, Related searches"
glasfaser router vergleich,Commercial,40,140,23,0.37,"Sitelinks, AI Overview, Reviews, Video, People also ask, Related searches"
glasfaser verfügbar,Commercial,43,140,31,1.20,"Reviews, Video, People also ask, Related searches, Ads top, Ads middle"
glasfaseranschluss verfügbarkeit prüfen,Commercial,40,140,32,0.86,"AI Overview, Reviews, Video, People also ask, Related searches"
great wifi routers,Commercial,30,140,70,0.98,"Sitelinks, Reviews, Image, Video, Video carousel, People also ask, Related searches, Popular products"
gute internetanbieter,Commercial,44,140,40,3.01,"AI Overview, Reviews, Video, Video carousel, People also ask, Related searches, Ads top, Ads bottom"
guter wlan router,Commercial,35,140,28,0.46,"Sitelinks, Reviews, Video, Video carousel, People also ask, Related searches, Popular products"
günstig fernsehen,Commercial,47,140,41,0.29,"AI Overview, Reviews, Video, Video carousel, People also ask, Related searches"
günstig internet und festnetz,Commercial,45,140,42,1.38,"AI Overview, Reviews, Video, People also ask, Related searches, Ads top, Ads middle"
günstig internet und telefon,Commercial,45,140,40,1.32,"Reviews, Video, People also ask, Related searches"
günstig wlan,Commercial,41,140,30,3.95,"Reviews, Video, People also ask, Related searches, Ads bottom"
günstige anbieter für internet und telefon,Commercial,45,140,45,1.53,"Sitelinks, Reviews, Video, People also ask, Related searches, Ads top, Ads middle"
günstige daten sim karte,Commercial,38,140,30,2.12,"Sitelinks, Reviews, Video, People also ask, Related searches, Popular products"
günstige handy tarif,Commercial,40,140,46,2.79,"Reviews, Video, People also ask, Related searches, Ads middle"
günstige handytarif,Commercial,37,140,56,2.79,"People also ask, Related searches"
günstige handytarife d1 netz,Commercial,38,140,23,1.98,"Sitelinks, Reviews, Video, People also ask, Related searches"
günstige handytarife mit d1 netz,Commercial,36,140,23,1.98,"Sitelinks, Reviews, Video, People also ask, Related searches, Ads top, Ads middle"
günstige internet verträge,Commercial,46,140,55,4.08,"Reviews, Video, Related searches"
günstige tablet verträge,Commercial,38,140,20,1.97,"People also ask, Related searches, Ads top, Ads middle"
günstige tarife bei vodafone,Commercial,39,140,42,2.04,"AI Overview, Reviews, People also ask, Related searches, Ads top, Ads middle"
günstige wlan router,Commercial,40,140,30,3.67,"Sitelinks, Reviews, Video, People also ask, Related searches, Popular products, Ads bottom"
günstiger handy vertrag,Commercial,40,140,52,3.34,"Reviews, Video, People also ask, Related searches"
günstiger handy vertrag ohne handy,Commercial,39,140,30,4.21,"Reviews, Video, People also ask, Related searches"
günstiger sim karte,Commercial,34,140,52,4.96,"Reviews, Video, People also ask, Related searches, Popular products, Ads top, Ads bottom"
günstiger telekom tarif,"Informational, Commercial",42,140,37,1.23,"AI Overview, Video, People also ask, Related searches, Ads top, Ads middle"
günstiger telekom vertrag,"Informational, Commercial",40,140,31,1.61,"AI Overview, Reviews, People also ask, Related searches"
günstiger vertrag mit tablet,Commercial,39,140,15,1.72,"Reviews, Related searches, Popular products"
günstiges 5g handy ohne vertrag,Commercial,31,140,20,0.21,"Sitelinks, People also ask, Related searches"
günstiges internet für studenten,Commercial,42,140,26,2.29,"Reviews, People also ask, Related searches, Ads top, Ads bottom"
günstigste internet,Commercial,49,140,43,2.79,"AI Overview, Reviews, Video, People also ask, Related searches, Ads top, Ads bottom"
günstigste mobilfunktarife,Commercial,36,140,47,2.87,"Reviews, Video, People also ask, Related searches, Ads bottom"
günstigster mobilfunk,"Informational, Commercial",40,140,54,3.66,"AI Overview, Reviews, Video, People also ask, Related searches"
günstigstes dsl,Commercial,43,140,34,2.80,"Sitelinks, Video, People also ask, Related searches"
günstigstes internet,Commercial,43,140,48,2.79,"Reviews, Video, Related searches"
handy angebot mit vertrag,Commercial,32,140,51,1.11,"Related searches, Popular products"
handy flat angebote,Commercial,41,140,40,3.33,"Sitelinks, Reviews, People also ask, Related searches, Popular products"
handy flat tarife,Commercial,36,140,33,2.94,"Reviews, Video, People also ask, Related searches, Ads middle"
handy flatrate mit internet,"Informational, Commercial",42,140,35,2.87,"Sitelinks, AI Overview, Reviews, Video, People also ask, Related searches, Ads top, Ads middle"
handy flatrates,Commercial,34,140,41,2.64,"Reviews, Video, People also ask, Related searches"
handy karten,Commercial,33,140,59,8.87,"Reviews, Video, People also ask, Related searches, Popular products"
handy mit sim karte,Commercial,35,140,21,1.69,"People also ask, Related searches, Popular products, Ads top"
handy mit tarif angebote,Commercial,40,140,47,1.74,"Reviews, Video, Related searches, Popular products, Ads top, Ads middle"
handy mit vertrag allnet flat,Commercial,37,140,35,3.35,"Reviews, People also ask, Related searches, Popular products"
handy mit vertrag idealo,"Navigational, Transactional",38,140,41,1.63,"Reviews, Video, Related searches, Ads bottom"
handy mit vertrag ohne tarif,Commercial,34,140,32,2.48,"Video, Related searches, Popular products"
handy mit vertrag unlimited,Commercial,40,140,20,2.14,"Reviews, Video, Related searches"
handy mit vertrag vergleichen,Commercial,39,140,45,2.62,"Sitelinks, Reviews, Video, Related searches"
handy mit zugabe,Commercial,34,140,16,1.10,"Reviews, Video, Related searches"
handy mobilfunk tarife,Commercial,39,140,72,1.66,"AI Overview, Reviews, Video, People also ask, Related searches, Ads top, Ads middle"
handy prepaid tarife günstig,Commercial,38,140,42,2.04,"Sitelinks, Reviews, Video, People also ask, Related searches, Popular products"
handy provider,Commercial,33,140,69,2.27,"Reviews, Video, People also ask, Related searches"
handy prämie,Commercial,37,140,19,2.13,"Reviews, Related searches, Ads top, Ads bottom"
handy tarif mit handy,Commercial,40,140,42,1.90,"Reviews, Video, Related searches"
handy tarif monatlich kündbar,Commercial,41,140,29,5.62,"AI Overview, Reviews, Related searches, Ads top, Ads middle"
handy tarife telekom netz,Commercial,39,140,28,1.90,"Sitelinks, Reviews, People also ask, Related searches"
handy tariff,Commercial,31,140,59,2.84,"AI Overview, Video, People also ask, Related searches"
handy tv vertrag,Commercial,44,140,43,1.35,"Reviews, Video, People also ask, Related searches, Ads top, Ads middle"
handy und wlan vertrag,Commercial,41,140,37,1.91,"Reviews, People also ask, Related searches"
handy vergleich vertrag,Commercial,41,140,48,2.61,"Sitelinks, Reviews, Video, Related searches"
handy vertrags vergleich,Commercial,37,140,44,2.62,"Sitelinks, Reviews, Video, Related searches"
handy verträge angebote,Commercial,40,140,62,2.50,"People also ask, Related searches"
handy24 vertrag,Commercial,33,140,18,3.17,"AI Overview, Reviews, People also ask, Related searches, Ads middle"
handyanbieter im vergleich,Commercial,37,140,52,2.47,"Sitelinks, AI Overview, Reviews, Video, People also ask, Related searches, See results about, Ads bottom"
handykarte mit vertrag,Commercial,39,140,65,16.83,"Reviews, Video, People also ask, Related searches, Ads top, Ads bottom"
handykarten mit vertrag,Commercial,34,140,64,16.83,"Reviews, Video, People also ask, Related searches, Popular products"
handyshop online,Commercial,35,140,58,1.34,"Video, Related searches"
handytarif 10 gb,Commercial,38,140,20,2.68,"Reviews, People also ask, Related searches, Popular products, Ads top, Ads middle"
handytarif testsieger,Commercial,41,140,51,1.62,"Reviews, Video, People also ask, Related searches"
handytarife bei t mobile,Commercial,36,140,42,1.11,"Reviews, Video, People also ask, Related searches"
handytarife business,Commercial,35,140,36,7.05,"Reviews, Video, Related searches"
handytarife de,Commercial,34,140,67,2.17,"Reviews, Video, People also ask, Related searches"
handytarife im vodafone netz,Commercial,37,140,30,2.33,"Reviews, People also ask, Related searches"
handytarife iphone,Commercial,40,140,24,1.42,"Sitelinks, Reviews, Related searches, Popular products"
handytarife mit schweiz,Commercial,35,140,19,1.09,"Sitelinks, AI Overview, Reviews, Video, People also ask, Related searches"
handytarife ohne internet,Commercial,36,140,21,1.49,"Sitelinks, Reviews, People also ask, Related searches, Ads middle"
handytarife smartphone,Commercial,40,140,56,1.35,"Video, Related searches, Popular products, Ads top, Ads middle"
handytarife t online,Commercial,40,140,43,0.52,"Reviews, Video, People also ask, Related searches"
handytarife vergleichen mit handy,Commercial,37,140,51,1.58,"Sitelinks, Reviews, Video, Related searches"
handytarife vodafone netz,Commercial,38,140,33,2.33,"Reviews, People also ask, Related searches"
handyvergleich telekom,Transactional,37,140,38,6.98,"Reviews, Video, People also ask, Related searches"
handyvergleich vertrag,Commercial,37,140,45,1.99,"Sitelinks, Reviews, Video, Related searches"
handyvertrag 1 & 1,Commercial,36,140,30,1.12,"Reviews, Video, People also ask, Related searches"
handyvertrag 5 gb ohne handy,Commercial,37,140,33,2.15,"Sitelinks, Reviews, People also ask, Related searches, Popular products"
handyvertrag 5gb,Commercial,38,140,20,2.26,"Reviews, People also ask, Related searches"
handyvertrag bester anbieter,Commercial,43,140,58,2.09,"AI Overview, Reviews, Video, People also ask, Related searches"
handyvertrag de mit handy,"Informational, Transactional",38,140,46,0.88,"People also ask, Related searches"
handyvertrag deutschland,Commercial,45,140,61,5.36,"Reviews, Video, People also ask, Related searches, Ads bottom"
handyvertrag für studenten mit handy,Commercial,38,140,31,1.51,"Reviews, Video, Related searches"
handyvertrag günstig vodafone,Commercial,39,140,46,2.39,"Reviews, Video, People also ask, Related searches, Ads middle"
handyvertrag im internet,Commercial,43,140,39,3.67,"AI Overview, Reviews, Video, Related searches, Ads top, Ads middle"
handyvertrag mit 2 handys,Commercial,37,140,31,1.52,"Reviews, People also ask, Related searches"
handyvertrag mit 2 sim karten,Commercial,35,140,26,2.43,"Reviews, Video, People also ask, Related searches"
handyvertrag mit dsl,Transactional,44,140,32,1.90,"Reviews, Related searches"
handyvertrag mit e bike,Commercial,34,140,12,1.26,"Reviews, Image pack, Video, People also ask, Related searches"
handyvertrag mit e-scooter und handy,Commercial,35,140,9,1.23,"Reviews, Video, Related searches, Popular products, Ads middle"
handyvertrag mit fernseher 65 zoll,Commercial,40,140,19,1.07,"Reviews, People also ask, Related searches, Popular products, Ads bottom"
handyvertrag mit fernseher 75 zoll,Commercial,36,140,9,0.90,Related searches
handyvertrag mit geschenk,Commercial,35,140,9,1.26,"Sitelinks, Reviews, People also ask, Related searches"
handyvertrag mit handy trotz negativer schufa,Commercial,31,140,10,4.61,"AI Overview, Reviews, People also ask, Related searches"
handyvertrag mit handy und smartwatch,Commercial,36,140,15,1.49,"People also ask, Related searches, Popular products, Ads top, Ads middle"
handyvertrag mit playstation,Commercial,36,140,11,1.28,"Sitelinks, Reviews, People also ask, Related searches"
handyvertrag mit schweiz,Commercial,37,140,17,1.15,"AI Overview, Reviews, Video, People also ask, Related searches"
handyvertrag nummer,"Informational, Transactional",35,140,16,3.31,"Reviews, People also ask, Related searches, Ads bottom"
handyvertrag ohne anschlussgebühr,Commercial,36,140,21,4.80,"Sitelinks, AI Overview, Reviews, Related searches"
handyvertrag ohne handy telekom netz,Commercial,39,140,33,2.41,"Sitelinks, Reviews, Video, People also ask, Related searches, Ads top, Ads bottom"
handyvertrag ohne telefon,Commercial,38,140,31,3.97,"Reviews, Video, People also ask, Related searches, Ads top, Ads middle"
handyvertrag schnäppchen,Commercial,36,140,39,0.79,"Reviews, Video, Related searches"
handyvertrag smartphone,Commercial,41,140,50,2.43,"Reviews, Video, People also ask, Related searches, Popular products"
handyvertrag telekom günstig,Commercial,42,140,39,1.48,"Reviews, Video, People also ask, Related searches"
handyvertrag test,Commercial,39,140,60,1.77,"Reviews, Video, People also ask, Related searches"
handyvertrag testsieger,Commercial,42,140,58,2.18,"Reviews, Video, People also ask, Related searches"
handyvertrag unter 10 euro,Commercial,35,140,24,2.56,"Sitelinks, Video, People also ask, Related searches, Ads bottom"
handyvertrag vodafone günstig,Commercial,39,140,47,2.39,"AI Overview, Reviews, Video, People also ask, Related searches"
handyvertragde,Commercial,39,140,50,4.40,"Video, People also ask, Related searches, Ads top, Ads bottom"
handyvertrah,Commercial,33,140,52,4.30,"Reviews, Video, People also ask, Related searches, Ads top, Ads middle"
handyvertrsg,Commercial,35,140,52,4.30,"Reviews, Video, People also ask, Related searches"
handyvertäge,Commercial,37,140,62,4.30,"Reviews, Video, Related searches, Ads top, Ads bottom"
hd receiver media markt,"Informational, Transactional",43,140,25,0.16,"Image pack, Video, People also ask, Related searches, Popular products"
hd+ receiver sat,Commercial,32,140,21,0.46,"People also ask, Related searches, Popular products"
heute live fussball sky,"Navigational, Transactional",38,140,47,1.07,"Sitelinks, Video, Related searches"
huawei handyvertrag,Commercial,36,140,21,0.82,"Reviews, People also ask, Related searches"
internet angebot für zuhause,Commercial,47,140,58,2.68,"AI Overview, Reviews, Video, People also ask, Related searches, Ads top, Ads middle"
internet anmeldung,Transactional,40,140,41,9.52,"AI Overview, Video, People also ask, Related searches"
internet beste angebote,Commercial,45,140,48,3.08,"AI Overview, Reviews, Video, People also ask, Related searches, Ads top, Ads middle"
internet festnetz tv,Commercial,48,140,39,1.57,"AI Overview, Reviews, Video, People also ask, Related searches, Ads bottom"
internet festnetz und tv,Commercial,48,140,44,1.71,"Reviews, Image, Video, People also ask, Related searches, Ads top, Ads middle"
internet flat mobil,Commercial,41,140,40,2.38,"AI Overview, Reviews, Video, People also ask, Related searches, Ads top"
internet frankfurt,Commercial,42,140,15,4.39,"AI Overview, Reviews, Video, People also ask, Related searches, Ads top"
internet für neue wohnung,Commercial,44,140,23,6.92,"Sitelinks, AI Overview, Reviews, Video, People also ask, Related searches, Ads top, Ads middle"
internet für zuhause anbieter,Commercial,46,140,49,3.53,"Reviews, Video, People also ask, Related searches"
internet für zuhause angebot,Commercial,49,140,56,3.02,"AI Overview, Reviews, Video, People also ask, Related searches, Ads top, Ads bottom"
internet für zuhause billig,Commercial,45,140,51,2.56,"Reviews, People also ask, Related searches"
internet für zuhause ohne festnetzanschluss,"Informational, Commercial",48,140,31,1.37,"AI Overview, Video, Short videos, People also ask, Related searches, Ads top, Ads middle"
internet glasfaser verfügbarkeit,Commercial,41,140,37,0.00,"Reviews, People also ask, Related searches"
internet handy flat,Commercial,39,140,33,3.29,"AI Overview, Video, People also ask, Related searches"
internet house,Commercial,34,140,51,3.78,"Reviews, Video, Video carousel, People also ask, Related searches, Ads bottom, Ads middle"
internet mit router angebote,Commercial,43,140,49,3.21,"Reviews, Video, People also ask, Related searches"
internet ohne festnetz 1&1,Commercial,48,140,33,0.65,"AI Overview, Reviews, People also ask, Related searches, Ads bottom, Ads middle"
internet ohne telefonie,"Informational, Commercial",39,140,29,1.41,"AI Overview, Reviews, Video, Video carousel, People also ask, Related searches, Ads top, Ads middle"
internet preise telekom,Transactional,47,140,35,1.52,"AI Overview, Reviews, People also ask, Related searches"
internet provider germany,Commercial,47,140,36,3.02,"Sitelinks, AI Overview, Reviews, Video, People also ask, Related searches, Ads bottom"
internet test verfügbarkeit,Commercial,42,140,53,1.64,"Reviews, Video, People also ask, Related searches, Ads top, Ads middle"
internet tv receiver,Commercial,45,140,26,1.87,"Sitelinks, Reviews, Image, Video, People also ask, Related searches, Popular products"
internet tv via,Commercial,48,140,33,1.52,"Reviews, Video, People also ask, Related searches, Ads top, Ads middle"
internet und telefon günstig,Commercial,45,140,46,1.32,"Sitelinks, Reviews, Video, People also ask, Related searches"
internet und telefonanbieter günstig,Commercial,41,140,45,1.53,"Sitelinks, AI Overview, Reviews, Video, People also ask, Related searches, Ads top, Ads middle"
internet verträge im vergleich,Commercial,49,140,50,5.16,"Sitelinks, Reviews, Video, People also ask, Related searches"
internet zu festnetz telefonieren,Commercial,43,140,21,1.73,"Sitelinks, Reviews, Video, People also ask, Related searches"
internet zuhause billig,Commercial,46,140,55,2.78,"Reviews, Video, People also ask, Related searches, Ads top, Ads middle"
internet-angebote für zuhause,Commercial,49,140,55,2.68,"AI Overview, Reviews, Video, People also ask, Related searches, Ads top, Ads bottom"
internetanbieter festnetz,Commercial,47,140,45,2.16,"Reviews, Video, People also ask, Related searches"
internetanbieter für zuhause,Commercial,45,140,55,3.98,"AI Overview, Reviews, Video, People also ask, Related searches, Ads top, Ads middle"
internetanbieter hamburg,"Informational, Commercial",45,140,30,3.46,"Sitelinks, AI Overview, Reviews, Video, People also ask, Related searches"
internetanbieter im test,Commercial,46,140,45,1.99,"AI Overview, Reviews, Video, Video carousel, People also ask, Related searches, Ads top, Ads middle"
internetanbieter kabel,Commercial,43,140,42,3.06,"AI Overview, Reviews, Video, People also ask, Related searches, Ads top, Ads bottom"
internetanbieter wlan,Commercial,44,140,44,4.72,"AI Overview, Reviews, Video, People also ask, Related searches, Ads top, Ads bottom"
internetanschluss check24,"Navigational, Transactional",49,140,50,2.45,"Sitelinks, Reviews, Video, People also ask, Related searches, Ads top, Ads middle"
internetanschluss für zuhause,Commercial,45,140,45,3.35,"Reviews, Video, People also ask, Related searches"
internetanschluss günstig,Commercial,47,140,50,2.76,"Reviews, Video, People also ask, Related searches, Popular products, Ads top, Ads bottom"
ip tv app windows,"Informational, Commercial",52,140,33,0.00,"Sitelinks, AI Overview, Reviews, Video, Video carousel, People also ask, Related searches"
iphone trotz schufa mit vertrag,Commercial,33,140,14,4.72,"Reviews, People also ask, Popular products"
iptv apk pro,Commercial,43,140,25,0.00,"Reviews, Video, Related searches"
iptv apps windows,"Informational, Commercial",46,140,31,0.00,"AI Overview, Reviews, Video, Video carousel, Related searches"
iptv europe,"Informational, Commercial",47,140,31,1.02,"AI Overview, Video, Video carousel, People also ask, Related searches"
iptv liste kaufen,Commercial,53,140,1,0.00,"AI Overview, People also ask, Related searches"
iptv online kaufen,Commercial,60,140,22,0.00,"Video, People also ask, Related searches, Popular products"
iptv player apkpure,"Navigational, Transactional",52,140,20,0.00,"AI Overview, Reviews, Related searches"
iptv player pc,Commercial,45,140,26,0.00,"Sitelinks, Reviews, Video, Video carousel, Related searches"
iptv samsung app,Commercial,46,140,29,0.00,"Video, Video carousel, People also ask, Related searches"
iptv shop,Commercial,51,140,17,0.00,"AI Overview, Video, People also ask, Related searches"
iptv stream player windows,"Informational, Commercial",44,140,30,0.00,"AI Overview, Reviews, Video, People also ask, Related searches"
iptv vergleich,Commercial,61,140,37,0.00,"AI Overview, Reviews, Video, People also ask, Related searches"
iptv-anbieter liste,"Informational, Commercial",49,140,30,0.00,"Sitelinks, AI Overview, Video, People also ask, Related searches"
iptvdeutschland,Commercial,69,140,12,1.35,"AI Overview, Video, Video carousel, People also ask, Related searches"
joyn kabel 1 live,"Navigational, Transactional",33,140,70,0.23,"AI Overview, Reviews, Video, People also ask, Related searches, Ads top, Ads bottom"
joyn nitro,"Navigational, Transactional",26,140,66,0.84,"Sitelinks, Reviews, People also ask, Related searches"
kabel 1 doku live stream,Transactional,38,140,31,0.40,"Reviews, Video, People also ask, Related searches"
kabel 1 heute abend programm,Commercial,36,140,23,0.00,"Video, People also ask, Related searches"
kabel 1 programm heute abend,Commercial,38,140,30,0.00,"Video, People also ask, Related searches, Ads bottom"
kabel 1 stream kostenlos,Commercial,40,140,35,0.46,"Sitelinks, Reviews, Video, People also ask, Related searches"
kabel eins tv live,Commercial,48,140,50,0.34,"Reviews, Video, People also ask, Related searches"
kabel internet oder dsl,"Informational, Commercial",44,140,18,3.47,"Sitelinks, AI Overview, Reviews, Video, Video carousel, People also ask, Related searches"
kabel1 kostenlos,Commercial,48,140,30,0.42,"Video, People also ask, Related searches"
kabel1 programm heute abend,Commercial,48,140,24,0.00,"People also ask, Related searches"
kabeleins programm,Commercial,37,140,29,0.39,"Video, People also ask, Related searches"
kabelfernseher,Commercial,42,140,32,1.16,"AI Overview, Reviews, Image, Video, People also ask, Related searches"
kindervertrag handy,Commercial,37,140,23,6.15,"Video, People also ask, Related searches, Popular products, Ads top, Ads bottom"
klarmobil handy angebote,Transactional,32,140,33,0.90,"Reviews, People also ask, Related searches, Popular products, Ads top, Ads bottom"
kostenlos fernsehen live,Commercial,45,140,60,0.49,"Reviews, Video, Related searches"
kostenlos fernsehen streamen,Commercial,43,140,55,0.90,"Reviews, Video, Video carousel, People also ask, Knowledge panel, Related searches, Ads middle"
kostenlos serien,Commercial,37,140,32,0.45,"Reviews, People also ask, Related searches"
kostenlos stream,Commercial,42,140,56,0.87,"Reviews, Image, Video, People also ask, Top stories, Related searches"
kostenlos tv ohne anmeldung,"Navigational, Transactional",40,140,36,0.67,"Sitelinks, Reviews, Video, Related searches"
kostenlos tv schauen auf handy,Commercial,47,140,34,0.53,"AI Overview, Reviews, Video, Video carousel, People also ask, Related searches, Ads top, Ads bottom"
laptop verträge,Commercial,34,140,13,2.17,"Sitelinks, Reviews, People also ask, Related searches, Popular products"
let's dance rtl now,"Navigational, Transactional",34,140,44,0.46,"Sitelinks, Reviews, Video, Video carousel, People also ask, Related searches"
liste der serien,Commercial,33,140,37,0.00,"AI Overview, Video, Related searches"
liste deutscher tv sender,Commercial,47,140,32,0.61,"Sitelinks, Reviews, People also ask, Related searches, Ads middle"
live fernsehen rtl kostenlos,Commercial,42,140,48,0.94,"AI Overview, Reviews, Video, People also ask, Related searches, Ads bottom"
live fernsehen stream,Commercial,43,140,70,1.26,"Reviews, Video, People also ask, Related searches, Ads top, Ads bottom"
live rtl2 schauen,Commercial,41,140,32,0.80,"Reviews, Video, People also ask, Related searches"
live tv.com,Commercial,34,140,65,1.26,"Reviews, Video, People also ask"
livetvstream,Commercial,35,140,67,1.08,"Reviews, Video, Video carousel, Related searches"
magenta festnetz tarife,Commercial,41,140,32,1.28,"Reviews, Video, People also ask, Related searches, Ads top, Ads bottom"
magenta geräte,Commercial,39,140,26,2.29,"Reviews, Video, People also ask, Related searches"
magenta tv anmelden mit zugangsdaten,Transactional,50,140,29,2.70,"AI Overview, Video, People also ask, Related searches"
magenta tv ohne internet vertrag,"Informational, Commercial",45,140,33,3.08,"AI Overview, Reviews, People also ask, Related searches"
magenta tv voraussetzungen,"Informational, Commercial",45,140,32,5.65,"Sitelinks, AI Overview, Reviews, Video, People also ask, Related searches, Ads bottom"
magenta verträge,Commercial,39,140,47,1.51,"Reviews, Video, People also ask, Related searches, Ads top"
maxxim aktuelle angebote,"Navigational, Transactional",34,140,17,1.93,"People also ask, Related searches"
media markt waipu tv stick,"Informational, Transactional",40,140,35,0.42,"Reviews, Video, People also ask, Related searches, Popular products"
mein mobile de login,"Navigational, Transactional",32,140,41,0.02,"Related searches, Ads top"
mit vertrag handy,Commercial,38,140,49,2.67,"Reviews, Video, Related searches, Popular products, Ads top, Ads bottom"
mobil handyvertrag,Commercial,38,140,61,2.85,"Video, People also ask, Related searches, Ads middle"
mobile flatrate internet,Commercial,38,140,31,2.37,"AI Overview, Reviews, Video, People also ask, Related searches, Ads top, Ads middle"
mobile sim,Commercial,29,140,69,5.12,"Reviews, People also ask, Related searches, Ads top"
mobile tarife ohne handy,Commercial,36,140,34,3.08,"Reviews, People also ask, Related searches, Ads top, Ads bottom"
mobile vertrag ohne handy,Commercial,35,140,32,4.71,"Reviews, People also ask, Related searches, Ads middle"
mobiles internet für zuhause unbegrenzt,Commercial,49,140,32,2.14,"Video, People also ask, Related searches"
mobilfunkanbieter test,Commercial,39,140,51,1.65,"Reviews, Video, People also ask, Related searches"
mobilfunknetz vergleich,Commercial,41,140,40,2.53,"Sitelinks, Reviews, Video, People also ask, Related searches, Ads top, Ads middle"
mobilfunknetze im vergleich,Commercial,38,140,41,2.53,"Sitelinks, AI Overview, Reviews, Video, Short videos, People also ask, Related searches, Ads top, Ads bottom"
mobilfunktarif mit handy,Commercial,42,140,43,1.66,"Reviews, Video, Related searches, Popular products"
modem kaufen,Transactional,42,140,28,1.14,"Reviews, Video, People also ask, Related searches, Popular products"
moj nettv plus,Commercial,32,140,21,3.51,"AI Overview, Reviews, People also ask, Related searches"
monatlich kündbar allnet flat,Commercial,39,140,30,3.14,"Reviews, People also ask, Related searches"
monatlich kündbare dsl verträge,Commercial,40,140,34,7.00,"Sitelinks, Reviews, Related searches"
münchen kabelfernsehen,Commercial,38,140,25,1.07,"People also ask, Related searches"
netflix abonnements,"Navigational, Transactional",36,140,57,1.41,"AI Overview, Reviews, Video, People also ask, Related searches"
netflix abonnieren,"Navigational, Transactional",43,140,57,1.35,"Reviews, Video, People also ask, Related searches"
netflix alemania,"Navigational, Transactional",37,140,70,1.68,"Reviews, Video, People also ask, Related searches"
netflix angebot preis,Transactional,43,140,37,0.91,"AI Overview, Reviews, People also ask, Related searches"
netflix catálogo,"Informational, Transactional",34,140,71,0.00,"AI Overview, Video, People also ask, Knowledge panel, Related searches"
netflix deutschland telefonnummer,"Navigational, Transactional",45,140,36,0.00,"Sitelinks, Related searches"
netflix filme serien,"Informational, Transactional",35,140,53,0.00,"Video, People also ask, Related searches"
netflix gutscheincode gratis,"Informational, Transactional",35,140,18,2.25,"Sitelinks, AI Overview, Reviews, Video, People also ask, Related searches"
netflix kombi angebot,Commercial,48,140,42,1.38,"Sitelinks, AI Overview, Reviews, Video, People also ask, Related searches, Ads top, Ads bottom"
netflix modelle,"Informational, Transactional",35,140,67,1.94,"AI Overview, Reviews, Image pack, Video, People also ask, Related searches"
netflix neu filme,"Informational, Transactional",34,140,50,0.19,"Video, People also ask, Related searches"
netflix neue,Commercial,39,140,54,0.00,"Video, People also ask, Top stories, Related searches"
netflix pläne,"Navigational, Transactional",41,140,63,1.31,"AI Overview, Reviews, People also ask, Related searches"
netflix schauen,"Navigational, Transactional",45,140,70,1.24,"Sitelinks, Reviews, Video, People also ask, Related searches"
netflix standart abo,"Informational, Transactional",38,140,50,2.09,"AI Overview, Reviews, Video, People also ask, Related searches"
netflix tv program,"Informational, Transactional",32,140,77,0.00,"Reviews, Video, People also ask, Related searches"
netflix. abo,Commercial,48,140,60,1.63,"AI Overview, Reviews, Video, People also ask, Related searches"
netfliy preise,Transactional,48,140,46,0.93,"AI Overview, Reviews, Video, People also ask, Related searches"
netlite vrx,Commercial,28,140,28,0.97,"Image pack, Video, People also ask, Related searches"
netzabdeckung handy,Commercial,43,140,45,1.07,"Sitelinks, AI Overview, Reviews, Video, Video carousel, People also ask, Related searches"
netzabdeckung vodafone vs telekom,"Informational, Commercial",41,140,32,0.00,"Sitelinks, AI Overview, Reviews, Video, People also ask, Related searches"
netzausbau o2,Commercial,35,140,29,0.16,"Reviews, People also ask, Related searches"
netzverfügbarkeit,Commercial,42,140,40,1.24,"People also ask, Related searches"
neue sim karte bestellen o2,"Navigational, Transactional",31,140,29,2.06,"Reviews, Video, People also ask, Related searches"
nur handy vertrag,Commercial,39,140,52,2.04,"AI Overview, Reviews, Video, Related searches, Ads top, Ads bottom"
nur sky bundesliga,Transactional,41,140,59,1.14,"Sitelinks, Reviews, Video, Related searches, Ads bottom"
o2 angebote mit vertrag,Commercial,33,140,51,0.56,"Reviews, Related searches, Popular products, Ads top, Ads bottom"
o2 sim karte neu bestellen,"Navigational, Transactional",32,140,32,2.06,"Reviews, Video, People also ask, Related searches"
online kostenlos serien schauen,Commercial,41,140,51,0.57,"Sitelinks, AI Overview, Reviews, Related searches"
online kostenlos tv schauen,Commercial,40,140,50,0.89,"Reviews, Video, People also ask, Related searches, Ads bottom"
online serien schauen kostenlos,Commercial,36,140,27,1.13,"Sitelinks, AI Overview, Reviews, Related searches"
online stream fernsehen,Commercial,44,140,68,1.94,"Reviews, Video, Related searches, Ads bottom"
online stream kostenlos,Commercial,38,140,52,0.00,"Reviews, Video, People also ask, Top stories, Related searches"
online tv free,Commercial,37,140,49,1.22,"AI Overview, Reviews, Video, Related searches"
online tv gucken,Commercial,47,140,46,2.42,"Reviews, Video, People also ask, Related searches"
online tv ohne anmeldung,Transactional,41,140,46,8.29,"Reviews, Video, Related searches"
onlinetvrecorder login,"Navigational, Transactional",46,140,13,0.00,"Reviews, Video, Related searches"
pc sky go,Transactional,35,140,45,0.92,"Reviews, Video, People also ask, Related searches, Ads top, Ads bottom"
preise sky sport,"Navigational, Transactional",39,140,33,0.98,"Sitelinks, AI Overview, Reviews, People also ask, Related searches, Ads bottom, Ads middle"
preisvergleich wlan,Commercial,42,140,35,5.02,"Reviews, Video, People also ask, Related searches, Popular products"
prepaid handy tarife vergleich,Commercial,37,140,51,2.12,"Sitelinks, Reviews, Video, People also ask, Related searches"
pro 7 live stream kostenlos ohne anmeldung,Transactional,38,140,33,0.34,"Reviews, Video, People also ask, Related searches"
programm rtlplus,Commercial,37,140,46,0.33,"Reviews, People also ask, Related searches, Ads top, Ads bottom"
programma netflix,"Informational, Transactional",36,140,65,0.00,"Reviews, People also ask, Related searches"
programme rtl tv,Commercial,34,140,40,0.00,"Video, People also ask, Related searches"
prosieben live schauen,Commercial,38,140,49,0.47,"Reviews, Video, People also ask, Related searches"
provider internet vergleich,Commercial,43,140,47,2.94,"Sitelinks, Reviews, Video, People also ask, Related searches"
provider vergleich internet,Commercial,41,140,47,2.94,"Sitelinks, Reviews, Video, People also ask, Related searches"
ps5 mit vertrag check24,Commercial,34,140,25,0.41,"Reviews, People also ask, Related searches"
punkt 12 live,"Informational, Transactional",35,140,29,0.48,"Reviews, Video, People also ask, Related searches"
rlt live stream,"Navigational, Transactional",36,140,43,0.60,"Sitelinks, Reviews, Video, People also ask, Top stories, Related searches"
router für kabel deutschland,Commercial,44,140,31,0.98,"Reviews, Video, People also ask, Related searches, Popular products"
router glasfaser test,Commercial,43,140,28,0.18,"Sitelinks, Reviews, Video, Video carousel, People also ask, Related searches"
router mit starkem wlan,Commercial,35,140,30,0.36,"Sitelinks, Reviews, Video, People also ask, Related searches, Ads top, Ads bottom"
router starkes wlan,Commercial,36,140,28,0.57,"Sitelinks, Reviews, Video, Video carousel, People also ask, Related searches, Popular products, Ads top, Ads bottom"
rtl aktuell livestream,"Informational, Transactional",42,140,67,0.00,"Reviews, Video, People also ask, Related searches"
rtl com,"Navigational, Transactional",35,140,70,1.27,"Sitelinks, Reviews, Video, People also ask, Related searches"
rtl de livestream,"Navigational, Transactional",45,140,49,0.96,"Reviews, Video, People also ask, Related searches"
rtl film heute,Commercial,38,140,39,0.00,"Video, People also ask, Related searches"
rtl germany live,Transactional,41,140,75,0.50,"Reviews, Video, Video carousel, People also ask, Related searches, Ads bottom"
rtl hr live stream,Transactional,37,140,35,0.99,"Reviews, Video, People also ask, Related searches"
rtl kostenlos live anschauen,Commercial,42,140,48,1.24,"Sitelinks, AI Overview, Reviews, Video, People also ask, Related searches"
rtl kostenlose,"Navigational, Transactional",41,140,58,0.89,"Reviews, Video, People also ask, Related searches"
rtl kostenloser livestream,Commercial,42,140,42,1.01,"Sitelinks, Reviews, Video, People also ask, Related searches, Ads top, Ads middle"
rtl life streamen,"Navigational, Transactional",41,140,35,0.63,"Reviews, Video, People also ask, Related searches"
rtl live gratis,Commercial,41,140,55,1.37,"Sitelinks, Reviews, Video, People also ask, Related searches"
rtl live stream online free,Commercial,40,140,51,0.00,"Sitelinks, AI Overview, Reviews, Video, People also ask, Related searches"
rtl live stresm,Commercial,39,140,50,0.00,"Reviews, Video, People also ask, Related searches"
rtl livestream kostenlos und ohne anmeldung,"Navigational, Transactional",51,140,42,0.00,"Sitelinks, Video, People also ask, Related searches"
rtl livw,"Navigational, Transactional",39,140,62,0.47,"Reviews, Video, People also ask, Top stories, Related searches"
rtl nitro 2ix2,"Navigational, Transactional",36,140,29,0.00,"Reviews, Video, Related searches"
rtl plus app download,Commercial,42,140,36,0.39,"Reviews, People also ask, Related searches"
rtl plus live stream kostenlos ohne anmeldung,Transactional,40,140,54,0.00,"AI Overview, Reviews, Video, People also ask, Related searches"
rtl plus live tv,"Navigational, Transactional",48,140,42,0.64,"Sitelinks, Reviews, Video, People also ask, Related searches"
rtl plus mitgliedschaft,"Navigational, Transactional",42,140,49,1.45,"Reviews, Video, Video carousel, People also ask, Related searches"
rtl sehen,"Navigational, Transactional",45,140,61,0.74,"Reviews, Video, People also ask, Related searches, Ads top, Ads bottom"
rtl spezial heute,"Informational, Transactional",38,140,46,0.00,"Sitelinks, Video, People also ask, Related searches"
rtl tv live stream,"Navigational, Transactional",43,140,46,0.90,"Sitelinks, Reviews, Video, People also ask, Related searches"
rtl tv login,"Navigational, Transactional",42,140,39,0.43,"AI Overview, Reviews, Video, People also ask, Related searches"
rtl tv uživo,"Navigational, Transactional",41,140,39,0.93,"Reviews, Video, Related searches"
rtl umsonst streamen,Commercial,41,140,46,2.10,"Sitelinks, AI Overview, Reviews, Video, Video carousel, People also ask, Related searches"
rtl von gestern abend,Transactional,35,140,38,0.71,"Video, People also ask"
rtl2 kostenlos ohne anmeldung,"Navigational, Transactional",37,140,28,0.00,"Reviews, Video, People also ask, Related searches"
rtl2 programm live,Commercial,38,140,41,0.64,"Reviews, Video, People also ask, Related searches"
rtl2 schauen live,Commercial,41,140,35,0.80,"Reviews, Video, People also ask, Related searches"
samsung handy mit vertrag günstig,Commercial,36,140,29,1.01,"Reviews, Related searches, Popular products"
samsung handy ohne vertrag saturn,Transactional,31,140,25,0.10,"Reviews, People also ask, Related searches, Popular products"
samsung s10 sim karte wechseln,"Informational, Transactional",30,140,21,0.00,"Reviews, Video, Video carousel, Short videos, Related searches"
sat 1 live stream kostenlos ohne anmeldung 2ix2,"Navigational, Transactional",36,140,45,0.00,"Sitelinks, Reviews, Video, Related searches"
sat 1 live streaming kostenlos,Commercial,42,140,40,0.29,"Reviews, Video, People also ask, Related searches"
sat receiver bei media markt,"Informational, Transactional",37,140,30,0.04,"People also ask, Related searches, Popular products"
schweiz handytarife,"Informational, Commercial",35,140,26,1.31,"AI Overview, Reviews, Video, People also ask, Related searches"
sendung verpasst rtl unter uns,"Informational, Transactional",33,140,34,0.00,"Sitelinks, Video, People also ask, Top stories, Related searches"
serie deutsch neu,"Informational, Commercial",34,140,28,0.00,"AI Overview, Reviews, Image pack, Video, People also ask, Related searches"
serie film,Commercial,30,140,51,0.00,"Reviews, Image, Video, Video carousel, People also ask, Related searches"
serien free,Commercial,36,140,50,1.05,"Sitelinks, Reviews, Related searches"
serien gratis schauen,Commercial,36,140,55,0.67,"Sitelinks, AI Overview, Reviews, Video, People also ask, Related searches, Ads bottom"
serien kostenlos online stream,Commercial,41,140,37,0.67,"Sitelinks, Reviews, Video, Related searches"
serien kostenlos stream,Commercial,41,140,55,0.00,"Sitelinks, AI Overview, Reviews, Video, Related searches"
serien streamen gratis,Commercial,36,140,44,0.98,"Sitelinks, Reviews, People also ask, Related searches"
serienstream kostenlos,Commercial,42,140,42,1.62,"Sitelinks, Reviews, People also ask, Related searches"
seriernstream,"Informational, Commercial",47,140,37,0.71,"Reviews, Related searches"
series online gratis,Commercial,34,140,55,0.00,"Reviews, Video, Related searches"
service handyvertrag,Transactional,36,140,24,2.60,"Reviews, Related searches"
service premiumsim de,"Navigational, Transactional",38,140,17,0.00,"Sitelinks, Reviews, People also ask, Related searches"
sim de anmelden,"Navigational, Transactional",32,140,25,0.01,"Sitelinks, People also ask, Related searches"
sim drillisch,Commercial,30,140,63,2.51,"Reviews, People also ask, Related searches"
sim karte allnet flat,Commercial,30,140,30,5.27,"Sitelinks, Reviews, Video, People also ask, Related searches"
sim karte online kaufen,Transactional,34,140,41,11.13,"Reviews, Video, People also ask, Related searches, Popular products, Ads top, Ads middle"
sim karten verträge,Commercial,37,140,66,11.91,"Reviews, Video, People also ask, Related searches, Shopping ads, Ads top, Ads middle"
sim mobil,Commercial,31,140,67,5.73,"Reviews, Image pack, Video, People also ask, Related searches, Ads top, Ads middle"
sim tarife vergleich,Commercial,34,140,50,3.52,"Reviews, Video, People also ask, Related searches, Ads bottom"
simkarte bestellen,Commercial,35,140,35,17.01,"People also ask, Related searches, Ads top, Ads bottom"
simkarte günstig,Commercial,32,140,56,6.33,"Video, People also ask, Related searches, Popular products"
sky aktionen,Transactional,36,140,49,0.71,"Reviews, Video, People also ask, Related searches, Ads top, Ads bottom"
sky bei telekom,Commercial,43,140,23,0.67,"AI Overview, People also ask, Related searches, Ads bottom, Ads middle"
sky bestandskunden,Transactional,40,140,28,2.55,"AI Overview, Reviews, People also ask, Related searches"
sky cinema paket,Transactional,39,140,21,1.30,"AI Overview, Video, People also ask, Related searches"
sky deutschland login,"Navigational, Transactional",41,140,41,0.99,"AI Overview, Reviews, People also ask, Related searches"
sky filme kostenlos,Transactional,40,140,41,0.00,"AI Overview, Reviews, Video, People also ask, Related searches"
sky fussball preise,Transactional,39,140,51,0.51,"AI Overview, Reviews, Video, People also ask, Related searches"
sky go download for mac,"Informational, Transactional",31,140,53,0.00,"AI Overview, Reviews, Video, People also ask, Related searches"
sky go geräte,Transactional,40,140,28,0.91,"Reviews, People also ask, Related searches"
sky komplett angebote,Transactional,38,140,36,2.14,"Reviews, People also ask, Related searches"
sky probeabo 7 tage,Commercial,39,140,14,1.29,"Sitelinks, Reviews, Image, People also ask, Related searches"
sky sportpaket,"Navigational, Transactional",40,140,30,2.86,"People also ask, Related searches"
sky sports 1,"Navigational, Transactional",32,140,61,1.25,"Reviews, Video, People also ask, Related searches"
sky und dazn kombi,"Informational, Transactional",41,140,39,2.01,"Reviews, People also ask, Related searches"
sky und wow,"Navigational, Commercial",41,140,44,2.91,"Sitelinks, AI Overview, Reviews, Video, People also ask, Knowledge panel, Top stories, Related searches"
sky übersicht pakete,"Navigational, Transactional",37,140,38,1.25,"Sitelinks, Reviews, Video, People also ask, Related searches"
sky übertragen,Transactional,39,140,60,1.20,"AI Overview, Reviews, Video, People also ask, Related searches"
smarter iptv apk download,Commercial,41,140,32,0.00,"Reviews, Video, Related searches"
smartiptv app,Commercial,52,140,32,0.00,"Reviews, Video, People also ask, Related searches"
smartmobil tarif,"Navigational, Transactional",33,140,21,0.60,"Reviews, Video, People also ask, Related searches, Ads top, Ads bottom"
smartphone deals mit vertrag,Commercial,37,140,37,1.22,"Reviews, Video, Related searches, Popular products"
smartphone handyvertrag,Commercial,41,140,44,2.43,"Reviews, Video, Related searches"
smartphone mit handyvertrag,Commercial,40,140,43,2.43,"Reviews, Video, People also ask, Related searches, Popular products"
smartphone mit vertrag vergleich,Commercial,40,140,50,1.61,"Sitelinks, Reviews, Video, People also ask, Related searches, Ads bottom"
smartphone tarif vergleich,Commercial,38,140,50,1.52,"Sitelinks, Reviews, People also ask, Related searches"
smartphone tarife angebote,Commercial,41,140,62,2.07,"Sitelinks, Reviews, Video, People also ask, Related searches, Ads top"
smartphone vergleich tarif,Commercial,35,140,50,1.45,"Reviews, Video, Related searches"
smartphone vertrag vergleich,Commercial,39,140,50,1.61,"Sitelinks, Reviews, Video, People also ask, Related searches"
smartphone verträge im vergleich,Commercial,37,140,57,1.61,"Sitelinks, Reviews, Video, People also ask, Related searches, Ads top, Ads bottom"
sms karten,"Informational, Commercial",33,140,26,4.13,"Sitelinks, Reviews, Video, People also ask, Related searches"
sportdigital fußball programm,"Navigational, Transactional",42,140,26,0.25,Related searches
sportdigital tv-programm,"Navigational, Transactional",46,140,23,0.81,"Video, Related searches, Ads top"
stb tv box,Commercial,43,140,22,0.88,"Reviews, Video, People also ask, Related searches, Popular products"
stick smart tv,Commercial,44,140,26,0.80,"Sitelinks, Reviews, Video, Video carousel, People also ask, Related searches, Popular products"
streaming dienste angebote,"Informational, Commercial",47,140,39,1.74,"AI Overview, Reviews, Video, People also ask, Related searches"
streaming kombi angebote,"Informational, Commercial",46,140,32,1.75,"AI Overview, Reviews, Video, People also ask, Related searches, Ads bottom, Ads middle"
streaming stick test,Commercial,39,140,36,0.36,"Sitelinks, Reviews, Video, Video carousel, People also ask, Related searches, Ads middle"
streaming tv anbieter,Commercial,53,140,34,2.07,"AI Overview, Reviews, Video, People also ask, Related searches, Ads top, Ads middle"
störung premiumsim,"Navigational, Transactional",33,140,26,0.00,"Reviews, People also ask, Related searches"
subscribeip tv,"Informational, Commercial",46,140,13,0.00,"Sitelinks, Video, Video carousel, Related searches"
t mobile hotline geschäftskunden,"Informational, Transactional",33,140,15,6.11,"Reviews, People also ask, Related searches"
t online dsl,Commercial,40,140,32,0.83,"Video, People also ask, Related searches, Ads bottom"
tablet günstig vertrag,Commercial,41,140,18,1.72,"Reviews, Video, People also ask, Related searches, Popular products"
tablet o2 ohne vertrag,"Navigational, Commercial",36,140,30,0.54,"Video, People also ask, Related searches, Popular products"
tablet vodafone vertrag,Transactional,40,140,30,2.78,"Reviews, People also ask, Related searches, Popular products"
tarif telekom festnetz internet,Transactional,40,140,38,1.65,"AI Overview, Reviews, Video, People also ask, Related searches, Ads top, Ads bottom"
tarife festnetz vergleich,Commercial,40,140,42,1.39,"AI Overview, Reviews, Video, People also ask, Related searches"
tarife günstig,Commercial,37,140,49,4.03,"Reviews, Video, People also ask, Related searches, Popular products"
tarife smartphone vodafone,Transactional,34,140,45,1.57,"Reviews, Video, People also ask, Related searches, Ads top, Ads bottom"
tarife vodafone smartphone,Transactional,34,140,43,1.57,"Reviews, People also ask, Related searches, Ads top, Ads bottom"
tarifvergleich internet,Commercial,46,140,55,2.81,"Reviews, Video, People also ask, Related searches"
tarifvergleich mobil,Commercial,40,140,57,2.35,"Sitelinks, Reviews, People also ask, Related searches"
telefon dsl anschluss,"Informational, Commercial",41,140,27,2.57,"AI Overview, Reviews, Image pack, Video, Video carousel, People also ask, Related searches"
telefon festnetz tarife vergleich,Commercial,40,140,37,0.99,"Sitelinks, Reviews, People also ask, Related searches"
telefon festnetz vertrag,Commercial,43,140,36,1.22,"Reviews, People also ask, Related searches"
telefonanschluss festnetz,Commercial,42,140,32,1.21,"AI Overview, Reviews, Video, People also ask, Related searches, Ads bottom, Ads middle"
telefonflat,Commercial,38,140,33,2.98,"AI Overview, Reviews, Video, People also ask, Related searches, Ads bottom"
telefontarif günstig,Commercial,36,140,53,2.37,"Reviews, Video, People also ask, Related searches, Popular products, Ads top, Ads bottom"
telefontarife festnetz und internet,Commercial,45,140,44,1.01,"AI Overview, Reviews, Video, People also ask, Related searches, Ads top, Ads middle"
telefontarife günstig,Commercial,38,140,57,2.37,"Sitelinks, Reviews, Video, People also ask, Related searches"
telefontarife mit handy,Commercial,41,140,48,2.08,"Reviews, Video, People also ask, Related searches, Ads bottom"
telefontarife vergleich festnetz,Commercial,43,140,41,0.99,"Sitelinks, Reviews, People also ask, Related searches"
telefónica vertrag,Commercial,35,140,29,2.06,"AI Overview, People also ask, Related searches"
telekom aktuelle angebote,"Navigational, Transactional",43,140,49,0.86,"Reviews, People also ask, Related searches"
telekom angebote magenta tv,"Navigational, Commercial",44,140,37,2.50,"Sitelinks, Reviews, People also ask, Related searches, Ads top, Ads bottom"
telekom anschluss prüfung,"Informational, Transactional",47,140,20,0.46,"Reviews, Video, People also ask, Related searches"
telekom fernsehen internet,Transactional,44,140,54,2.24,"AI Overview, Reviews, Video, People also ask, Related searches, Ads top, Ads bottom"
telekom fernsehen kabel,Commercial,44,140,35,2.94,"AI Overview, Reviews, Video, People also ask, Related searches, Ads top, Ads middle"
telekom handyvetrag,"Navigational, Commercial",39,140,39,1.94,"Sitelinks, Reviews, Video, People also ask, Related searches"
telekom internet bestellen,"Informational, Transactional",43,140,36,5.41,"Reviews, Video, People also ask, Related searches, Ads top, Ads middle"
telekom internet einrichten,"Navigational, Transactional",42,140,26,1.43,"Sitelinks, Reviews, Video, Video carousel, People also ask, Related searches"
telekom internetanbieter,Commercial,47,140,38,2.71,"AI Overview, Reviews, People also ask, Related searches, Ads top, Ads bottom"
telekom internetverbindung,"Navigational, Transactional",44,140,39,2.34,"AI Overview, Reviews, People also ask, Related searches"
telekom magenta box,Transactional,36,140,25,3.13,"Reviews, Video, People also ask, Related searches, Popular products, Ads top, Ads bottom"
telekom magenta tv pakete,"Navigational, Transactional",48,140,45,4.39,"Sitelinks, Reviews, Video, People also ask, Related searches, Ads top, Ads bottom"
telekom mega stream,Transactional,48,140,24,2.85,"Sitelinks, Reviews, Video, People also ask, Related searches"
telekom mobilfunk abdeckung,Transactional,40,140,42,4.99,"Reviews, Video, People also ask, Related searches"
telekom netz vertrag,Commercial,41,140,31,2.07,"Video, Related searches, Ads top, Ads bottom"
telekom sport abo,"Navigational, Transactional",37,140,53,0.50,"AI Overview, Reviews, Video, People also ask, Related searches"
telekom tarife mobil ohne handy,"Informational, Transactional",38,140,24,1.22,"Reviews, Video, People also ask, Related searches, Ads bottom"
telekom telefonanschluss beantragen,Transactional,35,140,30,2.76,"People also ask, Related searches, Ads top, Ads bottom"
telekom telefonleitung lageplan,"Navigational, Transactional",35,140,26,0.00,"Sitelinks, Image pack, People also ask, Related searches"
telekom tv angebot,"Navigational, Transactional",49,140,39,2.18,"Sitelinks, Reviews, People also ask, Related searches, Ads bottom"
telekom verfügbarkeit vdsl,Transactional,42,140,22,2.03,"Reviews, People also ask, Related searches, Ads top, Ads bottom"
televizoriai android,Commercial,45,140,13,0.26,"AI Overview, Video, People also ask, Related searches"
testsieger handy mit vertrag,Commercial,39,140,57,2.18,"Sitelinks, People also ask, Related searches"
testsieger router,Commercial,42,140,29,0.36,"Sitelinks, Reviews, Video, People also ask, Related searches"
tmobile vertrag,Commercial,38,140,39,1.42,"Video, People also ask, Related searches, Ads top, Ads middle"
top handytarife,Commercial,38,140,50,2.77,"Reviews, Video, People also ask, Related searches"
tv digital sky abonnieren,Commercial,45,140,10,1.05,"Sitelinks, Video, People also ask, Related searches"
tv digital xxl aktuelle ausgabe,Commercial,37,140,11,0.65,"Reviews, People also ask, Related searches, Ads bottom"
tv digital zeitschrift aktuelle ausgabe,Commercial,36,140,13,0.56,"People also ask, Related searches"
tv gucken online,Commercial,42,140,49,2.64,"Sitelinks, Video, People also ask, Related searches"
tv handyvertrag,Commercial,44,140,17,1.35,"Reviews, Video, Related searches"
tv internet free streaming,Commercial,41,140,54,1.35,"Reviews, Video, People also ask, Related searches, Ads bottom"
tv internet und festnetz,Commercial,46,140,44,1.71,"AI Overview, Reviews, Video, People also ask, Related searches, Ads top, Ads bottom"
tv kostenlos schauen pc,Commercial,39,140,40,0.40,"AI Overview, Reviews, Video, People also ask, Related searches"
tv live kostenlos ohne anmeldung,"Navigational, Transactional",40,140,37,0.00,"Video, People also ask, Related searches"
tv magenta stick,"Informational, Commercial",40,140,23,0.25,"Reviews, Video, Video carousel, People also ask, Related searches, Popular products"
tv mit handyvertrag,Commercial,40,140,10,1.35,"Reviews, Video, Related searches"
tv mit satellitenanschluss,Commercial,38,140,17,1.00,"Reviews, Video, People also ask, Related searches, Popular products"
tv programm kabel 1 doku heute,Commercial,48,140,,0.00,"Video, People also ask, Related searches"
tv programm kostenlos streamen,Commercial,41,140,51,0.66,"Reviews, Video, People also ask, Related searches"
tv programm streamen,Commercial,45,140,54,1.05,"AI Overview, Reviews, Video, People also ask, Ads top, Ads middle"
tv pur abo,Commercial,30,140,7,0.96,"Image, Video, People also ask, Related searches"
tv schauen auf pc kostenlos,Commercial,37,140,41,0.40,"AI Overview, Reviews, Video, Video carousel, People also ask, Related searches, Ads top, Ads middle"
tv set top box,Commercial,42,140,16,0.88,"Sitelinks, Reviews, Video, People also ask, Knowledge panel, Related searches, Popular products"
tv smart stick,Commercial,43,140,30,0.71,"Sitelinks, Reviews, Video, Video carousel, People also ask, Related searches, Ads bottom"
tv stick streaming,Commercial,42,140,29,0.90,"Sitelinks, Reviews, Video, Video carousel, People also ask, Related searches, Popular products, Ads bottom"
tv usb tv stick,Commercial,38,140,21,0.70,"Sitelinks, Reviews, Video, Video carousel, People also ask, Related searches, Popular products, Ads middle"
türk kanallar,"Informational, Transactional",46,140,62,1.88,"Reviews, Video, People also ask, Related searches"
türk television,Commercial,40,140,29,1.21,"AI Overview, Reviews, Image, Video, People also ask, Related searches"
türkisch iptv,Commercial,50,140,18,0.00,"Reviews, Video, People also ask, Related searches"
türkische iptv sender,Commercial,50,140,10,0.00,"AI Overview, Reviews, Video, People also ask, Related searches"
türkische sender iptv,"Informational, Commercial",44,140,13,0.00,"AI Overview, Reviews, Video carousel, People also ask, Related searches"
vdsl telekom verfügbarkeit,Transactional,46,140,23,2.03,"Reviews, People also ask, Related searches, Ads top, Ads bottom"
verfügbarkeit internet testen,Commercial,42,140,50,1.64,"Reviews, Video, People also ask, Related searches"
verfügbarkeit telekom vdsl,Transactional,45,140,20,2.03,"AI Overview, Reviews, People also ask, Related searches, Ads top, Ads bottom"
verfügbarkeitscheck telekom,Transactional,42,140,21,2.10,"AI Overview, Reviews, People also ask, Related searches"
vergleich festnetz dsl,Commercial,42,140,44,2.32,"Sitelinks, Reviews, Video, People also ask, Related searches"
vergleich handyanbieter,Commercial,38,140,62,2.36,"Sitelinks, Reviews, Video, People also ask, Related searches"
vergleich handytarife ohne handy,Commercial,38,140,26,2.73,"Reviews, Video, People also ask, Related searches"
vergleich internet telefon,Commercial,42,140,52,2.10,"Sitelinks, Reviews, Video, People also ask, Related searches, Ads top, Ads middle"
vergleich mobilfunknetze,Commercial,38,140,42,2.53,"Reviews, Video, People also ask, Related searches"
vergleich smartphone mit vertrag,Commercial,40,140,44,1.69,"Sitelinks, Reviews, Video, Related searches, Ads top, Ads bottom"
vergleich smartphone tarife,Commercial,40,140,52,1.45,"Reviews, People also ask, Related searches"
vergleich telefon internet,Commercial,41,140,49,2.10,"Sitelinks, AI Overview, Reviews, Video, People also ask, Related searches, Ads top, Ads middle"
vergleich telefontarife festnetz,Commercial,41,140,39,0.99,"Sitelinks, Reviews, People also ask, Related searches"
vergleich wlan router,Commercial,33,140,27,2.03,"Sitelinks, Reviews, Video, People also ask, Related searches, Ads top"
vertrag für handy vergleich,Commercial,41,140,44,2.61,"Sitelinks, AI Overview, Reviews, Video, Related searches, Ads top, Ads middle"
vertrag handy und tablet,Commercial,39,140,23,1.23,"Reviews, People also ask, Related searches, Popular products"
vertrag lte,Commercial,39,140,31,3.06,"AI Overview, Reviews, Video, People also ask, Related searches, Ads top, Ads middle"
vertrag mit 2 handys,Commercial,38,140,29,1.42,"Reviews, People also ask, Related searches, Popular products"
vertrag mit lte,Commercial,39,140,33,3.06,"Reviews, Video, People also ask, Related searches, Popular products, Ads middle"
vertrag mit prämie,Commercial,35,140,10,2.07,Related searches
vertrag mit smartphone vergleich,Commercial,39,140,51,1.61,"Related searches, Popular products"
vertrag ohne handy günstig,Commercial,36,140,30,4.40,"Video, People also ask, Related searches, Popular products, Ads top, Ads bottom"
vertrag tablet und handy,Commercial,41,140,24,1.23,"Reviews, People also ask, Related searches, Popular products"
vertrag und handy,Commercial,40,140,49,2.25,"Reviews, Video, People also ask, Related searches"
vertrag vergleich smartphone,Commercial,41,140,48,1.61,"Sitelinks, Reviews, Video, Related searches, Popular products, Ads top, Ads middle"
vertragshandys,Commercial,36,140,56,2.34,"AI Overview, Reviews, Video, People also ask, Related searches"
verträge im vergleich,Commercial,36,140,55,2.93,"Reviews, Video, Related searches"
video anschauen,"Informational, Transactional",37,140,59,0.55,"AI Overview, Reviews, Video, Video carousel, People also ask, Related searches"
vipo tv,"Navigational, Commercial",37,140,45,0.59,"Sitelinks, Reviews, Video, Video carousel, People also ask, Related searches"
vodafon handy angebote,"Navigational, Transactional",31,140,45,2.27,"Sitelinks, Reviews, People also ask, Related searches, Popular products"
vodafone günstigster vertrag,Commercial,36,140,51,2.79,"AI Overview, Reviews, Video, People also ask, Related searches, Ads top, Ads bottom"
vodafone handy kaufen ohne vertrag,Transactional,29,140,29,1.99,"People also ask, Related searches, Popular products"
vodafone lte verfügbarkeit,"Informational, Transactional",41,140,30,1.75,"AI Overview, Reviews, People also ask, Related searches, Ads bottom"
vodafone senderliste hessen,"Navigational, Transactional",35,140,35,0.00,"Reviews, Video, People also ask, Related searches"
vodafone sim karte angebote,"Navigational, Transactional",31,140,44,3.32,"Reviews, Related searches"
vodafone smartphone tarife,"Informational, Transactional",34,140,58,1.84,"Reviews, People also ask, Related searches, Ads bottom"
vodafone vertrag ohne handy günstig,Commercial,36,140,41,1.93,"Reviews, People also ask, Related searches, Ads top, Ads middle"
vodafone vertrag tablet,"Navigational, Transactional",40,140,34,2.78,"Reviews, People also ask, Related searches, Popular products, Ads top, Ads middle"
vodafone vs telekom netz,"Informational, Commercial",39,140,37,0.00,"Sitelinks, AI Overview, Reviews, Video, Video carousel, People also ask, Related searches"
vonovia glasfaser,"Informational, Transactional",40,140,22,1.27,"AI Overview, People also ask, Related searches, Ads bottom"
vox live stream kostenlos ansehen pinto,Commercial,36,140,46,0.00,"AI Overview, Reviews, Video, People also ask, Related searches"
waipu tv 4k,Transactional,36,140,38,0.12,"Video, People also ask, Related searches"
waipu tv amazon,"Informational, Transactional",39,140,19,0.00,"Reviews, Video, People also ask, Related searches"
waipu tv beratung,"Navigational, Transactional",46,140,29,0.42,"AI Overview, Video, People also ask, Related searches"
waipu tv fernbedienung kaufen,Transactional,36,140,24,0.08,"Reviews, People also ask, Related searches, Popular products, Ads top"
waipu tv perfect plus preis,"Navigational, Transactional",46,140,38,0.06,"Reviews, People also ask, Related searches, Ads bottom"
waipu tv stick 1. generation,"Informational, Transactional",46,140,,0.00,"Reviews, Video, Video carousel, People also ask, Related searches, Popular products"
waipu vs zattoo,Commercial,33,140,16,2.05,"Sitelinks, AI Overview, Reviews, Video, Video carousel, People also ask, Related searches"
was ist der beste router,Commercial,40,140,25,0.34,"Sitelinks, Reviews, Video, Video carousel, People also ask, Related searches, Ads bottom"
web de handyvertrag,Commercial,38,140,19,0.74,"Sitelinks, People also ask, Related searches"
web tv free streaming,Commercial,37,140,64,1.35,"Reviews, Video, Related searches"
welche internet anbieter gibt es,Commercial,44,140,29,1.74,"AI Overview, Reviews, Video, People also ask, Related searches"
welcher handyanbieter ist am besten,Commercial,39,140,50,2.53,"AI Overview, Reviews, Video, People also ask, Related searches"
welcher internet anbieter ist der beste,Commercial,44,140,28,2.34,"AI Overview, Reviews, Video, People also ask, Related searches"
welches ist das beste internet,Commercial,41,140,44,2.00,"AI Overview, Reviews, Video, Video carousel, People also ask, Related searches, Ads bottom, Ads middle"
welches ist das beste netz in deutschland,Commercial,43,140,35,2.60,"Sitelinks, AI Overview, Reviews, Video, Video carousel, People also ask, Related searches"
wer hat das beste handynetz,Commercial,40,140,35,1.83,"Sitelinks, AI Overview, Reviews, Video, Short videos, People also ask, Related searches, Ads bottom"
wer ist der günstigste internetanbieter,"Informational, Commercial",44,140,38,1.00,"AI Overview, Reviews, Video, People also ask, Related searches, Ads top, Ads middle"
win sim tarife,"Navigational, Transactional",32,140,24,1.61,"Sitelinks, Reviews, People also ask, Related searches, Ads top, Ads bottom"
winsim einloggen,"Navigational, Transactional",30,140,36,0.00,"Sitelinks, Reviews, People also ask, Related searches"
winsim lte,Commercial,35,140,28,0.00,"AI Overview, Reviews, People also ask, Related searches, Ads top, Ads middle"
winsim roaming,"Navigational, Transactional",29,140,20,0.65,"Sitelinks, AI Overview, Reviews, Video, People also ask, Related searches, Ads top, Ads bottom"
wlan für zuhause ohne festnetz,Commercial,41,140,29,2.61,"Reviews, Video, Video carousel, People also ask, Related searches, Ads top, Ads middle"
wlan internet anbieter,Commercial,44,140,37,4.72,"Sitelinks, AI Overview, Reviews, Video, People also ask, Related searches, Ads top, Ads middle"
wlan router dsl,Commercial,35,140,32,3.30,"Sitelinks, Reviews, Video, People also ask, Related searches, Popular products"
wlan router günstig,Commercial,40,140,30,3.80,"Reviews, People also ask, Related searches, Popular products, Ads top, Ads bottom"
wlan router im test,Commercial,36,140,29,0.40,"Sitelinks, Reviews, Video, People also ask, Related searches, Ads top, Ads bottom"
wlan router testsieger,Commercial,38,140,29,0.52,"Reviews, Video, People also ask, Related searches"
wlan stick für fernseher,Commercial,46,140,24,0.57,"Video, People also ask, Related searches, Popular products"
wlan tarif vergleich,Commercial,38,140,62,4.81,"Reviews, Video, People also ask, Related searches, Ads top, Ads middle"
wlan zuhause ohne telefon,Commercial,37,140,30,2.28,"Reviews, Video, Video carousel, People also ask, Related searches, Ads top, Ads middle"
wow sky abo,"Navigational, Commercial",32,140,41,1.40,"Sitelinks, Reviews, Video, People also ask, Related searches, Ads top, Ads bottom"
wow sky ticket,"Navigational, Commercial",38,140,34,0.76,"Sitelinks, Reviews, Video, People also ask, Related searches"
wow tv angebote sport,Commercial,39,140,41,0.98,"Video, People also ask, Related searches"
wow tv sports,"Navigational, Commercial",33,140,39,1.42,"Sitelinks, Video, People also ask, Related searches, Ads top, Ads bottom"
wow tv tagesticket,Commercial,38,140,23,0.79,"Reviews, Video, People also ask, Related searches"
wunderschöner streamen kostenlos,"Informational, Transactional",45,140,26,0.00,"Reviews, Video, Video carousel, People also ask, Knowledge panel, Related searches"
www rtl de mediathek,"Navigational, Transactional",38,140,71,0.15,"Reviews, Video, People also ask, Related searches"
www rtl plus,"Navigational, Transactional",41,140,65,0.57,"Sitelinks, Reviews, Video, Video carousel, People also ask, Related searches"
www.handy.de,"Informational, Commercial",34,140,77,0.87,"Sitelinks, Reviews, People also ask, Ads bottom"
xstream fire tv stick,Commercial,51,140,19,0.00,"Sitelinks, AI Overview, Video, Video carousel, People also ask, Related searches"
z2u iptv,"Navigational, Transactional",46,140,11,0.00,"People also ask, Related searches"
02 tarife ohne handy,Commercial,33,110,56,0.38,"Reviews, People also ask, Related searches"
1 und 1 cinema login,"Navigational, Transactional",47,110,30,0.00,"Reviews, People also ask, Related searches"
1 und 1 handy mit vertrag,Commercial,37,110,40,0.68,"Reviews, Video, People also ask, Related searches, Popular products, Ads top, Ads bottom"
1&1 tv und filme-app,"Informational, Commercial",40,110,27,0.00,"AI Overview, Reviews, Video carousel, People also ask, Related searches"
1&1tv und filme app,Commercial,47,110,32,0.00,"AI Overview, Video, People also ask, Related searches"
1+1 cinema,"Informational, Transactional",37,110,27,0.00,"Reviews, People also ask, Related searches"
100 gb sim-karte ohne vertrag,Commercial,31,110,20,2.27,"Sitelinks, Reviews, Video, People also ask, Related searches, Popular products, Ads bottom"
2 handy mit vertrag,Commercial,35,110,46,1.42,"Reviews, Video, People also ask, Related searches, Popular products"
2 handys angebot,Commercial,38,110,30,1.20,"People also ask, Related searches, Popular products"
30 gb handyvertrag,Commercial,39,110,47,2.16,"Reviews, People also ask, Related searches, Popular products"
5g abdeckung o2,Commercial,36,110,25,0.23,"People also ask, Related searches"
5g ausbau karte,Commercial,38,110,38,1.42,"Reviews, Image pack, Video, People also ask, Related searches, Ads top, Ads bottom"
5g handytarife,Commercial,37,110,30,3.52,"Reviews, People also ask, Related searches, Ads top"
5g karte telekom,Transactional,43,110,30,4.54,"Reviews, Related searches"
5g netzabdeckung prüfen,"Informational, Commercial",38,110,48,0.96,"AI Overview, Reviews, Video, People also ask, Related searches, Ads top, Ads bottom"
abdeckung d netz,Commercial,38,110,45,1.53,"Sitelinks, Reviews, Video, People also ask, Related searches, Ads top, Ads middle"
abo tv zeitschrift,Commercial,34,110,15,1.95,"Reviews, Video, People also ask, Related searches"
abonament vodafone,"Navigational, Transactional",29,110,62,3.19,"Sitelinks, AI Overview, People also ask, Related searches, Ads top"
aktion handy,Commercial,33,110,37,0.82,"Reviews, Video, Related searches, Popular products"
aktuelle angebote der telekom,Transactional,43,110,39,1.27,"AI Overview, Reviews, Video, People also ask, Related searches, Ads top, Ads middle"
all ip anschluss,"Informational, Commercial",46,110,8,1.97,"Featured snippet, Sitelinks, Video, People also ask, Ads top, Ads middle"
alleserien com,Commercial,32,110,40,0.00,"Sitelinks, Reviews, Video, People also ask, Related searches"
allnet flat angebote mit handy,Commercial,40,110,34,1.09,"Reviews, People also ask, Related searches"
allnet flat d netz,Commercial,37,110,16,3.48,"Reviews, People also ask, Related searches, Ads middle"
allnet flat für handy,Commercial,41,110,26,1.94,"Reviews, People also ask, Related searches, Popular products, Ads middle"
allnet flat handyvertrag,Commercial,42,110,30,3.66,"Reviews, People also ask, Related searches"
allnet flat sim karte,Commercial,31,110,31,5.27,"Sitelinks, Reviews, People also ask, Related searches"
allnet flat telekom netz,Commercial,35,110,25,1.78,"AI Overview, Reviews, People also ask, Related searches"
alte serien kostenlos streamen,"Informational, Commercial",34,110,23,0.00,"Sitelinks, AI Overview, Reviews, Video, People also ask, Related searches"
alternative dsl,"Informational, Commercial",39,110,26,1.64,"Sitelinks, AI Overview, Reviews, Video, People also ask, Related searches, Ads top, Ads middle"
alternative magenta tv,Commercial,44,110,33,0.82,"AI Overview, Reviews, Video, Video carousel, People also ask, Related searches, Ads bottom"
alternative zu amazon fire tv stick,Commercial,43,110,18,0.69,"Sitelinks, Reviews, Video, Video carousel, Short videos, People also ask, Related searches, Ads bottom"
alternativen zu dsl,"Informational, Commercial",40,110,22,1.30,"Sitelinks, AI Overview, Reviews, Video, People also ask, Related searches, Ads top, Ads middle"
alternativen zu waipu tv,"Informational, Commercial",46,110,28,0.65,"Sitelinks, AI Overview, Video, People also ask, Related searches"
amazon waipu,"Informational, Transactional",36,110,32,0.00,"Reviews, Video, People also ask, Related searches"
anbieter hdtv,"Informational, Commercial",51,110,42,2.25,"Reviews, People also ask, Related searches"
android box for tv,Commercial,37,110,22,0.30,"Reviews, Video, Video carousel, People also ask, Related searches, Popular products"
android iptv player,Commercial,46,110,30,0.00,"Reviews, Video, People also ask, Related searches"
android receiver,"Informational, Transactional",35,110,10,0.60,"Video, People also ask, Related searches, Popular products"
android tv box 4k,Commercial,39,110,22,0.33,"Video, Video carousel, People also ask, Related searches, Popular products"
android tv fernseher,Commercial,37,110,24,0.31,"Sitelinks, Video, People also ask, Related searches, Popular products"
angebot telekom internet,Commercial,46,110,36,3.69,"AI Overview, Reviews, Video, People also ask, Related searches, Ads top, Ads middle"
angebote smartphone tarife,Commercial,43,110,58,2.07,"AI Overview, Reviews, Video, People also ask, Related searches, Ads middle"
angebote streaming dienste,"Informational, Commercial",48,110,43,1.63,"AI Overview, Reviews, Video, People also ask, Related searches"
app fernsehprogramm kostenlos,"Informational, Commercial",41,110,41,0.53,"AI Overview, Reviews, Video, People also ask, Related searches"
app sky go android,Commercial,35,110,32,0.44,"AI Overview, Reviews, Video, People also ask, Related searches, Ads bottom, Ads middle"
apple tv fußball,"Navigational, Transactional",60,110,42,1.08,"Video, People also ask, Related searches"
ausfall deutsche glasfaser,"Informational, Transactional",39,110,35,0.00,"Reviews, People also ask, Related searches"
best fire stick for tv,Commercial,34,110,30,0.41,"Reviews, Image, Image pack, Video, Video carousel, People also ask, Related searches, Popular products"
best iptv player for windows,Commercial,41,110,31,0.00,"Reviews, Video carousel, People also ask, Related searches"
best player for iptv windows,Commercial,40,110,26,0.00,"Sitelinks, AI Overview, Reviews, Video, Video carousel, People also ask, Related searches"
best router,Commercial,34,110,37,0.93,"Sitelinks, Reviews, Video, Video carousel, People also ask, Related searches, Popular products"
best wlan router,Commercial,28,110,29,0.74,"Sitelinks, Reviews, Video, Video carousel, People also ask, Related searches, Popular products"
bestandskunden sky,"Informational, Transactional",37,110,34,2.55,"Sitelinks, Reviews, Video, People also ask, Related searches"
beste dsl tarife,Commercial,42,110,50,2.61,"Sitelinks, AI Overview, Reviews, Video, People also ask, Related searches, Ads top"
beste glasfaser anbieter,Commercial,43,110,41,1.28,"AI Overview, Reviews, Video, People also ask, Related searches, Ads bottom"
beste handy bundle angebote,Commercial,38,110,31,1.13,"Reviews, Video, Related searches"
beste handy netz deutschland,Commercial,43,110,32,1.99,"Sitelinks, AI Overview, Reviews, Video, Video carousel, Short videos, People also ask, Related searches"
beste handytarif,Commercial,39,110,49,2.51,"Reviews, Video, People also ask, Related searches"
beste internet tarife,Commercial,45,110,50,2.79,"AI Overview, Video, People also ask, Related searches, Ads top, Ads middle"
beste iptv app für lg tv,Commercial,46,110,20,0.00,"AI Overview, Video, People also ask, Related searches"
beste mobilfunkanbieter deutschland,Commercial,49,110,35,1.94,"Sitelinks, AI Overview, Reviews, Video, Short videos, People also ask, Related searches, Ads middle"
beste router dsl,Commercial,40,110,31,0.45,"Sitelinks, Reviews, Video, Video carousel, People also ask, Related searches, Popular products"
beste streaming anbieter,Commercial,44,110,39,1.96,"AI Overview, Reviews, Video, People also ask, Related searches"
beste tarife ohne handy,Commercial,40,110,32,2.35,"AI Overview, Reviews, Video, People also ask, Related searches"
besten iptv anbieter,Commercial,64,110,17,0.00,"Sitelinks, AI Overview, Video, Related searches"
bester empfang handy,Commercial,41,110,22,0.95,"Sitelinks, AI Overview, Reviews, Video, People also ask, Related searches, Ads middle"
bester iptv player android,Commercial,45,110,17,0.00,"Sitelinks, AI Overview, Reviews, Video, Video carousel, People also ask, Related searches"
bester iptv player windows,Commercial,52,110,18,0.00,"Reviews, People also ask, Related searches"
bester router für kabel,Commercial,37,110,30,0.66,"Sitelinks, Reviews, Video, People also ask, Popular products"
bester streaming anbieter,Commercial,46,110,40,1.96,"Sitelinks, AI Overview, Reviews, Video, People also ask, Related searches, Ads top"
bester streaming service,Commercial,42,110,38,1.67,"AI Overview, Reviews, Video, People also ask, Related searches"
bestes handy vertrag,Commercial,41,110,55,1.96,"Reviews, Video, People also ask, Related searches"
bestes internet für meine adresse,Commercial,42,110,46,1.84,"AI Overview, Reviews, Video, People also ask"
bestes netz,Commercial,41,110,38,3.10,"Sitelinks, AI Overview, Reviews, Video, Video carousel, People also ask, Related searches"
bestes wlan für zuhause,Commercial,37,110,22,3.68,"Sitelinks, Reviews, Video, Video carousel, People also ask, Related searches, Ads bottom"
big tv telekom,"Navigational, Transactional",46,110,23,5.28,"AI Overview, Reviews, Video, People also ask, Related searches"
bild router,"Informational, Transactional",35,110,26,0.00,"Image pack, Video, People also ask, Related searches"
billig dsl anbieter,Commercial,45,110,43,2.10,"Sitelinks, Reviews, Video, People also ask, Related searches, Popular products"
billig handytarife,Commercial,39,110,44,2.33,"Reviews, Video, People also ask, Related searches"
billigster handyvertrag mit handy,Commercial,39,110,55,1.83,"Reviews, Video, People also ask, Related searches"
billigster-internetanbieter,Commercial,49,110,47,1.77,"AI Overview, Video, People also ask, Related searches"
blau handy vertrag,"Navigational, Transactional",40,110,39,1.37,"Reviews, Video, People also ask, Related searches"
bubble rtl kostenlos,"Navigational, Transactional",51,110,43,0.00,"Sitelinks, Related searches"
bundesliga angebote,Commercial,39,110,30,1.43,"AI Overview, Reviews, Video, People also ask, Related searches"
bundesliga streaming vpn,"Informational, Commercial",46,110,24,1.56,"Sitelinks, Reviews, Video, Related searches"
bundesliga über ausland schauen,Commercial,44,110,30,1.61,"Sitelinks, Reviews, Video, People also ask, Related searches"
cheap sim card germany,Commercial,34,110,29,2.85,"Sitelinks, Reviews, Video, Video carousel, People also ask, Related searches, Popular products"
check 24 internetvertrag,"Navigational, Commercial",42,110,51,3.50,"Sitelinks, Reviews, Video, People also ask, Related searches"
check24 tablet mit vertrag,Transactional,37,110,30,1.28,"People also ask, Related searches"
check24 vertrag mit handy,"Navigational, Transactional",37,110,46,2.19,"Sitelinks, Reviews, People also ask, Related searches, Ads bottom"
congstar alternative,Commercial,30,110,11,0.95,"Sitelinks, AI Overview, Reviews, People also ask, Related searches"
d1 handyvertrag mit handy,Commercial,39,110,30,1.30,"Reviews, Video, People also ask, Related searches, Popular products"
d1 netz vertrag,Commercial,41,110,23,3.27,"AI Overview, Reviews, Video, People also ask, Related searches, Ads top, Ads bottom"
d1 tarif günstig,Commercial,39,110,28,2.15,"Sitelinks, Reviews, Video, People also ask, Related searches"
d1 tarife günstig,Commercial,36,110,22,2.15,"Sitelinks, AI Overview, Reviews, Video, People also ask, Related searches"
datentarife für handy,Commercial,39,110,33,2.68,"Reviews, Video, People also ask, Related searches, Popular products"
datentarife mobilfunk,Commercial,38,110,29,2.47,"Reviews, Video, People also ask, Related searches"
dazn 2. stream hinzufügen,"Informational, Transactional",45,110,31,0.00,"Reviews, Video, Related searches"
dazn abo ändern,"Informational, Transactional",38,110,31,0.00,"AI Overview, Video, People also ask, Related searches"
dazn auf zwei geräten,"Informational, Transactional",38,110,30,0.00,"Reviews, Video, People also ask, Related searches"
der beste handyvertrag,Commercial,40,110,50,2.16,"AI Overview, Reviews, Video, Video carousel, People also ask, Related searches"
der günstigste handytarif,Commercial,39,110,49,1.96,"Sitelinks, Reviews, Video, People also ask, Related searches, Ads top, Ads middle"
deutsche glasfaser beschwerde,"Navigational, Transactional",40,110,36,0.00,"Reviews, Video, People also ask, Related searches"
deutsche glasfaser down,"Informational, Transactional",42,110,33,0.00,"Reviews, People also ask, Related searches, Ads bottom"
deutsche glasfaser gutschein,Transactional,47,110,11,0.00,"Sitelinks, People also ask, Related searches, Ads bottom"
deutsche glasfaser rezension,"Informational, Commercial",40,110,19,1.43,"Sitelinks, AI Overview, Reviews, Video, People also ask, Related searches"
deutsche glasfaser shop in der nähe,Transactional,47,110,25,0.65,"Video, People also ask, Local pack, Related searches, Ads bottom"
deutsche glasfaser shopfinder,"Navigational, Transactional",37,110,16,0.62,"Reviews, Video, People also ask, Related searches, Ads top, Ads bottom"
deutsche glasfaser wartung,Transactional,40,110,32,0.39,"Sitelinks, Reviews, People also ask, Related searches"
deutsche netflix filme,Commercial,40,110,28,0.00,"Video, People also ask, Related searches"
deutsche serien streamen,Commercial,48,110,24,0.78,"Sitelinks, Reviews, Image, Video, People also ask, Related searches"
die besten handy tarife,Commercial,40,110,51,2.14,"Sitelinks, AI Overview, Reviews, Video, People also ask, Related searches"
die besten internet tv anbieter,Commercial,55,110,35,1.32,"Sitelinks, AI Overview, Reviews, Video, People also ask, Related searches, Ads bottom, Ads middle"
die besten streaming dienste kostenlos,Commercial,45,110,29,0.81,"Sitelinks, AI Overview, Video, People also ask, Related searches, Ads bottom"
die besten wlan router,Commercial,35,110,24,0.50,"Sitelinks, Reviews, Video, Video carousel, People also ask, Related searches, Popular products"
digital sat receiver,Commercial,36,110,27,0.15,"Video, Video carousel, People also ask, Related searches, Popular products"
digital satellite receiver,"Informational, Commercial",36,110,27,0.19,"Video, Video carousel, People also ask, Related searches, Popular products"
digital tv receiver,Commercial,41,110,28,0.55,"Reviews, Video, People also ask, Related searches"
digitale satellitenreceiver,"Informational, Transactional",36,110,23,0.16,"Video, People also ask, Related searches, Popular products"
drillisch internet,Commercial,36,110,32,1.91,"Reviews, Video, People also ask, Related searches"
dsl 100 vergleich,Commercial,41,110,44,1.69,"Sitelinks, Reviews, Video, People also ask, Related searches"
dsl 250 mbit angebote,Commercial,45,110,23,1.75,"Reviews, People also ask, Related searches, Ads middle"
dsl angebote mit router,Commercial,42,110,50,3.16,"Reviews, Video, People also ask, Related searches"
dsl anschluss monatlich kündbar,Commercial,41,110,35,6.04,"Reviews, People also ask, Related searches, Ads top, Ads bottom"
dsl anschlüsse im vergleich,Commercial,43,110,45,3.98,"Sitelinks, Reviews, Video, People also ask, Related searches"
dsl bestes angebot,Commercial,49,110,38,2.58,"Sitelinks, Video, People also ask, Related searches"
dsl check verfügbarkeit,Commercial,47,110,44,2.56,"Video, Related searches"
dsl deal,Commercial,39,110,24,3.02,"Reviews, Video, Related searches"
dsl handyvertrag,Commercial,46,110,33,2.22,"Reviews, Video, People also ask, Related searches"
dsl mit fernseher,Commercial,46,110,17,2.44,"AI Overview, Reviews, Video, Related searches"
dsl neukunden angebote,Commercial,44,110,40,2.40,"AI Overview, Video, People also ask, Related searches, Ads top, Ads middle"
dsl router vergleich,Commercial,40,110,33,1.65,"Reviews, Video, Related searches, Popular products"
dsl tarif monatlich kündbar,Commercial,42,110,34,3.18,"Reviews, Related searches, Ads top, Ads bottom"
dsl verglecih,Commercial,47,110,43,3.84,"Sitelinks, Reviews, Video, People also ask, Related searches, Ads top, Ads bottom"
dsl vertrag mit gratis handy,Commercial,43,110,9,2.18,"AI Overview, Reviews, Related searches, Ads top, Ads middle"
dsl vertrag mit handy,Commercial,44,110,31,1.45,"AI Overview, Reviews, Video, Related searches"
dsl zu hause,Commercial,43,110,45,4.24,"Reviews, Video, People also ask, Related searches"
empfang telekom,Transactional,45,110,36,3.17,"Reviews, Video, People also ask, Related searches"
fernbedienung magenta tv stick,"Informational, Transactional",38,110,20,0.11,"Image pack, Video, Related searches"
fernseh internet,"Informational, Commercial",43,110,40,1.27,"AI Overview, Reviews, Video, People also ask, Related searches, Ads top, Ads bottom"
fernseh ohne antenne,Commercial,38,110,19,0.80,"Reviews, Video, Video carousel, People also ask"
fernseh stick ohne internet,Commercial,43,110,23,1.12,"Sitelinks, Reviews, Video, Video carousel, People also ask, Related searches, Popular products"
fernsehen gucken internet,"Informational, Commercial",48,110,35,1.36,"AI Overview, Reviews, Image, Video, Video carousel, People also ask, Related searches"
fernsehen kostenlos auf pc,Commercial,40,110,30,0.39,"AI Overview, Reviews, Video, Video carousel, People also ask, Related searches"
fernsehen mit usb stick,Commercial,41,110,22,0.63,"Reviews, Video, Video carousel, People also ask, Related searches, Popular products"
fernsehen mit wlan stick,Commercial,45,110,28,0.50,"Sitelinks, Reviews, Video, People also ask, Related searches, Popular products, Ads top, Ads bottom"
fernsehen ohne anschluss,Commercial,47,110,25,1.15,"Reviews, Video, People also ask, Related searches, Ads top, Ads bottom"
fernsehen umsonst schauen,Commercial,38,110,35,0.50,"AI Overview, Reviews, Video, People also ask, Related searches"
fernseher anbieter,Commercial,50,110,34,2.32,"Reviews, Image, Video, People also ask, Related searches, Ads top, Ads bottom"
fernseher für iptv,"Informational, Commercial",56,110,29,0.00,"Sitelinks, Video, People also ask, Related searches, Popular products"
fernseher für unterwegs,Commercial,39,110,24,0.94,"Reviews, Video, People also ask, Related searches, Popular products, Ads bottom"
fernseher mit android,Commercial,37,110,24,0.25,"Sitelinks, Video, People also ask, Related searches, Popular products"
fernseher mit magentatv,Commercial,43,110,36,0.65,"AI Overview, Reviews, Video, Video carousel, People also ask, Related searches, Ads top, Ads middle"
fernseher wlan,Commercial,41,110,23,0.60,"Video, Video carousel, People also ask, Related searches, Popular products"
fernsehn app kostenlos,Commercial,42,110,50,0.61,"AI Overview, Reviews, Video, People also ask, Related searches, Ads middle"
fernsehn ohne kabelanschluss,Commercial,49,110,22,1.05,"Reviews, Video, Video carousel, People also ask, Related searches, Ads top, Ads middle"
fernsehn über pc,"Informational, Commercial",43,110,14,0.68,"AI Overview, Reviews, Video, Video carousel, People also ask, Related searches"
fernsehprogramme über internet,"Informational, Commercial",49,110,40,1.08,"AI Overview, Reviews, Video, People also ask, Related searches, Ads bottom, Ads middle"
festnetz anbieter günstig,"Informational, Commercial",49,110,38,1.48,"Sitelinks, AI Overview, Reviews, Video, People also ask, Related searches, Ads top, Ads middle"
festnetz dsl vergleich,Commercial,41,110,43,2.32,"Sitelinks, AI Overview, Reviews, Video, People also ask, Related searches"
festnetz günstige tarife,Commercial,43,110,40,1.01,"AI Overview, Reviews, Video, People also ask, Related searches, Ads top, Ads middle"
festnetz tarife günstig,Commercial,43,110,53,1.01,"Reviews, Video, People also ask, Related searches"
festnetz telekom tarife,"Informational, Transactional",42,110,42,1.50,"AI Overview, Reviews, People also ask, Related searches"
festnetzanbieter günstig,"Informational, Commercial",49,110,38,1.48,"Sitelinks, Reviews, Video, People also ask, Related searches"
festnetzanschluss telefon,Commercial,40,110,33,0.94,"AI Overview, Reviews, Video, People also ask, Related searches, Ads top, Ads bottom"
film stre,"Informational, Commercial",27,110,37,0.00,"Reviews, People also ask, Related searches"
filmstreaming seiten,Commercial,42,110,53,5.53,"Sitelinks, AI Overview, Reviews, Video, People also ask, Related searches"
fire stick alternative,Commercial,35,110,19,0.45,"Sitelinks, Video, Video carousel, People also ask, Related searches, Popular products"
flachbildfernseher mit sat receiver,Commercial,38,110,25,0.17,"Video, People also ask, Related searches"
flat handy vergleich,Commercial,35,110,31,2.92,"Sitelinks, Related searches, Ads top, Ads middle"
flat mit handy vergleich,Commercial,37,110,30,3.14,"Sitelinks, Reviews, Video, Related searches, Ads bottom"
flatrate festnetz telekom,Transactional,37,110,28,1.58,"AI Overview, Reviews, People also ask, Related searches, Ads top, Ads bottom"
flatrate internet mobil,Commercial,41,110,34,2.37,"AI Overview, Reviews, Video, People also ask, Related searches"
flatrate mobiles internet,Commercial,37,110,35,2.37,"Reviews, Video, Related searches, Ads top, Ads middle"
flatrate mobilfunk,Commercial,39,110,35,2.44,"AI Overview, Reviews, Video, People also ask, Related searches"
free tv stream online,Commercial,37,110,51,1.69,"Sitelinks, Reviews, Video, People also ask, Related searches"
free-tv rtl,"Navigational, Transactional",51,110,74,0.65,"Reviews, Video, People also ask, Related searches, Ads bottom"
freenet neues handy,"Navigational, Transactional",36,110,46,0.30,"People also ask, Related searches, Ads top, Ads bottom"
fussball abo,Commercial,33,110,76,1.06,"Reviews, Video, People also ask, Related searches"
fußball live-stream kostenlos ausland,Commercial,46,110,39,0.84,"Sitelinks, Reviews, Video, Related searches"
german cell phone carriers,Commercial,35,110,17,3.99,"Sitelinks, AI Overview, Video, People also ask, Related searches"
german iptv anbieter,Commercial,75,110,,0.00,"AI Overview, Related searches"
geschäfts handyvertrag,Commercial,37,110,39,7.93,"Reviews, Video, Related searches, Ads top, Ads bottom"
gibt es eine rtl mediathek,"Navigational, Transactional",42,110,57,0.37,"Sitelinks, Reviews, Video, People also ask, Related searches"
glasfaser adresse prüfen,Commercial,39,110,33,0.93,"Reviews, Video, People also ask, Related searches"
glasfaser anschluss ohne vertrag,"Informational, Commercial",38,110,21,1.16,"Sitelinks, AI Overview, Reviews, Video, Video carousel, People also ask, Related searches, Ads bottom, Ads middle"
glasfaser sinnvoll,"Informational, Commercial",37,110,30,0.90,"Sitelinks, AI Overview, Reviews, Video, Video carousel, People also ask, Related searches"
glasfaser tarife angebote,"Informational, Commercial",48,110,46,0.92,"AI Overview, Reviews, Video, People also ask, Related searches, Ads middle"
glasfaser verfügbarkeit vodafone,"Informational, Transactional",36,110,24,0.79,"Reviews, People also ask, Related searches"
glasfaser überprüfen,Commercial,38,110,32,1.11,"Reviews, Video, People also ask, Related searches, Ads top, Ads bottom"
glasfaseranschluss vergleich,Commercial,41,110,35,1.68,"Sitelinks, Reviews, Video, People also ask, Related searches, Ads bottom"
glasfaserinternet,Commercial,42,110,65,1.84,"Sitelinks, AI Overview, Reviews, Video, People also ask, Related searches, Ads top, Ads middle"
glasfaserkabel telekom kaufen,Transactional,39,110,20,0.74,"Reviews, People also ask, Related searches, Popular products"
glasphaser,Commercial,32,110,60,2.00,"AI Overview, Reviews, Video, People also ask, Knowledge panel, Related searches, See results about, Ads bottom"
gratis serien gucken,Commercial,39,110,28,0.56,"Sitelinks, Reviews, Video, Related searches"
gute serien mediathek,Commercial,36,110,30,0.04,"Video, People also ask, Related searches"
günstig dsl internet,Commercial,46,110,36,3.27,"AI Overview, Reviews, Video, People also ask, Related searches, Ads top, Ads bottom"
günstig mobilfunk,Commercial,39,110,66,3.66,"Reviews, Video, People also ask, Related searches, Popular products"
günstige anbieter für telefon und internet,Commercial,44,110,30,1.32,"Reviews, Video, People also ask, Related searches"
günstige angebote handy,Commercial,37,110,51,0.82,"Reviews, Video, People also ask, Related searches, Popular products"
günstige dsl verträge,Commercial,44,110,43,3.56,"Sitelinks, Reviews, People also ask, Related searches, Ads top"
günstige flat handy,Commercial,37,110,37,3.33,"Sitelinks, Reviews, Video, People also ask, Related searches, Popular products, Ads bottom"
günstige handy prepaid tarife,Commercial,37,110,43,2.04,"Sitelinks, Reviews, Video, People also ask, Related searches, Popular products, Ads top, Ads bottom"
günstige handyanbieter mit vertrag und handy,Commercial,43,110,46,1.86,"Reviews, Video, People also ask, Related searches, Ads top, Ads middle"
günstige handytarife im d1 netz,Commercial,38,110,23,1.98,"Sitelinks, Reviews, People also ask, Related searches"
günstige handyverträge im d1 netz,Commercial,39,110,21,1.95,"Sitelinks, Reviews, People also ask, Related searches"
günstige handyverträge mit smartphone,Commercial,39,110,53,1.50,"Reviews, Video, People also ask, Related searches"
günstige internettarife,Commercial,48,110,44,2.29,"Reviews, Video, People also ask, Popular products"
günstige o2 tarife,Commercial,35,110,33,0.57,"Sitelinks, AI Overview, Reviews, People also ask, Related searches, Ads top, Ads bottom"
günstige telekom verträge,Commercial,40,110,43,1.44,"Reviews, Related searches, Ads top"
günstige tv anbieter,"Informational, Commercial",49,110,31,1.86,"AI Overview, Reviews, Video, People also ask, Related searches, Ads top, Ads middle"
günstige vertrag mit handy,Commercial,39,110,50,1.85,"Reviews, Video, People also ask, Related searches"
günstigen internetanbieter,Commercial,45,110,40,2.45,"AI Overview, Reviews, People also ask, Related searches"
günstigen vertrag mit handy,Commercial,40,110,42,2.11,"Reviews, Video, Related searches, Popular products, Ads bottom"
günstiger anbieter für telefon und internet,Commercial,44,110,40,1.32,"Sitelinks, Reviews, Video, People also ask, Related searches"
günstiger internet vertrag,"Informational, Commercial",45,110,55,4.13,"AI Overview, Reviews, Video, People also ask, Related searches, Ads top"
günstiger iphone vertrag,Commercial,37,110,24,1.23,"Video, Related searches, Popular products"
günstiger smartphone tarif,Commercial,40,110,48,2.03,"People also ask, Related searches, Popular products"
günstiger tarif ohne handy,Commercial,35,110,32,3.95,"AI Overview, Video, People also ask, Related searches, Ads top, Ads middle"
günstiger vodafone vertrag,Commercial,35,110,46,2.63,"Sitelinks, AI Overview, Reviews, Video, People also ask, Related searches"
günstiger wlan anbieter,Commercial,40,110,41,2.81,"AI Overview, Video, People also ask, Related searches"
günstiges handy mit vertrag samsung,Commercial,35,110,40,0.91,"Reviews, People also ask, Related searches, Popular products"
günstiges smartphone mit vertrag,Commercial,40,110,50,1.47,"Reviews, Video, People also ask, Related searches, Ads bottom"
günstigste dsl anbieter,Commercial,44,110,40,2.58,"Sitelinks, AI Overview, Reviews, Video, People also ask, Related searches, Ads top, Ads middle"
günstigste handyvertrag mit handy,Commercial,37,110,50,1.89,"Reviews, Video, People also ask, Related searches, Popular products, Ads top"
günstigster handyanbieter,Commercial,38,110,60,2.94,"People also ask, Related searches"
günstigster internetanschluss,Commercial,46,110,43,1.54,"AI Overview, Reviews, Video, People also ask, Related searches, Ads top, Ads bottom"
habdy mit vertrag,Commercial,35,110,55,2.67,"Reviews, Video, People also ask, Related searches, Ads top, Ads bottom"
handy aktuelle angebote,Commercial,33,110,41,0.70,"Reviews, Video, People also ask, Related searches, Popular products, Ads bottom"
handy angebote blau de,"Navigational, Transactional",37,110,31,0.86,"Sitelinks, Reviews, Video, People also ask, Related searches, Popular products"
handy angebote mit tablet,Commercial,37,110,17,0.93,"Reviews, People also ask, Related searches, Popular products, Ads top, Ads middle"
handy bestellen online,Commercial,35,110,28,10.02,"Sitelinks, Reviews, Video, Related searches, Popular products, Ads middle"
handy drillisch,"Navigational, Commercial",32,110,39,2.27,"Sitelinks, Reviews, People also ask, Related searches, Ads top, Ads middle"
handy flat unlimited,Commercial,35,110,30,2.53,"Sitelinks, AI Overview, Reviews, Video, People also ask, Related searches"
handy karte vertrag,Commercial,39,110,66,15.47,"Video, People also ask, Related searches, Popular products"
handy kaufen mit prepaid karte,Transactional,33,110,26,1.11,"People also ask, Related searches, Popular products"
handy mit allnet flat vertrag,Commercial,39,110,31,3.35,"Reviews, People also ask, Related searches, Popular products"
handy mit handyvertrag,Commercial,40,110,44,2.81,"Reviews, Video, Related searches, Popular products, Ads top, Ads middle"
handy mit tarifvertrag,Commercial,40,110,55,4.38,"Sitelinks, Reviews, Video, People also ask, Related searches"
handy mit vertrag test,Commercial,41,110,56,2.31,"Sitelinks, Reviews, Video, People also ask, Related searches, Popular products"
handy mit vertrag testsieger,Commercial,39,110,57,2.18,"Sitelinks, Reviews, Video, People also ask, Related searches, Ads top, Ads bottom"
handy mit vertrag top angebote,Commercial,39,110,51,1.28,"Reviews, Video, Related searches, Popular products, Ads top, Ads bottom"
handy mit vertrag unter 10 euro,Commercial,31,110,42,2.33,"Sitelinks, Reviews, Video, People also ask, Related searches, Ads top, Ads middle"
handy mit vertrag vergleichsportal,Commercial,38,110,47,2.26,"Sitelinks, Reviews, Video, Related searches"
handy mit vodafone vertrag,Transactional,35,110,39,3.02,"People also ask, Related searches, Popular products, Ads top, Ads bottom"
handy mobile,Commercial,33,110,72,3.64,"Reviews, Video, People also ask, Local pack, Related searches, Popular products"
handy netze,Commercial,37,110,33,2.29,"Featured snippet, Video, People also ask, Related searches, Popular products, Ads top, Ads middle"
handy schnäppchen mit vertrag,Commercial,35,110,44,0.79,"Reviews, Video, People also ask, Related searches, Popular products, Ads top, Ads bottom"
handy sim,Commercial,28,110,63,6.64,"Reviews, Video, People also ask, Related searches"
handy tarif vergleiche,Commercial,37,110,47,2.96,"Sitelinks, Reviews, Video, People also ask, Related searches"
handy tarife im vergleich,Commercial,38,110,50,2.64,"Reviews, Video, People also ask, Related searches, Ads bottom"
handy telekom angebote,Transactional,39,110,30,1.55,"Reviews, Video, People also ask, Related searches"
handy top angebote,Commercial,39,110,41,0.89,"Reviews, Video, People also ask, Related searches, Popular products"
handy top angebote mit vertrag,Commercial,41,110,47,1.53,"Reviews, Video, Related searches, Popular products, Ads top, Ads middle"
handy und smartwatch vertrag,Commercial,38,110,17,1.31,"Reviews, People also ask, Related searches"
handy vertrag telekom netz,Commercial,42,110,33,2.59,"Reviews, Video, People also ask, Related searches"
handy verträge günstig,Commercial,40,110,55,3.84,"Reviews, Video, People also ask, Related searches"
handy verträge vodafone,Transactional,37,110,44,3.82,"Reviews, People also ask, Related searches"
handyanbieter günstig,Commercial,40,110,47,3.19,"Reviews, Video, People also ask, Related searches, Popular products"
handyanbieter mit handy,Commercial,41,110,45,3.22,"Reviews, Video, People also ask, Related searches, Popular products"
handynetz check,Commercial,41,110,33,1.51,"Sitelinks, Video, People also ask, Related searches"
handynetz test,Commercial,43,110,38,1.13,"Reviews, Video, People also ask, Related searches, Ads bottom"
handynetze vergleich,Commercial,39,110,41,1.90,"AI Overview, Reviews, Video, People also ask, Related searches, Ads top, Ads bottom"
handytarif ohne datenvolumen,Commercial,34,110,30,1.77,"Reviews, Video, People also ask, Related searches"
handytarif schweiz,"Informational, Commercial",35,110,22,1.31,"AI Overview, Reviews, Video, People also ask, Related searches"
handytarif vodafone netz,Commercial,38,110,30,2.33,"Reviews, Related searches, Ads top, Ads middle"
handytarife 10 gb,Commercial,37,110,22,2.68,"Reviews, Video, People also ask, Related searches"
handytarife deutschland,Commercial,43,110,62,2.91,"AI Overview, Reviews, Video, People also ask, Related searches"
handytarife drillisch,Commercial,34,110,36,1.94,"Sitelinks, Reviews, People also ask, Related searches"
handytarife mit handy angebote,Commercial,42,110,43,1.45,"People also ask, Related searches"
handytarife mit vertrag,Commercial,40,110,55,3.26,"Video, Related searches, Popular products"
handytarife nur telefonieren,Commercial,33,110,31,1.42,"Sitelinks, Reviews, Video, People also ask, Related searches, Ads top, Ads bottom"
handytarife prepaid günstig,Commercial,37,110,45,2.04,"Sitelinks, Reviews, Video, Related searches, Popular products"
handytarife.de,Commercial,38,110,53,2.17,"Reviews, Video, People also ask, Related searches, Ads middle"
handyvertrag 10 euro,Commercial,35,110,23,3.41,"Sitelinks, Reviews, Video, People also ask, Related searches, Ads top, Ads middle"
handyvertrag 10 euro mit handy,Commercial,35,110,18,1.28,"Sitelinks, Reviews, People also ask, Related searches"
handyvertrag 10gb,Commercial,38,110,21,3.25,"Reviews, People also ask, Related searches, Popular products"
handyvertrag 10gb ohne handy,Commercial,41,110,32,2.35,"Reviews, Video, People also ask, Related searches, Popular products, Ads top, Ads middle"
handyvertrag 2 handys,Commercial,41,110,21,1.52,"Reviews, People also ask, Related searches"
handyvertrag 20gb,Commercial,36,110,15,3.49,"Reviews, People also ask, Related searches, Popular products"
handyvertrag 25 gb,Commercial,38,110,46,3.31,"Reviews, People also ask, Related searches, Popular products, Ads top, Ads bottom"
handyvertrag 2gb,"Informational, Commercial",40,110,35,2.21,"Sitelinks, Reviews, Video, People also ask, Related searches, Popular products"
handyvertrag 5 euro,Commercial,36,110,23,2.46,"Sitelinks, Reviews, Related searches"
handyvertrag 5 gb,Commercial,38,110,26,2.80,"Sitelinks, People also ask, Related searches, Popular products"
handyvertrag 50gb,Commercial,37,110,16,4.48,"Reviews, People also ask, Related searches, Ads top, Ads middle"
handyvertrag billig mit handy,Commercial,40,110,50,1.83,"Reviews, Video, People also ask, Related searches, Popular products"
handyvertrag eins und eins,Commercial,38,110,38,1.46,"Reviews, Video, People also ask, Related searches"
handyvertrag für 10 euro mit handy,Commercial,35,110,36,1.28,"Sitelinks, Reviews, Video, People also ask, Related searches"
handyvertrag geschäftskunden mit handy,Commercial,38,110,37,6.85,"Reviews, Related searches"
handyvertrag günstig d1 netz,Commercial,38,110,24,1.95,"Sitelinks, AI Overview, Reviews, Video, People also ask, Related searches"
handyvertrag log in,"Navigational, Transactional",46,110,37,2.68,"Sitelinks, Reviews, People also ask, Related searches"
handyvertrag mit allnet flat,Commercial,40,110,33,3.35,"Reviews, People also ask, Related searches"
handyvertrag mit datenvolumen,Commercial,39,110,43,3.69,"AI Overview, Reviews, People also ask, Related searches, Ads top, Ads middle"
handyvertrag mit e-bike,Commercial,35,110,11,1.10,"Reviews, Video, People also ask, Related searches, Ads top, Ads bottom"
handyvertrag mit e-scooter vodafone,Commercial,34,110,8,2.54,"Sitelinks, Reviews, Related searches"
handyvertrag mit handy 10 euro,Commercial,34,110,32,1.61,"Sitelinks, Reviews, Video, People also ask, Related searches"
handyvertrag mit handy billig,Commercial,34,110,48,1.83,"Reviews, Video, Related searches, Popular products"
handyvertrag mit handy für 10 euro,Commercial,35,110,21,1.61,"Sitelinks, Reviews, Video, Related searches"
handyvertrag mit handy für studenten,Commercial,37,110,31,1.51,"Reviews, Video, Related searches, Ads top, Ads bottom"
handyvertrag mit handy und prämie,Commercial,39,110,17,1.69,"Reviews, Related searches"
handyvertrag mit roller,Commercial,36,110,6,0.95,"Reviews, Image pack, Video, Related searches"
handyvertrag mit tablet und handy,Commercial,40,110,20,1.39,"Reviews, People also ask, Related searches, Popular products"
handyvertrag mit telekom netz,Commercial,39,110,31,2.51,"Reviews, Video, People also ask, Related searches, Ads top, Ads bottom"
handyvertrag ohne ablehnung,Commercial,34,110,19,4.62,"AI Overview, Reviews, People also ask, Related searches"
handyvertrag ohne handy 20 gb,Commercial,39,110,33,2.73,"Reviews, Video, People also ask, Related searches, Popular products"
handyvertrag ohne handy angebote,Commercial,39,110,27,2.83,"Reviews, Video, People also ask, Related searches, Popular products"
handyvertrag roller,Commercial,40,110,10,0.97,"Reviews, Video, Related searches, Popular products"
handyvertrag service,"Navigational, Transactional",37,110,25,1.89,"Reviews, People also ask, Related searches"
handyvertrag servicewelt login,"Navigational, Transactional",39,110,26,0.00,"Sitelinks, People also ask, Related searches"
handyvertrag unbegrenzt datenvolumen,Commercial,40,110,32,3.52,"Video, People also ask, Related searches"
handyvertrag unter 5 euro,Commercial,33,110,25,2.19,"Sitelinks, Reviews, People also ask, Related searches"
handyvertrag web de,Commercial,38,110,19,0.77,"Sitelinks, Reviews, People also ask, Related searches"
handyvertrag young,Commercial,46,110,37,4.86,"Reviews, Video, Related searches"
handyvertrag.,Commercial,40,110,60,4.15,"Reviews, Video, People also ask, Related searches"
handyverträge im test,Commercial,42,110,47,2.31,"Sitelinks, Reviews, Video, People also ask, Related searches"
handyverträge mit handy günstig,Commercial,39,110,44,1.89,"Reviews, Video, Related searches"
handyverträge mit handy vergleich,Commercial,40,110,53,1.89,"Reviews, Video, People also ask, Related searches"
handyverträge ohne schufa,Commercial,32,110,19,3.56,"Reviews, People also ask, Related searches"
handyverträge online,Commercial,43,110,59,8.31,"Reviews, Video, People also ask, Related searches"
handyverträge vergleich mit handy,Commercial,39,110,59,1.89,"Sitelinks, People also ask, Related searches"
hat waipu tv rtl plus,"Informational, Transactional",39,110,24,0.83,"Sitelinks, AI Overview, Reviews, Video, People also ask, Related searches"
haus internet angebot,Commercial,44,110,55,2.53,"AI Overview, Reviews, Video, People also ask, Related searches, Ads top, Ads middle"
hdstream to,Commercial,39,110,20,0.00,"Reviews, Video, Related searches"
hdtv live,Commercial,42,110,63,1.00,"AI Overview, Reviews, Video, People also ask, Related searches"
heute im kabel 1,Commercial,36,110,26,0.32,"AI Overview, Video, People also ask, Related searches"
home internet germany,Commercial,45,110,64,3.71,"Sitelinks, Reviews, Video, Related searches"
https service simplytel de,"Navigational, Transactional",38,110,22,0.00,"People also ask, Related searches"
händy vertrag,Commercial,35,110,50,4.30,"Reviews, Video, People also ask, Related searches, Ads top, Ads bottom"
injternet,Commercial,40,110,58,6.34,"AI Overview, Video, People also ask, Knowledge panel, Related searches"
internet abschließen,Commercial,43,110,57,14.74,"AI Overview, Reviews, Video, Related searches, Ads top, Ads middle"
internet alternativen,Commercial,48,110,24,1.88,"Video, People also ask, Related searches, Ads top, Ads middle"
internet anbieter für zu hause,Commercial,49,110,51,4.12,"AI Overview, Video, People also ask, Related searches, Ads top, Ads bottom"
internet anbieter hamburg,Commercial,45,110,41,3.36,"Sitelinks, Reviews, Video, People also ask, Knowledge panel, Related searches, Ads top, Ads bottom"
internet daheim,"Informational, Commercial",43,110,55,4.47,"Reviews, Video, People also ask, Related searches"
internet dsl monatlich kündbar,Commercial,43,110,35,5.17,"Reviews, Video, Related searches, Ads top, Ads bottom"
internet dsl vertrag,Commercial,47,110,51,6.42,"Reviews, Video, Related searches"
internet fernseh gucken,"Informational, Commercial",47,110,38,1.50,"AI Overview, Reviews, Video, Video carousel, People also ask, Related searches, Ads top, Ads middle"
internet fernsehen gucken,"Informational, Commercial",48,110,34,1.50,"AI Overview, Reviews, Video, Video carousel, People also ask, Related searches"
internet flat handyvertrag,Commercial,43,110,40,2.74,"AI Overview, Reviews, Video, People also ask, Related searches, Ads top, Ads middle"
internet flat vodafone,"Informational, Transactional",32,110,45,1.99,"Reviews, Video, People also ask, Related searches"
internet flatrate mobil,Commercial,42,110,31,2.37,"AI Overview, Reviews, Video, People also ask, Related searches"
internet for home,Commercial,39,110,56,3.93,"Sitelinks, Reviews, Video, Video carousel, People also ask, Related searches"
internet günstiger anbieter,Commercial,45,110,46,2.28,"AI Overview, Reviews, Video, People also ask, Related searches, Ads bottom"
internet hamburg anbieter,Commercial,45,110,31,4.25,"Sitelinks, AI Overview, Reviews, Video, People also ask, Related searches, Ads top, Ads bottom"
internet kabel anbieter,Commercial,43,110,30,3.55,"Reviews, Video, People also ask, Related searches"
internet kabel tarife,Commercial,44,110,30,2.50,"Reviews, Video, People also ask, Related searches"
internet mit prämie fernseher,Commercial,42,110,8,2.93,"Sitelinks, AI Overview, Reviews, Related searches, Ads top, Ads middle"
internet mobil vergleich,Commercial,38,110,41,2.62,"Sitelinks, Reviews, Video, People also ask, Related searches"
internet ohne festnetzanschluß,"Informational, Commercial",40,110,29,1.28,"AI Overview, Reviews, Video, Video carousel, People also ask, Related searches, Ads top, Ads bottom"
internet plus tv,Commercial,45,110,42,2.40,"AI Overview, Reviews, Video, People also ask, Related searches, Ads bottom, Ads middle"
internet preis,Commercial,43,110,55,1.12,"AI Overview, Reviews, Video, People also ask, Related searches"
internet provider im vergleich,Commercial,42,110,43,2.66,"Sitelinks, AI Overview, Reviews, Video, People also ask, Related searches, Ads top, Ads bottom"
internet router wlan,Commercial,37,110,38,3.65,"Sitelinks, Reviews, Video, People also ask, Related searches, Popular products, Ads top, Ads middle"
internet service,Commercial,39,110,58,3.01,"Reviews, Video, People also ask, Local pack, Related searches"
internet sim card,Transactional,31,110,35,3.65,"Reviews, Video, People also ask, Related searches, Popular products"
internet tarif für handy,Commercial,41,110,67,3.26,"AI Overview, Reviews, Video, People also ask, Related searches, Ads bottom, Ads middle"
internet telefon kaufen,Transactional,41,110,21,0.59,"Video, People also ask, Related searches, Popular products"
internet tv festnetz,Commercial,47,110,40,1.78,"AI Overview, Reviews, Video, Related searches, Ads top, Ads middle"
internet und fernsehn anbieter,Commercial,49,110,49,2.38,"Sitelinks, AI Overview, Video, People also ask, Related searches"
internet und kabel tv,Commercial,50,110,47,2.23,"Reviews, Video, People also ask, Related searches, Ads top, Ads bottom"
internet und telefonie anbieter vergleich,Commercial,49,110,49,1.56,"Sitelinks, Reviews, Video, People also ask, Related searches, Ads middle"
internet verfügbarkeitscheck,Commercial,41,110,48,1.69,"Reviews, Video, Related searches, Ads top, Ads middle"
internet vertrag dsl,Commercial,48,110,46,6.78,"Reviews, Video, Related searches, Ads top, Ads middle"
internet vertrag wlan,Commercial,44,110,49,6.97,"Reviews, Video, People also ask, Related searches"
internet vertrag zuhause,"Informational, Commercial",44,110,52,5.48,"Sitelinks, AI Overview, Reviews, Video, Related searches, Ads bottom"
internet via tv,Commercial,44,110,31,1.48,"AI Overview, Reviews, Video, Video carousel, People also ask, Related searches, Ads bottom, Ads middle"
internet wlan router,Commercial,38,110,36,3.65,"Reviews, Video, Video carousel, People also ask, Related searches, Popular products"
internet wlan vertrag,Commercial,44,110,47,6.97,"AI Overview, Reviews, Video, Related searches"
internet-vergleich,Commercial,43,110,50,5.23,"Sitelinks, Reviews, Video, People also ask, Related searches, Ads top, Ads bottom"
internetangebot,Commercial,47,110,57,3.41,"Reviews, Related searches"
internetanschluss für zu hause,Commercial,49,110,58,3.68,"Video, People also ask, Related searches, Ads top, Ads bottom"
internetanschluss monatlich kündbar,Commercial,42,110,35,3.02,"Reviews, Video, People also ask, Related searches"
internetfähige fernseher,Commercial,44,110,21,0.26,"Reviews, Video, People also ask, Related searches, Popular products"
internez,Commercial,39,110,54,4.57,"Reviews, Video, People also ask, Related searches"
ip television pc,"Informational, Commercial",45,110,36,0.00,"Featured snippet, Reviews, Video, People also ask, Related searches, Ads middle"
ip tv anbieter vergleich,Commercial,56,110,37,0.00,"Video, People also ask, Related searches"
ip tv app für fire tv stick,"Informational, Commercial",51,110,10,0.00,"Sitelinks, AI Overview, Video, Video carousel, People also ask, Related searches"
iptv abo kaufen,Commercial,54,110,10,0.00,"Video, Related searches"
iptv abonnementen,"Informational, Commercial",55,110,36,0.00,"AI Overview, Video, People also ask, Related searches"
iptv anbieter mit sky,"Informational, Commercial",52,110,20,0.00,"Sitelinks, AI Overview, Reviews, Video, People also ask, Related searches"
iptv anbieter testsieger,"Informational, Commercial",49,110,30,0.00,"AI Overview, Video, People also ask, Related searches"
iptv bester,Commercial,49,110,27,0.00,"AI Overview, Video, People also ask, Related searches"
iptv bester anbieter,Commercial,69,110,24,0.00,"AI Overview, Reviews, Video, Video carousel, People also ask, Related searches"
iptv box alle sender,Commercial,56,110,46,0.00,"Image, Video, People also ask, Related searches, Popular products"
iptv günstig,"Informational, Commercial",66,110,39,0.00,"Video, People also ask, Related searches"
iptv list kaufen,Commercial,56,110,10,0.00,"AI Overview, Video, People also ask, Related searches"
iptv listen kaufen,Commercial,51,110,8,0.00,"AI Overview, People also ask, Related searches"
iptv pc player,Commercial,45,110,25,0.00,"AI Overview, Reviews, Video, People also ask, Related searches"
iptv preis,Transactional,51,110,35,0.00,"Sitelinks, AI Overview, Video, People also ask, Related searches"
iptv preise,Transactional,57,110,32,0.00,"AI Overview, Reviews, Image, Video, People also ask, Related searches"
iptv set top box,Commercial,48,110,15,0.00,"Video, People also ask, Related searches, Popular products"
iptv stick kaufen,Transactional,54,110,21,0.00,"Video, People also ask, Related searches, Popular products"
iptv subscribe,"Informational, Commercial",46,110,34,0.00,"Sitelinks, AI Overview, Video, Video carousel, People also ask, Related searches"
iptv the best,Commercial,48,110,47,0.00,"Video, Video carousel, People also ask, Related searches"
iptv windows 11,Commercial,45,110,22,0.00,"AI Overview, Reviews, Video, Video carousel, People also ask, Related searches"
joyn kabel 1 doku,"Navigational, Transactional",48,110,47,0.20,"Video, People also ask, Related searches, Ads top, Ads bottom"
joyn tv live,"Navigational, Transactional",41,110,66,0.27,"Reviews, Video, People also ask, Knowledge panel, Top stories, Related searches, Ads top, Ads bottom"
kabel 1 live ohne anmeldung,"Navigational, Transactional",40,110,32,0.00,"Sitelinks, Reviews, Video, People also ask, Related searches"
kabel 1 mediathek ohne anmeldung,Transactional,40,110,27,0.51,"AI Overview, Reviews, Video, People also ask, Related searches, Ads top, Ads middle"
kabel 1 online schauen,Commercial,41,110,46,0.66,"Reviews, Video, People also ask, Related searches"
kabel eins doku live stream,Commercial,48,110,32,0.40,"Sitelinks, Video, People also ask, Related searches, Ads bottom"
kabel eins livestream kostenlos,Commercial,41,110,41,0.35,"Reviews, Video, People also ask, Related searches, Ads bottom"
kabel fernsehen anbieter,Commercial,49,110,28,1.19,"Sitelinks, AI Overview, Video, People also ask, Related searches, Ads top, Ads bottom"
kabel internet tarife,Commercial,44,110,28,2.50,"AI Overview, Reviews, Video, People also ask, Related searches, Ads top, Ads bottom"
kabel live stream,Commercial,38,110,34,0.36,"Reviews, Video, People also ask, Related searches"
kabel1 doku live,Commercial,37,110,36,0.49,"Reviews, People also ask, Related searches, Ads top, Ads bottom"
kabel1 tv programm heute,Commercial,48,110,24,0.31,"People also ask, Related searches, Ads bottom"
kabeleins livestream,Transactional,39,110,31,0.36,"Reviews, Video, Video carousel, People also ask, Related searches"
kabelfernsehen verfügbar,Commercial,42,110,24,0.74,"AI Overview, Reviews, People also ask, Related searches, Ads top, Ads bottom"
karte iphone,"Informational, Transactional",36,110,46,1.82,"AI Overview, Reviews, Video, Video carousel, People also ask, Knowledge panel, Related searches"
kinderfilme neu netflix,Commercial,32,110,32,0.00,"AI Overview, Image, Video, People also ask, Related searches"
klapphandy mit vertrag,Commercial,38,110,54,1.07,"Reviews, Video, People also ask, Related searches, Popular products"
kleiner wlan router,Commercial,34,110,22,0.56,"Sitelinks, Reviews, Image pack, Video, Video carousel, People also ask, Related searches, Popular products"
kosten für internet,"Informational, Commercial",43,110,51,0.57,"Sitelinks, AI Overview, Reviews, Video, People also ask, Related searches, Ads bottom, Ads middle"
kosten router,Commercial,41,110,42,0.65,"Reviews, Video, People also ask, Related searches, Popular products"
kostenlos anschauen,Commercial,37,110,56,0.41,"AI Overview, Reviews, Video, People also ask, Related searches"
kostenlos fernseh schauen online,Commercial,40,110,52,0.77,"AI Overview, Reviews, Video, Related searches, Ads middle"
kostenlos fernsehen online schauen,Commercial,40,110,43,0.77,"Sitelinks, Reviews, Video, People also ask, Related searches"
kostenlos hd fernsehen,Commercial,42,110,19,0.89,"AI Overview, Reviews, Video, People also ask, Related searches, Ads top, Ads bottom"
kostenlos kabel 1 schauen,Commercial,40,110,25,0.66,"Sitelinks, Video, People also ask, Related searches"
kostenlos ohne anmeldung,"Navigational, Transactional",34,110,55,0.00,"Reviews, Video, People also ask, Related searches"
kostenlos rtl live gucken,Transactional,42,110,47,0.89,"Sitelinks, Reviews, Video, Video carousel, People also ask, Related searches, Ads top, Ads middle"
kostenlos serien schauen online,Commercial,37,110,46,0.57,"Sitelinks, AI Overview, Reviews, Video, Related searches"
kostenlos vox gucken,Commercial,41,110,46,0.77,"AI Overview, Reviews, Video, People also ask, Related searches"
kostenlose fernsehprogramme,Commercial,40,110,42,0.42,"AI Overview, Reviews, Video, People also ask, Related searches, Ads bottom, Ads middle"
kurze serien,Commercial,30,110,20,1.40,"AI Overview, Image, Video, People also ask, Related searches"
laptop o2 vertrag,Commercial,35,110,26,1.36,"People also ask, Related searches, Popular products, Ads top, Ads bottom"
live show free,Commercial,30,110,62,0.00,"AI Overview, Reviews, Video, Video carousel, Related searches"
live streaming rtl,"Navigational, Transactional",43,110,40,0.76,"Reviews, Video, People also ask, Related searches, Ads bottom"
live tv kostenlos online,Commercial,43,110,52,1.31,"Reviews, Video, People also ask, Related searches"
live tv streamen kostenlos,Commercial,42,110,47,0.63,"Reviews, Video, People also ask, Related searches"
live übertragung rtl,"Navigational, Transactional",44,110,65,0.57,"AI Overview, Reviews, Video, Top stories, Related searches"
livestream ohne anmeldung,"Navigational, Transactional",36,110,46,0.35,"Sitelinks, Reviews, Video, Related searches"
livestream pro7 kostenlos,Commercial,40,110,42,0.50,"Reviews, Video, People also ask, Related searches"
lte flat günstig,Commercial,40,110,31,1.59,"Reviews, Video, Related searches"
macbook mit vertrag check24,Commercial,32,110,29,0.83,"Sitelinks, People also ask, Related searches, Ads top, Ads middle"
magenta fire tv stick,"Informational, Transactional",42,110,19,0.39,"Video, Video carousel, People also ask, Related searches, Popular products"
magenta megastream angebot,Commercial,46,110,20,2.69,"Video, People also ask, Related searches, Ads bottom"
magenta paket,"Navigational, Commercial",40,110,21,2.61,"Reviews, Video, People also ask, Related searches, Ads top, Ads bottom"
magenta sport 3 liga kosten,Transactional,35,110,40,0.54,"Reviews, Video, People also ask, Related searches"
magenta sport preise,Transactional,35,110,26,0.27,"AI Overview, Reviews, People also ask, Related searches"
magenta tv apk,Commercial,38,110,33,4.68,"AI Overview, Reviews, Related searches"
magenta tv liv,Commercial,48,110,58,3.13,"Reviews, Video, People also ask, Related searches, Ads top, Ads bottom"
magenta tv live stream kostenlos ohne anmeldung,"Informational, Transactional",48,110,30,2.31,"AI Overview, Reviews, Video, People also ask, Related searches"
magenta tv mit netflix und disney+ plus,Transactional,47,110,31,3.64,"Reviews, Video, People also ask, Related searches, Ads bottom"
magenta tv smart senderliste pdf,"Informational, Transactional",41,110,34,0.00,"Reviews, Video, People also ask, Related searches"
magenta tv stick media markt,Commercial,41,110,25,0.00,"Sitelinks, Reviews, Video, People also ask, Related searches"
magenta tv türkische sender,Commercial,41,110,32,2.44,"Sitelinks, AI Overview, Reviews, Video, People also ask, Related searches, Ads top"
magenta tv vergleich,Commercial,45,110,33,3.02,"Reviews, Video, People also ask, Related searches"
magenta vertrag telekom,"Navigational, Transactional",40,110,48,1.74,"AI Overview, Reviews, Video, People also ask, Related searches, Ads top, Ads bottom"
magentasport angebot,Transactional,36,110,30,1.10,"Reviews, Video, People also ask, Related searches"
magentatv kaufen,Transactional,43,110,35,2.82,"Sitelinks, Reviews, People also ask, Related searches, Popular products"
magentatv stick kaufen,Transactional,44,110,24,0.24,"Reviews, People also ask, Related searches, Popular products"
media markt online handy mit vertrag,"Navigational, Commercial",33,110,28,0.84,"Sitelinks, Reviews, Video, People also ask, Related searches, Popular products"
media markt tv stick,Commercial,41,110,30,0.57,"Sitelinks, People also ask, Related searches, Popular products, Ads bottom"
mediathek kabel eins,Commercial,43,110,33,0.36,"AI Overview, Reviews, Video, People also ask, Related searches, Ads top, Ads middle"
mobil debitel angebote,Commercial,36,110,30,1.43,"Reviews, Video, People also ask, Related searches"
mobil internet zuhause,"Informational, Commercial",49,110,34,1.94,"AI Overview, Reviews, Video, People also ask, Related searches, Ads top, Ads middle"
mobil tarif,Commercial,34,110,67,3.61,"AI Overview, Reviews, Video, People also ask, Related searches"
mobile anbieter,Commercial,37,110,70,4.29,"Sitelinks, AI Overview, Reviews, People also ask, Related searches, Ads top, Ads middle"
mobile tarif,Commercial,33,110,66,2.79,"Sitelinks, AI Overview, Reviews, People also ask, Related searches"
mobile tarife vergleich,Commercial,38,110,49,2.52,"Sitelinks, People also ask, Related searches, Ads top, Ads middle"
mobilfunk handy,Commercial,38,110,59,2.00,"Reviews, Video, People also ask, Related searches, Popular products"
mobilfunknetze abdeckung,Commercial,47,110,44,1.47,"Image pack, Video, People also ask, Related searches, Popular products, Ads bottom"
mobilfunkvertrag ohne handy günstig,Commercial,37,110,30,4.10,"Reviews, Video, People also ask, Related searches"
mobilfunkvertrag unlimited,Commercial,41,110,28,4.49,"Reviews, Video, People also ask, Related searches"
mobilfunkvertrag vergleich ohne handy,Commercial,38,110,47,3.43,"Reviews, Video, People also ask, Related searches"
mobiltelefon tarife,Commercial,38,110,53,1.74,"Reviews, Video, People also ask, Related searches, Popular products"
mobiltelefon vertrag,Commercial,40,110,53,2.46,"Sitelinks, Video, People also ask, Related searches, Popular products"
mobilvertrag günstig,Commercial,41,110,50,3.75,"Reviews, Video, People also ask, Related searches, Popular products, Ads bottom"
mobilvertrag telekom,"Navigational, Transactional",40,110,50,1.99,"Sitelinks, Reviews, Video, People also ask, Related searches"
modem wifi,Commercial,36,110,35,1.23,"Reviews, Image pack, Video, Video carousel, People also ask, Related searches, Popular products"
monatlich kündbare mobilfunkverträge,Commercial,41,110,25,7.01,"Reviews, Video, People also ask, Related searches"
my rtl plus,"Navigational, Transactional",36,110,44,1.64,"Sitelinks, Reviews, Video, People also ask, Related searches, Ads top, Ads bottom"
net flix movies,Transactional,31,110,83,0.42,"People also ask, Related searches"
net television,Commercial,46,110,44,1.41,"Sitelinks, Video, People also ask, Related searches, Ads bottom"
net tv app,Commercial,42,110,29,0.00,"AI Overview, Reviews, Video, People also ask, Related searches"
netflix 12 monate,Commercial,36,110,27,0.77,"AI Overview, Reviews, People also ask, Related searches"
netflix abo 4 99,"Informational, Transactional",36,110,47,2.24,"AI Overview, Video, People also ask, Related searches"
netflix abo kaufen,"Navigational, Transactional",43,110,55,1.20,"Reviews, People also ask, Related searches"
netflix abo varianten,"Informational, Transactional",43,110,47,0.00,"AI Overview, Reviews, Video, People also ask, Related searches"
netflix acount,"Navigational, Transactional",38,110,68,0.90,"People also ask, Related searches"
netflix com abo,"Navigational, Transactional",35,110,66,1.56,"Reviews, Video, People also ask, Related searches"
netflix deutschland filme,Transactional,38,110,50,0.00,"Video, People also ask"
netflix disney+ plus paket,"Informational, Commercial",43,110,34,1.12,"AI Overview, Reviews, Video, People also ask, Related searches"
netflix mein konto,"Navigational, Transactional",39,110,59,0.00,"AI Overview, Video, People also ask, Related searches"
netflix membership,"Navigational, Transactional",36,110,73,1.28,"Reviews, Video, People also ask, Related searches"
netflix mitgliedschaften,"Informational, Transactional",43,110,63,1.87,"AI Overview, Reviews, People also ask, Related searches"
netflix moveis,Transactional,31,110,91,0.23,"People also ask, Related searches"
netflix neu anmelden,"Navigational, Transactional",47,110,58,2.11,"AI Overview, Video, People also ask, Related searches"
netflix paket,"Informational, Commercial",48,110,43,1.45,"AI Overview, Reviews, Video, People also ask, Related searches"
netflix und disney plus abo,"Informational, Commercial",46,110,36,1.22,"AI Overview, Reviews, Video, People also ask, Related searches"
netflix vodafone aktivieren,"Informational, Transactional",43,110,20,6.18,"Sitelinks, AI Overview, Video, People also ask, Related searches"
netzabdeckung 1 1,Commercial,40,110,38,0.00,"Reviews, Video, People also ask, Related searches"
netzabdeckung e plus,Commercial,40,110,21,1.09,"Sitelinks, Reviews, Image pack, People also ask, Related searches"
netzabdeckung prüfen adresse,Commercial,47,110,34,0.93,"Reviews, People also ask, Related searches"
netzabdeckung vergleich karte,Commercial,41,110,44,2.19,"Sitelinks, Reviews, Image pack, Video, People also ask, Related searches, Ads bottom"
neue handys bei o2,"Navigational, Commercial",28,110,38,0.77,"Reviews, Video, People also ask, Related searches, Popular products"
neuen handyvertrag,Commercial,40,110,49,4.66,"AI Overview, Video, People also ask, Related searches"
neues handy bei telekom vertrag,Transactional,36,110,34,2.15,"Reviews, People also ask, Related searches"
neues handy bei vodafone vertragsverlängerung,Transactional,31,110,22,2.68,"Sitelinks, Video, People also ask, Related searches, Ads top, Ads bottom"
neuester wlan router,Commercial,35,110,43,1.79,"Reviews, Video, Video carousel, People also ask, Related searches, Popular products"
new netflix,"Navigational, Transactional",32,110,76,0.00,"Video, People also ask, Related searches"
nur daten sim karte,Commercial,37,110,28,1.75,"Reviews, Video, People also ask, Related searches"
nur handy mit vertrag,Commercial,37,110,40,2.29,"Video, Related searches, Popular products"
nur internet für zuhause günstig,"Informational, Commercial",49,110,,1.23,"AI Overview, Reviews, Video, People also ask, Related searches, Ads top, Ads bottom"
o2 handy tarife ohne handy,Commercial,34,110,53,0.46,"Reviews, People also ask, Related searches"
o2 laptop vertrag,"Navigational, Commercial",30,110,26,0.81,"Reviews, Video, People also ask, Related searches"
o2 mobilfunk netzabdeckung,Commercial,47,110,34,0.20,"Sitelinks, Reviews, People also ask, Related searches, Ads top, Ads middle"
o2 tablet mit vertrag,"Navigational, Commercial",36,110,23,0.65,"People also ask, Related searches, Popular products, Ads top"
o2 vertrag mit laptop,"Navigational, Commercial",32,110,26,1.36,"Reviews, People also ask, Related searches"
ohne kabel fernseh schauen,"Informational, Commercial",45,110,24,1.50,"AI Overview, Reviews, Video, Video carousel, People also ask, Related searches, Ads top, Ads middle"
ome tv alternative ohne anmeldung,"Informational, Transactional",45,110,38,0.38,"AI Overview, Reviews"
oneplus mit vertrag,"Informational, Commercial",34,110,9,0.62,"Reviews, Related searches, Popular products"
online fernsehen schauen kostenlos,Commercial,40,110,52,0.77,"AI Overview, Reviews, Video, People also ask, Related searches, Ads top, Ads bottom"
online sim card,Commercial,29,110,28,5.74,"AI Overview, Video, Video carousel, People also ask, Related searches, Ads top, Ads bottom"
online vox gucken,Commercial,36,110,43,1.06,"Reviews, Video, People also ask, Related searches"
partnerkarte klarmobil,Transactional,35,110,30,0.74,"AI Overview, Reviews, People also ask, Related searches, Ads bottom"
pc tv schauen,Commercial,42,110,17,0.76,"Reviews, Video, Video carousel, People also ask, Related searches, Popular products, Ads middle"
player iptv pc,Commercial,45,110,26,0.00,"AI Overview, Reviews, Video, Video carousel, Related searches"
player smart tv,"Informational, Transactional",43,110,29,0.45,"Reviews, Video, People also ask, Related searches"
preis sky sport,"Navigational, Transactional",42,110,44,0.98,"Sitelinks, AI Overview, Reviews, People also ask, Related searches"
preise dsl,Commercial,43,110,54,1.13,"Sitelinks, Reviews, Video, People also ask, Related searches"
preise magenta tv,Transactional,48,110,39,0.90,"Video, People also ask, Related searches"
preise netflix deutschland,Transactional,45,110,49,0.64,"AI Overview, Reviews, Video, People also ask, Related searches"
preise telekom festnetz,"Navigational, Transactional",41,110,34,0.93,"People also ask, Related searches"
premium sim störung,"Navigational, Transactional",34,110,20,0.00,"Reviews, Video, People also ask, Related searches"
premiumsim app,"Informational, Transactional",29,110,35,0.00,"Reviews, People also ask, Related searches"
premiumsin,"Navigational, Commercial",34,110,47,0.58,"Sitelinks, Reviews, Image, People also ask, Related searches"
prepaid handytarife vergleichen,Commercial,36,110,47,1.58,"People also ask, Related searches"
programm wow,Commercial,33,110,33,0.70,"Reviews, Video, People also ask, Related searches"
ps5 vertrag günstig,Commercial,36,110,9,2.16,"Sitelinks, Reviews, Related searches, Popular products"
receiver mit hd karte,Commercial,38,110,16,0.42,"Video, People also ask, Related searches, Popular products"
retl,"Informational, Transactional",27,110,24,0.46,"Reviews, People also ask, Related searches"
roller handyvertrag,Commercial,37,110,9,0.95,"Reviews, Video, Related searches, Popular products, Ads bottom"
router fritzbox glasfaser,"Informational, Commercial",41,110,30,0.22,"Sitelinks, Reviews, Video, Video carousel, People also ask, Related searches, Popular products, Ads bottom"
router günstig,Commercial,40,110,30,1.58,"Reviews, Video, People also ask, Related searches, Popular products, Ads middle"
router mit großer wlan reichweite,Commercial,39,110,26,0.39,"Sitelinks, Reviews, Video, People also ask, Related searches, Popular products, Ads top, Ads bottom"
router mit gutem wlan,Commercial,37,110,23,0.78,"Sitelinks, Reviews, Video, Video carousel, People also ask, Related searches, Popular products"
router mit wlan,Commercial,36,110,30,2.27,"Video, People also ask, Related searches, Popular products"
router preis,Transactional,42,110,33,0.65,"Video, People also ask, Related searches, Popular products"
routervergleich,Commercial,37,110,30,1.13,"Sitelinks, Video, People also ask, Related searches"
rtl 1,Transactional,34,110,72,0.52,"Reviews, Video, People also ask, Related searches"
rtl 2 live kostenlos,Commercial,42,110,29,0.00,"Reviews, Video, People also ask, Related searches"
rtl fernsehen live kostenlos,Commercial,42,110,46,0.94,"Reviews, Video, People also ask, Related searches"
rtl fernsehen live stream,"Navigational, Transactional",44,110,54,0.56,"Sitelinks, Reviews, Video, People also ask, Related searches"
rtl free tv live,Transactional,41,110,52,0.65,"Sitelinks, Reviews, Video, People also ask, Related searches"
rtl freetv,"Navigational, Transactional",41,110,62,0.71,"Reviews, Video, People also ask, Top stories, Related searches, Ads bottom"
rtl gucken live,Transactional,51,110,45,0.94,"Sitelinks, Reviews, Video, People also ask, Related searches"
rtl im fernsehen,"Informational, Commercial",38,110,43,0.80,"Sitelinks, Video, People also ask, Top stories, Related searches"
rtl kostenlos im internet,"Navigational, Transactional",45,110,50,0.64,"Sitelinks, Reviews, Video, People also ask, Related searches"
rtl liuve,"Navigational, Transactional",37,110,50,0.47,"Reviews, Video, People also ask, Related searches"
rtl live free-tv,"Navigational, Transactional",51,110,52,0.93,"Sitelinks, Reviews, Video, People also ask, Related searches"
rtl live kostenlos gucken,Commercial,42,110,34,0.94,"Video, People also ask, Related searches"
rtl live kostenlos und ohne anmeldung,"Navigational, Transactional",40,110,27,0.00,"AI Overview, Reviews, Video, People also ask, Related searches"
rtl live nachrichten,Transactional,37,110,50,0.68,"Reviews, Video, People also ask, Top stories, Related searches"
rtl live sendung heute,"Informational, Transactional",38,110,65,0.00,"Reviews, Video, People also ask, Related searches, Ads bottom"
rtl live stream kostenlos & ohne anmeldung,"Navigational, Transactional",40,110,41,0.00,"Reviews, Video, People also ask, Related searches"
rtl live-stream fußball,Transactional,42,110,39,0.97,"Reviews, Video, Related searches"
rtl livestream fussball,"Navigational, Transactional",42,110,36,0.97,"Reviews, Video, People also ask, Related searches"
rtl livestream nydus,"Navigational, Transactional",38,110,26,0.00,"Sitelinks, Reviews, People also ask, Related searches"
rtl livestrean,"Navigational, Transactional",40,110,44,0.63,"Reviews, Video, People also ask, Related searches"
rtl livstream,Transactional,42,110,48,0.70,"Video, People also ask, Top stories, Related searches"
rtl lviestream,Commercial,41,110,34,0.60,"Reviews, Video, People also ask, Related searches"
rtl n,"Navigational, Transactional",37,110,79,0.06,"Sitelinks, Reviews, Video, People also ask, Knowledge panel, Related searches"
rtl nachrichten live,"Informational, Transactional",40,110,58,0.68,"Sitelinks, Reviews, Video, People also ask, Knowledge panel, Related searches"
rtl nitro kostenlos streamen,Commercial,41,110,19,1.46,"Sitelinks, Reviews, Video, People also ask, Related searches"
rtl ohne anmelden,Transactional,51,110,47,1.27,"Reviews, Video, People also ask, Related searches"
rtl online stream kostenlos,Commercial,42,110,47,1.36,"Sitelinks, Reviews, Video, People also ask, Related searches, Ads bottom"
rtl plus fernsehprogramm,Commercial,35,110,43,0.26,"Reviews, People also ask, Related searches"
rtl plus kostenlos live stream,"Navigational, Transactional",51,110,,0.56,"Reviews, Video, People also ask, Related searches"
rtl plus livestream kostenlos,"Navigational, Transactional",48,110,60,0.32,"Reviews, People also ask, Related searches"
rtl programm livestream,"Navigational, Transactional",42,110,61,0.63,"Reviews, Video, People also ask, Related searches"
rtl sendung,"Informational, Commercial",36,110,62,0.99,"Video, Video carousel, People also ask, Top stories, Related searches"
rtl tv live stream free,Commercial,41,110,47,0.00,"Reviews, Video, People also ask, Related searches"
rtl tv live stream kostenlos ohne anmeldung,"Navigational, Transactional",38,110,40,0.00,"Reviews, Video, People also ask, Related searches"
rtl+ kaufen,Transactional,42,110,31,1.19,"Reviews, Video, People also ask, Related searches, Popular products, Ads top, Ads bottom"
rtl+ über magenta anmelden,"Informational, Transactional",46,110,24,1.31,"AI Overview, Reviews, Video, People also ask, Related searches"
rtl2 live schauen,Commercial,41,110,28,0.69,"AI Overview, Reviews, Video, People also ask, Related searches"
rtl2 ohne anmeldung,"Navigational, Transactional",37,110,31,0.00,"AI Overview, Reviews, Video, People also ask, Related searches"
rtl2 online stream,Commercial,40,110,26,0.95,"Reviews, Video, People also ask, Related searches"
rtl2 streaming kostenlos,Commercial,45,110,29,0.62,"Reviews, Video, People also ask, Related searches"
s.t.o serienstream,Commercial,47,110,15,0.00,"Reviews, Related searches"
sat 1 free stream,Commercial,35,110,27,0.53,"Reviews, Video, Related searches"
sat 1 stream kostenlos ohne anmeldung,"Navigational, Transactional",36,110,32,0.55,"Reviews, Video, People also ask, Related searches"
sat receiver 4k,Commercial,36,110,10,0.25,"Sitelinks, Reviews, Video, Video carousel, People also ask, Related searches, Popular products"
sat receiver hdmi,"Informational, Commercial",34,110,26,0.11,"Image pack, People also ask, Related searches, Popular products"
sat receiver mit smart tv funktion,Commercial,42,110,20,0.26,"Sitelinks, Reviews, Video, People also ask, Related searches, Popular products"
sat receiver mit wlan und smart tv,Commercial,39,110,21,0.33,"Video, People also ask, Related searches, Popular products"
sat receiver smart,"Informational, Commercial",34,110,19,0.16,"Video, Video carousel, People also ask, Related searches, Popular products"
sat1 hd stream,Transactional,40,110,43,1.09,"AI Overview, Reviews, Video, People also ask, Related searches, Ads middle"
sat1 live stream kostenlos ohne anmeldung anschauen,"Navigational, Transactional",38,110,39,0.00,"Reviews, Video, People also ask, Related searches"
satellit receiver,"Informational, Transactional",36,110,30,0.22,"Image pack, Video carousel, People also ask, Related searches, Popular products"
satelliten receiver aufnahmefunktion,Commercial,34,110,17,0.19,"Video, People also ask, Related searches, Popular products"
satelliten receiver smart,"Informational, Commercial",35,110,23,0.16,"Video, Video carousel, People also ask, Related searches, Popular products"
saturn vertrag,Transactional,34,110,30,0.97,"Reviews, Video, Related searches"
schnäppchen handy mit vertrag,Commercial,34,110,46,0.90,"Reviews, Video, Related searches, Popular products, Ads bottom"
schnäppchen handyvertrag,Commercial,40,110,41,0.90,"Reviews, Video, Related searches"
schweiz handyvertrag,"Informational, Commercial",36,110,29,1.91,"AI Overview, Reviews, Video, People also ask, Related searches"
sender wow,"Informational, Commercial",34,110,32,1.22,"AI Overview, Reviews, Video, People also ask, Related searches, Ads top"
serie in streaming,Commercial,38,110,44,0.81,"AI Overview, Reviews, Video, People also ask, Top stories, Related searches"
serien anschauen,Commercial,40,110,40,0.46,"Sitelinks, Reviews, Video, People also ask, Related searches"
serien gratis gucken,Commercial,37,110,30,0.56,"Sitelinks, Reviews, Video, People also ask, Related searches"
serien staffel,Commercial,30,110,40,0.00,"Video, People also ask, Top stories, Related searches"
serien stream deutsch kostenlos,Commercial,42,110,31,0.00,"Sitelinks, AI Overview, Reviews, Video, Related searches"
serien stream kostenlos deutsch,Commercial,41,110,46,0.00,"Sitelinks, AI Overview, Reviews, Video, People also ask, Related searches"
serien streams reddit,"Navigational, Transactional",47,110,29,0.00,"People also ask, Related searches"
serienstream online,Commercial,47,110,41,1.77,"Reviews, Related searches"
serienstreamen to,Commercial,47,110,28,0.98,"Sitelinks, Video, People also ask, Related searches"
serienstresm,Commercial,47,110,32,0.71,"Reviews, Related searches"
series streaming online,"Informational, Commercial",32,110,61,1.33,"AI Overview, People also ask, Related searches"
sim 25,"Navigational, Commercial",25,110,33,5.20,"Sitelinks, Reviews, Video, People also ask, Related searches, Ads middle"
sim angebot,Commercial,34,110,69,4.01,"Video, Related searches"
sim card in germany,"Informational, Commercial",33,110,34,3.79,"Sitelinks, AI Overview, Reviews, Video, Video carousel, People also ask, Related searches"
sim de wlan,Transactional,27,110,23,2.64,"Reviews, Video, People also ask, Related searches, Ads top, Ads bottom"
sim deals,Commercial,29,110,39,3.91,"Reviews, Image pack, Video, People also ask, Related searches, Ads top"
sim karte für mobiles internet,Commercial,36,110,34,1.63,"Reviews, Video, People also ask, Related searches, Popular products, Ads top, Ads bottom"
sim karte mit allnet flat,Commercial,30,110,21,5.27,"Reviews, People also ask, Related searches, Popular products"
sim karte ohne datenvolumen,Commercial,30,110,24,1.95,"Reviews, People also ask, Related searches"
sim karte preis,Commercial,33,110,40,1.64,"Reviews, Video, People also ask, Related searches, Popular products"
sim karte weltweit flat,Commercial,31,110,17,0.95,"Sitelinks, Video, People also ask, Related searches"
sim karten vertrag ohne handy,Commercial,36,110,26,10.30,"Reviews, Video, People also ask, Related searches, Ads top, Ads middle"
sim kaufen,Transactional,36,110,46,8.03,"Video, People also ask, Local pack, Related searches, Popular products"
sim.de anmelden,"Navigational, Transactional",34,110,30,0.01,"Sitelinks, Reviews, People also ask, Related searches"
sim24 handy kaufen,"Navigational, Transactional",46,110,20,1.22,"Sitelinks, People also ask, Related searches, Popular products, Ads top, Ads bottom"
simkarten vertrag,Commercial,46,110,,11.91,"Reviews, Video, Related searches, Shopping ads"
sky black friday deals,Commercial,48,110,29,0.00,"Reviews, Image, Video, People also ask, Related searches"
sky dazn kombi angebot,"Informational, Transactional",41,110,39,1.17,"Sitelinks, Reviews, People also ask, Related searches"
sky de flash hilfe,"Navigational, Transactional",46,110,35,1.20,"Reviews, Video, People also ask, Related searches"
sky filme und serien,Transactional,40,110,50,1.08,"Reviews, Video, People also ask"
sky fussball preis,Transactional,45,110,48,0.51,"Featured snippet, Reviews, Video, Related searches"
sky go receiver,Transactional,34,110,33,2.64,"Reviews, Video, People also ask, Related searches"
sky go testen,Commercial,35,110,10,1.57,"Reviews, Video, People also ask, Related searches, Ads bottom"
sky goù,"Informational, Transactional",46,110,35,0.64,"Reviews, People also ask, Related searches"
sky günstig,"Informational, Transactional",39,110,42,2.45,"Reviews, Video, People also ask, Related searches"
sky programm deutschland,"Navigational, Transactional",40,110,42,0.02,"Reviews, Video, People also ask, Related searches"
sky q angebote,"Navigational, Transactional",38,110,42,0.80,"Sitelinks, Reviews, Video, People also ask, Related searches"
sky serien abo,Commercial,40,110,44,2.03,"AI Overview, Reviews, People also ask, Related searches, Ads top, Ads bottom"
sky sonderangebot,Transactional,38,110,40,0.71,"AI Overview, Reviews, Video, People also ask, Related searches, Ads bottom"
sky sport wow,"Navigational, Commercial",38,110,40,1.19,"Sitelinks, Reviews, Video, People also ask, Related searches"
sky television live,"Navigational, Transactional",32,110,70,1.53,"Reviews, Video, Video carousel, People also ask, Related searches"
sky tv live,"Informational, Transactional",33,110,84,1.42,"Video, People also ask, Related searches"
sky verlängerungsangebot,Transactional,41,110,41,1.27,"Reviews, Video, People also ask, Related searches"
sky zusammenfassung,"Navigational, Transactional",31,110,34,0.00,"Sitelinks, Reviews, Video, People also ask, Related searches"
sky übertragung,"Navigational, Transactional",39,110,44,1.70,"Sitelinks, Reviews, Video, People also ask, Top stories, Related searches"
smart player for tv,"Informational, Transactional",37,110,28,0.45,"Reviews, Video, People also ask, Related searches"
smart receiver for tv,Commercial,39,110,22,0.85,"Video, People also ask, Related searches, Popular products, Ads middle"
smart sat receiver,Commercial,36,110,19,0.18,"Video, Video carousel, People also ask, Related searches, Popular products"
smart stick,Commercial,37,110,19,0.70,"Video, Video carousel, People also ask, Related searches, Popular products, Ads bottom"
smart tv box alle sender kostenlos,"Informational, Commercial",45,110,34,0.00,"Reviews, Video, Video carousel, People also ask, Related searches"
smarters iptv windows,"Informational, Transactional",40,110,41,0.00,"AI Overview, Reviews, Video, Video carousel, People also ask, Related searches"
smartphone mit vertrag deals,Commercial,37,110,51,1.19,"Reviews, Video, Related searches, Popular products"
smartphone tarife ohne handy,Commercial,37,110,33,1.62,"Reviews, Video, People also ask, Related searches"
smartphone tarife vodafone,Transactional,35,110,41,1.57,"Reviews, People also ask, Related searches, Ads top, Ads bottom"
smartphone vergleich mit vertrag,Commercial,38,110,40,1.61,"Sitelinks, Reviews, Video, Related searches, Popular products"
smartphone verträge,Commercial,41,110,53,2.99,"Reviews, Video, People also ask, Related searches, Ads top, Ads bottom"
sportdigital registrieren,"Navigational, Transactional",46,110,22,1.63,"Reviews, People also ask, Related searches, Ads top, Ads bottom"
starker wlan router,"Informational, Commercial",36,110,30,0.57,"Sitelinks, Reviews, Video, People also ask, Related searches, Popular products"
stick für tv,Commercial,46,110,33,1.41,"Sitelinks, Reviews, Video, People also ask, Related searches, Popular products"
stick hdmi,Commercial,41,110,27,0.51,"Image pack, Video, People also ask, Related searches, Popular products"
stranger things kostenlos schauen,"Informational, Transactional",47,110,30,0.00,"Reviews, Video, Video carousel, People also ask, Knowledge panel, Related searches"
stream kostenlos deutsch,Commercial,43,110,49,0.00,"Reviews, Video, Related searches"
streamen kostenlos ohne anmeldung,"Navigational, Transactional",36,110,39,0.17,"Sitelinks, Video, People also ask, Related searches"
streaming platformen,"Informational, Commercial",48,110,50,2.24,"Featured snippet, Video, People also ask, Related searches, Ads top, Ads bottom"
störung simplytel,"Navigational, Transactional",33,110,17,0.00,"Reviews, People also ask, Related searches"
super rtl livestream kostenlos ohne anmeldung,"Navigational, Transactional",39,110,28,0.00,"Reviews, Video, People also ask"
t com internet,"Informational, Transactional",38,110,40,2.60,"Reviews, Video, People also ask, Related searches"
t mobile angebote mit handy,"Navigational, Commercial",36,110,38,1.38,"Reviews, Video, People also ask, Related searches, Popular products"
t mobile handy mit vertrag,Commercial,37,110,37,2.05,"Reviews, Video, People also ask, Related searches, Popular products"
t mobile handys,Commercial,32,110,31,2.40,"Sitelinks, Reviews, Video, People also ask, Related searches"
t mobile tarife mit handy,Commercial,37,110,37,1.24,"Reviews, Video, People also ask, Related searches"
t online angebote,Commercial,40,110,34,0.49,"Reviews, People also ask, Related searches, Ads top"
t online handy,Transactional,35,110,39,0.45,"Sitelinks, Reviews, People also ask, Related searches, Ads top"
tarif angebote,Commercial,40,110,62,3.55,"AI Overview, Reviews, Video, Related searches"
tarif mit smartphone,Commercial,41,110,52,1.62,"Sitelinks, Reviews, Video, Related searches, Popular products"
tarif mit smartphone vergleich,Commercial,37,110,51,1.77,"Sitelinks, Reviews, Video, Related searches"
tarif smartphone,"Informational, Commercial",39,110,56,1.82,"Reviews, Video, People also ask, Related searches, Popular products, Ads bottom"
tarifangebote,Commercial,38,110,52,3.24,"AI Overview, Reviews, Video, Related searches"
tarife deutschland,Commercial,42,110,65,1.37,"Reviews, Video, People also ask, Related searches"
tarife handy mit vertrag,Commercial,40,110,44,2.41,"People also ask, Related searches"
tarife handyvertrag,Commercial,39,110,45,2.94,"AI Overview, Reviews, Video, People also ask, Related searches, Ads top, Ads middle"
tarife mit smartphone vergleich,Commercial,37,110,50,1.77,"Sitelinks, AI Overview, Reviews, Video, Related searches"
tarife telekom netz,Commercial,40,110,30,1.61,"Sitelinks, AI Overview, Reviews, Video, People also ask, Related searches, Ads top, Ads bottom"
tarife vergleichen smartphone,Commercial,36,110,57,1.45,"Reviews, Video, People also ask, Related searches"
tarifvergleich smartphone,Commercial,36,110,58,1.52,"Sitelinks, Reviews, Video, People also ask, Related searches, Ads bottom"
tarifvertrag mit handy,Commercial,40,110,44,4.38,"Sitelinks, Reviews, Video, People also ask, Related searches, Ads top, Ads middle"
telecom dsl,Transactional,40,110,33,2.91,"Video, People also ask, Related searches, Ads top, Ads bottom"
telefon anbieter vergleich,Commercial,37,110,40,1.50,"Video, People also ask, Related searches, Ads top, Ads bottom"
telefon festnetz angebote,Commercial,41,110,24,0.82,"Sitelinks, People also ask, Related searches"
telefon und dsl,Commercial,44,110,36,2.27,"Reviews, Video, People also ask, Related searches, Ads top, Ads middle"
telefon und internetflat,Commercial,40,110,42,1.98,"Sitelinks, Reviews, Video, People also ask, Related searches, Ads top, Ads middle"
telefonanbieter festnetz günstig,Commercial,43,110,37,0.99,"AI Overview, Reviews, People also ask, Related searches, Ads top, Ads middle"
telefonanbieter günstig festnetz,Commercial,43,110,39,0.99,"AI Overview, Reviews, People also ask, Related searches"
telefonanschluss hausanschluss,"Navigational, Transactional",40,110,47,1.75,"Sitelinks, Image pack, People also ask, Related searches"
telefonanschluss mit dsl,"Informational, Commercial",42,110,37,2.74,"AI Overview, Reviews, Video, People also ask, Related searches"
telekom aktionen,"Navigational, Transactional",37,110,25,1.93,"Reviews, Video, People also ask, Related searches"
telekom bester tarif,"Navigational, Commercial",42,110,47,1.47,"Sitelinks, Reviews, Video, People also ask, Related searches"
telekom billiganbieter,Commercial,42,110,42,1.80,"Sitelinks, AI Overview, Video, People also ask, Related searches"
telekom dsl 50,"Informational, Transactional",41,110,34,2.26,"Reviews, People also ask, Related searches"
telekom fernseher,"Navigational, Transactional",40,110,42,1.73,"Sitelinks, Reviews, Video, People also ask, Related searches"
telekom festnetz internet tarife,Transactional,43,110,34,1.65,"Reviews, People also ask, Related searches, Ads top, Ads bottom"
telekom festnetz kosten,Commercial,41,110,33,1.02,"AI Overview, Reviews, Video, People also ask, Related searches, Ads top, Ads bottom"
telekom festnetz tarife mit internet,Commercial,43,110,34,2.17,"AI Overview, Reviews, Video, People also ask, Related searches, Ads top, Ads bottom"
telekom flatrate festnetz,Transactional,40,110,30,1.58,"AI Overview, Reviews, People also ask, Related searches, Ads top, Ads bottom"
telekom glasfaser mit magenta tv,Transactional,48,110,19,1.29,"AI Overview, Reviews, People also ask, Related searches, Ads top, Ads middle"
telekom haus internet,"Navigational, Transactional",48,110,36,3.84,"Reviews, People also ask, Related searches, Ads top, Ads middle"
telekom intenet,Transactional,46,110,34,2.75,"Reviews, Video, People also ask, Related searches, Ads top, Ads middle"
telekom internet festnetz tarife,Transactional,43,110,31,1.65,"AI Overview, Reviews, Video, People also ask, Related searches, Ads top, Ads bottom"
telekom internet mit magenta tv,Commercial,48,110,50,2.62,"AI Overview, Reviews, Video, People also ask, Related searches, Ads top, Ads middle"
telekom internet tarife zuhause,Transactional,49,110,33,2.30,"Reviews, People also ask, Related searches"
telekom komplettpaket,"Navigational, Transactional",40,110,42,0.70,"Video, People also ask, Related searches"
telekom magenta tv smart,"Navigational, Transactional",43,110,38,2.76,"Sitelinks, Reviews, Video, People also ask, Related searches"
telekom netflix disney,"Informational, Transactional",49,110,41,3.35,"Reviews, Video, Video carousel, People also ask, Related searches"
telekom netflix zubuchen,"Navigational, Transactional",44,110,29,5.97,"AI Overview, Reviews, Video, People also ask, Related searches"
telekom neukunde internet,"Navigational, Transactional",49,110,40,2.74,"AI Overview, Video, People also ask, Related searches, Ads bottom"
telekom smart,"Navigational, Transactional",36,110,36,5.78,"Sitelinks, Reviews, Video, People also ask, Related searches"
telekom streaming angebote,"Navigational, Transactional",49,110,35,2.81,"Sitelinks, Reviews, People also ask, Related searches"
telekom tarife festnetz internet,Transactional,46,110,42,1.65,"AI Overview, Reviews, Video, People also ask, Related searches, Ads top, Ads bottom"
telekom verfügbarkeits,Transactional,47,110,21,2.35,"Reviews, People also ask, Related searches"
telekom verfügbarkeitsabfrage,Transactional,47,110,18,3.16,"Reviews, Related searches"
telekom werbung neu,"Informational, Transactional",36,110,33,0.00,"AI Overview, Reviews, Video, Video carousel, People also ask, Related searches, Ads bottom"
telekom wlan anschluss,Transactional,41,110,30,2.62,"Reviews, Video, People also ask, Related searches"
telkom glasfaser,"Navigational, Transactional",39,110,38,2.40,"Sitelinks, Reviews, Video, Video carousel, People also ask, Related searches"
test handy mit vertrag,Commercial,40,110,61,1.77,"Sitelinks, Reviews, Video, People also ask, Related searches, Popular products"
test handyverträge,Commercial,42,110,57,1.77,"Sitelinks, Reviews, Video, People also ask, Related searches"
testsieger handyvertrag,Commercial,43,110,42,2.18,"Reviews, Video, People also ask, Related searches"
top 10 streaming dienste kosten,"Informational, Commercial",54,110,37,1.10,"Sitelinks, AI Overview, Reviews, Video, People also ask, Related searches"
top angebote handy mit vertrag,Commercial,39,110,53,1.53,"Reviews, Video, People also ask, Related searches, Popular products"
top handy angebote mit vertrag,Commercial,37,110,44,1.28,"Reviews, People also ask, Related searches, Ads top, Ads bottom"
tv direkt app kostenlos,Commercial,44,110,33,0.26,"AI Overview, Reviews, People also ask, Related searches"
tv empfang über kabel,"Informational, Commercial",44,110,28,1.00,"AI Overview, Reviews, Video, Video carousel, People also ask, Related searches, Ads bottom, Ads middle"
tv festnetz internet,Commercial,49,110,42,1.57,"Reviews, Video, People also ask, Related searches"
tv hdmi stick,Commercial,40,110,36,0.72,"Sitelinks, Reviews, Video, People also ask, Related searches, Popular products"
tv kabelanschluss prüfen,"Informational, Commercial",41,110,27,0.92,"AI Overview, Reviews, Video, People also ask, Related searches, Ads top, Ads bottom"
tv kosten,"Informational, Commercial",47,110,57,1.45,"Reviews, Video, People also ask, Related searches"
tv live online kostenlos,Commercial,43,110,67,1.31,"AI Overview, Reviews, Video, People also ask, Related searches"
tv mit dsl,Commercial,46,110,35,2.76,"Reviews, Video, People also ask, Related searches"
tv online live kostenlos,Commercial,43,110,58,1.31,"AI Overview, Reviews, Video, People also ask, Related searches"
tv online ohne anmeldung,"Navigational, Transactional",39,110,41,0.00,"Sitelinks, Reviews, Video, People also ask, Related searches"
tv per internet,Commercial,48,110,41,1.55,"Reviews, Video, People also ask, Related searches"
tv programm stream kostenlos,Commercial,45,110,51,1.36,"AI Overview, Reviews, Video, People also ask, Related searches"
tv receiver kaufen,Transactional,42,110,25,0.70,"People also ask, Related searches, Popular products"
tv recorder,Commercial,37,110,27,0.51,"Reviews, Video, People also ask, Related searches, Popular products, Ads bottom"
tv schauen über pc,Commercial,44,110,27,0.95,"AI Overview, Video, Video carousel, People also ask, Related searches, Ads middle"
tv serie online watch,Commercial,33,110,70,0.00,"AI Overview, Reviews, Video, Related searches, Ads bottom"
tv serien auf deutsch,Commercial,37,110,30,0.31,"AI Overview, Reviews, Video, People also ask, Related searches"
tv stick angebot,Commercial,45,110,25,1.50,"Sitelinks, Reviews, People also ask, Related searches, Popular products"
tv stick waipu,"Navigational, Transactional",35,110,38,0.25,"Sitelinks, Reviews, Video, Video carousel, People also ask, Related searches, Popular products"
tv stream app,"Informational, Commercial",42,110,49,1.76,"AI Overview, Reviews, Video, People also ask, Related searches"
tv stream live kostenlos,Commercial,43,110,64,1.35,"Sitelinks, Reviews, Video, People also ask, Related searches"
tv zeitschrift abo,Commercial,34,110,13,1.84,"People also ask, Related searches"
tv über dsl,Commercial,53,110,30,2.76,"Sitelinks, Reviews, Image, Video, People also ask, Related searches"
tv-receiver,"Informational, Commercial",50,110,30,1.14,"Video, People also ask, Related searches, Popular products"
tvkostenlos,Commercial,42,110,37,0.69,"AI Overview, Reviews, Video, People also ask, Related searches, Ads bottom"
tvmagenta,Commercial,48,110,62,2.65,"Reviews, Video, People also ask, Related searches, Ads top, Ads bottom"
türk kanal,"Informational, Transactional",46,110,76,1.43,"Image, Image pack, Video, Video carousel, Related searches"
türkische fernsehsender,"Informational, Commercial",41,110,30,2.42,"Featured snippet, Reviews, Image, Video, People also ask, Related searches, Ads top, Ads bottom"
unlimited datenvolumen angebote,Commercial,41,110,28,2.99,"AI Overview, Reviews, Video, Related searches, Ads top, Ads middle"
unlimited vertrag mit handy,Commercial,40,110,30,2.11,"AI Overview, Reviews, Video, People also ask, Related searches, Ads top, Ads middle"
vdsl anbieter,Commercial,49,110,20,2.87,"AI Overview, Video, People also ask, Related searches, Ads top, Ads bottom"
verfügbarkeit 02,Commercial,36,110,34,0.88,"AI Overview, Reviews, People also ask, Related searches, Ads top, Ads middle"
verfügbarkeit kabelfernsehen,Commercial,44,110,25,0.74,"AI Overview, Reviews, People also ask, Related searches, Ads top, Ads middle"
vergleich dsl festnetz,Commercial,40,110,53,1.98,"Sitelinks, Reviews, People also ask, Related searches"
vergleich festnetzanbieter,Commercial,41,110,41,1.29,"Reviews, Video, People also ask, Related searches"
vergleich iptv,Commercial,61,110,37,0.00,"Sitelinks, AI Overview, Reviews, Video, People also ask, Related searches"
vergleich mobil tarife,Commercial,35,110,51,1.86,"Reviews, Video, Related searches"
vergleich sim karten,Commercial,33,110,56,4.30,"Reviews, Video, People also ask, Related searches"
vergleich tarife,Commercial,37,110,51,2.10,"Sitelinks, Reviews, Video, People also ask, Related searches, Ads top, Ads middle"
vergleich telefontarife festnetz und internet,Commercial,42,110,40,1.31,"Sitelinks, AI Overview, Reviews, Video, People also ask, Related searches"
vergleich vertrag,Commercial,38,110,55,2.93,"Reviews, Video, People also ask, Related searches, Ads bottom"
vertrag d1 netz,Commercial,41,110,27,3.27,"AI Overview, Reviews, Video, People also ask, Related searches, Ads top, Ads bottom"
vertrag mit handy d1 netz,Commercial,37,110,27,2.33,"Reviews, Video, People also ask, Related searches, Ads top, Ads bottom"
vertrag nur für handy,Commercial,34,110,50,2.04,"Video, People also ask, Related searches, Ads top, Ads middle"
vertrag nur handy,Commercial,38,110,52,2.04,"Reviews, Video, People also ask, Related searches, Ads bottom"
vertrag plus handy,Commercial,39,110,45,2.18,"Reviews, Video, People also ask, Related searches, Popular products, Ads top, Ads bottom"
vertrag smartphone vergleich,Commercial,41,110,58,1.61,"Sitelinks, Reviews, Video, People also ask, Related searches, Popular products"
vertrag vergleich,Commercial,40,110,50,2.93,"Reviews, Video, Related searches"
vertragsverlängerung gratis handy,Commercial,39,110,24,0.83,"Sitelinks, AI Overview, Video, People also ask, Related searches, Ads top, Ads middle"
vertragsverlängerung sparhandy,"Navigational, Transactional",36,110,24,2.33,"Sitelinks, Video, People also ask, Related searches, Ads top, Ads bottom"
vodafone 5g karte,Transactional,32,110,30,2.67,"Reviews, Video, People also ask, Related searches, Ads top"
vodafone angebote mit smartphone,"Navigational, Transactional",33,110,46,2.19,"Sitelinks, Reviews, Related searches, Popular products, Ads top"
vodafone angebote mobilfunk,Transactional,36,110,44,2.50,"Reviews, Video, People also ask, Related searches"
vodafone mobiles internet ohne vertrag,"Navigational, Transactional",31,110,22,1.93,"Reviews, Video, People also ask, Related searches, Popular products, Ads top, Ads middle"
vodafone netflix 2 99,"Informational, Transactional",49,110,26,7.35,"Reviews, Video, People also ask, Related searches"
vodafone partnerkarte mit handy,Transactional,38,110,31,3.98,"Reviews, Video, People also ask, Related searches"
vodafone produkte,"Navigational, Transactional",32,110,28,2.12,"Sitelinks, Reviews, People also ask, Related searches"
vodafone tablet vertrag,Commercial,35,110,26,3.37,"People also ask, Related searches, Popular products, Ads top, Ads bottom"
vodafone tv programme,"Navigational, Transactional",32,110,46,1.38,"Reviews, Video, People also ask, Related searches"
vodafone vertrag günstig,Commercial,37,110,47,2.63,"AI Overview, Reviews, People also ask, Related searches"
vox live stream kostenlos ohne anmeldung nydus,"Navigational, Transactional",38,110,30,0.00,"Reviews, Video, People also ask, Related searches"
w-lan router,Commercial,46,110,,2.27,"Reviews, Video, Video carousel, People also ask, Related searches, Popular products, Ads top, Ads middle"
waipu programmübersicht,"Informational, Transactional",35,110,23,0.03,"AI Overview, Reviews, Video, People also ask, Related searches"
waipu stick ohne abo,Commercial,33,110,30,0.21,"Sitelinks, Reviews, Video, People also ask, Related searches"
waipu tv bedienungsanleitung,"Navigational, Transactional",36,110,25,0.00,"Image, Video, People also ask, Related searches"
waipu tv pay tv sender,"Informational, Transactional",35,110,26,0.05,"AI Overview, Reviews, Video, People also ask, Related searches"
waipu tv sky bundesliga,Transactional,40,110,29,0.38,"People also ask, Related searches"
waipu tv stick kaufen saturn,Transactional,44,110,30,0.23,"Reviews, Video, People also ask, Related searches, Popular products"
waipu tv stick ohne abo,Commercial,35,110,36,0.24,"Sitelinks, Reviews, Video, People also ask, Related searches"
waipu tv türk paketi,Transactional,46,110,19,0.13,"Reviews, Video, People also ask, Related searches"
waipu tv vs magenta tv,Commercial,46,110,18,0.00,"Sitelinks, AI Overview, Reviews, Video, People also ask, Related searches"
waipu vs magenta,Commercial,38,110,18,0.00,"Sitelinks, AI Overview, Reviews, Video, People also ask, Related searches"
was ist das beste netz in deutschland,Commercial,44,110,32,2.45,"Sitelinks, AI Overview, Reviews, Video, People also ask, Related searches, Ads bottom"
was ist der beste wlan router,Commercial,36,110,35,0.42,"Sitelinks, Reviews, Video, Video carousel, People also ask, Related searches"
welche internetanbieter gibt es bei mir,Commercial,41,110,45,2.11,"AI Overview, Reviews, Video, People also ask, Related searches, Ads top, Ads middle"
welcher dsl anbieter ist der beste,Commercial,42,110,33,2.30,"AI Overview, Reviews, Video, People also ask, Related searches, Ads top, Ads middle"
welcher ist der beste dsl anbieter,Commercial,42,110,30,1.81,"AI Overview, Reviews, Video, People also ask, Related searches, Ads top, Ads middle"
welches telefonnetz ist das beste,Commercial,40,110,30,1.58,"AI Overview, Video, People also ask, Related searches"
wer ist der beste internetanbieter,Commercial,46,110,29,1.07,"Reviews, Video, Video carousel, People also ask, Related searches, Ads top, Ads bottom"
wie viele geräte bei dazn,"Navigational, Transactional",46,110,30,0.00,"Video, Related searches"
win iptv player,Commercial,44,110,30,0.00,"AI Overview, Reviews, Video, People also ask, Related searches"
winsim handy angebote,"Navigational, Transactional",33,110,27,1.15,"Sitelinks, Reviews, People also ask, Related searches, Popular products"
winsim tarife ohne handy,"Navigational, Transactional",33,110,23,1.23,"Reviews, People also ask, Related searches"
winsim-de,"Navigational, Commercial",34,110,39,1.30,"Sitelinks, Reviews, People also ask, Related searches, Ads top, Ads bottom"
wlan 6 router,Commercial,31,110,30,0.67,"Reviews, Video, Video carousel, People also ask, Related searches, Popular products"
wlan buchen,Commercial,41,110,46,11.25,"AI Overview, Reviews, Video, People also ask, Related searches, Ads bottom"
wlan für ferienwohnung,Commercial,32,110,8,1.08,"Sitelinks, Reviews, Video, People also ask, Related searches"
wlan für wohnung,Commercial,42,110,30,5.81,"Reviews, Video, People also ask, Related searches, Popular products, Ads top, Ads bottom"
wlan internet vertrag,Commercial,44,110,50,6.97,"Reviews, Video, People also ask, Related searches"
wlan mit prämie,Commercial,39,110,9,6.73,"Reviews, Video, Related searches"
wlan preise,Commercial,40,110,47,1.73,"Video, People also ask, Related searches, Ads top, Ads middle"
wlan router für große reichweite,Commercial,37,110,25,0.39,"Sitelinks, Reviews, Video, People also ask, Related searches, Popular products"
wlan router internet,Commercial,38,110,35,2.94,"Reviews, Video, People also ask, Related searches, Popular products, Ads middle"
wlan router mit großer reichweite,Commercial,40,110,21,0.41,"Sitelinks, Video, People also ask, Related searches, Popular products, Ads bottom"
wlan tarife günstig,Commercial,40,110,39,4.09,"AI Overview, Reviews, Video, People also ask, Related searches"
wlan vertrag mit prämie,Commercial,37,110,11,4.76,"Reviews, Related searches, Ads top, Ads bottom"
wlan young tarif,Commercial,35,110,27,4.40,"Reviews, Related searches"
wlanrouter,Commercial,33,110,38,2.27,"Reviews, Video, People also ask, Related searches, Popular products"
wow live stream,"Navigational, Commercial",38,110,46,0.97,"Sitelinks, Reviews, Video, People also ask, Related searches"
wow mit sky abo,"Informational, Commercial",40,110,14,2.89,"AI Overview, Reviews, Video, People also ask, Related searches, Ads bottom"
wow sport probemonat,"Informational, Commercial",34,110,13,0.41,"Sitelinks, AI Overview, Reviews, People also ask, Related searches, Ads top"
wowtv de magentatv,"Navigational, Transactional",48,110,40,0.97,"AI Overview, Reviews, Video, People also ask, Related searches"
www.rtlplus.de tv login,Transactional,42,110,39,0.45,"Reviews, Video, People also ask, Related searches"
www.wow.de,Commercial,38,110,50,1.23,"Reviews, Video, People also ask, Ads top, Ads bottom"
yourfone tarif,"Navigational, Transactional",33,110,30,0.36,"Sitelinks, Reviews, People also ask, Related searches"
öffne netflix,"Navigational, Transactional",38,110,77,0.00,"Sitelinks, Reviews, People also ask, Related searches"
österreich handyvertrag,"Informational, Commercial",33,110,51,1.07,"AI Overview, Reviews, Video, People also ask, Related searches"
über internet fernsehen gucken,"Informational, Commercial",50,110,35,1.50,"AI Overview, Reviews, Video, Video carousel, People also ask, Related searches, Ads top, Ads middle"
ıptv stream player windows,"Informational, Transactional",47,110,31,0.00,"Reviews, Video, Related searches"
ıptv test,"Informational, Commercial",43,110,10,0.89,"Sitelinks, Video, Related searches"
02 vertrag ohne handy,Commercial,35,90,45,0.00,"Reviews, Video, People also ask, Related searches"
1 und 1 handy tarife,Commercial,36,90,31,1.15,"Reviews, People also ask, Related searches"
1 und 1 handytarif,Commercial,36,90,36,1.04,"Reviews, Video, People also ask, Related searches"
1&1tv box,"Informational, Transactional",43,90,20,1.05,"Reviews, Video, Video carousel, People also ask, Related searches, Popular products"
10 euro handyvertrag mit handy,Commercial,35,90,22,1.61,"Sitelinks, Reviews, Video, People also ask, Related searches, Popular products"
1und 1 cinema,"Informational, Transactional",40,90,38,1.73,"Reviews, People also ask, Related searches"
1und 1tv,"Informational, Transactional",47,90,32,0.78,"Reviews, Video, People also ask, Related searches"
1und1 hd tv,"Navigational, Transactional",42,90,30,0.90,"Reviews, Video, People also ask, Related searches"
1und1 tv kosten,"Navigational, Transactional",47,90,32,0.45,"Reviews, People also ask, Related searches"
1und1cinema,"Informational, Transactional",42,90,29,0.00,"Reviews, People also ask, Related searches"
2 handy mit 1 vertrag,Commercial,35,90,41,2.13,"Video, People also ask, Related searches, Popular products, Ads top, Ads middle"
20 gb allnet flat,Commercial,32,90,11,2.15,"Reviews, People also ask, Related searches, Popular products"
250 dsl,Commercial,40,90,16,2.46,"AI Overview, Reviews, Video, People also ask, Related searches, Ads top, Ads middle"
250 mbit leitung,Commercial,40,90,23,1.46,"Sitelinks, Reviews, Video, People also ask, Related searches"
40 gb,Commercial,31,90,12,3.72,"Sitelinks, AI Overview, Reviews, Image, Video, People also ask, Related searches"
40gb datenvolumen,Commercial,36,90,17,2.65,"Sitelinks, AI Overview, Reviews, Video, People also ask, Related searches, Ads top, Ads middle"
4g sim-karte ohne vertrag,Commercial,30,90,27,1.81,"Reviews, People also ask, Related searches, Popular products, Ads bottom"
4k tv stick,"Informational, Commercial",41,90,26,0.63,"Sitelinks, Video, Video carousel, People also ask, Related searches, Popular products"
5 euro handyvertrag,Commercial,36,90,26,2.46,"Sitelinks, Reviews, People also ask, Related searches"
50 gb datenvolumen angebote,Commercial,36,90,11,3.80,"Reviews, People also ask, Related searches, Popular products, Shopping ads"
abonnement iptv,Commercial,48,90,19,0.00,"AI Overview, Video, People also ask, Related searches"
about netflix,"Navigational, Transactional",33,90,91,0.00,"Sitelinks, Video, Video carousel, People also ask, Related searches"
activation iptv,"Informational, Transactional",53,90,10,0.00,"Reviews, Video, Video carousel, People also ask, Related searches"
aktion dsl,Commercial,38,90,43,2.58,"Reviews, Video, People also ask, Related searches"
all net flat check24,"Navigational, Transactional",30,90,38,4.43,"Reviews, Related searches"
all net flat ohne handy,Commercial,37,90,33,4.13,"Reviews, Video, People also ask, Related searches"
allnet flat check24,"Navigational, Transactional",30,90,49,4.43,"Reviews, Related searches"
alternative zu congstar,Commercial,35,90,10,0.95,"Sitelinks, AI Overview, Reviews, Video, People also ask, Related searches"
am pc tv schauen,"Informational, Commercial",40,90,23,0.95,"AI Overview, Reviews, Video, Video carousel, People also ask, Related searches"
amazon fire tv stick fernsehen,Commercial,46,90,21,0.77,"Sitelinks, Video, People also ask, Related searches, Popular products, Ads top"
amazon stick iptv,"Informational, Transactional",42,90,31,0.00,"Sitelinks, People also ask, Related searches"
anbieter digitales fernsehen,"Informational, Commercial",54,90,46,1.45,"Sitelinks, AI Overview, Reviews, Video, People also ask, Related searches, Ads bottom"
anbieter für digitales fernsehen,Commercial,54,90,38,1.82,"Reviews, Video, People also ask, Related searches"
anbieter kabel internet,Commercial,43,90,25,3.06,"AI Overview, Reviews, Video, People also ask, Related searches, Ads bottom, Ads middle"
anbieter vergleich,Commercial,49,90,58,2.45,"AI Overview, Video, People also ask, Related searches"
angebot vodafone handy,"Navigational, Transactional",34,90,52,2.27,"Sitelinks, Reviews, People also ask, Related searches, Popular products, Ads bottom"
angebote d1,Commercial,38,90,29,1.76,"AI Overview, Reviews, Video, People also ask, Related searches"
angebote für internet und festnetz,Commercial,49,90,47,1.26,"AI Overview, Reviews, Video, People also ask, Related searches, Ads top, Ads middle"
angebote für mobiles internet,Commercial,42,90,38,2.09,"Reviews, Video, People also ask, Related searches, Ads top, Ads middle"
angebote für sky,Transactional,40,90,35,0.64,"AI Overview, Reviews, People also ask, Related searches, Ads top, Ads middle"
angebote internetanschluss,Commercial,45,90,53,3.18,"Sitelinks, Reviews, Video, Related searches"
angebote mit vertrag,Commercial,39,90,51,2.88,"Reviews, Video, Related searches, Popular products"
angebote mobiles internet,Commercial,42,90,47,2.38,"Reviews, Video, People also ask, Related searches"
angebote telefon und internet telekom,Transactional,44,90,38,1.98,"AI Overview, Reviews, People also ask, Related searches, Ads middle"
anmeldung fernsehen,Transactional,44,90,61,2.48,"AI Overview, Reviews, Video, People also ask, Related searches"
app waipu tv,Commercial,36,90,37,0.03,"AI Overview, Reviews, Video, People also ask, Related searches, Ads top, Ads bottom"
apple tv auf magenta tv aktivieren,Commercial,48,90,27,3.94,"AI Overview, Reviews, Video, Video carousel, People also ask, Related searches, Ads middle"
babo stream kostenlos,"Informational, Transactional",45,90,21,0.00,"Video carousel, People also ask, Knowledge panel"
base handy mit vertrag,Commercial,32,90,8,2.71,"Reviews, Related searches, Popular products, Ads top, Ads bottom"
best android player for iptv,Commercial,43,90,31,0.00,"Sitelinks, AI Overview, Reviews, Video, Video carousel, People also ask, Related searches"
best iptv player android,Commercial,42,90,41,0.00,"Sitelinks, AI Overview, Reviews, Video, Video carousel, People also ask, Related searches"
beste anbieter handyvertrag,Commercial,42,90,57,2.94,"AI Overview, Reviews, Video, People also ask, Related searches, Ads bottom"
beste deutsche serie,Commercial,34,90,19,0.00,"Sitelinks, Video, People also ask, Related searches"
beste handy anbieter,Commercial,41,90,53,2.28,"Sitelinks, Reviews, Video, People also ask, Related searches"
beste handy empfang,Commercial,44,90,26,0.82,"Sitelinks, AI Overview, Reviews, Video, People also ask, Related searches"
beste ip tv app,Commercial,52,90,17,0.00,"AI Overview, Reviews, Video, People also ask, Related searches"
beste iptv app für apple tv,Commercial,51,90,25,0.00,"Sitelinks, AI Overview, Reviews, Video, Related searches"
beste iptv box android,"Informational, Commercial",50,90,16,0.00,"Video, Video carousel, People also ask, Related searches"
beste netzabdeckung,Commercial,44,90,36,3.03,"Sitelinks, AI Overview, Reviews, Video, People also ask, Related searches"
beste streaming angebote,Commercial,54,90,38,1.31,"AI Overview, Reviews, Video, People also ask, Related searches"
beste telefonanbieter,Commercial,39,90,33,2.07,"AI Overview, Reviews, Video, People also ask, Related searches, Ads top, Ads middle"
beste tv stick,Commercial,44,90,31,0.93,"Sitelinks, Reviews, Video, People also ask, Related searches, Popular products"
besten dsl tarife,Commercial,49,90,50,2.45,"Sitelinks, Video, People also ask, Related searches, Ads top, Ads middle"
besten wlan router,Commercial,39,90,19,0.63,"Sitelinks, Reviews, Video, People also ask, Related searches, Ads bottom"
bestenliste router,Commercial,38,90,27,0.80,"Sitelinks, Reviews, Video, Related searches, Popular products"
bester anbieter handyvertrag,Commercial,42,90,49,2.09,"AI Overview, Reviews, Video, People also ask, Related searches, Ads top, Ads bottom"
bester handytarif anbieter,Commercial,40,90,60,2.23,"AI Overview, Reviews, Video, People also ask, Related searches"
bester internetanbieter berlin,Commercial,44,90,23,3.41,"AI Overview, Reviews, Video, People also ask, Related searches"
bester streaming dienst tv,Commercial,54,90,37,1.77,"Sitelinks, AI Overview, Reviews, Video, People also ask, Related searches"
bester tarif mit handy,Commercial,40,90,59,1.91,"Reviews, Video, People also ask, Related searches, Ads bottom"
bester telekom tarif,Commercial,44,90,43,1.98,"Sitelinks, AI Overview, Reviews, People also ask, Related searches"
bestes angebot sky,Commercial,40,90,34,0.71,"Featured snippet, Sitelinks, Reviews, People also ask, Related searches, Ads bottom"
bestes netz handy,Commercial,42,90,36,2.24,"Sitelinks, AI Overview, Reviews, Image pack, Video, Related searches"
bestes streaming angebot,Commercial,48,90,34,1.39,"AI Overview, Reviews, Video, People also ask, Related searches"
bestes wlan zu hause,Commercial,39,90,28,2.21,"Sitelinks, AI Overview, Reviews, Video, Video carousel, People also ask, Related searches, Ads bottom"
bewertung deutsche glasfaser,Commercial,37,90,15,0.00,"Sitelinks, Reviews, Video, People also ask, Related searches"
billige dsl tarife,"Informational, Commercial",44,90,40,1.85,"Sitelinks, AI Overview, Reviews, Video, Related searches, Ads bottom, Ads middle"
billige sim karten,Commercial,31,90,52,4.83,"Reviews, Video, People also ask, Related searches, Popular products, Ads top, Ads middle"
billiger sim karte,Commercial,31,90,65,4.83,"Reviews, Video, People also ask, Related searches, Popular products, Ads top, Ads bottom"
billigste internet für zuhause,Commercial,45,90,47,1.73,"AI Overview, Reviews, Video, People also ask, Related searches, Ads top, Ads middle"
black friday sky angebot,Commercial,36,90,35,0.00,"Reviews, Video, People also ask, Related searches"
blau de angebote mit handy,Transactional,38,90,21,0.63,"Reviews, Video, People also ask, Related searches, Ads top, Ads bottom"
blau de handy angebote,"Navigational, Transactional",39,90,31,0.86,"Reviews, Video, People also ask, Related searches, Popular products"
blue handy vertrag,Commercial,36,90,17,3.16,"Reviews, Video, People also ask, Related searches, Ads top, Ads middle"
breitband -anachlusskabel,Commercial,49,90,66,1.78,"People also ask, Local pack, Related searches"
bundesliga kostenlos schauen vpn,Commercial,37,90,22,0.00,"Sitelinks, AI Overview, Reviews, Video, Related searches, Ads bottom, Ads middle"
bundesliga paket,Commercial,39,90,34,1.15,"AI Overview, Reviews, Video, Related searches"
bundesliga sky go,"Navigational, Transactional",39,90,40,1.86,"Reviews, Video, Related searches"
büro internetanschluss,Commercial,49,90,27,0.00,"AI Overview, Reviews, Video, People also ask, Related searches, Ads bottom"
cable vs dsl,Commercial,35,90,30,3.41,"Sitelinks, AI Overview, Reviews, Video, Video carousel, Short videos, People also ask, Related searches"
check24 handytarife vergleich,"Navigational, Commercial",36,90,64,7.51,"Sitelinks, Reviews, People also ask, Related searches, Ads top, Ads bottom"
check24 handytarife vergleichen,"Navigational, Commercial",35,90,52,7.51,"Sitelinks, People also ask, Related searches, Ads top, Ads bottom"
check24 internet anbieter vergleich,"Navigational, Commercial",49,90,57,1.97,"Sitelinks, Video, People also ask, Related searches, Ads top, Ads bottom"
chromecast oder fire tv,Commercial,36,90,19,0.00,"Sitelinks, AI Overview, Video, Video carousel, People also ask, Related searches"
chromecast vs fire tv,Commercial,32,90,18,0.00,"Sitelinks, AI Overview, Video, Video carousel, People also ask, Related searches"
d-netz tarife,"Informational, Commercial",40,90,,2.69,"Sitelinks, Reviews, Video, People also ask, Related searches"
d1 angebote,Commercial,38,90,30,1.76,"Sitelinks, Reviews, Video, People also ask, Related searches"
d1 handyverträge,Commercial,42,90,27,2.03,"Reviews, Video, People also ask, Related searches"
d1 netz günstig,Commercial,40,90,22,2.22,"Sitelinks, Video, People also ask, Related searches, Popular products"
d1 netz vertrag mit handy,Commercial,41,90,26,2.33,"Reviews, Video, People also ask, Related searches, Ads top, Ads middle"
das beste internet,Commercial,49,90,34,2.24,"AI Overview, Reviews, Video, Video carousel, People also ask, Related searches, Ads bottom"
das neue magenta tv,Commercial,48,90,36,2.31,"AI Overview, Reviews, Video, Video carousel, People also ask, Related searches, Ads middle"
daten sim günstig,Commercial,37,90,36,1.86,"Sitelinks, Reviews, Video, People also ask, Related searches, Popular products"
daten sim karte vodafone,"Informational, Transactional",29,90,44,2.84,"AI Overview, People also ask, Related searches"
datenkarte für router,Commercial,46,90,28,2.50,"Video, People also ask, Related searches, Popular products, Ads top, Ads bottom"
datenvolumen tarife,Commercial,41,90,35,2.94,"AI Overview, Reviews, People also ask, Related searches, Ads top"
dazn com mein konto,"Navigational, Transactional",41,90,42,0.11,"AI Overview, Reviews, People also ask, Related searches"
dazn meine geräte,"Navigational, Transactional",41,90,31,0.00,"Reviews, Video, People also ask, Related searches"
dazn zweiter stream kosten,"Navigational, Transactional",46,90,34,0.00,"Reviews, People also ask, Related searches"
der beste internetanbieter,Commercial,44,90,33,1.43,"AI Overview, Reviews, Video, Video carousel, People also ask, Related searches, Ads top"
der beste router,Commercial,35,90,29,0.36,"Sitelinks, Reviews, Video, Video carousel, People also ask, Related searches"
der beste router für wlan,Commercial,37,90,26,0.67,"Sitelinks, Reviews, Video, Video carousel, People also ask, Related searches, Popular products, Ads bottom"
der beste wlan router,Commercial,34,90,30,0.65,"Sitelinks, Video, Video carousel, People also ask, Related searches, Popular products"
deutsch glasfaser tarife,"Navigational, Commercial",41,90,21,0.72,"Sitelinks, Reviews, Video, People also ask, Related searches, Ads top, Ads bottom"
deutsche glasfaser adresse,Transactional,41,90,29,0.41,"Reviews, People also ask, Local pack, Related searches"
deutsche glasfaser büro in der nähe,Commercial,47,90,35,0.75,"People also ask, Local pack, Related searches, Ads top, Ads bottom"
deutsche glasfaser internet,"Navigational, Commercial",47,90,39,1.38,"Sitelinks, Video, People also ask, Related searches, Ads top, Ads bottom"
deutsche glasfaser rezensionen,"Informational, Commercial",38,90,21,1.67,"Sitelinks, AI Overview, Reviews, Video, People also ask, Related searches"
deutsche sim karte,Commercial,37,90,40,3.96,"Reviews, Video, People also ask, Related searches, Ads bottom"
deutsche telekom dsl,Transactional,45,90,41,3.82,"Reviews, People also ask, Related searches"
deutsche tv serien,Commercial,38,90,27,0.48,"AI Overview, Video, People also ask, Related searches"
die beste deutsche serien,Commercial,35,90,22,0.00,"Sitelinks, AI Overview, Video, People also ask, Related searches"
digitalfernsehen 7 tage news,"Navigational, Transactional",47,90,27,0.00,"People also ask, Related searches"
disney plus bei sky,Commercial,43,90,32,2.23,"Sitelinks, AI Overview, Reviews, Video, People also ask, Related searches, Ads bottom"
dls vergleich,Commercial,39,90,43,3.84,"Sitelinks, Reviews, Video, People also ask, Related searches"
drillisch telefonanbieter,"Navigational, Commercial",35,90,40,2.69,"Sitelinks, People also ask, Related searches, Ads top, Ads middle"
drillisch vertrag,Commercial,32,90,31,4.40,"Sitelinks, Reviews, People also ask, Related searches"
dsl 50 mbit angebot,Commercial,49,90,43,1.48,"People also ask, Related searches"
dsl 50 telekom,Transactional,44,90,31,2.89,"AI Overview, Reviews, People also ask, Related searches, Ads middle"
dsl alternativen,Commercial,49,90,20,1.30,"AI Overview, Reviews, Video, People also ask, Related searches, Ads top, Ads middle"
dsl anbieter im test,Commercial,44,90,43,2.04,"Reviews, Video, People also ask, Related searches"
dsl anbieter preisvergleich,Commercial,49,90,51,3.04,"Sitelinks, Reviews, Video, People also ask, Related searches"
dsl anbieter vergleichen,Commercial,42,90,41,2.48,"Sitelinks, Reviews, Video, People also ask, Related searches, Ads top, Ads bottom"
dsl anmelden,Transactional,49,90,26,15.91,"AI Overview, Reviews, Video, People also ask, Related searches"
dsl anschlus,Commercial,49,90,32,6.08,"AI Overview, Reviews, Video, People also ask, Related searches, Ads top, Ads bottom"
dsl anschluss internet,Commercial,44,90,36,4.01,"AI Overview, Reviews, Video, Video carousel, People also ask, Related searches, Ads top, Ads middle"
dsl anschluss ohne festnetz,"Informational, Commercial",48,90,31,1.37,"AI Overview, Video, People also ask, Related searches, Ads top, Ads middle"
dsl festnetz tarife,Commercial,44,90,52,1.38,"Sitelinks, Reviews, People also ask, Related searches"
dsl glasfaser angebote,Commercial,43,90,55,1.83,"Reviews, Video, People also ask, Related searches"
dsl handy komplettpaket,Commercial,49,90,34,0.00,"People also ask, Related searches, Ads top, Ads middle"
dsl hausanschluss telekom,Transactional,42,90,27,0.00,"AI Overview, Reviews, Video, People also ask, Related searches, Ads top, Ads bottom"
dsl internet tarife,Commercial,44,90,50,3.46,"Sitelinks, Reviews, Video, Related searches"
dsl internet und tv,Commercial,49,90,40,3.07,"Sitelinks, Reviews, Video, People also ask, Related searches, Ads top, Ads middle"
dsl internet vs cable,"Informational, Commercial",31,90,23,3.41,"Sitelinks, AI Overview, Reviews, Video, Video carousel, Short videos, People also ask, Related searches"
dsl internet vs cable internet,"Informational, Commercial",39,90,26,3.30,"Sitelinks, AI Overview, Reviews, Video, Video carousel, Short videos, People also ask, Related searches, Ads middle"
dsl internetanbieter,Commercial,49,90,38,3.73,"AI Overview, Video, People also ask, Related searches, Ads top, Ads middle"
dsl karte telekom,Transactional,43,90,30,4.63,Reviews
dsl kaufen,Transactional,49,90,58,4.00,"Reviews, Video, People also ask, Related searches, Popular products, Ads top, Ads middle"
dsl komplettpaket,Commercial,49,90,33,0.00,"Reviews, Video, People also ask, Related searches"
dsl router im vergleich,Commercial,36,90,30,1.49,"Sitelinks, Reviews, Video, Video carousel, People also ask, Related searches"
dsl test anbieter,Commercial,43,90,48,2.04,"AI Overview, Reviews, Video, People also ask, Related searches"
dsl tv angebote,Commercial,48,90,40,2.60,"Sitelinks, Video, People also ask, Related searches"
dsl und tv angebote,Commercial,47,90,38,2.39,"Reviews, Video, Related searches"
dsl verfügbar,Commercial,47,90,47,1.96,"Video, People also ask, Related searches, Ads top, Ads middle"
dsl verfügbarkeit prüfen alle anbieter,Commercial,47,90,43,1.58,"Reviews, Related searches, Ads bottom"
dsl verfügbarkeit test,Commercial,41,90,36,1.49,"AI Overview, Reviews, Video, People also ask, Related searches, Ads top, Ads middle"
dsl verlgeich,Commercial,43,90,45,3.19,"Sitelinks, Reviews, Video, Related searches"
dsl vertrag mit router,Commercial,46,90,49,3.67,"Reviews, Video, People also ask, Related searches, Ads top, Ads middle"
dsl-router kaufen,Transactional,46,90,35,1.50,"Reviews, Video, People also ask, Related searches, Popular products"
dslvergleich,Commercial,44,90,48,3.19,"Sitelinks, Reviews, Video, People also ask, Related searches"
easybox 805 kaufen media markt,Transactional,34,90,28,0.69,"Image pack, People also ask, Related searches"
englische serien liste,"Informational, Commercial",32,90,21,0.00,"AI Overview, Video, People also ask, Related searches"
euro sim karte,Commercial,32,90,21,1.50,"Sitelinks, Reviews, Video, People also ask, Related searches"
familientarif mobilfunk,Commercial,42,90,26,1.59,"Reviews, Video, People also ask, Related searches"
fernseh kostenlos streamen,Commercial,42,90,56,0.64,"Sitelinks, Reviews, Video, People also ask, Related searches, Ads bottom"
fernseh schauen gratis,Commercial,38,90,44,0.85,"AI Overview, Reviews, Video, People also ask, Related searches"
fernseh stream kostenlos,Commercial,42,90,49,0.84,"Video, People also ask, Knowledge panel, Related searches"
fernseh streaming anbieter,Commercial,52,90,40,2.47,"AI Overview, Reviews, Video, People also ask, Related searches, Ads bottom"
fernsehanbieter im vergleich,Commercial,46,90,30,1.01,"AI Overview, Reviews, Video, People also ask, Related searches, Ads top, Ads middle"
fernsehanbieter vergleich,Commercial,50,90,34,1.14,"Sitelinks, AI Overview, Reviews, Video, People also ask, Related searches"
fernsehen am tablet kostenlos,Commercial,43,90,50,0.39,"AI Overview, Reviews, Video, People also ask, Related searches, Ads bottom, Ads middle"
fernsehen auf rtl,Commercial,51,90,57,0.49,"Video, People also ask, Top stories, Related searches"
fernsehen internet telefon,Commercial,43,90,42,1.22,"AI Overview, Reviews, Video, People also ask, Related searches, Ads top, Ads middle"
fernsehen kostenfrei,Commercial,43,90,59,0.65,"Reviews, Video, People also ask, Knowledge panel, Related searches, Ads bottom"
fernsehen live tv,Commercial,43,90,75,0.72,"Reviews, Video, People also ask, Related searches, Ads bottom"
fernsehen mit receiver,Commercial,41,90,17,0.00,"Reviews, Video, People also ask, Related searches"
fernsehen mit wlan kaufen,Transactional,39,90,22,0.29,"Video, People also ask, Related searches, Popular products"
fernsehen ohne kabel und schüssel,Commercial,45,90,29,1.02,"Reviews, Video, Video carousel, People also ask, Related searches, Popular products, Ads top, Ads bottom"
fernsehen online kostenlos schauen,Commercial,40,90,47,0.85,"Reviews, Video, People also ask, Related searches"
fernsehen stick,"Informational, Commercial",43,90,27,1.49,"Sitelinks, Video, People also ask, Knowledge panel, Related searches, Popular products"
fernsehen tv live,Commercial,42,90,68,0.72,"Reviews, Video, Related searches"
fernsehen usb stick,Commercial,41,90,19,0.63,"Sitelinks, Reviews, Video, Video carousel, People also ask, Related searches, Popular products, Ads top"
fernseher android tv,Commercial,35,90,23,0.15,"Sitelinks, Image, Video, People also ask, Related searches, Popular products"
fernseher internet stick,Commercial,46,90,27,1.34,"Sitelinks, Reviews, Video, People also ask, Related searches, Popular products"
fernseher kostenlos anschauen,Commercial,45,90,36,0.67,"Video, People also ask, Related searches, Ads bottom"
fernseher mit internetanschluss,Commercial,46,90,23,0.60,"Reviews, Video, People also ask, Related searches, Popular products"
fernseher mobil,Commercial,41,90,24,0.11,"Video, People also ask, Related searches, Popular products, Ads bottom"
fernseher serien,"Informational, Commercial",37,90,25,0.23,"Sitelinks, AI Overview, Video, People also ask, Related searches"
fernsehkabel anbieter,"Informational, Commercial",42,90,33,1.25,"Sitelinks, AI Overview, Reviews, Video, People also ask, Related searches, Ads top, Ads bottom"
fernsehn am pc,"Informational, Commercial",42,90,19,0.53,"AI Overview, Reviews, Video, People also ask, Related searches, Ads top"
fernsehprogramm heute rtl plus,Commercial,35,90,44,0.00,"Video, People also ask, Related searches"
fernsehprogramm kostenlos streamen,Commercial,42,90,50,0.83,"Sitelinks, Reviews, Video, People also ask, Related searches"
fernsehsticks,Commercial,40,90,45,1.56,"Sitelinks, Reviews, Video, People also ask, Related searches, Ads top, Ads bottom"
festnetz anbieter vergleich,Commercial,41,90,40,1.78,"Sitelinks, AI Overview, Reviews, Video, People also ask, Related searches, Ads bottom"
festnetz internet günstig,Commercial,47,90,42,1.73,"AI Overview, Reviews, Video, People also ask, Related searches, Ads top, Ads bottom"
festnetz und internetangebote,Commercial,49,90,52,0.00,"Sitelinks, AI Overview, Video, People also ask, Related searches, Ads top, Ads bottom"
festnetz vertrag mit internet,Commercial,45,90,53,2.95,"Reviews, People also ask, Related searches"
festnetzanbieter im vergleich,Commercial,41,90,37,1.37,"Reviews, Video, People also ask, Related searches"
festnetzanschluss und internet,Commercial,49,90,34,2.01,"AI Overview, Reviews, Video, People also ask, Related searches, Ads top, Ads bottom"
festnetzanschlüsse im vergleich,Commercial,39,90,44,2.14,"Reviews, Video, People also ask, Related searches"
festnetztarif,Commercial,42,90,39,1.40,"AI Overview, Reviews, Video, People also ask, Related searches, Ads top, Ads middle"
fire tv stick hd vs 4k,Commercial,30,90,15,0.00,"Sitelinks, Reviews, Video, Video carousel, People also ask, Related searches"
flatrate handy günstig,Commercial,40,90,33,2.86,"Video, People also ask, Related searches"
flatrate mobil,Commercial,37,90,34,2.37,"AI Overview, People also ask, Related searches"
flatrate vertrag mit handy,Commercial,40,90,28,2.86,"Reviews, Video, People also ask, Related searches"
flex tv stick,"Informational, Transactional",48,90,26,0.60,"Reviews, Video, Video carousel, People also ask, Related searches, Popular products, Ads bottom"
flixy tv stick bewertung,Commercial,48,90,14,0.13,"Sitelinks, AI Overview, Reviews, Video, People also ask, Related searches"
free fernsehn,Commercial,36,90,50,0.94,"AI Overview, Reviews, Video, People also ask, Related searches"
free live stream tv,Commercial,36,90,46,0.90,"Reviews, Video, Related searches"
free tv streams,Commercial,35,90,70,0.00,"Sitelinks, Reviews, Video, Video carousel, Top stories, Related searches, Ads bottom"
freetv rtl,"Navigational, Transactional",51,90,55,0.72,"Sitelinks, Video, People also ask, Top stories, Related searches"
fritz box iptv,"Informational, Transactional",49,90,23,0.00,"Video, People also ask, Related searches, Popular products"
fritz box mieten,"Navigational, Commercial",40,90,17,2.20,"Reviews, Video, People also ask, Related searches, Popular products"
fritzbox lwl,"Informational, Transactional",37,90,30,0.24,"Image pack, Video, People also ask, Related searches, Popular products"
german tv on sky,Transactional,39,90,37,1.57,"Sitelinks, Reviews, Video, People also ask, Related searches"
german tv sky,Transactional,39,90,61,1.57,"AI Overview, Reviews, Video, People also ask, Related searches, Ads bottom, Ads middle"
germany ıptv,"Informational, Commercial",52,90,10,0.87,"AI Overview, Video, People also ask, Related searches"
germanyiptv,Commercial,52,90,4,1.15,"AI Overview, Video, People also ask, Ads bottom"
gibt es bei mir glasfaser,Commercial,42,90,35,1.11,"Video, People also ask, Related searches, Ads top, Ads bottom"
glasfaser auf kupfer telekom,"Informational, Transactional",40,90,22,3.30,"AI Overview, Image pack, Video, People also ask, Related searches"
glasfaser dsl vergleich,Commercial,44,90,27,1.91,"AI Overview, Reviews, Video, Video carousel, People also ask, Related searches"
glasfaser in der nähe telekom,Commercial,44,90,33,1.19,"AI Overview, Reviews, People also ask, Related searches, Ads top, Ads bottom"
glasfaser kundencenter telekom,"Navigational, Transactional",40,90,30,0.00,"Sitelinks, Video, People also ask, Related searches"
glasfaser netzausbau,Commercial,35,90,48,1.08,"AI Overview, Reviews, Video, People also ask, Related searches"
glasfaser ohne festnetz,Commercial,48,90,32,0.83,"AI Overview, Video, People also ask, Related searches"
glasfaser tarifvergleich,Commercial,40,90,32,1.30,"Reviews, Video, People also ask, Related searches"
glasfaser wanddose,"Informational, Transactional",36,90,17,0.00,"Image pack, Video, Video carousel, People also ask, Related searches, Popular products"
google chromecast vs amazon fire tv,Commercial,32,90,18,0.00,"Sitelinks, AI Overview, Video, Video carousel, Short videos, People also ask, Related searches"
gute handyverträge mit handy,Commercial,41,90,54,1.74,"Sitelinks, Reviews, Video, People also ask, Related searches, Ads top, Ads middle"
gute router,Commercial,35,90,24,0.63,"Sitelinks, Reviews, Video, People also ask, Related searches, Popular products"
gute und günstige internetanbieter,Commercial,49,90,52,2.14,"AI Overview, Reviews, Video, People also ask, Related searches, Ads top, Ads bottom"
günstig dsl anschluss,Commercial,49,90,46,3.68,"Video, People also ask, Related searches, Ads top, Ads middle"
günstige flatrate für handy,Commercial,39,90,36,2.86,"Reviews, Video, People also ask, Related searches"
günstige flatrate mit handy,Commercial,39,90,34,2.86,"Video, People also ask, Related searches, Ads bottom"
günstige handy flatrate,Commercial,39,90,38,2.40,"Reviews, Video, People also ask, Related searches"
günstige handy vertrag,Commercial,40,90,45,4.09,"Reviews, Video, People also ask, Related searches"
günstige handys mit vertrag vodafone,Transactional,32,90,50,2.14,"Reviews, Video, People also ask, Related searches, Popular products, Ads top, Ads middle"
günstige mobil tarife,Commercial,38,90,49,3.49,"AI Overview, Reviews, Video, Related searches, Ads top, Ads bottom"
günstige mobilverträge,Commercial,39,90,54,4.19,"Sitelinks, Reviews, Video, People also ask, Related searches, Popular products, Ads top, Ads middle"
günstige o2 handyverträge,Commercial,37,90,42,0.56,"Reviews, People also ask, Related searches"
günstige streaming dienste,"Informational, Commercial",47,90,30,1.41,"Sitelinks, AI Overview, Reviews, Video, People also ask, Related searches, Ads top, Ads middle"
günstige und gute handyverträge,Commercial,42,90,46,2.91,"Reviews, Video, People also ask, Related searches"
günstige und gute internetanbieter,Commercial,49,90,46,2.14,"AI Overview, Reviews, Video, People also ask, Related searches, Ads top, Ads bottom"
günstige vodafone verträge mit handy,Commercial,35,90,45,2.01,"People also ask, Related searches"
günstige wlan angebote,Commercial,38,90,37,3.11,"Reviews, Related searches, Popular products"
günstiger internet und telefonanbieter,Commercial,42,90,44,1.53,"Sitelinks, AI Overview, Reviews, Video, People also ask, Related searches, Ads top, Ads middle"
günstiges d1 netz,Commercial,39,90,28,2.22,"Sitelinks, Reviews, Video, People also ask, Related searches"
günstiges dsl für zuhause,Commercial,44,90,50,3.17,"Sitelinks, Reviews, Video, People also ask, Related searches"
günstiges festnetz mit internet,Commercial,45,90,50,1.73,"Reviews, People also ask, Related searches, Ads top, Ads middle"
günstigster dsl vertrag,Commercial,44,90,41,2.17,"Sitelinks, Reviews, Video, People also ask, Related searches, Ads top, Ads middle"
günstigster mobilfunkanbieter,Commercial,38,90,64,2.77,"Reviews, Video, People also ask, Related searches, Ads top, Ads middle"
günstigster mobiltarif,Commercial,39,90,61,3.49,"Sitelinks, Reviews, Video, People also ask, Related searches"
günstigstes festnetz internet,"Informational, Commercial",45,90,52,1.73,"Sitelinks, AI Overview, Reviews, People also ask, Related searches, Ads top, Ads middle"
handy 1 euro ohne vertrag,Commercial,33,90,32,2.12,"Reviews, People also ask, Related searches"
handy anbieter vergleichen,Commercial,38,90,60,2.21,"Sitelinks, Reviews, Video, People also ask, Related searches"
handy angebote mit tarif,Commercial,39,90,55,1.74,"Reviews, Video, People also ask, Related searches, Popular products"
handy flat ohne handy,Commercial,37,90,38,3.17,"Reviews, Video, People also ask, Related searches, Ads top, Ads middle"
handy für 1 euro,"Informational, Commercial",36,90,34,3.75,"Reviews, People also ask, Related searches"
handy für 1 euro ohne vertrag,Commercial,33,90,34,2.70,"Reviews, People also ask, Related searches"
handy handyvertrag,Commercial,40,90,44,2.81,"Reviews, Video, Related searches, Popular products"
handy ist da,Commercial,36,90,65,0.55,"Reviews, Video, People also ask, Related searches, Ads top, Ads bottom"
handy lte,Commercial,31,90,20,1.65,"Reviews, Video, Video carousel, People also ask, Related searches"
handy mit tarif günstig,Commercial,41,90,43,2.45,"Reviews, Video, Related searches, Popular products"
handy mit vertrag 0 euro,Commercial,36,90,41,4.04,"Reviews, Video, Related searches, Popular products, Ads middle"
handy mit vertrag d2 netz,Commercial,39,90,24,1.97,"Reviews, Video, Related searches"
handy mit vertrag günstig vodafone,Transactional,33,90,52,2.01,"Reviews, Video, People also ask, Related searches, Popular products"
handy mit vertrag online,Commercial,39,90,41,7.61,"Reviews, Video, People also ask, Related searches, Popular products"
handy mit vertrag und prämie,Commercial,35,90,20,1.79,"Reviews, Video, People also ask, Related searches, Popular products, Ads middle"
handy monatlich bezahlen,Commercial,37,90,43,2.57,"AI Overview, Reviews, Video, People also ask, Related searches"
handy ohne vertrag internet,Commercial,36,90,35,2.45,"Reviews, Video, People also ask, Related searches, Popular products, Ads top, Ads bottom"
handy online vertrag,Commercial,40,90,53,7.61,"Reviews, Video, Related searches"
handy partnerverträge,Commercial,42,90,32,1.64,"Reviews, Video, People also ask, Related searches"
handy preisgünstig,Commercial,37,90,42,0.35,"Video, People also ask, Related searches, Popular products"
handy sim karten,Commercial,35,90,52,6.31,"Reviews, Video, People also ask, Related searches, Popular products"
handy tarif vergleichen,Commercial,38,90,49,3.02,"Sitelinks, Reviews, Video, People also ask, Related searches, Ads middle"
handy und festnetz vertrag,Commercial,43,90,26,1.04,"Reviews, Video, People also ask"
handy vertrag billig,Commercial,40,90,47,3.67,"Reviews, Video, Related searches, Popular products, Ads top, Ads middle"
handy vertrag deals,Commercial,36,90,47,1.22,"Reviews, Video, Related searches"
handy vertrag mit handy vergleich,Commercial,40,90,41,2.34,"Sitelinks, Reviews, Video, Related searches"
handy vertrag online,Commercial,42,90,57,7.61,"Reviews, Video, People also ask, Related searches"
handy. de,Commercial,32,90,69,1.74,"Reviews, People also ask, Related searches"
handy.de angebote,Commercial,34,90,52,1.16,"Reviews, Video, Related searches, Popular products, Ads top, Ads middle"
handytarif 20 gb,Commercial,34,90,20,2.62,"Reviews, People also ask, Related searches, Popular products"
handytarif mit smartphone,Commercial,41,90,52,1.49,"Reviews, Video, Related searches, Popular products, Ads bottom"
handytarif.de,Commercial,36,90,70,2.17,"Reviews, Video, People also ask, Related searches"
handytarife 5g,Commercial,39,90,30,3.89,"Reviews, People also ask, Related searches"
handytarife angebote mit handy,Commercial,41,90,51,1.45,"Reviews, Video, Related searches, Popular products"
handytarife d2,Commercial,37,90,22,1.41,"Sitelinks, Reviews, Video, People also ask, Related searches"
handytarife vodafone mit handy,Commercial,35,90,38,1.74,"Reviews, People also ask, Related searches, Popular products"
handyvertra,Commercial,34,90,63,4.15,"Reviews, Video, People also ask, Related searches"
handyvertrag 15 gb,Commercial,34,90,45,2.62,"Reviews, Video, People also ask, Related searches, Popular products"
handyvertrag 2 sim-karten vergleich,Commercial,38,90,26,2.34,"Sitelinks, Reviews, Video, People also ask, Related searches"
handyvertrag apn,"Informational, Transactional",39,90,12,0.00,"AI Overview, Video, People also ask, Related searches, Ads bottom"
handyvertrag bei 1 & 1,Commercial,35,90,33,0.92,"Reviews, Video, People also ask, Related searches, Ads top, Ads bottom"
handyvertrag bis 10 euro,Commercial,37,90,26,3.41,"Sitelinks, Reviews, Video, People also ask, Related searches, Popular products"
handyvertrag bis 5 euro,Commercial,32,90,25,3.80,"Sitelinks, Reviews, People also ask, Related searches, Ads top, Ads middle"
handyvertrag d1 mit handy,Commercial,39,90,28,1.13,"Reviews, Video, People also ask, Related searches"
handyvertrag d1 netz günstig,Commercial,42,90,25,1.95,"Sitelinks, Reviews, Video, People also ask, Related searches"
handyvertrag flat internet,Commercial,40,90,41,3.89,"Reviews, Video, People also ask, Related searches"
handyvertrag für 10 euro,Commercial,33,90,23,2.81,"Sitelinks, Reviews, Video, People also ask, Related searches, Ads middle"
handyvertrag für 5 euro,Commercial,35,90,24,2.46,"Sitelinks, Reviews, People also ask, Related searches, Ads top, Ads bottom"
handyvertrag mit handy d1,Commercial,38,90,29,1.13,"Reviews, Video, People also ask, Related searches, Popular products, Ads top, Ads bottom"
handyvertrag mit handy freenet,"Navigational, Transactional",36,90,36,0.31,"Reviews, People also ask, Related searches, Popular products"
handyvertrag mit handy ohne bonitätsprüfung,Commercial,28,90,17,1.87,"AI Overview, Reviews, People also ask, Related searches"
handyvertrag mit multicard,Commercial,38,90,16,2.46,"Sitelinks, Reviews, Video, People also ask, Related searches, Ads top, Ads bottom"
handyvertrag mobilcom,Commercial,34,90,22,1.20,"Reviews, Video, People also ask, Related searches, Ads top, Ads middle"
handyvertrag partner,Commercial,41,90,22,2.12,"Reviews, Video, Related searches"
handyvertrag sim karte,"Informational, Transactional",36,90,66,8.52,"Reviews, Video, People also ask, Related searches, Ads bottom"
handyvertrag top angebote,Commercial,42,90,53,1.28,"Reviews, Video, Related searches"
handyvertrag und internet zuhause,Commercial,49,90,37,1.50,"Reviews, Video, People also ask, Related searches"
handyvertrag unendlich datenvolumen,Commercial,40,90,28,3.52,"Sitelinks, AI Overview, Reviews, Video, People also ask, Related searches, Ads top, Ads bottom"
handyvertrag vergleichsportal,Commercial,42,90,48,2.40,"Reviews, Video, People also ask, Related searches, Ads top, Ads middle"
handyvertrag österreich,Commercial,33,90,50,1.18,"AI Overview, Reviews, Video, People also ask, Related searches"
handyvertragvergleich,Commercial,40,90,59,2.62,"Sitelinks, Reviews, Video, People also ask, Related searches"
handyverträge d1 netz,Commercial,40,90,26,2.54,"Video, People also ask, Related searches"
handyverträge mit prämie,Commercial,36,90,19,1.52,"Reviews, Video, People also ask, Related searches, Ads top, Ads middle"
handyverzrag,Commercial,32,90,59,4.15,"Reviews, Video, People also ask, Related searches, Ads top"
hd receiver für kabelfernsehen,Commercial,40,90,22,0.47,"Reviews, Video, Video carousel, People also ask, Related searches, Popular products"
hd reciver,Commercial,34,90,29,0.54,"Video, People also ask, Related searches, Popular products"
hd+ receiver,Commercial,32,90,26,0.60,"Reviews, People also ask, Related searches, Popular products"
hdmi stick smart tv,Commercial,37,90,25,0.52,"Sitelinks, Reviews, Video, People also ask, Related searches, Popular products"
hdtv live streaming,Commercial,44,90,68,1.21,"Reviews, Video, People also ask, Related searches"
hdtv stream,Commercial,43,90,59,1.75,"AI Overview, Reviews, Video, People also ask, Related searches"
hilfe waipu tv,"Navigational, Transactional",40,90,31,0.89,"Video, People also ask, Related searches"
ibes stream kostenlos,"Informational, Transactional",45,90,,0.00,"Reviews, Video, People also ask, Knowledge panel"
illegale streaming-seiten serien,"Informational, Commercial",47,90,18,0.00,"Sitelinks, Reviews, Video, Related searches"
inetnet,Commercial,40,90,67,4.71,"AI Overview, Reviews, Video, Video carousel, People also ask, Related searches, Ads top, Ads bottom"
install sky go,Transactional,35,90,56,0.00,"AI Overview, Reviews, Video, People also ask, Related searches, Ads bottom, Ads middle"
internet 12 monate laufzeit,Commercial,43,90,34,4.76,Related searches
internet an,Commercial,41,90,53,2.98,"AI Overview, Reviews, Video, People also ask, Related searches, Ads top, Ads middle"
internet anbieter test,Commercial,44,90,45,2.75,"AI Overview, Reviews, Video, Video carousel, People also ask, Related searches"
internet anbietet,Commercial,42,90,50,4.09,"Reviews, Video, People also ask, Knowledge panel, Related searches, Ads top, Ads middle"
internet anbiter,Commercial,40,90,48,4.09,"Reviews, Video, People also ask, Related searches"
internet anschluss telekom,Transactional,45,90,35,2.83,"Reviews, Video, People also ask, Related searches"
internet deals,Commercial,43,90,34,3.97,"Reviews, Video, People also ask, Related searches"
internet dsl angebot,Commercial,47,90,50,4.08,"AI Overview, Reviews, Related searches"
internet dsl tarife,Commercial,44,90,47,3.75,"AI Overview, Reviews, Video, Related searches"
internet fernsehen telefon,"Informational, Commercial",43,90,45,1.22,"AI Overview, Reviews, Video, People also ask, Related searches, Ads top, Ads middle"
internet fernseher kaufen,Transactional,44,90,28,0.59,"Reviews, Video, People also ask, Related searches, Popular products"
internet festnetz günstig,"Informational, Commercial",44,90,42,1.73,"AI Overview, Reviews, Video, People also ask, Related searches, Ads top, Ads middle"
internet flat festnetz,Commercial,49,90,38,1.84,"AI Overview, Reviews, People also ask, Related searches, Ads top, Ads middle"
internet flatrate zuhause,"Informational, Commercial",43,90,46,2.06,"AI Overview, Reviews, Video, People also ask, Related searches"
internet für handy ohne vertrag,Commercial,37,90,33,2.58,"Reviews, Video, People also ask, Related searches, Popular products"
internet günstig dsl,Commercial,47,90,33,3.17,"AI Overview, Reviews, Video, Related searches, Ads top, Ads middle"
internet handy ohne vertrag,Commercial,37,90,37,2.45,"Reviews, Video, People also ask, Related searches, Popular products, Ads bottom"
internet handy vertrag,Commercial,43,90,70,4.47,"Video, People also ask, Related searches"
internet haus,"Informational, Commercial",40,90,56,4.13,"Reviews, Video, People also ask, Related searches"
internet hd fernsehen,Commercial,52,90,50,1.59,"Reviews, Video, People also ask, Related searches"
internet kabel preisvergleich,Commercial,45,90,22,3.86,"Reviews, Video, People also ask, Related searches"
internet mieten,Commercial,49,90,10,10.47,"AI Overview, Video, People also ask, Related searches, Ads top, Ads bottom"
internet mit vertrag,Commercial,47,90,52,5.96,"Video, People also ask, Related searches"
internet mobil günstig,Commercial,41,90,35,2.23,"Reviews, Video, People also ask, Related searches, Ads top, Ads bottom"
internet ohne anschlussgebühr,"Informational, Commercial",48,90,29,8.79,"AI Overview, Reviews, Video, People also ask, Related searches, Ads top, Ads bottom"
internet online bestellen,Commercial,40,90,67,18.16,"Reviews, Video, People also ask, Related searches, Ads top, Ads bottom"
internet paket telekom,Transactional,46,90,44,2.55,"Reviews, Video, People also ask, Related searches, Ads top, Ads middle"
internet plan,Commercial,37,90,56,4.64,"AI Overview, Reviews, Video, People also ask, Related searches, Ads bottom"
internet preise vergleichen,Commercial,42,90,54,2.19,"AI Overview, Reviews, Video, People also ask, Related searches"
internet provider internet,Commercial,41,90,59,3.21,"Reviews, Video, Video carousel, People also ask, Local pack, Knowledge panel, Related searches"
internet rooter,Commercial,38,90,46,2.88,"Reviews, Video, Video carousel, People also ask, Knowledge panel, Related searches, Popular products"
internet sim karte vodafone,"Navigational, Transactional",30,90,30,3.12,"Reviews, Video, People also ask, Related searches, Ads top, Ads middle"
internet stick fernseher,Commercial,46,90,33,1.34,"Sitelinks, Reviews, Video, People also ask, Related searches, Popular products"
internet stick tv,Commercial,47,90,30,1.58,"Sitelinks, Reviews, Image, Video, People also ask, Related searches, Popular products"
internet tv smart,"Informational, Commercial",45,90,26,0.74,"Reviews, Video, People also ask, Related searches, Ads bottom"
internet tv-anbieter vergleich,Commercial,49,90,38,1.58,"Sitelinks, AI Overview, Reviews, Video, People also ask, Related searches, Ads bottom"
internet und mobilfunk kombi,Commercial,49,90,27,1.48,"AI Overview, Reviews, Video, Related searches, Ads top, Ads middle"
internet und telefonie,Commercial,44,90,48,1.86,"AI Overview, Reviews, Video, Related searches, Ads top, Ads bottom"
internet verlgeich,Commercial,49,90,45,5.47,"Sitelinks, Reviews, Video, Related searches"
internet vertrag mit router,Commercial,46,90,44,5.81,"Video, Related searches, Popular products, Ads top, Ads bottom"
internet wlan für zuhause,Commercial,42,90,41,4.36,"Reviews, People also ask, Related searches"
internet wlan zuhause,Commercial,43,90,32,4.36,"Reviews, Video, People also ask, Related searches"
internet zu buchen telekom,"Navigational, Transactional",46,90,47,4.70,"Sitelinks, Video, People also ask, Related searches"
internet zuhause telekom,Transactional,44,90,36,3.91,"Reviews, Video, People also ask, Related searches"
internetanbieter angebote,Commercial,49,90,,3.09,"Reviews, Video, People also ask, Related searches, Ads bottom"
internetanschluss fernseher,"Informational, Commercial",48,90,23,0.96,"AI Overview, Reviews, Video, Video carousel, People also ask, Related searches"
internetanschluss für fernseher,Commercial,47,90,34,0.60,"AI Overview, Reviews, Video, People also ask, Related searches, Ads top, Ads middle"
internettarife vergleich,Commercial,46,90,49,2.55,"Reviews, Video, People also ask, Related searches, Ads top, Ads middle"
internetverbindung telekom,Transactional,45,90,40,2.41,"AI Overview, Reviews, People also ask, Related searches, Ads top, Ads bottom"
internetvertrag mit router,Commercial,46,90,54,6.28,"Video, People also ask, Related searches, Ads top, Ads bottom"
internset,"Informational, Commercial",36,90,59,4.71,"Reviews, Video, People also ask, Related searches, Ads bottom"
ip receiver,"Informational, Commercial",36,90,12,0.54,"Video, People also ask, Related searches, Popular products"
ip tv provider,"Informational, Commercial",53,90,31,0.00,"Video, People also ask, Related searches"
ip tv subscription,Commercial,43,90,47,1.27,"Sitelinks, AI Overview, Video, Video carousel, People also ask, Related searches"
iphone handytarife,Commercial,40,90,26,1.42,"Sitelinks, Reviews, Video, People also ask, Related searches, Popular products"
iptv activare,"Informational, Transactional",53,90,19,0.00,"Reviews, Video, Video carousel, Related searches"
iptv anbieter deutsch,"Informational, Commercial",49,90,27,0.00,"AI Overview, Video, Related searches"
iptv app lg,Commercial,41,90,16,0.00,"Video, Video carousel, People also ask, Related searches"
iptv box test,Commercial,47,90,17,0.00,"Sitelinks, Reviews, Video, Video carousel, People also ask, Related searches"
iptv decoder box,Commercial,42,90,23,0.00,"Video, People also ask, Related searches, Popular products"
iptv for pc,Commercial,52,90,,0.00,"Reviews, Video, Video carousel, Related searches"
iptv gratuits,"Informational, Commercial",55,90,30,0.00,"Reviews, Video, People also ask, Related searches"
iptv set top,Commercial,44,90,16,0.00,"Video, People also ask, Related searches, Popular products"
iptv smarters windows,"Informational, Transactional",43,90,34,0.00,"Reviews, Video, Video carousel, People also ask, Related searches"
iptv stick amazon,"Informational, Transactional",48,90,31,0.00,"Sitelinks, Video, People also ask, Related searches, Popular products"
iptv türkei,Commercial,46,90,26,0.00,"Video, People also ask, Related searches"
iptv website,Commercial,54,90,38,0.00,"AI Overview, People also ask, Related searches"
iptv windows player,"Informational, Commercial",46,90,22,0.00,"Reviews, Video, Related searches"
ist magenta tv gut,Commercial,48,90,14,4.78,"AI Overview, Video, Video carousel, People also ask, Related searches, Ads middle"
it anbieter,Transactional,49,90,21,4.54,"Reviews, Video, People also ask, Local pack, Knowledge panel, Related searches"
kabel 1 doku live stream kostenlos ohne anmeldung,"Navigational, Transactional",40,90,31,0.34,"Reviews, Video, Related searches"
kabel 1 fernsehen,Commercial,41,90,35,0.41,"AI Overview, Video, People also ask, Top stories, Related searches"
kabel 1 kostenlos ohne anmeldung,"Navigational, Transactional",37,90,33,0.00,"Sitelinks, Reviews, Video, People also ask, Related searches"
kabel 1 live streaming,Commercial,39,90,46,0.33,"Reviews, Video, People also ask, Related searches"
kabel 1 mediathek live,Commercial,40,90,30,0.40,"Sitelinks, Reviews, Video, People also ask, Related searches, Ads top, Ads bottom"
kabel berlin internet,Commercial,44,90,26,3.70,"AI Overview, Reviews, Video, Related searches"
kabel ein mediathek,Commercial,43,90,28,0.36,"AI Overview, Reviews, Video, People also ask, Related searches, Ads top, Ads bottom"
kabel hd receiver,Commercial,36,90,22,0.38,"Reviews, Video, Video carousel, People also ask, Related searches, Popular products"
kabel internet mit prämie,Commercial,49,90,8,4.36,"Related searches, Ads top, Ads middle"
kabel tv anbieter ohne internet,"Informational, Commercial",53,90,27,1.72,"AI Overview, Video, People also ask, Related searches, Ads top, Ads bottom"
kabel tv vertrag,"Informational, Commercial",44,90,31,2.02,"Sitelinks, Reviews, Video, People also ask, Related searches"
kabel verfügbar,Commercial,41,90,25,1.54,"AI Overview, Reviews, Video, People also ask, Related searches, Ads top, Ads bottom"
kabel1 streaming,Commercial,48,90,44,0.44,"Reviews, Video, People also ask, Related searches, Ads top, Ads middle"
kabelfernseh kosten,Commercial,49,90,31,0.63,"AI Overview, Reviews, Video, People also ask, Related searches, Ads bottom, Ads middle"
kabelfernsehen receiver,Commercial,39,90,27,0.41,"Reviews, Video, Video carousel, People also ask, Related searches, Popular products"
karte für tablet internet,Commercial,42,90,28,1.64,"Reviews, Video, People also ask, Related searches, Popular products"
karte lte netzabdeckung,Commercial,43,90,32,0.78,"Reviews, Image pack, Video, Related searches, Ads bottom"
klarmobile handy mit vertrag,"Informational, Transactional",35,90,26,1.12,"Sitelinks, Reviews, Video, People also ask, Related searches, Popular products"
kosten fernsehen über internet,Commercial,49,90,42,0.58,"Reviews, Video, People also ask, Related searches, Ads bottom"
kosten telefonanschluss,"Informational, Commercial",41,90,38,0.52,"AI Overview, Reviews, Video, People also ask, Related searches, Ads bottom, Ads middle"
kosten telefonanschluss telekom,"Informational, Transactional",37,90,35,0.89,"AI Overview, Reviews, Video, People also ask, Related searches"
kosten wlan router,Commercial,39,90,33,1.83,"Reviews, People also ask, Related searches, Popular products"
kostenfrei fernsehen,Commercial,41,90,51,0.55,"AI Overview, Reviews, Video, People also ask, Related searches"
kostenlos fernsehn über internet,Commercial,45,90,38,0.58,"AI Overview, Reviews, Video, People also ask, Related searches"
kostenlos online fernsehen schauen,Commercial,41,90,58,0.77,"Sitelinks, Reviews, Video, People also ask, Related searches, Ads top, Ads bottom"
kostenlos serien online schaun,Commercial,38,90,24,1.13,"AI Overview, Reviews, Video, Related searches"
kostenloses handy,Commercial,37,90,13,2.13,"Reviews, People also ask, Related searches, Ads bottom"
liegt bei mir glasfaser,Commercial,42,90,35,1.14,"Reviews, Video, People also ask, Related searches"
live programm rtl,"Informational, Transactional",51,90,34,0.55,"Video, People also ask, Related searches"
live rtl gucken kostenlos,Commercial,42,90,55,0.89,"AI Overview, Reviews, Video, People also ask, Related searches, Ads top, Ads middle"
live tv fernsehen,Commercial,44,90,69,0.72,"Reviews, Video, People also ask, Related searches"
live tv sky,"Navigational, Transactional",37,90,84,1.53,"Video, People also ask, Related searches"
livestream fernsehen rtl,"Navigational, Transactional",51,90,52,0.56,"Reviews, Video, People also ask, Related searches, Ads bottom"
livetv streamen,"Informational, Transactional",42,90,34,1.64,"Reviews, Video, Video carousel, People also ask, Related searches"
login winsim,"Navigational, Transactional",27,90,37,0.01,"Sitelinks, Reviews, People also ask, Related searches"
lte netzabdeckung telekom,"Informational, Transactional",44,90,31,3.76,"Reviews, People also ask, Related searches"
lte verfügbarkeit vodafone,"Informational, Transactional",37,90,30,1.76,"AI Overview, Reviews, People also ask, Related searches, Ads top, Ads bottom"
m-net tv plus,"Navigational, Transactional",40,90,22,1.58,"Sitelinks, Reviews, Video, People also ask, Related searches"
m-net tvplus,"Navigational, Transactional",46,90,23,1.58,"Sitelinks, Reviews, Video, People also ask, Related searches"
magenta online shop,Commercial,32,90,48,2.75,"Reviews, People also ask, Related searches"
magenta tv anmelden live tv,"Navigational, Transactional",47,90,45,0.00,"AI Overview, Reviews, Video, Video carousel, People also ask, Related searches"
magenta tv bewertung,Commercial,48,90,16,6.87,"AI Overview, Reviews, Video, Video carousel, People also ask, Related searches"
magenta tv festplattenrecorder,Transactional,45,90,16,2.32,"Sitelinks, Reviews, Video, People also ask, Related searches, Ads middle"
magenta tv ohne receiver nachteile,"Informational, Commercial",46,90,21,5.83,"AI Overview, Reviews, Video, People also ask, Related searches, Ads middle"
magenta tv one anmelden,"Informational, Transactional",48,90,27,0.00,"AI Overview, Video, Video carousel, People also ask, Related searches"
magenta tv pakete preise,Transactional,48,90,50,3.40,"AI Overview, Reviews, People also ask, Related searches"
magenta tv sender liste,Commercial,47,90,23,0.40,"Video, Video carousel, People also ask, Related searches"
magenta tv startseite,Commercial,48,90,34,3.15,"AI Overview, Video, Video carousel, People also ask, Related searches, Ads top"
magenta tv stick alternative,Commercial,44,90,21,0.27,"Sitelinks, Reviews, Video, People also ask, Related searches"
magentatv ohne vertrag,Commercial,44,90,28,3.31,"AI Overview, Reviews, People also ask, Related searches"
magentatv serien kostenlos,"Informational, Commercial",41,90,19,0.00,"Reviews, Video, People also ask, Related searches"
media markt handys mit vertrag,Commercial,32,90,27,0.52,"Sitelinks, Video, People also ask, Related searches, Popular products"
mediamarkt smartphone mit vertrag,"Navigational, Transactional",32,90,36,0.39,"Sitelinks, Reviews, Video, People also ask, Related searches, Popular products"
mediamarkt waipu tv stick,"Informational, Transactional",46,90,,0.42,"Video, People also ask, Related searches, Popular products, Ads bottom"
mediathek rtl livestream,"Navigational, Transactional",43,90,48,0.00,"Reviews, Video, People also ask, Related searches, Ads bottom"
mega sim de,Commercial,35,90,18,0.49,"Video, People also ask, Related searches"
mega sim login,"Informational, Commercial",29,90,26,1.79,"AI Overview, Reviews, Video, People also ask, Related searches"
mobil tarif günstig,Commercial,39,90,59,3.49,"Reviews, Video, People also ask, Related searches, Ads top, Ads middle"
mobil vertrag vergleich,Commercial,35,90,55,3.54,"Reviews, Video, People also ask, Related searches"
mobilcom debitel vertrag,Commercial,35,90,37,1.70,"People also ask, Related searches"
mobile angebote,Commercial,35,90,63,2.07,"Reviews, People also ask, Related searches, Ads bottom"
mobile daten angebote,Commercial,40,90,42,3.72,"Reviews, People also ask, Related searches"
mobile daten tarif,Commercial,39,90,40,2.10,"Reviews, People also ask, Related searches, Ads top, Ads bottom"
mobile de preisliste,"Informational, Transactional",32,90,30,0.00,"AI Overview, People also ask, Related searches"
mobile fernseher,"Informational, Commercial",47,90,24,0.18,"Image pack, People also ask, Related searches, Popular products"
mobile television,"Informational, Transactional",47,90,40,0.49,"Sitelinks, Image pack, Video, People also ask, Knowledge panel, Related searches, Popular products"
mobiles internet angebote,Commercial,44,90,34,2.89,"Video, People also ask, Related searches, Ads middle"
mobiles telefon,Commercial,34,90,22,1.24,"Video, People also ask, Related searches, Popular products"
mobilfunk angebot,Commercial,40,90,68,2.70,"AI Overview, Reviews, Video, People also ask, Related searches"
mobilfunk deals,Commercial,38,90,39,2.60,"Reviews, Video, Related searches"
mobilfunk familientarif,Commercial,43,90,27,1.59,"Reviews, Video, People also ask, Related searches, Ads top"
mobilfunk mit handy,Commercial,40,90,57,2.69,"Reviews, Video, People also ask, Related searches"
mobilfunk netzabdeckung vergleich,Commercial,47,90,35,2.43,"Sitelinks, Video, People also ask, Related searches, Ads bottom"
mobilfunk preisvergleich,Commercial,41,90,53,3.06,"Reviews, Video, People also ask, Related searches"
mobilfunk vergleich netzabdeckung,Commercial,47,90,37,2.43,"Sitelinks, AI Overview, Video, People also ask, Related searches, Ads top, Ads bottom"
mobilfunkabdeckung,Commercial,42,90,56,1.52,"Reviews, Video, People also ask, Related searches"
mobilfunkvertrag günstig ohne handy,Commercial,39,90,32,4.10,"Reviews, Video, People also ask, Related searches, Popular products, Ads top, Ads bottom"
mobilfunkvertrag ohne handy vergleich,Commercial,36,90,38,3.43,"Reviews, Video, People also ask, Related searches, Ads top, Ads middle"
mobilvertrag vergleich,Commercial,39,90,51,3.36,"Sitelinks, Reviews, Video, People also ask, Related searches"
moxi player tv stick,"Informational, Commercial",48,90,,0.00,"Sitelinks, Reviews, Video, People also ask, Related searches, Popular products"
musik streaming dienste im test,Commercial,54,90,27,0.66,"Sitelinks, Reviews, Video, Short videos, People also ask, Related searches"
neflix abo,"Navigational, Transactional",40,90,55,1.63,"Reviews, Video, People also ask, Related searches"
net sim card,Commercial,29,90,60,4.61,"Reviews, Video, People also ask, Related searches, Ads top, Ads middle"
netfix abo,"Navigational, Transactional",38,90,50,1.63,"Reviews, Video, People also ask, Related searches"
netflex plan,"Navigational, Transactional",33,90,79,1.22,"Image pack, Video, People also ask, Related searches"
netflix 4k abonnement,"Informational, Transactional",40,90,42,1.44,"Sitelinks, AI Overview, Reviews, Video, People also ask, Related searches"
netflix 4k preis,Transactional,42,90,39,0.97,"AI Overview, Reviews, People also ask, Related searches"
netflix a,"Navigational, Transactional",37,90,76,0.00,"Sitelinks, Reviews, People also ask, Knowledge panel, Related searches"
netflix abo erweitern,"Informational, Transactional",46,90,59,0.00,"Video, Video carousel, People also ask, Related searches"
netflix abonnement kosten,"Informational, Transactional",42,90,50,1.21,"AI Overview, Reviews, Video, People also ask, Related searches"
netflix bibliothek,Commercial,38,90,70,0.00,"Sitelinks, AI Overview, Reviews, Video, People also ask, Related searches"
netflix familien abo preis,"Navigational, Transactional",37,90,59,0.00,"AI Overview, Reviews, Video, People also ask, Related searches"
netflix film deutsch,Transactional,37,90,28,0.00,"Sitelinks, Video, Video carousel, People also ask, Related searches"
netflix filme übersicht,Commercial,37,90,39,0.00,"Video, People also ask, Related searches"
netflix monthly subscription deutsch,"Informational, Transactional",40,90,56,1.25,"AI Overview, Reviews, Video, People also ask, Related searches"
netflix optionen,"Informational, Transactional",42,90,58,0.00,"AI Overview, Reviews, Video, People also ask, Related searches"
netflix premium günstiger,Commercial,48,90,24,0.70,"Sitelinks, AI Overview, Video, People also ask, Related searches, Ads middle"
netflix premium preis,Transactional,41,90,51,1.95,"AI Overview, Reviews, Video, People also ask, Related searches"
netflix premum,Transactional,48,90,50,2.26,"Reviews, Video, People also ask, Related searches"
netflix standart,"Informational, Transactional",41,90,51,2.05,"Reviews, Image pack, Video, People also ask, Related searches"
netflix sticks,Commercial,48,90,30,0.35,"Reviews, Video, People also ask, Related searches"
netflix testabo,"Informational, Transactional",40,90,44,1.56,"Video, People also ask, Top stories, Related searches"
netflix videos,"Informational, Transactional",33,90,77,0.00,"Reviews, Video, Video carousel, People also ask, Related searches"
netflix welche serien,Commercial,33,90,48,0.28,"Video, People also ask, Top stories"
netlix abo,"Navigational, Transactional",39,90,54,1.43,"Video, People also ask, Related searches"
nettv plus login,Commercial,31,90,12,0.00,"Reviews, Related searches"
netz check,Commercial,34,90,33,1.62,"Reviews, Video, People also ask, Related searches"
netzabdeckung 4g,Commercial,39,90,36,0.66,"Reviews, Image pack, Video, People also ask, Related searches"
netzabdeckung bundesnetzagentur,Transactional,36,90,32,0.00,"Reviews, Video, People also ask, Related searches"
netzabdeckung karte telekom,"Informational, Transactional",42,90,35,1.27,"Reviews, Image pack, People also ask, Related searches"
netzabdeckung karte vodafone,Commercial,47,90,26,1.48,"Image pack, Video, People also ask, Related searches, Ads top, Ads bottom"
netzabdeckung mobilfunk vergleich,Commercial,47,90,35,2.43,"Sitelinks, Video, People also ask, Related searches, Ads top, Ads bottom"
netzabdeckung mobilfunk vodafone,Commercial,41,90,32,1.74,"Sitelinks, Reviews, Video, People also ask, Related searches, Ads top, Ads bottom"
netzabdeckung prüfen telekom,"Navigational, Transactional",42,90,40,0.29,"Sitelinks, Reviews, Video, People also ask, Related searches"
netzabdeckung telekom lte,"Informational, Transactional",42,90,45,3.03,"Reviews, People also ask, Related searches"
netzabdeckung telekom prüfen,Transactional,43,90,35,0.25,"Reviews, Video, People also ask, Related searches"
netzausbau glasfaser,Commercial,37,90,49,1.25,"Sitelinks, AI Overview, Reviews, Video, People also ask, Related searches, Ads bottom, Ads middle"
neue handytarife,Commercial,38,90,60,2.47,"Reviews, Video, People also ask, Related searches"
neue sim karte kaufen,Transactional,32,90,34,5.04,"Video, People also ask, Related searches, Popular products"
neuen router kaufen,Transactional,42,90,37,0.76,"Reviews, Video, Video carousel, People also ask, Related searches, Popular products"
neues handy telekom vertrag,Transactional,39,90,38,2.76,"Reviews, People also ask, Related searches, Ads top, Ads bottom"
nitro livestream nydus,"Navigational, Transactional",37,90,23,0.00,"Reviews, Video, People also ask, Related searches"
nur internet tarif,Commercial,40,90,36,1.37,"AI Overview, Video, People also ask, Related searches"
nur magenta tv buchen,Commercial,48,90,33,2.71,"AI Overview, Reviews, People also ask, Related searches, Ads bottom, Ads middle"
o2 fernseher kaufen,"Informational, Transactional",40,90,34,1.06,"Video, Related searches, Popular products"
o2 sim vertrag,Commercial,33,90,56,1.33,"Reviews, Related searches, Ads middle"
o2 smartphone vertrag,"Navigational, Transactional",36,90,43,0.38,"Sitelinks, Reviews, Video, People also ask, Related searches, Popular products"
o2 tv sender,Transactional,41,90,29,1.05,"AI Overview, Reviews, Video, People also ask, Related searches, Ads bottom"
ohne kabel tv schauen,"Informational, Commercial",46,90,30,2.29,"Featured snippet, Sitelinks, Reviews, Video, Video carousel, People also ask, Related searches, Popular products, Ads bottom, Ads middle"
online fernsehen gratis,Commercial,43,90,44,0.89,"Reviews, Video, People also ask, Related searches"
online gratis fernsehen,Commercial,42,90,40,1.37,"Reviews, Video, People also ask, Related searches"
online sim karte kaufen,Transactional,34,90,31,10.45,"Sitelinks, Reviews, Video, People also ask, Related searches, Popular products"
online tv freeware,Commercial,42,90,38,0.83,"Reviews, Video, People also ask, Related searches"
online tv schauen kostenlos ohne anmeldung rtl,Transactional,51,90,30,0.00,"AI Overview, Reviews, Video, People also ask, Related searches"
online vertrag handy,Commercial,42,90,54,7.61,"Reviews, Video, Related searches"
partnerkarte freenet,Transactional,39,90,30,2.90,"Reviews, Video, People also ask, Related searches, Ads top, Ads bottom"
partnervertrag mit 2 handys vergleich,Commercial,46,90,32,1.17,"AI Overview, Reviews, Video, People also ask, Related searches, Ads top, Ads middle"
pc iptv,Commercial,52,90,31,0.00,"AI Overview, Reviews, Video, People also ask"
playstation handyvertrag,Commercial,36,90,10,1.28,"Sitelinks, Reviews, Related searches, Popular products"
preise netflix abo,Transactional,41,90,50,1.02,"AI Overview, Reviews, Video, People also ask, Related searches"
preise waipu tv,Transactional,38,90,46,0.05,"Reviews, People also ask, Related searches, Ads top, Ads bottom"
premium netflix,"Informational, Transactional",41,90,61,0.00,"AI Overview, Reviews, Video, People also ask, Related searches"
prepaid karte mit handy kaufen,Transactional,37,90,32,1.11,"Sitelinks, Reviews, Video, People also ask, Related searches, Popular products"
programm rtl live,"Informational, Transactional",51,90,,0.55,"Video, People also ask, Related searches, Ads bottom"
receiver hd kaufen,Transactional,39,90,29,0.33,"Video, People also ask, Related searches"
receiver stream,"Informational, Commercial",37,90,12,0.00,"Reviews, Video, People also ask, Related searches"
router abdeckung,"Informational, Transactional",36,90,29,0.11,"Image, Image pack, Video, Video carousel, People also ask, Related searches, Popular products"
router bestenliste,Commercial,39,90,32,0.80,"Reviews, Video, People also ask, Related searches"
router für fernseher,"Informational, Transactional",42,90,32,0.95,"Reviews, Image, Video, Video carousel, People also ask, Related searches, Popular products"
router hersteller,"Informational, Commercial",36,90,24,0.00,"Reviews, Video, People also ask, Related searches, Popular products"
router mediamarkt,"Informational, Transactional",36,90,30,0.22,"People also ask, Related searches, Popular products"
router neu kaufen,Transactional,46,90,35,0.76,"Reviews, Video, People also ask, Related searches, Popular products"
router wi fi,Commercial,34,90,36,1.88,"Reviews, Video, Video carousel, People also ask, Related searches, Popular products"
rtl 2 kostenlos,Commercial,41,90,31,2.02,"AI Overview, Video, People also ask, Related searches"
rtl 2 kostenlos schauen,Commercial,41,90,28,1.23,"Reviews, Video, People also ask, Related searches"
rtl 4 live,"Navigational, Transactional",38,90,34,0.71,"AI Overview, Reviews, Video, People also ask, Related searches"
rtl de stream live,"Navigational, Transactional",45,90,83,0.71,"Reviews, Video, People also ask, Related searches"
rtl ii livestream,Commercial,42,90,31,0.68,"Reviews, Video, People also ask, Related searches"
rtl kostenlos live gucken,Commercial,42,90,30,0.89,"Reviews, Video, People also ask, Related searches, Ads bottom"
rtl kostenlos ohne anmeldung live,Transactional,51,90,39,0.00,"AI Overview, Reviews, Video, People also ask, Related searches"
rtl kostenlos streamen ohne anmeldung,Transactional,40,90,45,0.00,"AI Overview, Reviews, Video, People also ask, Related searches"
rtl kostenlos tv,Transactional,42,90,50,0.76,"Reviews, Video, People also ask, Related searches, Ads bottom"
rtl live now,"Navigational, Transactional",51,90,67,0.26,"Reviews, Video, People also ask, Related searches"
rtl live sender,"Navigational, Transactional",51,90,69,0.70,"Sitelinks, Reviews, Video, People also ask, Related searches"
rtl live ticker,"Navigational, Transactional",34,90,62,0.00,"Reviews, Video, People also ask, Top stories, Related searches"
rtl livestraem,"Navigational, Transactional",41,90,48,0.60,"Reviews, Video, People also ask, Related searches"
rtl livestream hd,"Navigational, Transactional",42,90,52,0.87,"Reviews, Video, People also ask, Related searches"
rtl livestream mediathek,"Navigational, Transactional",43,90,48,0.00,"Reviews, Video, People also ask, Related searches"
rtl livew,"Navigational, Transactional",40,90,68,0.47,"Reviews, Video, People also ask, Top stories, Related searches"
rtl media,"Navigational, Transactional",37,90,70,0.14,"Sitelinks, Reviews, Video, People also ask, Related searches"
rtl mediathek livestream,"Navigational, Transactional",43,90,44,0.00,
rtl online live,"Navigational, Transactional",51,90,53,1.00,"Video, People also ask, Top stories, Related searches"
rtl online sehen,"Navigational, Transactional",41,90,46,0.82,"Reviews, Video, People also ask, Related searches, Ads bottom"
rtl plus fernsehprogramm heute,Commercial,51,90,44,0.33,"People also ask, Related searches"
rtl plus live programm heute,"Navigational, Transactional",51,90,85,0.15,"Sitelinks, People also ask, Related searches"
rtl punkt 12 live,"Navigational, Transactional",38,90,34,0.00,"Sitelinks, Video, People also ask, Related searches"
rtl sender live,"Navigational, Transactional",51,90,67,0.70,"Sitelinks, Reviews, Video, People also ask, Related searches"
rtl stream ohne anmeldung,"Navigational, Transactional",39,90,42,1.31,"AI Overview, Reviews, Video, People also ask, Related searches"
rtl stream online kostenlos,Commercial,42,90,60,1.36,"AI Overview, Reviews, Video, People also ask, Related searches"
rtl tv kostenlos,Commercial,45,90,44,0.72,"Reviews, Video, People also ask, Related searches"
rtl tv live heute,"Navigational, Transactional",51,90,51,0.36,"Reviews, Video, People also ask, Related searches"
rtl wiederholung,"Informational, Transactional",35,90,51,0.52,"Video, People also ask, Related searches"
rtl1,"Informational, Transactional",32,90,67,0.65,"Reviews, Video, Related searches"
rtl2 gucken,Commercial,37,90,45,0.77,"Reviews, Video, People also ask, Related searches"
samsung handyvertrag,Commercial,37,90,36,1.54,"Reviews, Related searches, Popular products"
samsung login deutsch,"Navigational, Transactional",33,90,48,0.47,"Sitelinks, Video, People also ask, Related searches, Ads top"
samsung mit vertrag günstig,Commercial,37,90,33,1.20,"Reviews, People also ask, Related searches, Ads top, Ads bottom"
samsung sat receiver,Commercial,32,90,30,0.07,"People also ask, Popular products"
sat 1 hd live stream,Commercial,38,90,29,0.70,"Reviews, Video, People also ask, Related searches, Ads bottom"
sat 1 live ohne anmelden,"Navigational, Transactional",38,90,31,0.41,"Reviews, Video, Related searches"
sat receiver digital,"Informational, Commercial",38,90,17,0.19,"Video, Video carousel, People also ask, Related searches, Popular products"
sat receiver mit apps,Commercial,40,90,11,0.34,"Sitelinks, Video, People also ask, Related searches, Popular products"
satellite and receiver,"Informational, Commercial",34,90,14,0.15,"Image pack, Video, Related searches, Popular products"
satellite tv live,Commercial,40,90,58,0.32,"AI Overview, Reviews, Video, People also ask, Related searches"
saturn mit vertrag,"Informational, Transactional",31,90,36,1.20,"Reviews, Video, People also ask, Related searches"
save tv angebot,"Informational, Transactional",45,90,21,1.66,"Sitelinks, Reviews, Video, People also ask, Related searches"
sendung verpasst rtl2 now,"Informational, Transactional",35,90,45,0.00,"Reviews, People also ask, Related searches"
serie free,"Informational, Transactional",30,90,26,0.86,"Sitelinks, Reviews, Image, Video, People also ask, Knowledge panel, Related searches, Ads bottom"
serie illegal streamen,"Informational, Commercial",47,90,46,0.00,"Sitelinks, Reviews, Video, People also ask, Related searches"
serie stream io,Commercial,47,90,33,0.00,"AI Overview, Reviews, People also ask, Related searches"
serie streaming tv,Commercial,39,90,43,0.00,"AI Overview, Reviews, Video, Related searches"
serie tv streaming,"Informational, Commercial",39,90,45,0.00,"Reviews, Video, People also ask, Top stories, Related searches"
serien filme,Commercial,32,90,57,0.67,"Sitelinks, Image, Video, Video carousel, People also ask, Top stories, Related searches"
serien gucken gratis,Commercial,39,90,31,0.56,"Sitelinks, Reviews, Video, People also ask, Related searches"
serien stream sto,Commercial,47,90,31,0.00,"Reviews, Video, People also ask, Related searches"
serien streamen io,Commercial,47,90,29,0.00,"Sitelinks, Reviews, Video, People also ask, Related searches"
serien zum anschauen,Commercial,35,90,43,0.46,"AI Overview, Video, People also ask, Related searches"
serienstraem,Commercial,47,90,10,0.71,Related searches
serienstream ip,Commercial,47,90,32,0.00,"Reviews, Video, People also ask, Related searches"
serienstream.to domains,Commercial,47,90,30,0.00,"Reviews, Video, People also ask, Related searches"
serietvu streaming,Commercial,47,90,41,0.00,"AI Overview, Reviews, Video, People also ask, Related searches"
set box tv,"Informational, Commercial",39,90,17,1.14,"Sitelinks, Reviews, Video, People also ask, Related searches, Popular products"
set top box tv,Commercial,40,90,13,0.88,"Image pack, People also ask, Related searches, Popular products"
sim card berlin,Commercial,33,90,22,3.58,"Sitelinks, Reviews, Video, People also ask, Local pack, Related searches"
sim card kaufen,Commercial,34,90,30,5.05,"Video, People also ask, Local pack, Related searches, Popular products, Ads top, Ads middle"
sim de ausland,"Navigational, Transactional",29,90,25,1.48,"People also ask, Related searches"
sim de handy,"Navigational, Transactional",30,90,30,20.34,"Sitelinks, Reviews, Video, Related searches, Popular products, Ads top, Ads middle"
sim handytarif,Commercial,46,90,66,4.02,"Reviews, Video, People also ask, Related searches"
sim internet flat,Commercial,35,90,34,3.37,"Reviews, Video, People also ask, Related searches, Popular products"
sim karte für handy,Commercial,37,90,48,5.54,"Reviews, Video, People also ask, Related searches, Popular products"
sim karte kosten,Commercial,32,90,41,1.74,"Sitelinks, AI Overview, Video, People also ask, Related searches"
sim karte mit vertrag günstig,Commercial,37,90,66,6.16,"Reviews, Video, People also ask, Related searches, Popular products, Ads top, Ads bottom"
sim karte ohne limit,Commercial,35,90,29,5.24,"Reviews, Video, People also ask, Related searches"
sim karte online bestellen,Commercial,33,90,39,14.00,"Reviews, Video, People also ask, Related searches"
sim karte unlimited internet,Commercial,33,90,34,6.11,"Reviews, Video, People also ask, Related searches"
sim telefon,Commercial,34,90,24,3.17,"Video, People also ask, Related searches, Popular products, Ads middle"
sim-karte mit vertrag günstig,Commercial,46,90,69,5.63,"Reviews, Video, People also ask, Related searches, Popular products"
sim.de handy,"Navigational, Commercial",46,90,42,12.59,"Sitelinks, Video, Related searches, Popular products, Ads top, Ads bottom"
sim.de servicewelt app,Commercial,31,90,24,0.00,"Reviews, People also ask, Related searches"
sim24 handy ohne vertrag,"Informational, Transactional",46,90,16,0.64,"Reviews, People also ask, Related searches, Popular products"
sim24 handytarife,"Navigational, Commercial",46,90,30,0.76,"Sitelinks, People also ask, Related searches"
simde login,"Informational, Transactional",29,90,30,0.44,"Sitelinks, Reviews, People also ask, Related searches"
sky abo formel 1,Transactional,31,90,43,0.77,"Reviews, Video, People also ask, Related searches, Ads top, Ads bottom"
sky abo mit netflix,Commercial,40,90,34,1.71,"AI Overview, Reviews, Video, People also ask, Related searches, Ads bottom, Ads middle"
sky abo preis,Transactional,39,90,41,1.66,"Sitelinks, AI Overview, Reviews, Video, People also ask, Related searches"
sky abo serien,Commercial,40,90,50,2.03,"AI Overview, Reviews, Video, People also ask, Related searches, Ads top, Ads bottom"
sky abo verlängern,Transactional,41,90,26,1.71,"Reviews, Video, People also ask, Related searches"
sky and wifi,"Navigational, Transactional",31,90,39,2.33,"Reviews, Video, People also ask, Related searches"
sky angebote günstig,Transactional,39,90,42,0.71,"Reviews, People also ask, Related searches"
sky de black friday,Transactional,35,90,30,0.00,"Reviews, Video, People also ask, Related searches"
sky deutschland preise,Transactional,46,90,40,1.62,"Sitelinks, AI Overview, People also ask, Related searches, Ads bottom, Ads middle"
sky die besten angebote,Commercial,37,90,37,0.71,"Sitelinks, Reviews, Video, People also ask, Related searches"
sky entertainment programm,Transactional,34,90,37,0.00,"Reviews, Video, People also ask, Related searches"
sky fussball angebote,"Informational, Transactional",42,90,42,1.42,"Sitelinks, Reviews, Related searches"
sky fußball angebot,"Informational, Transactional",44,90,43,1.45,"Sitelinks, Reviews, Video, Related searches"
sky go angebot,Transactional,38,90,43,2.27,"Reviews, Video, People also ask, Related searches"
sky go auf pc,"Informational, Transactional",35,90,34,1.26,"Reviews, People also ask, Related searches"
sky go log in,"Navigational, Transactional",33,90,45,0.63,"AI Overview, Reviews, Video, People also ask, Related searches"
sky go preis,Transactional,39,90,47,1.69,"AI Overview, Reviews, People also ask, Related searches"
sky go test,Commercial,31,90,12,1.57,"AI Overview, Reviews, Video, People also ask, Related searches, Ads bottom"
sky günstige angebote,Commercial,40,90,37,0.71,"AI Overview, Reviews, People also ask, Related searches, Ads top, Ads middle"
sky kunden,"Navigational, Transactional",40,90,56,0.72,"Sitelinks, Reviews, Video, People also ask, Related searches, Ads top, Ads bottom"
sky movie,"Navigational, Transactional",29,90,45,0.83,"Reviews, Video, Related searches, Ads bottom"
sky oder dazn,Commercial,34,90,27,0.00,"Sitelinks, Video, People also ask, Related searches"
sky pc,Transactional,31,90,44,1.40,"Reviews, Video, People also ask, Related searches, Ads top, Ads bottom"
sky q abonnieren,Transactional,46,90,25,0.68,"AI Overview, Video, People also ask, Related searches, Ads top, Ads middle"
sky q receiver kaufen ohne vertrag,Transactional,40,90,28,0.58,"AI Overview, Reviews, People also ask, Related searches, Ads top, Ads bottom"
sky schauen,"Navigational, Transactional",43,90,71,1.64,"AI Overview, Reviews, Image, Video, People also ask, Related searches, Ads bottom, Ads middle"
sky sport studenten,Transactional,35,90,30,0.00,"Reviews, People also ask, Related searches"
sky sport testen,Commercial,40,90,21,1.66,"AI Overview, Reviews, Video, People also ask, Related searches, Ads top, Ads bottom"
sky stream deutschland,Transactional,44,90,45,1.87,"Reviews, Video, Video carousel, People also ask, Related searches, Ads top, Ads bottom"
sky tele,"Navigational, Transactional",35,90,70,0.95,"AI Overview, Reviews, Video, People also ask, Related searches, Ads middle"
sky windows,"Informational, Transactional",31,90,39,1.14,"AI Overview, Reviews, People also ask, Related searches, Ads bottom"
sky x angebot,"Navigational, Transactional",40,90,51,0.00,"Sitelinks, Reviews, Image, People also ask, Related searches"
sky x app,"Navigational, Transactional",31,90,30,0.00,"Reviews, Video, People also ask, Related searches"
sky übertragung in der nähe,Transactional,46,90,36,0.11,"Reviews, Knowledge panel, Related searches"
smart iptv app kostenlos,"Informational, Commercial",52,90,30,0.00,"AI Overview, Reviews, Video, People also ask, Related searches"
smart iptv download chip,Transactional,52,90,42,0.00,"Video, People also ask, Related searches"
smart iptv eu,"Informational, Transactional",42,90,29,0.00,"AI Overview, Reviews, Video, Video carousel, People also ask, Related searches"
smart iptv kaufen,Transactional,51,90,29,0.00,"Reviews, Video, People also ask, Related searches"
smart iptv player pro,"Informational, Transactional",52,90,39,0.00,"Reviews, Video, Video carousel, People also ask, Related searches"
smart satelliten receiver,"Informational, Commercial",38,90,25,0.16,"Video, Video carousel, People also ask, Related searches, Popular products"
smart tv adapter,Commercial,42,90,26,0.28,"Sitelinks, Video, People also ask, Related searches, Popular products"
smart tv and internet,Commercial,43,90,44,1.15,"Sitelinks, AI Overview, Reviews, Video, Video carousel, People also ask, Related searches"
smart tv box erfahrungen,Commercial,41,90,27,0.00,"Sitelinks, Reviews, Video, Video carousel, People also ask, Related searches"
smart tv stick usb,Commercial,41,90,22,0.45,"Sitelinks, Reviews, Video, People also ask, Related searches, Popular products"
smart tv vertrag,Commercial,44,90,20,2.90,"Reviews, People also ask, Related searches, Popular products, Ads top, Ads middle"
smartphon mit vertrag,Commercial,40,90,52,1.50,"Reviews, Video, People also ask, Related searches, Popular products"
smartphone mit tarif angebote,Commercial,40,90,41,2.87,"Reviews, Video, Related searches, Popular products"
smartphone mit vertrag o2,Transactional,33,90,44,0.38,"Sitelinks, Reviews, Video, People also ask, Related searches, Popular products"
smartphone tarife vergleichen,Commercial,37,90,49,1.77,"Reviews, Video, Related searches"
spannende thriller serien,Commercial,31,90,23,0.03,"Image, Video, People also ask, Related searches"
stick hdmi smart tv,Commercial,42,90,26,0.64,"Sitelinks, People also ask, Related searches"
stream anbieter,"Informational, Commercial",49,90,45,2.07,"Sitelinks, AI Overview, Video, People also ask, Related searches, Ads top, Ads middle"
stream tv free,Commercial,38,90,52,0.94,"Reviews, Video, People also ask, Related searches"
stream tv tv series,Commercial,41,90,61,2.94,"AI Overview, Reviews, Video, People also ask, Related searches"
streamanbieter,Commercial,54,90,45,7.65,"AI Overview, Reviews, Video, People also ask, Related searches, Ads middle"
streamen ohne anmeldung,"Navigational, Transactional",45,90,39,0.00,"Sitelinks, Video, People also ask, Related searches"
streaming dienst vergleich,Commercial,54,90,37,1.60,"Reviews, Video, Video carousel, People also ask, Related searches"
streaming geraete,"Informational, Commercial",48,90,16,0.94,"Reviews, Video, Video carousel, People also ask, Related searches, Popular products"
streaming hd film,Commercial,34,90,29,0.00,"AI Overview, Reviews, Video, Related searches"
streaming plans,"Informational, Commercial",48,90,76,0.00,"Sitelinks, AI Overview, Reviews, Video, People also ask, Related searches, Ads bottom"
streaming services germany,Commercial,51,90,50,1.56,"Sitelinks, AI Overview, Reviews, Video, People also ask, Related searches"
streaming vergleich,Commercial,46,90,38,1.89,"Reviews, Video, People also ask, Related searches"
streaming-dienste vergleich,Commercial,54,90,35,1.33,"AI Overview, Reviews, Video, People also ask, Related searches"
stärkster wlan router,Commercial,37,90,25,0.45,"Sitelinks, Reviews, Video, Video carousel, People also ask, Related searches, Popular products"
super rtl livestream kostenlos,Commercial,51,90,39,0.00,"Video, People also ask, Related searches"
superrtl livestream,Commercial,41,90,22,0.73,"Reviews, Video, People also ask, Related searches"
t mobile dsl,"Informational, Transactional",37,90,33,2.01,"Reviews, Video, People also ask, Related searches"
t mobile handytarife,Commercial,36,90,41,0.88,"Reviews, Video, People also ask, Related searches, Ads top, Ads middle"
t online fernsehen,Commercial,42,90,42,0.42,"Reviews, Video, Video carousel, People also ask, Related searches"
t online tv,Commercial,40,90,50,0.55,"Reviews, Video, People also ask, Top stories, Related searches"
tablet mit vertrag o2,"Navigational, Commercial",36,90,34,0.70,"Reviews, People also ask, Related searches, Popular products"
tarife telefon telekom,"Navigational, Transactional",40,90,43,2.19,"Reviews, Video, People also ask, Related searches"
tarife vergleich,Commercial,37,90,56,2.59,"AI Overview, Reviews, Video, People also ask, Related searches, Ads top, Ads bottom"
tarifvertrag vodafone,Commercial,35,90,16,2.49,"Reviews, People also ask, Related searches"
tarnkappe iptv,"Navigational, Transactional",46,90,23,0.00,"Sitelinks, Reviews, Related searches"
telefon angebote festnetz,Commercial,43,90,38,0.94,"Reviews, People also ask, Related searches, Ads top, Ads middle"
telefon dsl,Commercial,41,90,33,3.99,"AI Overview, Reviews, Video, Video carousel, People also ask, Related searches, Ads middle"
telefon fernsehen internet,Commercial,42,90,42,1.67,"AI Overview, Reviews, Video, People also ask, Related searches, Ads top, Ads middle"
telefon festnetzanschluss,Commercial,40,90,35,0.94,"AI Overview, Reviews, Video, People also ask, Related searches, Ads top, Ads bottom"
telefon internet fernsehen,"Informational, Commercial",43,90,43,1.67,"AI Overview, Reviews, Video, People also ask, Related searches"
telefon mit vertrag,Commercial,40,90,48,2.63,"Reviews, Video, People also ask, Related searches"
telefon tarife vergleich,Commercial,37,90,54,1.80,"Sitelinks, Reviews, People also ask, Related searches"
telefonanschluss kosten telekom,"Informational, Transactional",38,90,40,0.89,"AI Overview, Reviews, Video, People also ask, Related searches"
telefonnummer handyvertrag.de,"Informational, Transactional",39,90,15,1.70,"Reviews, People also ask"
telefonverträge im vergleich,Commercial,36,90,57,1.98,"Sitelinks, Reviews, Video, People also ask, Related searches"
telekom 100 mbit preis,"Navigational, Transactional",40,90,27,1.26,"Reviews, People also ask, Related searches"
telekom 250 mbit preis,"Navigational, Transactional",48,90,,1.54,"Reviews, People also ask, Related searches, Ads top, Ads middle"
telekom angebote telefon und internet,Transactional,44,90,40,1.74,"AI Overview, Reviews, People also ask, Related searches, Ads top, Ads middle"
telekom de magentatv login,Transactional,50,90,34,0.00,"Video, People also ask, Related searches"
telekom dsl anschluss prüfen,Commercial,43,90,19,2.10,"Reviews, People also ask, Related searches, Ads top, Ads bottom"
telekom dsl erfahrungen,Commercial,44,90,18,2.09,"Sitelinks, AI Overview, Reviews, Video, People also ask, Related searches"
telekom dsl preise,Transactional,42,90,32,1.63,"AI Overview, Reviews, People also ask, Related searches"
telekom festnetz preise,Transactional,39,90,34,1.36,"AI Overview, Reviews, People also ask, Related searches, Ads top, Ads bottom"
telekom festnetz verfügbarkeit,"Navigational, Transactional",43,90,17,2.11,"Reviews, Related searches"
telekom glasfaser 2000,"Informational, Transactional",48,90,15,5.75,"Reviews, Image pack, Video, People also ask, Related searches"
telekom glasfaser kostenlos,Commercial,48,90,28,4.77,"Sitelinks, AI Overview, Video, Video carousel, Short videos, People also ask, Related searches, Ads top, Ads bottom"
telekom internet anschluss prüfen,Transactional,47,90,22,3.46,"Reviews, People also ask, Related searches"
telekom internet geschwindigkeit verfügbarkeit,Transactional,47,90,23,1.82,"Reviews, People also ask, Related searches"
telekom internet ohne anschluss,Commercial,36,90,23,2.71,"AI Overview, Reviews, Video, People also ask, Related searches, Ads top, Ads middle"
telekom internet paket,"Navigational, Transactional",47,90,40,2.55,"Reviews, Video, People also ask, Related searches, Ads bottom"
telekom internet und magenta tv,Commercial,48,90,48,2.70,"Reviews, People also ask, Related searches, Ads top, Ads bottom"
telekom internet und telefon angebote,Transactional,43,90,40,1.98,"Reviews, People also ask, Related searches"
telekom internettarif,Transactional,48,90,37,3.00,"Reviews, Video, People also ask, Related searches"
telekom karte dsl,"Navigational, Transactional",42,90,32,5.26,"Reviews, Image pack, Related searches"
telekom kosten telefonanschluss,"Informational, Transactional",38,90,41,0.89,"AI Overview, Reviews, Video, People also ask, Related searches"
telekom magenta tv und internet,Commercial,48,90,33,3.36,"AI Overview, Reviews, People also ask, Related searches, Ads top, Ads middle"
telekom netz allnet flat,Commercial,35,90,28,1.83,"Reviews, People also ask, Related searches, Ads top, Ads middle"
telekom netzabdeckung 5g,Transactional,41,90,31,4.68,"Reviews, Video, People also ask, Related searches"
telekom netzverfügbarkeit,"Navigational, Transactional",42,90,35,2.79,"AI Overview, Reviews, People also ask, Related searches"
telekom preise festnetz,Transactional,41,90,31,0.77,"AI Overview, Reviews, Video, People also ask, Related searches"
telekom preise internet,Transactional,46,90,33,1.20,"AI Overview, Reviews, People also ask, Related searches, Ads top, Ads bottom"
telekom prüfen dsl,"Navigational, Transactional",43,90,24,2.14,"Reviews, People also ask, Related searches"
telekom prüfen internet,Transactional,47,90,26,2.61,"People also ask, Related searches"
telekom sdsl preise,Transactional,44,90,32,1.63,"Reviews, Related searches"
telekom tarife internet und festnetz,Transactional,43,90,40,2.03,"Reviews, People also ask, Related searches, Ads top, Ads bottom"
telekom tarife telefon,Transactional,38,90,62,2.19,"Reviews, People also ask, Related searches"
telekom tarife telefon und internet,"Navigational, Transactional",40,90,42,1.87,"Reviews, People also ask, Related searches"
telekom tarife vdsl,Commercial,42,90,42,2.03,"AI Overview, Reviews, Video, People also ask, Related searches, Ads top, Ads bottom"
telekom telefon und internet angebote,Transactional,43,90,40,1.74,"Sitelinks, AI Overview, Reviews, People also ask, Related searches, Ads top, Ads middle"
telekom telefonkabel,Transactional,35,90,21,1.10,"Reviews, Video, People also ask, Related searches"
telekom test internet,"Navigational, Transactional",47,90,51,1.83,"Reviews, Video, People also ask, Related searches"
telekom tv app,Transactional,44,90,46,3.74,"Reviews, Video, People also ask, Related searches"
telekom verfügabrkeit,Transactional,47,90,23,3.16,"Reviews, Related searches"
telekom verfügbarkeit lte,Transactional,44,90,30,1.16,"Reviews, People also ask, Related searches"
telekom vertrag dsl,Transactional,46,90,29,2.60,"Reviews, People also ask, Related searches, Ads top, Ads bottom"
telekom vertrag wlan,"Navigational, Transactional",40,90,40,2.81,"Reviews, People also ask, Related searches"
telekom verträge festnetz,Commercial,42,90,30,2.13,"AI Overview, Reviews, People also ask, Related searches, Ads top, Ads bottom"
telekom verträge handy,Transactional,40,90,46,1.61,"Reviews, People also ask, Related searches"
telekom vetrag,"Navigational, Transactional",40,90,43,1.59,"Video, People also ask, Related searches"
telekom wlan verfügbarkeit,"Navigational, Transactional",41,90,20,3.35,"Reviews, People also ask, Related searches, Ads top"
television gratis online,Commercial,40,90,56,0.00,"AI Overview, Reviews, Video, Related searches"
test dsl anbieter,Commercial,44,90,45,2.04,"Reviews, Video, People also ask, Related searches"
test tv stick,Commercial,36,90,33,0.40,"Sitelinks, Reviews, Video, People also ask, Related searches"
test tv sticks,Commercial,48,90,27,0.50,"Sitelinks, Video, Video carousel, People also ask, Related searches"
tv anschluss kabel anbieter,Commercial,43,90,32,1.70,"Reviews, Image, Video, People also ask, Related searches"
tv auf pc schauen,Commercial,44,90,42,0.76,"AI Overview, Reviews, Video, People also ask, Related searches, Ads bottom, Ads middle"
tv box 4k,"Informational, Transactional",41,90,29,0.74,"Reviews, Video, Video carousel, People also ask, Related searches, Popular products"
tv box kaufen,Transactional,50,90,22,1.46,"Video, People also ask, Related searches, Popular products"
tv dongle,"Informational, Commercial",41,90,26,0.48,"Video, Video carousel, People also ask, Related searches, Popular products"
tv fernsehen live,Commercial,39,90,60,0.72,"Reviews, Video, Video carousel, People also ask, Related searches"
tv live free,Commercial,36,90,62,1.58,"Reviews, Video, People also ask, Related searches"
tv magenta login,Commercial,48,90,33,0.00,"Video, People also ask, Related searches"
tv mit android,Commercial,39,90,23,0.17,"Sitelinks, Video, People also ask, Related searches, Popular products, Ads bottom"
tv mit satellit,"Informational, Commercial",50,90,16,0.96,"Reviews, Video, People also ask, Related searches, Popular products"
tv mit satelliten receiver,Commercial,39,90,19,0.21,"Video, People also ask, Related searches, Popular products, Ads middle"
tv programm streamen kostenlos,Commercial,41,90,45,0.66,"Reviews, Video, People also ask, Related searches"
tv programme sky,"Informational, Transactional",33,90,41,0.00,"Reviews, People also ask, Related searches"
tv receiver integriert,Commercial,44,90,16,0.15,"Reviews, Video, People also ask, Related searches"
tv receiver mit festplatte,Commercial,41,90,18,0.38,"Video, People also ask, Related searches, Popular products"
tv receiver über internet,Commercial,45,90,24,1.20,"Sitelinks, Reviews, Video, People also ask, Related searches, Popular products, Ads top, Ads middle"
tv schauen am pc,Commercial,45,90,24,0.76,"AI Overview, Reviews, Video, Video carousel, People also ask, Related searches, Ads top, Ads middle"
tv schauen ohne kabel,Commercial,50,90,24,2.30,"Sitelinks, Reviews, Video, Video carousel, People also ask, Related searches, Popular products, Ads top, Ads middle"
tv sender über kabel,Commercial,45,90,39,0.84,"AI Overview, Reviews, Video, People also ask, Related searches, Ads middle"
tv stick best,Commercial,48,90,29,0.59,"Sitelinks, Reviews, Video, Video carousel, People also ask, Related searches, Popular products, Ads middle"
tv sticks für fernseher,"Informational, Commercial",48,90,27,1.18,"Sitelinks, Reviews, Video, Video carousel, People also ask, Related searches, Popular products"
tv sticks test,Commercial,48,90,28,0.76,"Sitelinks, Video, Video carousel, People also ask, Related searches, Ads bottom"
tv streaming online live,Commercial,41,90,67,0.54,"Reviews, Video, Related searches"
tv umsonst schauen,Commercial,39,90,50,1.04,"Reviews, Video, People also ask, Related searches"
tv watch,"Informational, Transactional",34,90,39,0.62,"Reviews, Image, Image pack, Video, Video carousel, People also ask, Related searches, Popular products"
tv über internet receiver,Commercial,48,90,30,1.20,"Sitelinks, Reviews, Video, People also ask, Related searches, Popular products"
tv über pc schauen,"Informational, Commercial",44,90,17,0.95,"AI Overview, Reviews, Video, People also ask, Related searches"
tv über stick,Commercial,44,90,28,1.41,"Sitelinks, Reviews, Video, Video carousel, People also ask, Related searches, Popular products"
tv&internet,Commercial,43,90,39,2.24,"Reviews, Video, People also ask, Related searches"
türkei iptv,"Informational, Commercial",46,90,19,0.00,"AI Overview, Reviews, Video, People also ask, Related searches"
türkisch tv,Commercial,43,90,22,2.11,"Reviews, Image, Video, Related searches"
usb stick smart tv,Commercial,41,90,22,0.45,"Video, Video carousel, People also ask, Related searches, Popular products, Ads bottom"
vdsl verfügbarkeit prüfen,Commercial,47,90,47,1.17,"Reviews, Video, People also ask, Related searches, Ads top, Ads bottom"
verbraucherzentrale glasfaser,Transactional,38,90,20,0.00,"Sitelinks, Video, People also ask, Related searches"
verfügbarkeit internetanbieter,Commercial,44,90,52,2.60,"AI Overview, Reviews, Video, People also ask, Related searches"
verfügbarkeit kabel,Commercial,43,90,34,1.54,"Reviews, Video, People also ask, Related searches"
verfügbarkeit lte telekom,"Navigational, Transactional",43,90,51,1.16,"Reviews, People also ask, Related searches"
verfügbarkeit telekom lte,"Navigational, Transactional",45,90,33,1.16,"Reviews, People also ask, Related searches"
vergleich dsl glasfaser,Commercial,41,90,19,1.91,"AI Overview, Reviews, Video, People also ask, Related searches, Ads bottom"
vergleich dsl router,Commercial,41,90,30,1.65,"Sitelinks, Reviews, Video, Video carousel, People also ask, Related searches"
vergleich fernsehanbieter,Commercial,51,90,39,1.14,"Sitelinks, Reviews, Video, People also ask, Related searches, Ads top, Ads bottom"
vergleich festnetzanschluss,Commercial,41,90,39,2.41,"Reviews, People also ask, Related searches"
vergleich handy flatrate,Commercial,39,90,36,2.61,"Reviews, People also ask, Related searches, Ads top, Ads middle"
vergleich internettarife,Commercial,47,90,48,2.55,"Reviews, Video, People also ask, Related searches"
vergleich netzabdeckung mobilfunk,Commercial,47,90,37,2.43,"Sitelinks, AI Overview, Video, People also ask, Related searches"
vergleich streaming,Commercial,45,90,40,1.89,"Reviews, Video, People also ask, Related searches"
vergleichsportal handytarife,Commercial,40,90,50,2.77,"Reviews, Video, People also ask, Related searches, Ads top, Ads middle"
vergleichsportal handyvertrag,Commercial,41,90,56,2.26,"Reviews, Video, Related searches"
vergleichsportale handy,Commercial,39,90,43,0.91,"Sitelinks, Reviews, Video, People also ask, Related searches"
vertrag für handy,Commercial,40,90,51,2.93,"Reviews, Video, People also ask, Related searches, Popular products, Ads top, Ads bottom"
vertrag telefon,Commercial,38,90,46,3.63,"AI Overview, Reviews, Video, Related searches, Ads top, Ads middle"
vertrag telekom neues handy,Transactional,39,90,30,2.76,"People also ask, Related searches"
vertrag vergleich iphone,Commercial,40,90,27,1.66,"Reviews, Related searches, Popular products"
vertragsangebote,Commercial,39,90,55,3.79,"AI Overview, People also ask, Related searches"
vertragskarte,Commercial,39,90,45,40.69,"Reviews, Video, Related searches"
vertragskarte ohne handy,Commercial,39,90,29,24.72,"Reviews, Video, Related searches, Popular products"
vodafone angebote mit handy,"Navigational, Transactional",32,90,32,1.93,"Reviews, People also ask, Related searches"
vodafone angebote ohne handy,Commercial,34,90,46,2.25,"Reviews, People also ask, Related searches"
vodafone basic tv cable senderübersicht,Transactional,36,90,30,2.12,"Sitelinks, Reviews, People also ask, Related searches, Ads bottom"
vodafone daten sim karte,"Informational, Transactional",29,90,40,2.78,"AI Overview, Reviews, Video, People also ask, Related searches, Ads top, Ads middle"
vodafone günstige tarife,"Informational, Commercial",41,90,37,2.88,"Reviews, People also ask, Related searches, Ads bottom"
vodafone handynetz,Transactional,40,90,46,2.31,"AI Overview, Reviews, Video, People also ask, Related searches, Ads bottom, Ads middle"
vodafone handytarife mit handy,Commercial,35,90,43,1.74,"Reviews, People also ask, Related searches, Ads top, Ads bottom"
vodafone handytarife ohne vertrag,Transactional,35,90,52,1.91,"AI Overview, Reviews, People also ask, Related searches"
vodafone ipad mit vertrag,Transactional,35,90,25,2.45,"Reviews, People also ask, Related searches, Popular products"
vodafone iphone contract,"Navigational, Transactional",29,90,15,2.57,"Sitelinks, Reviews, Video, Related searches, Popular products"
vodafone kabel senderliste pdf,"Navigational, Transactional",34,90,26,0.00,"AI Overview, People also ask, Related searches"
vodafone mobilfunk mit handy,Transactional,36,90,46,2.59,"Reviews, Video, People also ask, Related searches"
vodafone netz test,Commercial,40,90,43,1.59,"Reviews, Video, People also ask, Related searches"
vodafone neue frequenzen,"Informational, Transactional",49,90,37,0.00,"Reviews, People also ask, Related searches"
vodafone ohne handy,Commercial,34,90,45,2.97,"AI Overview, Reviews, People also ask, Related searches, Ads bottom"
vodafone preisliste,"Navigational, Transactional",33,90,44,0.38,"Reviews, People also ask, Related searches"
vodafone programme,"Navigational, Transactional",33,90,43,2.32,"Reviews, Video, People also ask, Related searches"
vodafone smartphone angebote,"Navigational, Transactional",32,90,42,2.19,"Sitelinks, Reviews, People also ask, Related searches, Popular products, Ads bottom"
vodafone vertrag monatlich kündbar,Commercial,36,90,40,3.24,"AI Overview, Reviews, Video, People also ask, Related searches, Ads top, Ads middle"
vonovia multimedia,"Informational, Transactional",32,90,24,0.00,"Reviews, Video, People also ask, Related searches"
waipu alternativen,Commercial,35,90,25,0.78,"AI Overview, Reviews, Video, People also ask, Related searches"
waipu amazon,"Informational, Transactional",31,90,32,0.00,"Reviews, Video, People also ask, Related searches, Ads bottom"
waipu perfect,"Navigational, Transactional",27,90,34,0.08,"AI Overview, Reviews, Image, Video carousel, People also ask, Related searches"
waipu rtl,"Navigational, Transactional",36,90,26,0.64,"AI Overview, Reviews, Video, People also ask, Related searches, Ads bottom"
waipu stick 2. generation,Transactional,46,90,36,0.11,"Reviews, Video, People also ask, Related searches, Popular products"
waipu tv 1 monat kostenlos,"Navigational, Transactional",39,90,28,0.53,"AI Overview, Reviews, Video, People also ask, Related searches"
waipu tv mit stick,Transactional,46,90,46,0.23,"Reviews, Video, Video carousel, People also ask, Related searches, Popular products"
waipu tv preis,"Navigational, Transactional",46,90,46,0.04,"Reviews, Video, People also ask, Related searches"
waipu tv programme,"Navigational, Transactional",33,90,22,0.03,"Sitelinks, Reviews, Video, People also ask, Related searches, Ads bottom"
waipu tv stick kaufen media markt,Transactional,46,90,24,0.25,"Video, People also ask, Related searches"
waipu tv vergleich,Commercial,46,90,40,0.42,"Sitelinks, AI Overview, Reviews, Video, People also ask, Related searches"
waipu tv-stick ohne abo,Commercial,46,90,33,0.24,"Sitelinks, Reviews, People also ask, Related searches"
was ist das beste internet,Commercial,43,90,37,1.62,"AI Overview, Reviews, Video, People also ask, Related searches"
was ist der beste internetanbieter,Commercial,45,90,25,1.96,"AI Overview, Reviews, Video, People also ask, Related searches, Ads top, Ads bottom"
was ist der beste musik streaming dienst,Commercial,54,90,19,0.71,"Sitelinks, AI Overview, Reviews, Video, People also ask, Related searches, Ads bottom"
was ist eine set-top-box,"Informational, Commercial",47,90,13,0.46,"AI Overview, Reviews, Video, People also ask, Related searches"
was kostet telefonanschluss,"Informational, Commercial",42,90,36,0.42,"Reviews, Video, People also ask, Related searches"
web browser iptv,Commercial,45,90,44,0.00,"Reviews, Video, People also ask, Related searches"
webmail deutsche glasfaser,Commercial,36,90,22,0.00,"Video, People also ask, Related searches"
welche mobilfunkanbieter gibt es,"Informational, Commercial",37,90,23,2.47,"Sitelinks, AI Overview, Reviews, Video, People also ask, Related searches, Ads bottom, Ads middle"
welcher dsl anbieter ist am besten,Commercial,41,90,37,2.30,"AI Overview, Reviews, Video, People also ask, Related searches, Ads top, Ads middle"
welcher handytarif ist der beste,Commercial,37,90,50,2.59,"Sitelinks, Video, People also ask, Related searches, Ads top, Ads middle"
welcher iptv player ist der beste,Commercial,52,90,,0.00,"AI Overview, Reviews, Video, People also ask, Related searches"
welcher ist der beste internetanbieter,Commercial,49,90,,1.90,"AI Overview, Reviews, People also ask, Related searches, Ads bottom, Ads middle"
welcher ist der beste router,Commercial,38,90,26,0.41,"Sitelinks, Reviews, Video, Video carousel, People also ask, Related searches, Ads top, Ads bottom"
welcher router,Commercial,39,90,19,1.15,"Sitelinks, Reviews, Video, People also ask, Related searches, Popular products"
welcher streamingdienst ist der beste,Commercial,43,90,30,1.46,"AI Overview, Reviews, Video, Video carousel, People also ask, Related searches"
welcher telefonanbieter hat das beste netz,Commercial,49,90,27,2.10,"AI Overview, Reviews, Video, Video carousel, Short videos, People also ask, Related searches, Ads top, Ads middle"
welches netz ist am besten,Commercial,39,90,35,2.79,"Sitelinks, AI Overview, Reviews, Video, Video carousel, Short videos, People also ask, Related searches, Ads bottom, Ads middle"
wer bietet kabelfernsehen an,"Informational, Commercial",49,90,19,0.80,"AI Overview, Video, People also ask, Related searches, Ads bottom, Ads middle"
wieviel kostet sky,"Informational, Transactional",38,90,38,0.16,"AI Overview, Reviews, People also ask, Related searches"
wieviel kostet waipu tv,"Informational, Transactional",37,90,50,0.06,"Sitelinks, AI Overview, Reviews, People also ask, Related searches"
wifi angebote,Commercial,40,90,49,4.02,"Reviews, Video, People also ask, Related searches"
wifi für zuhause,Commercial,44,90,40,5.12,"Reviews, Video, People also ask, Related searches, Ads top, Ads bottom"
wifi geräte,Commercial,39,90,16,1.32,"Reviews, Video, Video carousel, People also ask, Related searches, Popular products"
win sim kundenservice,"Navigational, Transactional",33,90,24,0.31,"Reviews, People also ask, Related searches"
winsim alternative,Commercial,33,90,29,1.06,"Sitelinks, AI Overview, Reviews, Video, People also ask, Related searches"
winsim freunde werben,"Navigational, Transactional",30,90,19,0.00,"AI Overview, Reviews, People also ask, Related searches"
winsim offers,"Navigational, Transactional",30,90,32,2.28,"Reviews, Video, People also ask, Related searches"
wlan anschluss telekom,Transactional,38,90,34,2.62,"AI Overview, Reviews, Video, Video carousel, People also ask, Related searches, Ads top, Ads bottom"
wlan billig,Commercial,39,90,32,3.59,"Reviews, Video, People also ask, Related searches, Popular products, Ads top, Ads middle"
wlan fernseher kaufen,Transactional,40,90,22,0.29,"Video, People also ask, Related searches, Popular products, Ads bottom"
wlan für die wohnung,Commercial,43,90,31,5.77,"Reviews, Video, People also ask, Related searches, Ads top, Ads middle"
wlan günstige angebote,Commercial,40,90,38,3.11,"Reviews, Video, People also ask, Related searches, Popular products, Ads top, Ads middle"
wlan router für fernseher,Commercial,41,90,21,0.95,"Video, Video carousel, People also ask, Related searches, Popular products, Ads top, Ads middle"
wlan router große reichweite,Commercial,38,90,24,0.39,"Sitelinks, Reviews, Video, People also ask, Related searches, Popular products, Ads bottom"
wlan router kaufen günstig,Transactional,39,90,32,1.83,"Sitelinks, Reviews, Video, People also ask, Local pack, Related searches, Popular products, Ads top, Ads bottom"
wlan router kosten,Commercial,39,90,28,1.13,"Reviews, People also ask, Related searches, Popular products, Ads bottom"
wlan router mit größter reichweite,Commercial,38,90,26,0.25,"Sitelinks, Reviews, Video, People also ask, Related searches, Popular products, Ads middle"
wlan router preis,Transactional,42,90,44,1.02,"Reviews, People also ask, Related searches, Popular products"
wlan tv empfänger,Commercial,43,90,19,0.33,"Video, People also ask, Related searches, Popular products, Ads bottom"
wlan verfügbarkeit telekom,Transactional,46,90,20,2.37,"Reviews, People also ask, Related searches"
wlan vertrag studenten,Commercial,38,90,28,4.47,"Related searches, Ads top, Ads middle"
wo kann ich waipu tv kaufen,Transactional,46,90,45,0.28,"Reviews, People also ask, Local pack, Related searches"
wow sky go,"Informational, Commercial",33,90,26,2.57,"AI Overview, Reviews, Video, People also ask, Related searches, Ads middle"
wow sport tagesticket,Commercial,34,90,21,0.57,"Sitelinks, Reviews, Video, Related searches"
wow tv streaming,"Navigational, Commercial",39,90,45,5.28,"Sitelinks, AI Overview, Reviews, Video, People also ask, Related searches"
www.anschlussinfo.de telekom,Commercial,45,90,34,3.63,"AI Overview, Video, People also ask, Related searches, Ads top, Ads bottom"
yourfone tarife mit handy,"Navigational, Commercial",31,90,17,0.39,"Sitelinks, Reviews, People also ask, Related searches"
yourfone tarife ohne handy,"Navigational, Transactional",33,90,26,0.93,"Sitelinks, Reviews, People also ask, Related searches"
zattoo test,Commercial,27,90,22,1.83,"Sitelinks, AI Overview, Reviews, Video, People also ask, Related searches"
zwei handys ein vertrag,Commercial,38,90,27,1.47,"Reviews, Video, People also ask, Related searches"
вай фай роутер,"Informational, Commercial",33,90,37,2.04,"Reviews, Image pack, Video, Video carousel, People also ask, Related searches, Popular products"
0 euro handyvertrag,Commercial,35,70,33,4.04,"Reviews, Video, People also ask, Related searches, Popular products"
02 dsl verfügbarkeit,Commercial,47,70,17,0.96,"Reviews, People also ask, Related searches"
02 internet verfügbarkeit,Commercial,38,70,24,0.85,"Reviews, People also ask, Related searches, Ads top, Ads middle"
02 verträge ohne handy,Commercial,35,70,45,1.50,"Reviews, People also ask, Related searches, Ads top, Ads middle"
1&1 handy angebote mit vertrag,"Informational, Transactional",37,70,48,0.73,"Reviews, Video, People also ask, Related searches, Popular products, Ads bottom"
1&1 handy kaufen ohne vertrag,Transactional,35,70,50,0.40,"Reviews, People also ask, Related searches"
1&1 tv box alternative,"Informational, Commercial",47,70,23,0.40,"AI Overview, Video, People also ask, Related searches"
1&1 tv sender,Commercial,47,70,26,0.77,"AI Overview, Reviews, Video, People also ask, Related searches"
1&1tv und filme,"Informational, Transactional",47,70,34,0.76,"Reviews, Video, People also ask, Related searches"
1und1 hd tv senderliste,"Navigational, Transactional",50,70,25,0.00,"Reviews, People also ask, Related searches"
1und1 schweiz paket buchen,"Navigational, Transactional",37,70,28,0.00,"Reviews, Video, People also ask, Related searches, Ads top, Ads middle"
1und1 tv app windows,"Informational, Transactional",45,70,24,0.00,"AI Overview, Reviews, Video, People also ask, Related searches"
1und1 tv box kaufen,Transactional,52,70,29,0.00,"Reviews, Video, People also ask, Related searches"
25 gb handyvertrag,Commercial,33,70,57,2.64,"People also ask, Related searches, Popular products"
400g internetanbindung,"Informational, Commercial",49,70,15,0.00,"Reviews, Video, Related searches"
5 euro handytarif,Commercial,34,70,20,2.10,"Sitelinks, Reviews, Related searches, Popular products"
5g unlimited vertrag,Commercial,41,70,25,2.97,"Video, People also ask"
abdeckung lte telekom,"Informational, Transactional",42,70,50,1.32,"Reviews, People also ask, Related searches"
abo kosten netflix,"Informational, Transactional",48,70,44,0.94,"AI Overview, People also ask, Related searches"
abo preise netflix,Transactional,48,70,46,0.94,"AI Overview, Reviews, Video, People also ask, Related searches"
aktuelle angebote handy,Commercial,37,70,47,0.70,"Reviews, Video, People also ask, Related searches, Popular products"
aktuelle angebote smartphone,Commercial,37,70,31,0.39,"Reviews, Video, People also ask, Related searches, Popular products"
all in one streaming abo,"Informational, Commercial",48,70,27,1.20,"AI Overview, Video, People also ask, Related searches, Ads bottom, Ads middle"
alle internetanbieter,Commercial,49,70,34,2.68,"Sitelinks, AI Overview, Reviews, Video, People also ask, Related searches, Ads bottom, Ads middle"
allnet flat handytarife,Commercial,40,70,30,2.89,"Sitelinks, Reviews, Related searches"
alternativen zu magenta tv,Commercial,48,70,19,0.69,"AI Overview, Video, People also ask, Related searches, Ads top"
amazon fire tv stick waipu,"Informational, Transactional",40,70,20,0.00,"Image, Video, People also ask, Related searches"
amazon fire tv stick welche sender,Commercial,46,70,12,0.92,"Sitelinks, AI Overview, Video, Video carousel, People also ask, Related searches, Ads middle"
anbieter fernsehen über internet,Commercial,75,70,41,1.82,"AI Overview, Reviews, Video, People also ask, Related searches, Ads top, Ads middle"
anbieter internet telefon tv,Commercial,47,70,48,1.26,"AI Overview, Reviews, Video, People also ask, Related searches, Ads top, Ads middle"
anbieter internet tv telefon,Commercial,49,70,43,1.26,"Sitelinks, AI Overview, Reviews, Video, People also ask, Related searches, Ads top, Ads middle"
anbieter telefon internet tv,Commercial,49,70,41,1.26,"Sitelinks, AI Overview, Reviews, Video, People also ask, Related searches, Ads top, Ads middle"
anbieter tv telefon internet,Commercial,46,70,43,1.14,"Sitelinks, AI Overview, Reviews, Video, People also ask, Related searches, Ads top, Ads middle"
android hdmi stick,"Informational, Commercial",39,70,23,0.33,"Video, Video carousel, People also ask, Related searches, Popular products"
android stick hdmi,Commercial,39,70,23,0.33,"Reviews, Video, People also ask, Related searches, Popular products"
android tv sticks,"Informational, Commercial",48,70,35,0.45,"Sitelinks, Video, Video carousel, People also ask, Related searches, Popular products"
angebot fernsehen internet telefon,Commercial,49,70,44,0.00,"Reviews, Video, People also ask, Related searches"
angebote handytarife mit handy,Commercial,43,70,56,1.45,"Reviews, Video, People also ask, Related searches, Popular products"
angebote telefon internet,Commercial,46,70,60,1.49,"AI Overview, Reviews, Video, People also ask, Related searches, Ads top, Ads middle"
anmelden bei magenta tv,Transactional,50,70,37,4.10,"Featured snippet, Reviews, Video carousel, People also ask, Related searches"
aplle tv box,"Navigational, Transactional",50,70,49,0.30,"Sitelinks, Video, People also ask, Related searches, Popular products"
app magenta tv,Commercial,42,70,54,0.00,"AI Overview, Reviews, Video carousel, People also ask, Related searches, Ads top"
apple tv magenta tv app,"Informational, Transactional",48,70,47,4.92,"Reviews, Video, People also ask, Related searches"
ausbaukarte telekom,"Navigational, Transactional",36,70,34,4.81,"Reviews, Video, People also ask, Related searches"
best android tv,Commercial,45,70,42,0.26,"Sitelinks, Reviews, Video, Video carousel, People also ask, Related searches, Popular products"
best iptv player for android,Commercial,44,70,47,0.00,"Sitelinks, AI Overview, Reviews, Video, Video carousel, People also ask, Related searches"
best iptv providers,"Informational, Commercial",48,70,49,0.00,"Featured snippet, Sitelinks, Video, Video carousel, People also ask, Related searches"
best router 2025,Commercial,30,70,40,0.00,"Sitelinks, Reviews, Video, People also ask, Related searches"
beste anbieter internet,Commercial,49,70,38,2.90,"Sitelinks, AI Overview, Reviews, Video, Video carousel, People also ask, Related searches, Ads bottom, Ads middle"
beste handyvertrag anbieter,Commercial,40,70,60,2.09,"AI Overview, Reviews, Video, People also ask, Related searches"
beste streaming dienst,Commercial,54,70,35,1.89,"AI Overview, Reviews, Video, People also ask, Related searches"
beste streaming seiten,Commercial,42,70,28,1.99,"Sitelinks, AI Overview, People also ask, Related searches"
beste streaming-dienste,Commercial,54,70,40,1.71,"Sitelinks, AI Overview, Reviews, Video, People also ask, Related searches, Ads bottom"
bestekostenlosestreaming,Commercial,38,70,30,0.00,"AI Overview, Reviews, Video, People also ask, Related searches"
besten handy angebote,Commercial,34,70,40,1.05,"Video, People also ask, Related searches, Popular products"
besten streaming dienste,Commercial,42,70,37,1.89,"AI Overview, Reviews, Video, People also ask, Related searches, Ads middle"
bester handy empfang,Commercial,44,70,34,0.82,"Sitelinks, AI Overview, Reviews, Video, People also ask, Related searches"
bester internet router,Commercial,35,70,28,0.95,"Sitelinks, Reviews, Video, Video carousel, People also ask, Related searches, Popular products, Ads bottom"
bester internet tv anbieter,Commercial,54,70,39,2.11,"Sitelinks, AI Overview, Reviews, Video, People also ask, Related searches, Ads top, Ads middle"
bester internetanbieter für meine adresse,Commercial,49,70,44,2.93,"AI Overview, Reviews, Video, People also ask, Related searches, Ads top, Ads middle"
bester mobilfunk tarif,Commercial,40,70,52,3.10,"AI Overview, Reviews, Video, People also ask, Related searches, Ads bottom"
bester netzanbieter,Commercial,42,70,30,2.04,"AI Overview, Reviews, Video, People also ask, Related searches, Ads bottom, Ads middle"
billig internet für zuhause,Commercial,45,70,59,2.25,"AI Overview, Reviews, Video, People also ask, Related searches, Ads top, Ads bottom"
billiger internet zu hause,"Informational, Commercial",49,70,48,2.72,"AI Overview, Reviews, Video, People also ask, Related searches, Ads top, Ads middle"
billigste dsl anbieter,"Informational, Commercial",49,70,36,1.66,"Sitelinks, AI Overview, Reviews, Video, People also ask, Related searches, Ads top, Ads middle"
billigste handyvertrag,Commercial,40,70,50,2.14,"Reviews, Video, People also ask, Related searches, Popular products, Ads top, Ads bottom"
billigster handyvertrag ohne handy,Commercial,38,70,31,3.32,"Reviews, Video, People also ask, Related searches, Ads middle"
black friday dsl angebote,Commercial,40,70,23,0.00,"Reviews, People also ask, Related searches"
bobres iptv,Transactional,55,70,0,0.00,"People also ask, Related searches"
box internet tv,Commercial,47,70,16,1.90,"Reviews, Video, People also ask, Related searches, Popular products"
bundesliga im ausland streamen,Commercial,46,70,27,1.32,"Sitelinks, Reviews, Video, People also ask, Related searches"
bundesliga über vpn,Commercial,40,70,20,0.00,"Sitelinks, Reviews, Video, Related searches"
business internet vergleich,Commercial,49,70,26,5.59,"Sitelinks, Related searches, Ads top, Ads bottom"
check 24 dsl vergleich,"Navigational, Commercial",49,70,53,2.04,"Sitelinks, Reviews, Video, People also ask, Related searches"
chromecast amazon fire stick,Commercial,38,70,28,0.35,"Sitelinks, Reviews, Video, People also ask, Related searches, Popular products"
ctv vs ott advertising,"Informational, Commercial",46,70,19,0.00,"Reviews, Video, Video carousel, People also ask, Related searches"
d netz sim karte,Commercial,35,70,27,3.52,"Sitelinks, Reviews, Video, People also ask, Related searches, Ads top, Ads middle"
d netz tarife günstig,"Informational, Commercial",40,70,27,2.27,"Sitelinks, AI Overview, Reviews, Video, People also ask, Related searches"
d netz vertrag,Commercial,41,70,23,3.41,"AI Overview, Reviews, Related searches"
d1 mobilfunk,Commercial,38,70,31,3.55,"Reviews, Video, People also ask, Related searches, Ads top, Ads middle"
d1 netz sim karte,Commercial,34,70,24,3.07,"Sitelinks, AI Overview, Reviews, Video, People also ask, Related searches, Ads top, Ads middle"
d2 netz handytarife,Commercial,36,70,19,1.77,"Sitelinks, AI Overview, Reviews, Video, People also ask, Related searches"
d2 vertrag ohne handy,Commercial,40,70,35,2.88,"AI Overview, Reviews, People also ask, Related searches"
datenvolumen kaufen freenet,Transactional,33,70,50,3.20,"AI Overview, Reviews, Video, People also ask, Related searches"
dazn einzelnes spiel,Transactional,37,70,35,0.00,"Sitelinks, Reviews, Video, Related searches"
dazn oder sky,Commercial,36,70,35,0.00,"Reviews, Video, People also ask, Related searches"
debitel handyvertrag,Commercial,37,70,22,1.21,"Reviews, Video, People also ask, Related searches, Ads bottom"
der günstigste handyvertrag,Commercial,43,70,50,1.77,"Reviews, Video, People also ask, Related searches"
der günstigste internetanbieter,Commercial,49,70,37,1.37,"Reviews, Video, People also ask, Related searches, Ads top, Ads middle"
deutsche fernsehen kostenlos ohne anmeldung,"Navigational, Transactional",42,70,50,0.00,"Sitelinks, AI Overview, Reviews, Video, People also ask, Related searches"
deutsche glasfaser anmeldung,"Navigational, Transactional",47,70,,1.40,"AI Overview, Reviews, Video, People also ask, Related searches"
deutsche glasfaser bewertungen,Commercial,37,70,21,1.64,"Sitelinks, AI Overview, Reviews, Video, People also ask, Related searches"
deutsche glasfaser router kaufen,"Navigational, Transactional",47,70,18,0.33,"Sitelinks, Reviews, Video, People also ask, Related searches, Popular products"
deutsche glasfaser test,Commercial,47,70,26,0.30,"AI Overview, Reviews, Video, People also ask, Related searches, Ads top, Ads bottom"
deutsche glasfaser verstärker,Transactional,47,70,19,0.40,"Sitelinks, Image pack, Video, People also ask, Related searches"
deutsche glasfaser wholesale,"Informational, Transactional",47,70,30,0.85,"Reviews, People also ask, Knowledge panel, Related searches, Ads middle"
deutsche iptv,"Informational, Commercial",75,70,20,0.00,"AI Overview, Video, Related searches"
deutschland handytarife,Commercial,43,70,70,2.91,"Reviews, Video, People also ask, Related searches"
deutschland handyvertrag,Commercial,44,70,50,4.18,"AI Overview, Reviews, Video, Related searches"
die beste internetanbieter,Commercial,49,70,,1.74,"AI Overview, Reviews, Video, Video carousel, People also ask, Related searches"
die besten internet anbieter,Commercial,49,70,,1.74,"AI Overview, Reviews, Video, People also ask, Related searches, Ads bottom, Ads middle"
die besten tv sticks,Commercial,48,70,26,0.54,"Sitelinks, Reviews, Video, Video carousel, People also ask, Related searches, Popular products, Ads bottom"
digitaler kabelanschluss,Commercial,47,70,25,1.50,"AI Overview, Reviews, Video, People also ask, Related searches, Ads bottom, Ads middle"
dls internet,"Informational, Commercial",41,70,50,5.45,"AI Overview, Reviews, Video, People also ask, Related searches"
drillisch tarife vergleich,Commercial,34,70,17,1.36,"Sitelinks, Reviews, Video, People also ask, Related searches"
dsl anbieter im vergleich,Commercial,39,70,45,2.48,"Sitelinks, Reviews, Video, People also ask, Related searches, Ads top, Ads middle"
dsl anschluss angebote,Commercial,45,70,47,4.44,"AI Overview, Reviews, Video, Related searches, Ads top, Ads middle"
dsl anschluss computer,Commercial,49,70,10,0.00,"Sitelinks, Reviews, Video, People also ask"
dsl anschluss kosten,Commercial,44,70,40,1.04,"AI Overview, Reviews, Video, People also ask, Related searches, Ads bottom, Ads middle"
dsl anschluss preisvergleich,Commercial,49,70,45,3.44,"Sitelinks, AI Overview, Reviews, Video, People also ask, Related searches"
dsl flat vergleich,Commercial,49,70,46,3.94,"Sitelinks, AI Overview, Reviews, Video, Related searches, Ads middle"
dsl flatrate vergleich,Commercial,49,70,42,1.40,"Sitelinks, Reviews, Video, People also ask, Related searches, Ads bottom"
dsl für zu hause,Commercial,49,70,50,5.50,"Video, People also ask, Related searches, Popular products, Ads top, Ads middle"
dsl günstig anbieter,"Informational, Commercial",49,70,37,2.22,"Sitelinks, AI Overview, Video, People also ask, Related searches, Ads top, Ads middle"
dsl modem mit router,Commercial,44,70,31,0.60,"Sitelinks, Reviews, Video, Video carousel, People also ask, Related searches"
dsl monatlich kündbar telekom,Transactional,41,70,33,2.67,"Reviews, People also ask, Related searches"
dsl router mit modem,Commercial,45,70,30,0.60,"Sitelinks, Reviews, Video, People also ask, Related searches, Popular products, Ads bottom"
dsl und telefon flat,Commercial,49,70,20,0.00,"Reviews, Video, People also ask, Related searches, Ads middle"
dsl verfügbarkeit checken,Commercial,47,70,,2.54,"Reviews, Video, People also ask, Related searches, Ads top, Ads bottom"
dsl vertrag mit fernseher,Commercial,47,70,22,2.62,"AI Overview, Reviews, Video, Related searches, Ads top, Ads middle"
dsl vetrag,Commercial,41,70,51,5.95,"Reviews, Video, Related searches, Ads top, Ads middle"
dsl wireless modem router,Commercial,37,70,31,0.60,"Reviews, Video, People also ask, Related searches, Popular products"
dsl zuhause günstig,Commercial,49,70,41,2.96,"Sitelinks, Reviews, Video, People also ask, Related searches, Ads middle"
dsl-internet,Commercial,42,70,45,5.46,"AI Overview, Reviews, Video, People also ask, Related searches"
dsl-verfügbarkeit,Commercial,47,70,48,1.61,"Reviews, Video, People also ask, Related searches, Ads top, Ads bottom"
entertain plus,Commercial,33,70,19,1.95,"Reviews, Video, People also ask, Related searches"
entrnet,Commercial,36,70,62,4.71,"Reviews, Image pack, Video, People also ask, Local pack, Related searches"
esim sim de,"Navigational, Transactional",31,70,18,3.96,"Reviews, People also ask, Related searches, Ads top, Ads bottom"
europe iptv,Commercial,50,70,18,0.75,"Video, People also ask, Related searches"
fernseh kabelanbieter,Commercial,44,70,38,1.37,"AI Overview, Reviews, Video, People also ask, Related searches, Ads top, Ads middle"
fernseh kostenlos schauen,Commercial,45,70,52,0.57,"Reviews, Video, People also ask, Related searches, Ads bottom"
fernseh live rtl,"Navigational, Transactional",51,70,59,0.65,"Reviews, Video, People also ask, Related searches"
fernseh online schauen kostenlos,Commercial,40,70,51,0.85,"Reviews, Image, Video, People also ask, Related searches, Ads bottom"
fernseh umsonst schauen,Commercial,45,70,42,0.50,"Reviews, Video, People also ask, Related searches, Ads bottom"
fernseh über internet anbieter,"Informational, Commercial",75,70,35,1.82,"AI Overview, Reviews, Video, People also ask, Related searches, Ads top, Ads middle"
fernsehanbieter kabel,Commercial,45,70,33,1.25,"Reviews, Video, People also ask, Related searches"
fernsehen am computer,"Informational, Commercial",41,70,16,0.42,"AI Overview, Reviews, Video, People also ask, Related searches, Ads bottom, Ads middle"
fernsehen am ipad kostenlos,Commercial,45,70,30,0.39,"AI Overview, Reviews, Video, Video carousel, People also ask, Related searches, Ads top, Ads middle"
fernsehen auf ipad kostenlos,"Informational, Commercial",43,70,31,0.39,"AI Overview, Reviews, Video, Video carousel, People also ask, Related searches, Ads bottom, Ads middle"
fernsehen im internet ohne anmeldung kostenlos,Transactional,40,70,40,0.00,"AI Overview, Reviews, Video, People also ask, Related searches"
fernsehen in deutschland,"Informational, Transactional",41,70,47,1.67,"Sitelinks, Reviews, Video, People also ask, Knowledge panel, Related searches"
fernsehen ipad kostenlos,"Informational, Commercial",48,70,33,0.38,"AI Overview, Reviews, Video, People also ask, Related searches, Ads bottom, Ads middle"
fernsehen streaming kostenlos,Commercial,45,70,,0.64,"AI Overview, Reviews, Video, People also ask, Related searches"
fernseher kaufen mit wlan,Transactional,39,70,25,0.30,"Sitelinks, Video, People also ask, Local pack, Related searches, Popular products"
fernseher mit magenta tv,Transactional,37,70,39,1.57,"Reviews, Video, Video carousel, People also ask, Related searches"
fernseher satellit kabel,Commercial,50,70,12,0.17,"Image pack, Video, Video carousel, People also ask, Related searches, Popular products"
fernsehprogramm kabel1,Commercial,39,70,24,0.78,"Reviews, Video, People also ask, Related searches"
fernsehprogramm streamen kostenlos,Commercial,45,70,50,0.46,"AI Overview, Video, People also ask, Related searches"
fernsehschauen online,Commercial,46,70,74,1.57,"AI Overview, Reviews, Video, People also ask, Related searches, Ads top"
fernsehsender im internet,Commercial,49,70,59,0.80,"AI Overview, Reviews, Video, People also ask, Related searches, Ads top, Ads middle"
fester internetanschluss,Commercial,49,70,48,0.00,"Reviews, Video, People also ask, Related searches"
festnetz internet vertrag,Commercial,46,70,42,2.65,"AI Overview, Reviews, Video, People also ask, Related searches, Ads top, Ads middle"
festnetz verfügbarkeit telekom,Transactional,39,70,19,2.11,"Reviews, People also ask, Related searches, Ads top, Ads bottom"
festnetz wlan,Commercial,39,70,43,2.29,"Reviews, Video, Related searches"
fiberglas internet,Commercial,38,70,41,2.06,"Reviews, Video, Video carousel, People also ask, Related searches, Ads top, Ads middle"
filme digital kaufen,Transactional,41,70,16,1.40,"Sitelinks, AI Overview, Video, People also ask, Related searches, Ads bottom"
fire tv stick 4k max nachfolger,Commercial,40,70,22,0.29,"Sitelinks, Reviews, Video, People also ask, Related searches"
flat internet handy ohne vertrag,Commercial,38,70,38,3.01,"Reviews, People also ask, Related searches"
free internet tv streaming,"Informational, Commercial",39,70,48,1.35,"AI Overview, Reviews, Video, Related searches, Ads bottom"
free live stream sky,"Navigational, Transactional",32,70,74,0.00,"Video, People also ask, Related searches"
free streaming platform,"Informational, Commercial",45,70,70,1.10,"Sitelinks, AI Overview, Reviews, Video, Video carousel, Related searches"
free tv online streaming,Commercial,36,70,50,1.69,"AI Overview, Reviews, Video, Related searches"
free watch online tv,Commercial,32,70,90,0.63,"Reviews, Video, People also ask, Related searches"
freenet freunde werben,Transactional,33,70,36,0.00,"Video, People also ask, Related searches"
freenet neuer vertrag,"Navigational, Transactional",37,70,46,0.93,"Reviews, Video, People also ask, Related searches"
freenet vertragsverlängerung neues handy,Transactional,34,70,37,0.92,"AI Overview, Video, People also ask, Related searches, Ads top, Ads bottom"
fritzbox für glasfaser kaufen,Transactional,42,70,29,0.29,"Reviews, People also ask, Related searches, Popular products"
fußball sky programm,"Navigational, Transactional",39,70,35,0.00,"Featured snippet, Video, Related searches"
gigabit glasfaser,Commercial,39,70,46,1.16,"Reviews, Video, Video carousel, People also ask, Related searches"
glasfaser fernsehanschluss,"Informational, Commercial",48,70,14,0.91,"Sitelinks, AI Overview, Image, Image pack, Video, Video carousel, People also ask, Related searches, Ads bottom, Ads middle"
gratis fernseh schauen,Commercial,40,70,35,0.62,"Reviews, Video, People also ask, Related searches"
gratis online fernsehen,Commercial,43,70,34,0.89,"AI Overview, Reviews, Video, People also ask, Related searches, Ads middle"
gratis rtl schauen,Commercial,40,70,50,1.38,"Sitelinks, AI Overview, Reviews, Video, People also ask, Ads top, Ads middle"
gratis serie,Commercial,34,70,37,0.49,"AI Overview, Reviews, People also ask, Related searches"
guenstige telefonanbieter,Commercial,37,70,53,1.97,"Sitelinks, AI Overview, Reviews, Video, People also ask, Related searches, Ads top, Ads middle"
gute und günstige handyverträge,Commercial,40,70,50,2.98,"Video, People also ask, Related searches"
gute wlan router,Commercial,35,70,22,1.14,"Sitelinks, Video, Video carousel, People also ask, Related searches"
günstig handytarife,Commercial,40,70,49,2.96,"Sitelinks, Reviews, Video, People also ask, Related searches, Popular products, Ads top, Ads middle"
günstig sky bekommen,Transactional,37,70,40,2.43,"AI Overview, Reviews, People also ask, Related searches"
günstig tv schauen,Commercial,48,70,53,2.39,"Sitelinks, Reviews, Video, Video carousel, People also ask, Related searches"
günstige daten sim,Commercial,37,70,34,2.35,"Sitelinks, Reviews, People also ask, Related searches, Popular products, Ads top, Ads middle"
günstige flat für handy,Commercial,39,70,35,3.58,"Sitelinks, Reviews, Video, People also ask, Related searches, Popular products, Ads top, Ads middle"
günstige handytarife bei vodafone,Commercial,37,70,36,2.14,"Reviews, Video, People also ask, Related searches"
günstige handytarife vodafone,Commercial,38,70,41,2.41,"Reviews, Video, People also ask, Related searches, Ads top, Ads bottom"
günstige prepaid anbieter,Commercial,37,70,44,2.18,"AI Overview, Reviews, Video, People also ask, Related searches, Ads middle"
günstige router,Commercial,37,70,27,1.58,"Sitelinks, Reviews, People also ask, Related searches, Popular products"
günstige sim karte mit vertrag,Commercial,33,70,68,6.82,"Reviews, Video, People also ask, Related searches, Popular products"
günstige telekom handytarife,Commercial,39,70,39,1.44,"Sitelinks, Reviews, People also ask, Related searches"
günstige vodafone handytarife,Commercial,36,70,30,2.14,"Reviews, People also ask, Related searches"
günstiger dsl router,Commercial,40,70,21,1.89,"Reviews, Video, People also ask, Related searches, Popular products"
günstiger router,Commercial,43,70,25,1.79,"Reviews, Video, People also ask, Related searches, Popular products, Ads top, Ads bottom"
günstiger tarif mit handy,Commercial,40,70,54,1.85,"People also ask, Related searches"
günstiges mobiles internet,Commercial,41,70,37,2.19,"Reviews, People also ask, Related searches, Popular products"
günstigste mobilfunkanbieter,Commercial,39,70,61,2.97,"Reviews, Video, People also ask, Related searches, Ads top"
günstigster festnetzanschluss,Commercial,43,70,35,0.79,"Reviews, People also ask, Related searches, Ads top, Ads bottom"
günstigster internet anbieter,Commercial,43,70,44,2.59,"Reviews, Video, People also ask, Related searches"
günstigstes sky angebot,Transactional,42,70,34,0.71,"Reviews, Video, People also ask, Related searches, Ads top, Ads middle"
habdytarif,Commercial,34,70,46,2.84,"Reviews, Video, People also ask, Related searches"
handy 0 euro mit vertrag,Commercial,35,70,37,4.52,"Reviews, Video, Related searches, Popular products, Ads bottom"
handy anbieter ohne vertrag,Commercial,33,70,21,2.42,"Video, People also ask, Related searches, Popular products"
handy angebote günstig,Commercial,35,70,48,1.28,"Reviews, Video, People also ask, Related searches"
handy dsl vertrag,Commercial,45,70,31,1.45,"Reviews, Video, Related searches"
handy ertrag,Commercial,35,70,48,4.30,"Reviews, Video, People also ask, Related searches, Shopping ads, Ads top, Ads middle"
handy günstiger de,"Informational, Transactional",37,70,54,0.55,"Reviews, People also ask, Related searches, Popular products"
handy mit anmeldung,Transactional,39,70,55,5.45,"Reviews, Video, People also ask, Related searches, Popular products"
handy mit dsl vertrag,Commercial,45,70,31,1.45,"Reviews, Related searches"
handy mit sim karte vertrag,Commercial,35,70,50,3.32,"Reviews, Video, Related searches, Popular products, Ads bottom"
handy mit uhr vertrag,Commercial,34,70,14,1.42,"People also ask, Related searches, Popular products, Ads top, Ads bottom"
handy mit vertrag auch bei negativer schufa,Commercial,30,70,17,5.50,"Reviews, Video, People also ask, Related searches, Ads top, Ads bottom"
handy mit vertrag deutschland,Commercial,43,70,58,5.36,"Reviews, Video, People also ask, Related searches, Popular products, Ads bottom"
handy mit vertrag für 0 euro,Commercial,33,70,45,4.04,"Reviews, Video, People also ask, Related searches, Popular products, Ads top, Ads middle"
handy mit vertrag mit negativer schufa,Commercial,29,70,16,5.50,"Reviews, Video, People also ask, Related searches, Popular products"
handy mit vertrag mobilcom,Commercial,38,70,53,1.35,"Reviews, Video, People also ask, Related searches, Popular products, Ads top, Ads bottom"
handy ohne vertrag internet flat,Commercial,38,70,35,3.01,"People also ask, Related searches, Popular products"
handy online mit vertrag,Commercial,42,70,47,8.67,"Reviews, Video, Related searches, Popular products, Ads top, Ads middle"
handy sim karte vertrag,Commercial,38,70,65,10.89,"Video, People also ask, Related searches, Popular products, Ads bottom"
handy tarif anbieter,Commercial,39,70,56,3.21,"Sitelinks, AI Overview, Reviews, Video, People also ask, Related searches"
handy tarif deals,Commercial,36,70,39,1.99,"Reviews, Video, Related searches"
handy vertrag mit handy günstig,Commercial,40,70,48,2.93,"Reviews, Video, People also ask, Related searches, Popular products, Ads top, Ads middle"
handy vertrag ohne handy telekom,Commercial,38,70,37,1.92,"Reviews, Video, People also ask, Related searches"
handy vertrag ohne internet,Commercial,34,70,28,2.15,"Sitelinks, Reviews, People also ask, Related searches"
handy vertrage,Commercial,39,70,63,4.30,"Reviews, Video, People also ask, Related searches, Ads middle"
handys & smartphones o2 angebote,Transactional,30,70,41,0.32,"Sitelinks, Video, People also ask, Related searches, Popular products"
handyshop köln,Commercial,33,70,18,0.00,"Reviews, Video, Local pack, Related searches"
handytarif 50 gb,Commercial,37,70,11,3.88,"Reviews, People also ask, Related searches, Popular products"
handytarif für 5 euro,Commercial,37,70,21,2.10,"Sitelinks, Reviews, People also ask, Related searches, Popular products"
handytarif nur zum telefonieren,Commercial,33,70,27,1.42,"Sitelinks, Reviews, Video, People also ask, Related searches"
handytarif preisvergleich,Commercial,39,70,50,3.17,"Reviews, Video, People also ask, Related searches"
handytarif vergleichsportal,Commercial,41,70,48,2.77,"Reviews, Video, Related searches"
handytarif vodafone ohne handy,Commercial,36,70,50,2.13,"Reviews, People also ask, Related searches, Ads bottom"
handytarife d1 netz mit handy,Commercial,39,70,25,0.90,"Reviews, People also ask, Related searches"
handytarife deals,Commercial,37,70,46,2.24,"Reviews, Video, People also ask, Related searches"
handytarife für senioren ohne internet,Commercial,36,70,12,1.19,"Reviews, People also ask, Related searches"
handytarife günstig vodafone,Transactional,36,70,39,2.14,"AI Overview, Reviews, Video, People also ask, Related searches"
handytarife im d2 netz,"Informational, Commercial",39,70,20,1.77,"Sitelinks, AI Overview, Reviews, Video, People also ask, Related searches, Ads top, Ads middle"
handytarife im vergleich deutschland,Commercial,41,70,51,2.36,"Sitelinks, Reviews, Video, People also ask, Related searches"
handytarife lte,Commercial,36,70,36,2.78,"Reviews, Video, People also ask, Related searches"
handytarife mit handy d1 netz,Commercial,38,70,28,0.90,"Sitelinks, Reviews, Video, People also ask, Related searches"
handytarife ohne vertrag vodafone,Transactional,36,70,52,1.91,"Reviews, People also ask, Related searches, Popular products, Ads bottom"
handytarife unter 10 euro,Commercial,33,70,18,2.14,"Sitelinks, Reviews, Video, Related searches, Popular products"
handyverteag,Commercial,37,70,56,4.15,"Reviews, Video, People also ask, Related searches, Ads top, Ads bottom"
handyvertraf,Commercial,35,70,60,4.15,"Reviews, Video, People also ask, Related searches"
handyvertrag 0 euro,Commercial,35,70,47,4.04,"Reviews, Video, Related searches, Popular products"
handyvertrag 5gb ohne handy,Commercial,37,70,30,2.15,"Sitelinks, Reviews, Video, People also ask, Related searches, Popular products"
handyvertrag azubi,Commercial,40,70,32,3.82,"Reviews, Related searches"
handyvertrag de tarife,"Navigational, Transactional",38,70,37,1.54,"Sitelinks, Reviews, People also ask, Related searches"
handyvertrag firmen,Commercial,39,70,42,11.99,"AI Overview, Reviews, Video, People also ask, Related searches, Ads top, Ads middle"
handyvertrag gut und günstig,Commercial,42,70,55,2.22,"Reviews, Video, People also ask, Related searches, Popular products"
handyvertrag lte,Commercial,37,70,52,3.14,"Reviews, Video, People also ask, Related searches"
handyvertrag mit d1 netz,Commercial,39,70,22,2.63,"AI Overview, Reviews, Video, People also ask, Related searches, Ads top, Ads middle"
handyvertrag mit e roller,Commercial,36,70,9,1.15,"Reviews, Related searches, Popular products, Ads bottom"
handyvertrag mit flatrate,Commercial,39,70,34,2.86,"AI Overview, Reviews, Video, Related searches, Shopping ads, Ads top, Ads bottom"
handyvertrag mit gerät,Commercial,41,70,51,3.07,"Reviews, Video, People also ask, Related searches, Ads top"
handyvertrag mit prämie laptop,Commercial,34,70,15,0.90,"Sitelinks, Reviews, Related searches"
handyvertrag mit telefon,Commercial,40,70,56,2.33,"People also ask, Related searches, Popular products"
handyvertrag ohne bonitätsprüfung mit handy,Commercial,28,70,18,1.87,"Reviews, People also ask, Related searches, Ads top, Ads middle"
handyvertrag ohne handy billig,Commercial,39,70,35,2.51,"Reviews, Video, People also ask, Related searches, Ads top, Ads middle"
handyvertrag.de app,"Informational, Transactional",36,70,31,2.44,"Reviews, People also ask, Related searches"
handyvertrags angebote,Commercial,40,70,51,1.74,"Sitelinks, Reviews, Video, People also ask, Related searches"
handyverträge anbieter,"Informational, Commercial",41,70,52,3.66,"AI Overview, Reviews, Video, Related searches, Ads top, Ads bottom"
handyverträge deals,Commercial,36,70,47,1.22,"Reviews, Video, Related searches"
handyverträge mediamarkt,"Navigational, Transactional",34,70,34,0.95,"Sitelinks, Reviews, Video, People also ask, Related searches"
handyverträge vergleich ohne handy,Commercial,36,70,49,3.69,"Reviews, Video, People also ask, Related searches, Ads top, Ads middle"
handyverträge winsim,"Navigational, Transactional",46,70,18,2.40,"Sitelinks, Reviews, People also ask, Related searches, Ads top, Ads bottom"
handyverttag,Commercial,38,70,60,4.15,"Reviews, Video, People also ask, Related searches"
hanyvertrag,Commercial,35,70,63,4.15,"Reviews, Video, People also ask, Related searches"
haus internetangebote,Commercial,49,70,50,2.66,"AI Overview, Reviews, Video, People also ask, Related searches, Ads top, Ads bottom"
hausanschluss internet beantragen,"Informational, Commercial",49,70,18,2.84,"AI Overview, Reviews, Video, People also ask, Related searches, Ads bottom, Ads middle"
hd karte für kabelfernsehen vodafone,Transactional,35,70,30,0.00,"Reviews, People also ask, Related searches"
hd receiver für fernseher,Commercial,50,70,30,0.45,"Video, People also ask, Related searches, Popular products"
hd receiver mit festplatte,"Informational, Commercial",40,70,12,0.08,"Video, People also ask, Related searches"
hd reciever,Commercial,34,70,23,0.54,"Video, Video carousel, People also ask, Related searches, Popular products, Ads bottom"
hdmi smart tv stick,Commercial,40,70,25,0.64,"Sitelinks, Reviews, Video, People also ask, Related searches, Popular products"
hdmi streaming stick,Commercial,42,70,31,0.50,"Sitelinks, Reviews, Video, People also ask, Related searches, Popular products, Ads middle"
home internet deutschland,Commercial,49,70,64,3.76,"Reviews, Video, Related searches"
illegale film,Commercial,34,70,14,0.00,"Reviews, Video, Video carousel, People also ask, Related searches"
inet vergleich,Commercial,40,70,49,5.26,"Sitelinks, Reviews, Video, People also ask, Related searches"
ingyenes tv,Commercial,38,70,38,2.58,"Reviews, Video, People also ask, Related searches"
inrenet,Commercial,38,70,63,4.71,"Reviews, Image pack, Video, People also ask, Local pack, Related searches"
inteenet,Commercial,41,70,60,4.71,"Reviews, Video, People also ask, Related searches, Ads top, Ads bottom"
internet & tv anbieter,Commercial,51,70,49,2.44,"AI Overview, Reviews, Video, People also ask, Related searches"
internet angebot vergleich,Commercial,49,70,53,2.66,"Video, People also ask, Related searches, Ads top, Ads bottom"
internet angebote vergleichen,Commercial,44,70,51,2.69,"AI Overview, Reviews, Video, People also ask, Related searches"
internet berlin vergleich,Commercial,44,70,30,5.13,"AI Overview, Reviews, Video, People also ask, Related searches, Ads top, Ads middle"
internet beste,Commercial,42,70,42,4.31,"Reviews, Video, People also ask, Related searches"
internet fernsehen receiver,Commercial,47,70,17,1.75,"Sitelinks, Reviews, Video, People also ask, Related searches, Popular products, Ads bottom"
internet festnetz vertrag,Commercial,45,70,52,2.95,"Reviews, Video, People also ask, Related searches, Ads top, Ads bottom"
internet flat für handy ohne vertrag,Commercial,39,70,35,3.01,"Reviews, Video, People also ask, Related searches"
internet flat handy ohne vertrag,Commercial,37,70,32,3.30,"Reviews, Video, People also ask, Related searches, Popular products, Ads bottom"
internet flat mit festnetz,"Informational, Commercial",49,70,38,1.84,"AI Overview, Reviews, Video, People also ask, Related searches, Ads top, Ads middle"
internet flat vertrag ohne handy,Commercial,42,70,28,3.01,"AI Overview, Reviews, Video, People also ask, Related searches"
internet für daheim,Commercial,47,70,49,4.67,"Reviews, Video, People also ask, Related searches"
internet für fernseher,Commercial,48,70,35,1.63,"Reviews, Video, People also ask"
internet handy flat ohne vertrag,Commercial,41,70,35,3.30,"Reviews, People also ask, Related searches, Ads middle"
internet home angebote,Commercial,49,70,50,3.97,"AI Overview, Reviews, Video, People also ask, Related searches, Ads top, Ads bottom"
internet mit festnetz flat,"Informational, Commercial",49,70,36,1.84,"AI Overview, Reviews, Video, Related searches"
internet mobile in germania,Commercial,42,70,20,3.45,"AI Overview, Reviews, Video, People also ask, Related searches"
internet möglichkeiten,Commercial,46,70,43,1.61,"Reviews, Video, Video carousel, People also ask, Related searches, Ads top, Ads bottom"
internet ohne glasfaser,Commercial,48,70,19,1.36,"AI Overview, Video, People also ask, Related searches, Ads top, Ads middle"
internet ohne mindestlaufzeit,Commercial,38,70,39,5.88,"AI Overview, Reviews, Video, People also ask, Related searches, Ads top, Ads bottom"
internet provider router,Commercial,39,70,33,2.53,"AI Overview, Video, People also ask, Related searches"
internet providers in germany,"Informational, Commercial",44,70,14,3.02,"Sitelinks, AI Overview, Reviews, Video, Video carousel, People also ask, Related searches, Ads top, Ads bottom"
internet receiver für tv,Commercial,48,70,17,1.20,"Sitelinks, Reviews, Video, People also ask, Related searches, Popular products"
internet tarife dsl,Commercial,44,70,44,3.46,"AI Overview, Reviews, Video, Related searches"
internet telefon angebote,Commercial,44,70,49,1.52,"Reviews, Video, People also ask, Related searches"
internet telefon tv anbieter,Commercial,46,70,41,1.26,"AI Overview, Reviews, Video, People also ask, Related searches, Ads top, Ads middle"
internet telefon und tv,Commercial,48,70,44,1.72,"Reviews, Video, People also ask, Related searches, Ads top, Ads bottom"
internet telefon vertrag,Commercial,46,70,56,3.17,"Reviews, Video, People also ask, Related searches, Ads top, Ads middle"
internet telefonleitung,Commercial,49,70,20,2.14,"Sitelinks, AI Overview, Video, Video carousel, People also ask, Related searches, Ads bottom, Ads middle"
internet tv receiver wlan,Commercial,44,70,22,1.24,"Sitelinks, Video, People also ask, Related searches, Popular products"
internet tv telefon anbieter,"Informational, Commercial",47,70,41,1.14,"Sitelinks, AI Overview, Reviews, Video, People also ask, Related searches"
internet tv und festnetz,Commercial,49,70,49,1.45,"Video, People also ask, Related searches, Ads top, Ads middle"
internet vergelijken,Commercial,49,70,66,2.27,"Reviews, Video, People also ask, Related searches"
internet vergleich berlin,Commercial,43,70,29,6.88,"AI Overview, Reviews, Video, People also ask, Related searches"
internet vergleich glasfaser,Commercial,48,70,31,2.54,"Sitelinks, AI Overview, Reviews, Video, People also ask, Related searches"
internet vertrag ohne handy,Commercial,48,70,29,5.61,"Reviews, Video, People also ask, Related searches, Ads top, Ads middle"
internet vertrag vergleichen,Commercial,45,70,54,5.16,"Sitelinks, Reviews, Video, People also ask, Related searches, Ads top, Ads middle"
internet welcher anbieter,Commercial,49,70,,4.29,"Reviews, Video, Video carousel, People also ask, Related searches"
internetanbieter in meiner nähe,Transactional,49,70,,2.63,"Reviews, Video, People also ask, Local pack, Related searches"
internetanbieter ohne festnetz,Commercial,48,70,27,1.32,"Reviews, Video, People also ask, Related searches, Ads top, Ads middle"
internetanbieter ohne telefon,"Informational, Commercial",48,70,28,1.43,"AI Overview, Reviews, Video, Video carousel, People also ask, Related searches"
internetanschluss neu,Commercial,42,70,51,3.74,"Sitelinks, AI Overview, Reviews, Video, People also ask, Related searches, Ads top, Ads bottom"
ip tv app fire tv,"Informational, Commercial",51,70,27,0.00,"Sitelinks, AI Overview, Video, Video carousel, People also ask, Related searches"
ip tv für fire tv stick,"Informational, Commercial",51,70,11,0.00,"Sitelinks, AI Overview, Video, Video carousel, People also ask, Related searches"
ip tv germany,"Informational, Commercial",74,70,16,0.88,"AI Overview, Video, People also ask, Related searches"
ip tv pro,"Informational, Transactional",46,70,36,0.94,"Reviews, Video, Video carousel, People also ask, Related searches"
ip tv türkei,Commercial,47,70,22,0.00,"Reviews, Video, People also ask, Related searches"
ipad pro mit vertrag check24,"Informational, Transactional",35,70,32,0.92,"People also ask, Related searches, Popular products"
iphone bester vertrag,Commercial,33,70,29,1.20,"Reviews, Video, People also ask, Related searches, Popular products"
iptv android tv box,"Informational, Commercial",44,70,22,0.00,"Reviews, Video, Video carousel, People also ask, Related searches, Popular products"
iptv app pc,Commercial,45,70,36,0.00,"Reviews, Video, People also ask, Related searches"
iptv boxen,Commercial,55,70,17,0.87,"Video, People also ask, Related searches, Popular products"
iptv free trail,"Informational, Commercial",48,70,0,0.00,"Sitelinks, Video, Video carousel, Related searches"
iptv m3u kaufen,Commercial,47,70,14,0.00,"AI Overview, Related searches"
iptv playlist kaufen,Commercial,51,70,8,0.00,"Video, Related searches"
iptv playlist reddit,"Navigational, Transactional",42,70,34,0.00,Related searches
iptv smart player windows,Transactional,44,70,40,0.00,"Reviews, Video, Video carousel, People also ask, Related searches"
iptv windows download,"Informational, Commercial",47,70,44,0.00,"Video, Related searches"
iptvus,Commercial,52,70,42,1.20,"Reviews, People also ask"
kabel 1 live mediathek,Commercial,40,70,31,0.40,"Reviews, Video, People also ask, Related searches, Ads top, Ads middle"
kabel 1 online stream,Commercial,48,70,41,0.64,"Reviews, Video, People also ask, Related searches"
kabel internet preisvergleich,Commercial,45,70,22,3.86,"Reviews, People also ask, Related searches"
kabel receiver hd,Commercial,37,70,15,0.50,"Reviews, Video, Video carousel, People also ask, Related searches, Popular products"
kabel receiver mit smart tv funktion,Commercial,42,70,18,0.32,"Sitelinks, Reviews, Video, People also ask, Related searches, Popular products"
kabelfernseh anschluss,"Informational, Commercial",49,70,32,1.60,"AI Overview, Reviews, Image, Image pack, Video, Video carousel, People also ask, Related searches, Ads top, Ads bottom"
kabelfernsehen hamburg,Commercial,38,70,12,1.14,"AI Overview, Reviews, Video, People also ask, Related searches, Ads bottom, Ads middle"
kabelinternet anschluss,"Informational, Commercial",43,70,19,4.33,"AI Overview, Reviews, Image pack, Video, Video carousel, People also ask, Related searches, Ads bottom"
kabelinternet vergleich,Commercial,49,70,22,3.69,"Video, People also ask, Related searches"
kabellos fernsehen über wlan,Commercial,43,70,20,1.01,"Sitelinks, Reviews, Video, Video carousel, People also ask, Related searches, Ads top, Ads bottom"
kaufeniptv,Commercial,51,70,2,0.89,"Video, People also ask, Ads top, Ads middle"
klarmobil handytarife ohne handy,Transactional,34,70,31,1.64,"Reviews, People also ask, Related searches"
kostenlos fernsehen im internet ohne anmeldung,"Navigational, Transactional",40,70,32,0.00,"AI Overview, Reviews, Video, People also ask, Related searches"
kostenlos fernsehen ohne anmeldung internet,"Navigational, Transactional",40,70,32,0.00,"AI Overview, Reviews, Video, People also ask, Related searches"
kostenlos im internet fernsehen ohne anmeldung,Transactional,40,70,37,0.00,"AI Overview, Reviews, Video, People also ask, Related searches, Ads bottom"
kostenlos internet fernsehen ohne anmeldung,Transactional,42,70,30,0.00,"Reviews, Video, People also ask, Related searches"
kostenlos rtl live stream,"Navigational, Transactional",42,70,47,1.43,"Reviews, Video, People also ask, Related searches"
kostenlos serie schauen,"Informational, Commercial",47,70,47,0.46,"AI Overview, Reviews, Video, Related searches"
kostenlos tv streaming,Commercial,45,70,48,0.93,"Reviews, Video, People also ask, Related searches"
kostenlose fernsehen schauen,Commercial,45,70,32,0.57,"Reviews, Video, People also ask, Related searches"
kostenlose netflix,"Informational, Transactional",44,70,46,1.04,"Reviews, Image, Video, People also ask, Related searches"
kostenlose streaming dienste ohne anmeldung,Transactional,45,70,30,0.00,"AI Overview, Video, People also ask, Related searches, Ads bottom"
live stream fernsehen rtl,Transactional,51,70,46,0.56,"Reviews, Video, People also ask, Related searches"
live tv apk,"Informational, Commercial",40,70,23,0.52,"AI Overview, Reviews, Video, Related searches"
livestreaming kostenlos,Commercial,45,70,47,0.67,"Video, People also ask, Related searches"
lte abdeckung telekom,Transactional,40,70,38,1.32,"Reviews, People also ask, Related searches"
lte telekom abdeckung,"Navigational, Transactional",42,70,45,1.32,"Reviews, People also ask, Related searches"
lte telekom netzabdeckung,"Informational, Transactional",42,70,34,3.03,"Reviews, People also ask, Related searches"
lte telekom verfügbarkeit,"Navigational, Transactional",43,70,53,1.14,"Reviews, People also ask, Related searches"
magenta festnetz internet,Commercial,43,70,33,2.77,"AI Overview, Reviews, Video, People also ask, Related searches"
magenta programmliste,Commercial,47,70,28,4.21,"Image, Video, People also ask, Related searches"
magenta receiver 2 generation,"Informational, Transactional",46,70,25,1.40,"Reviews, Image pack, Video, Video carousel, People also ask, Related searches"
magenta smart stream preis,Transactional,46,70,19,2.65,"AI Overview, Reviews, Video, People also ask, Related searches"
magenta smartstream,"Informational, Commercial",46,70,24,2.82,"AI Overview, Reviews, Image, Video, Video carousel, People also ask, Related searches, Ads top, Ads bottom"
magenta tv 1 generation vs 2 generation,"Informational, Commercial",40,70,21,6.82,"AI Overview, Reviews, Video, Video carousel, People also ask, Related searches"
magenta tv 2.0 anmelden,"Informational, Transactional",39,70,25,4.16,"Reviews, Video carousel, People also ask, Related searches"
magenta tv gerät,"Informational, Transactional",48,70,25,3.48,"Reviews, Video, Video carousel, People also ask, Related searches, Popular products"
magenta tv konto,"Informational, Transactional",48,70,43,3.78,"Reviews, Video, Video carousel, People also ask, Related searches, Ads bottom"
magenta tv mobil,Commercial,43,70,49,4.68,"AI Overview, Reviews, Video, People also ask, Related searches, Ads top"
magenta tv s,Commercial,37,70,16,3.71,"Reviews, People also ask, Related searches, Ads top"
magenta tv stick 1 generation kaufen,Transactional,46,70,18,0.07,"Video, People also ask, Related searches, Ads bottom"
magenta tv stick 4k,Commercial,46,70,22,0.20,"Video, People also ask, Related searches, Popular products"
magenta tv verfügbarkeit,Commercial,49,70,48,1.48,"Reviews, People also ask, Related searches"
magenta tv vorteile,Commercial,48,70,31,3.42,"AI Overview, Video, People also ask, Related searches, Ads top"
magenta tv zusatzpakete,Commercial,45,70,33,3.77,"AI Overview, Reviews, Video, People also ask, Related searches"
magentatv box play,"Informational, Transactional",39,70,17,4.77,"Sitelinks, Reviews, Video, Video carousel, People also ask, Related searches, Popular products"
mediamarkt wlan router,"Navigational, Transactional",34,70,29,0.27,"People also ask, Related searches, Popular products"
mega sim tarife,Commercial,33,70,16,2.00,"Reviews, People also ask, Related searches"
mega sim.de,"Informational, Commercial",38,70,22,0.49,"Video, People also ask, Related searches, Ads top"
mit sky bei wow anmelden,"Informational, Transactional",43,70,17,2.91,"AI Overview, Reviews, Video, People also ask, Related searches, Ads bottom, Ads middle"
mobil tarife im vergleich,Commercial,34,70,49,2.37,"Reviews, Video, People also ask, Related searches"
mobilcom handy mit vertrag,Commercial,38,70,61,1.35,"Reviews, Video, People also ask, Related searches"
mobile internet flat für zuhause,"Informational, Commercial",49,70,32,2.16,"AI Overview, Video, People also ask, Related searches, Ads top, Ads middle"
mobile preise,"Navigational, Transactional",31,70,45,1.78,"Reviews, Video, People also ask, Related searches"
mobiles internet für zuhause unlimited,"Informational, Commercial",49,70,30,2.66,"AI Overview, Video, People also ask, Related searches, Ads top, Ads middle"
mobiles internet günstig,Commercial,42,70,49,2.23,"Reviews, Video, People also ask, Related searches, Popular products"
mobilfunk netzabdeckung o2,Commercial,47,70,27,0.18,"Image pack, People also ask, Related searches, Ads bottom"
mobilfunk unbegrenztes datenvolumen,Commercial,40,70,31,3.33,"AI Overview, Reviews, Video, People also ask, Related searches, Ads top, Ads bottom"
mobilfunkkarte,Commercial,38,70,27,2.29,"AI Overview, Reviews, Video, People also ask, Related searches, Ads top, Ads middle"
mobilfunknetze test,Commercial,41,70,46,1.39,"Sitelinks, AI Overview, Reviews, Video, People also ask, Related searches"
mobiltarif,Commercial,41,70,63,6.48,"Video, People also ask, Related searches"
mobiltarife günstig,Commercial,36,70,49,2.79,"Reviews, Video, People also ask, Related searches, Popular products, Ads middle"
monatlich kündbar internet für zuhause,Commercial,49,70,35,6.12,"AI Overview, Reviews, Video, Related searches, Ads middle"
nachrichten rtl von gestern,"Navigational, Transactional",33,70,45,0.00,"Video, People also ask, Related searches"
naruto kostenlos gucken,"Informational, Transactional",47,70,35,0.37,"Reviews, Image, Video, People also ask, Knowledge panel, Related searches"
net tv plus nemacka cena,Commercial,31,70,4,0.96,"Reviews, Video, Related searches"
netflix abokosten,"Informational, Transactional",39,70,49,1.21,"AI Overview, Reviews, Video, People also ask, Related searches"
netflix free trial germany,"Navigational, Transactional",45,70,57,2.19,"Video, People also ask, Related searches"
netflix koste,"Informational, Transactional",48,70,50,0.47,"AI Overview, Reviews, Video, People also ask, Related searches"
netflix monatlich kosten,"Informational, Transactional",48,70,48,1.11,"AI Overview, Reviews, Video, People also ask, Related searches"
netflix über magenta anmelden,Transactional,50,70,19,5.02,"AI Overview, Reviews, Video, People also ask, Related searches, Ads middle"
netflix-serien liste,Commercial,32,70,43,0.03,"Sitelinks, Video, People also ask, Related searches"
nettv netcologne,"Navigational, Transactional",46,70,24,0.58,"Video, People also ask, Related searches"
nettv plus nemacka,Commercial,46,70,24,2.04,"AI Overview, Reviews, Video, People also ask, Related searches"
netzabdeckung lte telekom,"Informational, Transactional",42,70,43,3.03,"Reviews, People also ask, Related searches"
netzabdeckung mobil,Commercial,47,70,44,1.42,"Sitelinks, Video, Video carousel, People also ask, Related searches, Ads bottom"
netzanbieter im vergleich,Commercial,49,70,41,1.59,"Sitelinks, AI Overview, Video, People also ask, Related searches"
netzanbieter vergleich,Commercial,49,70,40,1.59,"AI Overview, Video, People also ask, Related searches, Ads top, Ads middle"
netzverfügbarkeit telekom,Transactional,42,70,40,2.37,"Reviews, People also ask, Related searches"
neu handy vertrag,Commercial,40,70,49,3.83,"Reviews, Video, Related searches"
neue handynummer kaufen,Transactional,34,70,11,4.87,"Sitelinks, Reviews, Video, Related searches, Popular products"
neue handyverträge,Commercial,40,70,51,4.47,"Reviews, Video, Related searches, Ads top, Ads bottom"
neue serien streamen,Commercial,47,70,31,0.23,"Video, People also ask, Related searches"
neuer handyvertrag ohne handy,Commercial,39,70,29,5.13,"Video, People also ask, Related searches, Ads top, Ads bottom"
neuer vertrag mit handy,Commercial,39,70,50,1.80,"Reviews, Video, People also ask, Related searches, Popular products"
neues handy vertrag,Commercial,41,70,45,3.83,"Video, People also ask, Related searches, Ads top, Ads bottom"
neues handy vodafone,"Navigational, Transactional",31,70,31,2.58,"Sitelinks, Reviews, People also ask, Related searches, Ads bottom"
nur internetanschluss,Commercial,49,70,,1.40,"AI Overview, Reviews, Video, People also ask, Related searches, Ads top, Ads bottom"
o2 netzabdeckung check,Commercial,47,70,35,0.16,"Sitelinks, AI Overview, Reviews, People also ask, Related searches"
o2 vertrag günstig,"Navigational, Commercial",36,70,41,0.64,"Sitelinks, Reviews, Video, People also ask, Related searches"
o2tvapp,Commercial,45,70,33,0.99,"AI Overview, Reviews, Video, Video carousel, People also ask, Related searches, Ads bottom"
online deutsche fernsehen,Commercial,45,70,37,0.60,"Reviews, Video, People also ask, Related searches"
online deutsches fernsehen,Commercial,46,70,42,1.56,"Reviews, Video, People also ask, Related searches, Ads top, Ads middle"
online rtl,Transactional,51,70,71,1.54,"Video, People also ask, Top stories, Related searches"
online stream rtl,"Navigational, Transactional",42,70,36,0.97,"Sitelinks, Reviews, Video, People also ask, Related searches"
online tv recorder kostenlos,"Informational, Commercial",46,70,40,0.75,"AI Overview, Reviews, Video, People also ask, Related searches"
partnerkarte 1&1,"Navigational, Transactional",38,70,44,1.11,"Reviews, People also ask, Related searches"
phone deals germany,Commercial,38,70,47,107.29,"Reviews, Video, Related searches, Popular products"
preisvergleich glasfaser,Commercial,48,70,31,1.73,"Sitelinks, Reviews, Video, People also ask, Related searches, Popular products, Ads top, Ads bottom"
preisvergleich kabel internet,Commercial,46,70,22,3.86,"Reviews, Video, People also ask, Related searches, Ads top, Ads middle"
preisvergleich mobilfunk,Commercial,40,70,58,3.04,"Reviews, Video, People also ask, Related searches"
preiswertes internet,Commercial,49,70,50,1.34,"Reviews, Video, People also ask, Related searches"
premium-abo netflix,"Informational, Transactional",48,70,61,1.77,"AI Overview, Reviews, Video, People also ask, Related searches"
prepaid tarif mit handy,Commercial,37,70,43,2.53,"Sitelinks, Video, People also ask, Related searches, Popular products"
prosieben kostenlos stream,Commercial,38,70,30,0.45,"Reviews, Video, People also ask, Related searches"
prosieben live ohne anmelden,"Navigational, Transactional",37,70,34,0.37,"Reviews, Video, People also ask, Related searches"
receiver für hd empfang,Commercial,38,70,27,0.19,"Video, Video carousel, People also ask, Related searches, Popular products, Ads top, Ads middle"
receiver für internetfernsehen,Commercial,44,70,20,1.75,"Reviews, Video, People also ask, Related searches, Popular products"
receiver für sat schüssel,Commercial,37,70,23,0.12,"Video, People also ask, Related searches, Popular products"
receiver internet fernsehen,Commercial,47,70,18,1.75,"Sitelinks, Reviews, Video, People also ask, Related searches, Popular products"
receiver tv kabel,Commercial,35,70,18,0.39,"Reviews, Video, Video carousel, People also ask, Related searches, Popular products"
receiver ultra hd,Commercial,36,70,13,0.67,"Reviews, Video, People also ask, Related searches, Popular products"
rentner handy vertrag,Commercial,40,70,15,1.71,"Video, People also ask, Related searches, Popular products, Ads top, Ads middle"
router bestes wlan,Commercial,37,70,27,0.63,"Sitelinks, Reviews, Video, People also ask, Related searches"
router große reichweite,Commercial,39,70,23,0.33,"Sitelinks, Reviews, Video, People also ask, Related searches, Popular products"
router mit bestem wlan,"Informational, Commercial",37,70,22,0.63,"Sitelinks, Reviews, Video, Video carousel, People also ask, Related searches"
router mit der größten reichweite,Commercial,35,70,26,0.23,"Sitelinks, Reviews, Video, People also ask, Related searches, Popular products"
router mit dsl modem,Commercial,41,70,29,0.60,"Sitelinks, Reviews, Video, People also ask, Related searches, Popular products"
router mit großer reichweite,Commercial,38,70,29,0.23,"Sitelinks, Reviews, People also ask, Related searches, Popular products"
router stiftung warentest,Commercial,32,70,33,0.27,"Sitelinks, Reviews, Video, People also ask, Related searches, Ads bottom"
router.lan,"Informational, Commercial",31,70,17,1.05,"Reviews, Video, Video carousel, People also ask, Popular products"
rtl am pc schauen,Commercial,40,70,49,1.10,"Sitelinks, AI Overview, Reviews, Video, People also ask, Related searches, Ads top, Ads bottom"
rtl jetzt schauen,"Navigational, Transactional",51,70,60,0.74,"Sitelinks, Reviews, Video, People also ask, Related searches"
rtl live steam,"Navigational, Transactional",38,70,49,0.63,"Reviews, Video, People also ask, Related searches"
rtl livestrea,"Navigational, Transactional",51,70,49,0.60,"Reviews, Video, People also ask, Related searches"
rtl livestream.de,"Navigational, Transactional",51,70,60,0.96,"Reviews, Video, People also ask"
rtl livestrream,"Navigational, Transactional",51,70,48,0.60,"Reviews, Video, People also ask, Related searches"
rtl m,"Navigational, Transactional",35,70,78,0.55,"Reviews, Video, People also ask, Related searches, Ads top, Ads bottom"
rtl online tv,"Navigational, Transactional",45,70,47,0.86,"Sitelinks, Reviews, Video, People also ask, Related searches"
rtl stream live free,"Navigational, Transactional",40,70,40,1.25,"Reviews, Video, People also ask, Related searches"
rtl tv kostenlos streamen,Commercial,51,70,44,1.07,"Sitelinks, Video, People also ask, Related searches, Ads bottom"
rtl tv streaming,Transactional,51,70,66,0.97,"Sitelinks, Video, People also ask, Top stories, Related searches"
samsung vertrag günstig,"Informational, Commercial",38,70,30,1.05,"Reviews, Related searches, Popular products, Ads bottom"
sat live stream,Commercial,36,70,35,0.51,"Reviews, Video, Related searches, Ads bottom"
sat receiver günstig,Commercial,37,70,16,0.18,"Video carousel, People also ask, Related searches, Popular products"
sat receiver mediathek,Commercial,42,70,21,0.12,"People also ask, Related searches"
sat receiver mit mediathek,Commercial,39,70,18,0.12,"People also ask, Related searches"
sat resiver,Commercial,31,70,23,0.15,"Video, Video carousel, People also ask, Related searches, Popular products"
satelliten hd,Commercial,50,70,,0.94,"AI Overview, Reviews, Video, People also ask, Related searches, Ads bottom, Ads middle"
saturn handy mit vertrag angebote,"Informational, Transactional",33,70,41,0.64,"Reviews, People also ask, Related searches, Popular products"
senderliste o2 tv,Commercial,55,70,22,0.56,"AI Overview, Reviews, Video, People also ask, Related searches, Ads top, Ads bottom"
serie kostenlos anschauen,"Informational, Commercial",47,70,38,0.50,"Reviews, Video, People also ask, Related searches"
serie tv free,Commercial,35,70,29,1.30,"Sitelinks, AI Overview, Reviews, Video, People also ask, Related searches"
serienstreamer,Commercial,47,70,22,0.71,"People also ask, Related searches"
sim angebote ohne handy,Commercial,38,70,19,4.93,"Reviews, Video, Related searches, Popular products"
sim de internet zuhause,Transactional,49,70,18,2.09,"Video, People also ask, Related searches, Ads top, Ads middle"
sim flat,Commercial,29,70,45,5.62,"AI Overview, Reviews, Video, People also ask, Related searches, Ads top, Ads middle"
sim flatrate,"Informational, Commercial",34,70,35,3.91,"AI Overview, Reviews, Video, Related searches"
sim karte 5g,Commercial,31,70,15,3.85,"Reviews, Video, Video carousel, People also ask, Related searches, Popular products, Ads top, Ads middle"
sim karte anbieter,"Informational, Commercial",38,70,65,5.61,"AI Overview, Reviews, Video, People also ask, Related searches, Ads middle"
sim karte d netz,"Informational, Commercial",36,70,27,3.52,"AI Overview, Reviews, Video, People also ask, Related searches"
sim karte für smartphone,Commercial,35,70,41,2.61,"Reviews, Video, People also ask, Related searches, Popular products, Ads top, Ads bottom"
sim karte mit handy vertrag,Commercial,35,70,60,3.19,"Reviews, Video, Related searches, Popular products, Ads top, Ads middle"
sim karte vertrag günstig,Commercial,35,70,64,5.96,"Reviews, Video, People also ask, Related searches, Popular products"
sim karten günstig,Commercial,34,70,57,6.33,"Video, People also ask, Related searches, Popular products"
sim24 angebote mit handy,"Navigational, Transactional",46,70,16,0.62,"Sitelinks, Reviews, People also ask, Related searches, Popular products, Ads top, Ads bottom"
simvertrag,Commercial,46,70,49,4.40,"Video, People also ask, Related searches, Ads top, Ads bottom"
sky 1 monat,Transactional,35,70,30,1.98,"Reviews, Video, People also ask, Related searches"
sky beste angebote,Commercial,38,70,29,0.71,"Sitelinks, AI Overview, Reviews, Video, People also ask, Related searches"
sky bestes angebot,Commercial,43,70,36,0.71,"Sitelinks, Reviews, People also ask, Related searches, Ads top, Ads bottom"
sky fernsehen im internet,"Navigational, Transactional",41,70,36,1.30,"Reviews, Video, People also ask, Related searches"
sky go de,Transactional,36,70,48,0.60,"Reviews, People also ask, Related searches, Ads top"
sky go testen kostenlos,Commercial,36,70,9,1.18,"Sitelinks, AI Overview, Reviews, Video, People also ask, Related searches"
sky go tv,"Informational, Transactional",38,70,64,1.01,"Reviews, Video, People also ask, Related searches"
sky mac,"Informational, Transactional",31,70,44,1.03,"Sitelinks, AI Overview, Reviews, Video, People also ask, Related searches"
sky macbook,"Navigational, Transactional",30,70,45,1.03,"Sitelinks, Reviews, Video, People also ask, Related searches, Ads top, Ads bottom"
sky mit magenta,"Informational, Commercial",38,70,25,0.63,"Reviews, People also ask, Related searches"
sky pay tv,Transactional,40,70,33,1.48,"Sitelinks, AI Overview, Reviews, Video, People also ask, Top stories, Related searches, Ads bottom"
sky smart,"Informational, Transactional",33,70,25,0.60,"Reviews, Video, Related searches"
sky spos,"Informational, Commercial",46,70,71,2.87,"Video, People also ask, Knowledge panel, Top stories, Related searches, See results about"
skyapp,Commercial,34,70,37,0.78,"AI Overview, Reviews, Video, People also ask, Related searches, Ads bottom"
smart tv als prämie,Commercial,40,70,15,2.19,"Reviews, Video, Related searches, Ads middle"
smart tv hdmi stick,"Informational, Commercial",48,70,24,0.52,"Sitelinks, Video, People also ask, Related searches, Popular products"
smart tv nachrüsten,"Informational, Commercial",44,70,27,0.53,"Sitelinks, Video, People also ask, Related searches, Popular products"
smart tv stick für fernseher,Commercial,46,70,28,0.48,"Sitelinks, Reviews, Video, Video carousel, People also ask, Related searches, Popular products"
smart tv stick hdmi,Commercial,40,70,28,0.64,"Sitelinks, Reviews, Video, People also ask, Related searches, Popular products"
smart tv wlan fähig,Commercial,39,70,23,0.20,"Reviews, Video, Video carousel, People also ask, Related searches, Popular products"
smartphone bundle,Commercial,32,70,11,1.58,"Reviews, Related searches, Popular products"
smartphone sim karte,Commercial,34,70,32,2.61,"Reviews, Image pack, Video, Video carousel, People also ask, Related searches, Popular products"
smartphone tarifvergleich,Commercial,41,70,53,1.52,"Sitelinks, Reviews, Video, People also ask, Related searches, Popular products"
smartphone vodafone,Transactional,28,70,45,2.06,"Reviews, People also ask, Related searches, Popular products, Ads top, Ads middle"
spannende serie mediathek,"Informational, Commercial",35,70,30,0.07,"AI Overview, Video, People also ask, Related searches"
spar handytarife,"Navigational, Commercial",34,70,35,1.57,"Sitelinks, Reviews, Video, People also ask, Related searches"
stick fernseher,Commercial,44,70,32,1.21,"Sitelinks, Reviews, Image, Image pack, Video, Video carousel, People also ask, Related searches, Popular products, Ads top, Ads middle"
stiftung warentest router,Commercial,32,70,33,0.27,"Sitelinks, Reviews, Video, People also ask, Related searches, Ads top, Ads bottom"
stream angebote,Commercial,48,70,50,2.39,"AI Overview, Reviews, Video, People also ask, Related searches, Ads top"
stream best,Commercial,34,70,57,1.10,"AI Overview, Reviews, Video, People also ask, Related searches"
stream stick,Commercial,40,70,22,1.35,"Sitelinks, Video, Video carousel, People also ask, Knowledge panel, Related searches, Popular products, Ads bottom"
stream tv series,Commercial,33,70,70,1.35,"Reviews, Video, Related searches"
streaming dienste test,Commercial,42,70,41,1.46,"Reviews, Video, People also ask, Related searches"
streaming dienste vergleichen,Commercial,54,70,36,1.60,"Reviews, Video, People also ask, Related searches, Ads middle"
streaming gerät,Commercial,43,70,28,0.63,"Sitelinks, Video, People also ask, Related searches, Popular products, Ads top, Ads middle"
streaming geräte für tv,Commercial,48,70,30,0.85,"Video, Video carousel, People also ask, Related searches"
streaming stick für tv,Commercial,48,70,,0.58,"Sitelinks, Reviews, Video, Video carousel, People also ask, Related searches, Popular products"
streaming stick hdmi,"Informational, Commercial",48,70,26,0.48,"Video, People also ask, Related searches, Popular products"
streaming sticks test,Commercial,48,70,28,0.36,"Sitelinks, Reviews, Video, People also ask, Related searches"
streaming tv stick,Commercial,48,70,28,0.81,"Sitelinks, Reviews, Video, People also ask, Related searches, Popular products, Ads top, Ads middle"
streaming tv vergleich,Commercial,49,70,39,2.11,"Sitelinks, Reviews, Video, People also ask, Related searches, Ads top, Ads middle"
streamingdienste vergleich,Commercial,45,70,36,1.60,"AI Overview, Reviews, Video, People also ask, Related searches"
t mobile telefon,Transactional,34,70,28,1.51,"Featured snippet, Reviews, Video, Video carousel, People also ask, Related searches"
t online glasfaser verfügbarkeit,Commercial,43,70,24,0.51,"Reviews, People also ask, Related searches"
tarife vodafone handy,Transactional,33,70,49,1.46,"Reviews, People also ask, Related searches"
telefon internet angebote,Commercial,43,70,57,1.52,"Reviews, Video, People also ask, Related searches"
telefon internet tv anbieter,Commercial,48,70,41,1.26,"AI Overview, Reviews, Video, People also ask, Related searches, Ads top, Ads middle"
telefon ohne festnetzanschluss,Commercial,48,70,20,0.95,"Sitelinks, AI Overview, Reviews, Video, People also ask, Related searches, Ads top, Ads middle"
telefon tv internet anbieter,Commercial,49,70,41,1.26,"Sitelinks, AI Overview, Reviews, Video, Related searches"
telefon tv und internet,Commercial,44,70,44,1.79,"Reviews, Video, People also ask, Related searches, Ads top, Ads bottom"
telefon und internet tarife telekom,Transactional,43,70,44,1.87,"Sitelinks, Reviews, People also ask, Related searches"
telefon und internet vertrag,Commercial,45,70,46,2.74,"Reviews, Video, People also ask, Related searches, Ads top, Ads middle"
telefonanschluss telekom kosten,Transactional,38,70,43,0.89,"Reviews, Video, People also ask, Related searches"
telefontarife festnetz und internet vergleich,Commercial,43,70,50,1.26,"AI Overview, Reviews, Video, People also ask, Related searches, Ads top, Ads middle"
telefonvertrag telekom,"Navigational, Transactional",42,70,45,2.07,"Sitelinks, Reviews, Video, People also ask, Related searches"
telekom 1 euro handy,"Navigational, Transactional",35,70,24,3.12,"Sitelinks, Reviews, People also ask, Related searches, Ads top, Ads bottom"
telekom 300 glasfaser,Transactional,48,70,22,2.22,"Video, People also ask, Related searches, Ads top, Ads bottom"
telekom abdeckung lte,"Informational, Transactional",43,70,35,1.39,"Reviews, People also ask, Related searches"
telekom breitband verfügbarkeit,"Navigational, Transactional",42,70,30,2.41,"Reviews, People also ask, Related searches"
telekom dls,Transactional,40,70,34,2.87,"Reviews, Video, People also ask, Related searches, Ads top, Ads bottom"
telekom empfang karte,"Informational, Transactional",43,70,35,1.19,"AI Overview, Reviews, People also ask, Related searches"
telekom fernseh stick,"Informational, Transactional",46,70,19,0.43,"Reviews, Video, People also ask, Related searches, Popular products"
telekom glasfaser magenta tv,"Navigational, Transactional",45,70,25,1.70,"Reviews, People also ask, Related searches, Ads top, Ads bottom"
telekom handy 1 euro,"Navigational, Transactional",35,70,24,3.12,"Sitelinks, Reviews, People also ask, Related searches"
telekom handy für 1 euro,Transactional,35,70,21,3.12,"Reviews, Video, People also ask, Related searches"
telekom handy mit vertrag samsung,Commercial,36,70,34,0.78,"Reviews, People also ask, Related searches, Popular products, Ads bottom"
telekom handytarife mit vertrag,Transactional,39,70,41,1.37,"Reviews, People also ask, Related searches, Popular products, Ads top, Ads bottom"
telekom hausanschluß beantragen,Transactional,49,70,28,5.54,"AI Overview, Video, People also ask, Related searches, Ads top, Ads middle"
telekom intenret,"Navigational, Transactional",49,70,33,3.82,"Reviews, Video, People also ask, Related searches"
telekom internet berlin,Transactional,41,70,33,2.87,"AI Overview, Reviews, People also ask, Related searches, Ads top, Ads middle"
telekom internetanschluß,"Navigational, Transactional",41,70,30,2.93,"Reviews, Video, People also ask, Related searches, Ads top, Ads bottom"
telekom kabelanschluss internet,Transactional,42,70,33,0.70,"AI Overview, Reviews, People also ask, Related searches, Ads bottom, Ads middle"
telekom kabelinternet,Transactional,44,70,29,2.58,"Reviews, People also ask, Related searches, Ads top, Ads bottom"
telekom lte abdeckung,Transactional,42,70,38,1.39,"Reviews, People also ask, Related searches"
telekom lte netzabdeckung,"Informational, Transactional",42,70,38,3.03,"Reviews, People also ask, Related searches"
telekom lte verfügbarkeit,"Navigational, Transactional",41,70,51,1.14,"Reviews, People also ask, Related searches"
telekom magenta internet,"Navigational, Transactional",43,70,45,3.65,"Reviews, People also ask, Related searches"
telekom magenta netflix,Transactional,50,70,26,4.58,"Reviews, Video, Short videos, People also ask, Related searches, Ads top, Ads middle"
telekom netzabdeckung lte,Transactional,42,70,44,3.76,"Reviews, People also ask, Related searches"
telekom tarif festnetz,Transactional,44,70,38,1.50,"AI Overview, Reviews, Video, People also ask, Related searches, Ads top, Ads middle"
telekom tarife handy mit vertrag,Transactional,39,70,35,1.37,"AI Overview, Reviews, People also ask, Related searches"
telekom verfpgbarkeit,Transactional,47,70,18,2.35,"Reviews, Related searches, Ads top, Ads bottom"
telekom verfugbarkeit,Transactional,47,70,18,3.16,"Reviews, Related searches"
telekom wlan kosten,"Informational, Commercial",37,70,32,1.67,"AI Overview, Reviews, People also ask, Related searches"
telekom zuhause internet,Transactional,49,70,38,2.91,"People also ask, Related searches"
test streaming dienste,Commercial,46,70,37,0.87,"Reviews, Video, People also ask, Related searches"
top handy mit vertrag,Commercial,41,70,50,1.75,"Reviews, Video, Related searches, Popular products"
tv android download,Transactional,45,70,,0.97,"Reviews, Video, Related searches"
tv connect senderliste,Transactional,42,70,26,0.83,"Reviews, Video, People also ask, Related searches"
tv go telekom,"Informational, Commercial",40,70,50,3.25,"Sitelinks, AI Overview, Reviews, People also ask, Related searches"
tv internet telefon anbieter,"Informational, Commercial",48,70,39,1.14,"Sitelinks, AI Overview, Reviews, Video, People also ask, Related searches, Ads bottom, Ads middle"
tv internet und telefon,Commercial,46,70,44,1.79,"Reviews, Video, People also ask, Related searches, Ads bottom"
tv ohne kabel und satellit,Commercial,46,70,27,1.03,"Reviews, Video, Video carousel, People also ask, Related searches, Popular products, Ads top, Ads bottom"
tv ohne kabelanschluss,Commercial,48,70,21,1.50,"Reviews, Video, Video carousel, People also ask, Related searches, Ads top, Ads bottom"
tv online app,"Informational, Commercial",43,70,56,2.30,"AI Overview, Reviews, Video, People also ask, Related searches"
tv programm magenta,Transactional,35,70,29,2.03,"Reviews, Video, People also ask, Related searches"
tv receiver wlan,Commercial,38,70,23,0.88,"Sitelinks, Video, People also ask, Related searches, Popular products"
tv schauen auf dem laptop,"Informational, Commercial",44,70,15,1.00,"AI Overview, Reviews, Video, People also ask, Related searches, Ads bottom, Ads middle"
tv streamen anbieter,Commercial,54,70,35,2.47,"Sitelinks, AI Overview, Video, People also ask, Related searches, Ads top, Ads middle"
tv streaming dienste vergleich,Commercial,54,70,33,1.14,"Sitelinks, Video, People also ask, Related searches, Ads top, Ads bottom"
tv telefon internet anbieter,Commercial,48,70,44,1.26,"Sitelinks, AI Overview, Reviews, Video, People also ask, Related searches, Ads bottom, Ads middle"
tv top tv,Commercial,34,70,22,0.38,"Reviews, Video, People also ask, Related searches"
türkische sender smart tv,Commercial,46,70,21,2.17,"Sitelinks, Reviews, Video, People also ask, Related searches, Ads middle"
türkisches tv,Commercial,46,70,20,1.71,"AI Overview, Video, People also ask, Related searches, Ads top, Ads bottom"
unbegrenztes datenvolumen mit handy,Commercial,39,70,20,2.49,"Reviews, Video, Related searches, Ads top, Ads middle"
unlimited internet germany,Commercial,42,70,29,2.64,"Sitelinks, People also ask, Related searches"
uplptv,Commercial,46,70,12,1.45,"People also ask, Related searches"
vdsl 50 telekom,"Navigational, Transactional",39,70,16,3.16,"Reviews, People also ask, Related searches"
verfügbarkeitstest internet,Commercial,47,70,47,2.32,"Video, People also ask, Related searches, Ads top, Ads middle"
vergleich handytarife deutschland,Commercial,42,70,49,2.36,"Sitelinks, Reviews, Video, People also ask, Related searches"
vergleich internet provider,Commercial,44,70,47,2.94,"Sitelinks, AI Overview, Reviews, Video, People also ask, Related searches, Ads top, Ads middle"
vergleich internetprovider,Commercial,43,70,45,2.66,"AI Overview, Reviews, Video, People also ask, Related searches, Ads top, Ads middle"
vergleich mobiltarife,Commercial,36,70,53,1.86,"Sitelinks, Reviews, Video, People also ask, Related searches"
vergleich netzanbieter,Commercial,49,70,43,1.59,"AI Overview, Video, People also ask, Related searches, Ads top, Ads middle"
vergleich streaming dienste musik,Commercial,54,70,29,0.44,"Sitelinks, AI Overview, Reviews, Video, People also ask, Related searches"
vertrag d2,Commercial,32,70,31,3.01,"AI Overview, Reviews, Video, People also ask, Related searches"
vertrag festnetz internet,Commercial,46,70,48,2.95,"Reviews, Video, People also ask, Related searches"
vertrag internet flat ohne handy,Commercial,42,70,32,3.30,"AI Overview, Reviews, Video, People also ask, Related searches, Ads top, Ads middle"
vertrag internet und telefon,Commercial,43,70,42,2.25,"Sitelinks, AI Overview, Reviews, Video, People also ask, Related searches, Ads top, Ads middle"
vertrag mit zwei handys,Commercial,37,70,28,1.47,"AI Overview, Reviews, Video, People also ask, Related searches"
vertrag ohne handy internet flat,Commercial,41,70,36,3.01,"Reviews, Video, People also ask, Related searches"
vertrag telefon und internet,Commercial,45,70,43,2.25,"AI Overview, Reviews, Video, People also ask, Related searches"
vertrag telekom mit handy,"Navigational, Commercial",40,70,44,2.30,"Sitelinks, Reviews, Video, People also ask, Related searches, Ads middle"
verträge vergleichen,Commercial,38,70,48,2.42,"Reviews, Video, Related searches"
vodafon neues handy,Transactional,32,70,31,1.98,"Reviews, Video, People also ask, Related searches, Ads top"
vodafone abonament,"Navigational, Transactional",28,70,37,2.68,"AI Overview, Image pack, People also ask, Related searches"
vodafone basic tv cable sender,"Informational, Transactional",35,70,30,2.12,"Sitelinks, Reviews, Video, People also ask, Related searches"
vodafone coverage map,"Navigational, Transactional",26,70,41,3.42,"People also ask, Related searches"
vodafone fernsehprogramme,"Informational, Transactional",33,70,42,1.25,"Reviews, Image, Video, People also ask, Related searches"
vodafone glasfaser-verfügbarkeit prüfen,Transactional,37,70,34,0.75,"Reviews, People also ask, Related searches"
vodafone glasfaserkabel,Transactional,34,70,41,1.05,"Reviews, Video, People also ask, Related searches"
vodafone günstige handytarife,Commercial,35,70,44,2.14,"Reviews, People also ask, Related searches"
vodafone günstige verträge,Commercial,36,70,47,2.79,"AI Overview, Reviews, Video, People also ask, Related searches, Ads top, Ads bottom"
vodafone günstiger vertrag,Commercial,36,70,47,2.79,"AI Overview, Reviews, Video, People also ask, Related searches"
vodafone komplettpaket,"Navigational, Transactional",40,70,48,1.22,"Reviews, People also ask, Related searches, Ads top, Ads bottom"
vodafone tarife handy ohne vertrag,Transactional,34,70,36,2.49,"Reviews, People also ask, Related searches, Popular products, Ads bottom"
webplayer live tv,Commercial,47,70,26,1.58,"Video, People also ask, Related searches"
welche internet anbieter ist der beste,Commercial,49,70,21,2.21,"AI Overview, Video, Video carousel, People also ask, Related searches"
welchen router,Commercial,46,70,,1.05,"Sitelinks, Reviews, Video, Video carousel, People also ask, Related searches, Popular products, Ads top, Ads middle"
welchen wlan router brauche ich,Commercial,46,70,14,2.39,"Sitelinks, Reviews, Video, People also ask, Related searches, Ads top, Ads bottom"
welcher internetanbieter,Commercial,46,70,30,2.54,"AI Overview, Reviews, Video, People also ask, Related searches, Ads bottom, Ads middle"
welcher ist der beste tv stick,Commercial,48,70,27,0.65,"Sitelinks, Reviews, Video, Video carousel, People also ask, Related searches, Popular products"
welches ist der beste streamingdienst,Commercial,54,70,36,1.56,"AI Overview, Reviews, Video, People also ask, Related searches"
welches wlan ist das beste,Commercial,42,70,28,2.17,"Sitelinks, AI Overview, Reviews, Video, Video carousel, People also ask, Related searches, Ads bottom, Ads middle"
wer bietet kabel internet an,"Informational, Commercial",49,70,26,1.89,"AI Overview, Reviews, Video, People also ask, Related searches, Ads top, Ads bottom"
wie kann ich mich bei magenta tv anmelden,"Informational, Transactional",50,70,,4.84,"AI Overview, Video, Video carousel, People also ask, Related searches, Ads bottom"
wifi fernseher,Commercial,41,70,24,0.64,"Video, People also ask, Related searches, Popular products"
wifi kaufen,Transactional,46,70,,3.16,"Reviews, Video, People also ask, Related searches, Popular products"
winsim allnet flat,"Navigational, Transactional",31,70,19,1.76,"Sitelinks, Reviews, Video, People also ask, Related searches"
winsim handytarif,"Navigational, Transactional",46,70,21,1.86,"People also ask, Related searches"
winsim log in,"Navigational, Transactional",29,70,23,0.01,"Sitelinks, Reviews, Related searches"
winsim tarife mit handy,"Navigational, Transactional",34,70,26,1.46,"Reviews, People also ask, Related searches"
wlan angebote vergleich,Commercial,49,70,50,4.34,"Sitelinks, AI Overview, Reviews, Video, People also ask, Related searches, Ads top, Ads bottom"
wlan festnetz,Commercial,39,70,44,2.29,"AI Overview, Reviews, Video, People also ask, Related searches, Ads top, Ads bottom"
wlan für zu hause ohne festnetz,Commercial,48,70,30,2.61,"Reviews, Video, Video carousel, People also ask, Related searches"
wlan receiver tv,Commercial,38,70,23,0.75,"Video, People also ask, Related searches, Popular products"
wlan router telefonanschluss,Commercial,41,70,19,2.20,"Sitelinks, Reviews, Video, People also ask, Related searches, Popular products, Ads middle"
wlan verfügbarkeit,Commercial,39,70,45,2.63,"AI Overview, Video, Related searches"
woher weiß ich ob ich kabel oder dsl habe,"Informational, Commercial",37,70,22,3.97,"Sitelinks, AI Overview, Video, People also ask, Related searches"
wow mit netflix,"Informational, Commercial",38,70,25,0.86,"AI Overview, Reviews, Video, People also ask, Related searches"
wowtv sky,"Navigational, Commercial",39,70,42,2.27,"Sitelinks, AI Overview, Reviews, Video, People also ask, Knowledge panel, Related searches"
www kabel1 de livestream,Transactional,48,70,35,0.22,"Reviews, People also ask, Related searches"
www.telekom.de/magenta-tv/next-magenta-tv,Commercial,48,70,45,2.54,"Reviews, Video, People also ask, Ads top, Ads bottom"
zwei handys mit vertrag,Commercial,40,70,30,1.47,"Reviews, Video, People also ask, Related searches, Popular products, Ads top, Ads bottom"
zwei handys vertrag,Commercial,36,70,37,1.47,"Reviews, Video, People also ask, Related searches"
купить роутер в германии,Commercial,38,70,38,0.94,"People also ask, Related searches, Popular products"
