Keyword,Intent,Relevance,Volume,Keyword Difficulty,CPC (USD),SERP Features
amazon fire tv stick,Transactional,43,40500,45,0.70,"Reviews, People also ask, Related searches, Popular products"
amazon fire tv,"Informational, Transactional",46,33100,44,0.70,"Reviews, People also ask, Related searches, Popular products"
downloader,"Informational, Commercial",31,14800,58,0.55,"AI Overview, Reviews, Video, People also ask, Related searches"
amazon fire tv stick 4k,"Informational, Transactional",44,8100,41,0.66,"Reviews, People also ask, Knowledge panel, Related searches"
iptv kaufen,Commercial,49,8100,23,1.33,"Video, People also ask, Related searches"
sky receiver,"Informational, Transactional",42,8100,39,1.97,"Reviews, Image, Video, People also ask, Related searches, Popular products"
fire tv stick amazon fire tv stick,Transactional,46,6600,41,0.70,"People also ask, Related searches"
amazon fire stick,"Informational, Transactional",44,5400,33,0.34,"Reviews, Image pack, People also ask, Related searches, Popular products, Ads bottom"
amazon fire tv with 4k,"Informational, Transactional",44,5400,42,0.66,"Sitelinks, Video carousel, Knowledge panel, Related searches"
amazon tv stick,"Informational, Transactional",38,5400,40,0.63,"Reviews, Video, People also ask, Related searches, Popular products"
q sky tv,"Navigational, Transactional",38,5400,37,1.44,"AI Overview, Reviews, Video, People also ask, Related searches"
amazon fire fire stick,"Informational, Transactional",37,4400,43,0.34,"Reviews, Video, People also ask, Related searches, Popular products"
fire stick amazon fire stick,"Informational, Transactional",42,4400,37,0.34,"Reviews, Video, Video carousel, People also ask, Related searches"
fire for tv,"Informational, Transactional",47,3600,28,0.43,"Reviews, Image pack, Video, Video carousel, People also ask, Related searches, Popular products"
amazon fire amazon,"Informational, Transactional",42,2900,44,0.11,"Reviews, People also ask, Related searches, Popular products"
amazon fire tablet,"Informational, Transactional",43,2900,36,0.11,"Video, People also ask, Related searches, Popular products"
downloader app,"Informational, Commercial",34,2900,50,0.72,"AI Overview, Reviews, Video, People also ask, Related searches"
amazon fire hd 10,"Informational, Transactional",39,2400,35,0.15,"Reviews, Short videos, People also ask, Related searches, Popular products"
amazon fire stick amazon,"Informational, Transactional",43,2400,37,0.35,"Reviews, Video carousel, People also ask, Related searches, Popular products, Ads bottom"
amazon fire tablet kindle,"Informational, Commercial",41,2400,37,0.11,"Sitelinks, Reviews, Video, People also ask, Related searches, Popular products"
amazon pad 1,"Informational, Transactional",28,2400,37,2.64,"Image, People also ask, Knowledge panel, Related searches"
iptv german,Commercial,44,2400,37,1.10,"AI Overview, People also ask, Related searches"
satellite receiver hd,"Informational, Commercial",38,2400,21,0.16,"Video, Video carousel, People also ask, Related searches, Popular products"
iptv deutschland,"Informational, Commercial",42,1900,36,1.35,"AI Overview, Video, People also ask, Related searches"
iptv germany,Commercial,46,1900,25,1.44,"AI Overview, Video, People also ask, Related searches"
kabel receiver,Commercial,37,1900,29,0.52,"Reviews, Image pack, Video, People also ask, Related searches, Popular products"
upiptv,"Informational, Commercial",43,1900,2,1.66,"AI Overview, Related searches"
amazon fire tv fire stick,"Informational, Transactional",45,1600,36,0.34,"Reviews, People also ask, Related searches, Popular products"
amazon firestick,"Informational, Transactional",46,1600,38,0.35,"Reviews, Video, People also ask, Related searches, Popular products"
amazon kindle 10 hd,"Informational, Transactional",35,1600,34,0.19,"Reviews, Video, People also ask, Related searches, Popular products"
german iptv,Commercial,42,1600,19,0.87,"Video, People also ask, Related searches"
iptv test,Commercial,45,1600,5,0.89,"Video, People also ask, Related searches"
receiver kaufen,Transactional,35,1600,32,0.57,"Video, People also ask, Local pack, Related searches"
smart ip tv,"Informational, Commercial",48,1600,34,1.22,"Reviews, Image pack, Video, Video carousel, People also ask, Related searches"
tivimate iptv player,Commercial,52,1600,30,0.00,"People also ask, Related searches"
tv receiver,"Informational, Commercial",37,1600,20,1.00,"Image pack, Video, Video carousel, People also ask, Related searches, Popular products"
addons für kodi,Commercial,43,1300,11,0.01,"Sitelinks, Reviews, Video, People also ask"
amazon fernbedienung,"Informational, Transactional",36,1300,34,0.25,"Video, People also ask, Related searches, Ads bottom"
amazon fire hd 10 kindle,"Informational, Transactional",40,1300,32,0.19,"Sitelinks, Reviews, Video carousel, People also ask, Knowledge panel, Related searches"
amazon fire hd 10.1,"Informational, Transactional",39,1300,36,0.19,"Reviews, Video, People also ask, Popular products"
amazon fire tv amazon,"Informational, Transactional",47,1300,34,0.70,"People also ask, Related searches, Popular products"
amazon fire tv fire tv stick,"Informational, Transactional",44,1300,39,0.40,"Reviews, People also ask, Related searches, Popular products, Ads bottom"
amazon kindle fire hd 10 tablet,"Informational, Transactional",40,1300,36,0.12,"Reviews, Video, People also ask, Related searches, Popular products"
amazon kindle fire tv stick,"Informational, Transactional",52,1300,43,0.47,"Reviews, People also ask, Related searches, Popular products, Ads bottom"
amazon prime stick,Transactional,41,1300,45,0.36,"Reviews, Video, People also ask, Related searches, Popular products"
amazon tablet kindle,"Informational, Transactional",38,1300,41,0.17,"Sitelinks, People also ask, Related searches, Popular products, Ads bottom"
deutschland iptv,Commercial,43,1300,30,1.35,"AI Overview, Video, People also ask, Related searches"
germany iptv,Commercial,39,1300,21,0.87,"AI Overview, Video, Video carousel, Related searches"
iptvkaufen,Transactional,41,1300,21,0.99,"Image pack, Video, Related searches, Ads top, Ads bottom"
kindle fire amazon tablet,"Informational, Transactional",45,1300,34,0.11,"Sitelinks, Image, People also ask, Related searches, Popular products"
kindle fire kindle fire,"Informational, Commercial",44,1300,34,0.17,"Sitelinks, Video, Video carousel, People also ask, Related searches, Popular products"
kodi addons,Commercial,41,1300,22,0.00,"Sitelinks, Reviews"
kodi kodi download,"Informational, Transactional",42,1300,47,0.00,"Video, People also ask"
kodi program addons,Commercial,41,1300,33,0.27,"Sitelinks, Reviews, Video, People also ask"
sat receiver hd+,"Informational, Commercial",37,1300,22,0.13,"Reviews, People also ask, Related searches, Popular products"
sat receiver mit festplatte,Commercial,36,1300,21,0.15,"Reviews, Video, People also ask, Related searches, Popular products, Ads middle"
sky box,"Informational, Transactional",41,1300,33,0.84,"Reviews, Image, Video, Video carousel, People also ask, Related searches"
tablet amazon kindle fire hd 10,"Informational, Transactional",38,1300,36,0.15,"Reviews, Video, People also ask, Related searches, Popular products"
television receivers,"Informational, Transactional",38,1300,38,1.00,"Reviews, Image pack, Video, People also ask, Related searches, Popular products"
tv on a stick,Commercial,49,1300,29,1.37,"Reviews, Video, Video carousel, People also ask, Related searches"
usb amazon stick,"Informational, Transactional",38,1300,41,0.16,"Video, People also ask, Related searches, Popular products"
xstream kodi,Commercial,49,1300,29,0.00,"AI Overview, Reviews, Image pack, Video, Video carousel, People also ask"
amazon 10 fire tablet,"Informational, Transactional",40,1000,37,0.12,"Reviews, Video, People also ask, Related searches, Popular products"
amazon fire,"Informational, Transactional",41,1000,44,0.30,"Reviews, People also ask, Related searches"
amazon fire stick 4k,"Informational, Transactional",41,1000,37,0.35,"Reviews, People also ask, Knowledge panel, Related searches"
amazon tv stick 4k,"Informational, Transactional",38,1000,38,0.56,"Reviews, People also ask, Related searches, Popular products"
fire stick amazon,"Informational, Transactional",43,1000,48,0.31,"Reviews, Video, People also ask, Related searches, Popular products"
iptv alle sender,"Informational, Commercial",44,1000,17,0.00,"AI Overview, Reviews, Video, People also ask, Related searches"
tablet amazon fire,"Informational, Transactional",37,1000,40,0.17,"Image pack, People also ask, Related searches, Popular products"
tv fire stick,"Informational, Commercial",48,1000,31,0.48,"Reviews, Video, Video carousel, People also ask, Related searches"
tv smart tv box,Commercial,42,1000,18,0.63,"Sitelinks, Reviews, Video, Video carousel, People also ask, Related searches, Popular products"
tv with tv,"Informational, Transactional",35,1000,55,0.68,"Reviews, Video, Video carousel, People also ask, Related searches"
updating amazon fire stick,"Informational, Transactional",38,1000,42,0.21,"Featured snippet, Sitelinks, Reviews, Video, Video carousel, Short videos, People also ask, Related searches"
amazon 4k fire tv,Transactional,43,880,36,0.36,"People also ask, Related searches, Popular products"
amazon fire hd 8 amazon,"Informational, Transactional",45,880,38,0.13,"Reviews, Video, People also ask, Related searches, Popular products"
amazon kindle fire hd 8 tablet,"Informational, Transactional",42,880,37,0.17,"Sitelinks, Reviews, Video, People also ask, Related searches, Popular products"
amazon stick tv,"Informational, Transactional",41,880,30,0.65,"Video, Related searches, Popular products"
amazon sticks,Transactional,33,880,39,0.41,"Reviews, Video, People also ask, Related searches, Popular products, Ads top, Ads bottom"
fernseher mit receiver,Commercial,40,880,21,0.18,"Reviews, Image, Video, People also ask, Related searches, Popular products, Ads top, Ads middle"
flixy tv stick welche sender,Commercial,54,880,29,0.79,"Reviews, Video, People also ask, Related searches"
iptv receiver,"Informational, Commercial",48,880,16,0.00,"Sitelinks, Video, People also ask, Related searches, Popular products"
my siptv,"Informational, Transactional",45,880,20,1.04,"Reviews, Video, Video carousel, People also ask, Related searches"
newest free global iptv,"Informational, Transactional",44,880,42,0.00,"Reviews, Video, Video carousel, People also ask, Related searches"
tablet hd fire 8,"Informational, Transactional",44,880,30,0.13,"Reviews, Video, Video carousel, People also ask, Related searches, Popular products"
television and internet,Commercial,39,880,28,2.27,"Sitelinks, AI Overview, Reviews, Video, People also ask, Knowledge panel, Related searches, Ads bottom"
tv and internet,Commercial,39,880,44,2.27,"AI Overview, Reviews, Video, Knowledge panel, Related searches"
tv stick amazon,Transactional,41,880,41,0.70,"Image pack, Video, People also ask, Related searches, Popular products"
amazon 4k fire sticks,"Informational, Transactional",51,720,38,0.35,"Reviews, Video, People also ask, Related searches, Popular products"
amazon browser,"Navigational, Transactional",32,720,37,0.08,"Reviews, People also ask, Related searches"
amazon cube,"Informational, Transactional",36,720,37,0.10,"Sitelinks, Reviews, Video, Video carousel, People also ask, Related searches, Popular products"
amazon fernbedienungen,"Informational, Transactional",41,720,37,0.23,"Video, People also ask, Related searches, Popular products"
amazon fire 4k tv,"Informational, Transactional",44,720,42,0.29,"Reviews, Video, People also ask, Knowledge panel, Related searches"
amazon fire hd 8 kindle,"Informational, Transactional",40,720,33,0.13,"Reviews, Video, People also ask, Related searches, Popular products"
amazon stick prime,"Informational, Transactional",40,720,42,0.40,"People also ask, Related searches, Popular products"
amazon tablets,"Navigational, Transactional",35,720,41,0.09,"Sitelinks, People also ask, Related searches, Popular products, Ads middle"
fernseh receiver,Commercial,36,720,35,0.84,"Sitelinks, Video, Video carousel, People also ask, Related searches, Popular products, Ads bottom"
fernsehbox,Commercial,37,720,45,0.21,"Sitelinks, Reviews, Video, People also ask, Related searches, Ads top, Ads bottom"
fernsehen ohne anschluss und ohne internet,Commercial,40,720,24,1.04,"Sitelinks, Reviews, Video, People also ask, Related searches, Popular products, Ads top, Ads bottom"
fire hd 8 tablet,"Informational, Transactional",44,720,30,0.13,"Sitelinks, Reviews, Image, Video, Video carousel, People also ask, Related searches, Popular products"
iptv apps,"Informational, Commercial",58,720,39,0.00,"AI Overview, Reviews, Video, Video carousel, People also ask, Related searches"
iptv smarters pro apk,Commercial,46,720,34,0.00,"Reviews, Video, Related searches"
kodi repository,Commercial,38,720,44,0.00,"Reviews, Video"
kodi.tv,"Navigational, Transactional",44,720,65,1.10,"Sitelinks, AI Overview, Reviews, Video, Video carousel"
receiver für fernseher,Commercial,40,720,25,0.50,"People also ask, Related searches"
sky q receiver kaufen,Transactional,42,720,31,0.57,"Reviews, People also ask, Related searches, Popular products, Ads top, Ads bottom"
tablet kindle fire hd 8,"Informational, Transactional",36,720,35,0.00,"Sitelinks, Reviews, Video, Video carousel, People also ask, Related searches, Popular products, Ads bottom"
tv boxen,Commercial,37,720,34,2.10,"Reviews, Image pack, Video, Video carousel, People also ask, Related searches, Popular products, Ads middle"
tv sticks vergleich,Commercial,36,720,30,0.66,"Sitelinks, Reviews, Video, People also ask, Related searches"
4k fire stick amazon,"Informational, Transactional",44,590,36,0.35,"Reviews, People also ask, Related searches, Popular products"
amazon fire kindle hd,"Informational, Transactional",40,590,38,0.18,"Reviews, Image, Video, People also ask, Related searches, Popular products"
amazon fire tv stick 4k select,"Informational, Transactional",46,590,40,0.62,"Reviews, Video, Short videos, People also ask, Related searches, Popular products"
amazon fire tv stick amazon,"Navigational, Transactional",45,590,46,0.59,"Sitelinks, Reviews, Video, People also ask, Related searches, Popular products"
amazon fire tv stick kosten,Commercial,46,590,30,0.57,"Reviews, People also ask, Related searches, Popular products"
amazon firefox tablet,"Informational, Transactional",40,590,34,0.11,"People also ask, Related searches, Popular products"
amazon firetv,"Navigational, Transactional",49,590,46,0.70,"Sitelinks, Reviews, Video, People also ask, Related searches, Popular products"
amazon kindle fire 8 tablet,"Informational, Transactional",0,590,35,0.13,"Sitelinks, Reviews, Video, People also ask, Related searches, Popular products"
amazon stick fire 4k,"Informational, Transactional",39,590,36,0.35,"Reviews, Video, People also ask, Related searches, Popular products"
amazon tablet fire,"Informational, Transactional",40,590,39,0.11,"Image, People also ask, Related searches, Popular products"
amazon tv fire stick 4k,Commercial,45,590,37,0.35,"Reviews, People also ask, Related searches, Popular products, Ads top, Ads middle"
apps on kodi,Commercial,35,590,42,0.00,"AI Overview, Reviews, Video, People also ask"
cube fire tv,"Informational, Transactional",47,590,30,0.14,"Reviews, Image pack, Video, Video carousel, People also ask, Knowledge panel, Related searches"
deutsch iptv,Commercial,46,590,10,0.00,"AI Overview, Video, Related searches"
fernbedienung für amazon fire tv stick,"Informational, Transactional",43,590,29,0.52,"Video, People also ask, Related searches"
fernseher mit internet,Commercial,42,590,28,0.53,"Reviews, Video, People also ask, Related searches, Popular products, Ads bottom"
fire 10 tablet,"Informational, Transactional",42,590,28,0.15,"Sitelinks, Reviews, Video, Video carousel, People also ask, Related searches, Popular products"
fire tv 4k max,Commercial,47,590,25,0.37,"Reviews, Video, Video carousel, People also ask, Related searches, Popular products"
fire tv from amazon,"Informational, Transactional",46,590,43,0.70,"People also ask, Related searches, Popular products, Ads bottom"
fire tv stick amazon,"Informational, Transactional",48,590,49,0.54,"Reviews, People also ask, Knowledge panel, Related searches, Ads bottom"
fire tv stick mediamarkt,Transactional,44,590,32,0.31,"People also ask, Related searches, Popular products, Ads top, Ads bottom"
firetv 4k max,"Informational, Commercial",51,590,33,0.37,"Reviews, Video, Video carousel, People also ask, Knowledge panel, Related searches"
hd fire amazon,"Informational, Transactional",42,590,37,0.17,"Sitelinks, Reviews, People also ask, Related searches"
ip tv kaufen,Commercial,47,590,30,1.33,"Video, People also ask, Related searches"
iptv 4k,"Informational, Commercial",47,590,24,1.09,"Video, People also ask, Related searches, Popular products"
iptv abo,Commercial,50,590,8,0.00,"AI Overview, Image, Video, People also ask"
iptv anbieter vergleich,Commercial,39,590,41,0.00,"AI Overview, Video, People also ask, Related searches"
iptv deutsch,"Informational, Commercial",45,590,30,0.00,"AI Overview, Video, Related searches"
iptv for receiver,Commercial,53,590,15,0.00,"Sitelinks, Reviews, Video, People also ask, Related searches, Popular products"
iptv line,"Informational, Commercial",46,590,10,0.00,"AI Overview, Reviews, Image, Video, People also ask"
iptv player android,Commercial,60,590,26,0.00,"Reviews, Video, Video carousel, People also ask, Related searches"
iptv tv stick,Commercial,61,590,17,0.00,"Sitelinks, Reviews, Video, People also ask, Related searches, Popular products"
kindle tv stick,"Informational, Transactional",39,590,34,0.35,"Video, Video carousel, People also ask, Related searches, Popular products"
kodi addons deutsch,Commercial,41,590,15,0.65,"Reviews, Video, Video carousel, People also ask"
repos kodi,Commercial,40,590,38,0.00,"AI Overview, Reviews, Video, People also ask"
sat receiver mit wlan,Commercial,37,590,17,0.13,"Video, People also ask, Related searches, Popular products, Ads bottom"
stick android tv,Commercial,45,590,25,0.50,"Sitelinks, Video, Video carousel, People also ask, Related searches, Popular products"
tablet amazon kindle fire hd,"Informational, Transactional",39,590,35,0.14,"Video, Video carousel, People also ask, Related searches, Popular products"
television iptv player,Commercial,62,590,44,0.00,"Reviews, Video, Video carousel, People also ask, Related searches"
tv iptv player,"Informational, Transactional",56,590,30,0.00,"Reviews, Video, Video carousel, People also ask, Related searches"
4k amazon fire tv stick,"Informational, Transactional",44,480,34,0.35,"Reviews, Short videos, People also ask, Related searches, Popular products, Ads middle"
amazon cube fire tv,"Informational, Transactional",42,480,42,0.63,"Reviews, People also ask, Knowledge panel, Related searches"
amazon fire tv fernbedienung,"Informational, Transactional",44,480,32,0.47,"Video, Short videos, People also ask, Related searches, Popular products"
amazon fire tv stick 4k angebot,Commercial,43,480,30,0.58,"People also ask, Related searches, Popular products"
amazon fire tv stick 4k plus,Commercial,46,480,30,0.70,"People also ask, Related searches, Ads top, Ads bottom"
amazon kindle fire hd tablet,"Informational, Transactional",42,480,35,0.18,"People also ask, Related searches, Popular products"
amazon kindle hd fire,"Informational, Transactional",42,480,33,0.18,"Reviews, People also ask, Related searches"
amazone stick tv,"Informational, Transactional",39,480,38,0.60,"Reviews, Video, People also ask, Related searches, Popular products, Ads bottom"
anbieteriptv,Commercial,45,480,30,0.00,"AI Overview, Video, Related searches"
best iptv player,Commercial,55,480,34,0.00,"Sitelinks, AI Overview, Reviews, Video, Video carousel, People also ask, Related searches"
bester iptv anbieter,Commercial,49,480,21,0.00,"Sitelinks, AI Overview, Video, Video carousel, People also ask, Related searches"
bester iptv player,Commercial,48,480,28,0.00,"AI Overview, Reviews, Video, People also ask, Related searches"
fernsehen mit receiver integriert,Commercial,43,480,18,0.16,"Reviews, Video, People also ask, Related searches, Popular products, Ads bottom"
fernsehen ohne kabel und satellit und internet,Commercial,39,480,28,0.98,"Sitelinks, Video, Video carousel, People also ask, Related searches, Popular products, Ads top, Ads middle"
fernsehgeräte mit internet,Commercial,41,480,24,0.51,"Reviews, Video, People also ask, Related searches, Popular products"
fire hd 8 kindle,"Informational, Transactional",47,480,21,0.13,"Reviews, Video, Video carousel, People also ask, Related searches, Popular products"
fire stick television,Commercial,47,480,24,0.47,"Reviews, Image pack, Video, Video carousel, People also ask, Related searches, Popular products, Ads middle"
fire tablets,Commercial,40,480,26,0.11,"Image, Video, People also ask, Related searches, Popular products"
fire tv stick alternativen,"Informational, Commercial",43,480,19,0.48,"Sitelinks, AI Overview, Reviews, Video, People also ask, Related searches"
fire tv stick kaufen,Transactional,49,480,30,0.59,"Video, People also ask, Related searches, Popular products"
fire tv stick kosten,"Informational, Commercial",50,480,32,0.36,"Video, People also ask, Popular products"
fire tv stick lan adapter,"Informational, Transactional",51,480,22,0.11,"Video, Video carousel, People also ask, Related searches, Popular products"
fire tv stick media markt,"Informational, Transactional",43,480,20,0.41,"Sitelinks, Video, People also ask, Related searches, Popular products, Ads bottom"
flixy tv stick mediamarkt,Transactional,49,480,36,0.45,"Sitelinks, Reviews, Video, People also ask, Related searches"
internet fernsehgeräte,Commercial,42,480,27,0.51,"Reviews, Video, People also ask, Related searches"
ip smarters pro apk,Commercial,39,480,37,0.00,"Reviews, Video, People also ask, Related searches"
iptv application android,"Informational, Transactional",53,480,37,0.00,"AI Overview, Reviews, Video, Video carousel, People also ask, Related searches"
iptv box sky,"Informational, Transactional",51,480,32,0.00,"AI Overview, Reviews, Video, Video carousel, People also ask, Related searches"
iptv line kaufen,Commercial,49,480,6,0.00,"Video, People also ask, Popular products"
iptv lines,"Informational, Commercial",49,480,7,0.00,"AI Overview, People also ask, Related searches"
iptv player win,"Informational, Commercial",53,480,27,0.00,"Sitelinks, AI Overview, Reviews, Video, Video carousel, Related searches"
iptv provider,"Informational, Commercial",45,480,34,0.00,"Sitelinks, AI Overview, Video, Video carousel, People also ask, Related searches"
iptv subscription,"Informational, Commercial",46,480,24,1.27,"Sitelinks, AI Overview, Video, Video carousel, People also ask, Related searches"
iptv test line,Commercial,39,480,1,0.00,Related searches
iptvgermany,Commercial,42,480,10,0.88,"Video, Related searches, Ads middle"
kodi application,"Informational, Transactional",38,480,50,0.00,"Reviews, Video, People also ask"
kodi repo,Commercial,39,480,20,0.00,"Sitelinks, Reviews, Video, People also ask"
sat-receiver,Commercial,35,480,29,0.13,"Video, People also ask, Related searches"
sat-receiver hd,"Informational, Commercial",38,480,25,0.13,"Video, People also ask, Related searches, Popular products"
seroiptv,"Informational, Transactional",48,480,5,1.19,"AI Overview, Related searches"
sky q box,"Informational, Transactional",39,480,33,1.36,"Reviews, People also ask, Related searches, Popular products"
tablet amazon kindle fire 7,"Informational, Transactional",43,480,35,0.18,"Reviews, Video, People also ask, Related searches, Popular products"
telly stick,"Informational, Commercial",49,480,26,0.00,"Reviews, Video, People also ask, Related searches"
tv stick fire,Commercial,44,480,27,0.34,"Reviews, Video, Video carousel, People also ask, Related searches, Popular products"
tv with amazon fire stick,"Informational, Transactional",45,480,42,0.42,"Reviews, Video, People also ask, Related searches, Popular products"
welcher tv stick ist der beste,Commercial,35,480,31,0.49,"Featured snippet, Video, People also ask, Related searches"
wlan für sat receiver,Commercial,46,480,24,0.13,"Sitelinks, Video, People also ask, Related searches, Popular products"
amazon fire hd,"Informational, Transactional",46,390,36,0.18,"Reviews, People also ask, Related searches, Popular products, Ads bottom"
amazon fire tablet 10,Transactional,41,390,33,0.17,"Reviews, People also ask, Related searches, Popular products"
amazon fire tv stick angebot,Commercial,42,390,25,0.62,"People also ask, Related searches, Popular products"
amazon firetv stick 4k,Commercial,46,390,34,0.66,"Video, Related searches, Popular products, Ads bottom"
amazonstick 4k,"Informational, Transactional",46,390,30,0.31,"People also ask, Related searches, Popular products, Ads bottom"
android tv box test,Commercial,37,390,34,0.14,"Sitelinks, Reviews, Video, People also ask, Related searches"
best android tv box,Commercial,35,390,32,0.33,"Sitelinks, Video, People also ask, Related searches, Popular products"
best rated android tv box,Commercial,38,390,38,0.27,"Sitelinks, Video, Video carousel, People also ask, Related searches, Popular products"
beste iptv,Commercial,43,390,18,0.00,"Sitelinks, AI Overview, Video, People also ask, Related searches"
beste streambox,Commercial,37,390,31,0.67,"Reviews, Video, People also ask, Related searches, Popular products, Ads middle"
beste streaming box,Commercial,38,390,19,0.67,"Reviews, Video, People also ask, Related searches, Popular products"
bester tv stick,Commercial,35,390,29,0.59,"Sitelinks, AI Overview, Reviews, Video, People also ask, Related searches"
bestes iptv,Commercial,47,390,32,0.00,"AI Overview, Video, People also ask, Related searches"
downloader amazon fire tv,"Informational, Transactional",49,390,39,0.00,"Sitelinks, Reviews, Video, Video carousel, People also ask, Related searches"
festplattenreceiver,"Informational, Commercial",35,390,22,0.16,"Video, People also ask, Related searches"
fire tab,Commercial,42,390,32,0.16,"Image, Video, Video carousel, People also ask, Related searches"
fire tv cube 3rd generation,"Informational, Transactional",45,390,27,0.16,"Reviews, Image pack, Video, Video carousel, People also ask, Related searches, Popular products"
githubusercontent iptv,"Navigational, Transactional",41,390,44,0.00,"Video, Video carousel, Related searches"
ip tv box,"Informational, Commercial",47,390,19,1.20,"Video, Video carousel, People also ask, Related searches, Popular products"
iptv anbieter alle sender,Commercial,47,390,19,0.00,"AI Overview, Video, People also ask, Related searches"
iptv app android,"Informational, Commercial",59,390,38,0.00,"AI Overview, Reviews, Video, People also ask, Related searches"
iptv lines kaufen,Commercial,47,390,10,0.00,"AI Overview, Video, People also ask, Related searches"
iptv premium,"Informational, Commercial",42,390,15,0.00,"AI Overview, Reviews, Video, Video carousel, People also ask, Related searches"
iptv smarter downloader,"Informational, Transactional",55,390,28,0.00,"Sitelinks, AI Overview, Reviews, Video, Video carousel, People also ask, Related searches"
kindle fire hd 10 amazon,"Informational, Transactional",34,390,35,0.15,"Sitelinks, Reviews, Video, People also ask, Related searches, Popular products"
kodi add ons,Commercial,41,390,12,0.00,"Reviews, Video, People also ask"
my siptv eu,"Informational, Transactional",40,390,29,1.02,"AI Overview, Reviews, Video, People also ask, Related searches"
ottrun,"Informational, Transactional",26,390,22,1.14,"AI Overview, Reviews, Image, People also ask, Related searches"
player iptv windows,"Informational, Commercial",52,390,21,0.00,"Sitelinks, AI Overview, Reviews, Video, Video carousel, Related searches"
receiver für internet,Commercial,43,390,21,2.01,"Sitelinks, Reviews, Video, People also ask, Related searches, Popular products"
receiver für tv,Commercial,39,390,28,0.59,"Video, People also ask, Related searches, Popular products"
receiver über internet,Commercial,43,390,23,1.52,"Sitelinks, Reviews, Video, People also ask, Related searches, Popular products, Ads top, Ads bottom"
recommended android tv box,"Informational, Commercial",33,390,27,0.33,"Sitelinks, Reviews, Video, Video carousel, People also ask, Related searches, Popular products"
repo kodi,Commercial,39,390,22,0.00,"Reviews, Image pack, Video, Video carousel, People also ask"
streaming box test,Commercial,36,390,24,0.39,"Sitelinks, Reviews, Video, Related searches, Ads middle"
tablet amazon fire hd,"Informational, Transactional",42,390,30,0.18,"Sitelinks, Reviews, People also ask, Related searches, Popular products"
test android box tv,"Informational, Commercial",37,390,30,0.14,"Reviews, Video, Video carousel, People also ask, Related searches, Popular products"
test tv box android,Commercial,37,390,30,0.14,"Reviews, Video, Video carousel, People also ask, Related searches, Popular products"
tv android box test,"Informational, Commercial",37,390,30,0.14,"Sitelinks, Reviews, Video, Video carousel, People also ask, Related searches, Popular products"
tv stick test,Commercial,35,390,39,0.50,"Sitelinks, Reviews, Video, People also ask, Related searches"
4k stick,Commercial,37,320,30,0.61,"Sitelinks, Reviews, Video, Video carousel, People also ask, Related searches, Popular products"
amazon 4k fire tv stick,"Informational, Transactional",45,320,36,0.35,"Reviews, Video, People also ask, Related searches, Popular products, Ads bottom"
amazon fire hd tablet,"Informational, Transactional",46,320,37,0.19,"Reviews, Video, People also ask, Related searches, Popular products"
amazon fire stick ethernet adapter,"Informational, Transactional",43,320,30,0.14,"Video, Video carousel, People also ask, Related searches, Popular products"
amazon fire tv stick ethernet adapter,"Informational, Transactional",43,320,32,0.14,"Image, Video, Video carousel, People also ask, Related searches, Popular products"
amazon fire tv stick kodi,"Informational, Transactional",48,320,10,0.00,"AI Overview, Reviews, Video, Video carousel, People also ask"
amazon fire.stick,"Informational, Transactional",37,320,36,0.34,"Reviews, People also ask, Popular products"
amazon hd 8 fire tablet,"Informational, Transactional",38,320,31,0.17,"Reviews, Video, People also ask, Related searches"
amazon kindle hd,"Informational, Transactional",37,320,35,0.14,"Sitelinks, Reviews, Video, People also ask, Related searches, Popular products, Ads bottom"
amazon-tablet fire hd,"Informational, Transactional",38,320,24,0.18,"Reviews, People also ask, Related searches, Popular products"
best player iptv,Commercial,56,320,36,0.00,"Sitelinks, AI Overview, Reviews, Video, People also ask, Related searches"
best tv for android box,Commercial,38,320,36,0.33,"Sitelinks, Video, Video carousel, People also ask, Related searches, Popular products"
best tv stick,Commercial,35,320,35,0.59,"Sitelinks, AI Overview, Reviews, Image, Video, Video carousel, People also ask, Related searches"
beste iptv anbieter,Commercial,47,320,25,0.00,"Sitelinks, AI Overview, Image, Video, Video carousel, People also ask, Related searches"
beste iptv app,Commercial,47,320,25,0.00,"AI Overview, Reviews, Video, People also ask, Related searches"
beste m3u liste,Commercial,44,320,18,0.70,"Sitelinks, AI Overview, Reviews, Video, People also ask, Related searches"
bester iptv,Commercial,45,320,21,0.00,"AI Overview, Video, People also ask, Related searches"
ethernet adapter for amazon fire stick,"Informational, Transactional",44,320,34,0.14,"Video, Video carousel, People also ask, Related searches, Popular products"
ethernet adapter for fire tv stick,"Informational, Transactional",50,320,23,0.15,"Video, Video carousel, People also ask, Related searches, Popular products"
fernsehen digital,Commercial,37,320,66,1.94,"Reviews, Video, People also ask, Top stories, Related searches"
fernseher integrierter sat receiver,Commercial,43,320,13,0.17,"Video, People also ask, Related searches, Popular products"
fire stick lan adapter,"Informational, Transactional",48,320,24,0.14,"Image, Video, Video carousel, People also ask, Related searches, Popular products"
fire tv stick 3rd generation,Commercial,42,320,17,0.19,"Reviews, Video, Video carousel, People also ask, Related searches, Popular products, Ads top, Ads bottom"
fire tv stick angebot,Commercial,46,320,21,0.54,"Video, People also ask, Related searches, Popular products"
fire tv stick vergleich,Commercial,43,320,20,0.61,"Sitelinks, Reviews, Video, Video carousel, People also ask, Related searches"
für kabelfernsehen receiver,Commercial,37,320,20,0.46,"Reviews, Video, Video carousel, People also ask, Related searches, Popular products"
internet receiver,Commercial,40,320,19,2.01,"Sitelinks, Reviews, Video, People also ask, Related searches, Popular products"
iptv for smart,"Informational, Transactional",50,320,27,1.22,"AI Overview, Reviews, Video, Video carousel, Related searches"
iptv for windows,Commercial,55,320,41,0.00,"Video, Video carousel, People also ask, Related searches"
iptv free terial,"Informational, Commercial",48,320,8,0.00,"Sitelinks, Video, Video carousel, People also ask, Related searches"
iptv m3u playlist,Commercial,48,320,27,0.00,"AI Overview, Video, Video carousel, People also ask, Related searches"
iptv smarters apk,Commercial,46,320,35,0.00,"Reviews, Video, People also ask, Related searches"
iptv-anbieter vergleich,Commercial,43,320,38,0.00,"Sitelinks, AI Overview, Video, People also ask, Related searches"
kodi amazon tv stick,"Informational, Transactional",38,320,7,0.00,"Sitelinks, Reviews, Video, Video carousel, Short videos, People also ask"
m3u listen,Commercial,46,320,29,0.82,"Reviews, Video, People also ask, Related searches"
m3u playlist github,"Navigational, Transactional",35,320,54,0.78,"People also ask, Related searches"
media markt amazon fire tv stick,"Informational, Transactional",40,320,26,0.29,"Sitelinks, People also ask, Related searches, Popular products"
prime stick,Commercial,36,320,29,0.41,"Reviews, Video, Video carousel, People also ask, Related searches, Popular products, Ads top, Ads bottom"
satellite tv tv,Commercial,43,320,21,1.39,"Reviews, Video, Video carousel, People also ask, Knowledge panel, Related searches"
sky q sky,Commercial,48,320,22,2.08,"AI Overview, Video, People also ask, Related searches, Ads top, Ads bottom"
skyq receiver,"Informational, Transactional",48,320,23,2.12,"Reviews, Video, Video carousel, People also ask, Related searches, Popular products"
stick tv android,Commercial,47,320,24,0.50,"Sitelinks, Reviews, Video, Video carousel, People also ask, Related searches, Popular products"
tablet fire 7 amazon,"Informational, Transactional",42,320,30,0.18,"Reviews, Video, People also ask, Related searches, Popular products"
tablet fire hd,"Informational, Commercial",46,320,25,0.18,"Reviews, Video, Video carousel, People also ask, Related searches, Popular products"
tivimate premium preis,Transactional,46,320,28,0.81,"Sitelinks, Reviews, Video, People also ask"
tv box test,Commercial,36,320,36,0.32,"Sitelinks, Reviews, Video, Video carousel, People also ask, Related searches, Ads bottom"
up iptv,Commercial,43,320,3,1.62,"People also ask, Related searches"
alexa fernbedienung,"Informational, Transactional",39,260,26,0.34,"Image pack, Video, Related searches, Popular products"
alternative zu chromecast,Commercial,37,260,17,0.47,"Sitelinks, AI Overview, Reviews, Video, Video carousel, People also ask, Related searches, Ads middle"
amazon downloader,"Informational, Commercial",31,260,34,0.17,"AI Overview, Reviews, People also ask, Related searches"
amazon fire kids tablet,"Informational, Transactional",37,260,30,0.00,"Reviews, Video, Video carousel, Short videos, People also ask, Related searches, Popular products"
amazon fire stick hd,"Informational, Transactional",45,260,35,0.46,"Reviews, People also ask, Knowledge panel, Related searches"
amazon fire stick lan adapter,"Informational, Transactional",40,260,32,0.14,"Video carousel, People also ask, Related searches, Popular products"
amazon fire tv box,"Navigational, Transactional",46,260,40,0.53,"Sitelinks, Reviews, Image, People also ask, Related searches, Popular products"
amazon fire tv stick kaufen,Transactional,42,260,35,0.70,"People also ask, Related searches, Popular products, Ads bottom"
amazon kindle fire hd,"Informational, Transactional",43,260,35,0.14,"Sitelinks, Reviews, People also ask, Related searches, Popular products"
amazon remote control,"Navigational, Transactional",35,260,35,0.04,"People also ask, Related searches, Popular products"
amazon stick 4k max,"Informational, Transactional",40,260,26,0.35,"Reviews, Short videos, People also ask, Related searches, Popular products"
amazone fire stick,"Informational, Transactional",41,260,34,0.35,"Reviews, Video, Video carousel, People also ask, Popular products"
amazone stick,"Informational, Transactional",31,260,38,1.03,"Video, People also ask, Related searches, Popular products"
android box tv test,Commercial,37,260,30,0.14,"Sitelinks, Reviews, Video, Video carousel, People also ask, Related searches, Popular products"
android tv box testsieger,Commercial,37,260,34,0.14,"Sitelinks, Video, People also ask, Related searches, Popular products"
android tv stick 4k,"Informational, Commercial",42,260,26,0.38,"Sitelinks, Reviews, Image pack, Video, Video carousel, People also ask, Related searches, Popular products"
app iptv android,"Informational, Commercial",51,260,31,0.00,"Sitelinks, AI Overview, Reviews, Video, Video carousel, People also ask, Related searches"
app zdfmediathek,Commercial,49,260,45,0.05,"Video, People also ask, Related searches"
apple tv alternative,Commercial,41,260,18,0.41,"AI Overview, Video, Video carousel, People also ask, Related searches"
apple tv vs fire tv,"Informational, Commercial",43,260,19,0.21,"AI Overview, Reviews, Video, People also ask, Related searches"
box android iptv,"Informational, Commercial",53,260,16,0.00,"Reviews, Video, People also ask, Related searches, Popular products"
bundesliga iptv,Commercial,45,260,19,0.00,"Sitelinks, Reviews, Video, Related searches"
cody amazon fire stick,"Informational, Transactional",40,260,11,0.00,"Reviews, Video, Video carousel, Related searches"
deutsche addons für kodi,Commercial,42,260,14,0.19,"Sitelinks, Reviews, Video, People also ask, Ads bottom"
fernseh sticks,Commercial,49,260,33,1.60,"Sitelinks, Video, Video carousel, People also ask, Related searches, Popular products"
fernsehen mit integriertem receiver,Commercial,43,260,24,0.16,"People also ask, Related searches, Popular products"
fernsehen ohne kabel und sat schüssel,Commercial,37,260,24,0.84,"Reviews, Video, Video carousel, People also ask, Related searches, Popular products"
fernseher receiver,Commercial,39,260,27,1.28,"Reviews, Video, Video carousel, People also ask, Related searches, Popular products"
fernseher receiver integriert,Commercial,42,260,13,0.19,"Video, People also ask, Related searches"
fire tv stick 3 generation,Commercial,44,260,17,0.33,"Sitelinks, Reviews, Video, People also ask, Related searches"
fire tv stick generationen,"Informational, Commercial",45,260,26,0.00,"AI Overview, Reviews, Video, People also ask, Related searches"
firestick amazon,"Informational, Transactional",52,260,35,0.31,"Reviews, Video, People also ask, Related searches, Popular products"
firestick tv,"Informational, Commercial",48,260,26,0.47,"Reviews, Video, Video carousel, People also ask, Related searches, Popular products, Ads top, Ads bottom"
hdtv receiver,Commercial,39,260,30,0.58,"Video, People also ask, Related searches, Popular products"
i. p. t. v. smarters pro,"Informational, Commercial",60,260,32,0.00,"Reviews, Video, Video carousel, People also ask, Related searches"
internet stick für tv ohne wlan,Commercial,46,260,28,1.05,"Sitelinks, Reviews, Video, People also ask, Related searches"
ip satellite receiver,Commercial,45,260,21,0.13,"Sitelinks, Video, People also ask, Related searches, Popular products"
iptv abonnement,Commercial,43,260,14,0.00,"Video, People also ask, Related searches"
iptv anbieter deutschland,"Informational, Commercial",41,260,30,0.00,"AI Overview, Video, People also ask, Related searches"
iptv palyer,Commercial,59,260,43,1.01,"Reviews, Video, Video carousel, People also ask, Related searches"
iptv subscriptions,"Informational, Commercial",46,260,37,0.93,"Sitelinks, AI Overview, Video, Video carousel, People also ask, Related searches"
iptv windows,"Informational, Commercial",54,260,35,0.00,"Sitelinks, AI Overview, Reviews, Video, People also ask, Related searches"
iptv-abonnement,"Informational, Commercial",51,260,15,0.00,"Video, People also ask, Related searches"
kodi box,Commercial,51,260,21,0.51,"Sitelinks, Reviews, Video, People also ask"
kodi for movies,Commercial,37,260,50,0.00,"Sitelinks, AI Overview, Reviews, Video, Video carousel, People also ask"
kodi tv addon,Commercial,44,260,25,0.00,"Sitelinks, Reviews, Video, People also ask"
media centre kodi,"Informational, Transactional",35,260,22,0.00,"AI Overview, Reviews, Video, Video carousel, People also ask, Knowledge panel"
movie on kodi,"Informational, Commercial",37,260,43,0.00,"Sitelinks, AI Overview, Reviews, Video, Video carousel, People also ask"
online iptv player,"Informational, Transactional",52,260,55,0.00,"Reviews, People also ask, Knowledge panel"
receiver für satellitenschüssel,Commercial,37,260,28,0.22,"Video, Video carousel, People also ask, Related searches, Popular products, Ads bottom"
receiver mit wlan,Commercial,36,260,20,1.05,"Video, People also ask, Related searches, Popular products"
sat receiver kaufen,Transactional,39,260,34,0.13,"Video, People also ask, Local pack, Related searches, Popular products, Ads bottom"
sky reciver,Transactional,44,260,32,1.97,"Reviews, Image, Image pack, People also ask, Related searches, Popular products"
streaming media stick,Commercial,42,260,24,0.89,"Video, Video carousel, People also ask, Related searches, Popular products"
streaming on kodi,Commercial,42,260,37,1.66,"AI Overview, Reviews, Video, Video carousel, People also ask"
test tv box,"Informational, Commercial",53,260,31,0.28,"Sitelinks, Reviews, Video, Video carousel, People also ask, Related searches"
tivimate premium kaufen,Transactional,45,260,30,0.67,"Video, People also ask, Related searches"
tv mate iptv player,Commercial,51,260,33,0.00,"AI Overview, Reviews, Video, People also ask, Related searches"
tv reciever,Commercial,39,260,36,1.00,"Video, People also ask, Related searches, Popular products, Ads bottom"
tv stick im vergleich,Commercial,49,260,27,0.66,"Sitelinks, Video, Video carousel, People also ask, Related searches, Ads top, Ads bottom"
tv sticks best,Commercial,36,260,33,0.59,"Featured snippet, Sitelinks, Reviews, Video, Video carousel, Related searches, Popular products, Ads bottom"
tv streaming box,Commercial,42,260,35,1.61,"Sitelinks, Reviews, Video, Video carousel, People also ask, Knowledge panel, Related searches"
viva premium iptv,Transactional,45,260,14,0.00,"Reviews, People also ask, Related searches"
welche iptv box ist die beste,Commercial,44,260,21,0.00,"Video, People also ask, Related searches, Popular products"
welcher fire tv stick ist der beste,Commercial,44,260,30,0.34,"Sitelinks, AI Overview, Reviews, Video, Video carousel, People also ask, Related searches"
xtream iptv player,"Informational, Transactional",50,260,30,0.00,"Reviews, Video, People also ask, Related searches"
airtel xstream stick,"Informational, Transactional",49,210,34,0.00,"Reviews, Image pack, Video, Video carousel, People also ask, Related searches"
alibaba iptv,"Navigational, Transactional",46,210,30,0.00,"Video, People also ask, Related searches"
amazin tv stick,Commercial,52,210,37,0.60,"Reviews, Video, Short videos, People also ask, Related searches, Popular products, Ads top, Ads bottom"
amazon fire 8 tablet,"Informational, Transactional",41,210,35,0.19,"Sitelinks, Reviews, Video, People also ask, Related searches, Popular products"
amazon fire cube,"Informational, Transactional",42,210,39,0.13,"Sitelinks, Reviews, Image, Video, People also ask, Related searches"
amazon fire max 11-tablet,"Informational, Transactional",34,210,32,0.17,"Reviews, Video, People also ask, Knowledge panel, Related searches"
amazon fire stick 4k max,"Informational, Transactional",42,210,26,0.42,"Reviews, Video, People also ask, Related searches, Popular products, Ads bottom"
amazon fire stick tv 4k,Transactional,46,210,46,0.66,"People also ask, Knowledge panel, Related searches"
amazon fire tab,"Informational, Transactional",40,210,35,0.11,"Image, Short videos, People also ask, Related searches, Popular products"
amazon fire tv 4k,"Informational, Transactional",46,210,33,0.50,"Reviews, Video, People also ask, Related searches, Popular products"
amazon fire tv sticks,"Informational, Transactional",44,210,36,0.59,"People also ask, Related searches, Popular products"
amazon kindle fire tablet,"Informational, Transactional",43,210,37,0.09,"Sitelinks, People also ask, Related searches, Popular products"
amazon prime tv stick,"Informational, Transactional",37,210,37,0.51,"Reviews, Video, People also ask, Related searches, Popular products"
amazon tab,"Informational, Transactional",34,210,28,0.09,"People also ask, Related searches, Popular products"
amazon tv box,"Informational, Transactional",39,210,32,0.69,"People also ask, Related searches, Popular products"
amazon tv stick prime,"Informational, Transactional",42,210,40,0.56,"Reviews, Video, People also ask, Related searches, Popular products"
amazon usb sticks,Transactional,33,210,35,0.16,"People also ask, Related searches, Popular products, Ads top, Ads bottom"
amazon webbrowser,"Navigational, Transactional",31,210,39,0.10,"Reviews, People also ask, Related searches"
apple vs fire tv,Commercial,40,210,10,0.00,"AI Overview, Reviews, Image pack, Video, Video carousel, People also ask, Related searches"
beste iptv app für fire stick,Commercial,59,210,7,0.00,"Sitelinks, AI Overview, Video, Video carousel, People also ask, Related searches"
beste iptv player,Commercial,55,210,21,0.00,"AI Overview, Reviews, Video, Video carousel, People also ask, Related searches"
beste iptv player android,Commercial,47,210,18,0.00,"Sitelinks, AI Overview, Reviews, Video, Video carousel, People also ask, Related searches"
beste m3u liste kostenlos,Commercial,49,210,26,0.64,"Sitelinks, AI Overview, Reviews, Video, People also ask, Related searches"
beste tv box,Commercial,38,210,28,0.63,"Reviews, Video, People also ask, Related searches, Popular products, Ads bottom"
bester android tv box,Commercial,44,210,23,0.27,"Sitelinks, Reviews, Video, Video carousel, People also ask, Related searches, Popular products"
bester streaming stick,Commercial,34,210,35,0.64,"Sitelinks, Reviews, Instant answer, Video, People also ask, Related searches, Popular products"
bluetooth fire tv stick,"Informational, Commercial",51,210,25,0.03,"Featured snippet, Image pack, Video, Video carousel, Related searches, Popular products, Ads middle"
digitale fernseher,"Informational, Transactional",36,210,25,1.70,"Reviews, Video, People also ask, Knowledge panel, Related searches, Popular products, Ads bottom"
fernseher mit antennenanschluss,Commercial,39,210,24,0.51,"Reviews, Video, People also ask, Related searches, Popular products"
fire tv cube 5. generation,"Informational, Commercial",44,210,21,0.20,"Reviews, Video, Video carousel, People also ask, Related searches, Ads bottom"
fire tv stick 3 gen,Commercial,44,210,13,0.19,"Sitelinks, Reviews, Video, Video carousel, People also ask, Related searches, Popular products, Ads middle"
fire tv stick 4k vs 4k max,Commercial,41,210,26,0.00,"Sitelinks, AI Overview, Video, Video carousel, People also ask, Related searches"
fire tv stick box,"Informational, Transactional",47,210,24,0.47,"Reviews, Video, Video carousel, People also ask, Related searches"
fire tv stick vpn,"Informational, Commercial",45,210,32,0.00,"Sitelinks, AI Overview, Reviews, Video, Video carousel, People also ask, Related searches, Ads bottom, Ads middle"
fire tv stick vs apple tv,Commercial,40,210,26,0.00,"AI Overview, Reviews, Video, Video carousel, People also ask, Related searches"
firetvstick,Commercial,43,210,30,0.47,"Reviews, Video, People also ask, Related searches, Popular products, Ads bottom"
germaniptv,Commercial,41,210,17,0.88,"Video, People also ask, Related searches"
hd receiver kaufen,Transactional,38,210,33,0.33,"Video, People also ask, Local pack, Related searches, Popular products"
hdtv sat receiver,"Informational, Transactional",40,210,26,0.08,"Video, Video carousel, People also ask, Related searches, Popular products"
ip tv player,"Informational, Commercial",59,210,38,0.53,"Reviews, Video, Video carousel, People also ask, Related searches"
ip tv receiver,"Informational, Commercial",43,210,19,0.00,"Video, People also ask, Related searches, Popular products"
ip tv smart,Commercial,45,210,36,0.00,"Reviews, Image pack, Video, People also ask, Related searches"
ip-tv player,Commercial,55,210,39,0.53,"Reviews, Video, People also ask, Related searches"
iptv 3mu list,Commercial,54,210,35,0.00,"Reviews, Video, People also ask, Related searches"
iptv code kaufen,Commercial,51,210,13,0.00,"AI Overview, Related searches"
iptv deutschland anbieter,"Informational, Commercial",46,210,32,0.00,"AI Overview, Video, Short videos, People also ask, Related searches"
iptv kodi,Commercial,49,210,24,0.00,"AI Overview, Reviews, Video, Video carousel, People also ask"
iptv link,Commercial,54,210,14,0.00,"Reviews, Video, Video carousel, Related searches"
iptv player for windows,"Informational, Commercial",53,210,30,0.00,"Reviews, Video, Related searches"
iptv services,"Informational, Commercial",45,210,26,0.00,"Sitelinks, Video, Video carousel, People also ask, Related searches"
iptv smart apk,"Informational, Transactional",61,210,25,0.00,"Reviews, Video, Related searches"
iptv testen,Commercial,48,210,0,0.00,Related searches
iptvhdserver,"Navigational, Transactional",48,210,10,0.00,"Sitelinks, Reviews, Video, People also ask, Ads top, Ads middle"
kaufen iptv,Commercial,49,210,30,0.00,"Video, People also ask, Related searches, Popular products"
kodi addon,Commercial,44,210,18,0.00,"Sitelinks, Reviews, Video"
kodi apps,Commercial,47,210,42,1.72,"Reviews, People also ask"
kodi media center software,"Informational, Transactional",37,210,38,0.00,"Sitelinks, Reviews, Video, Video carousel, People also ask, Knowledge panel"
magenta tv alternative,"Informational, Commercial",42,210,19,1.18,"Sitelinks, AI Overview, Reviews, Video, People also ask, Related searches"
media markt satelliten receiver,"Informational, Transactional",38,210,24,0.04,"Image pack, People also ask, Related searches, Popular products"
movie for kodi,"Informational, Commercial",37,210,27,0.00,"Sitelinks, Reviews, Video, People also ask"
netflix tv stick,Transactional,44,210,41,0.39,"Sitelinks, Reviews, Video, People also ask, Related searches, Popular products"
receiver für fernsehen,Commercial,38,210,30,0.74,"Video, Video carousel, People also ask, Related searches, Popular products"
recommended iptv providers,Commercial,43,210,44,0.00,"Sitelinks, People also ask, Related searches"
resiever,Commercial,25,210,25,0.88,"Video, People also ask, Related searches, Popular products"
sat receiver mit smart tv,Commercial,43,210,23,0.13,"Video, People also ask, Related searches, Popular products"
satelliten festplattenreceiver,Commercial,36,210,19,0.16,"Reviews, Video, People also ask, Related searches, Popular products"
sky mini box,"Informational, Transactional",38,210,28,1.22,"Reviews, Video, People also ask, Related searches, Popular products"
sky q mini kaufen,Transactional,36,210,30,0.69,"Reviews, Video, People also ask, Related searches, Popular products"
sky sat receiver,Commercial,44,210,34,2.45,"Reviews, Video, People also ask, Related searches, Popular products"
smart receiver,Commercial,39,210,25,0.69,"Reviews, Image pack, Video, People also ask, Related searches, Popular products"
smart tv box test,Commercial,38,210,44,0.33,"Sitelinks, Reviews, Video, People also ask, Related searches, Popular products"
smart tv player,"Informational, Transactional",44,210,29,0.45,"Reviews, Video, Video carousel, People also ask, Related searches"
streaming stick vergleich,Commercial,35,210,32,0.47,"Sitelinks, Reviews, Video, People also ask, Related searches"
tablette kindle fire,"Informational, Transactional",46,210,24,0.09,"Reviews, Image, Video, Video carousel, People also ask, Related searches, Popular products"
tivimate account,"Informational, Transactional",42,210,21,0.00,"Sitelinks, AI Overview, Reviews, Video, Video carousel, People also ask, Related searches"
tivimate login,"Informational, Transactional",41,210,30,0.00,"Reviews, Video, People also ask, Related searches"
tv mit receiver,Commercial,41,210,24,0.74,"Video, People also ask, Related searches, Popular products"
tv stick amazon prime,"Informational, Transactional",38,210,36,0.56,"Reviews, Video, People also ask, Related searches, Popular products"
addons kodi,Commercial,43,170,11,0.00,"Reviews, Video"
aftvnews downloader,"Informational, Transactional",35,170,59,0.00,"Reviews, Video, People also ask, Related searches"
alexa cube,"Informational, Transactional",35,170,19,0.16,"Reviews, Image pack, Video, Video carousel, People also ask, Related searches, Popular products"
amazon com fire tv prime,"Navigational, Transactional",47,170,41,1.12,"People also ask, Related searches"
amazon fire 10 hd,"Informational, Transactional",42,170,32,0.15,"Reviews, People also ask, Related searches, Popular products"
amazon fire tv and youtube,"Informational, Transactional",51,170,16,0.00,"Sitelinks, Video, Video carousel, Related searches"
amazon fire tv fernseher,"Informational, Transactional",44,170,30,0.77,"Reviews, Image, People also ask, Related searches, Popular products"
amazon fire tv stick 2 generation,"Informational, Transactional",46,170,31,0.78,"Reviews, Video, People also ask, Related searches, Popular products"
amazon fire tv stick 3rd generation,Commercial,44,170,22,0.66,"Sitelinks, Reviews, Video, People also ask, Related searches, Popular products"
amazon fire tv vs apple tv,Commercial,41,170,13,0.21,"AI Overview, Reviews, Video, Video carousel, People also ask, Related searches"
amazon fire tv with 4k ultra hd,"Informational, Transactional",44,170,37,0.50,"Reviews, People also ask, Related searches, Popular products"
amazon stick fire tv,"Informational, Transactional",52,170,37,0.70,"Reviews, Video, People also ask, Related searches, Popular products"
amazon stick kaufen,Transactional,37,170,28,0.45,"People also ask, Related searches, Popular products"
amazon tv stick kodi,"Informational, Transactional",41,170,6,0.00,"Sitelinks, Reviews, Video, Video carousel, Short videos, People also ask"
amazon video stick,"Informational, Transactional",38,170,30,0.56,"People also ask, Related searches, Popular products"
best streaming stick,Commercial,33,170,40,0.64,"Sitelinks, Reviews, Video, Video carousel, People also ask, Related searches, Popular products"
bester iptv anbieter deutschland,Commercial,45,170,19,0.00,"Sitelinks, AI Overview, Video, Short videos, People also ask, Related searches"
bester iptv provider,Commercial,44,170,20,0.00,"Sitelinks, AI Overview, Video, People also ask, Related searches"
bester sat receiver,Commercial,37,170,21,0.14,"Sitelinks, Reviews, Video, Video carousel, People also ask, Related searches"
dazn fussbal,"Navigational, Transactional",54,170,65,0.89,"Video, Video carousel, People also ask, Top stories, Related searches"
dazn fussball live,"Navigational, Transactional",54,170,72,0.75,"Reviews, Video, Top stories, Related searches"
dazn fußball live,"Navigational, Transactional",54,170,69,0.75,"Reviews, Video, Top stories, Related searches"
digital antenne tv,Commercial,43,170,17,0.37,"Video, People also ask, Related searches, Popular products"
dvb s receiver,Commercial,35,170,19,0.28,"Image pack, People also ask, Related searches, Popular products"
fernbedienung für alexa,"Informational, Transactional",38,170,24,0.35,"Video, Video carousel, People also ask, Related searches, Popular products"
fire stick upgrades,"Informational, Transactional",53,170,20,0.00,"Video, Video carousel, Short videos, People also ask, Related searches, Popular products"
fire tv cube 4th generation,"Informational, Transactional",46,170,30,0.20,"Video, Video carousel, People also ask, Related searches"
fire tv stick 1 generation,"Informational, Transactional",52,170,20,0.13,"Video, Video carousel, People also ask, Related searches"
firestick 4k max,Commercial,47,170,24,0.33,"Reviews, Video, Video carousel, People also ask, Related searches, Popular products"
flixi tv stick kaufen,"Informational, Transactional",49,170,24,0.56,"Sitelinks, Reviews, Video, Video carousel, People also ask, Related searches, Popular products"
flixy tv stick kaufen,Transactional,49,170,15,0.68,"Sitelinks, Video, People also ask, Related searches, Popular products"
fußball live dazn,"Navigational, Transactional",54,170,69,0.75,"Reviews, Video, Top stories, Related searches"
germany ip tv,Commercial,38,170,16,0.87,"AI Overview, Video, People also ask, Related searches"
geräte zum streamen,Commercial,39,170,23,0.63,"Video, People also ask, Related searches, Popular products"
hd sat receiver mit hd+ karte,Commercial,46,170,21,0.14,"People also ask, Related searches, Popular products"
ip tv smart player,Transactional,51,170,31,0.00,"Reviews, Video, People also ask, Related searches"
iptv aliexpress,"Navigational, Transactional",45,170,32,0.00,"People also ask, Related searches"
iptv best,Commercial,46,170,26,0.00,"Sitelinks, AI Overview, Video, Video carousel, People also ask, Related searches"
iptv buy,"Informational, Commercial",51,170,45,0.00,"AI Overview, Video, Related searches"
iptv kaufen deutschland,Commercial,57,170,19,0.00,"Video, Related searches"
iptv m3u liste,"Informational, Commercial",49,170,15,0.00,"AI Overview, Reviews, Video, Related searches"
iptv service,"Informational, Commercial",45,170,32,0.00,"AI Overview, Reviews, Video, Video carousel, People also ask, Related searches"
iptv smarters pro apk download,Commercial,60,170,33,0.00,"Reviews, Video, People also ask, Related searches"
iptv smarters pro download android,Commercial,47,170,33,0.00,"Reviews, Video carousel, Related searches"
iptv smarters pro mac,Commercial,60,170,37,0.00,"Reviews, Video, Related searches"
iptv streamer,Commercial,53,170,29,0.00,"Reviews, Video, People also ask, Related searches"
iptv sub,"Informational, Commercial",46,170,17,1.05,"Sitelinks, Video, Video carousel, People also ask, Related searches"
kabel receiver für sky,Commercial,42,170,32,1.74,"Sitelinks, Reviews, Video, People also ask, Related searches, Popular products"
kabel receiver mit sky,Commercial,44,170,27,2.10,"Reviews, Video, Video carousel, People also ask, Related searches, Popular products, Ads bottom"
kodi add-ons,Commercial,49,170,10,0.27,"Sitelinks, Reviews, Video, People also ask"
kodi filme,Commercial,40,170,8,0.00,"AI Overview, Reviews, Video, People also ask"
kodi movie online,"Informational, Transactional",36,170,40,0.00,"Reviews, Video, Video carousel"
m3u4u,Commercial,49,170,14,0.00,"People also ask, Related searches"
media markt receiver,Commercial,37,170,30,0.08,"Image pack, People also ask, Related searches, Popular products"
media markt sat receiver,"Informational, Transactional",39,170,23,0.04,"People also ask, Related searches, Popular products"
ml tv stick,"Informational, Transactional",49,170,30,0.39,"Reviews, Video, Video carousel, People also ask, Knowledge panel, Related searches, Ads middle"
pay tv anbieter,"Informational, Commercial",41,170,27,1.69,"Sitelinks, AI Overview, Reviews, Video, People also ask, Related searches, Ads top, Ads middle"
plex for fire tv stick,"Informational, Transactional",45,170,19,0.00,"Sitelinks, Video, Video carousel, People also ask, Related searches"
receiver für kabel deutschland,Commercial,38,170,22,1.56,"Reviews, Video, People also ask, Related searches, Popular products"
receiver für sky kabel,"Informational, Transactional",41,170,30,2.10,"Reviews, Video carousel, People also ask, Related searches, Popular products"
receiver media markt,"Informational, Transactional",37,170,29,0.10,"Video, People also ask, Related searches, Popular products, Ads bottom"
receiver sat hd+,"Informational, Commercial",38,170,21,0.27,"People also ask, Related searches, Popular products"
receiver satellit kaufen,Transactional,36,170,30,0.12,"Sitelinks, Video, People also ask, Local pack, Related searches, Popular products"
receiver tv satellit,Commercial,39,170,21,0.42,"Video, Video carousel, People also ask, Related searches, Popular products"
reseiver,Commercial,26,170,25,0.88,"Video, People also ask, Related searches, Popular products"
reviever,Commercial,26,170,24,0.88,"Video, Video carousel, People also ask, Related searches, Popular products"
sat hd receiver,"Informational, Commercial",37,170,26,0.36,"Video, People also ask, Related searches"
sateliten receiver,Commercial,36,170,23,0.22,"Image pack, Video, Video carousel, People also ask, Related searches, Popular products, Ads bottom"
satellite receiver media markt,"Informational, Transactional",37,170,19,0.04,"People also ask, Related searches, Popular products"
satelliten hd receiver,"Informational, Commercial",37,170,21,0.14,"Video, Video carousel, People also ask, Related searches, Popular products"
satelliten receiver festplatte,"Informational, Commercial",38,170,23,0.16,"Reviews, Video, People also ask, Related searches, Popular products"
satelliten receiver kaufen,Transactional,37,170,29,0.15,"Video, People also ask, Local pack, Related searches, Popular products"
sky q iptv box kaufen,Transactional,44,170,27,0.00,"Reviews, Video, People also ask, Related searches, Popular products"
sky reciever,Transactional,45,170,35,1.97,"Reviews, Image, Image pack, People also ask, Related searches, Popular products"
smart iptv smart tv,"Informational, Transactional",51,170,31,0.00,"Reviews, Video, Video carousel, People also ask, Related searches"
smart tv smart box,Commercial,42,170,30,0.96,"Sitelinks, Reviews, Video, Video carousel, People also ask, Related searches, Popular products"
smarters players lite,"Informational, Commercial",34,170,40,0.32,"Reviews, Video, People also ask, Knowledge panel, Related searches"
stick stream,Commercial,30,170,25,0.89,"Reviews, Video, People also ask, Related searches"
streaming geräte,"Informational, Commercial",39,170,30,0.94,"People also ask, Related searches, Popular products"
streaming sticks for tv,Commercial,41,170,30,0.81,"Sitelinks, Reviews, Video, Video carousel, People also ask, Related searches, Popular products"
streams for kodi,"Informational, Commercial",49,170,37,1.71,"Sitelinks, Reviews, Video, Video carousel, People also ask"
tivimate accounts,"Informational, Transactional",51,170,25,1.16,"Sitelinks, Reviews, Video, People also ask, Related searches"
tv empfang ohne kabel,Commercial,41,170,24,1.06,"Sitelinks, Reviews, Video, Video carousel, People also ask, Related searches, Popular products, Ads top"
tv empfangen ohne kabel,Commercial,42,170,24,1.06,"Reviews, Video, Video carousel, People also ask, Related searches, Popular products, Ads top, Ads middle"
tv stick ohne monatliche kosten,Commercial,41,170,27,0.70,"Sitelinks, Reviews, Video, People also ask, Related searches, Popular products"
usb tv stick,Commercial,41,170,21,0.70,"Sitelinks, Video, People also ask, Related searches, Popular products"
viva iptv,"Informational, Commercial",44,170,23,0.00,"AI Overview, Reviews, People also ask"
vpn for amazon fire tv stick,"Informational, Commercial",38,170,26,2.16,"Sitelinks, AI Overview, Reviews, Video, Video carousel, People also ask, Related searches, Ads bottom, Ads middle"
wlan für sky receiver,"Informational, Transactional",44,170,27,1.30,"Reviews, Video carousel, People also ask, Related searches"
ıptv free,"Informational, Transactional",57,170,55,0.90,"Reviews, Video, Video carousel, People also ask, Related searches"
4k android tv stick,"Informational, Commercial",42,140,23,0.38,"Sitelinks, Reviews, Video, Video carousel, People also ask, Related searches, Popular products"
4kiptv,Commercial,43,140,38,0.93,"Video, People also ask, Related searches"
amazon com firetvprime,Transactional,52,140,51,1.00,"People also ask, Related searches"
amazon com kindle fire,"Navigational, Transactional",39,140,34,0.22,"Video, People also ask, Related searches, Popular products"
amazon fire stick kaufen,Transactional,44,140,34,0.42,"People also ask, Related searches, Popular products"
amazon fire tablet 8 hd,"Informational, Transactional",43,140,34,0.19,"Sitelinks, Reviews, Video, People also ask, Related searches, Popular products"
amazon fire tv alexa,"Informational, Transactional",51,140,30,0.32,"Video, People also ask, Related searches, Popular products"
amazon fire tv miracast,"Informational, Transactional",49,140,34,0.15,"Reviews, Video, Video carousel, People also ask, Related searches"
amazon fire tv stick 2nd generation,"Informational, Transactional",44,140,31,0.78,"Sitelinks, Reviews, Video, People also ask, Related searches, Popular products"
amazon fire tv stick adapter,"Informational, Transactional",47,140,31,0.13,"Video, Video carousel, People also ask, Related searches, Popular products"
amazon fire tv stick vergleich,Commercial,40,140,25,0.54,"Sitelinks, Reviews, Video, People also ask, Related searches"
amazon hd fire stick,"Informational, Transactional",43,140,29,0.43,"People also ask, Knowledge panel, Related searches"
amazon kindle fire tv,"Informational, Transactional",51,140,32,0.70,"People also ask, Related searches, Popular products"
amazon kindle hd fire 10,"Informational, Transactional",38,140,31,0.12,"Reviews, Video, People also ask, Related searches, Popular products"
amazon kindle tablet,"Navigational, Transactional",34,140,30,0.18,"Sitelinks, People also ask, Related searches, Popular products"
amazon pad,"Informational, Transactional",31,140,35,0.50,"Image, People also ask, Related searches, Popular products"
amazon prime fernbedienung,"Informational, Transactional",37,140,29,0.38,"Video, Video carousel, People also ask, Related searches, Popular products"
amazon sat receiver,"Navigational, Transactional",39,140,34,0.09,"Sitelinks, People also ask, Related searches, Popular products, Ads top"
amazon-stick 4k,"Informational, Transactional",46,140,30,0.32,"Reviews, Video, People also ask, Related searches, Popular products"
amazons fire stick kaufen,Transactional,43,140,29,0.40,"Video, People also ask, Related searches, Popular products"
app für zdf mediathek,Commercial,49,140,47,0.12,"Reviews, Video, People also ask, Related searches"
best iptv app,Commercial,50,140,21,0.00,"AI Overview, Reviews, Video, Video carousel, People also ask, Related searches"
best kodi addons,Commercial,36,140,37,0.00,"Sitelinks, Reviews, Video, Video carousel, People also ask"
beste iptv app für android tv,Commercial,47,140,20,0.00,"Sitelinks, AI Overview, Reviews, Video, Video carousel, People also ask, Related searches"
beste kodi addons,Commercial,43,140,14,0.00,"Sitelinks, Reviews, Video, People also ask"
bester fire tv stick,Commercial,42,140,29,0.41,"Sitelinks, Reviews, Video, People also ask, Related searches"
digitale satelliten receiver,"Informational, Commercial",35,140,30,0.12,"Video, Video carousel, People also ask, Related searches, Popular products"
download aftvnews,"Informational, Transactional",34,140,53,0.00,"AI Overview, Reviews, Related searches"
download kodi on windows,"Informational, Transactional",38,140,44,0.00,"Reviews, Video, People also ask"
downloader aftvnews,"Informational, Transactional",38,140,52,0.00,"Reviews, Related searches"
downloader app download,"Informational, Transactional",33,140,44,0.00,"Reviews, Video, People also ask, Related searches"
fernsehen anmelden,Transactional,36,140,41,3.09,"AI Overview, Reviews, Video, People also ask, Related searches"
fernsehen ohne antennenanschluss,Commercial,38,140,19,0.88,"AI Overview, Reviews, Video, Video carousel, People also ask, Related searches, Ads bottom, Ads middle"
fernsehen ohne internet und kabel,Commercial,41,140,21,0.98,"Reviews, Video, People also ask, Related searches, Popular products, Ads top, Ads bottom"
fernsehen über kabel,"Informational, Commercial",38,140,20,1.43,"AI Overview, Reviews, Video, People also ask, Related searches, Ads top, Ads middle"
fernseher hd fähig,Commercial,45,140,23,0.30,"Reviews, Video, People also ask, Related searches, Popular products, Ads bottom"
fire stick adapter,"Informational, Transactional",44,140,20,0.12,"Image pack, Video, Video carousel, People also ask, Related searches, Popular products"
fire tv stick 4k neueste generation,Commercial,46,140,21,0.29,"Sitelinks, Video, Video carousel, People also ask, Related searches, Popular products, Ads bottom"
fire tv stick anmelden,"Informational, Transactional",49,140,26,1.02,"AI Overview, Video, Video carousel, People also ask, Related searches"
fire tv stick preis,Transactional,47,140,26,0.26,"Video, People also ask, Related searches, Popular products"
fire tv stick preise,Transactional,46,140,30,0.26,"Video, People also ask, Related searches, Popular products, Ads middle"
fire tv stick preisentwicklung,Commercial,46,140,19,0.29,"Reviews, Video, People also ask, Related searches"
fire tv stick vergleich tabelle,"Informational, Commercial",42,140,21,0.33,"Sitelinks, Image pack, Video, People also ask, Related searches"
fire tv stick wikipedia,"Navigational, Transactional",39,140,40,0.00,"Sitelinks, AI Overview, Video, People also ask, Related searches"
fire tv sticks vergleich,Commercial,42,140,24,0.61,"Sitelinks, Reviews, Video, People also ask, Related searches"
fire tv tablet,"Informational, Transactional",50,140,24,0.17,"Sitelinks, Video, Video carousel, People also ask, Related searches, Popular products"
firestick vpns,"Informational, Commercial",46,140,46,2.60,"Sitelinks, AI Overview, Video, Video carousel, People also ask, Related searches, Ads bottom, Ads middle"
flixy tv stick amazon,"Navigational, Transactional",49,140,34,0.64,"Video, People also ask, Related searches, Popular products"
free iptv mu3,"Informational, Transactional",47,140,40,0.00,"Reviews, Video, Video carousel, People also ask, Related searches"
free iptv player,"Informational, Commercial",51,140,37,0.00,"AI Overview, Reviews, Video, People also ask, Related searches"
free m3u tv playlist,"Informational, Commercial",49,140,41,1.43,"Sitelinks, AI Overview, Reviews, Video, Video carousel, People also ask, Related searches"
german ip tv,Commercial,40,140,10,0.87,"AI Overview, Video, People also ask, Related searches"
german iptv erfahrungen,"Informational, Commercial",47,140,22,0.00,"Sitelinks, AI Overview, Reviews, Video, Video carousel, People also ask, Related searches"
hd receiver media markt,"Informational, Transactional",39,140,25,0.16,"Image pack, Video, People also ask, Related searches, Popular products"
hd tv fire stick,Commercial,48,140,22,0.46,"Reviews, Video, Video carousel, People also ask, Related searches, Popular products, Ads middle"
hd+ receiver sat,Commercial,37,140,21,0.46,"People also ask, Related searches, Popular products"
hot player download,Commercial,46,140,34,0.00,"People also ask, Related searches"
internet tv receiver,Commercial,48,140,26,1.87,"Sitelinks, Reviews, Image, Video, People also ask, Related searches, Popular products"
ip tv app windows,"Informational, Commercial",61,140,33,0.00,"Sitelinks, AI Overview, Reviews, Video, Video carousel, People also ask, Related searches"
iptv amazon fire tv stick,Transactional,78,140,27,0.00,"Sitelinks, Video, Video carousel, People also ask, Related searches, Popular products"
iptv apk pro,Commercial,53,140,25,0.00,"Reviews, Video, Related searches"
iptv apps windows,"Informational, Commercial",49,140,31,0.00,"AI Overview, Reviews, Video, Video carousel, Related searches"
iptv liste kaufen,Commercial,52,140,1,0.00,"AI Overview, People also ask, Related searches"
iptv online kaufen,Commercial,49,140,22,0.00,"Video, People also ask, Related searches, Popular products"
iptv player apkpure,"Navigational, Transactional",61,140,20,0.00,"AI Overview, Reviews, Related searches"
iptv player pc,Commercial,51,140,26,0.00,"Sitelinks, Reviews, Video, Video carousel, Related searches"
iptv samsung app,Commercial,54,140,29,0.00,"Video, Video carousel, People also ask, Related searches"
iptv shop,Commercial,49,140,17,0.00,"AI Overview, Video, People also ask, Related searches"
iptv smarters app,Commercial,48,140,42,0.00,"Reviews, Video, Video carousel, People also ask, Related searches"
iptv smarters pro download pc,Commercial,60,140,36,0.00,"Video carousel, People also ask, Related searches"
iptv smarters pro kaufen,Transactional,43,140,6,0.00,"People also ask, Related searches"
iptv smarters pro pc,"Informational, Transactional",46,140,31,0.00,"Reviews, Video, Related searches"
iptv stream player windows,"Informational, Commercial",47,140,30,0.00,"AI Overview, Reviews, Video, People also ask, Related searches"
iptv vergleich,Commercial,42,140,37,0.00,"AI Overview, Reviews, Video, People also ask, Related searches"
iptv-smarters-pro,"Informational, Commercial",60,140,38,0.00,"AI Overview, Reviews, Video, Video carousel, People also ask, Related searches"
iptvdeutschland,Commercial,42,140,12,1.35,"AI Overview, Video, Video carousel, People also ask, Related searches"
kabel für sky receiver,"Informational, Commercial",44,140,27,1.74,"Sitelinks, Reviews, Video, People also ask, Related searches, Popular products"
kindle amazon kindle fire,"Informational, Transactional",41,140,34,0.18,"Sitelinks, Reviews, Video, People also ask, Related searches, Popular products"
kindle fire at amazon,"Informational, Transactional",42,140,42,0.22,"Video, People also ask, Related searches, Popular products"
kodi repos,Commercial,41,140,20,0.00,"Reviews, Video, People also ask"
kodi sport addon,Commercial,38,140,19,0.00,"Sitelinks, Reviews, Video, People also ask"
kodi windows download,"Informational, Transactional",38,140,31,0.00,"Reviews, Video, People also ask"
koditvbox,Commercial,51,140,23,0.00,"AI Overview, Reviews, Image, Video, Video carousel, People also ask, Related searches"
m3u list,Commercial,44,140,25,0.61,"Reviews, Video, Video carousel, People also ask, Related searches"
prime amazon stick,"Informational, Transactional",52,140,42,0.36,"Reviews, People also ask, Related searches, Popular products"
prime tv stick,"Informational, Transactional",40,140,30,0.92,"Video, Video carousel, People also ask, Related searches, Popular products"
remote control fire tv stick,"Informational, Transactional",47,140,28,0.26,"Sitelinks, Video, Video carousel, People also ask, Related searches, Popular products"
remote control for amazon fire tv,"Informational, Transactional",39,140,28,0.27,"Reviews, People also ask, Related searches, Popular products"
sat receiver bei media markt,"Informational, Transactional",39,140,30,0.04,"People also ask, Related searches, Popular products"
sky q reciever,"Informational, Transactional",43,140,28,1.84,"AI Overview, Reviews, Video, People also ask, Related searches, Ads bottom"
sky receiver für kabel,"Informational, Transactional",44,140,30,1.74,"Reviews, Video carousel, People also ask, Related searches, Popular products, Ads bottom"
sky receiver für satellit,"Informational, Transactional",44,140,33,1.59,"Reviews, Video, People also ask, Related searches, Popular products, Ads middle"
smarter iptv apk download,Commercial,44,140,32,0.00,"Reviews, Video, Related searches"
smarters iptv pro apk,Commercial,60,140,30,0.00,"Reviews, Video, Related searches"
smarters pro player,Commercial,32,140,35,0.00,"Reviews, Image pack, Video, Video carousel, People also ask, Related searches"
smartiptv app,Commercial,61,140,32,0.00,"Reviews, Video, People also ask, Related searches"
stick fire tv amazon,"Informational, Transactional",52,140,30,0.62,"Video, People also ask, Related searches, Popular products"
stream stick 4k,Commercial,39,140,27,0.61,"Sitelinks, Video, Video carousel, People also ask, Knowledge panel, Related searches, Popular products"
streaming stick test,Commercial,37,140,36,0.36,"Sitelinks, Reviews, Video, Video carousel, People also ask, Related searches, Ads middle"
subscribeip tv,"Informational, Commercial",46,140,13,0.00,"Sitelinks, Video, Video carousel, Related searches"
tv mit satellitenanschluss,Commercial,38,140,17,1.00,"Reviews, Video, People also ask, Related searches, Popular products"
tv usb tv stick,Commercial,42,140,21,0.70,"Sitelinks, Reviews, Video, Video carousel, People also ask, Related searches, Popular products, Ads middle"
vpn für fire tv stick kostenlos deutsch,Commercial,43,140,30,0.00,"Sitelinks, AI Overview, Reviews, Video, Video carousel, People also ask, Related searches, Ads bottom"
welchen fire tv stick kaufen,Commercial,45,140,26,0.37,"AI Overview, Reviews, Image, Video, Video carousel, People also ask, Related searches"
xstream fire tv stick,Commercial,78,140,19,0.00,"Sitelinks, AI Overview, Video, Video carousel, People also ask, Related searches"
z2u iptv,"Navigational, Transactional",46,140,11,0.00,"People also ask, Related searches"
4k streaming stick,"Informational, Commercial",39,110,26,0.52,"Sitelinks, Reviews, Video, Video carousel, People also ask, Related searches, Popular products"
aliexpress iptv,"Navigational, Transactional",45,110,31,0.00,"People also ask, Related searches"
alternative zu amazon fire tv stick,Commercial,45,110,18,0.69,"Sitelinks, Reviews, Video, Video carousel, Short videos, People also ask, Related searches, Ads bottom"
amazob fire stick,"Informational, Transactional",52,110,31,0.34,"Reviews, Short videos, People also ask, Related searches"
amazon fernsehen stick,"Informational, Transactional",39,110,36,0.40,"Reviews, Video, People also ask, Related searches, Popular products"
amazon fire stick adapter,"Informational, Transactional",46,110,31,0.13,"Video carousel, People also ask, Related searches, Popular products"
amazon fire stick tv,"Informational, Transactional",46,110,34,0.70,"Reviews, People also ask, Related searches, Popular products"
amazon fire tablets,"Informational, Transactional",39,110,38,0.17,"People also ask, Related searches, Popular products"
amazon fire tv os,"Informational, Transactional",40,110,46,0.00,"Sitelinks, People also ask, Related searches"
amazon fire tv stick 4 k,"Informational, Transactional",41,110,29,0.66,"Video, People also ask, Related searches, Popular products"
amazon fire tv stick amazon prime,Transactional,42,110,34,0.64,"Video, People also ask, Related searches, Ads middle"
amazon firestick 4k max,Commercial,43,110,30,0.42,"Reviews, Image, Video, People also ask, Related searches"
amazon firestick kaufen,Transactional,47,110,35,0.40,"People also ask, Related searches, Popular products, Ads bottom"
amazon instant video fire stick,"Informational, Transactional",47,110,42,0.56,"Reviews, Video, People also ask, Related searches"
amazon prime video stick,"Informational, Transactional",41,110,33,0.56,"Reviews, People also ask, Related searches, Popular products"
amazon tv cube,"Informational, Transactional",39,110,35,0.38,"Sitelinks, Reviews, Video, Video carousel, People also ask, Knowledge panel, Related searches, Popular products"
amazone tv stick,"Informational, Transactional",38,110,37,0.60,"Reviews, Video, People also ask, Related searches"
android iptv player,Commercial,62,110,30,0.00,"Reviews, Video, People also ask, Related searches"
android receiver,"Informational, Transactional",39,110,10,0.60,"Video, People also ask, Related searches, Popular products"
apple tv fußball,"Navigational, Transactional",54,110,42,1.08,"Video, People also ask, Related searches"
best fire stick for tv,Commercial,45,110,30,0.41,"Reviews, Image, Image pack, Video, Video carousel, People also ask, Related searches, Popular products"
best fire tv stick,Commercial,43,110,33,0.41,"Reviews, Image, Video, Video carousel, People also ask, Related searches, Popular products"
best iptv player for windows,Commercial,49,110,31,0.00,"Reviews, Video carousel, People also ask, Related searches"
best player for iptv windows,Commercial,43,110,26,0.00,"Sitelinks, AI Overview, Reviews, Video, Video carousel, People also ask, Related searches"
best tv stick 2025,Commercial,51,110,65,0.45,"Sitelinks, Reviews, Video, Video carousel, People also ask, Related searches, Popular products, Ads bottom"
best tv sticks 2025,Commercial,51,110,,0.57,"Sitelinks, Reviews, Video, Video carousel, People also ask, Related searches, Popular products"
beste iptv app für lg tv,Commercial,49,110,20,0.00,"AI Overview, Video, People also ask, Related searches"
besten iptv anbieter,Commercial,47,110,17,0.00,"Sitelinks, AI Overview, Video, Related searches"
bester iptv player android,Commercial,48,110,17,0.00,"Sitelinks, AI Overview, Reviews, Video, Video carousel, People also ask, Related searches"
bester iptv player windows,Commercial,61,110,18,0.00,"Reviews, People also ask, Related searches"
controller amazon fire tv,"Informational, Transactional",50,110,31,0.11,"Video, People also ask, Related searches, Popular products"
digital sat receiver,Commercial,38,110,27,0.15,"Video, Video carousel, People also ask, Related searches, Popular products"
digital satellite receiver,"Informational, Commercial",39,110,27,0.19,"Video, Video carousel, People also ask, Related searches, Popular products"
digital tv receiver,Commercial,43,110,28,0.55,"Reviews, Video, People also ask, Related searches"
digitale satellitenreceiver,"Informational, Transactional",38,110,23,0.16,"Video, People also ask, Related searches, Popular products"
downlader,"Informational, Commercial",25,110,44,0.55,"AI Overview, Reviews, Video, Related searches"
ethernet fire tv stick,"Informational, Transactional",49,110,22,0.14,"Sitelinks, Video, Video carousel, Short videos, People also ask, Related searches, Popular products, Ads bottom"
ethernet for fire tv stick,"Informational, Transactional",48,110,25,0.12,"Reviews, Video, Video carousel, People also ask, Popular products"
fernseh ohne antenne,Commercial,37,110,19,0.80,"Reviews, Video, Video carousel, People also ask"
fernsehen ohne anschluss,Commercial,39,110,25,1.15,"Reviews, Video, People also ask, Related searches, Ads top, Ads bottom"
fernseher für iptv,"Informational, Commercial",44,110,29,0.00,"Sitelinks, Video, People also ask, Related searches, Popular products"
fernseher für unterwegs,Commercial,37,110,24,0.94,"Reviews, Video, People also ask, Related searches, Popular products, Ads bottom"
fernseher mit lan anschluss,Commercial,44,110,20,0.31,"Image pack, Video, People also ask, Related searches, Ads top, Ads middle"
fernsehn ohne kabelanschluss,Commercial,38,110,22,1.05,"Reviews, Video, Video carousel, People also ask, Related searches, Ads top, Ads middle"
fire stick game controller,"Informational, Transactional",44,110,22,0.11,"Video, Video carousel, People also ask, Related searches, Popular products"
fire stick remote,"Informational, Transactional",44,110,26,0.27,"Reviews, Video, Video carousel, People also ask, Popular products"
fire stick usb,"Informational, Transactional",48,110,19,0.27,"Sitelinks, Image pack, Video, Video carousel, People also ask, Related searches, Popular products"
fire tv 4k amazon,"Informational, Transactional",45,110,30,0.66,"Reviews, People also ask, Related searches, Popular products, Ads middle"
fire tv 4k vs 4k max,Commercial,42,110,23,0.00,"Sitelinks, Reviews, Video, Video carousel, People also ask, Related searches"
fire tv gebraucht,"Informational, Commercial",49,110,17,0.50,"People also ask, Related searches, Popular products"
fire tv stick 3. generation,Commercial,42,110,23,0.33,"Sitelinks, Video, Video carousel, People also ask, Related searches, Popular products"
fire tv stick gebraucht,Commercial,48,110,22,0.50,"People also ask, Related searches, Popular products"
fire tv stick generationen vergleich,Commercial,42,110,26,0.84,"Sitelinks, AI Overview, Video, Video carousel, People also ask, Related searches"
fire tv stick preisvergleich,Commercial,47,110,25,0.29,"People also ask, Related searches, Popular products, Ads top, Ads bottom"
fire tv stick test,Commercial,42,110,26,0.41,"Sitelinks, Reviews, Video, Video carousel, People also ask, Related searches"
fire tv stick with ethernet,"Informational, Transactional",49,110,24,0.14,"Sitelinks, Video, Video carousel, Short videos, People also ask, Related searches, Popular products"
firestick remote control,"Informational, Transactional",41,110,29,0.28,"Reviews, Image pack, Video, Video carousel, People also ask, Related searches, Popular products"
flachbildfernseher mit sat receiver,Commercial,46,110,25,0.17,"Video, People also ask, Related searches"
free m3u playlist,Commercial,39,110,48,0.00,"Sitelinks, AI Overview, Reviews, Video, Video carousel, Related searches"
gamepad amazon fire tv,"Informational, Transactional",47,110,29,0.11,"People also ask, Related searches, Popular products"
german iptv anbieter,Commercial,57,110,,0.00,"AI Overview, Related searches"
internet plus tv,Commercial,38,110,42,2.40,"AI Overview, Reviews, Video, People also ask, Related searches, Ads bottom, Ads middle"
internet via tv,Commercial,43,110,31,1.48,"AI Overview, Reviews, Video, Video carousel, People also ask, Related searches, Ads bottom, Ads middle"
ip television pc,"Informational, Commercial",44,110,36,0.00,"Featured snippet, Reviews, Video, People also ask, Related searches, Ads middle"
ip tv anbieter vergleich,Commercial,39,110,37,0.00,"Video, People also ask, Related searches"
ip tv app für fire tv stick,"Informational, Commercial",78,110,10,0.00,"Sitelinks, AI Overview, Video, Video carousel, People also ask, Related searches"
iptv abo kaufen,Commercial,46,110,10,0.00,"Video, Related searches"
iptv abonnementen,"Informational, Commercial",49,110,36,0.00,"AI Overview, Video, People also ask, Related searches"
iptv alibaba,"Navigational, Transactional",44,110,29,0.00,"Video, People also ask, Related searches"
iptv anbieter mit sky,"Informational, Commercial",52,110,20,0.00,"Sitelinks, AI Overview, Reviews, Video, People also ask, Related searches"
iptv bester anbieter,Commercial,50,110,24,0.00,"AI Overview, Reviews, Video, Video carousel, People also ask, Related searches"
iptv box alle sender,Commercial,48,110,46,0.00,"Image, Video, People also ask, Related searches, Popular products"
iptv günstig,"Informational, Commercial",47,110,39,0.00,"Video, People also ask, Related searches"
iptv list kaufen,Commercial,45,110,10,0.00,"AI Overview, Video, People also ask, Related searches"
iptv listen kaufen,Commercial,44,110,8,0.00,"AI Overview, People also ask, Related searches"
iptv pc player,Commercial,54,110,25,0.00,"AI Overview, Reviews, Video, People also ask, Related searches"
iptv preis,Transactional,49,110,35,0.00,"Sitelinks, AI Overview, Video, People also ask, Related searches"
iptv preise,Transactional,42,110,32,0.00,"AI Overview, Reviews, Image, Video, People also ask, Related searches"
iptv subscribe,"Informational, Commercial",46,110,34,0.00,"Sitelinks, AI Overview, Video, Video carousel, People also ask, Related searches"
iptv the best,Commercial,49,110,47,0.00,"Video, Video carousel, People also ask, Related searches"
iptv windows 11,Commercial,50,110,22,0.00,"AI Overview, Reviews, Video, Video carousel, People also ask, Related searches"
jailbreak tv stick,"Informational, Transactional",56,110,22,0.00,"Sitelinks, Reviews, Video, Video carousel, People also ask, Related searches"
kodi add ons for sports,"Informational, Commercial",49,110,23,0.00,"Sitelinks, Reviews, Video, Video carousel, People also ask"
kodi addons for adults,Commercial,36,110,30,0.00,"Sitelinks, Reviews, People also ask"
kodi addons for sport,Commercial,37,110,21,0.00,"Reviews, Video, Video carousel, People also ask"
kodi amazon fire,"Informational, Transactional",46,110,11,0.00,"Reviews, Image pack, Video, Video carousel, People also ask"
kodi build,Commercial,40,110,14,0.01,"Sitelinks, Reviews, Image pack, Video, Video carousel"
kodi tv android tv,"Informational, Transactional",45,110,24,0.00,"Sitelinks, Reviews, Video, People also ask"
media markt amazon fire stick,Commercial,39,110,24,0.22,"People also ask, Related searches, Popular products, Ads top, Ads middle"
media markt tv stick,Commercial,36,110,30,0.57,"Sitelinks, People also ask, Related searches, Popular products, Ads bottom"
player iptv pc,Commercial,53,110,26,0.00,"AI Overview, Reviews, Video, Video carousel, Related searches"
player smart tv,"Informational, Transactional",41,110,29,0.45,"Reviews, Video, People also ask, Related searches"
plex fire tv,Commercial,50,110,22,0.00,"Sitelinks, Reviews, Video, People also ask, Related searches"
prime fernbedienung,"Informational, Transactional",39,110,32,0.44,"Image pack, Video, People also ask, Related searches, Popular products"
receiver mit hd karte,Commercial,41,110,16,0.42,"Video, People also ask, Related searches, Popular products"
remote control for fire tv stick,"Informational, Transactional",47,110,25,0.27,"Sitelinks, Reviews, Image pack, Video, Video carousel, People also ask, Related searches, Popular products"
sat receiver 4k,Commercial,40,110,10,0.25,"Sitelinks, Reviews, Video, Video carousel, People also ask, Related searches, Popular products"
sat receiver hdmi,"Informational, Commercial",40,110,26,0.11,"Image pack, People also ask, Related searches, Popular products"
sat receiver mit smart tv funktion,Commercial,45,110,20,0.26,"Sitelinks, Reviews, Video, People also ask, Related searches, Popular products"
sat receiver mit wlan und smart tv,Commercial,38,110,21,0.33,"Video, People also ask, Related searches, Popular products"
sat receiver smart,"Informational, Commercial",39,110,19,0.16,"Video, Video carousel, People also ask, Related searches, Popular products"
satellit receiver,"Informational, Transactional",38,110,30,0.22,"Image pack, Video carousel, People also ask, Related searches, Popular products"
satelliten receiver aufnahmefunktion,Commercial,34,110,17,0.19,"Video, People also ask, Related searches, Popular products"
satelliten receiver smart,"Informational, Commercial",38,110,23,0.16,"Video, Video carousel, People also ask, Related searches, Popular products"
sky receiver satellit,Transactional,43,110,33,1.59,"Reviews, Video, People also ask, Related searches, Popular products, Ads top, Ads bottom"
smart player for tv,"Informational, Transactional",38,110,28,0.45,"Reviews, Video, People also ask, Related searches"
smart receiver for tv,Commercial,41,110,22,0.85,"Video, People also ask, Related searches, Popular products, Ads middle"
smart sat receiver,Commercial,40,110,19,0.18,"Video, Video carousel, People also ask, Related searches, Popular products"
smart stick,Commercial,34,110,19,0.70,"Video, Video carousel, People also ask, Related searches, Popular products, Ads bottom"
smarters iptv apk,Commercial,46,110,33,0.00,"Reviews, Video, Related searches"
smarters iptv windows,"Informational, Transactional",40,110,41,0.00,"AI Overview, Reviews, Video, Video carousel, People also ask, Related searches"
sport add ons kodi,Commercial,49,110,11,0.00,"Sitelinks, Video, Video carousel, People also ask"
stick hdmi,Commercial,40,110,27,0.51,"Image pack, Video, People also ask, Related searches, Popular products"
tv receiver kaufen,Transactional,40,110,25,0.70,"People also ask, Related searches, Popular products"
tv über dsl,Commercial,39,110,30,2.76,"Sitelinks, Reviews, Image, Video, People also ask, Related searches"
tv-receiver,"Informational, Commercial",46,110,30,1.14,"Video, People also ask, Related searches, Popular products"
vergleich iptv,Commercial,44,110,37,0.00,"Sitelinks, AI Overview, Reviews, Video, People also ask, Related searches"
win iptv player,Commercial,57,110,30,0.00,"AI Overview, Reviews, Video, People also ask, Related searches"
ıptv stream player windows,"Informational, Transactional",51,110,31,0.00,"Reviews, Video, Related searches"
ıptv test,"Informational, Commercial",35,110,10,0.89,"Sitelinks, Video, Related searches"
4k stick tv,Commercial,40,90,30,0.73,"Sitelinks, Reviews, Video, Video carousel, People also ask, Related searches, Popular products"
abonnement iptv,Commercial,45,90,19,0.00,"AI Overview, Video, People also ask, Related searches"
activation iptv,"Informational, Transactional",52,90,10,0.00,"Reviews, Video, Video carousel, People also ask, Related searches"
add on kodi live tv,Commercial,42,90,11,0.00,"Sitelinks, AI Overview, Reviews, Video, Video carousel, People also ask"
addons iptv kodi,Commercial,51,90,5,0.00,"Sitelinks, Reviews, Video"
amazon cube 3,"Informational, Transactional",37,90,34,0.16,"Reviews, Video, Video carousel, People also ask, Knowledge panel, Related searches"
amazon fernseh stick,Transactional,37,90,36,0.40,"Reviews, People also ask, Related searches, Popular products, Ads top, Ads bottom"
amazon fire 4k ultra hd,"Informational, Transactional",43,90,31,0.47,"Reviews, People also ask, Popular products"
amazon fire fernbedienung,"Informational, Transactional",42,90,26,0.23,"Video, Video carousel, People also ask, Related searches, Popular products"
amazon fire game controller,"Informational, Transactional",42,90,33,0.11,"Reviews, Video, People also ask, Related searches, Popular products"
amazon fire hd 11,Commercial,43,90,31,0.20,"Reviews, Video, People also ask, Related searches, Popular products"
amazon fire stick browse internet,"Informational, Transactional",45,90,36,0.00,"Sitelinks, Video, Short videos, People also ask, Related searches"
amazon fire tablet 11,"Informational, Transactional",40,90,36,0.24,"Reviews, Video, People also ask, Knowledge panel, Related searches"
amazon fire tv stick 2nd gen,"Informational, Transactional",53,90,35,0.56,"Reviews, Video, People also ask, Related searches, Popular products"
amazon fire tv stick 4k media markt,"Informational, Transactional",41,90,25,0.32,"Sitelinks, People also ask, Related searches, Popular products"
amazon fire tv stick anmelden,"Informational, Transactional",50,90,30,0.82,"AI Overview, Video, Video carousel, People also ask, Related searches"
amazon fire tv stick fernsehen,Commercial,54,90,21,0.77,"Sitelinks, Video, People also ask, Related searches, Popular products, Ads top"
amazon fire tv stick idealo,"Navigational, Transactional",47,90,29,0.74,"People also ask, Related searches"
amazon fire tv stick max,Commercial,44,90,31,0.57,"Reviews, Image, Video, People also ask, Related searches, Popular products"
amazon fire tv stick neuste generation,"Informational, Transactional",51,90,27,0.54,"Video, People also ask, Related searches, Popular products"
amazon fire tv stick on laptop,"Informational, Transactional",50,90,17,0.00,"AI Overview, Reviews, Video, Video carousel, People also ask, Related searches"
amazon fire tv stick prime,"Informational, Transactional",47,90,39,0.64,"Reviews, Video, People also ask, Related searches, Popular products"
amazon fire tv usb stick,"Informational, Transactional",51,90,29,0.27,"Video, Video carousel, People also ask, Related searches, Popular products"
amazon fire tv wikipedia,"Navigational, Transactional",37,90,42,0.00,"Sitelinks, Reviews, Video, People also ask, Related searches"
amazon instant video stick,"Informational, Transactional",39,90,41,0.56,"Reviews, Video, People also ask, Related searches"
amazon nordvpn,"Navigational, Transactional",39,90,34,0.09,"People also ask, Related searches"
amazon prime fire tv stick,"Informational, Transactional",45,90,37,0.64,"Reviews, Video, People also ask, Related searches, Popular products"
amazon prime sticks,Transactional,52,90,36,0.40,"Reviews, Video, People also ask, Related searches, Ads top, Ads middle"
amazon silk browser,"Informational, Transactional",50,90,45,0.00,"Reviews, Video, People also ask, Knowledge panel, Related searches"
amazon stick angebot,"Informational, Transactional",34,90,40,0.62,"People also ask, Related searches, Popular products"
amazon stick iptv,"Informational, Transactional",70,90,31,0.00,"Sitelinks, People also ask, Related searches"
amazon tablet günstig,Transactional,34,90,30,0.10,"Sitelinks, Reviews, People also ask, Related searches, Popular products"
best android player for iptv,Commercial,46,90,31,0.00,"Sitelinks, AI Overview, Reviews, Video, Video carousel, People also ask, Related searches"
best iptv player android,Commercial,51,90,41,0.00,"Sitelinks, AI Overview, Reviews, Video, Video carousel, People also ask, Related searches"
best kodi plugins,Commercial,35,90,38,0.00,"Sitelinks, Reviews, Video, Video carousel"
beste ip tv app,Commercial,61,90,17,0.00,"AI Overview, Reviews, Video, People also ask, Related searches"
beste iptv app für apple tv,Commercial,47,90,25,0.00,"Sitelinks, AI Overview, Reviews, Video, Related searches"
beste iptv box android,"Informational, Commercial",53,90,16,0.00,"Video, Video carousel, People also ask, Related searches"
beste kodi addon,Commercial,49,90,12,0.00,"Sitelinks, Video"
beste tv stick,Commercial,36,90,31,0.93,"Sitelinks, Reviews, Video, People also ask, Related searches, Popular products"
besten kodi addons,Commercial,49,90,15,0.00,"Sitelinks, Video, People also ask"
chromecast oder fire tv,Commercial,46,90,19,0.00,"Sitelinks, AI Overview, Video, Video carousel, People also ask, Related searches"
chromecast vs fire tv,Commercial,44,90,18,0.00,"Sitelinks, AI Overview, Video, Video carousel, People also ask, Related searches"
cool kodi addons,Commercial,39,90,18,0.00,"Sitelinks, AI Overview, Reviews, Video, Video carousel"
digitalfernsehen 7 tage news,"Navigational, Transactional",31,90,27,0.00,"People also ask, Related searches"
fernsehen mit receiver,Commercial,39,90,17,0.00,"Reviews, Video, People also ask, Related searches"
fernsehen ohne kabel und schüssel,Commercial,41,90,29,1.02,"Reviews, Video, Video carousel, People also ask, Related searches, Popular products, Ads top, Ads bottom"
fernsehen usb stick,Commercial,42,90,19,0.63,"Sitelinks, Reviews, Video, Video carousel, People also ask, Related searches, Popular products, Ads top"
fernseher mit internetanschluss,Commercial,41,90,23,0.60,"Reviews, Video, People also ask, Related searches, Popular products"
fire amazon box,"Informational, Transactional",0,90,28,0.34,"Video, Video carousel, People also ask, Related searches, Popular products"
fire stick alexa,"Informational, Transactional",40,90,21,0.32,"Reviews, Video, Video carousel, People also ask, Knowledge panel, Related searches"
fire stick hd,"Informational, Commercial",46,90,22,0.50,"Reviews, Video, Video carousel, People also ask, Related searches, Popular products, Ads bottom"
fire stick kaufen,Transactional,41,90,31,0.54,"Video, People also ask, Local pack, Related searches, Popular products, Ads top"
fire tv 1st gen,"Informational, Transactional",48,90,21,0.00,"Reviews, Image pack, Video, Video carousel, People also ask, Related searches, Popular products"
fire tv 3 gen,Commercial,44,90,18,0.00,"Reviews, People also ask, Related searches, Popular products"
fire tv 3 generation,Commercial,50,90,16,0.00,"Sitelinks, Reviews, Video, People also ask, Related searches, Popular products"
fire tv box 2 generation,"Informational, Commercial",50,90,23,0.00,"Reviews, Video, Video carousel, People also ask, Related searches, Popular products"
fire tv stick 4k 1. generation,Commercial,51,90,22,0.00,"Video, People also ask, Related searches, Popular products"
fire tv stick 4k plus vs max,"Informational, Commercial",46,90,21,0.31,"Sitelinks, Reviews, Video, Video carousel, People also ask, Related searches"
fire tv stick 4k ultra,"Informational, Transactional",46,90,20,0.35,"Reviews, Video, People also ask, Related searches, Popular products"
fire tv stick hd vs 4k,Commercial,39,90,15,0.00,"Sitelinks, Reviews, Video, Video carousel, People also ask, Related searches"
fire tv stick testbericht,Commercial,56,90,22,0.36,"Sitelinks, AI Overview, Video, Video carousel, People also ask, Related searches, Ads bottom"
fire tv wikipedia,"Navigational, Transactional",40,90,40,0.00,"Sitelinks, AI Overview, Reviews, Video, People also ask, Related searches"
fire tv with 4k ultra hd,"Informational, Transactional",44,90,25,0.47,"Video, Video carousel, People also ask, Related searches, Popular products"
firetvsticks,"Navigational, Transactional",52,90,30,0.38,"Video, People also ask, Related searches"
fite tb,"Informational, Commercial",35,90,35,0.44,"Reviews, Video, Video carousel, People also ask, Popular products"
flex tv stick,"Informational, Transactional",49,90,26,0.60,"Reviews, Video, Video carousel, People also ask, Related searches, Popular products, Ads bottom"
flixy tv stick bewertung,Commercial,49,90,14,0.13,"Sitelinks, AI Overview, Reviews, Video, People also ask, Related searches"
full hd widescreen,"Informational, Commercial",46,90,30,0.00,"Reviews, Video, People also ask, Related searches, Popular products"
full high definition tv,"Informational, Transactional",46,90,28,0.87,"Video, Video carousel, People also ask, Related searches, Popular products, Ads bottom"
google chromecast vs amazon fire,"Informational, Commercial",41,90,17,0.00,"Sitelinks, AI Overview, Video, Video carousel, Short videos, People also ask, Related searches"
google chromecast vs amazon fire tv,Commercial,41,90,18,0.00,"Sitelinks, AI Overview, Video, Video carousel, Short videos, People also ask, Related searches"
google chromecast vs fire tv,Commercial,41,90,20,0.00,"Sitelinks, Reviews, Video, Video carousel, Short videos, People also ask, Related searches"
hd receiver für kabelfernsehen,Commercial,39,90,22,0.47,"Reviews, Video, Video carousel, People also ask, Related searches, Popular products"
hd reciver,Commercial,35,90,29,0.54,"Video, People also ask, Related searches, Popular products"
hd+ receiver,Commercial,37,90,26,0.60,"Reviews, People also ask, Related searches, Popular products"
hdtv full hd,"Informational, Commercial",46,90,20,0.87,"Video, People also ask, Related searches, Popular products"
hot player apk,Commercial,46,90,34,0.00,"Reviews, People also ask, Related searches"
index m3u,Commercial,36,90,20,0.00,"AI Overview, Video, Video carousel, People also ask, Related searches"
installing an amazon fire stick,"Informational, Transactional",52,90,35,0.44,"Video, Video carousel, Short videos, People also ask, Related searches"
internet fernseher kaufen,Transactional,39,90,28,0.59,"Reviews, Video, People also ask, Related searches, Popular products"
internetanschluss fernseher,"Informational, Commercial",41,90,23,0.96,"AI Overview, Reviews, Video, Video carousel, People also ask, Related searches"
internetanschluss für fernseher,Commercial,38,90,34,0.60,"AI Overview, Reviews, Video, People also ask, Related searches, Ads top, Ads middle"
ip receiver,"Informational, Commercial",38,90,12,0.54,"Video, People also ask, Related searches, Popular products"
ip tv kodu,"Informational, Transactional",47,90,44,0.00,"Reviews, Video, Video carousel, People also ask, Related searches"
ip tv provider,"Informational, Commercial",41,90,31,0.00,"Video, People also ask, Related searches"
ip tv subscription,Commercial,47,90,47,1.27,"Sitelinks, AI Overview, Video, Video carousel, People also ask, Related searches"
iptv activare,"Informational, Transactional",52,90,19,0.00,"Reviews, Video, Video carousel, Related searches"
iptv app lg,Commercial,43,90,16,0.00,"Video, Video carousel, People also ask, Related searches"
iptv box test,Commercial,44,90,17,0.00,"Sitelinks, Reviews, Video, Video carousel, People also ask, Related searches"
iptv for pc,Commercial,61,90,,0.00,"Reviews, Video, Video carousel, Related searches"
iptv gratuits,"Informational, Commercial",49,90,30,0.00,"Reviews, Video, People also ask, Related searches"
iptv linux software,Commercial,49,90,9,0.00,"AI Overview, Reviews, Video, Related searches"
iptv smarters windows,"Informational, Transactional",49,90,34,0.00,"Reviews, Video, Video carousel, People also ask, Related searches"
iptv stick amazon,"Informational, Transactional",63,90,31,0.00,"Sitelinks, Video, People also ask, Related searches, Popular products"
iptv website,Commercial,48,90,38,0.00,"AI Overview, People also ask, Related searches"
iptv windows player,"Informational, Commercial",54,90,22,0.00,"Reviews, Video, Related searches"
kabel hd receiver,Commercial,40,90,22,0.38,"Reviews, Video, Video carousel, People also ask, Related searches, Popular products"
kabelfernsehen receiver,Commercial,39,90,27,0.41,"Reviews, Video, Video carousel, People also ask, Related searches, Popular products"
kodi addon sport,Commercial,38,90,12,0.00,"Sitelinks, Reviews, Video"
kodi adons,Commercial,49,90,11,0.00,"Sitelinks, Reviews, Video, People also ask"
kodi android download,"Informational, Transactional",42,90,41,0.00,"Reviews, People also ask"
kodi best add on,Commercial,33,90,31,0.00,"Sitelinks, Reviews, Video"
kodi download android,Transactional,37,90,46,0.00,"Reviews, People also ask"
kodi iptv addon,Commercial,51,90,15,0.00,"Sitelinks, Reviews, Video"
kodi movies,Commercial,37,90,56,0.00,"Sitelinks, Reviews, Video, People also ask"
kodi repositories,Commercial,41,90,17,0.00,"Reviews, Video"
kodi software for firestick,"Informational, Transactional",50,90,34,0.00,"Sitelinks, Video carousel, People also ask"
kodi tv addons live tv,Commercial,48,90,10,0.00,"Sitelinks, Reviews, Video, Video carousel, People also ask"
kodi tvaddon,Commercial,43,90,8,0.00,"Reviews, Video, Video carousel, People also ask"
m3u downloader,Commercial,36,90,19,0.00,"Sitelinks, Reviews, Video, People also ask, Related searches"
m3u player online,"Informational, Commercial",40,90,41,0.00,"Reviews, Related searches, Ads bottom"
magenta tv stick alternative,Commercial,43,90,21,0.27,"Sitelinks, Reviews, Video, People also ask, Related searches"
moxi player tv stick,"Informational, Commercial",49,90,,0.00,"Sitelinks, Reviews, Video, People also ask, Related searches, Popular products"
netflix sticks,Commercial,49,90,30,0.35,"Reviews, Video, People also ask, Related searches"
nordvpn amazon,"Navigational, Transactional",33,90,34,0.09,"Sitelinks, People also ask, Related searches"
pc iptv,Commercial,61,90,31,0.00,"AI Overview, Reviews, Video, People also ask"
receiver hd kaufen,Transactional,37,90,29,0.33,"Video, People also ask, Related searches"
receiver sky,Transactional,40,90,32,1.73,"Reviews, Image, Video, People also ask, Related searches, Ads bottom"
receiver stream,"Informational, Commercial",37,90,12,0.00,"Reviews, Video, People also ask, Related searches"
recommended kodi addons,Commercial,36,90,37,0.00,"Sitelinks, Reviews, Video, Video carousel, People also ask"
samsung sat receiver,Commercial,40,90,30,0.07,"People also ask, Popular products"
samsung tv and google play,"Informational, Transactional",51,90,33,0.00,"Video, Video carousel, People also ask, Related searches"
sat receiver digital,"Informational, Commercial",40,90,17,0.19,"Video, Video carousel, People also ask, Related searches, Popular products"
sat receiver mit apps,Commercial,41,90,11,0.34,"Sitelinks, Video, People also ask, Related searches, Popular products"
satellite and receiver,"Informational, Commercial",40,90,14,0.15,"Image pack, Video, Related searches, Popular products"
seroip,Commercial,47,90,12,1.05,Video
set box tv,"Informational, Commercial",39,90,17,1.14,"Sitelinks, Reviews, Video, People also ask, Related searches, Popular products"
siptv apk,"Informational, Transactional",49,90,28,0.00,"Reviews, Video, People also ask, Related searches"
sky q receiver bestellen,"Informational, Transactional",48,90,29,1.92,"AI Overview, Reviews, People also ask, Related searches"
smart iptv app kostenlos,"Informational, Commercial",61,90,30,0.00,"AI Overview, Reviews, Video, People also ask, Related searches"
smart iptv download chip,Transactional,61,90,42,0.00,"Video, People also ask, Related searches"
smart iptv eu,"Informational, Transactional",43,90,29,0.00,"AI Overview, Reviews, Video, Video carousel, People also ask, Related searches"
smart iptv kaufen,Transactional,49,90,29,0.00,"Reviews, Video, People also ask, Related searches"
smart iptv player pro,"Informational, Transactional",61,90,39,0.00,"Reviews, Video, Video carousel, People also ask, Related searches"
smart satelliten receiver,"Informational, Commercial",42,90,25,0.16,"Video, Video carousel, People also ask, Related searches, Popular products"
smart tv adapter,Commercial,46,90,26,0.28,"Sitelinks, Video, People also ask, Related searches, Popular products"
smart tv and internet,Commercial,40,90,44,1.15,"Sitelinks, AI Overview, Reviews, Video, Video carousel, People also ask, Related searches"
smart tv box erfahrungen,Commercial,41,90,27,0.00,"Sitelinks, Reviews, Video, Video carousel, People also ask, Related searches"
smarters lite,"Informational, Transactional",33,90,34,0.00,"Reviews, People also ask, Knowledge panel, Related searches"
streaming geraete,"Informational, Commercial",49,90,16,0.94,"Reviews, Video, Video carousel, People also ask, Related searches, Popular products"
tablet amazon kindle,"Informational, Transactional",37,90,36,0.00,"Video, People also ask, Related searches, Popular products"
tablet kindle fire amazon,"Informational, Transactional",46,90,34,0.09,"Sitelinks, People also ask, Related searches, Ads bottom"
test tv stick,Commercial,36,90,33,0.40,"Sitelinks, Reviews, Video, People also ask, Related searches"
test tv sticks,Commercial,49,90,27,0.50,"Sitelinks, Video, Video carousel, People also ask, Related searches"
tivimate 4pda,"Navigational, Transactional",51,90,35,0.00,"Sitelinks, Related searches"
tivimate player,Commercial,48,90,30,0.00,"Reviews, People also ask, Related searches"
tivimax iptv player,Transactional,51,90,28,0.00,"Video, People also ask, Related searches"
tivione iptv,Commercial,51,90,10,0.00,"Reviews, Related searches"
top rated kodi addons,Commercial,36,90,36,0.00,"Sitelinks, Reviews, Video, Video carousel"
tv box 4k,"Informational, Transactional",39,90,29,0.74,"Reviews, Video, Video carousel, People also ask, Related searches, Popular products"
tv box kaufen,Transactional,53,90,22,1.46,"Video, People also ask, Related searches, Popular products"
tv dongle,"Informational, Commercial",45,90,26,0.48,"Video, Video carousel, People also ask, Related searches, Popular products"
tv mit satellit,"Informational, Commercial",46,90,16,0.96,"Reviews, Video, People also ask, Related searches, Popular products"
tv mit satelliten receiver,Commercial,39,90,19,0.21,"Video, People also ask, Related searches, Popular products, Ads middle"
tv receiver integriert,Commercial,45,90,16,0.15,"Reviews, Video, People also ask, Related searches"
tv receiver mit festplatte,Commercial,42,90,18,0.38,"Video, People also ask, Related searches, Popular products"
tv receiver über internet,Commercial,47,90,24,1.20,"Sitelinks, Reviews, Video, People also ask, Related searches, Popular products, Ads top, Ads middle"
tv stick best,Commercial,49,90,29,0.59,"Sitelinks, Reviews, Video, Video carousel, People also ask, Related searches, Popular products, Ads middle"
tv sticks für fernseher,"Informational, Commercial",49,90,27,1.18,"Sitelinks, Reviews, Video, Video carousel, People also ask, Related searches, Popular products"
tv sticks test,Commercial,49,90,28,0.76,"Sitelinks, Video, Video carousel, People also ask, Related searches, Ads bottom"
tv über internet receiver,Commercial,45,90,30,1.20,"Sitelinks, Reviews, Video, People also ask, Related searches, Popular products"
usb stick amazon fire tv,"Informational, Commercial",52,90,27,0.27,"Reviews, Video, Video carousel, People also ask, Related searches, Popular products"
usb stick smart tv,Commercial,41,90,22,0.45,"Video, Video carousel, People also ask, Related searches, Popular products, Ads bottom"
web browser iptv,Commercial,56,90,44,0.00,"Reviews, Video, People also ask, Related searches"
welcher amazon fire tv stick ist der beste,Commercial,51,90,28,0.38,"Sitelinks, AI Overview, Reviews, Video, People also ask, Related searches"
welcher iptv player ist der beste,Commercial,61,90,,0.00,"AI Overview, Reviews, Video, People also ask, Related searches"
what is iptv github,"Navigational, Transactional",47,90,70,0.00,"AI Overview, People also ask, Related searches"
widescreen full hd,Commercial,46,90,,0.00,"Sitelinks, Reviews, Video, People also ask, Related searches"
wlan fernseher kaufen,Transactional,37,90,22,0.29,"Video, People also ask, Related searches, Popular products, Ads bottom"
wlan tv empfänger,Commercial,42,90,19,0.33,"Video, People also ask, Related searches, Popular products, Ads bottom"
4k streaming sticks,"Informational, Commercial",46,70,26,0.61,"Sitelinks, Reviews, Video, Video carousel, People also ask, Related searches, Popular products"
4k ultra hd fire tv,"Informational, Transactional",46,70,24,0.47,"Reviews, Video, People also ask, Related searches, Popular products"
alter philips fernseher,"Informational, Transactional",38,70,23,0.00,"Image pack, People also ask, Popular products"
amazon box tv,Transactional,39,70,35,0.53,"People also ask, Related searches, Popular products"
amazon com kindle fire hd,"Informational, Transactional",43,70,33,0.14,"Sitelinks, Reviews, Video, People also ask, Related searches, Popular products"
amazon fire 4k stick,"Informational, Transactional",46,70,29,0.35,"Reviews, People also ask, Related searches, Popular products"
amazon fire box,"Informational, Transactional",40,70,30,0.22,"Reviews, People also ask, Related searches, Popular products"
amazon fire max 11 tablet,"Informational, Transactional",38,70,30,0.30,"Reviews, Video, People also ask, Related searches, Popular products"
amazon fire stick hdmi,"Informational, Transactional",46,70,25,0.43,"Reviews, Video, People also ask, Related searches, Popular products"
amazon fire tablet 7,"Informational, Transactional",42,70,29,0.20,"Reviews, Video, People also ask, Related searches, Popular products"
amazon fire tablet 8,"Informational, Transactional",43,70,34,0.19,"Sitelinks, Reviews, Video, People also ask, Related searches, Popular products"
amazon fire tv cube 4 generation,"Informational, Transactional",46,70,18,0.50,"Video, Video carousel, People also ask, Related searches, Ads bottom"
amazon fire tv stick 4k 3 generation,"Informational, Transactional",45,70,30,0.63,"Sitelinks, People also ask, Related searches, Popular products"
amazon fire tv stick usb,"Informational, Transactional",53,70,31,0.27,"Video, People also ask, Related searches, Popular products"
amazon fire tv stick welche sender,Commercial,54,70,12,0.92,"Sitelinks, AI Overview, Video, Video carousel, People also ask, Related searches, Ads middle"
amazon firestick 4k,"Informational, Transactional",44,70,30,0.35,"Reviews, People also ask, Related searches, Popular products"
amazon kindle stick,"Informational, Transactional",32,70,37,0.70,"Reviews, People also ask, Popular products"
amazon televisions,"Informational, Transactional",33,70,32,0.40,"People also ask, Related searches, Popular products"
amazone tv stick 4k,"Informational, Transactional",46,70,34,0.62,"Reviews, Short videos, People also ask, Related searches, Popular products"
amazonstick,"Informational, Transactional",35,70,39,0.41,"Reviews, Video, People also ask, Related searches, Popular products, Ads top, Ads bottom"
anbieter fernsehen über internet,Commercial,57,70,41,1.82,"AI Overview, Reviews, Video, People also ask, Related searches, Ads top, Ads middle"
android hdmi stick,"Informational, Commercial",36,70,23,0.33,"Video, Video carousel, People also ask, Related searches, Popular products"
android tv sticks,"Informational, Commercial",49,70,35,0.45,"Sitelinks, Video, Video carousel, People also ask, Related searches, Popular products"
aplle tv box,"Navigational, Transactional",53,70,49,0.30,"Sitelinks, Video, People also ask, Related searches, Popular products"
apple tv vs amazon fire,"Informational, Commercial",38,70,14,0.00,"Sitelinks, AI Overview, Video, Video carousel, People also ask, Related searches"
best iptv player for android,Commercial,50,70,47,0.00,"Sitelinks, AI Overview, Reviews, Video, Video carousel, People also ask, Related searches"
best iptv providers,"Informational, Commercial",46,70,49,0.00,"Featured snippet, Sitelinks, Video, Video carousel, People also ask, Related searches"
bobres iptv,Transactional,49,70,0,0.00,"People also ask, Related searches"
box internet tv,Commercial,43,70,16,1.90,"Reviews, Video, People also ask, Related searches, Popular products"
chromecast amazon fire stick,Commercial,43,70,28,0.35,"Sitelinks, Reviews, Video, People also ask, Related searches, Popular products"
deutsche iptv,"Informational, Commercial",57,70,20,0.00,"AI Overview, Video, Related searches"
die besten tv sticks,Commercial,49,70,26,0.54,"Sitelinks, Reviews, Video, Video carousel, People also ask, Related searches, Popular products, Ads bottom"
ebay fire tv stick,"Navigational, Transactional",51,70,29,0.62,"Image, Video, People also ask, Related searches, Popular products"
fernseh kabelanbieter,Commercial,35,70,38,1.37,"AI Overview, Reviews, Video, People also ask, Related searches, Ads top, Ads middle"
fernseh über internet anbieter,"Informational, Commercial",57,70,35,1.82,"AI Overview, Reviews, Video, People also ask, Related searches, Ads top, Ads middle"
fernsehanbieter kabel,Commercial,37,70,33,1.25,"Reviews, Video, People also ask, Related searches"
fernseher satellit kabel,Commercial,46,70,12,0.17,"Image pack, Video, Video carousel, People also ask, Related searches, Popular products"
fire stick 4k vs 4k max,Commercial,46,70,20,0.00,"Sitelinks, Video, Video carousel, People also ask, Related searches"
fire tv 4k uhd,Transactional,47,70,21,0.47,"Reviews, Video, Video carousel, People also ask, Related searches, Popular products"
fire tv ersatzfernbedienung,"Informational, Commercial",50,70,21,0.15,"Image pack, People also ask, Related searches, Popular products"
fire tv stick 2. generation,Commercial,51,70,29,0.32,"Reviews, Video, People also ask, Related searches, Popular products"
fire tv stick 4k 3rd generation,Commercial,44,70,22,0.37,"Sitelinks, Reviews, Video, Video carousel, People also ask, Related searches, Popular products"
fire tv stick 4k max nachfolger,Commercial,40,70,22,0.29,"Sitelinks, Reviews, Video, People also ask, Related searches"
fire tv stick 4k uhd,"Informational, Transactional",44,70,24,0.35,"Reviews, Video, Video carousel, People also ask, Related searches, Popular products"
fire tv stick crack iptv,"Informational, Transactional",62,70,30,0.00,"Sitelinks, AI Overview, Video, Video carousel, People also ask, Related searches"
fire tv stick cracked,"Informational, Transactional",51,70,27,0.00,"Sitelinks, Video, Video carousel, People also ask, Related searches"
fire tv vs google chromecast,Commercial,45,70,10,0.00,"Sitelinks, AI Overview, Reviews, Video, Video carousel, People also ask, Related searches"
firetv4k,Commercial,46,70,27,0.22,"Video, Video carousel, People also ask, Related searches"
hd receiver für fernseher,Commercial,46,70,30,0.45,"Video, People also ask, Related searches, Popular products"
hd receiver mit festplatte,"Informational, Commercial",40,70,12,0.08,"Video, People also ask, Related searches"
hd reciever,Commercial,37,70,23,0.54,"Video, Video carousel, People also ask, Related searches, Popular products, Ads bottom"
installer kodi,"Informational, Transactional",42,70,24,0.00,"Reviews, Video, Video carousel, People also ask"
internet fernsehen receiver,Commercial,46,70,17,1.75,"Sitelinks, Reviews, Video, People also ask, Related searches, Popular products, Ads bottom"
internet receiver für tv,Commercial,45,70,17,1.20,"Sitelinks, Reviews, Video, People also ask, Related searches, Popular products"
internet tv receiver wlan,Commercial,45,70,22,1.24,"Sitelinks, Video, People also ask, Related searches, Popular products"
ip tv app fire tv,"Informational, Commercial",78,70,27,0.00,"Sitelinks, AI Overview, Video, Video carousel, People also ask, Related searches"
ip tv für fire tv stick,"Informational, Commercial",78,70,11,0.00,"Sitelinks, AI Overview, Video, Video carousel, People also ask, Related searches"
ip tv germany,"Informational, Commercial",43,70,16,0.88,"AI Overview, Video, People also ask, Related searches"
ip tv pro,"Informational, Transactional",48,70,36,0.94,"Reviews, Video, Video carousel, People also ask, Related searches"
iptv android tv box,"Informational, Commercial",50,70,22,0.00,"Reviews, Video, Video carousel, People also ask, Related searches, Popular products"
iptv app pc,Commercial,59,70,36,0.00,"Reviews, Video, People also ask, Related searches"
iptv free trail,"Informational, Commercial",48,70,0,0.00,"Sitelinks, Video, Video carousel, Related searches"
iptv m3u kaufen,Commercial,47,70,14,0.00,"AI Overview, Related searches"
iptv player linux,"Informational, Commercial",51,70,12,0.00,"AI Overview, Reviews, Video, Related searches"
iptv playlist kaufen,Commercial,49,70,8,0.00,"Video, Related searches"
iptv playlist reddit,"Navigational, Transactional",48,70,34,0.00,Related searches
iptv smart player windows,Transactional,50,70,40,0.00,"Reviews, Video, Video carousel, People also ask, Related searches"
iptv smarters pro مهكر,Commercial,60,70,7,0.00,
iptv windows download,"Informational, Commercial",51,70,44,0.00,"Video, Related searches"
iptvsmater,"Informational, Transactional",43,70,40,0.83,"Reviews, Video, People also ask, Related searches"
iptvus,Commercial,41,70,42,1.20,"Reviews, People also ask"
kabel receiver hd,Commercial,38,70,15,0.50,"Reviews, Video, Video carousel, People also ask, Related searches, Popular products"
kabel receiver mit smart tv funktion,Commercial,42,70,18,0.32,"Sitelinks, Reviews, Video, People also ask, Related searches, Popular products"
kaufeniptv,Commercial,49,70,2,0.89,"Video, People also ask, Ads top, Ads middle"
kindle fire hd 11,"Informational, Transactional",40,70,19,0.20,"Reviews, Image, Image pack, Video, Video carousel, People also ask, Related searches, Popular products"
kodi addons 2025,Commercial,49,70,,0.37,"Sitelinks, Video, Video carousel, People also ask"
kodi best addons,Commercial,35,70,25,0.00,"Sitelinks, Reviews, Video"
kodi beste addons,Commercial,49,70,13,0.00,"Sitelinks, Reviews, Video, People also ask"
kodi live tv addon,Commercial,50,70,6,0.00,"Sitelinks, Video, People also ask"
lan kabel fernseher,Commercial,38,70,19,0.08,"Sitelinks, Reviews, Video, People also ask, Related searches, Popular products"
m3u playlisten,Commercial,40,70,24,0.75,"Reviews, People also ask, Related searches"
receiver für hd empfang,Commercial,39,70,27,0.19,"Video, Video carousel, People also ask, Related searches, Popular products, Ads top, Ads middle"
receiver für internetfernsehen,Commercial,44,70,20,1.75,"Reviews, Video, People also ask, Related searches, Popular products"
receiver für sat schüssel,Commercial,37,70,23,0.12,"Video, People also ask, Related searches, Popular products"
receiver internet fernsehen,Commercial,46,70,18,1.75,"Sitelinks, Reviews, Video, People also ask, Related searches, Popular products"
receiver tv kabel,Commercial,37,70,18,0.39,"Reviews, Video, Video carousel, People also ask, Related searches, Popular products"
receiver ultra hd,Commercial,39,70,13,0.67,"Reviews, Video, People also ask, Related searches, Popular products"
sat receiver günstig,Commercial,39,70,16,0.18,"Video carousel, People also ask, Related searches, Popular products"
sat receiver mediathek,Commercial,38,70,21,0.12,"People also ask, Related searches"
sat receiver mit mediathek,Commercial,39,70,18,0.12,"People also ask, Related searches"
sat resiver,Commercial,32,70,23,0.15,"Video, Video carousel, People also ask, Related searches, Popular products"
satelliten hd,Commercial,46,70,,0.94,"AI Overview, Reviews, Video, People also ask, Related searches, Ads bottom, Ads middle"
senderliste o2 tv,Commercial,49,70,22,0.56,"AI Overview, Reviews, Video, People also ask, Related searches, Ads top, Ads bottom"
sky q box kaufen,Transactional,48,70,,0.53,"Reviews, Image, People also ask, Related searches, Popular products"
sky q mini receiver,"Informational, Transactional",39,70,29,1.13,"Reviews, Video, People also ask, Related searches, Popular products"
smart tv hdmi stick,"Informational, Commercial",49,70,24,0.52,"Sitelinks, Video, People also ask, Related searches, Popular products"
smart tv nachrüsten,"Informational, Commercial",40,70,27,0.53,"Sitelinks, Video, People also ask, Related searches, Popular products"
smarters pro app,"Informational, Commercial",60,70,38,0.42,"AI Overview, Reviews, Video, Video carousel, People also ask, Related searches"
streaming gerät,Commercial,43,70,28,0.63,"Sitelinks, Video, People also ask, Related searches, Popular products, Ads top, Ads middle"
streaming geräte für tv,Commercial,43,70,30,0.85,"Video, Video carousel, People also ask, Related searches"
streaming stick für tv,Commercial,49,70,,0.58,"Sitelinks, Reviews, Video, Video carousel, People also ask, Related searches, Popular products"
streaming stick hdmi,"Informational, Commercial",49,70,26,0.48,"Video, People also ask, Related searches, Popular products"
streaming sticks test,Commercial,49,70,28,0.36,"Sitelinks, Reviews, Video, People also ask, Related searches"
streaming tv stick,Commercial,49,70,28,0.81,"Sitelinks, Reviews, Video, People also ask, Related searches, Popular products, Ads top, Ads middle"
tv amazon stick,"Informational, Transactional",40,70,38,0.63,"Reviews, Video, People also ask, Related searches, Popular products, Ads top, Ads middle"
tv fire stick amazon,Transactional,47,70,41,0.41,"Reviews, Video, People also ask, Related searches"
tv ohne kabel und satellit,Commercial,40,70,27,1.03,"Reviews, Video, Video carousel, People also ask, Related searches, Popular products, Ads top, Ads bottom"
tv ohne kabelanschluss,Commercial,41,70,21,1.50,"Reviews, Video, Video carousel, People also ask, Related searches, Ads top, Ads bottom"
tv receiver wlan,Commercial,42,70,23,0.88,"Sitelinks, Video, People also ask, Related searches, Popular products"
uplptv,Commercial,46,70,12,1.45,"People also ask, Related searches"
webplayer live tv,Commercial,51,70,26,1.58,"Video, People also ask, Related searches"
welcher ist der beste fire tv stick,"Informational, Commercial",51,70,37,0.32,"Featured snippet, Sitelinks, Reviews, Video, Video carousel, People also ask, Related searches"
welcher ist der beste tv stick,Commercial,49,70,27,0.65,"Sitelinks, Reviews, Video, Video carousel, People also ask, Related searches, Popular products"
wlan receiver tv,Commercial,40,70,23,0.75,"Video, People also ask, Related searches, Popular products"
xc iptv player,"Informational, Commercial",44,70,29,0.51,"AI Overview, Reviews, People also ask, Related searches"
