Keyword,Intent,Relevance,Volume,Keyword Difficulty,CPC (USD),SERP Features
rtl plus,"Navigational, Commercial",40,1000000,69,0.21,"Sitelinks, Reviews, Video, Video carousel, People also ask, Top stories, Related searches, Ads top, Ads bottom"
rtl live,"Navigational, Transactional",33,450000,64,0.47,"Reviews, Video, People also ask, Related searches"
netflix filme,Transactional,35,74000,57,0.25,"Video, People also ask, Related searches"
jbl partybox,Transactional,43,60500,36,0.34,"People also ask, Related searches, Popular products, Ads top"
netflix kosten,"Informational, Transactional",47,60500,54,0.93,"AI Overview, Reviews, Video, People also ask, Related searches"
netflix neue filme,"Informational, Transactional",31,27100,48,0.19,"Video, People also ask, Related searches"
samsung fernseher,Commercial,39,27100,48,0.33,"Image, People also ask, Related searches, Popular products, Ads top"
rtl live stream kostenlos ohne anmeldung,Transactional,33,22200,48,1.14,"AI Overview, Reviews, Video, Related searches"
samsung tv,"Informational, Transactional",40,22200,49,0.38,"People also ask, Related searches, Popular products, Ads top"
rtl live fußball,"Navigational, Transactional",36,18100,53,0.64,"Reviews, Video, People also ask, Related searches"
kostenlos fernsehen,Commercial,38,14800,57,0.64,"Reviews, Video, Related searches"
netflix abos,"Informational, Transactional",46,14800,63,1.63,"AI Overview, Reviews, Image pack, Video, People also ask, Related searches"
netflix preise,Transactional,43,14800,56,1.38,"AI Overview, Reviews, Video, People also ask, Related searches"
neu bei netflix,"Informational, Transactional",36,14800,53,0.66,"Video, People also ask, Related searches"
skygo,Transactional,35,14800,49,0.64,"AI Overview, Reviews, Video, People also ask, Related searches, Ads top"
telekom angebote,Transactional,34,12100,53,0.86,"Reviews, Video, People also ask, Related searches"
filme netflix,"Informational, Commercial",33,9900,51,0.06,"Short videos, People also ask, Top stories, Related searches"
netflix abo kosten,"Informational, Transactional",46,9900,55,1.21,"AI Overview, Reviews, Video, People also ask, Related searches"
sky abo,Transactional,34,9900,48,1.77,"Reviews, Video, People also ask, Related searches, Ads top, Ads bottom"
free tv,Commercial,41,8100,61,0.67,"Reviews, Video, People also ask, Related searches"
jbl partybox 710,Commercial,45,8100,33,0.51,"Reviews, Video, Short videos, People also ask, Knowledge panel, Related searches"
partybox,Commercial,45,8100,36,0.24,"Sitelinks, Video, People also ask, Related searches, Popular products"
programe tv online,Commercial,34,8100,52,0.99,"Reviews, Video, Related searches"
rtl program,"Informational, Transactional",32,8100,74,0.60,"Video, People also ask, Related searches"
sky receiver,"Informational, Transactional",49,8100,39,1.97,"Reviews, Image, Video, People also ask, Related searches, Popular products"
samsung fernseher 55 zoll,Commercial,45,6600,33,0.22,"Image, People also ask, Related searches, Popular products"
super rtl live,Commercial,35,6600,38,0.77,"Reviews, Video, People also ask, Related searches"
tv kostenlos,Commercial,40,6600,53,0.87,"AI Overview, Reviews, Video, People also ask, Related searches"
tv live,Commercial,36,6600,76,0.57,"Reviews, Video, Related searches"
kosten netflix,"Informational, Transactional",43,5400,54,0.93,"AI Overview, Reviews, Video, People also ask, Related searches"
kostenlos rtl live,Transactional,33,5400,46,1.05,"Reviews, Video, People also ask, Related searches"
netflix deutschland,"Navigational, Transactional",39,5400,82,1.46,"Sitelinks, Reviews, Video, People also ask, Related searches"
netflix film,Transactional,30,5400,52,0.25,"Video, People also ask, Related searches"
netflix.comnetflix.com,"Navigational, Transactional",35,5400,100,1.47,"AI Overview, Reviews, Video, People also ask"
q sky tv,"Navigational, Transactional",41,5400,37,1.44,"AI Overview, Reviews, Video, People also ask, Related searches"
samsung smart television,"Informational, Transactional",44,5400,42,0.23,"People also ask, Related searches, Popular products"
tv live stream,Commercial,40,5400,87,0.77,"Reviews, Video, People also ask, Related searches"
waipu tv box,"Navigational, Transactional",49,5400,47,0.08,"Image, People also ask, Related searches, Popular products"
wow sport,Commercial,34,5400,44,1.11,"AI Overview, Reviews, Video, People also ask, Related searches"
2ix2 rtl,"Navigational, Transactional",33,4400,46,0.67,Related searches
de netflix,"Informational, Transactional",39,4400,78,1.87,"AI Overview, Reviews, Video, People also ask, Related searches"
fernsehen kostenlos,Commercial,38,4400,45,0.64,"AI Overview, Reviews, Video, Related searches"
fritzbox 6660,"Informational, Transactional",44,4400,29,1.99,"Reviews, Video, People also ask, Knowledge panel, Related searches"
netflix abo preise,Transactional,45,4400,58,1.10,"AI Overview, Reviews, Video, People also ask, Related searches, Ads bottom"
netflix angebote preise für neukunden,Transactional,43,4400,47,1.00,"AI Overview, Reviews, Video, People also ask, Related searches, Ads top"
neue filme auf netflix,"Informational, Transactional",34,4400,51,0.04,"Video, People also ask, Related searches"
rtl live schauen,Transactional,35,4400,50,0.76,"Sitelinks, Reviews, Video, People also ask, Related searches"
rtl sendung verpasst,Transactional,31,4400,54,0.27,"Reviews, Video, People also ask, Related searches, Ads bottom"
rtl up live,Transactional,38,4400,49,0.65,"Reviews, Video, People also ask, Related searches"
samsung 55 zoll fernseher,Commercial,47,4400,32,0.21,"People also ask, Related searches, Popular products"
samsung smart televizor,"Informational, Transactional",43,4400,41,0.23,"Reviews, People also ask, Related searches, Popular products"
samsung tv 55 zoll,Commercial,43,4400,32,0.26,"People also ask, Related searches, Popular products"
sendung verpasst rtl,Transactional,31,4400,51,0.27,"Video, People also ask, Related searches"
television android tv,"Informational, Transactional",42,4400,23,0.32,"Reviews, Video, People also ask, Knowledge panel, Related searches, Popular products"
tv online gratis,Commercial,39,4400,63,0.70,"AI Overview, Reviews, Video, People also ask, Related searches"
dvb t2 antenne,"Informational, Commercial",40,3600,28,0.17,"Reviews, Video, People also ask, Related searches, Popular products"
fritz box 6690 cable,"Informational, Transactional",47,3600,34,1.00,"Reviews, Image pack, Video, People also ask, Related searches, Popular products, Ads bottom"
jbl party box,"Informational, Transactional",48,3600,30,0.34,"Reviews, Video, People also ask, Related searches, Popular products"
joyn tv kostenlos ohne anmeldung,Transactional,37,3600,62,0.34,"AI Overview, Reviews, Video, People also ask, Related searches"
kostenlos live tv,Commercial,37,3600,56,0.61,"Reviews, Image, Video, People also ask, Top stories, Related searches"
netflix standard abo,"Informational, Transactional",44,3600,53,2.09,"AI Overview, Reviews, Video, People also ask, Related searches"
netflix-abo,Commercial,45,3600,57,1.63,"AI Overview, Reviews, Video, People also ask, Related searches"
rtl aktuell live,"Informational, Transactional",32,3600,58,0.51,"Reviews, Video, People also ask, Top stories, Related searches"
rtl live fußball kostenlos,Transactional,33,3600,50,0.58,"Sitelinks, Reviews, Video, People also ask, Related searches"
rtl stream live,Transactional,35,3600,49,0.79,"Reviews, Video, People also ask, Related searches"
rtl2 live stream kostenlos,Transactional,34,3600,31,1.00,"Reviews, Image, Video, People also ask, Related searches"
rtl2 livestream,Commercial,37,3600,44,0.83,"Reviews, Video, People also ask, Related searches"
sky preise,Transactional,39,3600,54,0.53,"AI Overview, Reviews, Video, People also ask, Related searches, Ads top, Ads bottom"
apple tv 4k 2025,"Informational, Transactional",35,2900,40,0.25,"Video, People also ask, Related searches, Popular products"
dvb t welche antenne,"Informational, Commercial",39,2900,30,0.27,"Reviews, People also ask, Related searches, Popular products"
fernseher samsung,Transactional,41,2900,42,0.23,"Image, People also ask, Related searches, Popular products"
gratis tv schauen,Commercial,37,2900,52,0.51,"AI Overview, Reviews, Video, Video carousel, People also ask, Related searches"
internet und tv,Commercial,46,2900,38,3.01,"AI Overview, Reviews, Image, Video, People also ask, Related searches"
kleiner fernseher,"Informational, Commercial",45,2900,25,0.16,"Reviews, Image, Video, People also ask, Related searches, Popular products"
live stream rtl2,Commercial,35,2900,35,0.83,"Video, People also ask, Related searches"
netflix-abo-preise,Transactional,45,2900,53,1.10,"AI Overview, Reviews, People also ask, Related searches"
party box,Commercial,42,2900,28,0.24,"Video, Video carousel, People also ask, Related searches, Popular products"
roku tv,"Navigational, Transactional",47,2900,39,0.54,"Sitelinks, Reviews, Video, People also ask, Related searches"
rtl + kosten,"Informational, Transactional",39,2900,51,0.78,"AI Overview, Reviews, Video, People also ask, Related searches, Ads top"
rtl login,"Navigational, Transactional",33,2900,41,0.30,"Video, People also ask, Related searches"
rtl plus kostenlos ohne anmeldung,"Navigational, Transactional",31,2900,51,0.20,"Sitelinks, AI Overview, Reviews, Video, Video carousel, People also ask, Related searches"
rtl plus programm,Commercial,36,2900,50,0.11,"AI Overview, Reviews, Video, People also ask, Related searches"
sky neukunden angebote,"Informational, Transactional",37,2900,41,0.71,"Sitelinks, Reviews, Video, People also ask, Related searches"
telekom speedbox,"Informational, Transactional",44,2900,37,1.26,"Reviews, Video, People also ask, Knowledge panel, Related searches"
telekom tv,"Navigational, Transactional",36,2900,45,3.00,"Sitelinks, Reviews, Image, Video, People also ask, Related searches, Ads top, Ads bottom"
apple fernseher,"Informational, Transactional",39,2400,49,0.20,"Reviews, Image pack, Video, People also ask, Related searches, Popular products"
dvb t mobil,Commercial,36,2400,26,0.00,"Reviews, Video, People also ask, Related searches, Popular products"
fernsehen live,Commercial,37,2400,78,0.54,"Reviews, Video, Related searches"
fernseher 32 zoll samsung smart tv,Commercial,43,2400,26,0.19,"People also ask, Related searches, Popular products"
fritzbox vodafone,"Informational, Transactional",47,2400,50,2.61,"Reviews, Video, People also ask, Related searches, Popular products, Ads top"
iptv german,Commercial,47,2400,37,1.10,"AI Overview, People also ask, Related searches"
jbl 120,"Informational, Transactional",43,2400,32,0.43,"Reviews, Image pack, Video, Video carousel, People also ask, Related searches, Popular products"
lnb kaufen,Transactional,44,2400,17,0.17,"Reviews, Video, People also ask, Related searches, Popular products"
netflix subscription,"Navigational, Transactional",40,2400,76,1.38,"Reviews, Video, People also ask, Related searches"
programm auf sky,Commercial,38,2400,30,1.20,"Reviews, Video, People also ask, Related searches"
receiver für telekom,"Informational, Transactional",44,2400,26,2.06,"Reviews, Video, People also ask, Related searches, Popular products"
rtl 2 live stream kostenlos,Commercial,38,2400,38,1.23,"Reviews, Video, People also ask, Related searches"
rtl fußball live,"Informational, Transactional",34,2400,48,0.64,"Reviews, Video, People also ask, Related searches"
rtl online,"Navigational, Transactional",33,2400,66,0.71,"Sitelinks, Reviews, Video, People also ask, Related searches"
rtl online live stream,Transactional,36,2400,47,0.72,"Sitelinks, Reviews, Video, People also ask, Related searches, Ads bottom"
rtl tv program,"Informational, Transactional",32,2400,59,0.60,"Video, People also ask, Related searches"
sat1 live stream kostenlos ohne anmeldung,Transactional,34,2400,41,0.33,"Reviews, Video, People also ask, Related searches, Ads bottom"
satellite receiver hd,"Informational, Commercial",53,2400,21,0.16,"Video, Video carousel, People also ask, Related searches, Popular products"
technisat receiver,"Navigational, Commercial",46,2400,25,0.17,"Sitelinks, Video, People also ask, Related searches, Popular products, Ads top"
telekom fernsehen,"Navigational, Transactional",36,2400,47,2.61,"Sitelinks, Reviews, Video, People also ask, Related searches"
telekom receiver,"Navigational, Transactional",50,2400,29,2.06,"Reviews, Video, Video carousel, People also ask, Related searches, Popular products"
tv samsung,"Informational, Transactional",42,2400,43,0.29,"People also ask, Related searches, Popular products"
vodafone fritzbox,"Informational, Transactional",45,2400,50,2.61,"Reviews, Video, People also ask, Related searches"
antenne für dvb-t,Commercial,40,1900,23,0.26,"Video, People also ask, Related searches, Popular products"
apple plus,"Navigational, Transactional",38,1900,61,0.94,"Sitelinks, Reviews, Video, Video carousel, People also ask, Related searches"
apple tv in the box,"Informational, Transactional",48,1900,50,0.37,"Reviews, Video, Video carousel, People also ask, Related searches, Popular products"
box android tv box,"Informational, Transactional",56,1900,25,0.35,"Reviews, Video, Video carousel, People also ask, Related searches"
dreambox,"Informational, Transactional",51,1900,24,0.86,"People also ask, Related searches, Popular products"
dreambox dreambox,"Informational, Transactional",47,1900,25,0.95,"Image pack, People also ask, Knowledge panel, Related searches, Popular products"
dvb receiver t2,Commercial,45,1900,25,0.23,"People also ask, Related searches, Popular products"
dvb t antenne,"Informational, Commercial",38,1900,25,0.26,"Image pack, Video, People also ask, Related searches, Popular products"
dvbt2 receiver,"Informational, Commercial",51,1900,30,0.29,"Video, Video carousel, People also ask, Related searches, Popular products, Ads bottom"
fernseher 24 zoll,Commercial,48,1900,27,0.00,"Sitelinks, Video, People also ask, Related searches, Popular products"
fritzbox kabelrouter,Commercial,48,1900,32,0.83,"Reviews, Video carousel, People also ask, Related searches, Popular products, Ads top"
iptv deutschland,"Informational, Commercial",49,1900,36,1.35,"AI Overview, Video, People also ask, Related searches"
iptv germany,Commercial,53,1900,25,1.44,"AI Overview, Video, People also ask, Related searches"
jbl 710 partybox,Commercial,46,1900,26,0.42,"Reviews, Video, People also ask, Related searches, Popular products, Ads bottom"
kabel 1 live stream kostenlos,Transactional,36,1900,35,0.40,"Reviews, Video, People also ask, Related searches"
kabel receiver,Commercial,52,1900,29,0.52,"Reviews, Image pack, Video, People also ask, Related searches, Popular products"
kostenlos fernsehen schauen,Commercial,37,1900,37,0.52,"Reviews, Video, People also ask, Related searches, Ads bottom"
kostenlos rtl schauen,Commercial,35,1900,47,1.18,"AI Overview, Reviews, Video, People also ask, Related searches"
magenta tv live,Commercial,37,1900,58,1.88,"Video, People also ask, Related searches, Ads top"
netflix jahresabo,"Informational, Transactional",44,1900,55,1.24,"AI Overview, Reviews, Related searches"
netflix preis,Transactional,43,1900,57,1.38,"AI Overview, Reviews, Video, People also ask, Related searches"
partybox jbl,Transactional,46,1900,33,0.24,"People also ask, Related searches, Popular products"
preise netflix,"Navigational, Transactional",43,1900,56,1.12,"AI Overview, Reviews, Video, People also ask, Related searches"
rtl app,Commercial,35,1900,48,0.45,"AI Overview, Reviews, Video, People also ask, Related searches, Ads bottom, Ads middle"
rtl live fussball,"Informational, Transactional",35,1900,51,0.78,"Video, People also ask, Related searches"
rtl live stream kostenlos ohne anmeldung 2ix2,"Navigational, Transactional",32,1900,37,0.00,"Reviews, Video, People also ask, Related searches"
rtl plus live,"Navigational, Transactional",41,1900,72,0.33,"Reviews, Video, People also ask, Related searches"
rtl plus pakete,"Informational, Transactional",45,1900,47,2.10,"AI Overview, Reviews, Video, People also ask, Related searches, Ads top, Ads bottom"
rtlup live stream kostenlos ohne anmeldung,"Navigational, Transactional",34,1900,26,0.93,"Sitelinks, Video, People also ask, Related searches"
samsung 32 zoll smart tv,Commercial,43,1900,30,0.19,"Image, Video, Related searches, Popular products"
samsung 55 zoll,Commercial,46,1900,30,0.29,"People also ask, Related searches, Popular products"
samsung fernseher 43 zoll,Commercial,42,1900,31,0.22,"People also ask, Related searches, Popular products"
set top box set top box,"Informational, Commercial",54,1900,17,0.74,"Sitelinks, Reviews, Video, People also ask, Related searches, Popular products"
sky entertainment,"Informational, Transactional",40,1900,45,1.90,"AI Overview, Reviews, Video, People also ask, Related searches"
sky streaming,Commercial,43,1900,50,3.05,"AI Overview, Reviews, Video, People also ask, Related searches, Ads top, Ads bottom"
tv 32 zoll,Commercial,40,1900,27,0.14,"Sitelinks, Video, Video carousel, People also ask, Related searches"
tv for android box,Commercial,54,1900,43,0.34,"Video, People also ask, Related searches, Popular products"
tv online kostenlos,Commercial,38,1900,50,1.07,"Reviews, Video, People also ask, Related searches"
tv und internet telekom,"Navigational, Transactional",45,1900,48,1.71,"Reviews, Video, Related searches"
xiaomi fernseher,"Informational, Transactional",48,1900,34,0.12,"Reviews, People also ask, Related searches, Popular products"
55 zoll fernseher samsung,Transactional,47,1600,34,0.25,"Video, Video carousel, People also ask, Related searches, Popular products"
android television,"Informational, Transactional",41,1600,45,0.32,"Sitelinks, Reviews, Video, People also ask, Knowledge panel, Related searches"
angebote sky,Transactional,39,1600,40,0.64,"Reviews, Image, Video, People also ask, Related searches"
antennenverstärker,Commercial,37,1600,24,0.11,"Image, Video, People also ask, Knowledge panel, Related searches, Popular products, Ads bottom"
apple tv app,Transactional,36,1600,50,0.98,"Reviews, Video, People also ask, Related searches"
apple tv probeabo,"Informational, Transactional",38,1600,42,0.96,"Reviews, Video, People also ask"
apple tv stick,"Informational, Transactional",44,1600,55,0.33,"Reviews, Video, People also ask, Related searches"
best streaming services,Commercial,49,1600,74,2.34,"Sitelinks, AI Overview, Reviews, Video, Video carousel, People also ask, Related searches"
fernsehen kostenlos schauen,Commercial,37,1600,46,0.52,"AI Overview, Reviews, Video, People also ask, Related searches"
fernsehen rtl,Commercial,36,1600,63,0.49,"Video, People also ask, Top stories, Related searches"
fernseher 50 zoll angebote,Commercial,44,1600,25,0.22,"Video, People also ask, Related searches, Popular products, Ads top, Ads bottom"
fernseher 55 zoll samsung,Commercial,43,1600,32,0.25,"People also ask, Related searches, Popular products"
free tv deutsch,Commercial,39,1600,50,0.62,"Reviews, Video, People also ask, Related searches"
german iptv,Commercial,47,1600,19,0.87,"Video, People also ask, Related searches"
hd karte kaufen,Transactional,45,1600,40,0.59,"Video, People also ask, Related searches, Popular products"
internet tv kostenlos,"Informational, Commercial",47,1600,57,0.65,"AI Overview, Reviews, Video, People also ask, Related searches, Ads bottom, Ads middle"
jbl club 120,"Informational, Transactional",39,1600,34,0.42,"Reviews, Image pack, Video, Video carousel, People also ask, Knowledge panel, Related searches, Ads middle"
kostenlos tv gucken,Commercial,36,1600,43,1.01,"Reviews, Video, People also ask, Related searches"
live tv vox,Commercial,37,1600,43,0.55,"AI Overview, Reviews, Video, People also ask, Related searches, Ads bottom"
livestream kostenlos rtl,"Navigational, Transactional",33,1600,53,1.04,"Sitelinks, Reviews, Video, People also ask, Related searches"
mediathek rtl live,"Navigational, Transactional",38,1600,63,0.30,"Sitelinks, AI Overview, Reviews, Video, People also ask, Related searches"
mi box tv box,"Informational, Transactional",55,1600,34,0.16,"Reviews, Video, Video carousel, People also ask, Related searches, Popular products"
netflix germany,"Navigational, Transactional",36,1600,65,1.53,"Sitelinks, Reviews, Video, People also ask, Related searches"
netflix testen,"Informational, Transactional",40,1600,50,1.43,"Reviews, Video, People also ask, Related searches"
netflixfilme,Transactional,34,1600,34,0.25,"Video, People also ask, Related searches"
receiver kaufen,Transactional,45,1600,32,0.57,"Video, People also ask, Local pack, Related searches"
receiver von der telekom,"Informational, Transactional",46,1600,25,1.64,"Reviews, Video, Video carousel, People also ask, Related searches"
rtl free live streaming,"Navigational, Transactional",34,1600,42,0.96,"Reviews, Video, People also ask, Related searches"
rtl jetzt live,"Navigational, Transactional",35,1600,74,0.62,"Reviews, Video, People also ask, Related searches"
rtl live kostenlos ohne anmeldung,"Navigational, Transactional",32,1600,42,1.18,"Video, People also ask, Related searches"
rtl live streaming,"Navigational, Transactional",37,1600,40,0.63,"Sitelinks, Reviews, Video, People also ask, Related searches"
rtl live television,"Navigational, Transactional",38,1600,67,0.65,"Sitelinks, Reviews, Video, People also ask, Related searches"
rtl livestream free,Transactional,34,1600,51,1.05,"Reviews, Video, People also ask, Related searches"
rtl livestream jetzt,"Navigational, Transactional",36,1600,60,0.62,"Reviews, Video, People also ask, Related searches"
rtl mediathek kostenlos ohne anmeldung,"Navigational, Transactional",35,1600,54,0.21,"AI Overview, Reviews, Video, People also ask, Related searches"
rtl now kostenlos,"Navigational, Transactional",38,1600,53,0.17,"Reviews, Video, People also ask, Related searches"
rtl ohne anmeldung,"Navigational, Transactional",33,1600,37,1.27,"Reviews, Video, People also ask, Related searches"
rtl plus anmelden,"Navigational, Transactional",39,1600,36,0.56,"Sitelinks, Reviews, Video, People also ask, Related searches"
rtl plus free,Transactional,39,1600,55,0.43,"Reviews, Video, People also ask, Related searches"
rtl streaming,"Navigational, Transactional",42,1600,62,0.81,"Reviews, Video, Video carousel, People also ask, Related searches"
rtl tv heute,Commercial,33,1600,36,0.55,"Video, People also ask, Related searches"
rtl2 live stream kostenlos ohne anmeldung,"Navigational, Transactional",32,1600,29,0.65,"Reviews, Video, People also ask, Related searches"
samsung 65 zoll tv,Commercial,47,1600,31,0.38,"People also ask, Related searches, Popular products, Ads bottom"
sky abonnement,Transactional,42,1600,39,1.77,"Reviews, Video, People also ask, Related searches"
sky angebote bestandskunden,Commercial,39,1600,31,0.96,"Reviews, Image, People also ask, Related searches"
sky go plus,"Navigational, Transactional",38,1600,38,1.63,"AI Overview, Reviews, Video, People also ask, Related searches"
sky neukundenangebot,"Informational, Transactional",38,1600,33,0.71,"Reviews, Image, People also ask, Related searches"
sky player login,"Navigational, Transactional",36,1600,49,0.63,"Reviews, People also ask, Related searches"
sky sports abonnement,"Informational, Transactional",40,1600,90,2.38,"AI Overview, Reviews, Video, People also ask, Related searches"
smart ip tv,"Informational, Commercial",48,1600,34,1.22,"Reviews, Image pack, Video, Video carousel, People also ask, Related searches"
speedbox telekom,"Informational, Transactional",44,1600,35,1.29,"Reviews, Video, People also ask, Related searches"
streaming dienste vergleich,Commercial,41,1600,43,1.33,"AI Overview, Reviews, Video, Video carousel, People also ask, Related searches, Ads bottom, Ads middle"
telekom internet und tv,"Navigational, Transactional",42,1600,36,2.15,"Reviews, People also ask, Related searches"
telekom tv und internet,Transactional,42,1600,56,1.71,"Reviews, Video, People also ask, Related searches, Ads top, Ads bottom"
tv receiver,"Informational, Commercial",53,1600,20,1.00,"Image pack, Video, Video carousel, People also ask, Related searches, Popular products"
tv samsung 24 led,Commercial,45,1600,31,0.48,"Reviews, People also ask, Related searches, Popular products, Ads bottom"
tv schauen online,Commercial,45,1600,60,1.52,"Reviews, Video, People also ask, Related searches, Ads top, Ads bottom"
verpasste sendung rtl,"Informational, Transactional",32,1600,50,0.27,"Video, People also ask, Related searches"
wow bundesliga angebot,Commercial,36,1600,46,1.17,"AI Overview, Reviews, Video, People also ask, Related searches, Ads top, Ads bottom"
xiaomi tv box mi box,"Informational, Transactional",52,1600,40,0.16,"Reviews, Image pack, Video, Video carousel, People also ask, Related searches, Popular products, Ads middle"
2x2 rtl,"Navigational, Transactional",33,1300,70,0.84,"Sitelinks, Video, Related searches"
32 zoll tv,Commercial,38,1300,26,0.17,"Sitelinks, Image, Video, People also ask, Related searches, Popular products"
50 zoll fernseher angebote,Commercial,39,1300,25,0.21,"Video, People also ask, Related searches, Popular products"
65 zoll tv samsung,Commercial,47,1300,31,0.35,"Video, Video carousel, People also ask, Related searches, Popular products, Ads top, Ads bottom"
85zoll fernseher,Commercial,50,1300,27,0.30,"Video, People also ask, Related searches"
anbieter fernsehen internet,Commercial,48,1300,37,1.72,"AI Overview, Reviews, Video, People also ask, Related searches"
angebote von sky,Transactional,41,1300,38,0.64,"Sitelinks, Reviews, People also ask, Related searches, Ads top, Ads bottom"
apple box,"Informational, Transactional",46,1300,57,0.19,"Reviews, People also ask, Related searches, Popular products"
apple tv 3rd generation apple,"Informational, Transactional",36,1300,48,0.48,"Reviews, People also ask, Related searches, Popular products, Ads bottom"
apple tv kaufen,Transactional,41,1300,50,0.34,"Sitelinks, People also ask, Popular products"
apple tv tv app,"Navigational, Transactional",35,1300,50,1.13,"AI Overview, Video, People also ask"
apple tv tv box,"Informational, Transactional",50,1300,60,0.37,"Reviews, Video, People also ask, Related searches, Popular products"
beste streaming dienste,Commercial,43,1300,44,1.89,"AI Overview, Reviews, Video, People also ask, Related searches"
bester streaming dienst,Commercial,38,1300,44,1.71,"AI Overview, Reviews, Video, People also ask, Related searches, Ads bottom, Ads middle"
deutsche filme auf netflix,Commercial,30,1300,25,0.00,"People also ask, Related searches"
deutschland iptv,Commercial,47,1300,30,1.35,"AI Overview, Video, People also ask, Related searches"
dvb-t2 antenne,"Informational, Commercial",43,1300,23,0.18,"Video, People also ask, Related searches"
fe tv,"Informational, Transactional",38,1300,47,0.67,"AI Overview, Reviews, People also ask, Knowledge panel, Related searches"
fernseher 32 zoll smart tv,Commercial,42,1300,28,0.16,"Sitelinks, Video, People also ask, Related searches, Popular products, Ads top, Ads bottom"
fernseher bis 24 zoll,Commercial,48,1300,24,0.15,"Reviews, Video, Video carousel, People also ask, Related searches, Popular products"
fernseher samsung 32 zoll smart tv,Commercial,43,1300,31,0.19,"People also ask, Related searches, Popular products"
fernseher samsung 55 zoll,Commercial,46,1300,31,0.25,"Video, Video carousel, People also ask, Related searches, Popular products"
fernseher von samsung,Transactional,41,1300,39,0.33,"Video, Video carousel, People also ask, Related searches, Popular products, Ads middle"
free rtl stream,"Navigational, Transactional",37,1300,54,1.11,"Reviews, Video, People also ask, Related searches"
free tv rtl,"Navigational, Transactional",38,1300,72,0.65,"Sitelinks, Reviews, Video, People also ask, Top stories, Related searches"
fritzbox für kabel,Commercial,48,1300,19,0.77,"Reviews, Video, People also ask, Related searches, Popular products"
germany iptv,Commercial,41,1300,21,0.87,"AI Overview, Video, Video carousel, Related searches"
gratis fernsehen,Commercial,40,1300,38,1.04,"Reviews, Video, People also ask, Related searches"
integrated receiver decoder,"Informational, Transactional",55,1300,10,3.17,"Video, People also ask, Knowledge panel, Related searches, Popular products"
iptvkaufen,Transactional,47,1300,21,0.99,"Image pack, Video, Related searches, Ads top, Ads bottom"
jbl 120 partybox,"Informational, Transactional",46,1300,36,0.41,"Reviews, Video, Video carousel, Short videos, People also ask, Knowledge panel, Related searches"
kabel router fritzbox,Commercial,49,1300,28,0.91,"Reviews, Video, People also ask, Related searches"
kabelrouter fritzbox,"Informational, Commercial",47,1300,31,0.83,"Reviews, Video, People also ask, Related searches, Popular products"
kostenlos fernseh schauen,Commercial,35,1300,49,0.57,"AI Overview, Reviews, Image, Video, People also ask, Related searches"
kostenlos fernsehen gucken,Commercial,38,1300,49,0.75,"AI Overview, Reviews, Video, People also ask, Related searches"
kostenlos fernsehen im internet,Commercial,37,1300,38,0.58,"AI Overview, Reviews, Video, People also ask, Related searches"
kostenlos online fernsehen,Commercial,38,1300,52,0.81,"Reviews, Video, People also ask, Knowledge panel, Related searches"
live rtl stream,"Navigational, Transactional",35,1300,46,0.63,"Reviews, Video, People also ask, Related searches, Ads bottom"
magenta internet,Transactional,35,1300,41,2.88,"Reviews, Video, People also ask, Related searches, Ads top, Ads bottom"
magenta tv one 2. generation kaufen,Transactional,44,1300,24,1.76,"People also ask, Related searches, Popular products"
magenta tv plus,"Informational, Commercial",38,1300,50,4.64,"AI Overview, Reviews, Video, People also ask, Related searches"
magenta tv web,"Informational, Transactional",38,1300,61,3.39,"Reviews, Video, People also ask, Related searches"
magentatv smart,"Navigational, Commercial",39,1300,37,2.73,"Sitelinks, AI Overview, Reviews, Video, People also ask, Related searches"
netflix abo abschließen,"Navigational, Transactional",45,1300,68,1.78,"Sitelinks, Reviews, Video, Video carousel, People also ask, Related searches"
netflix abonnement,"Navigational, Transactional",47,1300,54,1.31,"Reviews, Video, People also ask, Related searches"
netflix premium abo,"Informational, Transactional",47,1300,54,1.10,"AI Overview, Reviews, People also ask, Related searches"
netflix standard,"Informational, Transactional",42,1300,55,1.36,"AI Overview, Reviews, Video, People also ask, Related searches"
new apple tv,"Informational, Transactional",32,1300,40,0.00,"Video, Video carousel, People also ask, Related searches, Popular products"
nydus rtl,"Navigational, Transactional",28,1300,33,0.66,"Video, Related searches"
programm rtl plus,"Informational, Transactional",36,1300,64,0.06,"Reviews, People also ask, Related searches"
rtl 2 live stream kostenlos ohne anmeldung,"Navigational, Transactional",32,1300,26,0.65,"Reviews, Video, People also ask, Related searches"
rtl free,"Navigational, Transactional",36,1300,54,0.51,"AI Overview, Reviews, Video, Video carousel, People also ask, Related searches"
rtl free live stream,"Navigational, Transactional",36,1300,48,0.83,"Reviews, Video, Related searches"
rtl germany,"Navigational, Transactional",33,1300,90,0.44,"Sitelinks, Reviews, Video, People also ask, Related searches"
rtl kostenlos live,"Navigational, Transactional",36,1300,49,1.05,"Reviews, Video, People also ask, Related searches"
rtl life,"Navigational, Transactional",30,1300,34,0.47,"Sitelinks, Reviews, Video, People also ask, Related searches"
rtl live mediathek,"Navigational, Transactional",38,1300,67,0.30,"Reviews, Video, People also ask, Related searches"
rtl live ohne anmelden,"Navigational, Transactional",34,1300,39,1.03,"Reviews, Video, People also ask, Related searches"
rtl live ohne anmeldung,"Navigational, Transactional",35,1300,53,1.03,"Reviews, Video, Video carousel, People also ask, Related searches"
rtl live programm,Transactional,35,1300,70,0.53,"Reviews, Video, People also ask, Related searches"
rtl plus filme,"Informational, Transactional",36,1300,47,0.20,"Reviews, Video, People also ask, Related searches"
rtl programm live,"Navigational, Transactional",34,1300,68,0.53,"Reviews, Video, People also ask, Related searches"
rtl schauen kostenlos,"Navigational, Transactional",37,1300,53,1.18,"Reviews, Video, People also ask, Related searches, Ads bottom"
rtl schauen live,Transactional,38,1300,50,0.80,"Sitelinks, Reviews, Video, People also ask, Top stories, Related searches"
rtl stream free,Transactional,35,1300,51,1.11,"Reviews, Video, People also ask, Related searches"
rtl up livestream,"Navigational, Transactional",36,1300,45,0.65,"Sitelinks, Reviews, Video, People also ask, Related searches"
rtl2 stream kostenlos,Commercial,38,1300,36,0.97,"Reviews, Video, People also ask, Related searches"
rtlup livestream kostenlos ohne anmeldung,"Navigational, Transactional",33,1300,23,0.00,"Sitelinks, AI Overview, Reviews, Video, People also ask, Related searches"
samsung 55 zoll oled,Commercial,43,1300,38,0.25,"People also ask, Related searches, Popular products, Ads top, Ads bottom"
samsung 85 zoll fernseher,Commercial,45,1300,31,0.33,"Video, Video carousel, People also ask, Related searches, Popular products, Ads bottom"
samsung smart tv 32 zoll,Commercial,44,1300,34,0.17,"People also ask, Related searches, Popular products"
samsung smart tv 55 zoll,Commercial,48,1300,37,0.25,"People also ask, Related searches, Popular products"
samsung smart tv samsung,"Informational, Transactional",43,1300,44,0.25,"Video, People also ask, Related searches, Popular products"
sat antenne,Commercial,45,1300,15,0.23,"Video, People also ask, Related searches, Popular products"
sat receiver hd+,"Informational, Commercial",49,1300,22,0.13,"Reviews, People also ask, Related searches, Popular products"
sat receiver mit festplatte,Commercial,53,1300,21,0.15,"Reviews, Video, People also ask, Related searches, Popular products, Ads middle"
satellitenschüssel kaufen,Transactional,42,1300,28,0.28,"Video, People also ask, Local pack, Related searches, Popular products, Ads bottom"
sky bestandskunden angebot,"Informational, Transactional",39,1300,34,1.01,"Reviews, People also ask, Related searches"
sky bestandskunden angebote,Commercial,41,1300,37,1.02,"AI Overview, Video, People also ask, Related searches"
sky black friday,"Informational, Transactional",39,1300,34,0.00,"Reviews, Video, People also ask, Related searches"
sky box,"Informational, Transactional",51,1300,33,0.84,"Reviews, Image, Video, Video carousel, People also ask, Related searches"
sky komplett angebot 29 99,Commercial,36,1300,20,1.73,"Reviews, Video, People also ask, Related searches"
smart tv 24 zoll,Commercial,48,1300,25,0.15,"Image pack, Video, People also ask, Related searches, Popular products"
streaming rtl live,"Navigational, Transactional",40,1300,65,0.79,"Sitelinks, Reviews, Video, People also ask, Related searches"
telekom angebot,"Navigational, Transactional",31,1300,42,0.97,"Reviews, Video, People also ask, Related searches"
television receivers,"Informational, Transactional",52,1300,38,1.00,"Reviews, Image pack, Video, People also ask, Related searches, Popular products"
televízia samsung,Transactional,33,1300,45,0.29,"Video, Related searches"
tv gratis schauen,Commercial,37,1300,40,0.51,"Reviews, Video, People also ask, Related searches"
tv gucken kostenlos,Commercial,39,1300,39,0.72,"Reviews, Video, People also ask, Related searches, Ads middle"
tv on a stick,Commercial,52,1300,29,1.37,"Reviews, Video, Video carousel, People also ask, Related searches"
tv rtl,"Informational, Commercial",37,1300,62,0.58,"Reviews, Video, Video carousel, People also ask, Top stories, Related searches"
tv schauen,Commercial,38,1300,72,1.11,"Reviews, Video, People also ask, Related searches"
vodafon fritzbox,Commercial,43,1300,41,2.61,"Reviews, Video, People also ask, Related searches, Popular products"
vox live stream joyn,"Navigational, Transactional",35,1300,61,0.69,"AI Overview, Reviews, Video, People also ask, Related searches"
waipu tv alternative,"Informational, Commercial",37,1300,28,0.57,"Sitelinks, AI Overview, Reviews, Video, People also ask, Related searches"
2ix2 vox,"Navigational, Transactional",30,1000,28,1.16,"Sitelinks, Reviews, Video, People also ask, Related searches"
32 zoll fernseher mit smart tv,Commercial,41,1000,25,0.16,"Sitelinks, Image, Video, People also ask, Related searches, Popular products, Ads top, Ads middle"
43 zoll fernseher samsung,Commercial,42,1000,25,0.20,"Video, Video carousel, People also ask, Related searches, Popular products"
55 zoll tv samsung,Commercial,45,1000,29,0.29,"Related searches, Popular products"
6iptv,"Navigational, Transactional",41,1000,6,1.90,"People also ask, Related searches"
anbieter internet tv,"Informational, Commercial",53,1000,40,2.33,"Sitelinks, AI Overview, Reviews, Video, People also ask, Related searches"
apetv,"Navigational, Transactional",40,1000,62,0.61,"Sitelinks, Reviews, Video, Video carousel, Related searches"
app tv app,Transactional,40,1000,42,1.56,"Reviews, Video, People also ask, Related searches"
apple tv 4 generation,"Informational, Transactional",40,1000,45,0.45,"Sitelinks, Reviews, People also ask, Related searches, Popular products"
apple tv 4k 128gb,"Informational, Transactional",40,1000,39,0.28,"Reviews, People also ask, Knowledge panel, Related searches"
apple tv 4rd gen,"Informational, Transactional",41,1000,49,0.45,"Sitelinks, Reviews, People also ask, Related searches, Popular products"
dvb terrestrial receiver,Commercial,42,1000,19,0.51,"Video, People also ask, Related searches, Popular products"
fernsehen gratis,Commercial,38,1000,40,0.91,"Reviews, Video, People also ask, Top stories, Related searches"
fernsehen gucken kostenlos,Commercial,38,1000,49,0.75,"Reviews, Video, People also ask, Knowledge panel, Related searches"
fernsehen im internet kostenlos ohne anmeldung deutsch,"Navigational, Transactional",36,1000,36,0.37,"Reviews, Video, People also ask, Related searches"
fernsehen kostenlos internet,Commercial,37,1000,49,0.52,"Reviews, Video, People also ask, Knowledge panel, Related searches"
fernsehen über telekom,"Navigational, Commercial",40,1000,41,1.41,"Sitelinks, AI Overview, Reviews, Video, Video carousel, People also ask, Related searches"
fernseher 32 zoll smart tv samsung,Commercial,43,1000,25,0.17,"People also ask, Related searches, Popular products"
fritz box kabel router,"Informational, Transactional",47,1000,36,0.83,"Reviews, Video, People also ask, Related searches, Popular products"
fußball rtl live,"Informational, Transactional",35,1000,42,0.64,"Reviews, Video, Related searches"
iptv alle sender,"Informational, Commercial",50,1000,17,0.00,"AI Overview, Reviews, Video, People also ask, Related searches"
kostenlos online tv,Commercial,39,1000,51,1.07,"Reviews, Video, People also ask, Related searches"
kostenloses live fernsehen,Commercial,38,1000,52,0.49,"AI Overview, Reviews, Video, Related searches, Ads bottom"
live rtl,"Navigational, Transactional",37,1000,70,0.47,"Reviews, Video, Video carousel, People also ask, Top stories, Related searches"
livestream tv kostenlos,Commercial,36,1000,65,0.68,"Reviews, Video, People also ask, Related searches"
magenta tv preise,Commercial,38,1000,31,3.39,"AI Overview, Reviews, Video, People also ask, Related searches, Ads top"
magentatv one 2 generation,Commercial,44,1000,30,2.26,"Sitelinks, Reviews, Video carousel, People also ask, Knowledge panel, Related searches"
mi box tv xiaomi,"Informational, Transactional",53,1000,43,0.16,"Reviews, Image pack, Video carousel, People also ask, Knowledge panel, Related searches"
netflix account erstellen,"Navigational, Transactional",43,1000,59,2.72,"Video, Video carousel, People also ask, Related searches"
netflix konto erstellen,"Navigational, Transactional",43,1000,58,3.06,"Video, Video carousel, People also ask, Related searches"
nitro livestream ohne anmeldung,"Navigational, Transactional",35,1000,24,0.00,"Video, People also ask, Related searches"
partybox 710,"Informational, Transactional",42,1000,21,0.38,"Reviews, Video, Video carousel, People also ask, Knowledge panel, Related searches"
preise sky,Transactional,38,1000,45,0.48,"Sitelinks, AI Overview, Reviews, Video, People also ask, Related searches"
prosieben live stream kostenlos,Commercial,36,1000,50,0.48,"Reviews, Video, People also ask, Related searches"
receiver bei sky kaufen,Transactional,49,1000,31,0.70,"Reviews, People also ask, Related searches, Popular products"
roku tv stick,"Informational, Transactional",43,1000,25,0.33,"Reviews, Video, People also ask, Related searches, Popular products"
rtl aktuell heute,"Informational, Transactional",33,1000,50,0.00,"Video, People also ask, Knowledge panel, Related searches"
rtl de aktuell,"Navigational, Transactional",31,1000,57,0.51,"Sitelinks, Reviews, Video, Video carousel, People also ask, Related searches"
rtl de live,"Navigational, Transactional",34,1000,58,0.81,"Reviews, Video, People also ask, Top stories, Related searches"
rtl free stream,Transactional,38,1000,54,1.11,"Reviews, Video, People also ask, Top stories, Related searches"
rtl kostenlos ohne anmeldung,"Navigational, Transactional",34,1000,55,1.06,"Reviews, Video, People also ask, Related searches"
rtl live fußball ohne anmeldung,"Navigational, Transactional",32,1000,49,0.00,"Reviews, Video, Related searches"
rtl live gucken,Commercial,34,1000,47,1.01,"Sitelinks, Reviews, Video, People also ask, Related searches"
rtl live nydus,"Navigational, Transactional",31,1000,30,0.00,"Sitelinks, Related searches"
rtl plus live programm,"Navigational, Transactional",35,1000,59,0.33,"Sitelinks, Reviews, Video, People also ask, Related searches"
rtl programm heute live,"Informational, Transactional",34,1000,47,0.49,"Sitelinks, Reviews, Video, People also ask, Related searches"
rtl verpasste sendung,Transactional,33,1000,51,0.32,"Video, People also ask, Related searches"
s rtl live,"Navigational, Transactional",34,1000,53,0.77,"Reviews, Video, People also ask, Related searches"
sat 1 kostenlos streamen,Commercial,39,1000,46,0.42,"Reviews, Video, People also ask, Related searches"
sat 1 stream kostenlos,Commercial,38,1000,35,0.49,"Reviews, Video, People also ask, Related searches"
sat schüssel kaufen,Transactional,49,1000,26,0.24,"Video, People also ask, Related searches, Popular products, Ads bottom"
satellitenfernsehen,"Informational, Commercial",34,1000,36,1.01,"AI Overview, Reviews, Image, Video, Video carousel, People also ask, Knowledge panel, Related searches, Ads bottom"
sky login go,"Navigational, Transactional",35,1000,57,0.63,"AI Overview, Reviews, Video, People also ask, Related searches"
sky receiver kaufen,Transactional,51,1000,31,0.77,"Reviews, People also ask, Related searches, Popular products"
super rtl live stream,Transactional,34,1000,33,0.98,"Reviews, Video, People also ask, Related searches"
telekom kabelfernsehen,"Informational, Transactional",40,1000,50,1.73,"AI Overview, Reviews, People also ask, Related searches, Ads top"
telekom media receiver,Transactional,52,1000,22,1.57,"Reviews, Video, Video carousel, People also ask, Related searches"
tv box xiaomi mi,"Informational, Transactional",53,1000,39,0.16,"Reviews, Video, People also ask, Related searches, Popular products"
tv kostenlos gucken,Commercial,39,1000,52,1.01,"Reviews, Video, Video carousel, People also ask, Related searches"
tv ohne anmeldung,"Navigational, Transactional",38,1000,38,0.00,"Reviews, Video, People also ask, Related searches"
tv rtl stream,"Navigational, Transactional",42,1000,66,0.65,"Reviews, Video, People also ask, Related searches, Ads top, Ads middle"
tv schauen kostenlos,Commercial,38,1000,49,0.66,"Sitelinks, Reviews, Video, People also ask, Related searches, Ads middle"
tv smart tv box,Commercial,56,1000,18,0.63,"Sitelinks, Reviews, Video, Video carousel, People also ask, Related searches, Popular products"
tv streaming dienste,Commercial,48,1000,40,1.28,"AI Overview, Reviews, Video, People also ask, Top stories, Related searches"
tv with tv,"Informational, Transactional",45,1000,55,0.68,"Reviews, Video, Video carousel, People also ask, Related searches"
web tv,"Navigational, Commercial",44,1000,27,1.35,"Sitelinks, Reviews, Video, People also ask, Related searches, Ads bottom"
wow programm,Commercial,34,1000,45,0.53,"Reviews, Video, People also ask, Related searches"
1 und 1 cinema,"Informational, Transactional",35,880,27,0.00,"Reviews, People also ask, Related searches"
24 zoll tv,Commercial,45,880,25,0.13,"Reviews, Video, People also ask, Related searches, Popular products"
85 zoll fernseher samsung,"Informational, Commercial",42,880,25,0.32,"People also ask, Related searches, Popular products"
angebot sky komplett,Transactional,41,880,36,1.67,"Sitelinks, Reviews, People also ask, Related searches, Ads top, Ads middle"
apple tv 3rd gen,"Informational, Transactional",36,880,39,0.48,"Video, People also ask, Related searches, Popular products"
apple tv 4k 4. generation,"Informational, Transactional",39,880,40,0.42,"Reviews, Video, People also ask, Related searches, Popular products"
fernseh app,"Informational, Commercial",34,880,50,1.56,"AI Overview, Reviews, Video, People also ask, Related searches, Ads top, Ads bottom"
fernsehen 24 zoll,Commercial,48,880,26,0.00,"Sitelinks, Video, People also ask, Related searches, Popular products"
fernsehen 32 zoll smart tv,Commercial,43,880,25,0.16,"Sitelinks, Video, People also ask, Related searches, Popular products"
fernseher mit dvd player,Commercial,44,880,25,0.11,"Reviews, Video, People also ask, Related searches"
fernseher mit receiver,Commercial,53,880,21,0.18,"Reviews, Image, Video, People also ask, Related searches, Popular products, Ads top, Ads middle"
fritz 6690,"Informational, Transactional",35,880,30,0.78,"Reviews, Image, Image pack, Video, Video carousel, Short videos, People also ask, Knowledge panel, Related searches"
gigaset go box 100,"Informational, Transactional",45,880,19,0.28,"Image pack, Video, People also ask, Knowledge panel, Related searches"
gzsz rtlnow,"Navigational, Transactional",31,880,43,0.00,"Sitelinks, Video, Related searches"
iptv receiver,"Informational, Commercial",78,880,16,0.00,"Sitelinks, Video, People also ask, Related searches, Popular products"
kabel fritz,"Informational, Transactional",37,880,31,0.77,"Reviews, Video, People also ask, Related searches, Popular products"
kabelreceiver,Commercial,57,880,26,0.52,"Sitelinks, Reviews, Video, Video carousel, People also ask, Related searches, Popular products"
kaufempfehlung sat receiver,"Informational, Commercial",43,880,24,0.13,"Sitelinks, Video, Video carousel, People also ask, Related searches, Popular products"
kleinere fernseher,Commercial,45,880,18,0.16,"Reviews, Image pack, Video, People also ask, Related searches, Popular products"
konto erstellen netflix,"Navigational, Transactional",43,880,52,3.06,"Video, People also ask, Related searches"
kostenlose tv,Commercial,41,880,37,0.93,"Reviews, Video, People also ask, Related searches"
led tv samsung 24,Commercial,44,880,25,0.40,"People also ask, Related searches, Popular products"
live tv stream kostenlos,Commercial,34,880,51,1.23,"Reviews, Video, People also ask, Related searches"
livetv alternative,"Informational, Commercial",37,880,30,2.55,"Sitelinks, AI Overview, Video, People also ask, Related searches"
magenta tv filme,"Informational, Transactional",33,880,21,1.26,"Video, People also ask, Related searches"
media receiver telekom,"Navigational, Transactional",48,880,22,1.49,"Reviews, Video, Video carousel, People also ask, Related searches"
netflix abbo,"Navigational, Transactional",44,880,54,1.43,"People also ask, Related searches"
netflix anmeldung,"Navigational, Transactional",40,880,55,1.58,"Video, People also ask, Related searches"
nitro live stream ohne anmeldung,"Navigational, Transactional",32,880,27,0.00,"Reviews, Video, People also ask, Related searches"
online kostenlos fernsehen,Commercial,36,880,54,0.81,"Reviews, Video, People also ask, Related searches"
receiver telekom,Transactional,47,880,28,1.49,"Reviews, Image pack, Video, Video carousel, People also ask, Related searches, Ads top"
rtl for free,"Navigational, Transactional",34,880,51,0.57,"Sitelinks, AI Overview, Reviews, Video, People also ask, Related searches, Ads bottom"
rtl free streaming,"Navigational, Transactional",36,880,45,1.07,"AI Overview, Video, People also ask, Top stories, Related searches, Ads top, Ads bottom"
rtl online élő adás ingyen,Commercial,34,880,40,1.06,"Reviews, Video, Related searches"
rtl plus jahresabo,"Informational, Transactional",39,880,44,1.81,"AI Overview, Reviews, Image, Video, People also ask, Related searches"
rtl stream live kostenlos,Transactional,34,880,54,1.04,"Sitelinks, Reviews, Video, People also ask, Related searches"
rtl tv germany,"Navigational, Transactional",35,880,76,0.44,"Sitelinks, AI Overview, Reviews, Video, People also ask, Related searches"
rtl up kostenlos ohne anmeldung,"Navigational, Transactional",32,880,31,0.00,"Reviews, People also ask, Related searches"
rtl uživo,"Navigational, Transactional",36,880,45,0.00,"Video, Related searches"
rtlup live stream kostenlos,Commercial,38,880,26,0.00,"Sitelinks, Reviews, Video, People also ask, Related searches"
samsung fernsehgeräte,Commercial,40,880,40,0.33,"Video, People also ask, Related searches, Popular products"
sat receiver test,"Informational, Commercial",37,880,20,0.08,"Sitelinks, Reviews, Video, Video carousel, People also ask, Related searches, Ads top, Ads middle"
sat receiver testberichte,Transactional,40,880,32,0.08,"Sitelinks, Reviews, Video, Video carousel, People also ask, Related searches"
schüssel sat,Commercial,38,880,18,0.32,"Video, Video carousel, People also ask, Related searches, Popular products"
sky abo angebot,Transactional,40,880,41,0.68,"Reviews, Video, People also ask, Related searches"
sky boxen,"Navigational, Transactional",45,880,32,0.84,"Reviews, Image pack, Video, People also ask, Related searches"
sky bundesliga abo,Transactional,40,880,42,2.08,"Sitelinks, Reviews, Video, Related searches, Ads top, Ads bottom"
sky komplett angebot,Transactional,41,880,32,2.14,"Sitelinks, Reviews, People also ask, Related searches, Ads top, Ads middle"
sky online,"Navigational, Transactional",36,880,64,1.32,"Reviews, Video, People also ask, Related searches, Ads top, Ads bottom"
sky pakete preise bestandskunden,Transactional,40,880,30,0.72,"Sitelinks, AI Overview, Reviews, People also ask, Related searches"
sky to go app,Commercial,33,880,51,0.40,"AI Overview, Reviews, People also ask, Related searches, Ads top, Ads bottom"
stb set top box,"Informational, Commercial",49,880,27,0.74,"Reviews, Image, People also ask, Knowledge panel, Related searches, Popular products"
television and internet,Commercial,42,880,28,2.27,"Sitelinks, AI Overview, Reviews, Video, People also ask, Knowledge panel, Related searches, Ads bottom"
television internet gratis,Commercial,43,880,43,0.59,"Reviews, Video, Video carousel, People also ask, Related searches"
tv and internet,Commercial,46,880,44,2.27,"AI Overview, Reviews, Video, Knowledge panel, Related searches"
tv antenne,"Informational, Commercial",44,880,28,0.39,"Image pack, Video, People also ask, Related searches"
tv samsung 32 zoll,Commercial,41,880,31,0.17,"Video, People also ask, Related searches, Popular products"
tv stream online kostenlos,Commercial,35,880,53,1.13,"AI Overview, Reviews, Video, People also ask, Related searches"
tvonline ro,Commercial,34,880,63,0.83,"Reviews, Video, Related searches"
weißer fernseher,Commercial,43,880,26,0.20,"Image pack, People also ask, Related searches, Popular products"
wow angebote sport,"Informational, Commercial",39,880,35,1.30,"AI Overview, Reviews, Video, People also ask, Related searches, Ads top, Ads middle"
wow live-sport,Commercial,37,880,42,1.18,"Reviews, Video, People also ask, Related searches"
wow sports,"Navigational, Commercial",35,880,50,1.11,"Reviews, Video, People also ask, Related searches, Ads middle"
zimmerantenne,Commercial,37,880,23,0.26,"Video, People also ask, Related searches, Popular products"
1und1 tv app,"Informational, Transactional",40,720,30,1.51,"AI Overview, Reviews, Video, People also ask, Related searches"
85 zoll oled,Commercial,42,720,25,0.32,"Reviews, Video, People also ask, Related searches, Popular products, Ads bottom"
antenne voor tv,Commercial,40,720,20,0.39,"Reviews, Image pack, Video, People also ask, Related searches, Popular products"
app sky go download,Commercial,32,720,58,0.27,"Reviews, People also ask, Related searches"
apple new apple tv,"Informational, Transactional",34,720,32,0.00,"Video, Video carousel, People also ask, Related searches"
apple tv 3. generation,"Informational, Transactional",39,720,35,0.48,"Video, People also ask, Related searches"
apple tv 3rd generation,"Informational, Transactional",40,720,35,0.48,"AI Overview, Video, People also ask, Related searches"
apple tv 4th gen,"Informational, Transactional",38,720,44,0.45,"Reviews, Video, People also ask, Related searches, Popular products"
apple tv preis,"Navigational, Transactional",44,720,45,0.62,"Reviews, Video, People also ask, Related searches, Popular products"
apple tv programm,"Informational, Transactional",41,720,51,0.76,"Sitelinks, Reviews, Video, People also ask"
dvbt receiver,Commercial,45,720,32,0.36,"Video, People also ask, Related searches, Popular products"
dvd players for a car,"Informational, Transactional",39,720,21,0.12,"Reviews, Video, Video carousel, People also ask, Related searches, Popular products"
fernseh online,Commercial,36,720,73,1.86,"Reviews, Video, Related searches"
fernseh receiver,Commercial,47,720,35,0.84,"Sitelinks, Video, Video carousel, People also ask, Related searches, Popular products, Ads bottom"
fernsehbox,Commercial,52,720,45,0.21,"Sitelinks, Reviews, Video, People also ask, Related searches, Ads top, Ads bottom"
fernsehen kostenlos streamen,Commercial,38,720,41,0.57,"AI Overview, Reviews, Video, People also ask, Related searches"
fernsehen ohne anschluss und ohne internet,Commercial,42,720,24,1.04,"Sitelinks, Reviews, Video, People also ask, Related searches, Popular products, Ads top, Ads bottom"
fernseher 32 zoll media markt,Commercial,38,720,25,0.19,"Video, People also ask, Related searches, Ads top, Ads bottom"
fernseher samsung 75 zoll,Transactional,48,720,30,0.33,"Video, People also ask, Related searches, Popular products"
free rtl tv,"Navigational, Transactional",38,720,63,0.71,"Sitelinks, Reviews, Video, People also ask, Related searches"
fritz box cable 6660,"Informational, Transactional",48,720,33,1.16,"Reviews, Video, People also ask, Knowledge panel, Related searches"
fritzbox für kabelanschluss,Commercial,51,720,24,0.72,"Reviews, Video, Video carousel, People also ask, Related searches, Popular products"
fritzbox kabelanschluss,"Informational, Transactional",49,720,35,0.72,"Reviews, Image pack, Video, People also ask, Related searches, Popular products"
fußball live rtl,"Informational, Transactional",36,720,40,0.72,"Reviews, Video, People also ask, Related searches"
gigaset box 100 go,"Informational, Transactional",47,720,16,0.28,"People also ask, Related searches, Popular products"
gigaset go 100 box,"Informational, Transactional",48,720,16,0.28,"People also ask, Related searches, Popular products"
gratis tv,Commercial,41,720,38,0.91,"Reviews, Video, People also ask, Related searches"
internet magenta,Transactional,35,720,41,2.88,"Reviews, Video, Video carousel, People also ask, Related searches, Ads top, Ads middle"
iptv apps,"Informational, Commercial",49,720,39,0.00,"AI Overview, Reviews, Video, Video carousel, People also ask, Related searches"
jbl partybox 310 angebot,Commercial,45,720,29,0.31,"Reviews, Image, People also ask, Related searches, Popular products"
kabel ein live,Commercial,40,720,33,0.49,"Reviews, Video, People also ask, Related searches"
kostenlos fernsehen online,Commercial,36,720,47,0.75,"Reviews, Video, People also ask, Related searches"
kostenlos online tv schauen ohne anmeldung,"Navigational, Transactional",34,720,50,0.36,"Sitelinks, AI Overview, Reviews, Video, People also ask, Related searches"
live tv app,Commercial,40,720,40,1.53,"Reviews, Video, People also ask, Related searches"
livestream fernsehen,Commercial,37,720,80,0.69,"Reviews, Video, Video carousel, Related searches"
livestream free tv,Commercial,42,720,69,0.00,"Reviews, Video, People also ask, Top stories, Related searches"
magent,"Informational, Transactional",27,720,75,2.97,"Sitelinks, Reviews, Video, People also ask, Knowledge panel, Related searches"
netflix abo vergleich,"Informational, Commercial",42,720,43,1.82,"Sitelinks, AI Overview, Reviews, Video, People also ask, Related searches, Ads middle"
netflix abos preise,Transactional,37,720,51,0.81,"AI Overview, Reviews, Video, People also ask, Related searches"
netflix filme auf deutsch,Transactional,34,720,43,0.00,"Reviews, Video, People also ask, Related searches"
netflix kostenübersicht,"Informational, Transactional",41,720,49,0.93,"AI Overview, Reviews, Image pack, Video, People also ask, Related searches"
netflix mitgliedschaft,"Navigational, Transactional",42,720,57,2.34,"People also ask, Related searches"
netflix preise abo,Transactional,45,720,50,1.10,"AI Overview, Reviews, Video, People also ask, Related searches"
netflix preise deutschland,Transactional,42,720,49,1.22,"AI Overview, Reviews, Video, People also ask, Related searches"
netflix preistabelle,"Informational, Transactional",42,720,55,1.12,"AI Overview, Reviews, Video, People also ask, Related searches"
netflix preisübersicht,"Informational, Transactional",41,720,54,0.00,"AI Overview, Reviews, People also ask, Related searches"
oled 85 zoll,"Informational, Commercial",46,720,25,0.32,"Reviews, Video, People also ask, Related searches, Popular products, Ads middle"
preise für sky,"Navigational, Transactional",41,720,36,0.48,"AI Overview, Reviews, Video, People also ask, Related searches, Ads bottom"
receiver für fernseher,Commercial,54,720,25,0.50,"People also ask, Related searches"
receiver kabel,Commercial,50,720,29,0.71,"Reviews, Image pack, Video, People also ask, Related searches, Popular products"
resiver,"Informational, Transactional",36,720,30,1.06,"Image pack, Video, People also ask, Related searches, Popular products"
rtl free livestream,"Navigational, Transactional",34,720,50,1.25,"Reviews, Video, People also ask, Related searches"
rtl gucken,Transactional,38,720,53,1.06,"Reviews, Video, People also ask, Related searches, Ads top, Ads bottom"
rtl live sehen,"Navigational, Transactional",35,720,46,0.84,"Reviews, Video, People also ask, Related searches"
rtl live stream formel 1 kostenlos,"Navigational, Transactional",33,720,29,0.00,"Sitelinks, Reviews, Video, People also ask, Related searches"
rtl livestream ohne anmeldung,"Navigational, Transactional",33,720,38,1.51,"Reviews, Video, People also ask, Related searches"
rtl nydus,"Navigational, Transactional",30,720,35,0.00,"Sitelinks, Related searches"
rtl plus com tv login,"Navigational, Transactional",41,720,40,0.14,"Sitelinks, Reviews, People also ask, Related searches"
rtl plus paket,"Navigational, Transactional",43,720,51,1.99,"AI Overview, Reviews, Video, People also ask, Related searches"
rtl plus programm heute,Commercial,34,720,63,0.24,"Video, People also ask, Related searches"
rtl super live,"Navigational, Transactional",33,720,44,0.30,"Reviews, Video, People also ask, Related searches"
rtlup kostenlos,Commercial,36,720,45,0.74,"Sitelinks, AI Overview, Reviews, Video, People also ask, Related searches"
samsung fernseher 32 zoll,Commercial,40,720,26,0.16,"Video, People also ask, Related searches, Popular products, Ads top, Ads bottom"
samsung fernseher oled,"Informational, Transactional",42,720,31,0.59,"Video, Video carousel, People also ask, Related searches, Popular products"
samsung tv 85 zoll,Commercial,44,720,30,0.45,"People also ask, Related searches, Popular products"
sat receiver kaufempfehlung,"Informational, Commercial",39,720,14,0.08,"Sitelinks, Reviews, Video, People also ask, Related searches, Popular products"
satelliten für fernsehen,Commercial,39,720,28,0.75,"AI Overview, Reviews, Video, Video carousel, People also ask, Related searches, Ads bottom"
satelliten receiver test,Commercial,36,720,25,0.11,"Sitelinks, Reviews, Video, Video carousel, People also ask, Related searches, Popular products, Ads top, Ads bottom"
sky angebote komplett,Transactional,40,720,36,2.14,"Reviews, Image, People also ask, Related searches"
sky für neukunden,"Informational, Commercial",38,720,37,0.71,"Sitelinks, AI Overview, Reviews, People also ask, Related searches"
sky q receiver kaufen,Transactional,48,720,31,0.57,"Reviews, People also ask, Related searches, Popular products, Ads top, Ads bottom"
sky streamen,"Informational, Commercial",44,720,72,3.05,"AI Overview, Reviews, Video, People also ask, Related searches"
sky tv sky go,"Navigational, Transactional",41,720,49,0.64,"AI Overview, Reviews, Video, People also ask, Related searches, Ads bottom"
smart tv 32,Commercial,43,720,25,0.17,"Video, People also ask, Related searches, Popular products"
tv 85,"Informational, Transactional",43,720,26,0.76,"Video, Video carousel, People also ask, Related searches, Popular products"
tv boxen,Commercial,56,720,34,2.10,"Reviews, Image pack, Video, Video carousel, People also ask, Related searches, Popular products, Ads middle"
tv kostenlos ohne anmeldung,"Navigational, Transactional",34,720,33,0.49,
tv programm live,"Informational, Transactional",39,720,79,0.75,"Reviews, Video, Related searches"
tv sticks vergleich,Commercial,45,720,30,0.66,"Sitelinks, Reviews, Video, People also ask, Related searches"
tv umsonst,Commercial,39,720,41,1.25,"Reviews, Video, People also ask, Related searches"
voxup live stream kostenlos,Commercial,36,720,23,0.00,"Sitelinks, Reviews, People also ask, Related searches"
weißen fernseher,Commercial,43,720,26,0.20,"Image pack, People also ask, Related searches, Popular products"
wow live sport abo,Commercial,38,720,45,0.94,"Reviews, Video, People also ask, Related searches"
zimmerantenne tv,Commercial,44,720,25,0.31,"Video, People also ask, Related searches, Popular products"
1 1 cinema,"Informational, Transactional",37,590,22,1.91,"Video, People also ask, Related searches"
24 zoll fernsehen,Commercial,45,590,25,0.15,"Sitelinks, Video, People also ask, Popular products"
24 zoll smart tv,Commercial,48,590,23,0.17,"Video, Video carousel, People also ask, Related searches, Popular products, Ads top, Ads bottom"
32 zoll led fernseher full hd,"Informational, Transactional",43,590,27,0.18,"Sitelinks, Video, Video carousel, People also ask, Related searches, Popular products"
4k fernseher 32 zoll,"Informational, Commercial",40,590,25,0.20,"Sitelinks, Image, Video, People also ask, Related searches, Popular products"
alternative zu magenta tv,"Informational, Commercial",40,590,17,0.70,"AI Overview, Reviews, Video, People also ask, Related searches"
angebote tv 50 zoll,Commercial,45,590,28,0.21,"Video, People also ask, Related searches, Popular products"
apple tv 3 generation,"Informational, Transactional",39,590,50,0.48,"Video, People also ask, Related searches, Popular products"
apple tv 4k 3. generation,"Informational, Transactional",39,590,42,0.34,"Video, People also ask, Related searches, Popular products"
apple tv 4k 6 generation,"Navigational, Transactional",41,590,46,0.20,"Sitelinks, Reviews, Video, People also ask, Related searches, Popular products"
apple tv gerät,"Navigational, Transactional",42,590,50,0.12,"Sitelinks, Reviews, Video, People also ask, Related searches, Popular products"
apple tv preise,"Navigational, Transactional",44,590,49,0.62,"Reviews, Video, People also ask, Related searches, Popular products"
deutsch iptv,Commercial,46,590,10,0.00,"AI Overview, Video, Related searches"
dvb antenne,Commercial,38,590,31,0.27,"Reviews, Image pack, Video, People also ask, Related searches, Popular products"
dvb-c receiver,Commercial,46,590,22,0.19,"Video, Video carousel, People also ask, Related searches, Popular products"
fernsehen umsonst,Commercial,34,590,57,0.75,"AI Overview, Reviews, Video, People also ask, Related searches"
fernsehen und internet telekom,Transactional,42,590,29,1.22,"Reviews, Video, People also ask, Related searches, Ads top, Ads bottom"
fernseher media markt samsung,"Navigational, Transactional",37,590,34,0.19,"People also ask, Popular products"
fernseher mit integriertem receiver,Commercial,53,590,18,0.19,"Video, People also ask, Related searches"
fernseher mit internet,Commercial,49,590,28,0.53,"Reviews, Video, People also ask, Related searches, Popular products, Ads bottom"
fernsehn kostenlos,Commercial,37,590,47,0.64,"Reviews, Image, Video, People also ask, Related searches, Ads bottom"
fernsehn kostenlos schauen,Commercial,37,590,37,0.65,"Video, People also ask, Related searches, Ads top, Ads middle"
fire tv 4k max,Commercial,39,590,25,0.37,"Reviews, Video, Video carousel, People also ask, Related searches, Popular products"
firetv 4k max,"Informational, Commercial",43,590,33,0.37,"Reviews, Video, Video carousel, People also ask, Knowledge panel, Related searches"
fritz kabel router,Commercial,46,590,38,0.83,"Reviews, Image pack, Video, Video carousel, People also ask, Related searches, Popular products"
hd modul,Commercial,48,590,32,0.71,"Reviews, Video, People also ask, Related searches, Popular products"
hd+ modul,"Informational, Transactional",45,590,31,0.56,"Reviews, Image pack, Video, People also ask, Related searches, Popular products"
internet tv vergleich,Commercial,49,590,36,1.74,"Sitelinks, Reviews, Video, People also ask, Related searches, Ads top, Ads middle"
internet und fernsehen,Commercial,46,590,35,2.31,"Reviews, Video, People also ask, Related searches, Ads top, Ads middle"
ip tv kaufen,Commercial,63,590,30,1.33,"Video, People also ask, Related searches"
iptv 4k,"Informational, Commercial",69,590,24,1.09,"Video, People also ask, Related searches, Popular products"
iptv abo,Commercial,52,590,8,0.00,"AI Overview, Image, Video, People also ask"
iptv anbieter vergleich,Commercial,49,590,41,0.00,"AI Overview, Video, People also ask, Related searches"
iptv deutsch,"Informational, Commercial",49,590,30,0.00,"AI Overview, Video, Related searches"
iptv for receiver,Commercial,65,590,15,0.00,"Sitelinks, Reviews, Video, People also ask, Related searches, Popular products"
iptv player android,Commercial,49,590,26,0.00,"Reviews, Video, Video carousel, People also ask, Related searches"
iptv tv stick,Commercial,60,590,17,0.00,"Sitelinks, Reviews, Video, People also ask, Related searches, Popular products"
jbl party box 710,"Informational, Transactional",47,590,32,0.51,"Reviews, Video, People also ask, Related searches, Popular products, Ads top, Ads middle"
kleiner smart tv,Commercial,43,590,25,0.12,"Sitelinks, Reviews, Video, People also ask, Related searches, Popular products"
lcd tv full hd 32 zoll,Commercial,44,590,28,0.18,"Video, People also ask, Related searches, Popular products"
live fernsehen rtl,"Navigational, Transactional",36,590,57,0.66,"Reviews, Video, People also ask, Related searches"
live tv gratis,Commercial,39,590,50,0.52,"Reviews, Image, Video, People also ask, Related searches"
livestream rtl nitro,Commercial,36,590,30,1.20,"Sitelinks, Reviews, Video, People also ask, Related searches"
livestreams kostenlos,Commercial,38,590,67,0.87,"Reviews, Video, People also ask, Related searches"
livestreamtv,Commercial,40,590,69,0.74,"AI Overview, Reviews, Video, Related searches"
livetv streaming,"Informational, Transactional",40,590,26,1.08,"Reviews, Video, Related searches"
magenta tv geräte,Transactional,46,590,27,3.48,"Reviews, Video, People also ask, Related searches"
magentatv preise,Commercial,39,590,29,3.39,"AI Overview, Reviews, Video, People also ask, Related searches, Ads top, Ads bottom"
mapple tv,"Navigational, Transactional",39,590,70,0.61,"Sitelinks, Reviews, Video, People also ask, Top stories, Related searches"
mein rtl,"Navigational, Transactional",35,590,73,0.40,"Reviews, Video, People also ask, Related searches, Ads top, Ads middle"
mi s box,"Informational, Transactional",46,590,37,0.13,"Reviews, Video, Video carousel, People also ask, Related searches, Popular products"
mi the box,"Informational, Transactional",45,590,33,0.20,"Reviews, Video, Related searches"
netflix abo mit werbung,"Informational, Transactional",39,590,55,0.73,"AI Overview, Video, People also ask, Related searches"
netflix abo preis,Transactional,46,590,54,1.10,"AI Overview, Reviews, People also ask, Related searches"
netflix accounts,Transactional,39,590,58,0.90,"Video, People also ask, Related searches"
netflix monatliche kosten,"Informational, Transactional",45,590,52,1.11,"AI Overview, Reviews, Video, People also ask, Related searches"
netflix website,Transactional,37,590,92,0.97,"Reviews, People also ask, Related searches"
neuer telekom receiver,Transactional,40,590,26,1.37,"Reviews, Image pack, Video, Video carousel, People also ask, Related searches, Ads top"
programm sky sport heute,Transactional,38,590,36,0.00,"Video, People also ask, Related searches"
rlt live,"Navigational, Transactional",34,590,63,0.47,"Reviews, Video, People also ask, Related searches"
rrl live,"Navigational, Transactional",31,590,42,0.47,"Reviews, Video, People also ask, Related searches"
rtl fernsehen heute,"Navigational, Commercial",32,590,50,0.46,"Sitelinks, Video, People also ask, Related searches"
rtl liv,Transactional,34,590,51,0.47,"Reviews, Video, People also ask, Related searches, Ads top, Ads middle"
rtl live kostenlos schauen,Commercial,35,590,39,0.94,"Featured snippet, Reviews, Video, People also ask, Related searches"
rtl live stream kostenlos ohne anmeldung 2ix2 legal,"Navigational, Transactional",32,590,29,0.00,"Sitelinks, AI Overview, Reviews, Video, People also ask, Related searches"
rtl live stream ohne anmeldung,"Navigational, Transactional",31,590,48,1.08,"Reviews, Video, People also ask, Related searches"
rtl livestram,"Navigational, Transactional",36,590,45,0.63,"Sitelinks, Reviews, Video, People also ask, Related searches, Ads bottom"
rtl livestream kostenlos ohne anmeldung,"Navigational, Transactional",33,590,46,1.20,"AI Overview, Reviews, Video, Related searches"
rtl nfl live-stream kostenlos,"Navigational, Transactional",34,590,29,0.00,"Reviews, Video, People also ask, Related searches"
rtl plus konto,"Navigational, Transactional",37,590,41,1.42,"Reviews, Video, People also ask, Related searches"
rtl plus streamen,Transactional,41,590,49,0.58,"AI Overview, Reviews, Video, Video carousel, People also ask, Related searches, Ads top, Ads bottom"
rtl-mediathek,Transactional,35,590,69,0.19,"Reviews, Video, People also ask, Related searches, Ads top"
rtl2 streamen,Commercial,40,590,45,0.75,"Reviews, Video, People also ask, Related searches"
rtlplus live stream kostenlos ohne anmeldung,"Navigational, Transactional",32,590,41,0.00,"AI Overview, Reviews, Video, People also ask, Related searches"
rtlplus mediathek,Commercial,36,590,31,0.04,"Reviews, Video, People also ask, Related searches, Ads top, Ads bottom"
rtlup live stream kostenlos ohne anmeldung 2ix2,"Navigational, Transactional",32,590,27,0.00,"Sitelinks, Reviews, People also ask, Related searches"
samsung 32 zoll fernseher,Commercial,40,590,25,0.17,"Video, People also ask, Related searches, Popular products"
samsung televizor smart,"Informational, Transactional",0,590,42,0.25,"Reviews, People also ask, Related searches, Popular products, Ads bottom"
samsung tvs,"Informational, Transactional",40,590,32,0.38,"People also ask, Related searches, Popular products"
samsungs fernseher,"Informational, Commercial",40,590,32,0.33,"Video, Video carousel, People also ask, Related searches, Popular products"
sat anlagen,Commercial,41,590,20,0.35,"Reviews, Image pack, Video, People also ask, Local pack, Knowledge panel, Related searches"
sat antennen,"Informational, Commercial",44,590,13,0.23,"Image pack, Video, Video carousel, People also ask, Related searches, Popular products"
sat receiver mit wlan,Commercial,58,590,17,0.13,"Video, People also ask, Related searches, Popular products, Ads bottom"
sat receiver über wlan,Commercial,51,590,20,0.13,"Video, People also ask, Related searches, Popular products, Ads middle"
sat-receiver testsieger,Commercial,38,590,19,0.08,"Sitelinks, Reviews, Video, Video carousel, People also ask, Related searches"
satellitenschüssel komplettset,Commercial,39,590,25,0.25,"Video, People also ask, Related searches, Popular products"
satellitenschüsseln kaufen,Transactional,41,590,29,0.29,"Video, People also ask, Local pack, Related searches, Popular products"
sky auslandsabo,Commercial,47,590,47,2.04,"AI Overview, Reviews, Video, People also ask, Related searches, Ads bottom, Ads middle"
sky pakete preise,Transactional,40,590,41,1.03,"AI Overview, Reviews, People also ask, Related searches, Ads top, Ads bottom"
sky sky online,"Navigational, Transactional",37,590,66,1.32,"Reviews, Video, People also ask, Related searches, Ads bottom"
sky sport angebote,Transactional,39,590,38,1.95,"AI Overview, Reviews, Video, People also ask, Related searches, Ads bottom"
sky sport app,"Navigational, Transactional",35,590,48,1.24,"AI Overview, Reviews, Video, People also ask, Related searches"
sky sport heute live,"Navigational, Transactional",36,590,65,1.23,"Reviews, Video, Related searches"
sky to go login,"Navigational, Transactional",36,590,49,0.63,"Reviews, Video, People also ask, Related searches"
skygo login,"Navigational, Transactional",33,590,41,0.55,"Reviews, Video, People also ask, Related searches"
stb приемник,"Informational, Transactional",67,590,25,0.00,"Image pack, Video, People also ask, Knowledge panel, Related searches"
stick android tv,Commercial,47,590,25,0.50,"Sitelinks, Video, Video carousel, People also ask, Related searches, Popular products"
streaming dienste im vergleich,Commercial,42,590,41,1.60,"Reviews, Video, People also ask, Related searches"
telekom magentatv one,"Informational, Transactional",46,590,27,2.54,"Reviews, Video, Video carousel, People also ask, Related searches"
telekom media receiver 401,"Informational, Transactional",48,590,24,1.27,"AI Overview, Reviews, Video, People also ask, Knowledge panel, Related searches"
television iptv player,Commercial,48,590,44,0.00,"Reviews, Video, Video carousel, People also ask, Related searches"
top tv app,Commercial,39,590,30,1.15,"AI Overview, Reviews, Video, People also ask, Related searches"
tv 32 zoll full hd,Commercial,42,590,29,0.18,"Sitelinks, Video, People also ask, Related searches, Popular products"
tv anbieter vergleich,Commercial,45,590,43,1.58,"AI Overview, Reviews, Video, People also ask, Related searches"
tv box android box,"Informational, Commercial",50,590,23,0.34,"Reviews, Video, Video carousel, People also ask, Related searches, Popular products"
tv free,Commercial,37,590,50,0.71,"Reviews, Video, People also ask, Top stories, Related searches, Ads middle"
tv germany,"Informational, Commercial",39,590,79,0.70,"Reviews, Video, People also ask, Top stories, Related searches, Ads top, Ads bottom"
tv iptv player,"Informational, Transactional",48,590,30,0.00,"Reviews, Video, Video carousel, People also ask, Related searches"
tv sky digital,Commercial,41,590,32,1.05,"Reviews, Video, People also ask, Related searches"
tv zimmerantenne,Commercial,45,590,30,0.31,"Reviews, Video, People also ask, Related searches, Popular products"
tv über wlan,"Informational, Commercial",45,590,26,1.56,"AI Overview, Reviews, Video, Video carousel, People also ask, Related searches"
umsonst fernsehen,Commercial,37,590,43,0.75,"AI Overview, Reviews, Video, People also ask, Related searches"
vehicle dvd player,"Informational, Transactional",45,590,25,0.15,"Sitelinks, Image pack, Video, Video carousel, People also ask, Related searches, Popular products"
vodafone fernbedienung,"Informational, Transactional",38,590,29,0.80,"Image pack, Video, People also ask, Related searches"
vox live nydus,"Navigational, Transactional",31,590,21,0.00,"Video, Related searches"
vox live stream legal,Commercial,32,590,46,0.00,"Sitelinks, AI Overview, Reviews, Video, People also ask, Related searches"
welcher streaming dienst ist der beste,Commercial,37,590,36,1.56,"AI Overview, Reviews, Video, People also ask, Related searches, Ads top"
xiaomi tv box s,"Informational, Transactional",47,590,38,0.17,"Reviews, People also ask, Knowledge panel, Related searches, Popular products"
32 zoll fernseher full hd,Commercial,40,480,30,0.18,"Sitelinks, Video, Video carousel, People also ask, Related searches, Popular products"
32 zoll fernseher samsung,Commercial,42,480,25,0.17,"Video, People also ask, Related searches, Popular products"
anbieteriptv,Commercial,51,480,30,0.00,"AI Overview, Video, Related searches"
angebote fernseher samsung,Commercial,39,480,23,0.23,"People also ask, Related searches, Popular products, Ads bottom"
antenne für tv,Commercial,46,480,15,0.39,"Video, People also ask, Related searches, Popular products"
app zum fernsehen,"Informational, Commercial",41,480,48,1.55,"AI Overview, Reviews, Video, People also ask, Related searches"
apple box tv,"Informational, Transactional",49,480,48,0.37,"Sitelinks, Reviews, People also ask, Related searches, Popular products"
apple tv 4k 2 generation,"Informational, Transactional",40,480,46,0.50,"Reviews, Video, People also ask, Related searches, Popular products"
apple tv 4k 3 generation,"Informational, Transactional",36,480,49,0.34,"Reviews, People also ask, Related searches, Popular products"
apple tv 4k 3rd generation,"Informational, Transactional",37,480,48,0.34,"People also ask, Related searches, Popular products"
apple tv 4k apple tv,"Navigational, Transactional",41,480,50,0.38,"Sitelinks, Reviews, Video, People also ask, Related searches"
apple tv hd,"Informational, Transactional",44,480,39,0.53,"Reviews, People also ask, Related searches"
aufnahmefunktion receiver,Commercial,44,480,14,0.46,"Reviews, Video, People also ask, Related searches, Popular products"
automobile dvd player,"Informational, Transactional",44,480,24,0.12,"Sitelinks, Reviews, Video, Video carousel, People also ask, Related searches"
best iptv player,Commercial,45,480,34,0.00,"Sitelinks, AI Overview, Reviews, Video, Video carousel, People also ask, Related searches"
bester iptv anbieter,Commercial,47,480,21,0.00,"Sitelinks, AI Overview, Video, Video carousel, People also ask, Related searches"
bester iptv player,Commercial,44,480,28,0.00,"AI Overview, Reviews, Video, People also ask, Related searches"
ci modul für tv,Commercial,49,480,30,0.52,"Reviews, Video, Video carousel, People also ask, Related searches, Popular products"
directe rtl,"Navigational, Transactional",31,480,71,0.01,"Sitelinks, Reviews, Video, People also ask, Related searches, Ads bottom"
download sky go,"Informational, Transactional",33,480,53,0.34,"AI Overview, Reviews, People also ask, Related searches"
dvb t2 antenne test,Commercial,39,480,24,0.11,"Reviews, Video, People also ask, Related searches, Popular products, Ads bottom"
dvd player automobile,"Informational, Transactional",42,480,25,0.12,"Sitelinks, Reviews, Video, Video carousel, People also ask, Related searches, Popular products"
fernbedienung vodafone,"Informational, Transactional",38,480,29,0.84,"Image pack, Video, People also ask, Related searches, Popular products"
fernseh kostenlos,Commercial,38,480,50,0.57,"Reviews, Video, People also ask, Related searches"
fernseh live,Commercial,35,480,85,0.54,"Reviews, Video, Top stories, Related searches"
fernseh live stream,Commercial,38,480,73,0.73,"Reviews, Video, Related searches"
fernsehen mit receiver integriert,Commercial,51,480,18,0.16,"Reviews, Video, People also ask, Related searches, Popular products, Ads bottom"
fernsehen mit zimmerantenne,Commercial,46,480,30,0.26,"Reviews, Video, People also ask, Related searches, Popular products, Ads top, Ads bottom"
fernsehen ohne kabel und satellit und internet,Commercial,43,480,28,0.98,"Sitelinks, Video, Video carousel, People also ask, Related searches, Popular products, Ads top, Ads middle"
fernsehen rtl live,"Navigational, Transactional",34,480,57,0.65,"Reviews, Video, People also ask, Related searches"
fernseher 32 zoll full hd,Commercial,39,480,30,0.18,"Sitelinks, Video, Video carousel, People also ask, Related searches, Popular products"
fernsehgeräte mit internet,Commercial,44,480,24,0.51,"Reviews, Video, People also ask, Related searches, Popular products"
fire tv stick alternativen,"Informational, Commercial",38,480,19,0.48,"Sitelinks, AI Overview, Reviews, Video, People also ask, Related searches"
flixy tv stick mediamarkt,Transactional,52,480,36,0.45,"Sitelinks, Reviews, Video, People also ask, Related searches"
fritz box 5590 fiber preis,Transactional,47,480,28,0.29,"Sitelinks, Reviews, People also ask, Related searches, Popular products"
fritzbox 6690 cable preis,Transactional,45,480,28,0.72,"Featured snippet, People also ask, Knowledge panel, Related searches"
fussball rtl live stream,"Navigational, Transactional",37,480,48,0.91,"Reviews, Video, People also ask, Related searches"
hd karte tv,Commercial,49,480,30,0.46,"Reviews, Video, People also ask, Related searches, Popular products"
hd plus karte kaufen,Transactional,40,480,27,0.46,"People also ask, Related searches, Popular products"
hd stick,Commercial,50,480,34,1.62,"Reviews, Image pack, Video, Video carousel, People also ask, Related searches, Popular products"
hd+ karte kaufen aldi,Transactional,41,480,17,0.42,"Reviews, Image pack, People also ask, Related searches, Popular products"
internet fernsehgeräte,Commercial,49,480,27,0.51,"Reviews, Video, People also ask, Related searches"
iptv application android,"Informational, Transactional",45,480,37,0.00,"AI Overview, Reviews, Video, Video carousel, People also ask, Related searches"
iptv box sky,"Informational, Transactional",60,480,32,0.00,"AI Overview, Reviews, Video, Video carousel, People also ask, Related searches"
iptv line kaufen,Commercial,50,480,6,0.00,"Video, People also ask, Popular products"
iptv player win,"Informational, Commercial",44,480,27,0.00,"Sitelinks, AI Overview, Reviews, Video, Video carousel, Related searches"
iptv provider,"Informational, Commercial",49,480,34,0.00,"Sitelinks, AI Overview, Video, Video carousel, People also ask, Related searches"
iptvgermany,Commercial,41,480,10,0.88,"Video, Related searches, Ads middle"
ist wow sky,"Informational, Commercial",40,480,29,2.93,"Sitelinks, AI Overview, Reviews, Video, Video carousel, People also ask, Knowledge panel, Related searches, Ads bottom, Ads middle"
jbl karaoke box,Commercial,45,480,30,0.23,"Sitelinks, Reviews, Image pack, Video, People also ask, Related searches, Popular products, Ads bottom"
jbl party boxes,"Informational, Transactional",47,480,29,0.34,"Reviews, Related searches, Popular products"
jetzt bei sky,"Informational, Transactional",35,480,43,0.00,"AI Overview, Reviews, Video, People also ask, Related searches"
kartina tv box,Commercial,50,480,12,0.05,"Reviews, People also ask, Related searches, Popular products"
kleinen fernseher,Commercial,42,480,22,0.16,"Reviews, Image, Image pack, Video, People also ask, Related searches, Popular products"
kleiner tv,Commercial,43,480,23,0.14,"Reviews, Video, People also ask, Related searches, Popular products"
kostenlos rtl live schauen,Commercial,38,480,46,0.94,"AI Overview, Reviews, Video, People also ask, Related searches"
lg 85 zoll,Commercial,39,480,30,0.39,"People also ask, Related searches, Popular products"
lg oled 85 zoll,Commercial,40,480,30,0.35,"People also ask, Related searches, Popular products"
live canal tv,"Informational, Transactional",35,480,36,0.00,"Reviews, Video, People also ask, Related searches"
live rtl gucken,"Navigational, Transactional",31,480,51,1.01,"Sitelinks, Reviews, Video, People also ask, Related searches"
livetv übertragung,"Navigational, Transactional",35,480,20,1.47,"Reviews, Video, People also ask, Related searches"
mac sky go,"Informational, Transactional",31,480,36,0.57,"Reviews, People also ask, Related searches"
magentatv one 2. generation,Commercial,47,480,29,2.26,"Sitelinks, Reviews, Video carousel, People also ask, Knowledge panel, Related searches"
magentatv testen,Commercial,38,480,24,3.43,"AI Overview, Reviews, Video, People also ask, Related searches"
mein netflix,"Navigational, Transactional",44,480,65,0.00,"People also ask, Related searches"
mibox,"Informational, Transactional",49,480,33,0.20,"Reviews, Video, Video carousel, People also ask, Related searches, Popular products"
mini dvd player,"Informational, Commercial",44,480,24,0.07,"Image pack, Video, Video carousel, People also ask, Related searches, Popular products"
mobile and tv,"Informational, Transactional",42,480,17,0.34,"Reviews, Image, Video, Video carousel, People also ask, Related searches"
netflix abo deutschland,"Informational, Transactional",42,480,56,1.16,"Sitelinks, AI Overview, Reviews, People also ask, Related searches"
netflix abos vergleich,Commercial,42,480,46,0.42,"AI Overview, Reviews, Video, People also ask, Related searches"
netflix deutschland preis,Transactional,42,480,48,1.22,"AI Overview, Reviews, Video, People also ask, Related searches"
netflix deutschland preise,Transactional,43,480,51,1.22,"AI Overview, Reviews, People also ask, Related searches"
netflix movie,"Navigational, Transactional",33,480,100,0.42,"Video, People also ask, Related searches"
netflix probe abo,"Informational, Transactional",38,480,38,1.48,"Reviews, Video, People also ask, Related searches"
netflix serien liste,Commercial,36,480,49,0.03,"Sitelinks, Video, People also ask, Related searches"
netflix-abo preise,Transactional,42,480,41,0.81,"AI Overview, Reviews, Video, People also ask, Related searches"
neue fime netflix,Commercial,32,480,50,0.18,"Video, People also ask, Related searches"
online tv online free,Commercial,37,480,56,1.22,"AI Overview, Reviews, Video, Knowledge panel, Related searches, Ads bottom"
party box 710,"Informational, Transactional",44,480,20,0.42,"Reviews, Video, Video carousel, People also ask, Related searches, Popular products, Ads bottom"
party box jbl,"Informational, Transactional",46,480,30,0.27,"Reviews, Video, People also ask, Related searches, Popular products, Ads middle"
party box test,Commercial,37,480,27,0.23,"Sitelinks, Reviews, Video, Video carousel, People also ask, Related searches, Ads top, Ads middle"
preise sky pakete,Transactional,41,480,43,1.03,"Sitelinks, AI Overview, Reviews, People also ask, Related searches, Ads top, Ads bottom"
probeabo sky,"Informational, Commercial",32,480,58,0.59,"Sitelinks, AI Overview, Reviews, Video, People also ask, Related searches, Ads bottom"
roku express 4k,"Informational, Transactional",47,480,31,0.18,"Reviews, Video, Video carousel, People also ask, Knowledge panel, Related searches"
router vodafone kaufen,Transactional,45,480,37,1.20,"Reviews, People also ask, Related searches, Popular products, Ads top, Ads bottom"
rtl 2 live stream joyn,"Navigational, Transactional",35,480,56,0.69,"Reviews, Video, People also ask, Related searches"
rtl aktuell sendung verpasst,"Informational, Transactional",30,480,47,0.00,"Reviews, Video, People also ask, Related searches"
rtl free tv stream,"Navigational, Transactional",36,480,50,0.75,"Reviews, Video, People also ask, Related searches"
rtl kostenlos anschauen,Commercial,35,480,46,0.80,"Reviews, Video, People also ask, Related searches"
rtl live schauen kostenlos,"Navigational, Transactional",34,480,50,0.94,"Sitelinks, Reviews, Video, People also ask, Related searches, Ads bottom"
rtl live stream fußball,"Navigational, Transactional",37,480,43,0.91,"Reviews, Video, Related searches"
rtl live stream tv kostenlos,Commercial,36,480,46,0.00,"Reviews, Video, People also ask, Related searches"
rtl nitro livestream kostenlos,Commercial,35,480,26,0.00,"Sitelinks, Reviews, Video, People also ask, Related searches"
rtl plus preis,Transactional,37,480,50,0.70,"AI Overview, Reviews, Video, People also ask, Related searches, Ads bottom, Ads middle"
rtl plus stream kostenlos,"Navigational, Transactional",37,480,51,0.31,"AI Overview, Reviews, Video, People also ask, Related searches"
rtl plus website,"Navigational, Transactional",37,480,56,1.24,"Reviews, Video, People also ask, Related searches"
rtl stram,"Navigational, Transactional",33,480,64,0.77,"Sitelinks, Reviews, Video, People also ask, Related searches"
rtl tv live kostenlos,Commercial,36,480,50,0.90,"Reviews, Video, People also ask, Related searches"
rtlplus live stream kostenlos,"Navigational, Transactional",37,480,50,0.36,"Sitelinks, Video, People also ask, Related searches, Ads bottom"
samsung 43 zoll fernseher,Commercial,40,480,30,0.23,"Video, Video carousel, People also ask, Related searches, Popular products"
samsung 43 zoll tv,Commercial,43,480,30,0.25,"Image, People also ask, Related searches, Popular products"
samsung 85 zoll tv,Commercial,42,480,30,0.45,"Reviews, People also ask, Related searches, Popular products"
samsung connect box,"Informational, Transactional",48,480,33,0.34,"Video, People also ask, Related searches, Popular products"
samsung fernseher 100 zoll,Commercial,44,480,30,0.31,"Reviews, Image, Video, People also ask, Related searches, Popular products, Ads bottom"
samsung led tv,"Informational, Transactional",41,480,34,0.23,"Video, Video carousel, People also ask, Related searches, Popular products"
samsung media markt fernseher,"Navigational, Commercial",35,480,30,0.15,"Sitelinks, People also ask, Related searches, Popular products, Ads top, Ads bottom"
sat receiver mit aufnahmefunktion,Commercial,48,480,15,0.12,"Video, People also ask, Related searches, Popular products"
sat-receiver,Commercial,48,480,29,0.13,"Video, People also ask, Related searches"
sat-receiver hd,"Informational, Commercial",54,480,25,0.13,"Video, People also ask, Related searches, Popular products"
satanlage,Commercial,44,480,18,0.35,"Reviews, Image pack, Video, Video carousel, People also ask, Related searches, Popular products"
sendung rtl verpasst,Transactional,29,480,47,0.27,"Reviews, Video, People also ask, Related searches"
sendungen rtl,"Informational, Transactional",35,480,52,0.97,"Reviews, Video, Video carousel, People also ask, Top stories, Related searches"
sky abo preise,Transactional,40,480,43,0.59,"AI Overview, Reviews, People also ask, Related searches, Ads top, Ads middle"
sky bestandskunden neue preise,Transactional,38,480,35,0.37,"AI Overview, Reviews, People also ask, Related searches"
sky cue box,"Navigational, Transactional",42,480,35,1.36,"Reviews, Video, People also ask, Related searches, Popular products"
sky disney plus,"Informational, Transactional",41,480,33,2.86,"Sitelinks, Reviews, Video, People also ask, Related searches"
sky geräte,Transactional,45,480,37,1.45,"Reviews, Image pack, People also ask, Related searches, Ads top, Ads bottom"
sky go installer,Transactional,36,480,47,0.44,"Sitelinks, Reviews, Video, People also ask, Related searches, Ads top"
sky internet,"Informational, Transactional",43,480,34,2.25,"AI Overview, Reviews, Video, People also ask, Related searches, Ads bottom"
sky q box,"Informational, Transactional",50,480,33,1.36,"Reviews, People also ask, Related searches, Popular products"
sky sport paket,"Informational, Transactional",44,480,43,1.62,"Reviews, Video, Related searches"
smart tv 85 zoll,Commercial,49,480,25,0.32,"Video, People also ask, Related searches, Popular products"
super rtl mediathek kostenlos ohne anmeldung,Transactional,32,480,26,0.00,"Reviews, Video, People also ask, Related searches"
telekom megastream,"Navigational, Transactional",39,480,24,2.77,"Sitelinks, Reviews, Video, People also ask, Related searches, Ads middle"
televizor samsung,"Informational, Transactional",44,480,48,0.29,"Reviews, People also ask, Related searches, Popular products"
telly stick,"Informational, Commercial",52,480,26,0.00,"Reviews, Video, People also ask, Related searches"
top 10 streaming-dienste,"Informational, Commercial",37,480,37,1.20,"AI Overview, Reviews, Video, People also ask, Related searches"
trl live,"Navigational, Transactional",31,480,64,0.47,"Reviews, Video, People also ask, Related searches"
tv app kostenlos ohne anmeldung,Transactional,38,480,37,0.47,"AI Overview, Reviews, Video, People also ask, Related searches"
tv for roku,"Informational, Transactional",47,480,34,0.54,"Video, People also ask, Related searches, Popular products"
tv gratis,Commercial,39,480,49,0.93,"Reviews, Video, Top stories, Related searches"
tv internet schauen,"Informational, Commercial",42,480,50,1.50,"AI Overview, Reviews, Video, People also ask, Related searches, Ads top, Ads middle"
tv kostenlos ansehen,Commercial,38,480,38,0.54,"Reviews, Video, People also ask, Related searches"
tv live gratis,Commercial,38,480,57,0.52,"Reviews, Video, People also ask, Related searches"
tv online free online tv,Commercial,39,480,50,1.22,"AI Overview, Reviews, Video, Related searches"
tv online gratis pro tv,Commercial,39,480,48,0.00,"Reviews, Related searches"
voxup live stream kostenlos ohne anmeldung,"Navigational, Transactional",37,480,50,0.00,"Reviews, Related searches"
waipu tv alternativen,Commercial,37,480,21,0.61,"Sitelinks, AI Overview, Reviews, Video, People also ask, Related searches"
web magentatv,Commercial,39,480,55,5.00,"AI Overview, Reviews, Video, People also ask, Related searches"
welche netflix abos gibt es,"Informational, Transactional",46,480,50,1.20,"AI Overview, People also ask, Related searches"
welcher tv stick ist der beste,Commercial,45,480,31,0.49,"Featured snippet, Video, People also ask, Related searches"
wlan für sat receiver,Commercial,56,480,24,0.13,"Sitelinks, Video, People also ask, Related searches, Popular products"
wow angebot sport,"Informational, Commercial",36,480,34,1.30,"AI Overview, Reviews, Video, People also ask, Related searches, Ads top, Ads bottom"
wow fußball abo,Commercial,35,480,39,1.13,"AI Overview, Reviews, Video, Related searches, Ads top, Ads bottom"
www rtl now de,"Navigational, Transactional",29,480,70,0.04,"Sitelinks, Reviews, Video, People also ask, Related searches"
xiaomi fernseher 65 zoll,"Informational, Transactional",43,480,31,0.17,"Sitelinks, Reviews, Image, Video, People also ask, Related searches, Popular products"
xiaomi stick,"Informational, Transactional",41,480,37,0.14,"Reviews, People also ask, Related searches, Popular products"
xiaomi t v,"Informational, Transactional",54,480,32,0.14,"Reviews, People also ask, Related searches, Popular products"
xiaomi tele,"Informational, Transactional",37,480,35,0.14,"Reviews, Video, People also ask, Related searches, Popular products"
xiaomi tv box s 2nd gen,"Informational, Transactional",48,480,36,0.18,"Reviews, Image, Image pack, People also ask, Related searches, Popular products"
zimmer tv antenne,Commercial,46,480,22,0.31,"Sitelinks, Video, People also ask, Popular products"
zimmerantenne fernsehen,Commercial,41,480,29,0.26,"Reviews, Video, People also ask, Related searches, Popular products"
zimmerantenne für fernseher,Commercial,44,480,24,0.26,"Video, People also ask, Related searches, Popular products"
zimmerantenne für tv,Commercial,42,480,24,0.31,"Video, People also ask, Related searches, Popular products"
2nd gen apple tv,"Informational, Transactional",42,390,45,0.14,"Reviews, Video, People also ask, Related searches, Popular products"
32 zoll fernseher media markt,"Informational, Transactional",40,390,30,0.17,"Video, People also ask, Related searches, Popular products"
32 zoll led full hd fernseher,Commercial,43,390,30,0.18,"Sitelinks, Video, Video carousel, People also ask, Related searches, Popular products"
40 zoll fernseher angebote,Commercial,42,390,24,0.19,"Video, People also ask, Related searches, Popular products"
6660 fritzbox,"Informational, Transactional",47,390,30,1.44,"Sitelinks, Reviews, Video, People also ask, Knowledge panel, Related searches"
70 zoll fernseher samsung,Commercial,44,390,30,0.22,"Reviews, Image, Video, People also ask, Related searches, Popular products"
and tv live streaming free,Commercial,33,390,49,0.95,"Reviews, Video, People also ask, Related searches"
android tv box test,Commercial,45,390,34,0.14,"Sitelinks, Reviews, Video, People also ask, Related searches"
antenne fernseher,Commercial,42,390,25,0.47,"Video, People also ask, Related searches, Popular products"
antenne für fernseher,Commercial,44,390,20,0.37,"Video, People also ask, Related searches, Popular products"
app für fernsehen,"Informational, Commercial",43,390,48,1.55,"AI Overview, Reviews, Video, People also ask, Related searches"
apple tv anmelden,"Navigational, Transactional",38,390,44,1.31,"Sitelinks, Video, People also ask, Related searches"
apple tv f1,"Informational, Transactional",34,390,50,0.00,"Reviews, Video, People also ask, Related searches"
aspple tv,"Navigational, Transactional",39,390,70,0.61,"Sitelinks, Reviews, Video, People also ask, Related searches, Popular products"
best android tv box,Commercial,44,390,32,0.33,"Sitelinks, Video, People also ask, Related searches, Popular products"
best rated android tv box,Commercial,40,390,38,0.27,"Sitelinks, Video, Video carousel, People also ask, Related searches, Popular products"
beste android tv box,Commercial,44,390,24,0.27,"Sitelinks, Reviews, Video, Video carousel, People also ask, Related searches"
beste iptv,Commercial,53,390,18,0.00,"Sitelinks, AI Overview, Video, People also ask, Related searches"
beste streambox,Commercial,53,390,31,0.67,"Reviews, Video, People also ask, Related searches, Popular products, Ads middle"
beste streaming box,Commercial,57,390,19,0.67,"Reviews, Video, People also ask, Related searches, Popular products"
bester tv stick,Commercial,47,390,29,0.59,"Sitelinks, AI Overview, Reviews, Video, People also ask, Related searches"
bestes iptv,Commercial,52,390,32,0.00,"AI Overview, Video, People also ask, Related searches"
dvb t2 antennen test,Commercial,38,390,30,0.11,"Reviews, Video, People also ask, Related searches, Popular products, Ads bottom"
dvb-t2-antenne,"Informational, Commercial",41,390,19,0.18,"Video, People also ask, Related searches, Popular products"
dvbt 2 antenne,Commercial,41,390,26,0.17,"Reviews, Video, People also ask, Related searches, Popular products, Ads top, Ads bottom"
dvbt 2 receiver,Commercial,47,390,19,0.23,"Video, People also ask, Related searches, Popular products"
fernseh mit antenne,Commercial,44,390,22,0.53,"Reviews, Image pack, Video, People also ask, Related searches, Popular products"
fernsehen 55 zoll samsung,Commercial,48,390,30,0.00,"People also ask, Related searches, Popular products"
fernsehen app,"Informational, Commercial",40,390,51,1.56,"AI Overview, Reviews, Video, People also ask, Related searches, Ads bottom"
fernsehen kostenlos ohne anmeldung,"Navigational, Transactional",33,390,42,0.69,"Reviews, Video, People also ask, Related searches"
fernsehen samsung angebot,Commercial,40,390,25,0.20,"Related searches, Popular products"
fernsehen über zimmerantenne,Commercial,41,390,29,0.26,"Reviews, Video, People also ask, Related searches, Ads middle"
fernseher 32 zoll 4k,Commercial,42,390,24,0.25,"Sitelinks, Image, Video, People also ask, Related searches, Popular products"
fernseher 50 zoll günstig,Commercial,45,390,24,0.00,"People also ask, Related searches, Popular products"
fernseher 85 zoll angebote,Commercial,46,390,24,0.28,"Video, People also ask, Related searches, Popular products, Ads middle"
fernseher antenne,"Informational, Commercial",41,390,27,0.39,"Image pack, Video, People also ask, Related searches, Popular products"
fernseher full hd 32 zoll,Commercial,43,390,27,0.18,"Sitelinks, Video, People also ask, Related searches, Popular products"
fernseher live,Commercial,40,390,73,0.79,"Reviews, Video, People also ask, Top stories, Related searches"
fernsehgeräte mit dvb t2,Commercial,42,390,17,0.35,"Sitelinks, Reviews, Video, People also ask, Related searches, Popular products"
fernsehn rtl,"Informational, Commercial",34,390,62,0.80,"Video, People also ask, Top stories, Related searches"
festplattenreceiver,"Informational, Commercial",48,390,22,0.16,"Video, People also ask, Related searches"
film neu netflix,"Informational, Transactional",33,390,50,0.00,"Video, People also ask, Related searches"
filme und serien bei netflix,"Informational, Transactional",40,390,59,0.61,"Video, People also ask, Related searches"
free television,"Informational, Commercial",37,390,52,0.74,"Reviews, Video, People also ask, Top stories, Related searches, Ads bottom"
freenet dvb t2,"Informational, Transactional",45,390,33,0.38,"Reviews, Image, Video, People also ask, Related searches, Ads bottom"
fritz box 5590 glasfaser,"Informational, Transactional",45,390,21,0.21,"Reviews, Video, Video carousel, People also ask, Related searches, Popular products"
fritzbox cabel,Commercial,48,390,22,0.70,"Reviews, Video, People also ask, Related searches, Popular products"
fritzbox kabelmodem,"Informational, Transactional",48,390,21,0.68,"Reviews, Video, People also ask, Related searches, Popular products"
full hd 32 zoll fernseher,Commercial,39,390,28,0.18,"Sitelinks, Video, Video carousel, People also ask, Related searches, Popular products"
full hd fernseher 32 zoll,Commercial,39,390,30,0.18,"Video, Video carousel, People also ask, Related searches, Popular products"
fußball live stream rtl,"Navigational, Transactional",35,390,49,0.91,"Reviews, Video, People also ask, Related searches"
geräte sky,"Navigational, Transactional",39,390,41,1.54,"Reviews, Video, People also ask, Related searches, Ads bottom"
gigaset 100 box,"Informational, Transactional",41,390,15,0.26,"People also ask, Related searches, Popular products"
gzsz live,Transactional,33,390,46,0.02,"Reviews, Video, People also ask, Related searches"
hd+ karte 12 monate,Commercial,40,390,22,0.49,"People also ask, Related searches, Popular products"
hd+ mit modul,"Informational, Transactional",47,390,20,0.61,"Reviews, Video, People also ask, Related searches, Popular products"
high definition satellite receiver,Commercial,44,390,19,0.33,"Reviews, Video, Related searches, Popular products"
hue sync box 8k,Commercial,41,390,32,0.52,"Reviews, Image pack, Video, Video carousel, People also ask, Related searches, Ads top"
ip tv box,"Informational, Commercial",76,390,19,1.20,"Video, Video carousel, People also ask, Related searches, Popular products"
iptv anbieter alle sender,Commercial,49,390,19,0.00,"AI Overview, Video, People also ask, Related searches"
iptv app android,"Informational, Commercial",50,390,38,0.00,"AI Overview, Reviews, Video, People also ask, Related searches"
iptv premium,"Informational, Commercial",46,390,15,0.00,"AI Overview, Reviews, Video, Video carousel, People also ask, Related searches"
jbl party,"Informational, Transactional",37,390,36,0.41,"Reviews, People also ask, Related searches, Popular products"
jbl partybox 710 akku,"Informational, Commercial",40,390,35,0.36,"Reviews, Video, Video carousel, People also ask, Related searches, Popular products"
jbl partybox mit mikrofon,"Informational, Transactional",41,390,29,0.26,"Image pack, Video, People also ask, Related searches, Popular products, Ads bottom"
kabelfernsehen verstärker,Commercial,51,390,14,0.09,"Video, People also ask, Related searches, Popular products"
kaon kabelreceiver,"Informational, Commercial",51,390,14,0.00,"Reviews, Video, People also ask, Related searches, Popular products"
karte für tv hd,Commercial,50,390,35,0.46,"Reviews, Video, People also ask, Related searches, Popular products"
kleine fernseher für die küche,Commercial,45,390,14,0.16,"Sitelinks, Image, Video, People also ask, Related searches, Popular products"
kleinen fernseher für küche,Commercial,44,390,19,0.16,"Video, People also ask, Related searches, Popular products"
kleiner fernseher 20 zoll,Commercial,40,390,24,0.17,"Reviews, People also ask, Related searches, Popular products, Ads bottom"
kosten sky sport,"Informational, Transactional",42,390,49,0.96,"Sitelinks, AI Overview, Reviews, Video, People also ask, Related searches, Ads top, Ads bottom"
kostenlos fernsehen ohne anmeldung,"Navigational, Transactional",34,390,35,0.41,"Reviews, Video, People also ask, Related searches, Ads middle"
kostenlos internet tv,"Informational, Commercial",42,390,52,0.64,"Reviews, Video, People also ask, Related searches"
kostenlos rtl schauen live,Commercial,37,390,44,0.94,"Reviews, Video, People also ask, Related searches"
kostenlos streamen tv,Commercial,39,390,41,0.57,"AI Overview, Reviews, Video, People also ask, Related searches"
live stream tv free,Commercial,37,390,59,1.58,"Reviews, Video, People also ask, Related searches"
livestream rtl kostenlos,Transactional,38,390,60,1.04,"Sitelinks, Reviews, Video, People also ask, Related searches"
lohnt sich magentatv,"Informational, Commercial",40,390,22,5.80,"Sitelinks, AI Overview, Reviews, Video, People also ask, Related searches, Ads middle"
magenda,Commercial,26,390,27,2.60,"Reviews, Image, Video, People also ask, Related searches"
magenta receiver 401,"Informational, Transactional",43,390,24,0.90,"Reviews, Video, Video carousel, People also ask, Knowledge panel, Related searches"
magenta tv 1. generation,Commercial,39,390,28,4.36,"Reviews, Video, People also ask, Related searches"
magenta tv flex preis,Transactional,47,390,35,5.72,"Sitelinks, AI Overview, Reviews, People also ask, Related searches"
magents,"Informational, Transactional",28,390,82,2.88,"Reviews, Image, Image pack, Video, People also ask, Knowledge panel, Related searches"
media markt fernseher samsung,"Informational, Transactional",39,390,30,0.15,"Video, People also ask, Related searches, Popular products, Ads bottom"
mi android tv box,"Informational, Transactional",49,390,40,0.20,"Reviews, Video, Video carousel, People also ask, Related searches, Popular products"
mi tv xiaomi,"Informational, Transactional",44,390,35,0.14,"Reviews, People also ask, Related searches, Popular products"
netflix abonnement deutschland,"Informational, Transactional",42,390,50,0.93,"AI Overview, Reviews, People also ask, Related searches"
netflix account kosten,"Informational, Transactional",44,390,58,1.11,"AI Overview, Reviews, People also ask, Related searches"
netflix bezahlen,"Informational, Transactional",39,390,41,0.77,"Video, Video carousel, People also ask, Related searches"
netflix plan,"Navigational, Transactional",41,390,73,1.74,"Reviews, Image pack, Video, People also ask, Related searches"
oled samsung fernseher,Commercial,43,390,26,0.59,"Video, Video carousel, People also ask, Related searches, Popular products"
player iptv windows,"Informational, Commercial",44,390,21,0.00,"Sitelinks, AI Overview, Reviews, Video, Video carousel, Related searches"
preis netflix,Transactional,45,390,49,0.77,"AI Overview, Reviews, Video, People also ask, Related searches"
prosieben live-stream kostenlos ohne anmeldung joyn,"Navigational, Transactional",31,390,49,0.27,"AI Overview, Reviews, People also ask, Related searches"
receiver für internet,Commercial,52,390,21,2.01,"Sitelinks, Reviews, Video, People also ask, Related searches, Popular products"
receiver für tv,Commercial,55,390,28,0.59,"Video, People also ask, Related searches, Popular products"
receiver über internet,Commercial,53,390,23,1.52,"Sitelinks, Reviews, Video, People also ask, Related searches, Popular products, Ads top, Ads bottom"
recommended android tv box,"Informational, Commercial",44,390,27,0.33,"Sitelinks, Reviews, Video, Video carousel, People also ask, Related searches, Popular products"
roco tv stick,"Informational, Transactional",44,390,24,0.28,"Reviews, Video, People also ask, Related searches, Popular products, Ads middle"
roku express roku,"Informational, Transactional",44,390,29,0.21,"Sitelinks, Reviews, Video, Video carousel, People also ask, Related searches, Popular products"
rtl 2 kostenlos streamen,Commercial,36,390,31,1.27,"Reviews, Video, People also ask, Related searches"
rtl 2 stream kostenlos,Transactional,36,390,26,1.39,"Reviews, Video, People also ask, Related searches"
rtl 2ix2,"Navigational, Transactional",34,390,22,0.00,"Sitelinks, Reviews, People also ask, Related searches"
rtl aktuell heute 18 45 uhr verpasst,"Informational, Transactional",30,390,40,0.00,"Video, People also ask, Related searches"
rtl aktuell kostenlos ansehen,"Informational, Transactional",33,390,43,0.00,"Reviews, Video, People also ask, Knowledge panel, Related searches"
rtl deutschland live,"Navigational, Transactional",33,390,51,0.57,"Reviews, Video, People also ask, Related searches"
rtl fernsehn live,"Navigational, Transactional",33,390,54,0.65,"Reviews, Video, People also ask, Related searches"
rtl jetzt live stream,"Navigational, Transactional",34,390,64,0.62,"Reviews, Video, People also ask, Related searches"
rtl kostenlos ansehen,Transactional,36,390,50,0.80,"Sitelinks, Reviews, Video, Video carousel, People also ask, Related searches"
rtl live anschauen,Commercial,34,390,46,0.76,"Reviews, Video, People also ask, Related searches, Ads bottom"
rtl live streamen kostenlos,Transactional,34,390,48,1.07,"Reviews, Video, People also ask, Related searches"
rtl livestream fußball,"Informational, Transactional",35,390,50,0.91,"Reviews, Video, People also ask, Related searches"
rtl livestrem,Transactional,34,390,52,0.63,"Reviews, Video, People also ask, Related searches"
rtl mediatek,"Informational, Transactional",35,390,52,0.14,"Reviews, Video, People also ask, Related searches"
rtl plus fußball heute,"Navigational, Transactional",34,390,37,0.80,"Reviews, Video, Related searches"
rtl plus sport,"Navigational, Transactional",40,390,31,1.39,"Reviews, Video, People also ask, Related searches, Ads middle"
rtl programm jetzt live,"Navigational, Transactional",47,390,75,0.54,"Sitelinks, Video, People also ask, Related searches, Ads bottom"
rtl s,"Navigational, Transactional",32,390,85,0.00,"Sitelinks, Reviews, Video, Related searches"
rtl-aktuell online ansehen,"Informational, Transactional",33,390,41,0.00,"Reviews, Video, People also ask, Knowledge panel, Related searches"
rtl2 live kostenlos,Transactional,38,390,30,1.09,"Reviews, Video, People also ask, Related searches"
rtl2 live stream kostenlose,Commercial,36,390,28,0.00,"Reviews, Video, People also ask, Related searches"
rtlive,"Informational, Transactional",47,390,26,1.92,"Video, People also ask"
samsung 32 zoll,Commercial,42,390,30,0.24,"People also ask, Related searches, Popular products"
samsung angebot tv,Commercial,39,390,31,0.28,"Reviews, Video, People also ask, Related searches, Popular products"
samsung fernseher 4k,Commercial,40,390,29,0.22,"People also ask, Related searches, Popular products"
samsung tv 55 zoll aktion,Commercial,38,390,24,0.22,"People also ask, Related searches, Popular products"
samsung tv angebote,Commercial,40,390,23,0.30,"Reviews, Image, People also ask, Related searches, Popular products, Ads bottom"
sat receiver von technisat,"Navigational, Transactional",46,390,21,0.16,"Sitelinks, Video, People also ask, Related searches, Popular products"
sat splitter,Commercial,45,390,12,0.14,"Reviews, Video, Video carousel, People also ask, Related searches, Popular products, Ads bottom"
satelliten tv anlage,"Informational, Transactional",48,390,17,0.34,"Sitelinks, Reviews, Image pack, Video, Video carousel, People also ask, Knowledge panel, Related searches, Popular products, Ads bottom"
sky bundesliga paket,Transactional,42,390,40,2.75,"People also ask, Related searches"
sky bundesliga tagesticket,Transactional,37,390,27,3.47,"Reviews, People also ask, Related searches"
sky download,"Navigational, Transactional",36,390,49,0.51,"AI Overview, Reviews, Video, Related searches"
sky entertainment paket,"Informational, Transactional",42,390,36,1.50,"AI Overview, Reviews, Video, People also ask, Related searches"
sky go macbook,"Informational, Transactional",33,390,32,0.57,"Sitelinks, Reviews, Video, People also ask, Related searches"
sky jetzt,Transactional,35,390,49,1.23,"Video, People also ask, Related searches"
sky kostenlos testen,Commercial,40,390,20,1.21,"Sitelinks, AI Overview, Reviews, Video, People also ask, Related searches"
sky sport angebot,"Informational, Transactional",40,390,46,2.46,"Reviews, Video, People also ask, Related searches"
sky ticket bundesliga 9 99,"Informational, Transactional",31,390,35,3.03,"Reviews, Video, People also ask, Related searches"
sky ticket sport,Transactional,36,390,62,3.50,"Sitelinks, Reviews, Video, People also ask, Related searches"
skygo download,Transactional,35,390,46,0.34,"Reviews, People also ask, Related searches"
stream hd,Commercial,42,390,19,1.18,"Reviews, People also ask, Related searches"
streaming box test,Commercial,50,390,24,0.39,"Sitelinks, Reviews, Video, Related searches, Ads middle"
streaming rtl2,Commercial,39,390,35,0.75,"Sitelinks, Reviews, Video, People also ask, Related searches"
super rtl live kostenlos,Transactional,34,390,34,0.00,"Reviews, Video, People also ask"
tele apple,"Informational, Transactional",40,390,56,0.69,"Image pack, People also ask, Related searches, Popular products"
telekom fernbedienung,"Informational, Transactional",41,390,22,0.63,"Reviews, Image pack, Video, People also ask, Related searches"
telekom speedbox 2,"Informational, Transactional",45,390,38,0.63,"Sitelinks, Reviews, Video, Video carousel, People also ask, Knowledge panel, Related searches"
telkom magenta tv,"Navigational, Transactional",47,390,42,3.26,"Sitelinks, Reviews, Video, People also ask, Related searches"
test android box tv,"Informational, Commercial",48,390,30,0.14,"Reviews, Video, Video carousel, People also ask, Related searches, Popular products"
test dvb t2 antenne,Commercial,40,390,29,0.11,"Sitelinks, Reviews, Video, People also ask, Related searches, Ads middle"
test tv box android,Commercial,45,390,30,0.14,"Reviews, Video, Video carousel, People also ask, Related searches, Popular products"
top rated android tv box,"Informational, Commercial",43,390,26,0.33,"Sitelinks, Reviews, Video, Video carousel, People also ask, Related searches, Popular products"
tv 4k,Commercial,39,390,32,0.26,"Reviews, Video, Video carousel, People also ask, Related searches, Popular products, Ads top, Ads bottom"
tv android box test,"Informational, Commercial",43,390,30,0.14,"Sitelinks, Reviews, Video, Video carousel, People also ask, Related searches, Popular products"
tv apple com,"Navigational, Transactional",33,390,52,0.49,"Sitelinks, Reviews, People also ask, Related searches"
tv deutsche,Commercial,38,390,62,0.82,"Reviews, Video, Related searches, Ads bottom"
tv live tv free,Commercial,36,390,53,1.26,"AI Overview, Reviews, Video, People also ask, Related searches"
tv mit zimmerantenne,Commercial,42,390,28,0.31,"Reviews, Video, People also ask, Related searches, Popular products, Ads bottom"
tv rtl jetzt,Commercial,34,390,51,0.52,"Video, People also ask, Related searches"
tv stick test,Commercial,41,390,39,0.50,"Sitelinks, Reviews, Video, People also ask, Related searches"
tv stream kostenlos ohne anmeldung,"Navigational, Transactional",34,390,54,0.00,"Sitelinks, Reviews, Video, People also ask, Related searches"
tv streaming vergleich,Commercial,45,390,40,2.03,"Sitelinks, Reviews, Video, People also ask, Related searches, Ads middle"
tvstream,Commercial,39,390,50,2.15,"AI Overview, Reviews, Video, People also ask, Related searches"
tvzafree,Commercial,33,390,58,0.00,"Reviews, Video, Video carousel, People also ask, Related searches"
umsonst tv,Commercial,38,390,49,1.25,"Reviews, Video, People also ask, Related searches"
waipu alternative,Commercial,29,390,23,0.78,"Sitelinks, AI Overview, Reviews, Video, People also ask, Related searches"
was ist eine set top box,"Informational, Commercial",46,390,15,0.91,"AI Overview, Reviews, Video, People also ask, Related searches"
was kostet rtl +,"Informational, Commercial",37,390,45,0.99,"AI Overview, Reviews, Video, People also ask, Related searches, Ads top, Ads middle"
welche streaming dienst ist der beste,Commercial,37,390,38,1.56,"Sitelinks, AI Overview, Reviews, Video, Video carousel, People also ask, Related searches"
xiaomi mi box tv,"Informational, Transactional",47,390,41,0.00,"Video, People also ask, Knowledge panel, Related searches"
xiaomi mi tv stick,"Navigational, Transactional",40,390,37,0.15,"Reviews, Video, People also ask, Related searches, Popular products"
xiaomi smart tv,"Informational, Transactional",48,390,31,0.15,"Reviews, Video, People also ask, Related searches, Popular products"
zimmerantenne fernseher,Commercial,45,390,26,0.26,"Sitelinks, Image pack, People also ask, Related searches, Popular products"
1 1 tv,Transactional,46,320,38,0.97,"Reviews, People also ask, Related searches"
1 1tv,Transactional,41,320,35,0.97,"Reviews, Video, People also ask, Related searches"
1&1 tv box kaufen,Transactional,55,320,30,0.73,"Reviews, Video, People also ask, Related searches"
12 monate hd+ karte,Commercial,40,320,26,0.49,"People also ask, Related searches, Popular products"
2ix2 rtl live,"Navigational, Transactional",34,320,24,0.00,"Sitelinks, Reviews, Video, People also ask, Related searches"
32 zoll fernseher lg,Commercial,43,320,30,0.18,"Reviews, Image, Video, People also ask, Related searches, Popular products"
32 zoll full hd tv,Commercial,41,320,31,0.18,"Sitelinks, Video, Video carousel, People also ask, Related searches, Popular products"
32 zoll tv test,Commercial,38,320,31,0.15,"Sitelinks, Reviews, Video, Video carousel, People also ask, Related searches"
40 zoll fernseher günstig,Commercial,44,320,27,0.19,"Sitelinks, Video, People also ask, Related searches, Popular products"
4k stick,Commercial,43,320,30,0.61,"Sitelinks, Reviews, Video, Video carousel, People also ask, Related searches, Popular products"
angebote samsung fernseher,Commercial,39,320,25,0.23,"People also ask, Related searches, Popular products"
antenne für fernsehen,Commercial,42,320,24,0.34,"Video, People also ask, Related searches, Popular products"
antennenverstärker kabelfernsehen,Commercial,47,320,15,0.11,"Video, People also ask, Related searches, Popular products"
app fernsehprogramm,"Informational, Commercial",34,320,45,0.77,"Reviews, Video, People also ask, Related searches, Ads bottom"
apple store movies,"Navigational, Transactional",30,320,39,0.65,"AI Overview, Video, People also ask, Related searches"
apple tc,"Navigational, Commercial",31,320,69,0.62,"Sitelinks, Reviews, Video, People also ask, Related searches"
apple tv 128gb,"Informational, Transactional",42,320,33,0.22,"Video, People also ask, Knowledge panel, Related searches"
apple tv 4,"Informational, Transactional",42,320,63,0.63,"Sitelinks, Reviews, People also ask, Related searches"
apple tv 4k 3 gen,"Informational, Transactional",37,320,42,0.53,"People also ask, Related searches, Popular products"
apple tv 4k 4 gen,"Informational, Transactional",41,320,44,0.42,"Reviews, Video, People also ask, Related searches, Popular products"
apple tv 4k refurbished,Commercial,34,320,30,0.38,"Related searches, Popular products"
apple tv 5 generation,"Navigational, Transactional",40,320,39,0.40,"Sitelinks, Reviews, Video, People also ask, Related searches"
apple tv a1427,"Informational, Transactional",40,320,40,0.03,"People also ask, Related searches, Popular products"
apple tv deutsch,"Navigational, Transactional",35,320,56,0.82,"Sitelinks, Reviews, Video, People also ask, Related searches"
apple tv fernsehen,"Informational, Transactional",37,320,48,0.51,"Sitelinks, Reviews, Video, People also ask, Related searches"
apple tv stream,"Navigational, Transactional",35,320,56,0.85,"Sitelinks, Video, People also ask, Related searches"
appletv box,"Navigational, Transactional",53,320,47,0.37,"Sitelinks, Reviews, People also ask, Related searches, Popular products"
best player iptv,Commercial,44,320,36,0.00,"Sitelinks, AI Overview, Reviews, Video, People also ask, Related searches"
best tv box for android,Commercial,46,320,36,0.18,"Sitelinks, Video, Video carousel, People also ask, Related searches, Popular products"
best tv for android box,Commercial,43,320,36,0.33,"Sitelinks, Video, Video carousel, People also ask, Related searches, Popular products"
best tv stick,Commercial,40,320,35,0.59,"Sitelinks, AI Overview, Reviews, Image, Video, Video carousel, People also ask, Related searches"
beste iptv anbieter,Commercial,48,320,25,0.00,"Sitelinks, AI Overview, Image, Video, Video carousel, People also ask, Related searches"
beste iptv app,Commercial,45,320,25,0.00,"AI Overview, Reviews, Video, People also ask, Related searches"
bester iptv,Commercial,51,320,21,0.00,"AI Overview, Video, People also ask, Related searches"
black friday sale television,"Informational, Commercial",36,320,20,0.00,"Reviews, Video, Video carousel, People also ask, Related searches, Popular products"
black friday sky,"Informational, Transactional",49,320,35,0.00,"Reviews, Video, People also ask, Related searches"
black friday tv packages,Commercial,40,320,23,0.28,"Sitelinks, Reviews, Video, People also ask, Related searches"
box 100 gigaset,"Informational, Transactional",39,320,17,0.26,"Reviews, Video, People also ask, Related searches, Popular products"
ci modul für fernseher,Commercial,42,320,25,0.48,"Reviews, Video, Video carousel, People also ask, Related searches, Popular products"
ci modul kaufen,Transactional,45,320,30,0.50,"Video, People also ask, Related searches"
ci module für hd+,Commercial,45,320,32,0.62,"Reviews, People also ask, Related searches, Popular products"
ci+ modul vodafone kaufen,Transactional,41,320,33,1.17,"Reviews, People also ask, Related searches"
dvb t2 fernseher,"Informational, Commercial",43,320,29,0.34,"Reviews, Video, People also ask, Related searches, Popular products"
dvb t2 receiver für antenne,Commercial,41,320,25,0.23,"Sitelinks, Reviews, People also ask, Popular products"
dvb-t antenne,"Informational, Commercial",38,320,22,0.27,"Video, People also ask, Related searches, Popular products"
easy.bix,Commercial,43,320,24,1.14,"Reviews, Video, Video carousel, People also ask, Related searches, Ads top, Ads bottom"
entertainment sky,"Informational, Transactional",42,320,41,1.52,"AI Overview, Video, People also ask, Related searches, Ads bottom, Ads middle"
fernseh zimmerantenne,Commercial,43,320,29,0.26,"Video, People also ask, Related searches, Popular products"
fernsehen digital,Commercial,39,320,66,1.94,"Reviews, Video, People also ask, Top stories, Related searches"
fernsehen samsung,Commercial,41,320,43,0.22,"People also ask, Related searches, Popular products"
fernsehen samsung 55 zoll,Commercial,46,320,27,0.25,"People also ask, Related searches, Popular products"
fernsehen samsung kaufen,Transactional,41,320,35,0.28,"People also ask, Local pack, Related searches, Popular products"
fernseher 32 zoll lg,Commercial,42,320,30,0.18,"Video, People also ask, Related searches, Popular products"
fernseher 80zoll,Commercial,43,320,28,0.00,"Image, Video, People also ask, Related searches, Popular products"
fernseher bis 32 zoll test,Commercial,42,320,24,0.14,"Sitelinks, Reviews, Video, Video carousel, Related searches, Popular products"
fernseher integrierter sat receiver,Commercial,45,320,13,0.17,"Video, People also ask, Related searches, Popular products"
fernseher lg 32 zoll,Commercial,43,320,24,0.18,"Video, People also ask, Related searches, Popular products, Ads top, Ads middle"
fernsehgerät mit integriertem sat receiver,Commercial,45,320,27,0.17,"People also ask, Related searches, Popular products"
fernsehgeräte dvb t2,"Informational, Commercial",42,320,36,0.34,"Reviews, Video, People also ask, Related searches, Popular products"
fernsehn anbieter,"Informational, Commercial",48,320,61,2.32,"AI Overview, Reviews, Video, People also ask, Related searches, Ads top, Ads middle"
fernsehn kostenlos anschauen,Commercial,35,320,49,0.67,"Video, Related searches, Ads top, Ads middle"
festplattenreceiver für kabel,Commercial,55,320,24,0.11,"Reviews, Video, People also ask, Related searches, Popular products, Ads middle"
filme auf rtl plus,Transactional,29,320,38,0.11,"Reviews, Video, People also ask, Related searches, Ads top"
filme und serien auf netflix,"Informational, Transactional",40,320,60,0.61,"Video, People also ask, Related searches"
films from netflix,Transactional,29,320,58,0.00,"Video carousel, People also ask, Related searches"
free tv internet,Commercial,46,320,61,1.22,"AI Overview, Reviews, Video, People also ask, Related searches"
free tv stream online kostenlos fernsehen,Commercial,36,320,45,0.00,"Reviews, Video, People also ask, Related searches"
free tv streamen,Commercial,39,320,62,0.00,"AI Overview, Reviews, Video, People also ask, Top stories, Related searches, Ads bottom"
freies fernsehen,Commercial,39,320,44,0.53,"Reviews, Video, People also ask, Related searches, Ads top, Ads bottom"
fritz box 5590 fiber einrichten,"Informational, Transactional",38,320,23,0.00,"Image pack, Video, Video carousel, People also ask, Related searches"
fritz box cabel,"Informational, Transactional",49,320,28,0.78,"Reviews, Image pack, Video, People also ask, Related searches, Popular products, Ads bottom"
fritz kabelrouter,Commercial,45,320,35,0.61,"Sitelinks, Reviews, Video, Video carousel, People also ask, Related searches, Popular products, Ads top, Ads bottom"
fritz.box 6690,"Informational, Transactional",44,320,40,1.12,"Reviews, Video, Video carousel, People also ask, Knowledge panel, Related searches"
fritzbox für kabelmodem,Commercial,43,320,27,0.78,"Sitelinks, Reviews, Video, People also ask, Related searches, Popular products"
für kabelfernsehen receiver,Commercial,56,320,20,0.46,"Reviews, Video, Video carousel, People also ask, Related searches, Popular products"
german internet tv,Commercial,45,320,43,0.64,"Sitelinks, AI Overview, Reviews, Video, People also ask, Related searches, Ads middle"
giga tv senderliste,"Informational, Transactional",39,320,22,1.61,"Reviews, Video, People also ask, Related searches"
good android tv box,"Informational, Commercial",40,320,32,0.33,"Featured snippet, Sitelinks, Video, Video carousel, People also ask, Related searches, Popular products"
google tv vs android tv,"Informational, Commercial",33,320,19,0.00,"Sitelinks, AI Overview, Video, Video carousel, People also ask, Related searches"
günstig tv und internet,Commercial,47,320,50,1.43,"Featured snippet, Reviews, Video, People also ask, Related searches"
hd fernsehgeräte,Commercial,42,320,30,0.55,"Reviews, Video, People also ask, Related searches, Popular products, Ads top, Ads middle"
hd receiver kabel,Commercial,52,320,23,0.44,"Reviews, Video, Video carousel, People also ask, Related searches, Popular products"
high definition satellite receivers,Commercial,53,320,13,0.33,"Video, Related searches, Popular products"
internet and tv,Commercial,46,320,34,2.20,"AI Overview, Reviews, Video, People also ask, Related searches, Ads top, Ads middle"
internet receiver,Commercial,55,320,19,2.01,"Sitelinks, Reviews, Video, People also ask, Related searches, Popular products"
internet tv anbieter vergleich,Commercial,49,320,40,1.58,"Sitelinks, AI Overview, Reviews, Video, People also ask, Related searches, Ads top, Ads bottom"
internet und fernsehen telekom,Transactional,42,320,49,1.80,"Reviews, Video, People also ask, Related searches"
internetfernsehen kostenlos,"Informational, Commercial",42,320,44,0.58,"AI Overview, Reviews, Video, People also ask, Related searches, Ads bottom, Ads middle"
iptv for smart,"Informational, Transactional",53,320,27,1.22,"AI Overview, Reviews, Video, Video carousel, Related searches"
iptv for windows,Commercial,45,320,41,0.00,"Video, Video carousel, People also ask, Related searches"
iptv-anbieter vergleich,Commercial,48,320,38,0.00,"Sitelinks, AI Overview, Video, People also ask, Related searches"
jbl box 710,"Informational, Transactional",47,320,33,0.46,"Reviews, Image pack, Video, People also ask, Related searches, Popular products, Ads bottom"
jbl party box club 120,"Informational, Transactional",43,320,29,0.44,"Reviews, Video, People also ask, Knowledge panel, Related searches, Ads top, Ads bottom"
jbl partybox 510,"Informational, Transactional",37,320,30,0.33,"Video, Short videos, People also ask, Related searches, Popular products"
kabel 1 kostenlos streamen,Commercial,39,320,30,0.57,"Sitelinks, People also ask, Related searches"
kabel receiver mit festplatte,"Informational, Commercial",55,320,20,0.11,"Video, People also ask, Related searches, Popular products"
kabel verstärker,"Informational, Commercial",46,320,20,0.19,"Image pack, Video, People also ask, Related searches, Popular products"
kabelfernsehen antennenverstärker,Commercial,43,320,14,0.11,"Sitelinks, Video, People also ask, Related searches, Popular products"
kabelverstärker fernsehen,Commercial,48,320,20,0.11,"Video, People also ask, Related searches"
karte für tv,Commercial,45,320,20,0.93,"Reviews, Image pack, Video, People also ask, Related searches, Popular products, Ads bottom"
kleine fernsehen,Commercial,43,320,25,0.16,"Reviews, Image, Video, People also ask, Related searches, Popular products"
kleine satellitenschüssel,"Informational, Transactional",39,320,16,0.17,"Image, Image pack, Video, People also ask, Related searches, Popular products"
kleiner smart tv mit wlan,Commercial,51,320,27,0.16,"Reviews, People also ask, Related searches, Popular products"
kostenlos fernseh gucken,Commercial,38,320,39,0.72,"AI Overview, Reviews, Video, People also ask, Related searches"
kostenlos live stream fernsehen,Commercial,37,320,57,0.90,"Reviews, Image, Video, People also ask, Top stories, Related searches"
kostenlos tv ansehen,Commercial,35,320,43,0.48,"Reviews, Video, People also ask, Related searches"
kostenlos tv sehen,Commercial,39,320,41,0.41,"Reviews, Video, People also ask, Related searches"
kostenlose streamen,Commercial,34,320,45,0.77,"Reviews, Video, People also ask, Related searches"
liste serien netflix,Commercial,37,320,39,0.03,"Sitelinks, Video, People also ask, Related searches"
live rtl schauen kostenlos,Commercial,36,320,38,0.99,"AI Overview, Reviews, Video, People also ask, Related searches, Ads top, Ads bottom"
live stream kostenlos ohne anmeldung,"Navigational, Transactional",33,320,59,0.41,"Sitelinks, Reviews, Video, Related searches"
live tv ohne anmeldung,"Navigational, Transactional",35,320,45,1.00,"Sitelinks, Video, People also ask, Related searches"
livestream rtl 2,Commercial,37,320,41,1.02,"Reviews, Video, Related searches"
lnb testsieger,Commercial,42,320,16,0.09,"Sitelinks, Reviews, Video, Video carousel, People also ask, Related searches"
lnb twin,"Informational, Commercial",45,320,14,0.14,"Video, People also ask, Related searches, Popular products"
magenta tv tarife übersicht,"Navigational, Commercial",40,320,30,1.97,"Sitelinks, Reviews, Video, People also ask, Related searches"
magenta tv wm,"Informational, Commercial",47,320,26,4.35,"Reviews, Video, People also ask, Top stories, Related searches"
magentatv app freischalten,Commercial,36,320,25,2.61,"Reviews, Video, People also ask, Related searches"
media markt samsung fernseher,"Navigational, Transactional",36,320,30,0.16,"Sitelinks, People also ask, Related searches, Popular products"
mediamarkt fire tv stick,Transactional,37,320,32,0.34,"Image, People also ask, Related searches, Popular products, Ads top"
mi tv,"Informational, Transactional",48,320,31,0.14,"Video, Video carousel, People also ask, Related searches, Popular products"
mi tv box xiaomi,"Informational, Transactional",50,320,42,0.24,"Reviews, Image pack, Video carousel, People also ask, Knowledge panel, Related searches"
mi xiaomi tv box,"Informational, Transactional",51,320,37,0.14,"Reviews, Video, People also ask, Related searches, Popular products"
movies online netflix,"Navigational, Transactional",31,320,95,0.00,"Video, People also ask, Related searches"
multimedia receiver telekom,"Navigational, Transactional",45,320,26,1.49,"Reviews, Video, People also ask, Related searches"
netflix account kaufen,Transactional,37,320,32,0.46,"Reviews, Video, People also ask, Related searches"
netflix cenas,"Navigational, Transactional",48,320,55,1.30,"Reviews, Video, People also ask, Related searches"
netflix katalog,Transactional,34,320,60,1.55,"People also ask, Related searches"
netflix kosten deutschland,"Informational, Transactional",44,320,48,0.46,"AI Overview, Reviews, Video, People also ask, Related searches"
netflix prem,"Informational, Transactional",45,320,45,1.33,"AI Overview, Reviews, People also ask, Related searches"
netflix premium-abo,"Informational, Transactional",44,320,57,2.00,"AI Overview, Reviews, Video, People also ask, Related searches"
netflix programm heute,"Informational, Transactional",38,320,58,0.00,"Video, People also ask, Related searches"
netflix registrieren kostenlos,"Navigational, Transactional",42,320,64,2.67,"AI Overview, Video, People also ask, Related searches, Ads bottom"
netflix standard-abo,"Informational, Transactional",46,320,49,2.09,"AI Overview, Reviews, Video, People also ask, Related searches"
new apple t,"Informational, Transactional",28,320,54,0.00,"Video carousel, People also ask, Related searches, Popular products"
nydus tv rtl,"Navigational, Transactional",33,320,29,0.66,"Sitelinks, Reviews, Related searches"
online fernsehen anbieter,Commercial,51,320,37,2.76,"AI Overview, Reviews, Video, People also ask, Related searches, Ads top, Ads bottom"
online tv 2,Commercial,39,320,25,1.03,"Reviews, Video, Video carousel, Related searches"
online tv anbieter,"Informational, Commercial",53,320,37,2.82,"AI Overview, Reviews, Video, People also ask, Related searches"
party box ultimate,Commercial,41,320,14,0.30,"Reviews, Image pack, Video, Video carousel, Short videos, People also ask, Related searches, Popular products"
partyboxen,Commercial,41,320,22,0.26,"Image, Video, People also ask, Related searches, Popular products"
player dvd portable,"Informational, Transactional",46,320,24,0.06,"Reviews, Image pack, Video, Video carousel, People also ask, Related searches, Popular products"
preise sky abo,Transactional,41,320,39,0.59,"AI Overview, Reviews, Video, People also ask, Related searches, Ads top, Ads bottom"
program tv online live,Commercial,36,320,62,1.42,"Video, Related searches"
programm apple tv,"Informational, Transactional",40,320,40,0.70,"Sitelinks, Reviews, Video, People also ask, Related searches"
receiver 401 telekom,Transactional,45,320,27,0.81,"Reviews, Video, People also ask, Related searches"
receiver bei kabelfernsehen,"Informational, Commercial",52,320,22,0.46,"Reviews, Video, Video carousel, People also ask, Related searches, Popular products"
receiver für kabelfernsehen,"Informational, Commercial",54,320,23,0.25,"Video, People also ask, Related searches, Popular products, Ads bottom"
receiver mit festplatte für kabel,"Informational, Commercial",57,320,19,0.15,"Video, People also ask, Related searches, Popular products"
receiver telekom 401,Commercial,44,320,30,0.59,"Image pack, Video, People also ask, Related searches"
roku streaming stick,Transactional,44,320,30,0.19,"Reviews, Video, People also ask, Related searches, Popular products"
rtl + mediathek,"Informational, Transactional",37,320,73,0.19,"Reviews, Video, People also ask, Related searches"
rtl aktuell live stream kostenlos,"Navigational, Transactional",33,320,57,0.44,"Video, People also ask, Related searches"
rtl aktuell stream,"Informational, Transactional",33,320,47,0.00,"Reviews, Video, People also ask, Knowledge panel, Related searches"
rtl gestern,"Informational, Transactional",31,320,61,0.00,"Sitelinks, Video, People also ask, Related searches"
rtl ive,"Navigational, Transactional",36,320,70,0.47,"Reviews, Video, People also ask, Top stories, Related searches"
rtl jetzt im tv,Commercial,34,320,44,0.00,"Video, People also ask, Related searches"
rtl kostenlos online,Commercial,33,320,51,1.13,"Reviews, Video, People also ask, Related searches"
rtl live deutschland,"Navigational, Transactional",35,320,58,0.62,"Reviews, Video, People also ask, Related searches"
rtl live kostenlos ohne anmelden,"Navigational, Transactional",33,320,57,0.87,"Reviews, Video, Related searches"
rtl live kostenlos streamen,Commercial,36,320,51,1.06,"Sitelinks, Reviews, Video, People also ask, Related searches, Ads middle"
rtl live stream hd,"Navigational, Transactional",37,320,43,1.08,"Sitelinks, Reviews, Video, People also ask, Related searches"
rtl mediathek heute,Transactional,37,320,71,0.13,"People also ask, Related searches"
rtl online schauen kostenlos,Commercial,35,320,55,1.08,"Sitelinks, AI Overview, Reviews, Video, People also ask, Related searches"
rtl plus heute,"Navigational, Transactional",34,320,59,0.23,"Sitelinks, Reviews, Video, People also ask, Related searches"
rtl plus.com/buchen,"Navigational, Transactional",38,320,42,1.42,"Reviews, Video, People also ask, Ads top, Ads middle"
rtl programm gestern anschauen,"Informational, Transactional",31,320,38,0.46,"Reviews, Video, People also ask, Related searches"
rtl stream live online,Commercial,36,320,38,0.70,"AI Overview, Video, People also ask, Related searches, Ads middle"
rtl strem,"Navigational, Transactional",35,320,54,0.81,"Reviews, Video, People also ask, Top stories, Related searches, Ads top, Ads bottom"
rtl up kostenlos live,Transactional,47,320,32,0.69,"Reviews, Video, People also ask, Related searches"
rtl up live stream,"Navigational, Transactional",38,320,42,0.65,"Sitelinks, Reviews, Video, People also ask, Related searches"
rtl up stream,"Navigational, Transactional",41,320,50,0.87,"Reviews, Video, People also ask, Related searches"
rtl2 gucken kostenlos,Commercial,39,320,30,1.35,"Reviews, Video, People also ask, Related searches"
rtl2 live tv,Commercial,38,320,48,0.70,"AI Overview, Reviews, Video, People also ask, Related searches"
rtlmediathek,Commercial,35,320,52,0.19,"Reviews, Video, People also ask, Related searches, Ads top, Ads bottom"
rtlplus.com/buchen,"Navigational, Transactional",39,320,36,1.90,"Reviews, Video, People also ask, Ads top, Ads bottom"
rtltv,Transactional,36,320,71,0.44,"Reviews, Video, People also ask, Knowledge panel, Related searches, Ads middle"
samsung 60 zoll,Commercial,41,320,24,0.23,"Reviews, Image, Video, People also ask, Related searches, Popular products, Ads middle"
samsung angebote fernseher,Commercial,37,320,33,0.23,"People also ask, Related searches, Popular products"
samsung angebote tv,Commercial,40,320,33,0.24,"People also ask, Related searches, Popular products, Ads top, Ads bottom"
samsung fernseher kaufen,Transactional,40,320,39,0.29,"People also ask, Related searches, Popular products"
samsung fernseher media markt,"Navigational, Transactional",37,320,33,0.15,"People also ask, Related searches, Popular products"
samsung fernsehr,Commercial,38,320,33,0.33,"People also ask, Related searches"
samsung smart tvs,Commercial,40,320,42,0.23,"Video, People also ask, Related searches, Popular products"
samsung tv 60 zoll,Commercial,41,320,27,0.22,"Reviews, Image, People also ask, Related searches, Popular products"
samsung tv kaufen,Transactional,39,320,41,0.33,"People also ask, Related searches, Popular products"
sat receiver testsieger,Commercial,38,320,24,0.08,"Sitelinks, Reviews, Video, Video carousel, People also ask, Related searches, Popular products"
sat-anlage,Commercial,44,320,15,0.34,"Reviews, Video, People also ask, Related searches, Popular products"
satellite tv tv,Commercial,45,320,21,1.39,"Reviews, Video, Video carousel, People also ask, Knowledge panel, Related searches"
satellitenempfänger test,Commercial,51,320,24,0.08,"Sitelinks, Reviews, Video, Video carousel, People also ask, Related searches"
serien auf netflix liste,Commercial,37,320,44,0.03,"Sitelinks, AI Overview, Video, People also ask, Related searches"
serien bei netflix liste,Commercial,32,320,38,0.03,"AI Overview, People also ask, Related searches"
serien und filme auf netflix,"Informational, Transactional",40,320,63,0.64,"Video, People also ask, Top stories, Related searches"
site sky tv,"Navigational, Transactional",0,320,100,1.12,"Reviews, Video, People also ask, Related searches"
siy,"Navigational, Commercial",36,320,39,0.00,"Sitelinks, Reviews, Video, People also ask, Top stories, Related searches"
sky app download,Transactional,35,320,52,0.75,"Reviews, People also ask, Related searches"
sky buchen,"Navigational, Transactional",42,320,46,0.71,"Sitelinks, Reviews, Video, People also ask, Related searches"
sky go anmelden,"Navigational, Transactional",37,320,46,1.22,"AI Overview, Reviews, Video, People also ask, Related searches"
sky kaufen,"Navigational, Transactional",43,320,39,0.81,"Sitelinks, Reviews, Video, People also ask, Related searches, Popular products"
sky online sky go,"Navigational, Transactional",40,320,53,0.52,"AI Overview, Reviews, Video, People also ask, Related searches"
sky player online,"Navigational, Transactional",39,320,55,1.03,"People also ask, Related searches"
sky q sky,Commercial,53,320,22,2.08,"AI Overview, Video, People also ask, Related searches, Ads top, Ads bottom"
sky tv student,Transactional,34,320,43,0.00,"Reviews, Video, People also ask, Related searches"
sky/wow,"Navigational, Commercial",40,320,52,0.33,"Sitelinks, Reviews, Video, People also ask, Related searches"
skyq receiver,"Informational, Transactional",53,320,23,2.12,"Reviews, Video, Video carousel, People also ask, Related searches, Popular products"
stick tv android,Commercial,46,320,24,0.50,"Sitelinks, Reviews, Video, Video carousel, People also ask, Related searches, Popular products"
streaming anbieter vergleich,Commercial,40,320,36,1.84,"AI Overview, Reviews, Video, People also ask, Related searches"
streaming bundles,Commercial,45,320,36,1.68,"AI Overview, Reviews, Video, People also ask, Related searches, Ads top, Ads middle"
super rtl livestream joyn,Transactional,35,320,56,0.57,"Reviews, Video, People also ask, Related searches"
technisat digit isio s2,"Informational, Transactional",45,320,20,0.12,"Reviews, Video, People also ask, Related searches, Popular products"
telekom magenta tv receiver,"Informational, Transactional",48,320,25,2.90,"Reviews, Video, People also ask, Related searches"
telekom streaming,"Navigational, Transactional",39,320,50,3.12,"Reviews, Video, People also ask, Related searches"
telekom tv angebote,"Navigational, Commercial",38,320,41,2.77,"Sitelinks, Reviews, People also ask, Related searches"
telekom tv pakete,"Navigational, Transactional",44,320,64,2.10,"Sitelinks, Reviews, Video, People also ask, Related searches"
top box,"Informational, Commercial",41,320,13,0.00,"Reviews, Video, People also ask, Related searches, Popular products"
tv 80 cm,Commercial,43,320,25,0.16,"Reviews, Video, People also ask, Related searches, Popular products"
tv apple,"Navigational, Transactional",38,320,67,0.84,"Sitelinks, Reviews, Video, People also ask, Knowledge panel, Related searches"
tv box alle sender kostenlos,Commercial,48,320,41,0.73,"Reviews, Video, People also ask, Related searches, Popular products"
tv box test,Commercial,47,320,36,0.32,"Sitelinks, Reviews, Video, Video carousel, People also ask, Related searches, Ads bottom"
tv im internet schauen,Commercial,44,320,53,1.50,"AI Overview, Reviews, Video, People also ask, Related searches, Ads top, Ads bottom"
tv internet vergleich,Commercial,48,320,39,1.74,"Sitelinks, Reviews, Video, People also ask, Related searches"
tv kaufen samsung,Transactional,43,320,39,0.38,"People also ask, Related searches, Popular products"
tv kostenlos sehen,Commercial,39,320,46,0.45,"Reviews, Video, People also ask, Related searches"
tv live streamen,Commercial,42,320,59,0.77,"Reviews, Video, Top stories, Related searches, Ads middle"
tv offers black friday,Commercial,34,320,22,0.00,"Reviews, Video, Video carousel, People also ask, Related searches, Popular products"
tv verstärker,"Informational, Commercial",49,320,15,0.10,"Sitelinks, Video, People also ask, Related searches, Popular products"
tv with android tv,"Informational, Transactional",53,320,31,0.37,"Video, Video carousel, People also ask, Knowledge panel, Related searches, Popular products"
tv-box,Commercial,56,320,30,2.10,"Reviews, Video, People also ask, Related searches, Popular products"
vergleich internet tv,Commercial,48,320,39,1.77,"Sitelinks, Reviews, Video, People also ask, Related searches, Ads top, Ads bottom"
vergleich tv anbieter,Commercial,46,320,34,1.36,"Sitelinks, Reviews, Video, People also ask, Related searches"
verstärker kabelfernsehen,Commercial,51,320,16,0.09,"Video, People also ask, Related searches, Popular products"
vox live 2ix2,"Navigational, Transactional",32,320,33,0.00,"Sitelinks, Reviews, People also ask, Related searches"
web magenta tv,"Informational, Transactional",39,320,57,5.00,"AI Overview, Reviews, Video, People also ask, Related searches"
web2 magenta tv,Commercial,41,320,38,0.00,"Video, People also ask, Related searches"
wow bundesliga tagesticket,Commercial,34,320,20,0.76,"Reviews, Video, People also ask, Related searches"
wow tv programm,Commercial,38,320,29,0.68,"Reviews, Video, People also ask, Related searches"
wowtv app,Commercial,41,320,33,2.54,"Reviews, Video, People also ask, Related searches, Ads top, Ads middle"
www rtl de live,"Navigational, Transactional",33,320,76,0.25,"Reviews, Video, People also ask, Related searches, Ads bottom"
xiaomi mi android box,"Informational, Transactional",45,320,31,0.24,"Reviews, Video, People also ask, Related searches, Popular products"
xiaomi tv mi box,"Informational, Transactional",53,320,42,0.14,"Reviews, Video, People also ask, Related searches, Popular products"
über internet tv schauen,"Informational, Commercial",47,320,43,1.57,"AI Overview, Reviews, Video, People also ask, Related searches, Ads top, Ads bottom"
32 inča tv,Commercial,38,260,11,0.16,"Reviews, Video, People also ask, Related searches, Popular products"
42 zoll fernseher samsung,Commercial,41,260,24,0.14,"Image, Video, People also ask, Related searches, Popular products"
4k apple tv refurbished,"Informational, Transactional",48,260,28,0.40,"Reviews, Related searches, Popular products"
4k tv for apple tv,"Informational, Transactional",39,260,57,0.42,"Reviews, Video, People also ask, Related searches, Popular products"
85 inch televisie,Commercial,50,260,23,0.40,"Reviews, Image pack, Video, Video carousel, People also ask, Related searches, Popular products"
85 zoll fernseher oled,Commercial,52,260,20,0.31,"Reviews, Video, Video carousel, People also ask, Related searches, Popular products"
alternative kabelfernsehen,Commercial,41,260,15,1.04,"Sitelinks, AI Overview, Reviews, Video, Video carousel, People also ask, Related searches, Ads bottom, Ads middle"
alternative zu chromecast,Commercial,35,260,17,0.47,"Sitelinks, AI Overview, Reviews, Video, Video carousel, People also ask, Related searches, Ads middle"
android box tv test,Commercial,44,260,30,0.14,"Sitelinks, Reviews, Video, Video carousel, People also ask, Related searches, Popular products"
android tv box testsieger,Commercial,50,260,34,0.14,"Sitelinks, Video, People also ask, Related searches, Popular products"
android tv stick 4k,"Informational, Commercial",41,260,26,0.38,"Sitelinks, Reviews, Image pack, Video, Video carousel, People also ask, Related searches, Popular products"
angebot samsung tv,Commercial,38,260,20,0.28,"Sitelinks, People also ask, Related searches, Ads top, Ads bottom"
angebot sky sport,"Informational, Transactional",42,260,50,2.46,"Reviews, Video, People also ask, Related searches"
angebote samsung tv,Commercial,48,260,29,0.30,"People also ask, Related searches, Popular products"
antennen für fernseher,Commercial,42,260,27,0.34,"Video, People also ask, Related searches, Popular products"
antennenverstärker für kabelfernsehen,Commercial,49,260,12,0.10,"Video, People also ask, Related searches, Popular products"
app iptv android,"Informational, Commercial",45,260,31,0.00,"Sitelinks, AI Overview, Reviews, Video, Video carousel, People also ask, Related searches"
apple plus serien,Transactional,35,260,34,0.16,"Image, People also ask, Related searches"
apple store in apple tv,"Navigational, Transactional",34,260,43,1.30,"Reviews, Video, People also ask, Related searches"
apple television 4k,"Informational, Transactional",43,260,49,0.28,"Reviews, Video, Video carousel, Short videos, People also ask, Related searches, Popular products"
apple televizija,"Navigational, Transactional",48,260,69,0.70,"Video, Video carousel, People also ask, Related searches"
apple tv 3,"Informational, Transactional",38,260,42,0.00,"People also ask, Related searches"
apple tv 4k 1. generation,"Informational, Transactional",41,260,39,0.37,"Video, People also ask, Related searches, Popular products"
apple tv 4k ethernet,"Informational, Transactional",39,260,44,0.31,"Video, People also ask, Knowledge panel, Related searches, Ads bottom"
apple tv 4k neueste generation,"Informational, Transactional",36,260,54,0.34,"Reviews, Video, Video carousel, People also ask, Related searches, Popular products"
apple tv 5th generation,"Navigational, Transactional",40,260,49,0.40,"Sitelinks, Reviews, Video, Video carousel, People also ask, Related searches, Popular products"
apple tv alternative,Commercial,38,260,18,0.41,"AI Overview, Video, Video carousel, People also ask, Related searches"
apple tv angebote,"Informational, Transactional",39,260,38,1.12,"Sitelinks, Reviews, People also ask, Related searches"
apple tv deutschland,"Navigational, Transactional",44,260,61,0.82,"Sitelinks, Reviews, People also ask, Related searches"
apple tv fernseher,"Informational, Transactional",41,260,58,0.51,"Reviews, Video, People also ask, Related searches, Popular products"
apple tv geräte,"Informational, Transactional",49,260,57,0.19,"Reviews, People also ask, Related searches, Popular products"
apple tv idealo,"Navigational, Transactional",41,260,31,1.57,"People also ask, Related searches"
apple tv modelle,"Informational, Transactional",41,260,37,0.00,"Reviews, People also ask, Related searches"
apple tv neuste generation,"Navigational, Commercial",39,260,52,0.33,"Sitelinks, Reviews, Video, People also ask, Related searches, Ads middle"
apple tv store,"Navigational, Transactional",32,260,49,0.92,"Reviews, Video, People also ask, Related searches"
apple video,"Navigational, Transactional",32,260,65,0.00,"Sitelinks, Reviews, Video, Video carousel, People also ask, Related searches"
bester tv samsung,Commercial,48,260,34,0.24,"Sitelinks, Video, Video carousel, People also ask, Related searches, Popular products"
black friday tv,Commercial,39,260,17,0.00,"Reviews, Video, People also ask, Related searches"
box android iptv,"Informational, Commercial",69,260,16,0.00,"Reviews, Video, People also ask, Related searches, Popular products"
bundesliga iptv,Commercial,45,260,19,0.00,"Sitelinks, Reviews, Video, Related searches"
ci modul hd+,Commercial,48,260,26,0.62,"Reviews, Video, People also ask, Related searches, Popular products, Ads bottom"
disney plus über sky,Commercial,37,260,28,3.00,"Sitelinks, AI Overview, Reviews, Video, Video carousel, People also ask, Related searches"
dsl sky,"Navigational, Commercial",45,260,33,2.18,"Sitelinks, AI Overview, Reviews, People also ask, Related searches, Ads top, Ads bottom"
dvb t2 antennen,"Informational, Commercial",41,260,20,0.17,"Reviews, People also ask, Related searches, Popular products"
dvb t2 außenantenne,"Informational, Commercial",39,260,18,0.10,"Reviews, Video, People also ask, Related searches, Popular products"
dvb t2 receiver mit antenne,Commercial,42,260,30,0.22,"Sitelinks, Reviews, Video, Video carousel, People also ask, Related searches, Popular products"
familienfilme netflix neu,Commercial,32,260,34,0.00,"AI Overview, Video, People also ask, Related searches"
fernseh schauen online,Commercial,40,260,68,1.69,AI Overview
fernseh sticks,Commercial,52,260,33,1.60,"Sitelinks, Video, Video carousel, People also ask, Related searches, Popular products"
fernsehen kostenlos anschauen,Commercial,38,260,50,0.31,"Reviews, Video, People also ask, Related searches"
fernsehen mit integriertem receiver,Commercial,52,260,24,0.16,"People also ask, Related searches, Popular products"
fernsehen ohne kabel und sat schüssel,Commercial,41,260,24,0.84,"Reviews, Video, Video carousel, People also ask, Related searches, Popular products"
fernseher 32 zoll restposten,Commercial,40,260,24,0.19,"Image, People also ask, Related searches, Popular products"
fernseher angebote samsung,Commercial,37,260,29,0.23,"People also ask, Related searches, Popular products"
fernseher internet,Commercial,46,260,26,0.47,"Reviews, Video, Video carousel, People also ask, Related searches, Ads top, Ads bottom"
fernseher kaufen 40 zoll,Transactional,43,260,26,0.20,"Video, People also ask, Related searches"
fernseher kaufen samsung,Transactional,40,260,33,0.28,"People also ask, Related searches, Popular products"
fernseher receiver,Commercial,52,260,27,1.28,"Reviews, Video, Video carousel, People also ask, Related searches, Popular products"
fernseher receiver integriert,Commercial,50,260,13,0.19,"Video, People also ask, Related searches"
fernseher samsung 42 zoll,"Informational, Transactional",41,260,26,0.16,"Video, People also ask, Related searches, Popular products"
fernsehgeräte mit integriertem sat receiver,Commercial,47,260,19,0.17,"Video, People also ask, Related searches, Popular products"
fernsehn schauen online,Commercial,39,260,80,1.88,"Sitelinks, Video, Related searches, Ads top, Ads middle"
fernsehprogramm rtl plus,"Informational, Transactional",36,260,60,0.26,"Reviews, People also ask"
free internet tv online,Commercial,36,260,72,1.22,"Reviews, Video, People also ask, Related searches"
free tv ohne anmeldung,"Navigational, Transactional",38,260,42,0.63,"Reviews, Video, People also ask, Related searches"
fritzbox 5590 angebot,Commercial,44,260,22,0.28,"People also ask, Related searches, Popular products, Ads bottom"
fritzbox 6690 vs 6670,"Informational, Commercial",34,260,17,3.85,"Sitelinks, AI Overview, Reviews, Video, Video carousel, People also ask, Related searches"
german television online,"Informational, Transactional",36,260,43,0.64,"Reviews, Video, People also ask, Related searches, Ads top, Ads bottom"
gigaset go-box 100,"Informational, Transactional",45,260,17,0.28,"Video, People also ask, Knowledge panel, Related searches"
gigatv hard drive,"Informational, Commercial",43,260,24,0.00,"Sitelinks, Reviews, Image pack, Video, People also ask, Related searches, Popular products"
gratis tv stream,Commercial,39,260,46,1.36,"Reviews, Video, People also ask, Related searches"
gzsz live stream kostenlos,Commercial,32,260,38,0.02,"Reviews, Video, People also ask, Related searches"
günstige fernseher 40 zoll,"Informational, Commercial",42,260,21,0.23,"Video, People also ask, Related searches, Popular products"
hausanschlussverstärker,"Informational, Commercial",41,260,14,0.13,"Image, Image pack, Video, People also ask, Related searches, Popular products"
hd+ karte 12 monate günstig kaufen,Transactional,46,260,23,0.66,"People also ask, Related searches, Popular products"
hd+ karte kaufen,Transactional,41,260,24,0.45,"Reviews, People also ask, Related searches, Popular products"
hdtv receiver,Commercial,49,260,30,0.58,"Video, People also ask, Related searches, Popular products"
homespot telekom,Transactional,35,260,26,1.08,"AI Overview, Reviews, People also ask, Related searches"
installation sky go,"Informational, Transactional",39,260,46,0.00,"AI Overview, Reviews, Video, People also ask, Related searches"
internet stick für tv ohne wlan,Commercial,47,260,28,1.05,"Sitelinks, Reviews, Video, People also ask, Related searches"
ip satellite receiver,Commercial,50,260,21,0.13,"Sitelinks, Video, People also ask, Related searches, Popular products"
iptv abonnement,Commercial,50,260,14,0.00,"Video, People also ask, Related searches"
iptv anbieter deutschland,"Informational, Commercial",45,260,30,0.00,"AI Overview, Video, People also ask, Related searches"
iptv palyer,Commercial,45,260,43,1.01,"Reviews, Video, Video carousel, People also ask, Related searches"
iptv windows,"Informational, Commercial",46,260,35,0.00,"Sitelinks, AI Overview, Reviews, Video, People also ask, Related searches"
iptv-abonnement,"Informational, Commercial",49,260,15,0.00,"Video, People also ask, Related searches"
jbl karaoke,"Informational, Transactional",42,260,28,0.25,"Reviews, Image pack, Video, People also ask, Related searches, Popular products"
jbl partybox vergleich,Commercial,39,260,30,0.27,"Sitelinks, Reviews, Image pack, Video, Video carousel, People also ask, Related searches, Popular products"
jbl ultimate party box,Transactional,46,260,31,0.49,"Reviews, Video, People also ask, Knowledge panel, Related searches, Ads top, Ads middle"
kabel 1 kostenlos,Commercial,38,260,31,0.44,"Reviews, Video, People also ask, Related searches"
kabel receiver aufnahmefunktion,Commercial,50,260,15,0.20,"Video, People also ask, Related searches, Popular products, Ads bottom"
kabel receiver mit aufnahmefunktion,"Informational, Commercial",48,260,19,0.17,"Video, People also ask, Related searches, Popular products"
kabel tv verstärker,Commercial,53,260,14,0.10,"Image pack, People also ask, Related searches, Popular products"
kabelfernsehen mit receiver,Commercial,49,260,26,0.46,"Reviews, Video, Video carousel, People also ask, Related searches, Popular products, Ads top, Ads bottom"
kleiner fernseher für küche,Commercial,45,260,19,0.16,"Image, Video, People also ask, Related searches, Popular products"
kleiner fernseher für schlafzimmer,Commercial,42,260,24,0.15,"Image, Image pack, Video, People also ask, Related searches, Popular products"
kleines tv,Commercial,45,260,25,0.14,"Sitelinks, Reviews, Video, People also ask, Related searches"
kosten netflix deutschland,"Informational, Transactional",45,260,46,0.54,"AI Overview, Reviews, Video, People also ask, Related searches, Ads bottom"
kostenlos fernseh ohne anmeldung,Transactional,34,260,36,0.52,"Reviews, Video, People also ask, Related searches, Ads bottom"
kostenlos ohne anmeldung fernsehen,"Navigational, Transactional",35,260,34,0.69,"Reviews, Video, People also ask, Related searches"
kostenlos rtl online schauen,Commercial,37,260,36,1.08,"Sitelinks, Reviews, Video, People also ask, Related searches"
kostenlos rtl2 schauen,Commercial,38,260,35,0.91,"AI Overview, Reviews, Video, People also ask, Related searches"
kostenlos tv schauen app,"Informational, Commercial",38,260,42,0.72,"AI Overview, Video, People also ask, Related searches, Ads bottom, Ads middle"
kostenlos tv schauen ohne anmeldung,"Navigational, Transactional",33,260,49,0.33,"Sitelinks, Reviews, Video, Related searches"
kostenlos und ohne anmeldung fernsehen,Transactional,33,260,40,0.76,"AI Overview, Reviews, Video, Related searches"
live rtl anschauen,"Navigational, Transactional",39,260,54,0.75,"AI Overview, Reviews, Video, People also ask, Related searches, Ads top, Ads middle"
live stream rtl aktuell,"Navigational, Transactional",34,260,58,0.56,"Reviews, Video, People also ask, Related searches"
live stream rtl hrvatska,"Navigational, Transactional",38,260,31,0.91,"Sitelinks, Video, People also ask, Related searches"
live tv free,Commercial,38,260,55,1.49,"AI Overview, Reviews, Image, Video, People also ask, Related searches"
livestream fernsehen kostenlos,Commercial,34,260,69,0.90,"AI Overview, Reviews, Video, People also ask, Related searches"
livestream rtl gratis,Commercial,34,260,48,1.03,"Reviews, Video, People also ask, Related searches"
livestream rtl2,Commercial,37,260,50,0.54,"Reviews, Video, People also ask, Related searches"
livestream super rtl kostenlos,Commercial,33,260,37,0.00,"Reviews, Video, People also ask, Related searches"
livetv free streaming,"Navigational, Transactional",35,260,33,1.58,"Video, People also ask, Related searches"
lnb test,Commercial,42,260,23,0.08,"Sitelinks, People also ask, Related searches"
magenta internet und tv,Commercial,43,260,36,1.84,"Reviews, Video, People also ask, Related searches, Ads top"
magenta tv 1. gen,Commercial,44,260,32,3.35,"Reviews, Video, People also ask, Related searches"
magenta tv hardware,Commercial,46,260,25,3.67,"Reviews, Video, People also ask, Related searches, Ads top"
magenta tv test,Commercial,39,260,22,3.43,"Reviews, Video, People also ask, Related searches"
magenta web tv,"Informational, Transactional",41,260,49,6.19,"Reviews, Video, People also ask, Related searches"
mediathek rtl heute,"Informational, Transactional",35,260,72,0.15,"Video, People also ask, Related searches"
megastream telekom,Transactional,39,260,19,2.74,"Video, People also ask, Related searches"
musik-streaming-dienste vergleich 2025,Commercial,49,260,34,0.00,"Sitelinks, Reviews, Video, People also ask, Related searches"
netflix angebote preise,Transactional,41,260,50,1.33,"AI Overview, Reviews, People also ask, Related searches, Ads bottom"
netflix deutschland kosten,"Informational, Transactional",41,260,46,0.46,"Sitelinks, AI Overview, Reviews, Video, People also ask, Related searches"
netflix ohne werbung kosten,"Informational, Transactional",45,260,45,0.27,"AI Overview, Reviews, Video, People also ask, Related searches"
netflix preis deutschland,Transactional,43,260,46,0.68,"AI Overview, Reviews, Video, People also ask, Related searches"
netflix serie aktuell,"Informational, Commercial",35,260,48,0.00,"AI Overview, Image, Video, People also ask, Top stories, Related searches"
netflix vertrag,"Navigational, Transactional",44,260,61,1.49,"AI Overview, Reviews, Video, People also ask, Related searches"
netflix welche filme und serien,"Informational, Transactional",36,260,51,0.64,"Video, People also ask, Top stories, Related searches"
neuesten samsung fernseher,Transactional,34,260,39,0.24,"Sitelinks, Reviews, Video carousel, People also ask, Related searches, Popular products, Ads top, Ads middle"
neuester fernseher von samsung,Transactional,37,260,38,0.22,"Sitelinks, Video, People also ask, Related searches, Popular products"
one box connect samsung,"Informational, Transactional",47,260,30,0.34,"Video, Video carousel, People also ask, Related searches, Popular products"
online iptv player,"Informational, Transactional",44,260,55,0.00,"Reviews, People also ask, Knowledge panel"
panasonic fernseher 32 zoll,Commercial,45,260,28,0.15,"Reviews, Video, People also ask, Related searches"
programm netflix,"Informational, Transactional",43,260,55,0.00,"Video, People also ask, Top stories, Related searches"
receiver für satellitenschüssel,Commercial,52,260,28,0.22,"Video, Video carousel, People also ask, Related searches, Popular products, Ads bottom"
receiver kabel aufnahmefunktion,Commercial,52,260,20,0.20,"Reviews, Video, People also ask, Related searches, Popular products"
receiver mit wlan,Commercial,53,260,20,1.05,"Video, People also ask, Related searches, Popular products"
receiver vodafone,Transactional,44,260,42,1.54,"Reviews, Video, People also ask, Related searches, Ads top"
receiver von technisat,"Navigational, Transactional",50,260,22,0.22,"Sitelinks, Video, People also ask, Related searches, Popular products"
roku television,"Informational, Transactional",46,260,40,0.80,"Sitelinks, Reviews, Video, People also ask, Related searches, Popular products"
roku televisions,"Informational, Transactional",47,260,43,0.80,"Video, People also ask, Related searches, Popular products, Shopping ads"
rtl ab,Commercial,35,260,52,1.35,"Reviews, Video, People also ask, Top stories, Related searches, Ads top, Ads bottom"
rtl anschauen,Transactional,39,260,73,0.86,"Reviews, Video, People also ask, Related searches"
rtl hrvatska live stream,"Navigational, Transactional",34,260,25,0.99,"Sitelinks, Reviews, Video, Related searches"
rtl hrvatska uzivo,Transactional,34,260,34,0.00,"Reviews, Related searches"
rtl live hd stream,"Navigational, Transactional",40,260,49,0.87,"Reviews, Video, People also ask, Related searches"
rtl live stream 2ix2,"Navigational, Transactional",35,260,14,0.00,"Sitelinks, Reviews, Video, Related searches"
rtl live stream nydus,"Navigational, Transactional",30,260,29,0.00,"Sitelinks, Related searches"
rtl live streaming kostenlos,Commercial,36,260,48,1.11,"Sitelinks, Reviews, Video, People also ask, Related searches"
rtl livesrream,"Navigational, Transactional",47,260,61,0.60,"Reviews, Video, People also ask, Related searches, Ads middle"
rtl livestream tv,"Navigational, Transactional",47,260,50,0.98,"Reviews, Video, People also ask, Related searches"
rtl nitro free stream,Transactional,35,260,24,1.60,"Reviews, Video, People also ask, Related searches"
rtl nord livestream,"Navigational, Transactional",34,260,38,0.92,"Video, People also ask, Related searches"
rtl p,"Navigational, Transactional",30,260,62,0.22,"Sitelinks, Reviews, Video, Related searches"
rtl plus live stream,"Navigational, Transactional",40,260,62,0.31,"Sitelinks, AI Overview, Reviews, Video, People also ask, Related searches"
rtl plus sendung verpasst,"Navigational, Transactional",31,260,40,0.00,"Sitelinks, Video, People also ask, Related searches"
rtl site,"Navigational, Transactional",32,260,87,1.58,"Sitelinks, Video, People also ask, Related searches"
rtl super live stream kostenlos,Commercial,33,260,36,0.00,"Reviews, Video, People also ask, Related searches"
rtl up kostenlos deutsche kanäle,Commercial,38,260,34,0.00,"AI Overview, Reviews, Video, People also ask, Related searches"
rtl zwei live stream kostenlos,Commercial,35,260,29,0.00,"Reviews, Video, People also ask, Related searches"
rtl2 kostenlos gucken,Commercial,37,260,30,0.93,"Reviews, Video, People also ask, Related searches"
rtl2 kostenlos stream,Commercial,39,260,28,0.97,"Reviews, Video, People also ask, Related searches"
rtl2 live mediathek,"Navigational, Transactional",38,260,41,0.00,"AI Overview, Reviews, Video, Video carousel, People also ask, Related searches"
rtl2 live streaming,Commercial,38,260,41,0.83,"Reviews, Video, Video carousel, People also ask, Related searches"
rtl2 mediathek live,Commercial,40,260,42,0.49,"Sitelinks, Reviews, Video, People also ask, Related searches, Ads bottom"
rtlplus mediathek kostenlos ohne anmeldung,"Informational, Transactional",35,260,31,0.10,"AI Overview, Reviews, Video, People also ask, Related searches"
samsung fernseher 42 zoll,Commercial,41,260,27,0.14,"People also ask, Related searches, Popular products"
samsung fernseher angebote,Transactional,38,260,33,0.23,"Image, People also ask, Related searches, Popular products"
samsung fernseher neu,Commercial,33,260,39,0.22,"People also ask, Related searches, Popular products"
samsung led tv 55 zoll,Commercial,43,260,30,0.21,"Video, Video carousel, People also ask, Related searches, Popular products"
samsung neueste fernseher,"Informational, Transactional",35,260,41,0.22,"Sitelinks, People also ask, Related searches, Popular products"
samsung neuester fernseher,"Informational, Transactional",39,260,44,0.22,"Sitelinks, People also ask, Related searches, Popular products"
samsung one connect box welche modelle,Commercial,44,260,21,0.35,"Featured snippet, Video, People also ask, Related searches, Popular products"
samsung tv im angebot,Commercial,34,260,28,0.30,"People also ask, Related searches, Popular products"
samsung tv modelle übersicht,"Informational, Transactional",39,260,33,0.28,"People also ask, Related searches"
sat anlage kaufen,Transactional,44,260,19,0.27,"Image pack, Video, People also ask, Related searches, Popular products"
sat receiver kaufen,Transactional,47,260,34,0.13,"Video, People also ask, Local pack, Related searches, Popular products, Ads bottom"
sat schüssel mit lnb,Commercial,47,260,19,0.17,"Video, People also ask, Related searches, Popular products"
sky abo fußball,Transactional,41,260,41,1.05,"Reviews, Video, People also ask, Related searches"
sky bestellen,Transactional,41,260,39,2.96,"Reviews, Image, People also ask, Related searches, Ads top"
sky bundesliga kostenlos,"Informational, Transactional",40,260,44,0.72,"Sitelinks, Reviews, People also ask, Related searches"
sky fußball abo,Transactional,41,260,39,1.05,"Reviews, Video, Related searches"
sky go bundesliga,"Navigational, Transactional",36,260,42,1.03,"Sitelinks, Reviews, Video, Related searches"
sky go online schauen,"Informational, Transactional",47,260,52,0.75,"Reviews, Video, People also ask, Related searches, Ads bottom"
sky go programm,Transactional,39,260,42,0.00,"Reviews, People also ask, Related searches"
sky komplett,"Informational, Transactional",40,260,26,1.97,"Sitelinks, Reviews, Image, Video, People also ask, Related searches, Ads top, Ads middle"
sky mit sat receiver,Transactional,47,260,36,2.45,"Reviews, Video carousel, People also ask, Related searches, Popular products, Ads top, Ads bottom"
sky network,Transactional,38,260,58,1.64,"People also ask, Related searches"
sky reciver,Transactional,54,260,32,1.97,"Reviews, Image, Image pack, People also ask, Related searches, Popular products"
sky serie,Transactional,38,260,40,1.56,"AI Overview, Reviews, Video, People also ask, Related searches"
sky sport abo kosten,"Informational, Transactional",42,260,44,1.33,"AI Overview, Reviews, Video, People also ask, Related searches"
sky sport tagesticket,Transactional,37,260,23,3.50,"Reviews, Video, People also ask, Related searches, Ads bottom"
sky tv box,"Informational, Transactional",55,260,38,2.05,"Reviews, Image, Image pack, Video, People also ask, Related searches, Popular products"
sky tv stick,Commercial,45,260,34,1.44,"Reviews, Image, Video, People also ask, Related searches, Popular products"
sky wo kaufen,"Informational, Transactional",40,260,37,0.74,"AI Overview, Reviews, Video, People also ask, Related searches"
slot common interface,"Informational, Transactional",35,260,30,0.00,"Sitelinks, Video, Video carousel, Short videos, People also ask, Related searches, Popular products"
smart tv 32 zoll wlan full hd,Commercial,42,260,23,0.17,"Video, People also ask, Related searches, Popular products"
smart tv 80 cm,Commercial,44,260,24,0.18,"Video, People also ask, Related searches, Popular products"
stream web,Commercial,37,260,83,1.41,"Reviews, Video, People also ask, Related searches, Ads top, Ads middle"
streaming media stick,Commercial,44,260,24,0.89,"Video, Video carousel, People also ask, Related searches, Popular products"
super rtl kostenlos,Commercial,30,260,49,0.00,"Reviews, Video, People also ask, Related searches, Ads middle"
tagesticket sky bundesliga,Commercial,37,260,20,3.47,"Reviews, People also ask, Related searches"
technisat isio s2,"Informational, Transactional",43,260,23,0.15,"Reviews, Video, People also ask, Knowledge panel, Related searches"
tele black friday,Commercial,36,260,24,0.00,"Reviews, Video, People also ask, Related searches"
telekom internet tv,"Navigational, Transactional",44,260,57,2.55,"Reviews, Video, People also ask, Related searches"
telekom magenta app,Commercial,30,260,45,0.69,"Reviews, Video, Video carousel, People also ask, Related searches, Ads top"
telekom magenta receiver,"Informational, Transactional",44,260,27,2.04,"Reviews, Video, Video carousel, People also ask, Related searches"
telekom speed box,"Navigational, Transactional",47,260,30,1.26,"Reviews, Video, People also ask, Related searches"
television rtl,"Informational, Transactional",37,260,76,0.58,"Reviews, Video, People also ask, Top stories, Related searches"
televízió black friday,Commercial,35,260,19,0.00,"Reviews, Video, Related searches"
test tv box,"Informational, Commercial",71,260,31,0.28,"Sitelinks, Reviews, Video, Video carousel, People also ask, Related searches"
tv anbieter check24,Transactional,48,260,43,0.47,"AI Overview, Reviews, Video, People also ask, Related searches, Ads top, Ads bottom"
tv black friday,"Informational, Commercial",36,260,22,0.00,"Reviews, Video, People also ask, Related searches, Popular products"
tv box telekom,"Informational, Transactional",50,260,29,2.31,"Reviews, Video, People also ask, Related searches, Popular products"
tv live rtl,"Navigational, Transactional",37,260,58,0.66,"Reviews, Video, People also ask, Top stories, Related searches"
tv online free watch tv online live,Commercial,36,260,65,0.00,"AI Overview, Reviews, Video, Related searches"
tv reciever,Commercial,55,260,36,1.00,"Video, People also ask, Related searches, Popular products, Ads bottom"
tv roku stick,"Informational, Transactional",43,260,30,0.33,"Reviews, Video, People also ask, Related searches, Popular products"
tv samsung angebote,Commercial,38,260,27,0.30,"Video, People also ask, Related searches, Popular products, Ads top, Ads bottom"
tv sky,Transactional,50,260,40,1.31,"Reviews, Video, People also ask, Related searches"
tv smart tv 80 cm,Commercial,46,260,23,0.15,"Reviews, Video, People also ask, Related searches, Popular products"
tv stick im vergleich,Commercial,52,260,27,0.66,"Sitelinks, Video, Video carousel, People also ask, Related searches, Ads top, Ads bottom"
tv sticks best,Commercial,41,260,33,0.59,"Featured snippet, Sitelinks, Reviews, Video, Video carousel, Related searches, Popular products, Ads bottom"
tv streaming box,Commercial,57,260,35,1.61,"Sitelinks, Reviews, Video, Video carousel, People also ask, Knowledge panel, Related searches"
tv telekom internet,Transactional,45,260,37,2.55,"Reviews, Video, People also ask, Related searches, Ads top, Ads middle"
tv verstärker kabel,Commercial,49,260,12,0.11,"Image pack, Video, People also ask, Related searches, Popular products"
tvlivestream,Commercial,37,260,66,0.79,"Reviews, Video, People also ask, Related searches"
usb box,"Informational, Transactional",44,260,21,0.29,"Reviews, Image pack, Video, People also ask, Related searches, Popular products"
vergleich fernsehen internet,Commercial,43,260,36,1.49,"Reviews, Video, People also ask, Related searches, Ads top, Ads middle"
verstärker für kabelfernsehen,Commercial,49,260,13,0.09,"Video, People also ask, Related searches, Popular products"
vox live stream free,Transactional,34,260,39,0.00,"Reviews, Video, People also ask, Related searches"
voxup livestream kostenlos,Commercial,35,260,25,0.00,"Sitelinks, Reviews, People also ask, Related searches"
waipu stick 2 generation,"Informational, Commercial",49,260,33,0.17,"Image, Video, People also ask, Popular products"
waipu.tv box kaufen,Transactional,49,260,43,0.17,"Reviews, Video, People also ask, Related searches, Popular products"
watch live television online for free,Commercial,33,260,72,1.31,"AI Overview, Reviews, Video, People also ask, Related searches, Ads middle"
welche iptv box ist die beste,Commercial,63,260,21,0.00,"Video, People also ask, Related searches, Popular products"
welcher fire tv stick ist der beste,Commercial,38,260,30,0.34,"Sitelinks, AI Overview, Reviews, Video, Video carousel, People also ask, Related searches"
welcher tv anbieter ist der beste,Commercial,46,260,39,1.55,"Sitelinks, AI Overview, Reviews, Image, Video, People also ask, Related searches"
wow angebote bundesliga,"Informational, Commercial",32,260,27,1.24,"AI Overview, Reviews, Video, People also ask, Related searches, Ads top, Ads bottom"
wow live tv,Commercial,41,260,31,1.13,"AI Overview, Reviews, Video, People also ask, Related searches"
wow mit sky abo nutzen,"Informational, Commercial",42,260,17,2.89,"AI Overview, Reviews, Video, People also ask, Related searches, Ads bottom, Ads middle"
xiaomi fernseher 55 zoll,"Informational, Transactional",42,260,33,0.14,"Reviews, Image, Video, People also ask, Related searches, Popular products"
zattoo alternative,"Informational, Commercial",32,260,28,0.80,"Sitelinks, AI Overview, Reviews, Video, People also ask, Related searches"
zattoo kostenlos rtl,"Informational, Transactional",31,260,50,0.73,"Reviews, Video, People also ask, Related searches"
zattoo vs waipu,Commercial,26,260,23,1.99,"Sitelinks, AI Overview, Reviews, Video, People also ask, Related searches"
zimmerantenne für fernsehen,Commercial,43,260,28,0.30,"Video, People also ask, Related searches, Popular products, Ads middle"
1 & 1 cinema,"Informational, Transactional",36,210,27,0.00,"AI Overview, Reviews, Image, Video, People also ask, Related searches"
1&1 fernseh,Transactional,48,210,42,0.77,"Video, People also ask, Related searches, Ads top, Ads bottom"
1&1 fernsehen dazubuchen,"Informational, Transactional",44,210,30,0.71,"AI Overview, Reviews, Video, People also ask, Related searches"
1&1 tv stick kaufen,Transactional,51,210,34,0.84,"Reviews, People also ask, Related searches"
1&1 tv-box,"Informational, Transactional",52,210,28,0.94,"Reviews, Video, Video carousel, People also ask, Related searches"
1und1 tv stick,"Navigational, Transactional",48,210,33,0.79,"Reviews, Image, Image pack, Video, Video carousel, People also ask, Related searches, Popular products"
2ix2 formel 1 live,"Navigational, Transactional",37,210,35,0.00,"Video, People also ask, Related searches"
2ix2 nitro,"Navigational, Transactional",29,210,31,0.00,"Sitelinks, Reviews, Video, Related searches"
2ix2 pro7,"Navigational, Transactional",30,210,38,0.00,"Sitelinks, Reviews, Video, People also ask, Related searches"
32 inch televisie,Commercial,42,210,17,0.17,"Reviews, Video, Video carousel, People also ask, Related searches, Popular products"
32 inch television,Commercial,36,210,20,0.16,"Reviews, Image, Video, Video carousel, People also ask, Related searches, Popular products"
32 televisions,"Informational, Commercial",39,210,28,0.16,"Video, Video carousel, People also ask, Related searches, Popular products"
32 televizor,"Informational, Commercial",0,210,25,0.15,"Image pack, Video, People also ask, Related searches, Popular products"
32 zoll fernseher im angebot,Commercial,42,210,23,0.17,"Sitelinks, Video, People also ask, Related searches, Popular products"
32zoll fernseher,Commercial,40,210,30,0.18,"Image pack, Video, Video carousel, People also ask, Related searches, Popular products"
4k tv samsung,Commercial,41,210,32,0.22,"Reviews, People also ask, Related searches, Popular products"
60 zoll samsung tv,"Informational, Transactional",40,210,29,0.19,"Reviews, People also ask, Related searches, Popular products"
80 cm smart tv,Commercial,45,210,23,0.18,"Reviews, Video, People also ask, Related searches, Popular products"
85zoll,Commercial,32,210,20,0.36,"Video, People also ask, Related searches, Popular products"
abonnement netflix,"Navigational, Transactional",43,210,51,1.31,"AI Overview, Reviews, People also ask, Related searches"
airtel xstream stick,"Informational, Transactional",52,210,34,0.00,"Reviews, Image pack, Video, Video carousel, People also ask, Related searches"
alternative live tv,"Informational, Commercial",35,210,30,2.55,"Video, People also ask, Related searches"
alternative zattoo,"Informational, Commercial",31,210,24,0.77,"AI Overview, Reviews, Video, Video carousel, People also ask, Related searches, Ads bottom"
alternative zu waipu tv,"Informational, Commercial",37,210,28,0.66,"Sitelinks, AI Overview, Reviews, Video, People also ask, Related searches"
amazon fernseher 32 zoll,"Navigational, Transactional",41,210,34,0.06,"People also ask, Related searches, Popular products"
amazon fire tv stick mediamarkt,"Navigational, Transactional",37,210,34,0.29,"People also ask, Related searches, Popular products"
amazon prime tv box,"Navigational, Transactional",46,210,32,0.69,"People also ask, Related searches, Popular products"
anbieter für fernsehen,"Informational, Commercial",52,210,35,2.50,"AI Overview, Reviews, Video, People also ask, Related searches"
android media streaming box,"Informational, Transactional",54,210,24,0.50,"Video, People also ask, Related searches, Popular products"
android os for smart tv,"Informational, Transactional",34,210,48,0.22,"Reviews, Video, Video carousel, People also ask, Related searches, Popular products"
android smart television,"Informational, Commercial",41,210,24,0.22,"Video, Video carousel, People also ask, Related searches, Popular products"
android smart televizori,"Informational, Transactional",41,210,27,0.21,"Reviews, Video, People also ask, Knowledge panel, Related searches, Popular products"
angebote 32 zoll fernseher,Commercial,40,210,21,0.17,"Video, Related searches, Popular products"
angebote fernseher 32 zoll,Commercial,42,210,26,0.17,"Sitelinks, Video, People also ask, Related searches, Popular products"
antenne für dvb t2 hd,Commercial,37,210,24,0.20,"Video, People also ask, Related searches, Popular products"
antennenverstärker tv,Commercial,46,210,13,0.12,"Reviews, Video, People also ask, Related searches, Popular products"
app sky sport,Commercial,36,210,47,1.24,"Reviews, Video, People also ask, Related searches, Ads top, Ads bottom"
apple stream,"Navigational, Transactional",38,210,64,0.87,"Sitelinks, Reviews, Video, People also ask, Related searches"
apple television price,"Navigational, Transactional",36,210,39,0.39,"Sitelinks, People also ask, Related searches, Popular products"
apple tv 3 apple,"Navigational, Transactional",40,210,48,0.00,"Video, People also ask, Related searches, Popular products"
apple tv 4k 128 gb,"Informational, Transactional",39,210,44,0.31,"Sitelinks, Reviews, People also ask, Knowledge panel, Related searches, Ads middle"
apple tv 4k 2022,"Navigational, Transactional",41,210,42,0.32,"Sitelinks, Reviews, Video, People also ask, Related searches, Popular products"
apple tv apple tv 3,"Navigational, Transactional",40,210,49,0.00,"Video, People also ask, Related searches"
apple tv+ angebot,"Informational, Transactional",38,210,38,0.00,"Reviews, Video, People also ask, Related searches"
apple vs fire tv,Commercial,36,210,10,0.00,"AI Overview, Reviews, Image pack, Video, Video carousel, People also ask, Related searches"
apple. tv,"Informational, Transactional",38,210,69,0.61,"Sitelinks, Reviews, Video, People also ask, Related searches, Popular products"
appleplus,"Navigational, Transactional",38,210,70,0.94,"Sitelinks, Reviews, Video, Video carousel, People also ask, Related searches"
beste iptv app für fire stick,Commercial,40,210,7,0.00,"Sitelinks, AI Overview, Video, Video carousel, People also ask, Related searches"
beste iptv player,Commercial,44,210,21,0.00,"AI Overview, Reviews, Video, Video carousel, People also ask, Related searches"
beste iptv player android,Commercial,45,210,18,0.00,"Sitelinks, AI Overview, Reviews, Video, Video carousel, People also ask, Related searches"
beste tv app kostenlos,Commercial,40,210,44,0.58,"AI Overview, Reviews, Video, People also ask, Related searches"
beste tv box,Commercial,55,210,28,0.63,"Reviews, Video, People also ask, Related searches, Popular products, Ads bottom"
bester android tv box,Commercial,45,210,23,0.27,"Sitelinks, Reviews, Video, Video carousel, People also ask, Related searches, Popular products"
bester streaming stick,Commercial,46,210,35,0.64,"Sitelinks, Reviews, Instant answer, Video, People also ask, Related searches, Popular products"
bestes netflix angebot,Commercial,48,210,,0.92,"AI Overview, Reviews, Video, People also ask, Related searches, Ads bottom"
black friday for tvs,Commercial,32,210,21,0.00,"Video, People also ask, Related searches, Popular products"
bundesliga paket sky,Transactional,43,210,48,2.03,"AI Overview, Reviews, Video, People also ask, Related searches, Ads top"
ci common interface samsung,"Informational, Transactional",36,210,30,0.12,"Video, Video carousel, People also ask, Related searches"
die besten streaming dienste,Commercial,39,210,34,1.37,"AI Overview, Reviews, Video, People also ask, Related searches, Ads middle"
digitale fernseher,"Informational, Transactional",43,210,25,1.70,"Reviews, Video, People also ask, Knowledge panel, Related searches, Popular products, Ads bottom"
dreambox two,"Informational, Transactional",45,210,17,0.00,"Reviews, Image pack, Video, People also ask, Knowledge panel, Related searches"
dreamboxes,"Informational, Commercial",43,210,28,0.95,"AI Overview, Image pack, Video, People also ask, Knowledge panel, Related searches"
dvb antenne test,Commercial,38,210,26,0.12,"Reviews, Video, People also ask, Related searches, Popular products"
dvb t antennen im test,Commercial,36,210,26,0.12,"Reviews, Video, People also ask, Related searches, Popular products"
dvb t2 hd antenne,Commercial,39,210,28,0.20,"Reviews, Video, Video carousel, People also ask, Related searches, Popular products"
dvb t2 hd receiver,Commercial,44,210,26,0.35,"Video, Video carousel, People also ask, Related searches, Popular products"
dvb t2hd,"Informational, Transactional",35,210,34,0.51,"Reviews, Video, People also ask, Knowledge panel, Related searches"
dvb-t2 antenne mit großer reichweite,Commercial,44,210,17,0.14,"Sitelinks, Video, People also ask, Related searches, Popular products, Ads bottom"
entertain von telekom,Transactional,40,210,56,3.87,"AI Overview, Reviews, Video, People also ask, Related searches, Ads top, Ads middle"
fernseh antenne,"Informational, Transactional",39,210,24,0.39,"Video, People also ask, Knowledge panel, Related searches, Popular products"
fernsehen frei,Commercial,38,210,47,0.53,"Sitelinks, Reviews, Video, People also ask, Knowledge panel, Related searches, Ads bottom"
fernsehen internet vergleich,Commercial,47,210,37,1.61,"Sitelinks, AI Overview, Reviews, Video, People also ask, Related searches"
fernsehen kostenlos live stream,Commercial,36,210,63,0.90,"AI Overview, Reviews, Video, People also ask, Related searches"
fernsehen kostenlos und ohne anmeldung,"Informational, Transactional",36,210,33,0.42,"Reviews, Video, People also ask, Related searches, Ads bottom"
fernsehen mit integriertem sat receiver,Commercial,55,210,18,0.17,"Video, People also ask, Related searches, Popular products"
fernsehen über internet kostenlos ohne anmeldung,"Informational, Transactional",36,210,31,0.29,"AI Overview, Reviews, Video, People also ask, Related searches, Ads bottom, Ads middle"
fernsehen über internet telekom,Commercial,40,210,48,2.24,"AI Overview, Reviews, Video, People also ask, Related searches, Ads bottom, Ads middle"
fernseher 24 zoll smart tv,Commercial,43,210,23,0.16,"Sitelinks, Reviews, Video, People also ask, Related searches, Popular products"
fernseher 32 zoll samsung,Commercial,43,210,30,0.15,"Video, People also ask, Related searches, Popular products"
fernseher 32 zoll weiß,"Informational, Commercial",43,210,23,0.19,"Reviews, Image, Image pack, Video, People also ask, Related searches, Popular products, Ads top, Ads bottom"
fernseher für das auto,Commercial,42,210,19,0.39,"Sitelinks, Image, Image pack, Video, People also ask, Related searches, Popular products"
fernseher für satellitenschüssel,"Informational, Commercial",48,210,24,0.57,"Reviews, Video, People also ask, Related searches, Popular products"
fernseher mit antenne,Commercial,43,210,17,0.47,"Reviews, Image pack, Video, People also ask, Related searches, Popular products"
fernseher mit antennenanschluss,Commercial,44,210,24,0.51,"Reviews, Video, People also ask, Related searches, Popular products"
fernseher mit dvd player integriert,Commercial,46,210,19,0.14,"Reviews, Video, People also ask, Related searches, Ads bottom"
fernseher mit satellitenanschluss,"Informational, Commercial",46,210,24,0.36,"Video, People also ask, Related searches, Popular products"
fernseher samsung oled,Commercial,42,210,30,0.35,"People also ask, Related searches, Popular products"
fernseher sat receiver integriert,Commercial,48,210,20,0.17,"Video, People also ask, Related searches, Popular products"
fernsehschauen,Commercial,33,210,23,0.97,"AI Overview, Reviews, Video, People also ask, Related searches, Ads bottom"
fire tv stick vs apple tv,Commercial,37,210,26,0.00,"AI Overview, Reviews, Video, Video carousel, People also ask, Related searches"
free tv online,Commercial,39,210,57,0.94,"AI Overview, Reviews, Video, Related searches"
fritz box 5590 kaufen,Transactional,47,210,23,0.43,"People also ask, Related searches, Popular products"
fritz box für kabelanschluss,"Informational, Transactional",48,210,32,0.62,"Reviews, Video, People also ask, Related searches, Popular products"
fritz kabelmodem,"Informational, Transactional",40,210,38,0.78,"Sitelinks, Reviews, Video, People also ask, Related searches, Popular products, Ads bottom"
fritzbox 5590 fiber preis,Transactional,48,210,28,0.37,"Featured snippet, Sitelinks, People also ask, Knowledge panel, Related searches"
fritzbox 5590 kaufen,Transactional,43,210,24,0.40,"People also ask, Related searches, Popular products"
germaniptv,Commercial,41,210,17,0.88,"Video, People also ask, Related searches"
gratis live tv,Commercial,38,210,54,0.82,"Reviews, Video, Related searches"
hd antenne,"Informational, Commercial",43,210,29,0.36,"Video, People also ask, Related searches, Popular products"
hd modul ohne karte,Commercial,51,210,21,0.37,"Reviews, Video, People also ask, Related searches, Popular products"
hd plus modul mit karte 12 monate,Commercial,40,210,24,0.33,"People also ask, Related searches, Popular products"
hd receiver kaufen,Transactional,50,210,33,0.33,"Video, People also ask, Local pack, Related searches, Popular products"
hdtv sat receiver,"Informational, Transactional",52,210,26,0.08,"Video, Video carousel, People also ask, Related searches, Popular products"
idealo apple tv,"Navigational, Transactional",39,210,31,0.00,"Reviews, People also ask, Related searches"
internet fernsehen telekom,Commercial,41,210,57,1.18,"AI Overview, Reviews, Video, People also ask, Related searches, Ads bottom, Ads middle"
internet und fernsehn,Commercial,45,210,43,2.46,"AI Overview, Reviews, Video, People also ask, Related searches, Ads top, Ads middle"
internet und tv telekom,Transactional,42,210,34,2.15,"Reviews, Video, People also ask, Related searches, Ads top, Ads middle"
ip tv deutschland,"Informational, Commercial",44,210,41,1.17,"AI Overview, Reviews, Video, People also ask, Related searches"
ip tv player,"Informational, Commercial",50,210,38,0.53,"Reviews, Video, Video carousel, People also ask, Related searches"
ip tv receiver,"Informational, Commercial",71,210,19,0.00,"Video, People also ask, Related searches, Popular products"
ip tv smart,Commercial,50,210,36,0.00,"Reviews, Image pack, Video, People also ask, Related searches"
ip-tv player,Commercial,44,210,39,0.53,"Reviews, Video, People also ask, Related searches"
iptv box kaufen,Transactional,81,210,24,0.00,"Video, People also ask, Related searches, Popular products"
iptv code kaufen,Commercial,45,210,13,0.00,"AI Overview, Related searches"
iptv deutschland anbieter,"Informational, Commercial",45,210,32,0.00,"AI Overview, Video, Short videos, People also ask, Related searches"
iptv player for windows,"Informational, Commercial",45,210,30,0.00,"Reviews, Video, Related searches"
iptv services,"Informational, Commercial",49,210,26,0.00,"Sitelinks, Video, Video carousel, People also ask, Related searches"
iptv smart apk,"Informational, Transactional",52,210,25,0.00,"Reviews, Video, Related searches"
iptv tv box,Commercial,82,210,21,0.00,"People also ask, Related searches, Popular products"
jbl partbox,"Informational, Transactional",47,210,35,0.34,"Reviews, People also ask, Related searches, Popular products"
jbl partybox 310 media markt,"Informational, Commercial",39,210,29,0.33,"Reviews, Image, Video, People also ask, Related searches, Ads bottom"
jbl partybox mit akku,Transactional,40,210,29,0.24,"Reviews, People also ask, Related searches, Popular products, Ads bottom"
kabel ein stream,Commercial,42,210,42,0.67,"Reviews, Video, People also ask, Related searches"
kabel receiver von technisat,"Informational, Transactional",48,210,20,0.14,"People also ask, Related searches, Popular products"
kabel verstärker tv,Commercial,53,210,13,0.11,"Video, People also ask, Related searches, Popular products"
kaufen iptv,Commercial,59,210,30,0.00,"Video, People also ask, Related searches, Popular products"
kleinen fernseher günstig,Commercial,45,210,21,0.18,"Sitelinks, Reviews, People also ask, Related searches, Popular products"
kostenlos rtl2 gucken,Commercial,36,210,26,1.05,"Video, People also ask, Related searches"
kostenlos super rtl,Commercial,36,210,21,0.00,"Reviews, Video, People also ask, Related searches"
kostenlos tv streamen ohne anmeldung,"Navigational, Transactional",33,210,50,0.00,"Sitelinks, AI Overview, Reviews, Video, People also ask, Related searches"
kostenlose livestream,Commercial,35,210,69,1.68,"Reviews, Video, People also ask, Top stories, Related searches"
kostenloses live tv,Commercial,40,210,61,0.61,"AI Overview, Reviews, Image, Video, People also ask, Related searches, Ads bottom"
kostenloses tv streaming,Commercial,37,210,47,0.93,"Reviews, Video, People also ask, Related searches"
led tv 32 zoll,Commercial,40,210,24,0.17,"Video, Video carousel, People also ask, Related searches, Popular products"
lg 32 zoll tv,"Informational, Transactional",45,210,24,0.22,"Video, People also ask, Related searches, Popular products"
live stream rtl fussball,Transactional,39,210,46,0.91,
live tv schauen,Commercial,40,210,70,1.07,"Reviews, Video, People also ask, Related searches"
live tv se,"Informational, Transactional",37,210,87,1.29,"Reviews, Video, People also ask, Related searches"
livestream kostenlos ohne anmeldung,"Navigational, Transactional",33,210,37,0.48,"Sitelinks, Reviews, Video, Related searches"
livestream rtl de,"Navigational, Transactional",32,210,64,0.71,"Reviews, Video, People also ask, Related searches"
livetv online,"Informational, Transactional",39,210,5,1.07,"Reviews, Related searches"
magenta angebote telekom,"Navigational, Transactional",34,210,39,1.63,"Sitelinks, Reviews, Video, People also ask, Related searches"
magenta box kaufen,Transactional,48,210,24,2.10,"Image pack, People also ask, Related searches, Popular products"
magenta live tv,"Informational, Transactional",38,210,50,3.25,"Reviews, Video, People also ask, Related searches"
magenta preise,"Navigational, Transactional",32,210,34,2.89,"Sitelinks, AI Overview, Reviews, Video, People also ask, Related searches"
magenta tv alternative,"Informational, Commercial",40,210,19,1.18,"Sitelinks, AI Overview, Reviews, Video, People also ask, Related searches"
magenta tv alternativen,Commercial,40,210,23,1.69,"AI Overview, Reviews, Video, People also ask, Related searches"
magenta tv one 2 generation kaufen,Transactional,45,210,23,1.76,"People also ask, Related searches, Popular products, Ads bottom"
magenta tv one 2. generation bedienungsanleitung,"Informational, Transactional",40,210,17,0.00,"Video, Video carousel, People also ask, Related searches"
magentatv receiver,"Informational, Transactional",48,210,22,2.85,"Reviews, People also ask, Related searches, Popular products"
media markt samsung tv 55 zoll,Transactional,38,210,33,0.20,"Related searches, Popular products, Ads top, Ads bottom"
media markt satelliten receiver,"Informational, Transactional",50,210,24,0.04,"Image pack, People also ask, Related searches, Popular products"
media markt satellitenschüssel,"Informational, Commercial",44,210,27,0.05,"People also ask, Related searches, Popular products"
mein rtl plus,"Navigational, Transactional",37,210,42,1.64,"Reviews, Video, People also ask, Related searches"
netflix basis abonnement,"Informational, Transactional",43,210,52,1.20,"AI Overview, Reviews, Video, People also ask, Related searches"
netflix com konto,"Navigational, Transactional",39,210,63,1.63,"People also ask, Related searches"
netflix es,"Navigational, Transactional",37,210,48,0.00,"Reviews, Video, People also ask, Related searches"
netflix in,"Navigational, Transactional",42,210,86,0.00,"Reviews, People also ask, Related searches"
netflix inhalte,Transactional,39,210,65,2.10,"Video, People also ask, Related searches"
netflix jahresabo kosten,"Informational, Transactional",45,210,50,1.04,"AI Overview, Reviews, People also ask, Related searches"
netflix kino filme,Commercial,33,210,37,0.17,"AI Overview, Reviews, Video, People also ask, Related searches"
netflix kosten familie,"Informational, Transactional",43,210,47,0.00,"AI Overview, Video, People also ask, Related searches"
netflix monatsabo,"Informational, Transactional",42,210,56,1.12,"AI Overview, Reviews, Video, People also ask, Related searches"
netflix new films,"Navigational, Transactional",28,210,83,0.00,"Video, People also ask, Related searches"
netflix preise 2026,Transactional,48,210,43,0.51,"AI Overview, Reviews, People also ask, Related searches"
netflix serien auf deutsch,Commercial,32,210,21,0.00,"Sitelinks, Reviews, Video, People also ask, Related searches"
netflix testmonat,"Informational, Transactional",39,210,50,1.63,"Video, People also ask, Top stories, Related searches"
netflix tv stick,Transactional,41,210,41,0.39,"Sitelinks, Reviews, Video, People also ask, Related searches, Popular products"
netflix-abo angebot,"Informational, Commercial",48,210,40,1.49,"AI Overview, Reviews, People also ask, Related searches"
netflixabo,"Navigational, Transactional",45,210,51,1.35,"Reviews, Video, People also ask, Related searches"
neueste fernseher von samsung,"Informational, Transactional",36,210,43,0.24,"Sitelinks, People also ask, Related searches, Popular products"
neuester samsung fernseher,"Informational, Transactional",36,210,44,0.22,"Sitelinks, People also ask, Related searches, Popular products"
new film netflix,"Informational, Transactional",28,210,68,0.00,"AI Overview, Video, People also ask, Related searches"
online tv kostenlos schauen,Commercial,39,210,53,1.00,"AI Overview, Reviews, Video, People also ask, Related searches"
party box 720,"Informational, Transactional",47,210,22,0.45,"Reviews, Video, Video carousel, Short videos, People also ask, Related searches, Popular products, Ads bottom"
preis magenta tv,Transactional,40,210,45,0.86,"AI Overview, Reviews, Video, People also ask, Related searches"
pro7 kostenlos streamen,Commercial,36,210,44,0.48,"Reviews, Video, People also ask, Related searches"
radios tuner,"Informational, Commercial",38,210,18,0.12,"Video, Video carousel, Related searches, Popular products"
receiver für fernsehen,Commercial,54,210,30,0.74,"Video, Video carousel, People also ask, Related searches, Popular products"
receiver kabel mit aufnahmefunktion,"Informational, Commercial",50,210,21,0.20,"Video, People also ask, Related searches"
receiver mit aufnahmefunktion kabel,Commercial,50,210,19,0.20,"Video, People also ask, Related searches, Popular products, Ads middle"
receiver mit festplatte kabel,"Informational, Commercial",60,210,22,0.15,"Video, People also ask, Related searches, Popular products"
receiver mit festplatte satellit,"Informational, Commercial",42,210,17,0.12,"Video, People also ask, Related searches, Popular products"
receiver radio internet,Commercial,48,210,16,0.20,"Reviews, Video, People also ask, Related searches, Ads bottom"
refurbished apple tv 4k,Commercial,34,210,30,0.38,Related searches
resiever,Commercial,37,210,25,0.88,"Video, People also ask, Related searches, Popular products"
rtl + kostenlos testen,Commercial,37,210,44,2.13,"AI Overview, Reviews, Video, People also ask, Related searches, Ads top, Ads bottom"
rtl aktuell now,"Navigational, Transactional",31,210,61,0.00,"Reviews, Video, Related searches"
rtl canlı izle,"Navigational, Transactional",36,210,44,0.00,Reviews
rtl de programme,"Navigational, Transactional",32,210,71,0.00,"Sitelinks, Reviews, Video, People also ask, Related searches"
rtl fernseh,Commercial,36,210,58,0.49,"Reviews, Video, People also ask, Related searches"
rtl kostenlos live sehen,Commercial,36,210,49,1.00,"Sitelinks, Reviews, Video, People also ask, Related searches, Ads middle"
rtl live ansehen,"Navigational, Transactional",36,210,53,0.88,"Reviews, Video, People also ask, Related searches"
rtl live fußball deutschland,"Navigational, Transactional",34,210,50,0.00,"Sitelinks, Reviews, Video, People also ask, Related searches"
rtl live stream kostenlos ohne anmeldung nydus,"Navigational, Transactional",31,210,20,0.00,"Reviews, Video, People also ask"
rtl live stream online,"Navigational, Transactional",34,210,54,0.72,"Reviews, Video, People also ask, Related searches"
rtl mediathek aktuell,"Informational, Transactional",33,210,50,0.00,"Reviews, Video, People also ask, Related searches"
rtl nitro stream kostenlos,Commercial,35,210,19,0.00,"Reviews, Video, People also ask"
rtl now aktuell,"Navigational, Transactional",32,210,55,0.00,"Reviews, Video, People also ask, Knowledge panel, Related searches"
rtl now.de,"Navigational, Transactional",32,210,72,0.08,"Sitelinks, Reviews, Video, People also ask, Knowledge panel"
rtl online kostenlos schauen,Commercial,35,210,43,1.57,"Sitelinks, Reviews, Video, People also ask, Related searches"
rtl plzs,"Navigational, Commercial",35,210,59,0.26,"Sitelinks, Reviews, Video, People also ask, Related searches, Ads top, Ads bottom"
rtl televizija live stream,"Navigational, Transactional",36,210,53,0.90,"Reviews, Video, People also ask, Related searches"
rtl uzivo,"Informational, Transactional",35,210,48,0.93,"Reviews, Video, People also ask, Related searches"
rtl uživo stream,"Navigational, Transactional",36,210,47,0.99,"AI Overview, Reviews, Video, People also ask, Related searches"
rtl von gestern,"Informational, Transactional",32,210,37,0.79,"Video, People also ask, Related searches"
rtl zwei livestream,Commercial,36,210,36,1.05,"Reviews, Video, People also ask, Related searches"
rtl2 kostenlos ansehen,Commercial,37,210,29,0.00,"Reviews, Video, People also ask, Related searches"
rtl2 livestream kostenlos,Commercial,36,210,25,1.00,"AI Overview, Reviews, Video, Related searches"
rtl2 online schauen,Commercial,37,210,43,0.83,"AI Overview, Reviews, Video, People also ask, Related searches"
rtl2 online sehen,Commercial,37,210,30,0.87,"Reviews, Video, People also ask, Related searches"
samsung 24 zoll smart tv,Commercial,45,210,30,0.14,"Reviews, Image, People also ask, Related searches, Popular products"
samsung 4k fernseher,Commercial,43,210,28,0.23,"People also ask, Related searches"
samsung 60 zoll fernseher,Commercial,44,210,30,0.19,"Reviews, Image, People also ask, Related searches, Popular products"
samsung 60 zoll tv,Commercial,39,210,26,0.19,"Reviews, People also ask, Related searches, Popular products"
samsung 95 zoll,Transactional,39,210,33,0.24,"Reviews, Video, People also ask, Related searches, Popular products"
samsung fernseher uhd tv,"Informational, Transactional",46,210,30,0.29,"People also ask, Related searches, Popular products"
samsung flachbildfernseher,Commercial,39,210,40,0.26,"People also ask, Related searches, Popular products"
samsung one connect kabel,"Informational, Transactional",39,210,32,0.16,"Image, People also ask, Related searches, Popular products"
samsung super hd tv,"Informational, Transactional",38,210,40,0.21,"Reviews, Video, People also ask, Related searches"
samsung television,"Informational, Transactional",43,210,34,0.38,"People also ask, Related searches, Popular products"
samsung the one connect box,"Informational, Transactional",47,210,32,0.20,"Video, Video carousel, People also ask, Related searches, Popular products"
samsung tv 55 zoll media markt,Commercial,42,210,36,0.20,"Sitelinks, People also ask, Related searches, Popular products, Ads top, Ads middle"
samsung tv box,"Informational, Transactional",52,210,33,0.62,"Video, People also ask, Related searches, Popular products"
samsung tvs 55,Commercial,42,210,30,0.31,"People also ask, Related searches, Popular products"
samsung uhd tv,"Informational, Transactional",43,210,30,0.21,"Reviews, People also ask, Related searches, Popular products"
samsung ultra high definition tv,Transactional,36,210,32,0.21,"Reviews, People also ask, Related searches, Popular products"
sat anlage komplett set,Commercial,44,210,23,0.28,"Video, People also ask, Related searches, Popular products"
sat receiver hd test,Commercial,39,210,26,0.10,"Sitelinks, Reviews, Video, Video carousel, People also ask, Related searches"
sat receiver mit aufnahmefunktion und festplatte,"Informational, Commercial",49,210,13,0.16,"Sitelinks, Video, People also ask, Related searches, Popular products"
sat receiver mit festplatte und aufnahmefunktion,"Informational, Commercial",50,210,12,0.16,"People also ask, Related searches, Popular products"
sat receiver mit smart tv,Commercial,55,210,23,0.13,"Video, People also ask, Related searches, Popular products"
satantenne,Commercial,44,210,22,0.23,"Image, Video, People also ask, Related searches"
satelliten festplattenreceiver,Commercial,48,210,19,0.16,"Reviews, Video, People also ask, Related searches, Popular products"
satelliten receiver mit festplatte,Commercial,49,210,18,0.12,"People also ask, Related searches"
satelliten-antenne,Commercial,48,210,19,0.36,"Video, Video carousel, People also ask, Related searches, Popular products"
satellitenschüssel media markt,"Informational, Transactional",39,210,28,0.07,"People also ask, Related searches, Popular products"
sattelitenschüssel,Commercial,44,210,26,0.00,"Video, Video carousel, People also ask, Related searches, Popular products"
sky 2 receiver,Transactional,45,210,27,1.53,"Reviews, Video, People also ask, Related searches"
sky at,"Navigational, Transactional",32,210,48,1.82,"Video, People also ask, Related searches"
sky bestellungen,"Navigational, Transactional",42,210,43,2.96,"Reviews, People also ask, Related searches, Ads top, Ads middle"
sky box tv,"Navigational, Transactional",51,210,40,2.05,"Reviews, Video, Video carousel, People also ask, Related searches"
sky de mein abo,"Navigational, Transactional",33,210,30,1.41,"Reviews, Video, People also ask, Related searches, Ads bottom"
sky ein spiel kaufen,Transactional,37,210,36,2.36,"Reviews, Video, People also ask, Related searches, Ads top, Ads bottom"
sky fernsehen heute abend,"Informational, Transactional",38,210,33,0.00,"Reviews, Video, People also ask, Related searches"
sky go deutschland,"Informational, Transactional",36,210,54,1.04,"AI Overview, Reviews, People also ask, Related searches"
sky mini box,"Informational, Transactional",45,210,28,1.22,"Reviews, Video, People also ask, Related searches, Popular products"
sky paketpreise,"Informational, Transactional",40,210,40,2.28,"Sitelinks, AI Overview, Reviews, People also ask, Related searches"
sky q mini kaufen,Transactional,38,210,30,0.69,"Reviews, Video, People also ask, Related searches, Popular products"
sky sat receiver,Commercial,48,210,34,2.45,"Reviews, Video, People also ask, Related searches, Popular products"
sky sport kostet,"Informational, Transactional",40,210,50,0.96,"Sitelinks, AI Overview, Reviews, Video, People also ask, Related searches"
sky sport preis,"Navigational, Transactional",40,210,45,0.70,"Reviews, Video, People also ask, Related searches, Ads top"
smart receiver,Commercial,50,210,25,0.69,"Reviews, Image pack, Video, People also ask, Related searches, Popular products"
smart tv box test,Commercial,47,210,44,0.33,"Sitelinks, Reviews, Video, People also ask, Related searches, Popular products"
smart tv player,"Informational, Transactional",45,210,29,0.45,"Reviews, Video, Video carousel, People also ask, Related searches"
smart tvs samsung,"Informational, Transactional",42,210,37,0.24,"People also ask, Related searches, Popular products"
stream fernsehen kostenlos,Commercial,38,210,45,0.86,"Reviews, Video, People also ask, Related searches"
streaming anbieter im vergleich,Commercial,39,210,40,1.58,"AI Overview, Reviews, Video, People also ask, Related searches, Ads bottom"
streaming box android,Commercial,55,210,24,0.50,"Sitelinks, Video, Video carousel, People also ask, Related searches, Popular products"
streaming stick vergleich,Commercial,41,210,32,0.47,"Sitelinks, Reviews, Video, People also ask, Related searches"
super rtl live stream kostenlos ohne anmeldung,"Navigational, Transactional",30,210,28,0.00,"Reviews, Video, People also ask, Related searches"
technisat kabel receiver,Transactional,49,210,21,0.14,"Video, People also ask, Related searches, Popular products"
telecom angebote,Transactional,35,210,38,0.97,"Reviews, Video, People also ask, Related searches, Ads top, Ads middle"
telekom big tv,"Navigational, Transactional",38,210,21,5.28,"Reviews, Video, People also ask, Related searches"
telekom internet und fernsehen,"Navigational, Transactional",44,210,34,1.80,"Reviews, Video, People also ask, Related searches"
telekom kundenservice magentatv,"Navigational, Transactional",47,210,47,0.28,"Video, People also ask, Related searches"
telekom senderliste,"Navigational, Transactional",34,210,31,7.36,"People also ask, Related searches"
telekom tv receiver,Transactional,49,210,24,1.73,"Video, Video carousel, People also ask, Related searches"
television telekom,Transactional,42,210,58,2.14,"AI Overview, Reviews, Video, People also ask, Related searches, Ads top"
test sat receiver,Commercial,39,210,12,0.09,"Reviews, Video, Related searches, Popular products"
tivusat receiver,Commercial,50,210,8,0.11,"Image pack, People also ask, Related searches, Popular products"
tragbarer blue ray player,Commercial,37,210,24,0.13,"Sitelinks, Video, People also ask, Related searches, Popular products"
tuner card,"Informational, Transactional",40,210,31,0.47,"Video, People also ask, Knowledge panel, Related searches, Popular products"
tuner dab hifi,Commercial,40,210,14,0.10,"Reviews, Video, People also ask, Related searches, Popular products"
tv android smart tv,"Informational, Transactional",43,210,21,0.21,"Video, Video carousel, People also ask, Related searches, Popular products"
tv apple 3,"Informational, Transactional",37,210,41,0.00,"Reviews, Video, People also ask, Related searches, Popular products"
tv box apple,"Informational, Transactional",51,210,54,0.00,"Reviews, Video carousel, People also ask, Related searches, Popular products"
tv free streaming,Commercial,36,210,46,0.89,"AI Overview, Reviews, Video, Related searches"
tv geräte 32 zoll,Commercial,44,210,29,0.16,"Video, Video carousel, People also ask, Related searches, Popular products, Ads top, Ads bottom"
tv geräte samsung,Commercial,42,210,39,0.22,"People also ask, Related searches, Popular products"
tv internet anbieter vergleich,Commercial,47,210,36,1.58,"Sitelinks, Reviews, People also ask, Related searches"
tv internet telekom,"Navigational, Transactional",44,210,56,2.55,"Reviews, Video, People also ask, Related searches"
tv kabel verstärker,Commercial,51,210,13,0.11,"Video, People also ask, Related searches, Popular products"
tv karte für den pc,Commercial,48,210,19,0.11,"Video, People also ask, Related searches, Popular products"
tv mit receiver,Commercial,57,210,24,0.74,"Video, People also ask, Related searches, Popular products"
tv pc karte,"Informational, Commercial",47,210,18,0.11,"Video, People also ask, Related searches, Popular products"
tv programm live kostenlos,Commercial,37,210,68,0.47,"Reviews, Video, People also ask, Related searches"
tv samsung kaufen,Transactional,39,210,38,0.38,"People also ask, Related searches, Popular products"
tv samsung ultra hd,"Informational, Transactional",41,210,32,0.21,"People also ask, Related searches, Popular products"
tv streaming gratis,Commercial,38,210,32,1.00,"Reviews, Video, People also ask, Related searches, Ads bottom"
tv tarife,"Informational, Commercial",46,210,43,2.03,"AI Overview, Reviews, Video, People also ask, Related searches, Ads top"
tv-antenne für alle sender,Commercial,42,210,24,0.44,"Reviews, Video, People also ask, Related searches, Popular products"
umsonst fernsehn,Commercial,34,210,42,0.75,"AI Overview, Reviews, Video, People also ask, Related searches, Ads top, Ads middle"
vergleich internet tv anbieter,Commercial,50,210,35,1.58,"Sitelinks, Reviews, Video, People also ask, Related searches"
vergleich streaming anbieter,Commercial,40,210,42,1.84,"Reviews, Video, People also ask, Related searches"
verstärker für kabel tv,Commercial,52,210,11,0.11,"Video, People also ask, Related searches, Popular products"
verstärker kabel tv,Commercial,49,210,12,0.11,"Video, People also ask, Related searches, Popular products, Ads top, Ads bottom"
verstärker tv,Commercial,48,210,13,0.47,"Video, Video carousel, People also ask, Related searches, Popular products"
verstärker tv kabel,Commercial,50,210,13,0.11,"Video, People also ask, Related searches, Popular products"
vodafone fritzbox mieten,Transactional,41,210,31,3.33,"Reviews, Video, People also ask, Related searches"
vox gucken live,Commercial,32,210,35,0.86,"Reviews, Video, People also ask, Related searches"
waipu tv bewertungen,Commercial,40,210,16,0.00,"AI Overview, Reviews, Video, Video carousel, People also ask, Related searches"
was ist set top box,"Informational, Commercial",44,210,14,0.00,"Reviews, Image, Video, People also ask, Related searches, Popular products"
weiße fernseher,Commercial,43,210,23,0.19,"People also ask, Related searches, Popular products"
weißer fernseher samsung,Commercial,44,210,25,0.24,"Video, People also ask, Related searches, Popular products"
wm magenta tv,"Informational, Commercial",47,210,,5.34,"Reviews, Video, Video carousel, Top stories, Related searches"
wow buchen,Commercial,34,210,43,0.89,"Sitelinks, Video, People also ask, Related searches, Ads top, Ads middle"
wow sport angebot 3 monate,Commercial,35,210,17,1.13,"Reviews, Video, People also ask, Related searches, Ads top"
wow tv magenta,"Informational, Commercial",37,210,21,1.20,"Sitelinks, AI Overview, Reviews, Video, People also ask, Related searches"
www rtl de now,"Navigational, Transactional",29,210,76,0.04,"Reviews, Video, Related searches, Ads top"
übersicht samsung tv modelle,"Informational, Transactional",35,210,35,0.28,"Sitelinks, Video, People also ask, Related searches"
1&1 hd tv plus,"Informational, Transactional",45,170,32,0.77,"Reviews, People also ask, Related searches"
1u1 cinema,"Informational, Transactional",36,170,30,0.00,"Reviews, Video, People also ask, Related searches"
1und1 fernseher,"Informational, Transactional",52,170,39,0.72,"Reviews, People also ask, Related searches"
1und1 tv senderliste,"Navigational, Transactional",42,170,26,0.00,"Reviews, People also ask, Related searches"
24 zoll fernseher samsung,Commercial,43,170,24,0.13,"People also ask, Related searches, Popular products"
24 zoll fernseher smart tv,Commercial,47,170,17,0.18,"Reviews, Video, Related searches, Popular products"
32 zoll fernseher im raum,Commercial,39,170,28,0.00,"Sitelinks, Reviews, Video, Video carousel, People also ask, Related searches, Popular products"
32 zoll fernseher kaufen,Transactional,39,170,31,0.16,"Sitelinks, Video, People also ask, Related searches, Popular products"
32 zoll tv lg,Commercial,46,170,30,0.22,"Video, People also ask, Related searches, Popular products"
4k fernseher 55 zoll samsung,Commercial,43,170,30,0.25,"People also ask, Related searches, Popular products"
75 zoll fernseher black friday,Commercial,37,170,21,0.27,"Video, People also ask, Related searches"
85 zoll fernseher angebot,Commercial,45,170,23,0.25,"Image, Video, People also ask, Related searches, Popular products"
85 zoll fernseher schnäppchen,Commercial,45,170,23,0.26,"Video, People also ask, Related searches, Popular products"
85 zoll qled,Commercial,43,170,24,0.36,"Video, Video carousel, People also ask, Related searches, Popular products, Ads bottom"
abo netflix kosten,"Informational, Transactional",45,170,53,0.64,"AI Overview, Reviews, People also ask, Related searches"
abonnement netflix kosten,"Informational, Transactional",45,170,44,0.54,"AI Overview, People also ask, Related searches"
alternative für kabelfernsehen,"Informational, Commercial",47,170,14,1.17,"Sitelinks, AI Overview, Video, Video carousel, People also ask, Related searches, Ads top, Ads middle"
alternative zu waipu,"Informational, Commercial",27,170,28,0.59,"Sitelinks, AI Overview, Reviews, Video, People also ask, Related searches"
alternative zu zattoo,Commercial,30,170,17,0.80,"AI Overview, Reviews, Video, Video carousel, People also ask, Related searches"
android tv vs google tv,"Informational, Commercial",33,170,26,0.00,"Sitelinks, AI Overview, Video, Video carousel, People also ask, Related searches"
android vs google tv,"Informational, Commercial",33,170,19,0.00,"Sitelinks, AI Overview, Video, Video carousel, Short videos, People also ask, Related searches"
angebote wow,"Informational, Commercial",36,170,28,1.03,"AI Overview, Reviews, Video, People also ask, Related searches, Ads top, Ads middle"
antena satelitarna,"Informational, Transactional",48,170,13,0.17,"Reviews, Video, People also ask, Related searches, Popular products"
antenne dvb t2,"Informational, Commercial",39,170,25,0.16,"People also ask, Related searches, Popular products"
antennen verstärker,"Informational, Transactional",34,170,23,0.11,"Image pack, Video, People also ask, Related searches, Popular products"
apple apple tv 4k 64gb,"Informational, Transactional",34,170,34,0.29,"Video, People also ask, Related searches, Popular products"
apple store apple tv,"Navigational, Transactional",35,170,60,0.92,"Sitelinks, Reviews, Video, People also ask, Related searches"
apple tv 128 gb,"Informational, Transactional",39,170,35,0.28,"Reviews, Video, People also ask, Knowledge panel, Related searches"
apple tv 4.generation,"Informational, Transactional",48,170,46,0.45,"Sitelinks, Reviews, Video, People also ask, Popular products"
apple tv 4k 6. generation,"Navigational, Transactional",40,170,44,0.20,"Sitelinks, Reviews, Video, People also ask, Related searches"
apple tv 4k 64gb,"Informational, Transactional",40,170,44,0.29,"Reviews, People also ask, Related searches, Popular products"
apple tv 4k kaufen,"Informational, Transactional",42,170,45,0.35,"People also ask, Knowledge panel, Related searches"
apple tv 4k64gb,"Informational, Transactional",36,170,49,0.29,"People also ask, Related searches, Popular products, Ads bottom"
apple tv box 4k,"Navigational, Transactional",46,170,42,0.43,"Sitelinks, Reviews, Video, People also ask, Related searches, Popular products"
apple tv box kaufen,Transactional,48,170,45,0.43,"Reviews, People also ask, Related searches, Popular products"
apple tv boxen,"Navigational, Transactional",48,170,49,0.37,"Sitelinks, Reviews, Video, People also ask, Related searches, Popular products"
apple tv gen 3,"Informational, Transactional",41,170,32,1.21,"People also ask, Related searches, Popular products"
apple tv generation 3,"Informational, Transactional",36,170,34,0.00,"Video, People also ask"
apple tv hardware,"Navigational, Transactional",40,170,50,0.18,"Sitelinks, Reviews, Video, Video carousel, People also ask, Top stories, Related searches, Popular products"
apple tv ios app,"Navigational, Transactional",36,170,51,0.00,"AI Overview, Reviews, People also ask, Related searches"
apple tv price,"Informational, Transactional",38,170,62,0.39,"People also ask, Related searches"
apple tv shop,"Navigational, Transactional",48,170,58,1.20,"Sitelinks, People also ask, Related searches"
apple tv vergleich,"Informational, Commercial",35,170,42,0.00,"AI Overview, Reviews, Video, People also ask, Related searches"
apple tv welche generation,"Informational, Transactional",35,170,37,0.00,"Reviews, People also ask, Related searches"
apple tv+ tv-sendungen,"Informational, Transactional",37,170,45,0.00,"AI Overview, Reviews, Video, People also ask, Knowledge panel, Related searches"
automotive dvd player,"Informational, Transactional",43,170,23,0.12,"Sitelinks, Reviews, Video, Video carousel, People also ask, Related searches, Popular products"
avm kabelrouter,"Informational, Commercial",43,170,38,0.46,"Reviews, Video, People also ask, Related searches, Popular products"
best streaming stick,Commercial,33,170,40,0.64,"Sitelinks, Reviews, Video, Video carousel, People also ask, Related searches, Popular products"
beste 85 zoll tv,Commercial,44,170,15,0.33,"Sitelinks, Video, People also ask, Related searches, Popular products"
beste satellitenschüssel,Commercial,35,170,16,0.15,"Reviews, Image pack, Video, Video carousel, People also ask, Related searches, Popular products, Ads bottom"
bester fernseher von samsung,Commercial,48,170,33,0.21,"Sitelinks, Video, People also ask, Related searches"
bester iptv anbieter deutschland,Commercial,45,170,19,0.00,"Sitelinks, AI Overview, Video, Short videos, People also ask, Related searches"
bester iptv provider,Commercial,49,170,20,0.00,"Sitelinks, AI Overview, Video, People also ask, Related searches"
bester sat receiver,Commercial,41,170,21,0.14,"Sitelinks, Reviews, Video, Video carousel, People also ask, Related searches"
bester tv anbieter,Commercial,50,170,41,1.97,"Sitelinks, AI Overview, Reviews, Video, People also ask, Related searches"
cable router fritzbox,Commercial,48,170,29,0.96,"Reviews, Video, People also ask, Related searches, Popular products"
ci modul für sky,"Informational, Commercial",41,170,27,1.56,"Sitelinks, Reviews, People also ask, Related searches, Ads bottom"
ci samsung tv,"Informational, Transactional",43,170,30,0.00,"Image pack, Video, Video carousel, People also ask, Popular products"
ci+ modul kaufen,Transactional,43,170,28,0.57,"Reviews, Video, People also ask, Related searches, Popular products"
dazn fussbal,"Navigational, Transactional",55,170,65,0.89,"Video, Video carousel, People also ask, Top stories, Related searches"
dazn fussball live,"Navigational, Transactional",55,170,72,0.75,"Reviews, Video, Top stories, Related searches"
dazn fußball live,"Navigational, Transactional",55,170,69,0.75,"Reviews, Video, Top stories, Related searches"
digital antenne tv,Commercial,45,170,17,0.37,"Video, People also ask, Related searches, Popular products"
digitale tv antenne,Commercial,44,170,20,0.38,"Video, People also ask, Related searches"
doppel lnb,"Informational, Commercial",49,170,11,0.19,"Reviews, Image pack, Video, People also ask, Related searches, Popular products"
dvb s receiver,Commercial,45,170,19,0.28,"Image pack, People also ask, Related searches, Popular products"
dvb t2 receiver für freenet,Commercial,47,170,21,0.15,"Reviews, People also ask, Related searches, Popular products"
dvb t2 zimmerantenne,Commercial,41,170,27,0.14,"Video, People also ask, Related searches, Popular products"
dvb-s2 receiver,Commercial,50,170,19,0.16,"People also ask, Related searches, Popular products"
dvb-t2 antenne test,Commercial,37,170,28,0.11,"Reviews, Video, People also ask, Related searches, Ads bottom"
fernseh kostenlos anschauen,Commercial,38,170,41,0.31,"Sitelinks, Reviews, Video, People also ask, Related searches, Ads middle"
fernseh online kostenlos,Commercial,34,170,60,0.81,"Reviews, Video, People also ask, Related searches"
fernsehen 32,Commercial,39,170,27,0.20,"Sitelinks, Video, People also ask, Related searches, Ads top, Ads bottom"
fernsehen auf dem laptop kostenlos,Commercial,40,170,42,0.38,"AI Overview, Reviews, Video, Video carousel, People also ask, Related searches, Ads top, Ads middle"
fernsehen auf laptop kostenlos,"Informational, Commercial",40,170,53,0.45,"AI Overview, Video, People also ask, Related searches, Ads bottom, Ads middle"
fernsehen auf pc,Commercial,40,170,30,0.56,"AI Overview, Reviews, Video, People also ask, Related searches, Ads bottom, Ads middle"
fernsehen fürs auto,Commercial,41,170,21,0.15,"Video, People also ask, Related searches, Popular products"
fernsehen mit integriertem dvd-player,Commercial,49,170,23,0.11,"Reviews, Video, People also ask, Related searches, Popular products"
fernsehen online schauen,Commercial,39,170,58,1.15,"Reviews, Video, People also ask, Related searches"
fernsehen über internet vergleich,Commercial,50,170,36,1.61,"AI Overview, Reviews, Video, People also ask, Related searches, Ads top, Ads bottom"
fernseher 32 zoll amazon,"Navigational, Transactional",40,170,34,0.06,"People also ask, Related searches, Popular products"
fernseher 43 zoll kaufen,Transactional,41,170,24,0.27,"People also ask, Related searches, Popular products"
fernseher angebote 32 zoll,Commercial,39,170,29,0.17,"Video, People also ask, Related searches, Popular products"
fernseher apple,"Navigational, Transactional",42,170,57,0.20,"Sitelinks, Reviews, Video, Video carousel, People also ask, Related searches, Popular products"
fernseher dvd player integriert,Commercial,47,170,19,0.14,"Reviews, Video, People also ask, Related searches, Popular products"
fernseher für küche,"Informational, Commercial",46,170,18,0.19,"Image, Image pack, Video, People also ask, Related searches, Popular products"
fernseher samsung 24 zoll,Commercial,43,170,24,0.13,"Reviews, People also ask, Related searches, Popular products"
fernseher samsung 4k,Commercial,43,170,30,0.24,"Video, People also ask, Related searches, Popular products"
fernseher samsung weiß,Commercial,45,170,22,0.24,"Video, Related searches, Popular products"
fernseher weiß samsung,Commercial,43,170,24,0.14,"People also ask, Related searches, Popular products"
fernsehern samsung,Commercial,48,170,41,0.23,"Video, Video carousel, People also ask, Related searches, Popular products, Ads bottom"
festplatten receiver,"Informational, Commercial",46,170,20,0.20,"Reviews, Video, People also ask, Related searches"
festplatten satelliten receiver,Commercial,49,170,19,0.16,"Reviews, Video, People also ask, Related searches, Popular products"
flixi tv stick kaufen,"Informational, Transactional",52,170,24,0.56,"Sitelinks, Reviews, Video, Video carousel, People also ask, Related searches, Popular products"
flixy tv stick kaufen,Transactional,52,170,15,0.68,"Sitelinks, Video, People also ask, Related searches, Popular products"
free fernsehen,Commercial,40,170,38,0.94,"AI Overview, Reviews, Video, People also ask, Top stories, Related searches"
free tv live stream,Commercial,36,170,54,0.62,"Reviews, Video, People also ask, Related searches"
free tv show stream online,Commercial,32,170,66,0.00,"Sitelinks, Video, People also ask, Related searches"
freetvstream,Commercial,34,170,42,2.32,"Reviews, Video, Related searches"
fritzbox 6660 kabel,"Informational, Commercial",45,170,18,1.38,"Reviews, Video, People also ask, Related searches, Popular products"
fritzbox 6660 kaufen,"Informational, Transactional",44,170,26,1.68,"Reviews, People also ask, Knowledge panel, Related searches"
fritzbox 6690 kaufen,"Informational, Transactional",44,170,32,1.18,"People also ask, Knowledge panel, Related searches"
fritzbox cable router,Commercial,49,170,31,1.29,"Video, People also ask, Related searches, Popular products, Ads top, Ads bottom"
fußball live dazn,"Navigational, Transactional",55,170,69,0.75,"Reviews, Video, Top stories, Related searches"
germany ip tv,Commercial,44,170,16,0.87,"AI Overview, Video, People also ask, Related searches"
geräte zum streamen,Commercial,45,170,23,0.63,"Video, People also ask, Related searches, Popular products"
gestern rtl,Transactional,31,170,39,0.79,"Video, People also ask, Related searches"
gigaset go box,"Informational, Transactional",47,170,20,0.22,"Image pack, Video, People also ask, Related searches, Popular products"
günstige 32 zoll fernseher,"Informational, Commercial",42,170,24,0.18,"Sitelinks, Video, People also ask, Related searches, Popular products"
hardware apple tv,Transactional,40,170,51,0.16,"Sitelinks, Video, People also ask, Related searches"
hd kabel receiver,Commercial,54,170,18,0.37,"Reviews, Image pack, Video, Video carousel, People also ask, Related searches, Popular products"
hd karte 12 monate,Commercial,36,170,25,0.45,"Video, People also ask, Related searches, Popular products"
hd karte mit modul,Commercial,47,170,30,0.57,"Reviews, Video, People also ask, Related searches, Popular products"
hd modul karte,Commercial,40,170,28,0.57,"Reviews, Image pack, Video, Video carousel, People also ask, Related searches, Popular products"
hd online tv,Commercial,48,170,60,2.09,"AI Overview, Reviews, Video, Related searches, Ads top, Ads middle"
hd sat receiver mit hd+ karte,Commercial,56,170,21,0.14,"People also ask, Related searches, Popular products"
hd+ kaufen karte,Transactional,45,170,28,0.45,"Reviews, People also ask, Related searches, Popular products"
ip tv boxen,"Informational, Commercial",67,170,25,0.00,"Video, Video carousel, People also ask, Related searches, Popular products"
ip tv smart player,Transactional,41,170,31,0.00,"Reviews, Video, People also ask, Related searches"
iptv best,Commercial,47,170,26,0.00,"Sitelinks, AI Overview, Video, Video carousel, People also ask, Related searches"
iptv buy,"Informational, Commercial",46,170,45,0.00,"AI Overview, Video, Related searches"
iptv kaufen deutschland,Commercial,57,170,19,0.00,"Video, Related searches"
iptv service,"Informational, Commercial",49,170,32,0.00,"AI Overview, Reviews, Video, Video carousel, People also ask, Related searches"
iptv telekom,"Navigational, Transactional",53,170,65,0.00,"Sitelinks, AI Overview, Reviews, Video, People also ask, Related searches"
jbl box ultimate,"Informational, Transactional",46,170,30,0.43,"Reviews, Video, People also ask, Related searches, Popular products"
jbl mit licht,"Informational, Transactional",34,170,27,0.37,"Reviews, Image pack, Video, People also ask, Related searches, Popular products"
jbl partybox 210,"Informational, Transactional",41,170,30,0.41,"Reviews, Image pack, Video, Short videos, People also ask, Related searches, Popular products"
jbl partyboy,Commercial,47,170,33,0.34,"Reviews, People also ask, Related searches, Popular products, Ads top, Ads middle"
kabel receiver für sky,Commercial,53,170,32,1.74,"Sitelinks, Reviews, Video, People also ask, Related searches, Popular products"
kabel receiver mit sky,Commercial,53,170,27,2.10,"Reviews, Video, Video carousel, People also ask, Related searches, Popular products, Ads bottom"
kleiner fernseher schlafzimmer,"Informational, Commercial",40,170,24,0.15,"Image pack, People also ask, Related searches, Popular products"
kleiner samsung fernseher,Commercial,40,170,27,0.10,"Video, People also ask, Related searches, Popular products"
kosten satellitenschüssel,Commercial,35,170,13,0.25,"Reviews, Video, People also ask, Related searches, Popular products, Ads top, Ads bottom"
kostenlos fernsehen am laptop,"Informational, Commercial",40,170,25,0.36,"Sitelinks, AI Overview, Reviews, Video, Video carousel, People also ask, Related searches, Ads middle"
kostenlos fernsehen online ohne anmeldung,"Navigational, Transactional",32,170,55,0.00,"AI Overview, Reviews, Video, People also ask, Related searches, Ads bottom"
kostenlos fernsehen schauen ohne anmeldung,"Navigational, Transactional",33,170,40,0.00,"Sitelinks, Reviews, Video, People also ask, Related searches"
kostenlos tv online schauen,Commercial,38,170,50,1.00,"Reviews, Video, People also ask, Related searches"
kostenlose live tv,Commercial,39,170,39,0.61,"Reviews, Video, Related searches"
lautsprecher mit usb anschluss,"Informational, Commercial",38,170,24,0.15,"Reviews, Image, Image pack, Video, People also ask, Related searches, Popular products"
live pro tv gratis,Commercial,36,170,52,0.00,"Reviews, Video, People also ask, Related searches"
live rtl now,"Navigational, Transactional",34,170,50,0.26,"Reviews, Video, People also ask, Related searches"
live stream com,Commercial,35,170,58,0.00,"Reviews, Video, People also ask, Related searches"
live stream ohne anmeldung,"Navigational, Transactional",33,170,40,0.36,"Sitelinks, Reviews, Video, Related searches"
live streams kostenlos,Commercial,34,170,64,0.71,"Sitelinks, Reviews, Video, People also ask, Top stories, Related searches"
lnb von technisat,"Informational, Transactional",44,170,18,0.13,"People also ask, Related searches, Popular products"
magenta big tv,Commercial,37,170,17,4.48,"Sitelinks, AI Overview, Reviews, Video, People also ask, Related searches"
magenta ohne telekom,"Informational, Commercial",34,170,31,5.71,"AI Overview, Reviews, People also ask, Related searches, Ads top"
magenta tv fernseher,"Informational, Transactional",46,170,46,3.53,"Reviews, Image, Video, People also ask, Related searches"
magenta tv ohne festnetz,"Informational, Commercial",41,170,31,2.63,"Sitelinks, AI Overview, Reviews, Video, People also ask, Related searches"
magenta tv ohne telekom vertrag,"Informational, Commercial",38,170,25,2.98,"AI Overview, Reviews, Video, People also ask, Related searches"
magenta tv program,Commercial,36,170,38,2.85,"AI Overview, Reviews, Video, People also ask, Related searches, Ads top"
magenta tv reciever,"Informational, Transactional",48,170,20,2.85,"Reviews, Video, Video carousel, People also ask, Related searches, Popular products"
magenta tv stick anmelden,"Informational, Transactional",37,170,16,0.00,"AI Overview, Reviews, Video, Video carousel, People also ask, Related searches"
magenta tv vs waipu,"Informational, Commercial",38,170,19,0.00,"Sitelinks, AI Overview, Reviews, Video, People also ask, Related searches"
magentatv angebot,Commercial,39,170,43,2.57,"Reviews, People also ask, Related searches, Ads bottom"
media markt 85 zoll fernseher,Transactional,41,170,29,0.42,"Video, People also ask, Related searches, Popular products"
media markt receiver,Commercial,46,170,30,0.08,"Image pack, People also ask, Related searches, Popular products"
media markt samsung fernseher 55 zoll,Transactional,35,170,32,0.18,"People also ask, Related searches, Popular products, Ads top, Ads bottom"
media markt sat receiver,"Informational, Transactional",46,170,23,0.04,"People also ask, Related searches, Popular products"
media receiver 401 typ b sw,Transactional,41,170,21,0.86,"Reviews, Video, People also ask, Related searches"
mediamarkt samsung fernseher,"Navigational, Transactional",36,170,30,0.16,"Sitelinks, People also ask, Related searches, Popular products"
mi box s,"Informational, Transactional",41,170,43,0.32,"People also ask, Knowledge panel, Related searches"
ml tv stick,"Informational, Transactional",52,170,30,0.39,"Reviews, Video, Video carousel, People also ask, Knowledge panel, Related searches, Ads middle"
monoblock lnb,Commercial,46,170,9,0.11,"Video, People also ask, Related searches, Popular products"
nerflix preis,Transactional,48,170,48,1.38,"AI Overview, Reviews, Video, People also ask, Related searches, Ads bottom"
netflix .de,"Navigational, Transactional",38,170,83,1.87,"Sitelinks, Reviews, Video, People also ask"
netflix abo optionen,"Informational, Transactional",46,170,52,0.00,"AI Overview, Reviews, Video, People also ask, Related searches"
netflix abomodelle,"Informational, Transactional",39,170,55,1.61,"AI Overview, Reviews, Video, People also ask, Related searches"
netflix basis,"Informational, Transactional",41,170,54,1.48,"AI Overview, Image, Image pack, People also ask, Related searches, Ads bottom"
netflix cost,"Informational, Transactional",36,170,79,1.19,"AI Overview, Reviews, Video, People also ask, Related searches"
netflix gucken,"Navigational, Transactional",42,170,58,1.73,"Sitelinks, Reviews, Video, People also ask, Related searches"
netflix im monat,"Informational, Transactional",43,170,42,0.99,"AI Overview, Reviews, Video, People also ask, Related searches"
netflix login konto,"Navigational, Transactional",40,170,65,0.00,"People also ask, Related searches"
netflix mediathek,"Informational, Transactional",36,170,69,1.04,"Video, People also ask, Related searches"
netflix movies in germany,"Informational, Commercial",0,170,45,0.00,"Video, People also ask, Related searches"
netflix standard vs premium,"Informational, Commercial",44,170,36,0.00,"AI Overview, Reviews, Video, People also ask, Related searches"
netflix test abo,"Informational, Transactional",41,170,45,1.39,"AI Overview, Reviews, Video, People also ask, Related searches"
netflix tv login,"Navigational, Transactional",45,170,59,0.00,"Video, People also ask, Related searches"
netflix uhd,"Informational, Transactional",44,170,40,0.00,"AI Overview, Image, Video, People also ask, Related searches"
netflixkosten,"Informational, Transactional",48,170,41,0.47,"AI Overview, Reviews, Video, People also ask, Related searches"
neuer samsung fernseher,"Informational, Transactional",37,170,48,0.24,"Sitelinks, Video, Video carousel, People also ask, Related searches, Popular products"
neuestes apple tv,"Informational, Transactional",39,170,44,0.48,"Sitelinks, Reviews, Video, Video carousel, Short videos, People also ask, Related searches, Popular products"
online fernsehen kostenlos ohne anmeldung,"Navigational, Transactional",33,170,59,0.00,"Sitelinks, Reviews, Video, Related searches, Ads bottom"
online kostenlos fernsehen ohne anmeldung,"Navigational, Transactional",32,170,44,0.00,"AI Overview, Reviews, Video, People also ask, Related searches"
online tv schauen kostenlos,Commercial,38,170,47,0.89,"Sitelinks, Reviews, Video, People also ask, Related searches"
pay tv anbieter,"Informational, Commercial",50,170,27,1.69,"Sitelinks, AI Overview, Reviews, Video, People also ask, Related searches, Ads top, Ads middle"
pc mit tv karte,"Informational, Commercial",49,170,19,0.06,"Video, People also ask, Related searches, Popular products"
pc tv karte,"Informational, Commercial",48,170,19,0.06,"Video, People also ask, Related searches, Popular products"
prosieben kostenlos streamen,Commercial,36,170,41,0.48,"Reviews, Video, People also ask, Related searches"
radio receiver internetradio,"Informational, Commercial",44,170,15,0.14,"Sitelinks, Reviews, People also ask, Related searches, Popular products"
receiver für kabel deutschland,Commercial,51,170,22,1.56,"Reviews, Video, People also ask, Related searches, Popular products"
receiver für sky kabel,"Informational, Transactional",47,170,30,2.10,"Reviews, Video carousel, People also ask, Related searches, Popular products"
receiver media markt,"Informational, Transactional",50,170,29,0.10,"Video, People also ask, Related searches, Popular products, Ads bottom"
receiver sat hd+,"Informational, Commercial",50,170,21,0.27,"People also ask, Related searches, Popular products"
receiver satellit kaufen,Transactional,47,170,30,0.12,"Sitelinks, Video, People also ask, Local pack, Related searches, Popular products"
receiver tv satellit,Commercial,52,170,21,0.42,"Video, Video carousel, People also ask, Related searches, Popular products"
reseiver,Commercial,37,170,25,0.88,"Video, People also ask, Related searches, Popular products"
reviever,Commercial,38,170,24,0.88,"Video, Video carousel, People also ask, Related searches, Popular products"
roku app,Commercial,33,170,40,0.17,"AI Overview, Reviews, People also ask, Related searches"
roku streaming 4k stick,"Informational, Transactional",49,170,29,0.20,"Reviews, Video, People also ask, Related searches, Popular products"
roku tv television,"Informational, Transactional",47,170,29,0.80,"Video, People also ask, Related searches, Popular products"
rtl ansehen live,"Navigational, Transactional",37,170,68,0.88,"Reviews, Video, People also ask, Related searches"
rtl de programma,"Navigational, Transactional",32,170,72,0.70,"Sitelinks, Video, People also ask, Related searches"
rtl gestern abend,"Informational, Transactional",32,170,34,0.71,"Video, People also ask, Related searches"
rtl gestern sendung verpasst,"Informational, Transactional",28,170,58,0.22,"Video, People also ask, Related searches"
rtl internet live,Transactional,39,170,49,0.94,"Sitelinks, Reviews, Video, People also ask, Related searches"
rtl kostenlos anschauen live,Commercial,38,170,44,0.79,"Reviews, Video, People also ask, Related searches, Ads bottom"
rtl kostenlos live ansehen,Commercial,36,170,51,1.24,"Sitelinks, Reviews, Video, People also ask, Related searches, Ads middle"
rtl kostenlos und ohne anmeldung,"Navigational, Transactional",33,170,29,0.00,"AI Overview, Reviews, Image, Video, People also ask, Related searches"
rtl l,"Navigational, Transactional",32,170,87,0.61,"Sitelinks, Reviews, Video, People also ask, Related searches"
rtl live anschauen kostenlos,Transactional,36,170,47,0.79,"Reviews, Video, People also ask, Related searches"
rtl live kostenlos sehen,Commercial,34,170,55,1.00,"Reviews, Video, People also ask, Related searches"
rtl live youtube,"Navigational, Transactional",47,170,,0.00,"Video, Video carousel, People also ask, Related searches"
rtl live übertragung,"Navigational, Transactional",38,170,50,0.67,"Sitelinks, Reviews, Video, People also ask, Top stories, Related searches"
rtl livestream de,Commercial,36,170,50,0.71,"Reviews, Video, People also ask, Related searches"
rtl livestream formel 1,Transactional,33,170,38,0.00,"Reviews, Video, Video carousel, People also ask, Related searches"
rtl now live,"Navigational, Transactional",34,170,50,0.29,"Reviews, Video, People also ask, Related searches, Ads bottom"
rtl television live heute,"Informational, Transactional",47,170,68,0.40,"Video, People also ask, Related searches"
rtl tv livestream,"Navigational, Transactional",35,170,48,0.74,"Sitelinks, Reviews, Video, People also ask, Top stories, Related searches"
rtl2 kostenlos anschauen,Commercial,36,170,34,0.00,"AI Overview, Reviews, Video, People also ask, Related searches"
rtl2 live streamen,Commercial,39,170,24,0.85,"Reviews, Video, People also ask, Related searches, Ads bottom"
rtl2 streaming,Commercial,39,170,40,0.73,"Video, People also ask, Related searches, Ads top"
samsung 55 zoll smart tv,Commercial,44,170,30,0.23,"People also ask, Related searches, Popular products"
samsung android tv,"Informational, Transactional",39,170,40,0.27,"People also ask, Popular products"
samsung box,"Informational, Transactional",49,170,31,0.43,"Image pack, Video, People also ask, Related searches, Popular products"
samsung fernseher 4k 55 zoll,Transactional,43,170,35,0.25,"People also ask, Related searches, Popular products, Ads bottom"
samsung fernseher 55 zoll media markt,"Informational, Transactional",38,170,32,0.18,"Sitelinks, People also ask, Related searches, Popular products"
samsung fjernsyn 55,"Informational, Transactional",48,170,31,0.34,"People also ask, Related searches, Popular products"
samsung kleiner fernseher,"Informational, Transactional",44,170,25,0.10,"Video, People also ask, Related searches, Popular products, Ads bottom"
samsung neue fernseher,"Informational, Transactional",35,170,40,0.22,"Video, People also ask, Related searches, Popular products"
samsung smart tv 32,Commercial,46,170,24,0.17,"People also ask, Related searches, Popular products"
samsung uhd fernseher,"Informational, Transactional",42,170,30,0.21,"People also ask, Related searches, Popular products"
samsung ultra hd fernseher,Commercial,36,170,30,0.21,"Sitelinks, People also ask, Related searches, Popular products"
samsung ultra high def tv,"Informational, Transactional",41,170,34,0.29,"Video, People also ask"
samsung weißer fernseher,Commercial,42,170,25,0.24,"Video, People also ask, Related searches, Popular products"
sat anlage komplettset,Commercial,41,170,23,0.27,"Video, People also ask, Related searches, Popular products"
sat hd receiver,"Informational, Commercial",52,170,26,0.36,"Video, People also ask, Related searches"
sat receiver media markt,Transactional,42,170,23,0.04,"People also ask, Related searches, Popular products"
sateliten receiver,Commercial,50,170,23,0.22,"Image pack, Video, Video carousel, People also ask, Related searches, Popular products, Ads bottom"
satellite receiver media markt,"Informational, Transactional",46,170,19,0.04,"People also ask, Related searches, Popular products"
satelliten hd receiver,"Informational, Commercial",48,170,21,0.14,"Video, Video carousel, People also ask, Related searches, Popular products"
satelliten receiver festplatte,"Informational, Commercial",50,170,23,0.16,"Reviews, Video, People also ask, Related searches, Popular products"
satelliten receiver kaufen,Transactional,50,170,29,0.15,"Video, People also ask, Local pack, Related searches, Popular products"
satellitenschüssel bei media markt,"Informational, Commercial",40,170,29,0.06,"People also ask, Related searches, Popular products"
satellitenschüssel kosten,Commercial,38,170,13,0.33,"Reviews, Video, People also ask, Related searches, Popular products, Ads bottom"
sender bei magenta tv,Commercial,39,170,29,0.38,"AI Overview, Reviews, Video, People also ask, Related searches"
senderliste telekom,Transactional,37,170,33,0.00,"Reviews, Video, People also ask, Related searches"
set top boxen,Commercial,67,170,14,0.54,"Sitelinks, Image, Image pack, Video, People also ask, Related searches, Popular products"
sky .de,"Navigational, Transactional",37,170,70,1.29,"Reviews, Video, People also ask"
sky abo abschließen,"Navigational, Transactional",39,170,45,2.02,"Reviews, Video, People also ask, Related searches"
sky abo sport,"Informational, Transactional",40,170,50,1.79,"AI Overview, Reviews, Video, People also ask, Related searches, Ads top, Ads bottom"
sky aktion,Transactional,36,170,53,0.71,"AI Overview, Reviews, Video, People also ask, Related searches, Ads top"
sky box kaufen,Transactional,54,170,32,0.53,"Reviews, People also ask, Related searches, Popular products"
sky deutschland angebote,Transactional,38,170,38,2.49,"Reviews, People also ask, Related searches, Ads top, Ads bottom"
sky für einen tag,Commercial,38,170,19,1.90,"Reviews, Video, People also ask, Related searches"
sky go download mac,"Informational, Transactional",32,170,48,0.00,"Sitelinks, AI Overview, Reviews, Video, People also ask, Related searches"
sky go for mac download,"Informational, Transactional",32,170,46,0.00,"Sitelinks, AI Overview, Reviews, Video, People also ask, Related searches"
sky mit receiver über internet,"Informational, Transactional",45,170,27,1.30,"Reviews, Video, People also ask, Related searches"
sky nur bundesliga,Transactional,35,170,43,1.08,"Reviews, Video, Related searches"
sky paket,Transactional,44,170,46,1.98,"Sitelinks, Reviews, Video, People also ask, Related searches"
sky q iptv box kaufen,Transactional,54,170,27,0.00,"Reviews, Video, People also ask, Related searches, Popular products"
sky receiver kaufen ohne vertrag,Transactional,49,170,28,0.74,"Reviews, People also ask, Related searches, Popular products"
sky reciever,Transactional,46,170,35,1.97,"Reviews, Image, Image pack, People also ask, Related searches, Popular products"
sky sport + bundesliga angebot,"Informational, Transactional",37,170,57,1.14,"Featured snippet, Reviews, People also ask, Related searches"
sky ticket login,Commercial,36,170,33,0.00,"AI Overview, Reviews, People also ask, Related searches"
sky wow sport,"Navigational, Commercial",40,170,41,0.98,"Reviews, Video, People also ask, Related searches"
smart iptv smart tv,"Informational, Transactional",51,170,31,0.00,"Reviews, Video, Video carousel, People also ask, Related searches"
smart tv 24 zoll wlan full hd,Commercial,49,170,22,0.18,"Sitelinks, Video, People also ask, Related searches, Popular products"
smart tv 32 zoll angebote,"Informational, Commercial",39,170,22,0.16,"Video, People also ask, Related searches, Popular products"
smart tv android,Commercial,39,170,24,0.22,"Sitelinks, Video, People also ask, Related searches, Popular products, Ads bottom"
smart tv smart box,Commercial,56,170,30,0.96,"Sitelinks, Reviews, Video, Video carousel, People also ask, Related searches, Popular products"
smart tv weiß,Commercial,49,170,24,0.18,"Reviews, People also ask, Related searches"
sport sky programm,Commercial,38,170,35,0.00,"Reviews, Video, People also ask, Related searches"
stick stream,Commercial,35,170,25,0.89,"Reviews, Video, People also ask, Related searches"
stream tv live free,Commercial,36,170,55,1.58,"Reviews, Video, People also ask, Related searches"
streaming geräte,"Informational, Commercial",51,170,30,0.94,"People also ask, Related searches, Popular products"
streaming pakete vergleich,"Informational, Commercial",47,170,33,1.39,"AI Overview, Reviews, Video, People also ask, Related searches"
streaming sticks for tv,Commercial,45,170,30,0.81,"Sitelinks, Reviews, Video, Video carousel, People also ask, Related searches, Popular products"
techni sat receiver,"Informational, Transactional",50,170,20,0.18,"Video, People also ask, Related searches, Popular products, Ads bottom"
technisat kabelreceiver,"Informational, Transactional",49,170,29,0.14,"Video, People also ask, Related searches, Popular products, Ads bottom"
technisat receiver kabel,"Informational, Transactional",48,170,22,0.14,"Video, People also ask, Related searches, Popular products"
technisat receiver mit festplatte,Commercial,47,170,20,0.14,"People also ask, Related searches, Popular products"
technistar s2 technisat,"Informational, Transactional",40,170,22,0.07,"Reviews, Video, People also ask, Knowledge panel, Related searches, Ads top, Ads bottom"
telecom magenta,"Navigational, Transactional",34,170,63,1.82,"Reviews, People also ask, Knowledge panel, Related searches"
telekom neuvertrag,"Navigational, Transactional",33,170,50,1.87,"Sitelinks, Reviews, Video, People also ask, Related searches, Ads top, Ads bottom"
telekom resiver,"Informational, Transactional",48,170,26,2.06,"Reviews, Video, People also ask, Related searches, Popular products"
telekom router 7,"Navigational, Transactional",49,170,23,0.17,"Reviews, Video carousel, People also ask, Related searches, Popular products"
telekom tv kabel,"Navigational, Transactional",41,170,30,1.76,"AI Overview, Reviews, Video, People also ask, Related searches"
televisions 32,Commercial,39,170,28,0.17,"Reviews, Video, Video carousel, People also ask, Related searches, Popular products"
testberichte lnb,Commercial,41,170,23,0.08,"Sitelinks, Reviews, Video, Video carousel, People also ask, Related searches, Popular products"
top 10 streaming dienste,"Informational, Commercial",49,170,39,1.08,"AI Overview, Video, People also ask, Related searches"
tragbarer dvd player media markt,"Informational, Transactional",37,170,27,0.11,"People also ask, Popular products"
tv 32,"Informational, Commercial",42,170,24,0.19,"Video, Video carousel, People also ask, Related searches, Popular products, Ads bottom"
tv 32 zoll smart tv,Commercial,43,170,23,0.18,"Sitelinks, Video, People also ask, Related searches"
tv 4k smart samsung,Transactional,42,170,30,0.23,"Video, Video carousel, People also ask, Related searches, Popular products"
tv antenna,"Informational, Transactional",42,170,24,0.18,"Image pack, Video, Video carousel, People also ask, Related searches, Popular products"
tv black friday deals,Commercial,39,170,20,0.00,"Video, People also ask, Related searches"
tv empfang ohne kabel,Commercial,42,170,24,1.06,"Sitelinks, Reviews, Video, Video carousel, People also ask, Related searches, Popular products, Ads top"
tv empfangen ohne kabel,Commercial,45,170,24,1.06,"Reviews, Video, Video carousel, People also ask, Related searches, Popular products, Ads top, Ads middle"
tv gerät klein,Commercial,46,170,24,0.08,"Reviews, Video, People also ask, Related searches, Popular products"
tv karte für pc,Commercial,47,170,14,0.06,"Video, People also ask, Related searches, Popular products"
tv karte pc,Commercial,47,170,23,0.11,"Video, People also ask, Related searches, Popular products"
tv live ohne anmeldung,"Navigational, Transactional",37,170,48,0.00,"Sitelinks, Reviews, Video, People also ask, Related searches"
tv livestream free,Commercial,34,170,60,1.58,"Reviews, Video, Top stories, Related searches"
tv online deutsch,Commercial,38,170,60,0.64,"Reviews, Video, Video carousel, People also ask, Related searches, Ads middle"
tv online kostenlos schauen,Commercial,38,170,50,0.89,"Reviews, Video, People also ask, Related searches, Ads bottom"
tv paket,Commercial,48,170,61,2.29,"Reviews, Video, People also ask, Related searches, Ads top, Ads bottom"
tv programm live stream,Commercial,39,170,72,0.71,"Reviews, Video, People also ask, Related searches, Ads bottom"
tv receiver kabel,Commercial,55,170,25,0.45,"Reviews, Video, Video carousel, People also ask, Related searches, Popular products"
tv rtl2 live,Commercial,40,170,40,0.88,"Reviews, Video, People also ask, Related searches"
tv samsung uhd tv,Transactional,40,170,38,0.21,"Video, People also ask, Related searches, Popular products"
tv schauen gratis,Commercial,38,170,38,0.46,"Reviews, Video, People also ask, Related searches"
tv smart samsung 4k,"Informational, Commercial",40,170,24,0.25,"People also ask, Related searches, Popular products"
tv stick ohne monatliche kosten,Commercial,43,170,27,0.70,"Sitelinks, Reviews, Video, People also ask, Related searches, Popular products"
tv streamen kostenlos ohne anmeldung,"Navigational, Transactional",33,170,47,0.00,"Sitelinks, Reviews, Video, Related searches"
tv streaming anbieter vergleich,Commercial,45,170,36,1.88,"Sitelinks, AI Overview, Reviews, Video, People also ask, Related searches, Ads top, Ads bottom"
tv streaming app,Commercial,42,170,45,1.96,"AI Overview, Reviews, Video, People also ask, Related searches"
tv streaming kostenlos ohne anmeldung,"Navigational, Transactional",33,170,56,0.00,"Sitelinks, AI Overview, Reviews, Video, People also ask, Related searches"
tv ultra hd samsung,"Informational, Transactional",39,170,30,0.21,"Video, People also ask, Related searches, Popular products"
tv und internet vergleich,Commercial,46,170,40,2.26,"Sitelinks, Reviews, Video, People also ask, Related searches"
twin receiver mit festplatte,Commercial,44,170,19,0.15,"Video, People also ask, Related searches, Popular products"
twin sat receiver mit festplatte,Commercial,45,170,15,0.17,"Video, People also ask, Related searches, Popular products"
usb tv stick,Commercial,43,170,21,0.70,"Sitelinks, Video, People also ask, Related searches, Popular products"
vergleich internet fernsehen,Commercial,46,170,37,1.61,"Sitelinks, AI Overview, Reviews, Video, People also ask, Related searches"
vergleich internet und tv,Commercial,43,170,39,2.26,"Reviews, Video, People also ask, Related searches"
vergleich streaming dienste,Commercial,41,170,36,1.79,"AI Overview, Reviews, Video, People also ask, Related searches"
vodafon fernbedienung,"Informational, Transactional",37,170,28,0.84,"Video, People also ask, Related searches, Popular products"
vodafon receiver,"Informational, Transactional",44,170,38,1.35,"Reviews, Image pack, Video, People also ask, Related searches, Popular products"
wach netflix,"Informational, Transactional",33,170,84,0.00,"Reviews, Video, People also ask, Related searches"
weißer fernseher 32 zoll,Commercial,42,170,23,0.18,"People also ask, Related searches, Popular products"
welcher streaming anbieter ist der beste,Commercial,41,170,40,1.89,"AI Overview, Reviews, Video, Video carousel, People also ask, Related searches"
wlan für sky receiver,"Informational, Transactional",46,170,27,1.30,"Reviews, Video carousel, People also ask, Related searches"
wow live,"Navigational, Commercial",37,170,47,1.02,"Sitelinks, Reviews, Image, Video, People also ask, Related searches, Ads top, Ads bottom"
wow netflix,Commercial,40,170,32,0.00,"AI Overview, Reviews, Video, People also ask, Related searches"
www mediathek de rtl,"Navigational, Transactional",33,170,57,0.15,"Reviews, Video, People also ask"
www netflix m,"Navigational, Transactional",37,170,77,0.00,"People also ask, Related searches"
xiaomi tv 55 zoll,"Informational, Transactional",41,170,33,0.14,"Reviews, Image, Video, People also ask, Related searches, Popular products"
zimmer antenne,Commercial,41,170,24,0.26,"Image pack, People also ask, Related searches, Popular products"
zimmerantenne dvb t2,"Informational, Commercial",46,170,33,0.20,"Video, People also ask, Related searches, Popular products"
zimmerantenne mit verstärker,Commercial,42,170,19,0.23,"Image pack, Video, People also ask, Related searches, Popular products, Ads middle"
ıptv free,"Informational, Transactional",38,170,55,0.90,"Reviews, Video, Video carousel, People also ask, Related searches"
1und1 tv-app,"Informational, Transactional",44,140,36,1.51,"Reviews, Video, People also ask, Related searches"
24zoll tv,Commercial,42,140,16,0.16,"Sitelinks, Video, Related searches, Popular products, Ads bottom"
2ix2rtl,"Navigational, Transactional",31,140,35,1.44,"AI Overview, Reviews, Related searches"
32 smart tv,Commercial,43,140,23,0.20,"Video, Video carousel, People also ask, Related searches, Popular products"
32 zoll fernseher 4k 120hz,Commercial,42,140,23,0.23,"Video, People also ask, Related searches, Popular products, Ads top, Ads bottom"
32 zoll fernseher 4k oled,Commercial,39,140,23,0.30,"Sitelinks, Video, People also ask, Related searches, Popular products"
32 zoll fernseher günstig,Commercial,39,140,23,0.18,"Image, Video, People also ask, Related searches, Popular products"
32 zoll fernseher mit wlan,Commercial,38,140,23,0.16,"Video, People also ask, Related searches, Popular products"
32 zoll fernseher saturn,"Navigational, Transactional",40,140,25,0.18,"People also ask, Related searches, Popular products"
32 zoll fernseher wlan,Commercial,37,140,23,0.20,"Sitelinks, Video, People also ask, Related searches, Popular products"
32 zoll oled fernseher,Commercial,41,140,23,0.30,"Sitelinks, Reviews, Video, People also ask, Related searches, Popular products"
32 zoll smart tv full hd,Commercial,42,140,26,0.20,"Sitelinks, Video, People also ask, Related searches, Popular products"
32 zoll wlan fernseher,Commercial,40,140,22,0.16,"Sitelinks, Video, People also ask, Related searches, Popular products"
4k 85 zoll fernseher,Commercial,48,140,23,0.30,"Reviews, Video, Video carousel, People also ask, Related searches, Popular products"
4k android tv stick,"Informational, Commercial",45,140,23,0.38,"Sitelinks, Reviews, Video, Video carousel, People also ask, Related searches, Popular products"
4k fernseher 85 zoll,Commercial,48,140,25,0.30,"Reviews, Video, Video carousel, People also ask, Related searches, Popular products, Ads middle"
4k samsung smart tv,"Informational, Commercial",42,140,26,0.23,"People also ask, Related searches, Popular products"
4k sat receiver,"Informational, Commercial",50,140,17,0.16,"Reviews, Video, People also ask, Related searches, Popular products"
4kiptv,Commercial,46,140,38,0.93,"Video, People also ask, Related searches"
5590 fiber kaufen,Transactional,38,140,26,0.28,"Image, Video, People also ask, Knowledge panel, Related searches"
62 zoll fernseher,Commercial,38,140,28,0.20,"Sitelinks, People also ask, Related searches, Popular products"
85 in tvs,Commercial,34,140,36,0.32,"Video, Video carousel, People also ask, Related searches, Popular products"
85 television,"Informational, Transactional",36,140,19,0.35,"Video, Video carousel, People also ask, Related searches, Popular products"
85 tv,Commercial,44,140,24,0.39,"Video, Video carousel, People also ask, Related searches, Popular products"
85 zoll fernseher 4k,Commercial,47,140,23,0.30,"Reviews, Video, Video carousel, People also ask, Related searches, Popular products"
85 zoll fernseher angebote,Commercial,42,140,22,0.25,"Video, People also ask, Related searches, Popular products"
85 zoll fernseher günstig,Commercial,48,140,23,0.31,"People also ask, Related searches, Popular products"
alle netflix serien,Commercial,33,140,47,0.00,"Sitelinks, Video, People also ask, Related searches"
amazon fire tv stick vergleich,Commercial,38,140,25,0.54,"Sitelinks, Reviews, Video, People also ask, Related searches"
amazon sat receiver,"Navigational, Transactional",42,140,34,0.09,"Sitelinks, People also ask, Related searches, Popular products, Ads top"
angebot wow sport,Commercial,38,140,33,1.10,"Reviews, Video, People also ask, Related searches, Ads top, Ads middle"
angebote smart tv 32 zoll,Commercial,40,140,23,0.16,"Video, People also ask, Related searches, Popular products"
antenne für fernsehempfang,Commercial,46,140,24,0.43,"Video, People also ask, Related searches, Popular products"
antenne für tv empfang,Commercial,41,140,18,0.51,"Video, Video carousel, People also ask, Related searches, Popular products"
antennen verteiler,"Informational, Transactional",36,140,12,0.16,"Image pack, Video, People also ask, Related searches, Popular products"
apple fernsehr,"Informational, Transactional",31,140,43,0.20,"Reviews, Image pack, Video, People also ask, Related searches, Popular products"
apple stick tv,"Informational, Transactional",43,140,54,0.33,"Sitelinks, Reviews, Video, People also ask, Related searches, Popular products"
apple tv 2,"Informational, Transactional",43,140,35,0.00,"Reviews, Video, People also ask, Related searches, Popular products"
apple tv 2.0,"Informational, Transactional",40,140,38,0.00,"Video, People also ask, Popular products"
apple tv 4k 128,"Informational, Transactional",44,140,45,0.33,"Reviews, People also ask, Knowledge panel, Related searches"
apple tv 4k 2. generation,"Informational, Transactional",40,140,38,0.50,"Reviews, Video, People also ask, Related searches, Popular products"
apple tv 4k generationen,"Informational, Transactional",38,140,38,0.00,"Reviews, Video, People also ask, Related searches"
apple tv 4k idealo,"Navigational, Transactional",37,140,30,0.00,"Reviews, People also ask, Related searches"
apple tv 5. generation,"Navigational, Transactional",37,140,36,0.40,"Sitelinks, Reviews, Video, People also ask, Related searches"
apple tv ethernet,"Informational, Transactional",40,140,37,0.26,"Video, People also ask, Related searches, Popular products"
apple tv gen,"Informational, Transactional",37,140,46,0.00,"Reviews, Video, Related searches"
apple tv günstig,Commercial,42,140,31,0.91,"Sitelinks, Reviews, Video, People also ask, Related searches"
apple tv im vergleich,Commercial,35,140,27,0.00,"Sitelinks, Reviews, Video, Video carousel, People also ask, Related searches"
apple tv jahresabo,"Informational, Transactional",42,140,36,0.65,"Sitelinks, AI Overview, Reviews, Video, People also ask, Related searches"
apple tv vergleichen,Commercial,37,140,49,0.00,"Reviews, People also ask, Related searches"
apple tv welche version,"Informational, Transactional",38,140,38,0.00,"Video, People also ask, Related searches"
best iptv app,Commercial,44,140,21,0.00,"AI Overview, Reviews, Video, Video carousel, People also ask, Related searches"
best sat receiver,Commercial,45,140,23,0.10,"Reviews, Video, Video carousel, People also ask, Related searches, Popular products"
best tv for firestick,Commercial,36,140,47,0.41,"Sitelinks, Video, People also ask, Related searches, Popular products, Ads bottom"
beste iptv app für android tv,Commercial,45,140,20,0.00,"Sitelinks, AI Overview, Reviews, Video, Video carousel, People also ask, Related searches"
beste tv anbieter,Commercial,47,140,32,1.75,"Sitelinks, AI Overview, Reviews, Video, People also ask, Related searches, Ads top, Ads middle"
beste tv app,Commercial,44,140,37,2.01,"AI Overview, Reviews, Video, People also ask, Related searches"
bester tv streaming dienst,Commercial,46,140,39,2.13,"Sitelinks, AI Overview, Reviews, Video, People also ask, Related searches"
black friday angebote sky,Transactional,38,140,31,0.00,"Reviews, Image, Video, People also ask, Related searches"
bluetooth jbl partybox,"Informational, Transactional",45,140,36,0.33,"People also ask, Related searches, Popular products, Ads bottom"
ci modul für lg fernseher,Commercial,40,140,15,0.81,"Sitelinks, Reviews, Video, People also ask, Related searches, Ads bottom"
ci+ modul hd+,Commercial,47,140,29,0.59,"Reviews, Video, People also ask, Related searches, Popular products"
deutsche kanäle live,Commercial,35,140,34,1.03,"Reviews, Video, Related searches, Ads bottom"
deutsche tv sender,Commercial,38,140,41,0.92,"Sitelinks, Reviews, Video, People also ask, Related searches"
deutsches fernsehen im internet im ausland kostenlos,Commercial,38,140,30,0.71,"Sitelinks, AI Overview, Reviews, Video, Video carousel, People also ask, Related searches, Ads top, Ads middle"
digital antenne,"Informational, Commercial",43,140,23,0.35,"Video, People also ask, Related searches, Popular products"
digital receiver kabel,Commercial,54,140,27,0.19,"Reviews, Video, Video carousel, People also ask, Related searches, Popular products"
digital video broadcasting receiver,Commercial,46,140,26,0.34,"Video, People also ask, Related searches"
digitale satelliten receiver,"Informational, Commercial",48,140,30,0.12,"Video, Video carousel, People also ask, Related searches, Popular products"
digitaler kabelreceiver,Commercial,55,140,28,0.25,"Reviews, Video, People also ask, Related searches, Popular products"
dvb t receiver mit antenne,Commercial,43,140,25,0.26,"Sitelinks, Reviews, Image pack, People also ask, Related searches, Popular products"
dvb t2 mit zimmerantenne,Commercial,44,140,28,0.17,"Video, People also ask, Related searches, Popular products"
dvb-t2 außenantenne,"Informational, Commercial",36,140,12,0.12,"Video, People also ask, Related searches, Popular products"
dvbs receiver,Commercial,49,140,14,0.28,"Video, Video carousel, People also ask, Related searches, Popular products"
dvbt antenne test,Commercial,38,140,26,0.10,"Reviews, Video, People also ask, Related searches"
ein spiel bei sky kaufen,Transactional,37,140,36,2.11,"Reviews, Video, Related searches, Ads bottom"
einstellen der sat schüssel,"Informational, Commercial",48,140,16,0.19,"AI Overview, Reviews, Video, Video carousel, People also ask, Related searches, Ads top, Ads bottom"
etflix abos,"Informational, Transactional",42,140,55,1.63,"AI Overview, Reviews, Image pack, People also ask, Related searches"
fernseh gucken internet,"Informational, Commercial",39,140,35,1.36,"AI Overview, Reviews, Video, Video carousel, People also ask, Related searches, Ads bottom, Ads middle"
fernseh gucken online,Commercial,41,140,47,2.02,"Sitelinks, Reviews, Video, People also ask, Related searches"
fernseh online schauen,Commercial,41,140,59,1.69,"Reviews, Video, People also ask, Related searches, Ads bottom"
fernseh satellitenschüssel,Commercial,42,140,19,0.57,"Video, People also ask, Related searches, Popular products"
fernseh stream online,Commercial,37,140,60,1.94,"Reviews, Video, Related searches"
fernsehen anmelden,Transactional,38,140,41,3.09,"AI Overview, Reviews, Video, People also ask, Related searches"
fernsehen auf dem pc,"Informational, Commercial",39,140,17,0.56,"AI Overview, Reviews, Video, People also ask, Related searches, Ads top, Ads bottom"
fernsehen free,Commercial,36,140,62,1.39,"AI Overview, Reviews, Video, People also ask, Top stories, Related searches"
fernsehen live stream rtl,Transactional,41,140,43,0.65,"Sitelinks, Video, People also ask, Related searches"
fernsehen ohne antennenanschluss,Commercial,40,140,19,0.88,"AI Overview, Reviews, Video, Video carousel, People also ask, Related searches, Ads bottom, Ads middle"
fernsehen ohne internet und kabel,Commercial,43,140,21,0.98,"Reviews, Video, People also ask, Related searches, Popular products, Ads top, Ads bottom"
fernsehen online kostenlos ohne anmeldung,"Navigational, Transactional",35,140,39,0.00,"Sitelinks, Reviews, Video, Related searches"
fernsehen pc,"Informational, Commercial",41,140,20,1.19,"Reviews, Video, People also ask, Related searches, Ads middle"
fernsehen rtl live stream,"Navigational, Transactional",39,140,49,0.56,"Sitelinks, Reviews, Video, People also ask, Related searches"
fernsehen telekom über wlan,Transactional,35,140,29,1.29,"Reviews, Video, People also ask, Related searches, Ads top"
fernsehen über kabel,"Informational, Commercial",42,140,20,1.43,"AI Overview, Reviews, Video, People also ask, Related searches, Ads top, Ads middle"
fernsehen über pc,Commercial,42,140,32,0.68,"AI Overview, Reviews, Video, People also ask, Related searches, Ads bottom, Ads middle"
fernseher 32 zoll kaufen,Transactional,39,140,29,0.16,"Video, People also ask, Related searches, Popular products"
fernseher 32 zoll mit wlan,Commercial,40,140,23,0.16,"Sitelinks, Video, People also ask, Related searches, Popular products"
fernseher 84 zoll,Commercial,39,140,24,0.26,"Video, People also ask, Related searches, Popular products"
fernseher 85,Commercial,47,140,24,0.31,"Video, People also ask, Related searches, Popular products"
fernseher günstig 32 zoll,Commercial,42,140,23,0.18,"Sitelinks, Video, People also ask, Related searches, Popular products"
fernseher günstig samsung,"Informational, Commercial",39,140,24,0.19,"Video, People also ask, Related searches, Popular products"
fernseher hd fähig,Commercial,40,140,23,0.30,"Reviews, Video, People also ask, Related searches, Popular products, Ads bottom"
fernseher kaufen 32 zoll,Transactional,41,140,31,0.21,"Sitelinks, Video, People also ask, Local pack, Related searches, Popular products"
fernseher mit apple tv,Commercial,41,140,42,0.43,"Reviews, Video, People also ask, Related searches, Popular products"
fernseher mit dvb t2 integriert,Commercial,41,140,20,0.10,"Sitelinks, Reviews, Video, People also ask, Related searches"
fernseher mit integriertem dvd player media markt,"Informational, Commercial",44,140,31,0.22,"Reviews, People also ask, Related searches, Popular products"
fernseher mit wlan 32 zoll,"Informational, Commercial",42,140,23,0.20,"Video, People also ask, Related searches, Popular products"
fernseher wlan 32 zoll,Commercial,40,140,23,0.20,"Video, People also ask, Related searches, Popular products"
filme auf magenta tv,"Informational, Commercial",34,140,19,0.00,"AI Overview, People also ask, Related searches"
fire tv stick vergleich tabelle,"Informational, Commercial",39,140,21,0.33,"Sitelinks, Image pack, Video, People also ask, Related searches"
flixy tv stick amazon,"Navigational, Transactional",52,140,34,0.64,"Video, People also ask, Related searches, Popular products"
free iptv player,"Informational, Commercial",46,140,37,0.00,"AI Overview, Reviews, Video, People also ask, Related searches"
freenet dvb t2 receiver,"Informational, Transactional",47,140,20,0.15,"Reviews, Video, People also ask, Related searches, Popular products"
fritz box 6690 cable kaufen,"Informational, Transactional",45,140,30,1.17,"People also ask, Knowledge panel, Related searches"
fritz box 6690 pro cable,Transactional,48,140,25,0.62,"Reviews, Video, People also ask, Related searches, Ads top, Ads bottom"
fritzbox 6690 cable kaufen,"Informational, Transactional",43,140,30,0.96,"Reviews, People also ask, Knowledge panel, Related searches, Ads bottom"
fritzbox 6690 cable pro,Commercial,48,140,25,0.77,"Reviews, Video, People also ask, Related searches"
fritzbox kabel internet,"Informational, Transactional",46,140,36,1.14,"Sitelinks, Reviews, Video, Video carousel, People also ask, Related searches, Popular products, Ads bottom"
fritzbox mit kabelanschluss,Commercial,49,140,25,0.92,"Reviews, Image pack, Video, Video carousel, People also ask, Related searches, Popular products, Ads top, Ads bottom"
german ip tv,Commercial,43,140,10,0.87,"AI Overview, Video, People also ask, Related searches"
german iptv erfahrungen,"Informational, Commercial",41,140,22,0.00,"Sitelinks, AI Overview, Reviews, Video, Video carousel, People also ask, Related searches"
gigaset gobox 100,"Informational, Transactional",44,140,17,0.32,"Video, People also ask, Knowledge panel, Related searches"
günstig fernsehen,Commercial,49,140,41,0.29,"AI Overview, Reviews, Video, Video carousel, People also ask, Related searches"
günstiger 32 zoll fernseher,Commercial,42,140,26,0.19,"Sitelinks, Video, Related searches, Popular products"
günstiger fernseher 32 zoll,Commercial,43,140,26,0.18,"Video, People also ask, Related searches, Popular products"
handyvertrag mit fernseher 65 zoll,Commercial,36,140,19,1.07,"Reviews, People also ask, Related searches, Popular products, Ads bottom"
handyvertrag mit fernseher 75 zoll,Commercial,38,140,9,0.90,Related searches
hd plus modul ohne karte,Commercial,44,140,11,0.14,"Video, People also ask, Related searches, Ads bottom"
hd receiver für kabel,Commercial,52,140,23,0.49,"Reviews, Video, Video carousel, People also ask, Related searches, Popular products"
hd receiver media markt,"Informational, Transactional",52,140,25,0.16,"Image pack, Video, People also ask, Related searches, Popular products"
hd+ receiver sat,Commercial,48,140,21,0.46,"People also ask, Related searches, Popular products"
heute live fussball sky,"Navigational, Transactional",35,140,47,1.07,"Sitelinks, Video, Related searches"
internet tv receiver,Commercial,62,140,26,1.87,"Sitelinks, Reviews, Image, Video, People also ask, Related searches, Popular products"
internet tv via,Commercial,50,140,33,1.52,"Reviews, Video, People also ask, Related searches, Ads top, Ads middle"
ip tv app windows,"Informational, Commercial",52,140,33,0.00,"Sitelinks, AI Overview, Reviews, Video, Video carousel, People also ask, Related searches"
iptv apk pro,Commercial,42,140,25,0.00,"Reviews, Video, Related searches"
iptv apps windows,"Informational, Commercial",44,140,31,0.00,"AI Overview, Reviews, Video, Video carousel, Related searches"
iptv online kaufen,Commercial,59,140,22,0.00,"Video, People also ask, Related searches, Popular products"
iptv player apkpure,"Navigational, Transactional",52,140,20,0.00,"AI Overview, Reviews, Related searches"
iptv player pc,Commercial,46,140,26,0.00,"Sitelinks, Reviews, Video, Video carousel, Related searches"
iptv samsung app,Commercial,43,140,29,0.00,"Video, Video carousel, People also ask, Related searches"
iptv stream player windows,"Informational, Commercial",44,140,30,0.00,"AI Overview, Reviews, Video, People also ask, Related searches"
iptv vergleich,Commercial,51,140,37,0.00,"AI Overview, Reviews, Video, People also ask, Related searches"
iptvdeutschland,Commercial,44,140,12,1.35,"AI Overview, Video, Video carousel, People also ask, Related searches"
jbl 1100 watt,"Informational, Transactional",36,140,26,0.34,"Reviews, Video, Video carousel, Short videos, People also ask, Related searches, Popular products"
jbl patybox,"Navigational, Transactional",46,140,33,0.34,"Reviews, People also ask, Related searches"
joyn nitro,"Navigational, Transactional",32,140,66,0.84,"Sitelinks, Reviews, People also ask, Related searches"
kabel für sky receiver,"Informational, Commercial",47,140,27,1.74,"Sitelinks, Reviews, Video, People also ask, Related searches, Popular products"
kabel receiver vodafone,"Informational, Transactional",46,140,31,0.91,"Reviews, Image pack, People also ask, Related searches, Popular products"
kabelanschluss verstärker,Commercial,47,140,15,0.09,"Image pack, Video, People also ask, Related searches, Popular products"
kabelreciever,"Informational, Commercial",51,140,29,0.56,"Reviews, Video, People also ask, Related searches, Popular products"
kartina tv приставка eva цена,Transactional,45,140,7,0.00,"Reviews, People also ask, Related searches, Popular products"
kleiner fernseher 24 zoll,Commercial,46,140,22,0.12,"Image, People also ask, Related searches, Popular products"
kostenlos fernsehen streamen,Commercial,36,140,55,0.90,"Reviews, Video, Video carousel, People also ask, Knowledge panel, Related searches, Ads middle"
kostenlos stream,Commercial,35,140,56,0.87,"Reviews, Image, Video, People also ask, Top stories, Related searches"
kostenlos tv ohne anmeldung,"Navigational, Transactional",38,140,36,0.67,"Sitelinks, Reviews, Video, Related searches"
lcd fernseher samsung,"Informational, Transactional",40,140,37,0.17,"People also ask, Related searches"
led fernseher 32 zoll,Commercial,39,140,29,0.17,"Sitelinks, Video, People also ask, Related searches, Popular products"
let's dance rtl now,"Navigational, Transactional",32,140,44,0.46,"Sitelinks, Reviews, Video, Video carousel, People also ask, Related searches"
linux receiver,"Informational, Commercial",49,140,9,0.14,"Video, People also ask, Related searches, Popular products"
live fernsehen rtl kostenlos,Commercial,35,140,48,0.94,"AI Overview, Reviews, Video, People also ask, Related searches, Ads bottom"
live fernsehen stream,Commercial,39,140,70,1.26,"Reviews, Video, People also ask, Related searches, Ads top, Ads bottom"
live rtl2 schauen,Commercial,37,140,32,0.80,"Reviews, Video, People also ask, Related searches"
live tv.com,Commercial,34,140,65,1.26,"Reviews, Video, People also ask"
livetvstream,Commercial,37,140,67,1.08,"Reviews, Video, Video carousel, Related searches"
lnb bei media markt,"Informational, Commercial",42,140,28,0.08,"People also ask, Related searches, Popular products, Ads middle"
lnb monoblock,"Informational, Commercial",47,140,9,0.11,"Reviews, Video, People also ask, Related searches, Popular products"
lnb technisat,"Informational, Transactional",48,140,19,0.13,"People also ask, Related searches, Popular products"
lnb test quad,Commercial,41,140,13,0.08,"Sitelinks, Reviews, Video, Video carousel, People also ask, Related searches, Popular products"
mag box,"Informational, Commercial",50,140,19,0.36,"Video, People also ask, Related searches, Popular products"
magenta geräte,Commercial,37,140,26,2.29,"Reviews, Video, People also ask, Related searches"
magenta reciever,"Informational, Transactional",42,140,24,1.60,"Reviews, Video, Video carousel, People also ask, Related searches, Popular products, Ads bottom"
magenta tv voraussetzungen,"Informational, Commercial",41,140,32,5.65,"Sitelinks, AI Overview, Reviews, Video, People also ask, Related searches, Ads bottom"
magenta verträge,Commercial,28,140,47,1.51,"Reviews, Video, People also ask, Related searches, Ads top"
mediamarkt jbl partybox,"Navigational, Transactional",39,140,30,0.34,"Image pack, People also ask, Related searches, Popular products"
mi fernseher,Commercial,48,140,34,0.17,"Reviews, Video, Video carousel, People also ask, Related searches, Popular products"
mi tv box,"Informational, Transactional",56,140,34,0.18,"Reviews, Video, Video carousel, People also ask, Related searches, Popular products"
netflix abonnements,"Navigational, Transactional",40,140,57,1.41,"AI Overview, Reviews, Video, People also ask, Related searches"
netflix abonnieren,"Navigational, Transactional",44,140,57,1.35,"Reviews, Video, People also ask, Related searches"
netflix angebot preis,Transactional,45,140,37,0.91,"AI Overview, Reviews, People also ask, Related searches"
netflix catálogo,"Informational, Transactional",33,140,71,0.00,"AI Overview, Video, People also ask, Knowledge panel, Related searches"
netflix filme serien,"Informational, Transactional",37,140,53,0.00,"Video, People also ask, Related searches"
netflix kombi angebot,Commercial,44,140,42,1.38,"Sitelinks, AI Overview, Reviews, Video, People also ask, Related searches, Ads top, Ads bottom"
netflix modelle,"Informational, Transactional",40,140,67,1.94,"AI Overview, Reviews, Image pack, Video, People also ask, Related searches"
netflix neu filme,"Informational, Transactional",31,140,50,0.19,"Video, People also ask, Related searches"
netflix neue,Commercial,34,140,54,0.00,"Video, People also ask, Top stories, Related searches"
netflix pläne,"Navigational, Transactional",38,140,63,1.31,"AI Overview, Reviews, People also ask, Related searches"
netflix schauen,"Navigational, Transactional",43,140,70,1.24,"Sitelinks, Reviews, Video, People also ask, Related searches"
netflix standart abo,"Informational, Transactional",45,140,50,2.09,"AI Overview, Reviews, Video, People also ask, Related searches"
netflix tv program,"Informational, Transactional",32,140,77,0.00,"Reviews, Video, People also ask, Related searches"
netflix. abo,Commercial,48,140,60,1.63,"AI Overview, Reviews, Video, People also ask, Related searches"
netfliy preise,Transactional,48,140,46,0.93,"AI Overview, Reviews, Video, People also ask, Related searches"
nur sky bundesliga,Transactional,39,140,59,1.14,"Sitelinks, Reviews, Video, Related searches, Ads bottom"
one connect kabel,"Informational, Commercial",43,140,24,0.10,"Video, People also ask, Related searches, Popular products"
online kostenlos tv schauen,Commercial,38,140,50,0.89,"Reviews, Video, People also ask, Related searches, Ads bottom"
online stream fernsehen,Commercial,39,140,68,1.94,"Reviews, Video, Related searches, Ads bottom"
online stream kostenlos,Commercial,36,140,52,0.00,"Reviews, Video, People also ask, Top stories, Related searches"
online tv free,Commercial,41,140,49,1.22,"AI Overview, Reviews, Video, Related searches"
online tv gucken,Commercial,47,140,46,2.42,"Reviews, Video, People also ask, Related searches"
online tv ohne anmeldung,Transactional,38,140,46,8.29,"Reviews, Video, Related searches"
patybox,Commercial,43,140,28,0.24,"Sitelinks, Video, People also ask, Related searches, Popular products"
pc sky go,Transactional,37,140,45,0.92,"Reviews, Video, People also ask, Related searches, Ads top, Ads bottom"
preise sky sport,"Navigational, Transactional",39,140,33,0.98,"Sitelinks, AI Overview, Reviews, People also ask, Related searches, Ads bottom, Ads middle"
pro 7 live stream kostenlos ohne anmeldung,Transactional,33,140,33,0.34,"Reviews, Video, People also ask, Related searches"
programm rtlplus,Commercial,37,140,46,0.33,"Reviews, People also ask, Related searches, Ads top, Ads bottom"
programma netflix,"Informational, Transactional",33,140,65,0.00,"Reviews, People also ask, Related searches"
programme rtl tv,Commercial,30,140,40,0.00,"Video, People also ask, Related searches"
prosieben live schauen,Commercial,34,140,49,0.47,"Reviews, Video, People also ask, Related searches"
punkt 12 live,"Informational, Transactional",28,140,29,0.48,"Reviews, Video, People also ask, Related searches"
receiver mit festplatte technisat,"Informational, Transactional",47,140,20,0.14,"People also ask, Related searches, Popular products, Ads bottom"
receiver technisat mit festplatte,"Informational, Transactional",47,140,23,0.14,"People also ask, Related searches, Popular products"
rlt live stream,"Navigational, Transactional",34,140,43,0.60,"Sitelinks, Reviews, Video, People also ask, Top stories, Related searches"
roku apps,"Informational, Transactional",35,140,32,0.24,"AI Overview, Reviews, Video, People also ask, Related searches"
roku media streamer,"Informational, Transactional",45,140,45,0.00,"Reviews, Video, People also ask, Related searches, Popular products"
rtl aktuell livestream,"Informational, Transactional",33,140,67,0.00,"Reviews, Video, People also ask, Related searches"
rtl com,"Navigational, Transactional",30,140,70,1.27,"Sitelinks, Reviews, Video, People also ask, Related searches"
rtl de livestream,"Navigational, Transactional",34,140,49,0.96,"Reviews, Video, People also ask, Related searches"
rtl film heute,Commercial,33,140,39,0.00,"Video, People also ask, Related searches"
rtl germany live,Transactional,35,140,75,0.50,"Reviews, Video, Video carousel, People also ask, Related searches, Ads bottom"
rtl hr live stream,Transactional,32,140,35,0.99,"Reviews, Video, People also ask, Related searches"
rtl kostenlos live anschauen,Commercial,34,140,48,1.24,"Sitelinks, AI Overview, Reviews, Video, People also ask, Related searches"
rtl kostenlose,"Navigational, Transactional",35,140,58,0.89,"Reviews, Video, People also ask, Related searches"
rtl kostenloser livestream,Commercial,36,140,42,1.01,"Sitelinks, Reviews, Video, People also ask, Related searches, Ads top, Ads middle"
rtl life streamen,"Navigational, Transactional",36,140,35,0.63,"Reviews, Video, People also ask, Related searches"
rtl live gratis,Commercial,38,140,55,1.37,"Sitelinks, Reviews, Video, People also ask, Related searches"
rtl live stream online free,Commercial,33,140,51,0.00,"Sitelinks, AI Overview, Reviews, Video, People also ask, Related searches"
rtl live stresm,Commercial,32,140,50,0.00,"Reviews, Video, People also ask, Related searches"
rtl livestream kostenlos und ohne anmeldung,"Navigational, Transactional",47,140,42,0.00,"Sitelinks, Video, People also ask, Related searches"
rtl livw,"Navigational, Transactional",33,140,62,0.47,"Reviews, Video, People also ask, Top stories, Related searches"
rtl nitro 2ix2,"Navigational, Transactional",35,140,29,0.00,"Reviews, Video, Related searches"
rtl plus app download,Commercial,37,140,36,0.39,"Reviews, People also ask, Related searches"
rtl plus live stream kostenlos ohne anmeldung,Transactional,31,140,54,0.00,"AI Overview, Reviews, Video, People also ask, Related searches"
rtl plus live tv,"Navigational, Transactional",41,140,42,0.64,"Sitelinks, Reviews, Video, People also ask, Related searches"
rtl plus mitgliedschaft,"Navigational, Transactional",39,140,49,1.45,"Reviews, Video, Video carousel, People also ask, Related searches"
rtl sehen,"Navigational, Transactional",39,140,61,0.74,"Reviews, Video, People also ask, Related searches, Ads top, Ads bottom"
rtl spezial heute,"Informational, Transactional",31,140,46,0.00,"Sitelinks, Video, People also ask, Related searches"
rtl tv live stream,"Navigational, Transactional",35,140,46,0.90,"Sitelinks, Reviews, Video, People also ask, Related searches"
rtl tv login,"Navigational, Transactional",41,140,39,0.43,"AI Overview, Reviews, Video, People also ask, Related searches"
rtl tv uživo,"Navigational, Transactional",35,140,39,0.93,"Reviews, Video, Related searches"
rtl umsonst streamen,Commercial,33,140,46,2.10,"Sitelinks, AI Overview, Reviews, Video, Video carousel, People also ask, Related searches"
rtl von gestern abend,Transactional,32,140,38,0.71,"Video, People also ask"
rtl2 kostenlos ohne anmeldung,"Navigational, Transactional",31,140,28,0.00,"Reviews, Video, People also ask, Related searches"
rtl2 programm live,Commercial,36,140,41,0.64,"Reviews, Video, People also ask, Related searches"
rtl2 schauen live,Commercial,35,140,35,0.80,"Reviews, Video, People also ask, Related searches"
samsug tv,Commercial,38,140,44,0.38,Related searches
samsung 4k smart tv,Commercial,42,140,24,0.23,"People also ask, Related searches, Popular products"
samsung beste fernseher,Commercial,48,140,38,0.24,"Sitelinks, Video, Video carousel, People also ask, Related searches, Popular products, Ads bottom"
samsung fernseher smart,Commercial,40,140,38,0.27,"Video, Video carousel, People also ask, Related searches, Popular products"
samsung one connect box kaufen,Transactional,46,140,23,0.18,"Video, People also ask, Related searches, Popular products"
samsung smart fernseher,Commercial,39,140,32,0.21,"People also ask, Related searches, Popular products"
samsung tb,Transactional,36,140,43,0.38,"People also ask, Related searches, Popular products"
samsung tv 32,Commercial,47,140,32,0.21,"People also ask, Related searches, Popular products"
samsung tv 55 zoll angebote,Commercial,40,140,23,0.19,"People also ask, Related searches, Popular products"
sat 1 live stream kostenlos ohne anmeldung 2ix2,"Navigational, Transactional",34,140,45,0.00,"Sitelinks, Reviews, Video, Related searches"
sat 1 live streaming kostenlos,Commercial,39,140,40,0.29,"Reviews, Video, People also ask, Related searches"
sat receiver bei media markt,"Informational, Transactional",47,140,30,0.04,"People also ask, Related searches, Popular products"
satelitenreceiver,"Informational, Commercial",47,140,26,0.13,"Image pack, Video, Video carousel, People also ask, Related searches"
satellit verteiler,"Informational, Commercial",37,140,14,0.13,"Reviews, Image pack, Video, People also ask, Related searches, Popular products"
satellitenreceiver mit festplatte,Commercial,48,140,13,0.12,"Video, People also ask, Related searches, Popular products"
sendung verpasst rtl unter uns,"Informational, Transactional",28,140,34,0.00,"Sitelinks, Video, People also ask, Top stories, Related searches"
sky aktionen,Transactional,37,140,49,0.71,"Reviews, Video, People also ask, Related searches, Ads top, Ads bottom"
sky cinema paket,Transactional,43,140,21,1.30,"AI Overview, Video, People also ask, Related searches"
sky deutschland login,"Navigational, Transactional",37,140,41,0.99,"AI Overview, Reviews, People also ask, Related searches"
sky filme kostenlos,Transactional,40,140,41,0.00,"AI Overview, Reviews, Video, People also ask, Related searches"
sky fussball preise,Transactional,41,140,51,0.51,"AI Overview, Reviews, Video, People also ask, Related searches"
sky go download for mac,"Informational, Transactional",32,140,53,0.00,"AI Overview, Reviews, Video, People also ask, Related searches"
sky go geräte,Transactional,37,140,28,0.91,"Reviews, People also ask, Related searches"
sky komplett angebote,Transactional,40,140,36,2.14,"Reviews, People also ask, Related searches"
sky probeabo 7 tage,Commercial,38,140,14,1.29,"Sitelinks, Reviews, Image, People also ask, Related searches"
sky q reciever,"Informational, Transactional",47,140,28,1.84,"AI Overview, Reviews, Video, People also ask, Related searches, Ads bottom"
sky receiver für kabel,"Informational, Transactional",53,140,30,1.74,"Reviews, Video carousel, People also ask, Related searches, Popular products, Ads bottom"
sky receiver für satellit,"Informational, Transactional",47,140,33,1.59,"Reviews, Video, People also ask, Related searches, Popular products, Ads middle"
sky sportpaket,"Navigational, Transactional",41,140,30,2.86,"People also ask, Related searches"
sky sports 1,"Navigational, Transactional",38,140,61,1.25,"Reviews, Video, People also ask, Related searches"
sky und wow,"Navigational, Commercial",39,140,44,2.91,"Sitelinks, AI Overview, Reviews, Video, People also ask, Knowledge panel, Top stories, Related searches"
sky übersicht pakete,"Navigational, Transactional",40,140,38,1.25,"Sitelinks, Reviews, Video, People also ask, Related searches"
sky übertragen,Transactional,40,140,60,1.20,"AI Overview, Reviews, Video, People also ask, Related searches"
smart tv 32 smart,Commercial,44,140,23,0.19,"Video, Video carousel, People also ask, Related searches, Popular products"
smart tv 32 zoll samsung,Commercial,46,140,30,0.14,"People also ask, Related searches, Popular products"
smart tv samsung 65 zoll,Commercial,48,140,29,0.29,"People also ask, Related searches, Popular products, Ads bottom"
smartbox tv,"Informational, Commercial",49,140,21,0.96,"Reviews, People also ask, Related searches"
smarter iptv apk download,Commercial,40,140,32,0.00,"Reviews, Video, Related searches"
smartiptv app,Commercial,52,140,32,0.00,"Reviews, Video, People also ask, Related searches"
stb tv box,Commercial,58,140,22,0.88,"Reviews, Video, People also ask, Related searches, Popular products"
streaming dienste angebote,"Informational, Commercial",44,140,39,1.74,"AI Overview, Reviews, Video, People also ask, Related searches"
streaming stick test,Commercial,40,140,36,0.36,"Sitelinks, Reviews, Video, Video carousel, People also ask, Related searches, Ads middle"
streaming tv anbieter,Commercial,49,140,34,2.07,"AI Overview, Reviews, Video, People also ask, Related searches, Ads top, Ads middle"
technisat hd s 261,"Informational, Transactional",44,140,22,0.15,"Image pack, Video carousel, People also ask, Knowledge panel, Related searches"
technisat lnb,"Informational, Transactional",52,140,20,0.17,"People also ask, Related searches, Popular products"
technisat technistar k4 isio,"Informational, Transactional",45,140,20,0.17,"Reviews, Image pack, Video, People also ask, Knowledge panel, Related searches"
technisat technistar s2,"Informational, Transactional",43,140,25,0.07,"Video, People also ask, Related searches, Popular products, Ads bottom"
tele 32 smart tv,Commercial,37,140,30,0.19,"Reviews, Video, People also ask, Related searches, Popular products"
telekom angebote magenta tv,"Navigational, Commercial",38,140,37,2.50,"Sitelinks, Reviews, People also ask, Related searches, Ads top, Ads bottom"
telekom entertain receiver,"Navigational, Transactional",46,140,27,1.49,"Reviews, Video, People also ask, Related searches"
telekom fernsehen internet,Transactional,40,140,54,2.24,"AI Overview, Reviews, Video, People also ask, Related searches, Ads top, Ads bottom"
telekom fernsehen kabel,Commercial,39,140,35,2.94,"AI Overview, Reviews, Video, People also ask, Related searches, Ads top, Ads middle"
telekom magenta box,Transactional,46,140,25,3.13,"Reviews, Video, People also ask, Related searches, Popular products, Ads top, Ads bottom"
telekom magenta tv pakete,"Navigational, Transactional",47,140,45,4.39,"Sitelinks, Reviews, Video, People also ask, Related searches, Ads top, Ads bottom"
telekom mega stream,Transactional,38,140,24,2.85,"Sitelinks, Reviews, Video, People also ask, Related searches"
telekom reciver,"Navigational, Transactional",48,140,23,2.06,"Reviews, Video, People also ask, Related searches, Popular products, Ads bottom"
telekom speedbox ohne vertrag,"Navigational, Transactional",45,140,26,0.76,"Reviews, Video, People also ask, Related searches"
televisor 24,Commercial,38,140,20,0.53,"Reviews, Video, Related searches, Popular products"
televisor 32,Commercial,38,140,25,0.16,"Video, People also ask, Related searches, Popular products"
televisor uhd samsung,"Informational, Transactional",40,140,35,0.29,"People also ask, Related searches, Popular products"
televizoriai android,Commercial,53,140,13,0.26,"AI Overview, Video, People also ask, Related searches"
test lnb,Commercial,43,140,18,0.09,"Sitelinks, Reviews, Video, Video carousel, People also ask, Related searches, Ads top, Ads bottom"
test lnb quad,Commercial,41,140,14,0.08,"Sitelinks, Reviews, Video, Video carousel, People also ask, Related searches, Popular products"
test satelliten receiver,Commercial,39,140,21,0.09,"Sitelinks, Reviews, Video, Video carousel, People also ask, Related searches"
test tv 85 zoll,"Informational, Commercial",50,140,14,0.29,"Sitelinks, Video, Video carousel, People also ask, Related searches, Ads middle"
testsieger sat schüssel,Commercial,39,140,21,0.09,"Sitelinks, Video, Video carousel, People also ask, Related searches"
tv 26 zoll,Commercial,41,140,23,0.14,"People also ask, Related searches, Popular products"
tv 4k smart tv samsung,Commercial,45,140,23,0.23,"Reviews, People also ask, Related searches, Popular products"
tv gucken online,Commercial,41,140,49,2.64,"Sitelinks, Video, People also ask, Related searches"
tv internet free streaming,Commercial,43,140,54,1.35,"Reviews, Video, People also ask, Related searches, Ads bottom"
tv kostenlos schauen pc,Commercial,39,140,40,0.40,"AI Overview, Reviews, Video, People also ask, Related searches"
tv live kostenlos ohne anmeldung,"Navigational, Transactional",35,140,37,0.00,"Video, People also ask, Related searches"
tv mit handyvertrag,Commercial,40,140,10,1.35,"Reviews, Video, Related searches"
tv mit integriertem receiver,Commercial,51,140,21,0.19,"Reviews, Video, People also ask, Related searches, Popular products, Ads middle"
tv mit satellitenanschluss,Commercial,43,140,17,1.00,"Reviews, Video, People also ask, Related searches, Popular products"
tv mit schüssel,Commercial,45,140,21,0.38,"Video, Video carousel, People also ask, Related searches, Popular products"
tv programm kostenlos streamen,Commercial,39,140,51,0.66,"Reviews, Video, People also ask, Related searches"
tv programm streamen,Commercial,45,140,54,1.05,"AI Overview, Reviews, Video, People also ask, Ads top, Ads middle"
tv samsung 4k smart,"Informational, Commercial",40,140,24,0.23,"People also ask, Related searches, Popular products"
tv schauen auf pc kostenlos,Commercial,38,140,41,0.40,"AI Overview, Reviews, Video, Video carousel, People also ask, Related searches, Ads top, Ads middle"
tv schüssel,"Informational, Commercial",46,140,15,0.39,"Image pack, Video, People also ask, Related searches, Popular products"
tv set top box,Commercial,55,140,16,0.88,"Sitelinks, Reviews, Video, People also ask, Knowledge panel, Related searches, Popular products"
tv smart 4k samsung,Commercial,40,140,27,0.25,"People also ask, Related searches, Popular products"
tv smart tv 32 inch,Commercial,44,140,23,0.23,"Video, Video carousel, People also ask, Related searches, Popular products"
tv stick apple,"Informational, Transactional",48,140,43,0.33,"Sitelinks, Reviews, Video, People also ask, Related searches, Popular products"
tv usb tv stick,Commercial,48,140,21,0.70,"Sitelinks, Reviews, Video, Video carousel, People also ask, Related searches, Popular products, Ads middle"
tv verstärker für kabelfernsehen,Commercial,48,140,12,0.11,"Video, People also ask, Related searches, Popular products"
twin receiver,Commercial,43,140,12,0.16,"Video, People also ask, Related searches, Popular products"
ultimate jbl,Transactional,38,140,31,0.51,"Reviews, Image pack, Video, People also ask, Related searches, Popular products"
vergleich apple tv,Commercial,38,140,23,0.00,"Sitelinks, AI Overview, Reviews, Video, Video carousel, People also ask, Related searches"
vodafone fritzbox kaufen,Transactional,47,140,34,0.94,"Reviews, Video, People also ask, Related searches, Popular products"
vodafone giga tv box fernbedienung,"Informational, Transactional",44,140,26,0.00,"AI Overview, Video, Video carousel, People also ask, Related searches"
vodafone kabel router kaufen,Transactional,46,140,31,0.85,"Reviews, Video, People also ask, Related searches, Popular products"
vodafone router kaufen statt mieten,"Informational, Transactional",36,140,25,1.36,"Sitelinks, AI Overview, Reviews, People also ask, Related searches"
vox live stream kostenlos ansehen pinto,Commercial,35,140,46,0.00,"AI Overview, Reviews, Video, People also ask, Related searches"
waipu tv stick 1 generation,Commercial,49,140,,0.15,"Reviews, Video, People also ask, Related searches, Popular products"
waipu tv stick 2 generation vs 1 generation,Commercial,49,140,25,0.00,"Reviews, Video, Video carousel, People also ask, Related searches"
waipu vs zattoo,Commercial,30,140,16,2.05,"Sitelinks, AI Overview, Reviews, Video, Video carousel, People also ask, Related searches"
web tv free streaming,Commercial,37,140,64,1.35,"Reviews, Video, Related searches"
weißer fernseher 40 zoll,Commercial,42,140,23,0.18,"People also ask, Related searches, Popular products"
wlan fernseher 32 zoll,Commercial,37,140,23,0.16,"Sitelinks, Video, People also ask, Related searches, Popular products"
wow sky abo,"Navigational, Commercial",37,140,41,1.40,"Sitelinks, Reviews, Video, People also ask, Related searches, Ads top, Ads bottom"
wow sky ticket,"Navigational, Commercial",37,140,34,0.76,"Sitelinks, Reviews, Video, People also ask, Related searches"
wow tv angebote sport,Commercial,40,140,41,0.98,"Video, People also ask, Related searches"
wow tv sports,"Navigational, Commercial",37,140,39,1.42,"Sitelinks, Video, People also ask, Related searches, Ads top, Ads bottom"
wow tv tagesticket,Commercial,41,140,23,0.79,"Reviews, Video, People also ask, Related searches"
www rtl de mediathek,"Navigational, Transactional",31,140,71,0.15,"Reviews, Video, People also ask, Related searches"
www rtl plus,"Navigational, Transactional",36,140,65,0.57,"Sitelinks, Reviews, Video, Video carousel, People also ask, Related searches"
xiamo tv,"Informational, Transactional",54,140,30,0.15,"Image, Related searches, Popular products"
xstream fire tv stick,Commercial,55,140,19,0.00,"Sitelinks, AI Overview, Video, Video carousel, People also ask, Related searches"
zimmerantenne für satellitenempfang,Commercial,44,140,30,0.26,"Video, People also ask, Related searches"
1 und 1 cinema login,"Navigational, Transactional",48,110,30,0.00,"Reviews, People also ask, Related searches"
1&1 tv und filme-app,"Informational, Commercial",38,110,27,0.00,"AI Overview, Reviews, Video carousel, People also ask, Related searches"
1&1tv und filme app,Commercial,48,110,32,0.00,"AI Overview, Video, People also ask, Related searches"
1+1 cinema,"Informational, Transactional",39,110,27,0.00,"Reviews, People also ask, Related searches"
16 zoll fernseher,Commercial,42,110,23,0.12,"Reviews, Image, Video, People also ask, Related searches, Popular products"
24 zoll fernseher full hd smart tv,Commercial,49,110,21,0.14,"Sitelinks, Reviews, Video, Video carousel, People also ask, Related searches, Popular products"
32 inch smart television,Commercial,43,110,29,0.18,"Video, Video carousel, People also ask, Related searches"
32 inch smart tv,Commercial,40,110,26,0.23,"Video, People also ask, Related searches, Popular products"
32 televisio,Commercial,48,110,25,0.20,"Video, Video carousel, People also ask, Related searches"
32 tv smart,Commercial,42,110,21,0.23,"Related searches, Popular products"
32 zoll smart tv 4k,Commercial,40,110,23,0.23,"Sitelinks, Image pack, People also ask, Related searches, Popular products"
32 zoll smart tv weiß,Commercial,45,110,22,0.19,"Reviews, Video, People also ask, Related searches"
4k samsung fernseher,"Informational, Transactional",42,110,30,0.18,"Video, People also ask, Related searches, Popular products"
85 televizor,Commercial,36,110,22,0.35,"Video, People also ask, Related searches, Popular products"
85 zoll fernseher black friday,Commercial,36,110,23,0.29,"Video, People also ask, Related searches, Popular products"
85 zoll smart tv,Commercial,49,110,23,0.36,"Video, People also ask, Related searches, Popular products"
alternative magenta tv,Commercial,40,110,33,0.82,"AI Overview, Reviews, Video, Video carousel, People also ask, Related searches, Ads bottom"
alternative zu amazon fire tv stick,Commercial,40,110,18,0.69,"Sitelinks, Reviews, Video, Video carousel, Short videos, People also ask, Related searches, Ads bottom"
amazon receiver,"Navigational, Transactional",48,110,35,0.05,"Sitelinks, Image, People also ask, Related searches, Popular products"
anbieter hdtv,"Informational, Commercial",49,110,42,2.25,"Reviews, People also ask, Related searches"
android box for tv,Commercial,55,110,22,0.30,"Reviews, Video, Video carousel, People also ask, Related searches, Popular products"
android iptv player,Commercial,48,110,30,0.00,"Reviews, Video, People also ask, Related searches"
android receiver,"Informational, Transactional",52,110,10,0.60,"Video, People also ask, Related searches, Popular products"
android tv 32 zoll,Commercial,43,110,23,0.18,"Reviews, Video, People also ask, Related searches, Popular products, Ads bottom"
android tv box 4k,Commercial,50,110,22,0.33,"Video, Video carousel, People also ask, Related searches, Popular products"
android tv fernseher,Commercial,44,110,24,0.31,"Sitelinks, Video, People also ask, Related searches, Popular products"
angebot apple tv,Transactional,48,110,34,0.78,"Sitelinks, Reviews, Video, People also ask, Related searches, Popular products, Ads top, Ads bottom"
angebote apple tv,Commercial,48,110,39,0.78,"Sitelinks, Reviews, People also ask, Related searches, Ads top, Ads bottom"
antenne kaufen,Transactional,43,110,17,0.40,"Video, People also ask, Related searches, Popular products"
antenne tv,"Informational, Commercial",43,110,20,0.42,"Video, People also ask, Related searches, Popular products"
antennen tv,"Informational, Commercial",41,110,28,0.42,"Reviews, Image, Video, Video carousel, People also ask, Related searches, Popular products"
antennenverstärker für kabel tv,"Informational, Commercial",51,110,11,0.11,"Video, People also ask, Related searches, Popular products"
antennenverstärker kabel tv,Commercial,51,110,13,0.10,"Video, People also ask, Related searches, Popular products, Ads bottom"
app fernsehprogramm kostenlos,"Informational, Commercial",35,110,41,0.53,"AI Overview, Reviews, Video, People also ask, Related searches"
app sky go android,Commercial,33,110,32,0.44,"AI Overview, Reviews, Video, People also ask, Related searches, Ads bottom, Ads middle"
apple 4k tv 64gb,"Informational, Transactional",37,110,49,0.29,"Reviews, People also ask, Knowledge panel, Related searches, Popular products"
apple apple tv,"Navigational, Transactional",43,110,70,0.77,"Sitelinks, Reviews, Video, People also ask, Top stories, Related searches, Popular products"
apple original tv,"Navigational, Transactional",42,110,52,0.00,"Sitelinks, Reviews, Video, People also ask, Related searches"
apple smart television,"Navigational, Transactional",37,110,46,0.38,"Video, Short videos, People also ask, Related searches, Popular products"
apple smart tv,"Informational, Transactional",42,110,40,0.53,"Sitelinks, Reviews, Video carousel, People also ask, Related searches, Popular products"
apple store 4k,"Navigational, Transactional",33,110,33,0.52,"Video, People also ask, Related searches, Popular products"
apple tv 2022,"Navigational, Transactional",41,110,42,0.36,"Sitelinks, Reviews, Video, People also ask, Related searches"
apple tv 4k 3. generation 128gb,Transactional,48,110,39,0.28,"People also ask, Related searches"
apple tv 4k 5th generation,"Navigational, Transactional",39,110,48,0.43,"Sitelinks, Reviews, Video, People also ask, Related searches, Popular products"
apple tv 4k gen 3,"Informational, Transactional",43,110,50,0.41,"Video, People also ask, Related searches, Popular products"
apple tv 4k tv,"Navigational, Transactional",48,110,50,0.38,"Sitelinks, Reviews, Video, People also ask, Related searches, Popular products"
apple tv 4th,"Informational, Transactional",39,110,49,0.53,"Reviews, Video, People also ask, Related searches, Popular products"
apple tv 8k,"Informational, Transactional",38,110,36,0.00,"Sitelinks, AI Overview, Reviews, Video, Video carousel, People also ask, Related searches"
apple tv aktuelle generation,"Informational, Transactional",41,110,53,0.28,"Sitelinks, Reviews, Video, People also ask, Related searches"
apple tv fußball,"Navigational, Transactional",55,110,42,1.08,"Video, People also ask, Related searches"
apple tv gen 1,"Informational, Transactional",41,110,41,0.00,"AI Overview, Reviews, People also ask, Related searches"
apple tv generation 4k,"Informational, Transactional",39,110,50,0.00,"Reviews, Video, People also ask, Related searches, Popular products"
apple tv neueste generation,"Navigational, Transactional",48,110,52,0.35,"Sitelinks, Video, Video carousel, People also ask, Related searches"
apple tv web,"Navigational, Transactional",43,110,70,0.00,"Reviews, Video, People also ask, Related searches"
appletv app,"Navigational, Transactional",37,110,47,0.98,"AI Overview, Reviews, Video, People also ask, Related searches"
aux lautsprecher,Commercial,39,110,24,0.15,"Reviews, Video, People also ask, Related searches, Popular products"
best fire stick for tv,Commercial,33,110,30,0.41,"Reviews, Image, Image pack, Video, Video carousel, People also ask, Related searches, Popular products"
best iptv player for windows,Commercial,41,110,31,0.00,"Reviews, Video carousel, People also ask, Related searches"
best player for iptv windows,Commercial,40,110,26,0.00,"Sitelinks, AI Overview, Reviews, Video, Video carousel, People also ask, Related searches"
best satellite receiver,"Informational, Commercial",50,110,22,0.16,"Video, Video carousel, People also ask, Related searches, Popular products"
beste antenne dvb t2,Commercial,41,110,23,0.13,"Sitelinks, Reviews, Video, People also ask, Related searches, Popular products"
beste antenne für dvb t2,Commercial,39,110,23,0.15,"Reviews, Video, People also ask, Related searches, Popular products"
beste iptv app für lg tv,Commercial,42,110,20,0.00,"AI Overview, Video, People also ask, Related searches"
beste iptv box,Commercial,62,110,24,0.00,"Video, Video carousel, People also ask, Related searches, Popular products"
beste streaming anbieter,Commercial,39,110,39,1.96,"AI Overview, Reviews, Video, People also ask, Related searches"
besten iptv anbieter,Commercial,46,110,17,0.00,"Sitelinks, AI Overview, Video, Related searches"
besten satellitenschüssel,Commercial,48,110,23,0.16,"Video, Video carousel, People also ask, Related searches, Ads bottom"
bester iptv player android,Commercial,45,110,17,0.00,"Sitelinks, AI Overview, Reviews, Video, Video carousel, People also ask, Related searches"
bester iptv player windows,Commercial,52,110,18,0.00,"Reviews, People also ask, Related searches"
bester streaming anbieter,Commercial,39,110,40,1.96,"Sitelinks, AI Overview, Reviews, Video, People also ask, Related searches, Ads top"
bester streaming service,Commercial,40,110,38,1.67,"AI Overview, Reviews, Video, People also ask, Related searches"
big tv telekom,"Navigational, Transactional",38,110,23,5.28,"AI Overview, Reviews, Video, People also ask, Related searches"
black friday oled tvs,Commercial,38,110,26,0.00,"Video, People also ask, Related searches, Popular products"
bubble rtl kostenlos,"Navigational, Transactional",47,110,43,0.00,"Sitelinks, Related searches"
ch7465lg-lc,"Informational, Transactional",34,110,15,1.90,"Sitelinks, Reviews, Video, People also ask, Related searches, Popular products, Ads bottom"
deutsche netflix filme,Commercial,30,110,28,0.00,"Video, People also ask, Related searches"
die besten internet tv anbieter,Commercial,51,110,35,1.32,"Sitelinks, AI Overview, Reviews, Video, People also ask, Related searches, Ads bottom, Ads middle"
digital lnb,Commercial,46,110,13,0.17,"Video, People also ask, Related searches, Popular products, Ads bottom"
digital receiver für kabel,Commercial,57,110,17,0.16,"Video, Video carousel, People also ask, Related searches, Popular products"
digital sat receiver,Commercial,53,110,27,0.15,"Video, Video carousel, People also ask, Related searches, Popular products"
digital satellite receiver,"Informational, Commercial",51,110,27,0.19,"Video, Video carousel, People also ask, Related searches, Popular products"
digital tv receiver,Commercial,55,110,28,0.55,"Reviews, Video, People also ask, Related searches"
digitale antenne,"Informational, Commercial",42,110,24,0.31,"Video, Video carousel, People also ask, Related searches, Popular products"
digitale kabel receiver,Commercial,52,110,27,0.25,"Reviews, Video, People also ask, Related searches, Popular products, Ads middle"
digitale satellitenreceiver,"Informational, Transactional",44,110,23,0.16,"Video, People also ask, Related searches, Popular products"
digitalen receiver,Commercial,42,110,26,0.52,"Reviews, Video, People also ask, Related searches, Popular products"
dreambox dm920,"Informational, Transactional",43,110,10,0.00,"People also ask, Related searches, Popular products"
dreambox receiver,Commercial,53,110,19,0.37,"People also ask, Related searches, Popular products"
dvb t antenne mit receiver,"Informational, Commercial",39,110,24,0.26,"Reviews, People also ask, Related searches, Popular products"
dvb t antennen,Commercial,40,110,30,0.27,"Video, People also ask, Related searches, Popular products"
dvb t2 antenne media markt,"Informational, Transactional",37,110,29,0.16,"Video, People also ask, Related searches, Popular products"
dvb t2 antenne mit verstärker,Commercial,44,110,13,0.16,"People also ask, Related searches, Popular products"
dvb t2 beste antenne,Commercial,38,110,20,0.13,"Sitelinks, Reviews, Video, People also ask, Related searches, Popular products"
dvb t2 receiver media markt,"Informational, Transactional",45,110,27,0.06,"Video, People also ask, Related searches, Popular products"
dvb-t2 hd receiver,"Informational, Commercial",48,110,21,0.35,"Video, Video carousel, People also ask, Related searches, Popular products"
dvd mit fernseher,Commercial,42,110,23,0.13,"Reviews, Video, People also ask, Related searches, Popular products"
fernbedienung magenta tv stick,"Informational, Transactional",45,110,20,0.11,"Image pack, Video, Related searches"
fernseh internet,"Informational, Commercial",42,110,40,1.27,"AI Overview, Reviews, Video, People also ask, Related searches, Ads top, Ads bottom"
fernseh ohne antenne,Commercial,37,110,19,0.80,"Reviews, Video, Video carousel, People also ask"
fernsehen gucken internet,"Informational, Commercial",44,110,35,1.36,"AI Overview, Reviews, Image, Video, Video carousel, People also ask, Related searches"
fernsehen kostenlos auf pc,Commercial,39,110,30,0.39,"AI Overview, Reviews, Video, Video carousel, People also ask, Related searches"
fernsehen ohne anschluss,Commercial,41,110,25,1.15,"Reviews, Video, People also ask, Related searches, Ads top, Ads bottom"
fernsehen umsonst schauen,Commercial,37,110,35,0.50,"AI Overview, Reviews, Video, People also ask, Related searches"
fernseher 24 zoll full hd,Commercial,48,110,22,0.15,"Sitelinks, Reviews, Video, Video carousel, People also ask, Related searches, Popular products"
fernseher 24 zoll mit integriertem receiver,Commercial,50,110,19,0.14,"Sitelinks, Reviews, Video, People also ask, Related searches"
fernseher 32 zoll günstig,Commercial,44,110,25,0.19,"Sitelinks, Video, People also ask, Related searches, Popular products"
fernseher 60 cm,Commercial,37,110,23,0.14,"Reviews, Image, Video, People also ask, Related searches, Popular products"
fernseher anbieter,Commercial,49,110,34,2.32,"Reviews, Image, Video, People also ask, Related searches, Ads top, Ads bottom"
fernseher dvb t2 integriert,Commercial,42,110,21,0.10,"Sitelinks, Reviews, Video, People also ask, Related searches, Popular products"
fernseher für iptv,"Informational, Commercial",63,110,29,0.00,"Sitelinks, Video, People also ask, Related searches, Popular products"
fernseher für unterwegs,Commercial,52,110,24,0.94,"Reviews, Video, People also ask, Related searches, Popular products, Ads bottom"
fernseher größe 32 zoll,Commercial,39,110,30,0.15,"Sitelinks, Image pack, Video, People also ask, Related searches, Popular products"
fernseher mit android,Commercial,45,110,24,0.25,"Sitelinks, Video, People also ask, Related searches, Popular products"
fernseher mit dvb c,"Informational, Commercial",46,110,18,0.30,"Sitelinks, Video, People also ask, Related searches"
fernseher mit integriertem dvd-player media markt,Commercial,46,110,28,0.17,"People also ask, Related searches, Popular products"
fernseher mit internet samsung,Transactional,46,110,37,0.28,"Video carousel, People also ask, Related searches"
fernseher mit magentatv,Commercial,41,110,36,0.65,"AI Overview, Reviews, Video, Video carousel, People also ask, Related searches, Ads top, Ads middle"
fernseher samsung led,Transactional,44,110,36,0.27,"People also ask, Related searches, Popular products"
fernseher xiaomi,"Informational, Transactional",41,110,26,0.17,"Reviews, People also ask, Related searches, Popular products"
fernsehn app kostenlos,Commercial,37,110,50,0.61,"AI Overview, Reviews, Video, People also ask, Related searches, Ads middle"
fernsehn ohne kabelanschluss,Commercial,43,110,22,1.05,"Reviews, Video, Video carousel, People also ask, Related searches, Ads top, Ads middle"
fernsehn über pc,"Informational, Commercial",42,110,14,0.68,"AI Overview, Reviews, Video, Video carousel, People also ask, Related searches"
fernsehprogramme über internet,"Informational, Commercial",46,110,40,1.08,"AI Overview, Reviews, Video, People also ask, Related searches, Ads bottom, Ads middle"
festplattenreceiver sat,Commercial,49,110,15,0.14,"People also ask, Related searches, Popular products"
filme kaufen apple tv,"Informational, Transactional",39,110,41,0.00,"AI Overview, Video, People also ask, Related searches"
flachbildfernseher mit sat receiver,Commercial,47,110,25,0.17,"Video, People also ask, Related searches"
free tv stream online,Commercial,39,110,51,1.69,"Sitelinks, Reviews, Video, People also ask, Related searches"
free-tv rtl,"Navigational, Transactional",47,110,74,0.65,"Reviews, Video, People also ask, Related searches, Ads bottom"
freenet tv antenne,"Navigational, Transactional",49,110,35,0.42,"Sitelinks, Reviews, Image pack, Video, People also ask, Related searches, Ads bottom"
fritz box 5590 fiber idealo,"Navigational, Transactional",46,110,30,0.68,"Sitelinks, People also ask, Related searches"
fritz box 6660 kaufen,"Informational, Transactional",45,110,24,1.68,"Reviews, People also ask, Knowledge panel, Related searches"
fritz box 6690 cable preis,Transactional,43,110,23,0.63,"Reviews, People also ask, Related searches, Popular products"
fritz box 6690 cable preisvergleich,"Informational, Commercial",46,110,26,0.68,"Reviews, Video, People also ask, Related searches, Popular products"
fritzbox 5690 pro glasfaser anschließen,"Informational, Transactional",47,110,13,0.00,"Image pack, Video, Video carousel, Related searches"
fritzbox 6660 cable kaufen,"Informational, Transactional",45,110,25,0.79,"Reviews, People also ask, Knowledge panel, Related searches"
fritzbox glasfaser-router 5590,Commercial,47,110,,0.20,"Reviews, Video, Video carousel, People also ask, Related searches, Popular products"
full hd 24 zoll fernseher,Commercial,47,110,21,0.18,"Sitelinks, Reviews, Video, Video carousel, People also ask, Related searches, Popular products"
german iptv anbieter,Commercial,57,110,,0.00,"AI Overview, Related searches"
gibt es eine rtl mediathek,"Navigational, Transactional",38,110,57,0.37,"Sitelinks, Reviews, Video, People also ask, Related searches"
gigaset go,"Informational, Transactional",43,110,21,0.24,"Reviews, Video, People also ask, Related searches, Popular products"
go box 100 gigaset,"Informational, Transactional",48,110,19,0.28,"People also ask, Related searches, Popular products, Ads middle"
günstige fernseher 4k,Commercial,40,110,27,0.29,"Video, People also ask, Related searches, Popular products"
günstige tv anbieter,"Informational, Commercial",46,110,31,1.86,"AI Overview, Reviews, Video, People also ask, Related searches, Ads top, Ads middle"
hd digital tv aerial,Transactional,42,110,17,0.41,"Video, Video carousel, People also ask, Related searches, Popular products, Ads bottom"
hd karten kaufen,Transactional,50,110,19,0.59,"Reviews, Video, People also ask, Local pack, Related searches, Popular products"
hd sat-receiver günstig kaufen,Transactional,51,110,22,0.34,"Video, People also ask, Related searches, Popular products, Ads bottom"
hdmi hue,"Informational, Transactional",48,110,43,0.00,"Sitelinks, Reviews, Image pack, Video, Video carousel, People also ask, Related searches"
hdstream to,Commercial,38,110,20,0.00,"Reviews, Video, Related searches"
hdtv live,Commercial,41,110,63,1.00,"AI Overview, Reviews, Video, People also ask, Related searches"
high definition receivers,"Informational, Transactional",53,110,15,0.54,"Video, Video carousel, People also ask, Related searches, Popular products"
idealo apple tv 4k,"Navigational, Transactional",44,110,30,0.00,"Reviews, People also ask, Related searches"
internet fernseh gucken,"Informational, Commercial",45,110,38,1.50,"AI Overview, Reviews, Video, Video carousel, People also ask, Related searches, Ads top, Ads middle"
internet fernsehen gucken,"Informational, Commercial",45,110,34,1.50,"AI Overview, Reviews, Video, Video carousel, People also ask, Related searches"
internet kabel fritzbox,"Informational, Transactional",47,110,26,1.14,"Sitelinks, Video, People also ask, Related searches, Popular products"
internet mit prämie fernseher,Commercial,42,110,8,2.93,"Sitelinks, AI Overview, Reviews, Related searches, Ads top, Ads middle"
internet plus tv,Commercial,46,110,42,2.40,"AI Overview, Reviews, Video, People also ask, Related searches, Ads bottom, Ads middle"
internet via tv,Commercial,45,110,31,1.48,"AI Overview, Reviews, Video, Video carousel, People also ask, Related searches, Ads bottom, Ads middle"
ip television pc,"Informational, Commercial",46,110,36,0.00,"Featured snippet, Reviews, Video, People also ask, Related searches, Ads middle"
ip tv anbieter vergleich,Commercial,48,110,37,0.00,"Video, People also ask, Related searches"
ip tv app für fire tv stick,"Informational, Commercial",55,110,10,0.00,"Sitelinks, AI Overview, Video, Video carousel, People also ask, Related searches"
iptv abo kaufen,Commercial,52,110,10,0.00,"Video, Related searches"
iptv abonnementen,"Informational, Commercial",53,110,36,0.00,"AI Overview, Video, People also ask, Related searches"
iptv anbieter mit sky,"Informational, Commercial",50,110,20,0.00,"Sitelinks, AI Overview, Reviews, Video, People also ask, Related searches"
iptv bester anbieter,Commercial,49,110,24,0.00,"AI Overview, Reviews, Video, Video carousel, People also ask, Related searches"
iptv box alle sender,Commercial,70,110,46,0.00,"Image, Video, People also ask, Related searches, Popular products"
iptv günstig,"Informational, Commercial",64,110,39,0.00,"Video, People also ask, Related searches"
iptv pc player,Commercial,46,110,25,0.00,"AI Overview, Reviews, Video, People also ask, Related searches"
iptv preise,Transactional,56,110,32,0.00,"AI Overview, Reviews, Image, Video, People also ask, Related searches"
iptv set top box,Commercial,70,110,15,0.00,"Video, People also ask, Related searches, Popular products"
iptv windows 11,Commercial,44,110,22,0.00,"AI Overview, Reviews, Video, Video carousel, People also ask, Related searches"
jbl 510 partybox,"Informational, Transactional",38,110,34,0.24,"Reviews, Video, People also ask, Related searches, Ads bottom"
jbl partybox 710 technische daten,"Informational, Transactional",41,110,30,0.24,"Reviews, People also ask, Related searches, Popular products"
jbl ultimate 1100,"Informational, Transactional",38,110,26,0.45,"People also ask, Related searches, Popular products"
jbl ultimate akku,Transactional,37,110,27,0.82,"Reviews, People also ask, Related searches"
joyn tv live,"Navigational, Transactional",38,110,66,0.27,"Reviews, Video, People also ask, Knowledge panel, Top stories, Related searches, Ads top, Ads bottom"
kabel live stream,Commercial,37,110,34,0.36,"Reviews, Video, People also ask, Related searches"
kabel receiver mit festplatte und aufnahmefunktion,Commercial,57,110,16,0.14,"Video, People also ask, Related searches, Popular products"
kabel tv receiver,"Informational, Commercial",57,110,18,0.54,"Reviews, Video, Video carousel, People also ask, Related searches, Popular products"
kabel-receiver,"Informational, Commercial",51,110,21,0.38,"Video, Video carousel, People also ask, Related searches, Popular products"
kabelanschluss mit receiver,"Informational, Commercial",52,110,25,0.59,"Reviews, Video, Video carousel, People also ask, Related searches, Popular products, Ads bottom"
kabelfernsehen ci modul,Commercial,47,110,11,0.44,"Reviews, Video, Video carousel, People also ask, Related searches, Popular products, Ads bottom"
kabelreceiver mit festplatte,Commercial,54,110,19,0.15,"Reviews, Video, People also ask, Related searches, Popular products"
kartina tv pristavka,"Informational, Commercial",45,110,10,0.00,"Reviews, People also ask, Related searches, Popular products"
kartina tv приставка,Transactional,46,110,2,0.00,"Reviews, People also ask, Related searches, Popular products"
kaufland fernseher 32 zoll,"Navigational, Transactional",33,110,28,0.12,"Sitelinks, Image, Image pack, People also ask, Related searches, Popular products, Ads top, Ads bottom"
kinderfilme neu netflix,Commercial,31,110,32,0.00,"AI Overview, Image, Video, People also ask, Related searches"
kleiner tv mit wlan,Commercial,48,110,22,0.19,"People also ask, Related searches, Popular products"
kostenlos anschauen,Commercial,31,110,56,0.41,"AI Overview, Reviews, Video, People also ask, Related searches"
kostenlos fernseh schauen online,Commercial,35,110,52,0.77,"AI Overview, Reviews, Video, Related searches, Ads middle"
kostenlos fernsehen online schauen,Commercial,37,110,43,0.77,"Sitelinks, Reviews, Video, People also ask, Related searches"
kostenlos hd fernsehen,Commercial,40,110,19,0.89,"AI Overview, Reviews, Video, People also ask, Related searches, Ads top, Ads bottom"
kostenlos kabel 1 schauen,Commercial,38,110,25,0.66,"Sitelinks, Video, People also ask, Related searches"
kostenlos ohne anmeldung,"Navigational, Transactional",29,110,55,0.00,"Reviews, Video, People also ask, Related searches"
kostenlos rtl live gucken,Transactional,36,110,47,0.89,"Sitelinks, Reviews, Video, Video carousel, People also ask, Related searches, Ads top, Ads middle"
kostenlos vox gucken,Commercial,37,110,46,0.77,"AI Overview, Reviews, Video, People also ask, Related searches"
kostenlose fernsehprogramme,Commercial,38,110,42,0.42,"AI Overview, Reviews, Video, People also ask, Related searches, Ads bottom, Ads middle"
live show free,Commercial,30,110,62,0.00,"AI Overview, Reviews, Video, Video carousel, Related searches"
live streaming rtl,"Navigational, Transactional",37,110,40,0.76,"Reviews, Video, People also ask, Related searches, Ads bottom"
live tv kostenlos online,Commercial,39,110,52,1.31,"Reviews, Video, People also ask, Related searches"
live tv streamen kostenlos,Commercial,39,110,47,0.63,"Reviews, Video, People also ask, Related searches"
live übertragung rtl,"Navigational, Transactional",36,110,65,0.57,"AI Overview, Reviews, Video, Top stories, Related searches"
livestream ohne anmeldung,"Navigational, Transactional",33,110,46,0.35,"Sitelinks, Reviews, Video, Related searches"
livestream pro7 kostenlos,Commercial,37,110,42,0.50,"Reviews, Video, People also ask, Related searches"
lnb technisat quattro,"Informational, Transactional",49,110,18,0.17,"Reviews, People also ask, Related searches, Popular products"
magenta fire tv stick,"Informational, Transactional",43,110,19,0.39,"Video, Video carousel, People also ask, Related searches, Popular products"
magenta paket,"Navigational, Commercial",33,110,21,2.61,"Reviews, Video, People also ask, Related searches, Ads top, Ads bottom"
magenta tv apk,Commercial,35,110,33,4.68,"AI Overview, Reviews, Related searches"
magenta tv liv,Commercial,47,110,58,3.13,"Reviews, Video, People also ask, Related searches, Ads top, Ads bottom"
magenta tv live stream kostenlos ohne anmeldung,"Informational, Transactional",47,110,30,2.31,"AI Overview, Reviews, Video, People also ask, Related searches"
magenta tv receiver kaufen,Transactional,50,110,22,1.26,"Reviews, People also ask, Related searches, Popular products"
magenta tv smart senderliste pdf,"Informational, Transactional",40,110,34,0.00,"Reviews, Video, People also ask, Related searches"
magenta tv vergleich,Commercial,41,110,33,3.02,"Reviews, Video, People also ask, Related searches"
magenta vertrag telekom,"Navigational, Transactional",30,110,48,1.74,"AI Overview, Reviews, Video, People also ask, Related searches, Ads top, Ads bottom"
magentatv kaufen,Transactional,48,110,35,2.82,"Sitelinks, Reviews, People also ask, Related searches, Popular products"
media markt 32 zoll tv,Transactional,39,110,29,0.23,"Sitelinks, People also ask, Related searches, Popular products"
media markt sat schüssel,Transactional,38,110,27,0.06,"People also ask, Related searches, Popular products, Ads top, Ads bottom"
media markt tv stick,Commercial,40,110,30,0.57,"Sitelinks, People also ask, Related searches, Popular products, Ads bottom"
mediamarkt fritzbox 5590,"Informational, Transactional",38,110,32,0.38,"People also ask, Related searches, Ads top, Ads middle"
mi tv box 4,"Informational, Commercial",49,110,30,0.21,"People also ask, Related searches"
mini sat schüssel innen,"Informational, Commercial",43,110,16,0.09,"Sitelinks, Video, People also ask, Related searches, Popular products"
multimedia box,"Informational, Transactional",51,110,18,1.30,"Reviews, Image pack, Video, People also ask, Related searches, Popular products"
musikbox mit usb anschluss,"Informational, Commercial",46,110,23,0.24,"Reviews, Image, Image pack, Video, People also ask, Related searches, Popular products"
musikbox mit usb stick wiedergabe,Commercial,41,110,21,0.14,"Image, Video, People also ask, Popular products"
my rtl plus,"Navigational, Transactional",36,110,44,1.64,"Sitelinks, Reviews, Video, People also ask, Related searches, Ads top, Ads bottom"
naviskauto dvd player auto,"Informational, Transactional",43,110,23,0.20,"Reviews, Video, Video carousel, People also ask, Related searches, Popular products"
net flix movies,Transactional,32,110,83,0.42,"People also ask, Related searches"
netflix 12 monate,Commercial,40,110,27,0.77,"AI Overview, Reviews, People also ask, Related searches"
netflix abo 4 99,"Informational, Transactional",41,110,47,2.24,"AI Overview, Video, People also ask, Related searches"
netflix abo kaufen,"Navigational, Transactional",44,110,55,1.20,"Reviews, People also ask, Related searches"
netflix abo varianten,"Informational, Transactional",45,110,47,0.00,"AI Overview, Reviews, Video, People also ask, Related searches"
netflix acount,"Navigational, Transactional",38,110,68,0.90,"People also ask, Related searches"
netflix com abo,"Navigational, Transactional",42,110,66,1.56,"Reviews, Video, People also ask, Related searches"
netflix deutschland filme,Transactional,33,110,50,0.00,"Video, People also ask"
netflix mein konto,"Navigational, Transactional",39,110,59,0.00,"AI Overview, Video, People also ask, Related searches"
netflix membership,"Navigational, Transactional",38,110,73,1.28,"Reviews, Video, People also ask, Related searches"
netflix mitgliedschaften,"Informational, Transactional",39,110,63,1.87,"AI Overview, Reviews, People also ask, Related searches"
netflix moveis,Transactional,31,110,91,0.23,"People also ask, Related searches"
netflix neu anmelden,"Navigational, Transactional",41,110,58,2.11,"AI Overview, Video, People also ask, Related searches"
netflix paket,"Informational, Commercial",50,110,43,1.45,"AI Overview, Reviews, Video, People also ask, Related searches"
netflix und disney plus abo,"Informational, Commercial",40,110,36,1.22,"AI Overview, Reviews, Video, People also ask, Related searches"
new netflix,"Navigational, Transactional",34,110,76,0.00,"Video, People also ask, Related searches"
ohne kabel fernseh schauen,"Informational, Commercial",42,110,24,1.50,"AI Overview, Reviews, Video, Video carousel, People also ask, Related searches, Ads top, Ads middle"
oled black friday tv,Commercial,38,110,25,0.00,"Reviews, Video, People also ask, Related searches, Popular products"
oled fernseher 32 zoll,Commercial,35,110,23,0.30,"Sitelinks, Video, People also ask, Related searches, Popular products, Ads top, Ads bottom"
one connect samsung,"Informational, Commercial",36,110,32,0.19,"Video, Video carousel, People also ask, Related searches, Popular products"
online fernsehen schauen kostenlos,Commercial,37,110,52,0.77,"AI Overview, Reviews, Video, People also ask, Related searches, Ads top, Ads bottom"
online vox gucken,Commercial,36,110,43,1.06,"Reviews, Video, People also ask, Related searches"
pc tv schauen,Commercial,40,110,17,0.76,"Reviews, Video, Video carousel, People also ask, Related searches, Popular products, Ads middle"
player iptv pc,Commercial,45,110,26,0.00,"AI Overview, Reviews, Video, Video carousel, Related searches"
player smart tv,"Informational, Transactional",42,110,29,0.45,"Reviews, Video, People also ask, Related searches"
preis sky sport,"Navigational, Transactional",39,110,44,0.98,"Sitelinks, AI Overview, Reviews, People also ask, Related searches"
preise magenta tv,Transactional,47,110,39,0.90,"Video, People also ask, Related searches"
preise netflix deutschland,Transactional,42,110,49,0.64,"AI Overview, Reviews, Video, People also ask, Related searches"
programm wow,Commercial,35,110,33,0.70,"Reviews, Video, People also ask, Related searches"
quattro lnb technisat,"Informational, Transactional",41,110,18,0.17,"Reviews, People also ask, Related searches, Popular products"
receiver dvd,"Informational, Commercial",51,110,20,0.54,"Sitelinks, Reviews, Image pack, Video, People also ask, Related searches, Popular products"
receiver für kabel digital,Commercial,53,110,20,0.16,"Video, Video carousel, People also ask, Related searches, Popular products"
receiver mit hd karte,Commercial,54,110,16,0.42,"Video, People also ask, Related searches, Popular products"
refurbished apple tv,"Informational, Transactional",37,110,29,0.46,"Reviews, People also ask, Related searches, Popular products"
retl,"Informational, Transactional",27,110,24,0.46,"Reviews, People also ask, Related searches"
roku box,"Navigational, Transactional",50,110,29,0.05,"Sitelinks, People also ask, Related searches, Popular products"
rtl 1,Transactional,34,110,72,0.52,"Reviews, Video, People also ask, Related searches"
rtl 2 live kostenlos,Commercial,37,110,29,0.00,"Reviews, Video, People also ask, Related searches"
rtl fernsehen live kostenlos,Commercial,35,110,46,0.94,"Reviews, Video, People also ask, Related searches"
rtl fernsehen live stream,"Navigational, Transactional",37,110,54,0.56,"Sitelinks, Reviews, Video, People also ask, Related searches"
rtl free tv live,Transactional,39,110,52,0.65,"Sitelinks, Reviews, Video, People also ask, Related searches"
rtl freetv,"Navigational, Transactional",39,110,62,0.71,"Reviews, Video, People also ask, Top stories, Related searches, Ads bottom"
rtl gucken live,Transactional,47,110,45,0.94,"Sitelinks, Reviews, Video, People also ask, Related searches"
rtl im fernsehen,"Informational, Commercial",35,110,43,0.80,"Sitelinks, Video, People also ask, Top stories, Related searches"
rtl kostenlos im internet,"Navigational, Transactional",38,110,50,0.64,"Sitelinks, Reviews, Video, People also ask, Related searches"
rtl liuve,"Navigational, Transactional",33,110,50,0.47,"Reviews, Video, People also ask, Related searches"
rtl live free-tv,"Navigational, Transactional",47,110,52,0.93,"Sitelinks, Reviews, Video, People also ask, Related searches"
rtl live kostenlos gucken,Commercial,36,110,34,0.94,"Video, People also ask, Related searches"
rtl live kostenlos und ohne anmeldung,"Navigational, Transactional",33,110,27,0.00,"AI Overview, Reviews, Video, People also ask, Related searches"
rtl live nachrichten,Transactional,36,110,50,0.68,"Reviews, Video, People also ask, Top stories, Related searches"
rtl live sendung heute,"Informational, Transactional",34,110,65,0.00,"Reviews, Video, People also ask, Related searches, Ads bottom"
rtl live stream kostenlos & ohne anmeldung,"Navigational, Transactional",33,110,41,0.00,"Reviews, Video, People also ask, Related searches"
rtl live-stream fußball,Transactional,35,110,39,0.97,"Reviews, Video, Related searches"
rtl livestream fussball,"Navigational, Transactional",37,110,36,0.97,"Reviews, Video, People also ask, Related searches"
rtl livestream nydus,"Navigational, Transactional",31,110,26,0.00,"Sitelinks, Reviews, People also ask, Related searches"
rtl livestrean,"Navigational, Transactional",36,110,44,0.63,"Reviews, Video, People also ask, Related searches"
rtl livstream,Transactional,38,110,48,0.70,"Video, People also ask, Top stories, Related searches"
rtl lviestream,Commercial,39,110,34,0.60,"Reviews, Video, People also ask, Related searches"
rtl n,"Navigational, Transactional",30,110,79,0.06,"Sitelinks, Reviews, Video, People also ask, Knowledge panel, Related searches"
rtl nachrichten live,"Informational, Transactional",34,110,58,0.68,"Sitelinks, Reviews, Video, People also ask, Knowledge panel, Related searches"
rtl nitro kostenlos streamen,Commercial,39,110,19,1.46,"Sitelinks, Reviews, Video, People also ask, Related searches"
rtl ohne anmelden,Transactional,47,110,47,1.27,"Reviews, Video, People also ask, Related searches"
rtl online stream kostenlos,Commercial,33,110,47,1.36,"Sitelinks, Reviews, Video, People also ask, Related searches, Ads bottom"
rtl plus fernsehprogramm,Commercial,33,110,43,0.26,"Reviews, People also ask, Related searches"
rtl plus kostenlos live stream,"Navigational, Transactional",47,110,,0.56,"Reviews, Video, People also ask, Related searches"
rtl plus livestream kostenlos,"Navigational, Transactional",39,110,60,0.32,"Reviews, People also ask, Related searches"
rtl programm livestream,"Navigational, Transactional",35,110,61,0.63,"Reviews, Video, People also ask, Related searches"
rtl sendung,"Informational, Commercial",33,110,62,0.99,"Video, Video carousel, People also ask, Top stories, Related searches"
rtl tv live stream free,Commercial,34,110,47,0.00,"Reviews, Video, People also ask, Related searches"
rtl tv live stream kostenlos ohne anmeldung,"Navigational, Transactional",31,110,40,0.00,"Reviews, Video, People also ask, Related searches"
rtl+ kaufen,Transactional,38,110,31,1.19,"Reviews, Video, People also ask, Related searches, Popular products, Ads top, Ads bottom"
rtl2 live schauen,Commercial,37,110,28,0.69,"AI Overview, Reviews, Video, People also ask, Related searches"
rtl2 ohne anmeldung,"Navigational, Transactional",32,110,31,0.00,"AI Overview, Reviews, Video, People also ask, Related searches"
rtl2 online stream,Commercial,37,110,26,0.95,"Reviews, Video, People also ask, Related searches"
rtl2 streaming kostenlos,Commercial,39,110,29,0.62,"Reviews, Video, People also ask, Related searches"
samsung 32 zoll smart tv 4k,Commercial,41,110,23,0.23,"People also ask, Related searches, Popular products"
samsung 32 zoll tv,Commercial,43,110,30,0.18,"People also ask, Related searches, Popular products"
samsung 80 zoll tv,Commercial,46,110,27,0.27,"Video, People also ask, Related searches, Popular products"
samsung fernseher 85 zoll angebote,Commercial,41,110,23,0.29,"People also ask, Related searches, Popular products"
samsung fernseher günstig,"Informational, Commercial",39,110,25,0.17,"People also ask, Related searches, Popular products"
samsung high definition tv,"Informational, Transactional",42,110,38,0.58,"Video, People also ask, Related searches, Popular products"
samsung lcd tv,"Informational, Transactional",43,110,37,0.17,"People also ask, Related searches, Popular products"
samsung led ultra hd,"Informational, Transactional",41,110,24,0.22,"Video, People also ask, Related searches, Popular products"
samsung smart tv 85 zoll,Commercial,46,110,29,0.46,"People also ask, Related searches, Popular products"
samsung t,"Informational, Transactional",39,110,56,0.90,"Video, People also ask, Related searches, Popular products"
samsung televize smart,"Informational, Transactional",40,110,37,0.25,"Reviews, People also ask, Related searches, Popular products"
samsung tv bester,Commercial,48,110,37,0.30,"Sitelinks, Video, People also ask, Related searches"
samsung tv black friday,Commercial,35,110,23,0.00,"Video, People also ask, Related searches, Popular products"
samsung tv mit one connect box,"Informational, Transactional",45,110,33,0.20,"Video, People also ask, Related searches, Popular products"
samsung tv smart,Commercial,44,110,44,0.27,"Video, People also ask, Related searches, Popular products"
samsung tv smart tv,"Informational, Transactional",48,110,42,0.20,"Video, People also ask, Related searches, Popular products"
samsung ultra 4k tv,"Informational, Transactional",36,110,36,0.22,"People also ask, Related searches, Popular products"
samsung ultra hd,"Informational, Transactional",39,110,36,0.41,"People also ask, Related searches, Popular products"
samsung ultra high definition 4k,Commercial,36,110,31,0.28,"People also ask, Related searches, Popular products"
samsung ultra smart tv,Commercial,43,110,30,0.22,"People also ask, Related searches"
sat 1 free stream,Commercial,39,110,27,0.53,"Reviews, Video, Related searches"
sat 1 stream kostenlos ohne anmeldung,"Navigational, Transactional",32,110,32,0.55,"Reviews, Video, People also ask, Related searches"
sat anlage komplett,Commercial,46,110,23,0.24,"Video, People also ask, Related searches, Popular products"
sat linux,Commercial,42,110,26,0.00,"Video, People also ask, Related searches"
sat lnb test,"Informational, Commercial",44,110,13,0.07,"Sitelinks, Reviews, Video, People also ask, Related searches, Popular products"
sat receiver 4k,Commercial,56,110,10,0.25,"Sitelinks, Reviews, Video, Video carousel, People also ask, Related searches, Popular products"
sat receiver amazon,"Navigational, Transactional",43,110,34,0.09,"Sitelinks, People also ask, Related searches, Popular products"
sat receiver hdmi,"Informational, Commercial",54,110,26,0.11,"Image pack, People also ask, Related searches, Popular products"
sat receiver mit festplatte technisat,"Informational, Transactional",46,110,21,0.16,"People also ask, Related searches, Popular products"
sat receiver mit smart tv funktion,Commercial,51,110,20,0.26,"Sitelinks, Reviews, Video, People also ask, Related searches, Popular products"
sat receiver mit wlan und smart tv,Commercial,58,110,21,0.33,"Video, People also ask, Related searches, Popular products"
sat receiver smart,"Informational, Commercial",49,110,19,0.16,"Video, Video carousel, People also ask, Related searches, Popular products"
sat schüssel für innen,"Informational, Commercial",47,110,16,0.12,"Sitelinks, Image pack, Video, People also ask, Related searches, Popular products, Ads bottom"
sat schüssel media markt,Transactional,42,110,26,0.06,"People also ask, Related searches, Popular products, Ads top"
sat schüsseln testsieger,Commercial,39,110,15,0.09,"Sitelinks, Video, People also ask, Related searches, Popular products"
sat-anlagen,Commercial,38,110,19,0.34,"Reviews, Video, People also ask, Local pack, Knowledge panel, Related searches, Popular products"
sat1 hd stream,Transactional,44,110,43,1.09,"AI Overview, Reviews, Video, People also ask, Related searches, Ads middle"
sat1 live stream kostenlos ohne anmeldung anschauen,"Navigational, Transactional",34,110,39,0.00,"Reviews, Video, People also ask, Related searches"
satellit receiver,"Informational, Transactional",49,110,30,0.22,"Image pack, Video carousel, People also ask, Related searches, Popular products"
satelliten receiver aufnahmefunktion,Commercial,48,110,17,0.19,"Video, People also ask, Related searches, Popular products"
satelliten receiver smart,"Informational, Commercial",46,110,23,0.16,"Video, Video carousel, People also ask, Related searches, Popular products"
satellitenreceiver kaufen,Transactional,51,110,24,0.19,"Video, People also ask, Related searches, Popular products"
satellitenschuessel kaufen,Transactional,48,110,27,0.29,"Video, People also ask, Local pack, Related searches, Popular products"
satkabel verteiler,"Informational, Transactional",49,110,12,0.15,"Video, Video carousel, People also ask, Related searches, Popular products"
sender wow,"Informational, Commercial",35,110,32,1.22,"AI Overview, Reviews, Video, People also ask, Related searches, Ads top"
signalverstärker für kabel tv,"Informational, Commercial",51,110,12,0.09,"Video, People also ask, Related searches, Popular products, Ads middle"
signalverstärker kabel tv,"Informational, Commercial",51,110,14,0.09,"Video, People also ask, Related searches, Popular products"
sky black friday deals,Commercial,49,110,29,0.00,"Reviews, Image, Video, People also ask, Related searches"
sky de flash hilfe,"Navigational, Transactional",47,110,35,1.20,"Reviews, Video, People also ask, Related searches"
sky filme und serien,Transactional,42,110,50,1.08,"Reviews, Video, People also ask"
sky fussball preis,Transactional,44,110,48,0.51,"Featured snippet, Reviews, Video, Related searches"
sky go receiver,Transactional,44,110,33,2.64,"Reviews, Video, People also ask, Related searches"
sky go testen,Commercial,37,110,10,1.57,"Reviews, Video, People also ask, Related searches, Ads bottom"
sky goù,"Informational, Transactional",47,110,35,0.64,"Reviews, People also ask, Related searches"
sky programm deutschland,"Navigational, Transactional",36,110,42,0.02,"Reviews, Video, People also ask, Related searches"
sky q angebote,"Navigational, Transactional",38,110,42,0.80,"Sitelinks, Reviews, Video, People also ask, Related searches"
sky receiver satellit,Transactional,44,110,33,1.59,"Reviews, Video, People also ask, Related searches, Popular products, Ads top, Ads bottom"
sky serien abo,Commercial,43,110,44,2.03,"AI Overview, Reviews, People also ask, Related searches, Ads top, Ads bottom"
sky sonderangebot,Transactional,40,110,40,0.71,"AI Overview, Reviews, Video, People also ask, Related searches, Ads bottom"
sky sport wow,"Navigational, Commercial",38,110,40,1.19,"Sitelinks, Reviews, Video, People also ask, Related searches"
sky television live,"Navigational, Transactional",37,110,70,1.53,"Reviews, Video, Video carousel, People also ask, Related searches"
sky tv live,"Informational, Transactional",37,110,84,1.42,"Video, People also ask, Related searches"
sky zusammenfassung,"Navigational, Transactional",31,110,34,0.00,"Sitelinks, Reviews, Video, People also ask, Related searches"
sky übertragung,"Navigational, Transactional",40,110,44,1.70,"Sitelinks, Reviews, Video, People also ask, Top stories, Related searches"
smart player for tv,"Informational, Transactional",37,110,28,0.45,"Reviews, Video, People also ask, Related searches"
smart receiver for tv,Commercial,53,110,22,0.85,"Video, People also ask, Related searches, Popular products, Ads middle"
smart samsung tv,"Informational, Transactional",38,110,41,0.21,"Video, People also ask, Related searches, Popular products"
smart sat receiver,Commercial,54,110,19,0.18,"Video, Video carousel, People also ask, Related searches, Popular products"
smart stick,Commercial,37,110,19,0.70,"Video, Video carousel, People also ask, Related searches, Popular products, Ads bottom"
smart tv 32 zoll wlan,Commercial,42,110,23,0.20,"Video, People also ask, Related searches, Popular products"
smart tv box alle sender kostenlos,"Informational, Commercial",48,110,34,0.00,"Reviews, Video, Video carousel, People also ask, Related searches"
smart tv in 32 inch,Commercial,42,110,27,0.18,"Reviews, Video, Video carousel, People also ask, Related searches, Popular products"
smart tv mit dvd player,"Informational, Commercial",47,110,19,0.11,"People also ask, Related searches, Popular products"
smart tv unter 100 euro,Commercial,47,110,16,0.22,"Video, People also ask, Related searches, Popular products"
smart tv weiß 32 zoll,Commercial,47,110,23,0.19,"Reviews, Image, People also ask, Related searches, Popular products"
smarters iptv windows,"Informational, Transactional",42,110,41,0.00,"AI Overview, Reviews, Video, Video carousel, People also ask, Related searches"
speedbox 2 telekom,"Informational, Transactional",45,110,32,0.74,"Reviews, Video, Knowledge panel, Related searches"
splitter tv,"Informational, Transactional",46,110,10,0.11,"Reviews, Image pack, Video, People also ask, Related searches, Popular products"
stick hdmi,Commercial,40,110,27,0.51,"Image pack, Video, People also ask, Related searches, Popular products"
stream kostenlos deutsch,Commercial,35,110,49,0.00,"Reviews, Video, Related searches"
streamen kostenlos ohne anmeldung,"Navigational, Transactional",31,110,39,0.17,"Sitelinks, Video, People also ask, Related searches"
streaming platformen,"Informational, Commercial",40,110,50,2.24,"Featured snippet, Video, People also ask, Related searches, Ads top, Ads bottom"
super rtl livestream kostenlos ohne anmeldung,"Navigational, Transactional",32,110,28,0.00,"Reviews, Video, People also ask"
technisat k4 isio,"Informational, Transactional",45,110,23,0.17,"Reviews, Video, People also ask, Knowledge panel, Related searches"
technisat lnb quattro,"Informational, Transactional",42,110,22,0.16,"People also ask, Related searches, Popular products, Ads bottom"
technisat quattro lnb,"Informational, Transactional",45,110,18,0.17,"People also ask, Related searches, Popular products"
technisat sat receiver mit festplatte,"Informational, Transactional",48,110,24,0.16,"People also ask, Related searches, Popular products"
technisat satelliten receiver,"Navigational, Transactional",46,110,21,0.13,"Sitelinks, Video, People also ask, Related searches, Popular products, Ads middle"
telekom fernseher,"Navigational, Transactional",38,110,42,1.73,"Sitelinks, Reviews, Video, People also ask, Related searches"
telekom fritzbox 7590 für bestandskunden,"Navigational, Transactional",40,110,19,0.00,"Reviews, Video, People also ask, Related searches"
telekom glasfaser mit magenta tv,Transactional,47,110,19,1.29,"AI Overview, Reviews, People also ask, Related searches, Ads top, Ads middle"
telekom internet mit magenta tv,Commercial,47,110,50,2.62,"AI Overview, Reviews, Video, People also ask, Related searches, Ads top, Ads middle"
telekom magenta tv smart,"Navigational, Transactional",37,110,38,2.76,"Sitelinks, Reviews, Video, People also ask, Related searches"
telekom receiver wlan,"Informational, Transactional",40,110,20,1.53,"Reviews, Video, People also ask, Related searches"
telekom smart,"Navigational, Transactional",38,110,36,5.78,"Sitelinks, Reviews, Video, People also ask, Related searches"
telekom werbung neu,"Informational, Transactional",34,110,33,0.00,"AI Overview, Reviews, Video, Video carousel, People also ask, Related searches, Ads bottom"
televisie 32 inch smart,Commercial,40,110,23,0.18,"Reviews, Video, Video carousel, People also ask, Related searches, Popular products"
tivi samsung,"Informational, Transactional",37,110,45,0.29,"Reviews, Video, People also ask, Related searches, Popular products"
top 10 streaming dienste kosten,"Informational, Commercial",49,110,37,1.10,"Sitelinks, AI Overview, Reviews, Video, People also ask, Related searches"
tv 4k samsung,Transactional,40,110,30,0.22,"People also ask, Related searches, Popular products"
tv apple tv 2,"Informational, Transactional",45,110,54,0.00,"Reviews, Video, People also ask, Related searches"
tv direkt app kostenlos,Commercial,38,110,33,0.26,"AI Overview, Reviews, People also ask, Related searches"
tv kosten,"Informational, Commercial",45,110,57,1.45,"Reviews, Video, People also ask, Related searches"
tv live online kostenlos,Commercial,37,110,67,1.31,"AI Overview, Reviews, Video, People also ask, Related searches"
tv mit receiver integriert,Commercial,49,110,11,0.19,"Video, People also ask, Related searches, Popular products"
tv mit satellitenschüssel,Commercial,40,110,20,0.66,"Reviews, Video, Video carousel, People also ask, Related searches"
tv online live kostenlos,Commercial,37,110,58,1.31,"AI Overview, Reviews, Video, People also ask, Related searches"
tv online ohne anmeldung,"Navigational, Transactional",36,110,41,0.00,"Sitelinks, Reviews, Video, People also ask, Related searches"
tv per internet,Commercial,49,110,41,1.55,"Reviews, Video, People also ask, Related searches"
tv programm stream kostenlos,Commercial,39,110,51,1.36,"AI Overview, Reviews, Video, People also ask, Related searches"
tv receiver kaufen,Transactional,50,110,25,0.70,"People also ask, Related searches, Popular products"
tv schauen über pc,Commercial,43,110,27,0.95,"AI Overview, Video, Video carousel, People also ask, Related searches, Ads middle"
tv stream app,"Informational, Commercial",39,110,49,1.76,"AI Overview, Reviews, Video, People also ask, Related searches"
tv stream live kostenlos,Commercial,39,110,64,1.35,"Sitelinks, Reviews, Video, People also ask, Related searches"
tv verteiler kabel,"Informational, Commercial",44,110,9,0.15,"Video, Video carousel, People also ask, Related searches, Popular products"
tv über dsl,Commercial,50,110,30,2.76,"Sitelinks, Reviews, Image, Video, People also ask, Related searches"
tv-receiver,"Informational, Commercial",56,110,30,1.14,"Video, People also ask, Related searches, Popular products"
tvkostenlos,Commercial,36,110,37,0.69,"AI Overview, Reviews, Video, People also ask, Related searches, Ads bottom"
tvmagenta,Commercial,47,110,62,2.65,"Reviews, Video, People also ask, Related searches, Ads top, Ads bottom"
twin sat receiver,"Informational, Commercial",50,110,10,0.12,"Video, People also ask, Related searches, Popular products"
uhd tv samsung,Transactional,42,110,32,0.24,"People also ask, Related searches, Popular products"
vergleich iptv,Commercial,52,110,37,0.00,"Sitelinks, AI Overview, Reviews, Video, People also ask, Related searches"
vodafone easybox 805 kaufen,Transactional,47,110,22,1.12,"Reviews, Video, People also ask, Related searches"
vodafone kabel receiver kaufen,Transactional,48,110,26,0.59,"Reviews, People also ask, Related searches, Popular products"
vodafone router wifi 6,Transactional,43,110,26,2.00,"Sitelinks, Reviews, Video, Video carousel, People also ask, Related searches, Popular products"
vodafone tv-box kaufen,Transactional,55,110,34,1.39,"Reviews, People also ask, Related searches, Popular products"
vox live stream kostenlos ohne anmeldung nydus,"Navigational, Transactional",32,110,30,0.00,"Reviews, Video, People also ask, Related searches"
waipu vs magenta,Commercial,31,110,18,0.00,"Sitelinks, AI Overview, Reviews, Video, People also ask, Related searches"
waipu-tv-stick,"Informational, Transactional",49,110,37,0.17,"Video, People also ask, Related searches, Popular products"
welche partybox ist die beste,Commercial,36,110,21,0.27,"Sitelinks, Reviews, Video, Video carousel, People also ask, Related searches"
win iptv player,Commercial,44,110,30,0.00,"AI Overview, Reviews, Video, People also ask, Related searches"
wow live stream,"Navigational, Commercial",40,110,46,0.97,"Sitelinks, Reviews, Video, People also ask, Related searches"
wow mit sky abo,"Informational, Commercial",40,110,14,2.89,"AI Overview, Reviews, Video, People also ask, Related searches, Ads bottom"
wowtv de magentatv,"Navigational, Transactional",47,110,40,0.97,"AI Overview, Reviews, Video, People also ask, Related searches"
www.rtlplus.de tv login,Transactional,37,110,39,0.45,"Reviews, Video, People also ask, Related searches"
www.wow.de,Commercial,35,110,50,1.23,"Reviews, Video, People also ask, Ads top, Ads bottom"
xiaomi mi stick,"Navigational, Transactional",39,110,30,0.13,"Sitelinks, Reviews, People also ask, Related searches, Popular products"
zimmerantenne für dvb t,Commercial,40,110,27,0.21,"Video, People also ask, Related searches, Popular products"
zimmerantenne test,Commercial,37,110,26,0.16,"Reviews, Video, People also ask, Related searches, Popular products"
öffne netflix,"Navigational, Transactional",40,110,77,0.00,"Sitelinks, Reviews, People also ask, Related searches"
über internet fernsehen gucken,"Informational, Commercial",43,110,35,1.50,"AI Overview, Reviews, Video, Video carousel, People also ask, Related searches, Ads top, Ads middle"
1 sat anschluss 2 fernseher,Commercial,40,90,21,0.11,"Sitelinks, AI Overview, Reviews, Video, Video carousel, People also ask, Related searches, Ads middle"
1&1tv box,"Informational, Transactional",51,90,20,1.05,"Reviews, Video, Video carousel, People also ask, Related searches, Popular products"
1und 1 cinema,"Informational, Transactional",38,90,38,1.73,"Reviews, People also ask, Related searches"
1und 1tv,"Informational, Transactional",48,90,32,0.78,"Reviews, Video, People also ask, Related searches"
1und1 hd tv,"Navigational, Transactional",46,90,30,0.90,"Reviews, Video, People also ask, Related searches"
1und1 tv kosten,"Navigational, Transactional",48,90,32,0.45,"Reviews, People also ask, Related searches"
1und1cinema,"Informational, Transactional",37,90,29,0.00,"Reviews, People also ask, Related searches"
24 zoll fernseher media markt,Commercial,41,90,29,0.19,"People also ask, Related searches, Popular products"
24 zoll full hd smart tv,Commercial,46,90,22,0.14,"Sitelinks, Video, Video carousel, People also ask, Related searches, Popular products"
24 zoll smart tv full hd,"Informational, Commercial",47,90,22,0.14,"Sitelinks, Video, People also ask, Related searches, Popular products"
28 zoll smart tv,Commercial,47,90,23,0.18,"Sitelinks, Reviews, People also ask, Related searches, Popular products"
32 inch smart televisions,Commercial,41,90,23,0.18,"Video, People also ask, Related searches, Popular products"
32 zoll full hd fernseher,Commercial,41,90,30,0.15,"Video, People also ask, Related searches, Popular products"
32 zoll tv mediamarkt,"Informational, Transactional",48,90,29,0.23,"Video, People also ask, Related searches, Popular products"
42 zoll samsung,"Informational, Transactional",42,90,30,0.29,"Image, Video, People also ask, Related searches, Popular products"
43 fernseher,Commercial,42,90,24,0.25,"Sitelinks, Video, Video carousel, People also ask, Related searches, Popular products"
4k tv 32 zoll,"Informational, Commercial",43,90,23,0.26,"Sitelinks, Video, People also ask, Related searches, Popular products"
55 zoll samsung tv,Commercial,46,90,31,0.27,"Video, People also ask, Related searches, Popular products"
85 fernseher,Commercial,48,90,24,0.26,"Video, Video carousel, People also ask, Related searches, Popular products"
abonnement iptv,Commercial,48,90,19,0.00,"AI Overview, Video, People also ask, Related searches"
about netflix,"Navigational, Transactional",33,90,91,0.00,"Sitelinks, Video, Video carousel, People also ask, Related searches"
activation iptv,"Informational, Transactional",48,90,10,0.00,"Reviews, Video, Video carousel, People also ask, Related searches"
am pc tv schauen,"Informational, Commercial",39,90,23,0.95,"AI Overview, Reviews, Video, Video carousel, People also ask, Related searches"
amazon fire tv stick 2nd gen,"Informational, Transactional",47,90,35,0.56,"Reviews, Video, People also ask, Related searches, Popular products"
amazon stick iptv,"Informational, Transactional",46,90,31,0.00,"Sitelinks, People also ask, Related searches"
anbieter digitales fernsehen,"Informational, Commercial",46,90,46,1.45,"Sitelinks, AI Overview, Reviews, Video, People also ask, Related searches, Ads bottom"
anbieter für digitales fernsehen,Commercial,46,90,38,1.82,"Reviews, Video, People also ask, Related searches"
android ai box,"Informational, Commercial",50,90,17,0.31,"Video carousel, People also ask, Related searches, Popular products"
angebote für sky,Transactional,43,90,35,0.64,"AI Overview, Reviews, People also ask, Related searches, Ads top, Ads middle"
angebote samsung fernseher 55 zoll,Commercial,43,90,22,0.23,"Video, People also ask, Related searches, Popular products, Ads bottom"
angebote samsung smart tv,Commercial,39,90,35,0.23,"People also ask, Related searches, Popular products"
anmeldung fernsehen,Transactional,39,90,61,2.48,"AI Overview, Reviews, Video, People also ask, Related searches"
antenna in tv,"Informational, Transactional",38,90,45,0.00,"Image, Image pack, Video, Video carousel, People also ask, Related searches, Popular products"
antenne fernsehen digital,Commercial,39,90,22,0.41,"Video, People also ask, Related searches, Popular products"
antenne fernseher dvb t,Commercial,40,90,33,0.35,"Video, People also ask, Related searches, Popular products"
antenne für digitales fernsehen,Commercial,45,90,19,0.41,"Video, People also ask, Related searches, Popular products"
antenne für dvb t fernseher,Commercial,43,90,25,0.35,"Video, People also ask, Related searches, Popular products, Ads middle"
antennen receiver,"Informational, Commercial",41,90,28,0.14,"Reviews, Video, Video carousel, People also ask, Related searches, Popular products"
antennen verteiler ohne signalverlust,Commercial,41,90,10,0.08,"Video, People also ask, Related searches, Popular products, Ads middle"
antennenkabel mit verstärker,Commercial,44,90,22,0.12,"Video, People also ask, Related searches, Popular products"
antennenkabel splitter,"Informational, Commercial",42,90,17,0.11,"Image pack, Video, People also ask, Related searches, Popular products"
antennenkabel verstärker,Commercial,45,90,15,0.12,"Image pack, Video, People also ask, Related searches, Popular products"
antennenverstärker kabel,Commercial,51,90,18,0.16,"Video, People also ask, Related searches"
antennenverteiler für kabelfernsehen,"Informational, Commercial",41,90,12,0.13,"Video, People also ask, Related searches, Popular products"
apple fernsehen,"Navigational, Transactional",39,90,64,0.20,"Reviews, Video, People also ask, Top stories, Related searches"
apple plus tv,Transactional,40,90,61,0.69,"Reviews, Video, People also ask, Related searches"
apple tv 1,"Informational, Transactional",42,90,48,0.00,"Sitelinks, Reviews, Image pack, People also ask, Related searches"
apple tv 128,"Informational, Transactional",40,90,32,0.24,"Video, People also ask, Knowledge panel, Related searches, Ads bottom"
apple tv 4 k,"Navigational, Transactional",40,90,35,0.29,"Sitelinks, Reviews, Video, People also ask, Related searches, Popular products"
apple tv 4k 3rd gen,"Informational, Transactional",35,90,42,0.39,"People also ask, Related searches, Popular products"
apple tv 4k 64 gb,"Informational, Transactional",48,90,47,0.22,"People also ask, Related searches, Popular products"
apple tv 4k box,"Navigational, Transactional",46,90,48,0.39,"Sitelinks, Reviews, Video, People also ask, Related searches, Popular products"
apple tv 4k generation,"Informational, Transactional",38,90,51,0.00,"Sitelinks, AI Overview, Reviews, Video, People also ask, Knowledge panel, Related searches"
apple tv app download,Commercial,38,90,51,0.00,"Reviews, Video, People also ask, Related searches"
apple tv box 4 generation,"Informational, Transactional",47,90,43,0.00,"Reviews, Video, People also ask, Related searches"
apple tv device,"Navigational, Transactional",45,90,69,0.08,"Sitelinks, Reviews, Video, Video carousel, People also ask, Related searches, Popular products"
apple tv gen 2,"Informational, Transactional",42,90,37,0.00,"Video, People also ask, Related searches, Popular products"
apple tv im angebot,"Informational, Transactional",48,90,33,0.81,"Sitelinks, Reviews, Video, People also ask, Related searches, Popular products, Ads middle"
apple tv receiver,"Navigational, Transactional",45,90,44,0.11,"Sitelinks, Reviews, Video, Related searches"
apple tv site,"Navigational, Transactional",34,90,77,0.00,"Sitelinks, Reviews, People also ask, Related searches"
appletv angebot,"Informational, Transactional",42,90,37,0.81,"Reviews, Video, People also ask, Related searches"
aux boxen,Commercial,45,90,24,2.70,"Reviews, Video, People also ask, Related searches, Popular products"
best android player for iptv,Commercial,42,90,31,0.00,"Sitelinks, AI Overview, Reviews, Video, Video carousel, People also ask, Related searches"
best android tv stick,Commercial,36,90,43,0.42,"Sitelinks, Video, Video carousel, Related searches, Popular products"
best iptv player android,Commercial,41,90,41,0.00,"Sitelinks, AI Overview, Reviews, Video, Video carousel, People also ask, Related searches"
beste 32 zoll smart tv,Commercial,48,90,25,0.23,"Sitelinks, Video, People also ask, Related searches, Ads top, Ads middle"
beste dvb t2 antenne,Commercial,40,90,23,0.13,"Reviews, Video, People also ask, Related searches, Popular products"
beste ip tv app,Commercial,52,90,17,0.00,"AI Overview, Reviews, Video, People also ask, Related searches"
beste iptv app für apple tv,Commercial,44,90,25,0.00,"Sitelinks, AI Overview, Reviews, Video, Related searches"
beste iptv box android,"Informational, Commercial",71,90,16,0.00,"Video, Video carousel, People also ask, Related searches"
beste stream box,Commercial,51,90,22,0.67,"Sitelinks, Reviews, Video, Video carousel, People also ask, Related searches, Popular products"
beste streaming angebote,Commercial,49,90,38,1.31,"AI Overview, Reviews, Video, People also ask, Related searches"
beste streaming boxen,Commercial,51,90,23,0.67,"Sitelinks, Reviews, Video, Video carousel, People also ask, Related searches"
beste tv stick,Commercial,48,90,31,0.93,"Sitelinks, Reviews, Video, People also ask, Related searches, Popular products"
bester 32 zoll smart tv,Commercial,48,90,27,0.23,"Sitelinks, Video, Video carousel, People also ask, Related searches, Popular products, Ads bottom"
bester sat receiver mit aufnahmefunktion,Commercial,45,90,15,0.16,"Reviews, Video, Video carousel, People also ask, Related searches, Popular products, Ads bottom"
bester streaming dienst tv,Commercial,49,90,37,1.77,"Sitelinks, AI Overview, Reviews, Video, People also ask, Related searches"
bestes angebot sky,Commercial,41,90,34,0.71,"Featured snippet, Sitelinks, Reviews, People also ask, Related searches, Ads bottom"
bundesliga sky go,"Navigational, Transactional",37,90,40,1.86,"Reviews, Video, Related searches"
chromecast oder fire tv,Commercial,35,90,19,0.00,"Sitelinks, AI Overview, Video, Video carousel, People also ask, Related searches"
chromecast vs fire tv,Commercial,30,90,18,0.00,"Sitelinks, AI Overview, Video, Video carousel, People also ask, Related searches"
ci + modul,"Informational, Commercial",41,90,24,0.52,"Reviews, Video, People also ask, Knowledge panel, Related searches"
ci+ modul vodafone media markt,Commercial,43,90,26,0.00,"Sitelinks, Reviews, Video, People also ask, Related searches"
das neue magenta tv,Commercial,47,90,36,2.31,"AI Overview, Reviews, Video, Video carousel, People also ask, Related searches, Ads middle"
digital tv antenne,"Informational, Commercial",42,90,29,0.38,"Video, People also ask, Related searches, Popular products"
digitale kabelreceiver,Commercial,49,90,22,0.25,"People also ask, Related searches"
digitalfernsehen 7 tage news,"Navigational, Transactional",38,90,27,0.00,"People also ask, Related searches"
disney plus bei sky,Commercial,40,90,32,2.23,"Sitelinks, AI Overview, Reviews, Video, People also ask, Related searches, Ads bottom"
dvb antennen,"Informational, Commercial",36,90,21,0.27,"People also ask, Related searches, Popular products"
dvb c radio receiver,"Informational, Commercial",44,90,15,0.09,"People also ask, Related searches, Popular products, Ads top, Ads bottom"
dvb i receiver,"Informational, Commercial",47,90,16,0.35,"Image, Video, People also ask, Popular products"
dvb t antenne fernseher,"Informational, Commercial",40,90,33,0.35,"Video, People also ask, Related searches, Popular products"
dvb t antenne für fernseher,Commercial,39,90,19,0.28,"Video, People also ask, Related searches, Popular products"
dvb t antenne media markt,"Informational, Transactional",40,90,29,0.20,"Image pack, Video, People also ask, Related searches, Popular products"
dvb t mit zimmerantenne,Commercial,40,90,28,0.14,"Video, People also ask, Related searches, Popular products"
dvb t zimmerantenne,Commercial,43,90,32,0.21,"Video, People also ask, Related searches, Popular products"
dvb t2 antenne innen,Commercial,46,90,29,0.10,"Video, People also ask, Related searches, Popular products"
dvb t2 außenantenne testsieger,"Informational, Commercial",40,90,19,0.09,"Sitelinks, Reviews, Video, People also ask, Related searches, Popular products, Ads bottom"
dvb t2 tuner,Commercial,46,90,19,0.18,"Sitelinks, People also ask, Related searches, Popular products"
dvd player auto naviskauto,"Informational, Commercial",43,90,22,0.20,"Reviews, Video, People also ask, Related searches, Popular products"
dvd player die alles abspielen,Commercial,47,90,25,0.07,"Reviews, Video, Video carousel, People also ask, Related searches, Popular products, Ads top, Ads middle"
fernseh kostenlos streamen,Commercial,37,90,56,0.64,"Sitelinks, Reviews, Video, People also ask, Related searches, Ads bottom"
fernseh schauen gratis,Commercial,35,90,44,0.85,"AI Overview, Reviews, Video, People also ask, Related searches"
fernseh stream kostenlos,Commercial,40,90,49,0.84,"Video, People also ask, Knowledge panel, Related searches"
fernseh streaming anbieter,Commercial,47,90,40,2.47,"AI Overview, Reviews, Video, People also ask, Related searches, Ads bottom"
fernsehanbieter im vergleich,Commercial,46,90,30,1.01,"AI Overview, Reviews, Video, People also ask, Related searches, Ads top, Ads middle"
fernsehanbieter vergleich,Commercial,46,90,34,1.14,"Sitelinks, AI Overview, Reviews, Video, People also ask, Related searches"
fernsehantenne für alle programme,Commercial,42,90,22,0.46,"Reviews, Video, People also ask, Related searches"
fernsehen am tablet kostenlos,Commercial,43,90,50,0.39,"AI Overview, Reviews, Video, People also ask, Related searches, Ads bottom, Ads middle"
fernsehen antenne dvb t,Commercial,39,90,34,0.35,"Video, People also ask, Related searches, Popular products"
fernsehen auf rtl,Commercial,47,90,57,0.49,"Video, People also ask, Top stories, Related searches"
fernsehen digital antenne,Commercial,40,90,27,0.45,"Video, People also ask, Related searches, Popular products"
fernsehen kostenfrei,Commercial,35,90,59,0.65,"Reviews, Video, People also ask, Knowledge panel, Related searches, Ads bottom"
fernsehen live tv,Commercial,37,90,75,0.72,"Reviews, Video, People also ask, Related searches, Ads bottom"
fernsehen mit integriertem dvd player,Commercial,47,90,22,0.11,"Reviews, Video, People also ask, Related searches, Popular products"
fernsehen mit receiver,Commercial,53,90,17,0.00,"Reviews, Video, People also ask, Related searches"
fernsehen ohne kabel und schüssel,Commercial,42,90,29,1.02,"Reviews, Video, Video carousel, People also ask, Related searches, Popular products, Ads top, Ads bottom"
fernsehen online kostenlos schauen,Commercial,37,90,47,0.85,"Reviews, Video, People also ask, Related searches"
fernsehen tv live,Commercial,36,90,68,0.72,"Reviews, Video, Related searches"
fernsehen usb stick,Commercial,41,90,19,0.63,"Sitelinks, Reviews, Video, Video carousel, People also ask, Related searches, Popular products, Ads top"
fernsehen über antenne dvb t,Commercial,38,90,33,0.28,"Sitelinks, Reviews, Video, People also ask, Related searches"
fernsehen über dvb t antenne,Commercial,40,90,30,0.35,"Reviews, Video, Video carousel, People also ask, Related searches"
fernseher 19 zoll testsieger,"Informational, Commercial",42,90,21,0.16,"Reviews, Video, People also ask, Related searches, Popular products"
fernseher 24 zoll full hd smart tv,Commercial,46,90,20,0.14,"Sitelinks, Reviews, Video, Video carousel, People also ask, Related searches, Popular products, Ads top, Ads bottom"
fernseher 28 zoll samsung,Commercial,39,90,23,0.16,"Reviews, People also ask, Related searches, Popular products"
fernseher 55 zoll black friday,Commercial,38,90,22,0.22,"Video, People also ask, Related searches, Popular products"
fernseher 60 zoll samsung,Commercial,38,90,26,0.21,"Reviews, People also ask, Related searches, Popular products"
fernseher android tv,Commercial,42,90,23,0.15,"Sitelinks, Image, Video, People also ask, Related searches, Popular products"
fernseher dvb t antenne,Commercial,41,90,25,0.35,"Reviews, Video, Video carousel, People also ask, Related searches, Popular products"
fernseher full hd 24 zoll,Commercial,47,90,22,0.18,"Sitelinks, Video, Video carousel, People also ask, Related searches"
fernseher klein 24 zoll,Commercial,44,90,22,0.11,"Sitelinks, People also ask, Related searches, Popular products"
fernseher lcd 32 zoll,Commercial,43,90,26,0.12,"Video, People also ask, Related searches, Popular products"
fernseher mit dvb t antenne,Commercial,44,90,20,0.35,"Reviews, Video, People also ask, Related searches, Popular products"
fernseher mit dvb t2,Commercial,43,90,24,0.21,"Sitelinks, Reviews, Video, People also ask, Related searches, Popular products"
fernseher mit internetanschluss,Commercial,49,90,23,0.60,"Reviews, Video, People also ask, Related searches, Popular products"
fernseher mobil,Commercial,44,90,24,0.11,"Video, People also ask, Related searches, Popular products, Ads bottom"
fernseher samsung testsieger,Commercial,48,90,33,0.16,"Sitelinks, Video, People also ask, Related searches, Popular products"
fernsehgeräte mit integriertem dvd player,Commercial,47,90,19,0.11,"Reviews, Video, People also ask, Related searches, Popular products"
fernsehn am pc,"Informational, Commercial",35,90,19,0.53,"AI Overview, Reviews, Video, People also ask, Related searches, Ads top"
fernsehprogramm heute rtl plus,Commercial,31,90,44,0.00,"Video, People also ask, Related searches"
fernsehprogramm kostenlos streamen,Commercial,38,90,50,0.83,"Sitelinks, Reviews, Video, People also ask, Related searches"
fire tv stick hd vs 4k,Commercial,32,90,15,0.00,"Sitelinks, Reviews, Video, Video carousel, People also ask, Related searches"
flex tv stick,"Informational, Transactional",52,90,26,0.60,"Reviews, Video, Video carousel, People also ask, Related searches, Popular products, Ads bottom"
flixy tv stick bewertung,Commercial,52,90,14,0.13,"Sitelinks, AI Overview, Reviews, Video, People also ask, Related searches"
formuler tv box,"Navigational, Commercial",52,90,14,0.20,"Sitelinks, Video, People also ask, Related searches, Popular products, Ads bottom"
formuler z mini,"Informational, Transactional",51,90,15,0.14,"Reviews, Video, People also ask, Knowledge panel, Related searches"
free fernsehn,Commercial,36,90,50,0.94,"AI Overview, Reviews, Video, People also ask, Related searches"
free live stream tv,Commercial,34,90,46,0.90,"Reviews, Video, Related searches"
free tv streams,Commercial,33,90,70,0.00,"Sitelinks, Reviews, Video, Video carousel, Top stories, Related searches, Ads bottom"
freetv rtl,"Navigational, Transactional",47,90,55,0.72,"Sitelinks, Video, People also ask, Top stories, Related searches"
fritz box 6660 cable kaufen,Transactional,47,90,25,1.31,"Reviews, People also ask, Local pack, Knowledge panel, Related searches, Ads top, Ads bottom"
fritz box fiber vergleich,Commercial,47,90,43,0.29,"Sitelinks, Video, People also ask, Related searches, Ads bottom"
fritz box iptv,"Informational, Transactional",50,90,23,0.00,"Video, People also ask, Related searches, Popular products"
fritzbox 6690 cable vodafone kaufen,Transactional,50,90,26,0.93,"Reviews, Video, People also ask, Related searches, Popular products, Ads top, Ads middle"
fritzbox bei vodafone anmelden,"Informational, Transactional",39,90,38,3.87,"Sitelinks, AI Overview, Reviews, Video, Video carousel, People also ask, Related searches"
full hd tv 24 zoll,Commercial,44,90,22,0.15,"Sitelinks, Reviews, Video, People also ask, Related searches, Popular products"
full hd widescreen,"Informational, Commercial",47,90,30,0.00,"Reviews, Video, People also ask, Related searches, Popular products"
full high definition tv,"Informational, Transactional",47,90,28,0.87,"Video, Video carousel, People also ask, Related searches, Popular products, Ads bottom"
german tv on sky,Transactional,35,90,37,1.57,"Sitelinks, Reviews, Video, People also ask, Related searches"
german tv sky,Transactional,38,90,61,1.57,"AI Overview, Reviews, Video, People also ask, Related searches, Ads bottom, Ads middle"
giga tv box fernbedienung,"Informational, Transactional",46,90,20,0.90,"Sitelinks, Image pack, Video, Video carousel, People also ask, Related searches, Popular products"
gigaset box 100 bedienungsanleitung pdf,"Informational, Transactional",35,90,22,0.00,"Image pack, People also ask, Related searches"
gigaset box 100 einrichten,"Informational, Transactional",39,90,19,0.00,"Reviews, Image pack, Video, People also ask, Related searches"
good android tv,"Informational, Commercial",33,90,41,0.26,"Sitelinks, Reviews, Video, Video carousel, People also ask, Related searches, Popular products"
google chromecast vs amazon fire tv,Commercial,29,90,18,0.00,"Sitelinks, AI Overview, Video, Video carousel, Short videos, People also ask, Related searches"
günstige 32 zoll tv,Commercial,48,90,26,0.18,"Video, People also ask, Related searches, Popular products"
günstige streaming dienste,"Informational, Commercial",41,90,30,1.41,"Sitelinks, AI Overview, Reviews, Video, People also ask, Related searches, Ads top, Ads middle"
günstiger 65 zoll tv,Commercial,43,90,29,0.27,"Video, People also ask, Related searches, Popular products, Ads bottom"
hd modul kaufen,Transactional,48,90,21,0.47,"Reviews, Video, People also ask, Related searches, Popular products"
hd plus karte mit modul,Commercial,39,90,26,0.62,"Reviews, Video, People also ask, Related searches, Popular products"
hd plus karte modul,"Informational, Transactional",40,90,19,0.33,"Reviews, Image pack, Video, People also ask, Related searches, Popular products, Ads bottom"
hd plus modul karte,"Informational, Transactional",41,90,28,0.62,"Reviews, Video, People also ask, Related searches, Popular products"
hd plus modul mit karte,"Informational, Transactional",42,90,26,0.62,"Reviews, Video, People also ask, Related searches, Popular products"
hd receiver für kabelfernsehen,Commercial,57,90,22,0.47,"Reviews, Video, Video carousel, People also ask, Related searches, Popular products"
hd reciver,Commercial,51,90,29,0.54,"Video, People also ask, Related searches, Popular products"
hd sat receiver test,Commercial,39,90,15,0.13,"Sitelinks, Reviews, Video, Video carousel, People also ask, Related searches"
hd sat receiver testbericht,Commercial,39,90,20,0.13,"Sitelinks, Reviews, Video, Video carousel, People also ask, Related searches, Popular products"
hd+ ip tv stick kaufen,Transactional,51,90,22,0.00,"Video, People also ask, Related searches, Popular products"
hd+ ip tv stick mediamarkt,"Informational, Transactional",51,90,30,0.00,"Video, People also ask, Related searches, Popular products"
hd+ karte kaufen für satellit,Transactional,46,90,29,0.30,"Reviews, People also ask, Related searches, Popular products"
hd+ karte mit modul,Commercial,43,90,28,0.42,"Reviews, Video, People also ask, Related searches, Popular products, Ads top, Ads bottom"
hd+ karte modul,"Informational, Transactional",46,90,24,0.42,"Reviews, Video, People also ask, Related searches, Popular products, Ads bottom"
hd+ modul karte,"Informational, Transactional",46,90,23,0.62,"Reviews, Video, People also ask, Related searches, Popular products"
hd+ receiver,Commercial,48,90,26,0.60,"Reviews, People also ask, Related searches, Popular products"
hdmi satellite receiver,"Informational, Transactional",49,90,23,0.11,"Video, People also ask, Related searches, Popular products"
hdtv full hd,"Informational, Commercial",47,90,20,0.87,"Video, People also ask, Related searches, Popular products"
hdtv live streaming,Commercial,48,90,68,1.21,"Reviews, Video, People also ask, Related searches"
hdtv sat receiver mit aufnahmefunktion,Commercial,50,90,18,0.12,"Video, People also ask, Related searches, Popular products"
hdtv stream,Commercial,50,90,59,1.75,"AI Overview, Reviews, Video, People also ask, Related searches"
hifi radio internet,Commercial,42,90,8,0.32,"Reviews, Video, Video carousel, People also ask, Related searches, Popular products"
install sky go,Transactional,38,90,56,0.00,"AI Overview, Reviews, Video, People also ask, Related searches, Ads bottom, Ads middle"
internet fernseher kaufen,Transactional,47,90,28,0.59,"Reviews, Video, People also ask, Related searches, Popular products"
internet hd fernsehen,Commercial,45,90,50,1.59,"Reviews, Video, People also ask, Related searches"
internet tv smart,"Informational, Commercial",46,90,26,0.74,"Reviews, Video, People also ask, Related searches, Ads bottom"
internetanschluss fernseher,"Informational, Commercial",44,90,23,0.96,"AI Overview, Reviews, Video, Video carousel, People also ask, Related searches"
internetanschluss für fernseher,Commercial,47,90,34,0.60,"AI Overview, Reviews, Video, People also ask, Related searches, Ads top, Ads middle"
internetradio auf stereoanlage,"Informational, Transactional",41,90,18,0.12,"Reviews, Video, Video carousel, People also ask, Related searches, Popular products"
internetradio für die stereoanlage,Commercial,46,90,18,0.12,"Reviews, People also ask, Related searches, Popular products"
internetradio gerät,"Informational, Commercial",48,90,26,0.29,"Video, Video carousel, People also ask, Related searches, Popular products"
ip receiver,"Informational, Commercial",52,90,12,0.54,"Video, People also ask, Related searches, Popular products"
ip tv provider,"Informational, Commercial",48,90,31,0.00,"Video, People also ask, Related searches"
ip tv subscription,Commercial,48,90,47,1.27,"Sitelinks, AI Overview, Video, Video carousel, People also ask, Related searches"
iphone tv,"Informational, Transactional",45,90,41,0.96,"Sitelinks, Reviews, Video, Video carousel, People also ask, Knowledge panel, Related searches"
iptv activare,"Informational, Transactional",48,90,19,0.00,"Reviews, Video, Video carousel, Related searches"
iptv app lg,Commercial,43,90,16,0.00,"Video, Video carousel, People also ask, Related searches"
iptv box test,Commercial,58,90,17,0.00,"Sitelinks, Reviews, Video, Video carousel, People also ask, Related searches"
iptv decoder box,Commercial,78,90,23,0.00,"Video, People also ask, Related searches, Popular products"
iptv for pc,Commercial,52,90,,0.00,"Reviews, Video, Video carousel, Related searches"
iptv gratuits,"Informational, Commercial",53,90,30,0.00,"Reviews, Video, People also ask, Related searches"
iptv linux software,Commercial,49,90,9,0.00,"AI Overview, Reviews, Video, Related searches"
iptv set top,Commercial,64,90,16,0.00,"Video, People also ask, Related searches, Popular products"
iptv smarters windows,"Informational, Transactional",43,90,34,0.00,"Reviews, Video, Video carousel, People also ask, Related searches"
iptv stick amazon,"Informational, Transactional",51,90,31,0.00,"Sitelinks, Video, People also ask, Related searches, Popular products"
iptv website,Commercial,51,90,38,0.00,"AI Overview, People also ask, Related searches"
iptv windows player,"Informational, Commercial",46,90,22,0.00,"Reviews, Video, Related searches"
ist magenta tv gut,Commercial,47,90,14,4.78,"AI Overview, Video, Video carousel, People also ask, Related searches, Ads middle"
jbl partybox 710 gebraucht,"Navigational, Transactional",44,90,28,0.21,"Sitelinks, Reviews, People also ask, Related searches, Popular products"
jbl partybox 710 mediamarkt,"Informational, Transactional",40,90,29,0.32,"Image, Image pack, Video, People also ask, Related searches"
jbl partybox 720 mediamarkt,"Navigational, Transactional",47,90,31,0.44,"Video, People also ask, Related searches"
jbl partybox amazon,"Navigational, Transactional",37,90,31,0.08,"Sitelinks, Image, Related searches, Popular products"
jbl partybox karaoke,"Informational, Transactional",45,90,26,0.25,"Reviews, Image pack, Video, Video carousel, People also ask, Related searches, Popular products"
jbl partybox lidl,"Informational, Transactional",47,90,34,0.23,"Image, Image pack, Video, People also ask, Related searches, Popular products"
jbl partybox test,"Informational, Commercial",37,90,33,0.24,"Sitelinks, Reviews, Video, Video carousel, People also ask, Related searches"
kabel hd receiver,Commercial,54,90,22,0.38,"Reviews, Video, Video carousel, People also ask, Related searches, Popular products"
kabel reciever,"Informational, Commercial",51,90,27,0.56,"Reviews, Video, People also ask, Related searches, Popular products"
kabel tv anbieter ohne internet,"Informational, Commercial",47,90,27,1.72,"AI Overview, Video, People also ask, Related searches, Ads top, Ads bottom"
kabelanschluss receiver,Commercial,51,90,22,0.59,"Reviews, Video, Video carousel, People also ask, Popular products"
kabelfernsehen receiver,Commercial,53,90,27,0.41,"Reviews, Video, Video carousel, People also ask, Related searches, Popular products"
kabelfernsehen signalverstärker,Commercial,47,90,15,0.09,"Video, People also ask, Related searches, Popular products"
kleine fernseher im test,Commercial,44,90,33,0.23,"Sitelinks, Reviews, Video, People also ask, Related searches"
kleiner fehrnseher,Commercial,49,90,18,0.16,"Reviews, Image, Video, People also ask, Related searches, Popular products"
kleines smart tv,Commercial,47,90,23,0.13,"Sitelinks, Reviews, People also ask, Related searches, Popular products"
komplett sat anlage,Commercial,45,90,18,0.24,"People also ask, Related searches, Popular products"
komplett sat anlagen,Commercial,46,90,19,0.32,"Sitelinks, Video, People also ask, Related searches, Popular products"
komplette sat anlage,Commercial,44,90,23,0.24,"Video, People also ask, Related searches, Popular products"
kostenfrei fernsehen,Commercial,33,90,51,0.55,"AI Overview, Reviews, Video, People also ask, Related searches"
kostenlos online fernsehen schauen,Commercial,37,90,58,0.77,"Sitelinks, Reviews, Video, People also ask, Related searches, Ads top, Ads bottom"
lautsprecher für pc mit usb anschluss,"Informational, Commercial",49,90,18,0.16,"Image pack, Video, People also ask, Related searches, Popular products"
lautsprecher mit usb stick wiedergabe,"Informational, Commercial",37,90,19,0.20,"Reviews, Video, Related searches, Popular products"
lcd 32 zoll fernseher,Commercial,42,90,26,0.12,"Video, People also ask, Related searches, Popular products"
lcd fernseher 32 zoll,Commercial,44,90,30,0.19,"Video, People also ask, Related searches, Popular products"
live programm rtl,"Informational, Transactional",47,90,34,0.55,"Video, People also ask, Related searches"
live rtl gucken kostenlos,Commercial,40,90,55,0.89,"AI Overview, Reviews, Video, People also ask, Related searches, Ads top, Ads middle"
live tv fernsehen,Commercial,37,90,69,0.72,"Reviews, Video, People also ask, Related searches"
live tv sky,"Navigational, Transactional",40,90,84,1.53,"Video, People also ask, Related searches"
livestream fernsehen rtl,"Navigational, Transactional",47,90,52,0.56,"Reviews, Video, People also ask, Related searches, Ads bottom"
livetv streamen,"Informational, Transactional",40,90,34,1.64,"Reviews, Video, Video carousel, People also ask, Related searches"
lnb für sat anlagen,"Informational, Commercial",48,90,17,0.16,"Video, People also ask, Related searches, Popular products"
lnb sat test,Commercial,39,90,18,0.09,"Sitelinks, AI Overview, Reviews, Video, People also ask, Related searches, Ads bottom"
magenta online shop,Commercial,29,90,48,2.75,"Reviews, People also ask, Related searches"
magenta tv anmelden live tv,"Navigational, Transactional",43,90,45,0.00,"AI Overview, Reviews, Video, Video carousel, People also ask, Related searches"
magenta tv bewertung,Commercial,40,90,16,6.87,"AI Overview, Reviews, Video, Video carousel, People also ask, Related searches"
magenta tv ohne receiver nachteile,"Informational, Commercial",40,90,21,5.83,"AI Overview, Reviews, Video, People also ask, Related searches, Ads middle"
magenta tv one anmelden,"Informational, Transactional",38,90,27,0.00,"AI Overview, Video, Video carousel, People also ask, Related searches"
magenta tv pakete preise,Transactional,47,90,50,3.40,"AI Overview, Reviews, People also ask, Related searches"
magenta tv startseite,Commercial,47,90,34,3.15,"AI Overview, Video, Video carousel, People also ask, Related searches, Ads top"
magenta tv stick alternative,Commercial,42,90,21,0.27,"Sitelinks, Reviews, Video, People also ask, Related searches"
magentatv ohne vertrag,Commercial,39,90,28,3.31,"AI Overview, Reviews, People also ask, Related searches"
magentatv serien kostenlos,"Informational, Commercial",36,90,19,0.00,"Reviews, Video, People also ask, Related searches"
media markt smart tv 32 zoll,"Informational, Transactional",40,90,29,0.24,"Sitelinks, Video, People also ask, Related searches, Popular products, Ads bottom"
media receiver 201 telekom,"Informational, Transactional",48,90,22,0.25,"Reviews, Video, People also ask, Knowledge panel, Related searches"
mediathek rtl livestream,"Navigational, Transactional",38,90,48,0.00,"Reviews, Video, People also ask, Related searches, Ads bottom"
mi boxs,"Informational, Transactional",50,90,31,0.20,"Reviews, Video, Video carousel, People also ask, Related searches, Popular products"
mi xiaomi tv,"Navigational, Transactional",42,90,39,0.18,"Video, Video carousel, People also ask, Related searches, Popular products, Ads top, Ads bottom"
mini sat anlage,"Informational, Transactional",44,90,15,0.11,"Sitelinks, Image pack, Video, People also ask, Related searches, Popular products, Ads bottom"
modul für tv,Commercial,47,90,17,2.02,"Reviews, Video, Video carousel, People also ask, Related searches, Popular products"
moxi player tv stick,"Informational, Commercial",52,90,,0.00,"Sitelinks, Reviews, Video, People also ask, Related searches, Popular products"
musik streaming dienste im test,Commercial,49,90,27,0.66,"Sitelinks, Reviews, Video, Short videos, People also ask, Related searches"
neflix abo,"Navigational, Transactional",44,90,55,1.63,"Reviews, Video, People also ask, Related searches"
netfix abo,"Navigational, Transactional",45,90,50,1.63,"Reviews, Video, People also ask, Related searches"
netflex plan,"Navigational, Transactional",39,90,79,1.22,"Image pack, Video, People also ask, Related searches"
netflix 4k abonnement,"Informational, Transactional",44,90,42,1.44,"Sitelinks, AI Overview, Reviews, Video, People also ask, Related searches"
netflix 4k preis,Transactional,45,90,39,0.97,"AI Overview, Reviews, People also ask, Related searches"
netflix a,"Navigational, Transactional",39,90,76,0.00,"Sitelinks, Reviews, People also ask, Knowledge panel, Related searches"
netflix abo erweitern,"Informational, Transactional",44,90,59,0.00,"Video, Video carousel, People also ask, Related searches"
netflix abonnement kosten,"Informational, Transactional",45,90,50,1.21,"AI Overview, Reviews, Video, People also ask, Related searches"
netflix bibliothek,Commercial,32,90,70,0.00,"Sitelinks, AI Overview, Reviews, Video, People also ask, Related searches"
netflix familien abo preis,"Navigational, Transactional",42,90,59,0.00,"AI Overview, Reviews, Video, People also ask, Related searches"
netflix film deutsch,Transactional,37,90,28,0.00,"Sitelinks, Video, Video carousel, People also ask, Related searches"
netflix filme übersicht,Commercial,33,90,39,0.00,"Video, People also ask, Related searches"
netflix monthly subscription deutsch,"Informational, Transactional",39,90,56,1.25,"AI Overview, Reviews, Video, People also ask, Related searches"
netflix optionen,"Informational, Transactional",46,90,58,0.00,"AI Overview, Reviews, Video, People also ask, Related searches"
netflix player,"Informational, Transactional",47,90,56,0.00,"People also ask, Related searches"
netflix premium günstiger,Commercial,48,90,24,0.70,"Sitelinks, AI Overview, Video, People also ask, Related searches, Ads middle"
netflix premium preis,Transactional,44,90,51,1.95,"AI Overview, Reviews, Video, People also ask, Related searches"
netflix premum,Transactional,48,90,50,2.26,"Reviews, Video, People also ask, Related searches"
netflix standart,"Informational, Transactional",44,90,51,2.05,"Reviews, Image pack, Video, People also ask, Related searches"
netflix sticks,Commercial,52,90,30,0.35,"Reviews, Video, People also ask, Related searches"
netflix testabo,"Informational, Transactional",44,90,44,1.56,"Video, People also ask, Top stories, Related searches"
netflix videos,"Informational, Transactional",37,90,77,0.00,"Reviews, Video, Video carousel, People also ask, Related searches"
netflix welche serien,Commercial,38,90,48,0.28,"Video, People also ask, Top stories"
netlix abo,"Navigational, Transactional",45,90,54,1.43,"Video, People also ask, Related searches"
neue samsung tvs,"Informational, Transactional",35,90,33,0.35,"Sitelinks, Video, People also ask, Related searches, Popular products"
neuester tv von samsung,"Navigational, Transactional",48,90,46,0.27,"Sitelinks, People also ask, Related searches, Popular products"
nitro livestream nydus,"Navigational, Transactional",33,90,23,0.00,"Reviews, Video, People also ask, Related searches"
nur magenta tv buchen,Commercial,47,90,33,2.71,"AI Overview, Reviews, People also ask, Related searches, Ads bottom, Ads middle"
ohne kabel tv schauen,"Informational, Commercial",40,90,30,2.29,"Featured snippet, Sitelinks, Reviews, Video, Video carousel, People also ask, Related searches, Popular products, Ads bottom, Ads middle"
online fernsehen gratis,Commercial,38,90,44,0.89,"Reviews, Video, People also ask, Related searches"
online gratis fernsehen,Commercial,36,90,40,1.37,"Reviews, Video, People also ask, Related searches"
online tv freeware,Commercial,41,90,38,0.83,"Reviews, Video, People also ask, Related searches"
online tv schauen kostenlos ohne anmeldung rtl,Transactional,47,90,30,0.00,"AI Overview, Reviews, Video, People also ask, Related searches"
partybox 710 jbl,"Informational, Transactional",45,90,26,0.46,"Reviews, Video, People also ask, Related searches, Popular products"
pc iptv,Commercial,52,90,31,0.00,"AI Overview, Reviews, Video, People also ask"
preis apple tv,"Navigational, Transactional",45,90,43,0.67,"Sitelinks, Reviews, Video, People also ask, Related searches, Popular products"
preise netflix abo,Transactional,47,90,50,1.02,"AI Overview, Reviews, Video, People also ask, Related searches"
premium netflix,"Informational, Transactional",46,90,61,0.00,"AI Overview, Reviews, Video, People also ask, Related searches"
programm rtl live,"Informational, Transactional",47,90,,0.55,"Video, People also ask, Related searches, Ads bottom"
radio receiver dvb c,"Informational, Transactional",43,90,13,0.11,"People also ask, Related searches, Popular products"
receiver dvb t2,Commercial,49,90,23,0.16,"People also ask, Related searches, Popular products"
receiver enigma2,Commercial,41,90,8,0.13,"Reviews, Video, People also ask, Related searches, Popular products"
receiver für kabelanschluss,Commercial,52,90,22,0.59,"Reviews, Video, Video carousel, People also ask, Related searches"
receiver für telekom entertain,Transactional,47,90,26,1.59,"Reviews, Video, People also ask, Related searches"
receiver hd kaufen,Transactional,53,90,29,0.33,"Video, People also ask, Related searches"
receiver kabel anschluss,Commercial,51,90,17,0.36,"Reviews, Video, Video carousel, People also ask, Related searches, Popular products"
receiver mit kabelanschluss,Commercial,53,90,12,0.59,"Reviews, Video, Video carousel, People also ask, Related searches, Popular products"
receiver sky,Transactional,47,90,32,1.73,"Reviews, Image, Video, People also ask, Related searches, Ads bottom"
receiver stream,"Informational, Commercial",45,90,12,0.00,"Reviews, Video, People also ask, Related searches"
rtl 2 kostenlos,Commercial,36,90,31,2.02,"AI Overview, Video, People also ask, Related searches"
rtl 2 kostenlos schauen,Commercial,38,90,28,1.23,"Reviews, Video, People also ask, Related searches"
rtl 4 live,"Navigational, Transactional",34,90,34,0.71,"AI Overview, Reviews, Video, People also ask, Related searches"
rtl de stream live,"Navigational, Transactional",37,90,83,0.71,"Reviews, Video, People also ask, Related searches"
rtl ii livestream,Commercial,38,90,31,0.68,"Reviews, Video, People also ask, Related searches"
rtl kostenlos live gucken,Commercial,36,90,30,0.89,"Reviews, Video, People also ask, Related searches, Ads bottom"
rtl kostenlos ohne anmeldung live,Transactional,47,90,39,0.00,"AI Overview, Reviews, Video, People also ask, Related searches"
rtl kostenlos streamen ohne anmeldung,Transactional,33,90,45,0.00,"AI Overview, Reviews, Video, People also ask, Related searches"
rtl kostenlos tv,Transactional,38,90,50,0.76,"Reviews, Video, People also ask, Related searches, Ads bottom"
rtl live now,"Navigational, Transactional",47,90,67,0.26,"Reviews, Video, People also ask, Related searches"
rtl live sender,"Navigational, Transactional",47,90,69,0.70,"Sitelinks, Reviews, Video, People also ask, Related searches"
rtl live ticker,"Navigational, Transactional",30,90,62,0.00,"Reviews, Video, People also ask, Top stories, Related searches"
rtl livestraem,"Navigational, Transactional",35,90,48,0.60,"Reviews, Video, People also ask, Related searches"
rtl livestream hd,"Navigational, Transactional",40,90,52,0.87,"Reviews, Video, People also ask, Related searches"
rtl livestream mediathek,"Navigational, Transactional",38,90,48,0.00,"Reviews, Video, People also ask, Related searches"
rtl livew,"Navigational, Transactional",35,90,68,0.47,"Reviews, Video, People also ask, Top stories, Related searches"
rtl media,"Navigational, Transactional",32,90,70,0.14,"Sitelinks, Reviews, Video, People also ask, Related searches"
rtl mediathek livestream,"Navigational, Transactional",37,90,44,0.00,
rtl online live,"Navigational, Transactional",47,90,53,1.00,"Video, People also ask, Top stories, Related searches"
rtl online sehen,"Navigational, Transactional",38,90,46,0.82,"Reviews, Video, People also ask, Related searches, Ads bottom"
rtl plus fernsehprogramm heute,Commercial,47,90,44,0.33,"People also ask, Related searches"
rtl plus live programm heute,"Navigational, Transactional",47,90,85,0.15,"Sitelinks, People also ask, Related searches"
rtl punkt 12 live,"Navigational, Transactional",33,90,34,0.00,"Sitelinks, Video, People also ask, Related searches"
rtl sender live,"Navigational, Transactional",47,90,67,0.70,"Sitelinks, Reviews, Video, People also ask, Related searches"
rtl stream ohne anmeldung,"Navigational, Transactional",33,90,42,1.31,"AI Overview, Reviews, Video, People also ask, Related searches"
rtl stream online kostenlos,Commercial,34,90,60,1.36,"AI Overview, Reviews, Video, People also ask, Related searches"
rtl tv kostenlos,Commercial,40,90,44,0.72,"Reviews, Video, People also ask, Related searches"
rtl tv live heute,"Navigational, Transactional",47,90,51,0.36,"Reviews, Video, People also ask, Related searches"
rtl wiederholung,"Informational, Transactional",32,90,51,0.52,"Video, People also ask, Related searches"
rtl1,"Informational, Transactional",31,90,67,0.65,"Reviews, Video, Related searches"
rtl2 gucken,Commercial,31,90,45,0.77,"Reviews, Video, People also ask, Related searches"
samsung android fernseher,"Informational, Transactional",41,90,39,0.14,"People also ask, Related searches, Popular products"
samsung anschluss,"Informational, Transactional",39,90,42,0.00,"Image pack, Video, Video carousel, People also ask, Related searches, Popular products"
samsung fernsehen,Commercial,40,90,39,0.33,"People also ask, Related searches, Popular products, Ads top, Ads bottom"
samsung fernseher 2010,"Informational, Transactional",48,90,25,0.00,"Image pack, Video, People also ask, Related searches, Popular products"
samsung fernseher 28 zoll,Commercial,39,90,23,0.16,"Reviews, People also ask, Related searches, Popular products"
samsung fernseher 32 zoll media markt,"Informational, Transactional",39,90,29,0.11,"Sitelinks, Image, People also ask, Related searches, Popular products"
samsung fernseher 55 zoll angebote,Commercial,43,90,22,0.22,"People also ask, Related searches, Popular products"
samsung fernseher smart tv,Commercial,43,90,45,0.32,"People also ask, Related searches, Popular products"
samsung fernseher testsieger,"Informational, Commercial",48,90,31,0.16,"Sitelinks, Reviews, Video, People also ask, Related searches, Popular products"
samsung fernseher uhd,"Informational, Transactional",44,90,38,0.22,"Video, Video carousel, People also ask, Related searches, Popular products"
samsung fernseher ultra hd,Commercial,38,90,29,0.28,"Sitelinks, People also ask, Related searches, Popular products"
samsung oled 43 zoll,Commercial,41,90,30,0.55,"People also ask, Related searches, Popular products"
samsung sat receiver,Commercial,47,90,30,0.07,"People also ask, Popular products"
samsung testsieger fernseher,Commercial,48,90,33,0.16,"Sitelinks, Reviews, Video, Video carousel, People also ask, Related searches, Popular products"
samsung tv 4k smart tv,Commercial,43,90,22,0.23,"Image pack, Video, People also ask, Related searches, Popular products, Ads top, Ads bottom"
samsung tv angebote 55 zoll,Commercial,42,90,29,0.27,"People also ask, Related searches, Popular products"
samsung tv klein,Commercial,43,90,30,0.14,"Image, People also ask, Related searches, Popular products"
samsung tv neu,Transactional,48,90,40,0.27,"Video, People also ask, Related searches, Popular products"
samsung ultra hd 4k,"Informational, Commercial",36,90,26,0.22,"Video, Video carousel, People also ask, Related searches, Popular products"
samsung weiß,"Informational, Transactional",47,90,24,0.00,"Image, Image pack, People also ask, Related searches, Popular products"
samsungs tv,"Informational, Transactional",41,90,32,0.38,"Video, Video carousel, People also ask, Related searches, Popular products"
sat 1 hd live stream,Commercial,40,90,29,0.70,"Reviews, Video, People also ask, Related searches, Ads bottom"
sat 1 live ohne anmelden,"Navigational, Transactional",34,90,31,0.41,"Reviews, Video, Related searches"
sat antenne zimmer,Commercial,41,90,16,0.20,"Video, People also ask, Related searches, Popular products"
sat receiver digital,"Informational, Commercial",54,90,17,0.19,"Video, Video carousel, People also ask, Related searches, Popular products"
sat receiver hd mit aufnahmefunktion,Commercial,50,90,21,0.12,"Video, People also ask, Related searches, Popular products"
sat receiver mit apps,Commercial,52,90,11,0.34,"Sitelinks, Video, People also ask, Related searches, Popular products"
sat receiver technisat mit festplatte,Commercial,44,90,21,0.16,"People also ask, Related searches, Popular products"
sat-antennen,"Informational, Commercial",48,90,15,0.23,"Video, Video carousel, People also ask, Related searches, Popular products"
satellite and receiver,"Informational, Commercial",45,90,14,0.15,"Image pack, Video, Related searches, Popular products"
satellite tv live,Commercial,40,90,58,0.32,"AI Overview, Reviews, Video, People also ask, Related searches"
satellitenschüssel für innen,Commercial,40,90,16,0.39,"Sitelinks, Image pack, Video, People also ask, Related searches, Popular products"
satellitenschüssel innen,Commercial,37,90,16,0.62,"Sitelinks, Image pack, Video, People also ask, Related searches, Popular products"
satellitenschüssel kaufen in der nähe,Transactional,41,90,18,0.42,"Image, People also ask, Local pack, Related searches"
satellitenschüssel set,Commercial,43,90,18,0.45,"Video, People also ask, Related searches, Popular products"
sendung verpasst rtl2 now,"Informational, Transactional",34,90,45,0.00,"Reviews, People also ask, Related searches"
serie 5 samsung tv,Transactional,40,90,31,0.00,"Reviews, Video, People also ask, Related searches, Popular products"
set box tv,"Informational, Commercial",53,90,17,1.14,"Sitelinks, Reviews, Video, People also ask, Related searches, Popular products"
set top box tv,Commercial,51,90,13,0.88,"Image pack, People also ask, Related searches, Popular products"
signalverstärker für kabelfernsehen,Commercial,48,90,14,0.09,"Video, People also ask, Related searches, Popular products"
signalverstärker kabelfernsehen,Commercial,46,90,13,0.09,"Video, People also ask, Related searches, Popular products"
single lnb testsieger,Commercial,42,90,14,0.09,"Sitelinks, Video, People also ask, Related searches"
sky abo formel 1,Transactional,34,90,43,0.77,"Reviews, Video, People also ask, Related searches, Ads top, Ads bottom"
sky abo mit netflix,Commercial,39,90,34,1.71,"AI Overview, Reviews, Video, People also ask, Related searches, Ads bottom, Ads middle"
sky abo preis,Transactional,40,90,41,1.66,"Sitelinks, AI Overview, Reviews, Video, People also ask, Related searches"
sky abo serien,Commercial,41,90,50,2.03,"AI Overview, Reviews, Video, People also ask, Related searches, Ads top, Ads bottom"
sky and wifi,"Navigational, Transactional",41,90,39,2.33,"Reviews, Video, People also ask, Related searches"
sky angebote günstig,Transactional,40,90,42,0.71,"Reviews, People also ask, Related searches"
sky deutschland preise,Transactional,47,90,40,1.62,"Sitelinks, AI Overview, People also ask, Related searches, Ads bottom, Ads middle"
sky die besten angebote,Commercial,40,90,37,0.71,"Sitelinks, Reviews, Video, People also ask, Related searches"
sky entertainment programm,Transactional,40,90,37,0.00,"Reviews, Video, People also ask, Related searches"
sky fussball angebote,"Informational, Transactional",43,90,42,1.42,"Sitelinks, Reviews, Related searches"
sky fußball angebot,"Informational, Transactional",45,90,43,1.45,"Sitelinks, Reviews, Video, Related searches"
sky go angebot,Transactional,38,90,43,2.27,"Reviews, Video, People also ask, Related searches"
sky go auf pc,"Informational, Transactional",36,90,34,1.26,"Reviews, People also ask, Related searches"
sky go log in,"Navigational, Transactional",34,90,45,0.63,"AI Overview, Reviews, Video, People also ask, Related searches"
sky go preis,Transactional,40,90,47,1.69,"AI Overview, Reviews, People also ask, Related searches"
sky go test,Commercial,36,90,12,1.57,"AI Overview, Reviews, Video, People also ask, Related searches, Ads bottom"
sky günstige angebote,Commercial,38,90,37,0.71,"AI Overview, Reviews, People also ask, Related searches, Ads top, Ads middle"
sky kunden,"Navigational, Transactional",36,90,56,0.72,"Sitelinks, Reviews, Video, People also ask, Related searches, Ads top, Ads bottom"
sky movie,"Navigational, Transactional",34,90,45,0.83,"Reviews, Video, Related searches, Ads bottom"
sky pc,Transactional,37,90,44,1.40,"Reviews, Video, People also ask, Related searches, Ads top, Ads bottom"
sky q abonnieren,Transactional,47,90,25,0.68,"AI Overview, Video, People also ask, Related searches, Ads top, Ads middle"
sky q receiver bestellen,"Informational, Transactional",53,90,29,1.92,"AI Overview, Reviews, People also ask, Related searches"
sky q receiver kaufen ohne vertrag,Transactional,45,90,28,0.58,"AI Overview, Reviews, People also ask, Related searches, Ads top, Ads bottom"
sky schauen,"Navigational, Transactional",43,90,71,1.64,"AI Overview, Reviews, Image, Video, People also ask, Related searches, Ads bottom, Ads middle"
sky sport testen,Commercial,40,90,21,1.66,"AI Overview, Reviews, Video, People also ask, Related searches, Ads top, Ads bottom"
sky stream deutschland,Transactional,39,90,45,1.87,"Reviews, Video, Video carousel, People also ask, Related searches, Ads top, Ads bottom"
sky tele,"Navigational, Transactional",44,90,70,0.95,"AI Overview, Reviews, Video, People also ask, Related searches, Ads middle"
sky windows,"Informational, Transactional",31,90,39,1.14,"AI Overview, Reviews, People also ask, Related searches, Ads bottom"
sky x angebot,"Navigational, Transactional",35,90,51,0.00,"Sitelinks, Reviews, Image, People also ask, Related searches"
sky x app,"Navigational, Transactional",39,90,30,0.00,"Reviews, Video, People also ask, Related searches"
sky übertragung in der nähe,Transactional,47,90,36,0.11,"Reviews, Knowledge panel, Related searches"
smart iptv app kostenlos,"Informational, Commercial",52,90,30,0.00,"AI Overview, Reviews, Video, People also ask, Related searches"
smart iptv download chip,Transactional,52,90,42,0.00,"Video, People also ask, Related searches"
smart iptv eu,"Informational, Transactional",42,90,29,0.00,"AI Overview, Reviews, Video, Video carousel, People also ask, Related searches"
smart iptv player pro,"Informational, Transactional",52,90,39,0.00,"Reviews, Video, Video carousel, People also ask, Related searches"
smart satelliten receiver,"Informational, Commercial",50,90,25,0.16,"Video, Video carousel, People also ask, Related searches, Popular products"
smart tv 24 zoll full hd,Commercial,47,90,21,0.14,"Sitelinks, Video, Video carousel, People also ask, Related searches, Popular products"
smart tv 32 zoll günstig,"Informational, Commercial",41,90,22,0.19,"Video, People also ask, Related searches, Popular products"
smart tv 32 zoll media markt,Commercial,41,90,22,0.24,"Sitelinks, Video, People also ask, Related searches, Popular products"
smart tv 32 zoll mit wlan,"Informational, Transactional",43,90,20,0.21,"Video, People also ask, Related searches, Popular products"
smart tv 4k 32 zoll,Commercial,44,90,23,0.23,"Sitelinks, Video, People also ask, Related searches, Popular products"
smart tv adapter,Commercial,48,90,26,0.28,"Sitelinks, Video, People also ask, Related searches, Popular products"
smart tv and internet,Commercial,43,90,44,1.15,"Sitelinks, AI Overview, Reviews, Video, Video carousel, People also ask, Related searches"
smart tv box erfahrungen,Commercial,44,90,27,0.00,"Sitelinks, Reviews, Video, Video carousel, People also ask, Related searches"
smart tv günstig 32 zoll,Commercial,42,90,22,0.19,"Video, People also ask, Related searches, Popular products"
smart tv mit integriertem sat receiver,Commercial,48,90,21,0.19,"People also ask, Related searches, Popular products"
smart tv vertrag,Commercial,42,90,20,2.90,"Reviews, People also ask, Related searches, Popular products, Ads top, Ads middle"
splitter für antennenkabel,"Informational, Transactional",41,90,14,0.11,"Video, People also ask, Related searches, Popular products"
stream anbieter,"Informational, Commercial",47,90,45,2.07,"Sitelinks, AI Overview, Video, People also ask, Related searches, Ads top, Ads middle"
stream tv free,Commercial,37,90,52,0.94,"Reviews, Video, People also ask, Related searches"
stream tv tv series,Commercial,41,90,61,2.94,"AI Overview, Reviews, Video, People also ask, Related searches"
streamanbieter,Commercial,49,90,45,7.65,"AI Overview, Reviews, Video, People also ask, Related searches, Ads middle"
streaming dienst vergleich,Commercial,49,90,37,1.60,"Reviews, Video, Video carousel, People also ask, Related searches"
streaming geraete,"Informational, Commercial",52,90,16,0.94,"Reviews, Video, Video carousel, People also ask, Related searches, Popular products"
streaming services germany,Commercial,41,90,50,1.56,"Sitelinks, AI Overview, Reviews, Video, People also ask, Related searches"
streaming vergleich,Commercial,37,90,38,1.89,"Reviews, Video, People also ask, Related searches"
streaming-dienste vergleich,Commercial,49,90,35,1.33,"AI Overview, Reviews, Video, People also ask, Related searches"
super rtl livestream kostenlos,Commercial,47,90,39,0.00,"Video, People also ask, Related searches"
superrtl livestream,Commercial,37,90,22,0.73,"Reviews, Video, People also ask, Related searches"
t online fernsehen,Commercial,40,90,42,0.42,"Reviews, Video, Video carousel, People also ask, Related searches"
t online tv,Commercial,40,90,50,0.55,"Reviews, Video, People also ask, Top stories, Related searches"
technisat digiplus uhd s2 4k sat receiver,"Informational, Transactional",49,90,21,0.40,"Reviews, Video, People also ask, Related searches, Popular products"
technisat hd receiver,"Informational, Transactional",47,90,20,0.15,"Sitelinks, Reviews, People also ask, Related searches, Popular products, Ads bottom"
technisat hd-s 261 -,"Informational, Transactional",50,90,21,0.15,"Video, People also ask, Knowledge panel, Related searches"
technisat receiver satellit,"Navigational, Transactional",50,90,20,0.17,"Sitelinks, People also ask, Related searches, Popular products, Ads bottom"
technisat reciver,Transactional,50,90,21,0.22,"Video, People also ask, Related searches, Popular products"
telekom internet und magenta tv,Commercial,47,90,48,2.70,"Reviews, People also ask, Related searches, Ads top, Ads bottom"
telekom magenta tv und internet,Commercial,47,90,33,3.36,"AI Overview, Reviews, People also ask, Related searches, Ads top, Ads middle"
telekom media receiver 201,"Informational, Transactional",46,90,22,0.52,"Reviews, Video carousel, People also ask, Knowledge panel, Related searches"
telekom tv app,Transactional,35,90,46,3.74,"Reviews, Video, People also ask, Related searches"
television gratis online,Commercial,39,90,56,0.00,"AI Overview, Reviews, Video, Related searches"
test 32 zoll smart tv,"Informational, Commercial",48,90,27,0.17,"Sitelinks, Reviews, Video, People also ask, Related searches"
test tv stick,Commercial,42,90,33,0.40,"Sitelinks, Reviews, Video, People also ask, Related searches"
test tv sticks,Commercial,52,90,27,0.50,"Sitelinks, Video, Video carousel, People also ask, Related searches"
testsieger quattro lnb,Commercial,43,90,10,0.10,"Sitelinks, Reviews, Video, People also ask, Related searches, Popular products"
testsieger samsung fernseher,"Informational, Commercial",48,90,31,0.16,"Sitelinks, Reviews, Video, Video carousel, People also ask, Related searches, Popular products"
tivusat receiver mit karte aktiviert,Commercial,49,90,8,0.09,"People also ask, Related searches, Popular products"
tv 32 inch,Commercial,41,90,23,0.15,"Video, Video carousel, People also ask, Related searches, Popular products"
tv 32 zoll weiß,Commercial,46,90,23,0.24,"Video, People also ask, Related searches, Popular products"
tv 46 zoll samsung,Commercial,42,90,28,0.14,"Reviews, Video, People also ask, Related searches, Popular products"
tv 85 zoll samsung,Commercial,45,90,29,0.36,"Reviews, Video, Video carousel, People also ask, Related searches, Popular products"
tv antenne testsieger,Commercial,40,90,19,0.27,"Reviews, Video, People also ask, Related searches, Popular products"
tv auf pc schauen,Commercial,43,90,42,0.76,"AI Overview, Reviews, Video, People also ask, Related searches, Ads bottom, Ads middle"
tv box 4k,"Informational, Transactional",55,90,29,0.74,"Reviews, Video, Video carousel, People also ask, Related searches, Popular products"
tv box kaufen,Transactional,71,90,22,1.46,"Video, People also ask, Related searches, Popular products"
tv dongle,"Informational, Commercial",53,90,26,0.48,"Video, Video carousel, People also ask, Related searches, Popular products"
tv fernsehen live,Commercial,35,90,60,0.72,"Reviews, Video, Video carousel, People also ask, Related searches"
tv für auto kopfstütze,"Informational, Transactional",40,90,16,0.09,"Video, People also ask, Related searches, Popular products"
tv gerät 32 zoll,Commercial,43,90,25,0.15,"Sitelinks, Video, Video carousel, People also ask, Related searches, Popular products"
tv günstig 32 zoll,Commercial,48,90,26,0.18,"Video, People also ask, Related searches, Popular products"
tv integrierter dvd player,Commercial,44,90,22,0.11,"Reviews, Video, People also ask, Related searches, Popular products"
tv live free,Commercial,36,90,62,1.58,"Reviews, Video, People also ask, Related searches"
tv magenta login,Commercial,47,90,33,0.00,"Video, People also ask, Related searches"
tv mit android,Commercial,45,90,23,0.17,"Sitelinks, Video, People also ask, Related searches, Popular products, Ads bottom"
tv mit integriertem dvd player,Commercial,49,90,22,0.11,"Reviews, Video, People also ask, Related searches, Popular products"
tv mit satellit,"Informational, Commercial",56,90,16,0.96,"Reviews, Video, People also ask, Related searches, Popular products"
tv mit satelliten receiver,Commercial,51,90,19,0.21,"Video, People also ask, Related searches, Popular products, Ads middle"
tv programm streamen kostenlos,Commercial,39,90,45,0.66,"Reviews, Video, People also ask, Related searches"
tv programme sky,"Informational, Transactional",41,90,41,0.00,"Reviews, People also ask, Related searches"
tv receiver integriert,Commercial,54,90,16,0.15,"Reviews, Video, People also ask, Related searches"
tv receiver mit festplatte,Commercial,52,90,18,0.38,"Video, People also ask, Related searches, Popular products"
tv receiver über internet,Commercial,54,90,24,1.20,"Sitelinks, Reviews, Video, People also ask, Related searches, Popular products, Ads top, Ads middle"
tv samsung led,"Informational, Transactional",43,90,32,0.27,"Video, Video carousel, People also ask, Related searches, Popular products"
tv schauen am pc,Commercial,44,90,24,0.76,"AI Overview, Reviews, Video, Video carousel, People also ask, Related searches, Ads top, Ads middle"
tv schauen ohne kabel,Commercial,44,90,24,2.30,"Sitelinks, Reviews, Video, Video carousel, People also ask, Related searches, Popular products, Ads top, Ads middle"
tv stick best,Commercial,52,90,29,0.59,"Sitelinks, Reviews, Video, Video carousel, People also ask, Related searches, Popular products, Ads middle"
tv stick xiaomi,"Navigational, Transactional",44,90,32,0.23,"Sitelinks, Reviews, Video, People also ask, Knowledge panel, Related searches, Popular products"
tv sticks für fernseher,"Informational, Commercial",52,90,27,1.18,"Sitelinks, Reviews, Video, Video carousel, People also ask, Related searches, Popular products"
tv sticks test,Commercial,52,90,28,0.76,"Sitelinks, Video, Video carousel, People also ask, Related searches, Ads bottom"
tv streaming online live,Commercial,40,90,67,0.54,"Reviews, Video, Related searches"
tv umsonst schauen,Commercial,36,90,50,1.04,"Reviews, Video, People also ask, Related searches"
tv watch,"Informational, Transactional",37,90,39,0.62,"Reviews, Image, Image pack, Video, Video carousel, People also ask, Related searches, Popular products"
tv über internet receiver,Commercial,55,90,30,1.20,"Sitelinks, Reviews, Video, People also ask, Related searches, Popular products"
tv über pc schauen,"Informational, Commercial",43,90,17,0.95,"AI Overview, Reviews, Video, People also ask, Related searches"
tv&internet,Commercial,47,90,39,2.24,"Reviews, Video, People also ask, Related searches"
twin lnb test,Commercial,43,90,17,0.08,"Sitelinks, Reviews, Video, People also ask, Related searches"
twin sat receiver mit festplatte test stiftung warentest,Commercial,38,90,27,0.09,"Sitelinks, Video, People also ask, Related searches, Popular products"
twin satelliten receiver,Commercial,45,90,15,0.12,"Video, People also ask, Related searches, Popular products"
uhd sat receiver,"Informational, Commercial",53,90,10,0.21,"Reviews, Video, People also ask, Related searches, Popular products"
usb speakers,"Informational, Transactional",34,90,24,0.24,"Reviews, Image pack, Video, People also ask, Popular products"
usb stick smart tv,Commercial,47,90,22,0.45,"Video, Video carousel, People also ask, Related searches, Popular products, Ads bottom"
vergleich fernsehanbieter,Commercial,44,90,39,1.14,"Sitelinks, Reviews, Video, People also ask, Related searches, Ads top, Ads bottom"
vergleich streaming,Commercial,38,90,40,1.89,"Reviews, Video, People also ask, Related searches"
verstärker für kabelanschluss,Commercial,47,90,14,0.11,"Video, People also ask, Related searches, Popular products"
verteiler kabelanschluss,"Informational, Commercial",38,90,12,0.20,"Video, People also ask, Related searches, Popular products, Ads bottom"
verteiler tv kabel,"Informational, Commercial",42,90,7,0.15,"Video, People also ask, Related searches, Popular products, Ads middle"
vodafone fernbedienung verbinden,"Informational, Transactional",43,90,27,0.00,"AI Overview, Image pack, Video, Video carousel, People also ask, Related searches"
vodafone giga tv box 2,"Informational, Transactional",55,90,30,1.33,"Sitelinks, Reviews, Video, People also ask, Related searches"
vodafone hardware,"Navigational, Transactional",38,90,47,2.65,"Reviews, Image pack, Video, People also ask, Related searches"
vodafone hd receiver,"Informational, Transactional",47,90,27,1.22,"Reviews, Image pack, Video, People also ask, Related searches, Popular products"
vodafone set top box,"Informational, Transactional",51,90,30,1.73,"Reviews, Image, Image pack, Video, Video carousel, People also ask, Related searches, Popular products"
waipu alternativen,Commercial,29,90,25,0.78,"AI Overview, Reviews, Video, People also ask, Related searches"
waipu box kaufen,"Informational, Transactional",49,90,42,0.29,"Reviews, People also ask, Knowledge panel, Related searches"
waipu tv stick 2,Transactional,49,90,32,0.09,"Image, Video carousel, People also ask, Related searches"
waipu tv stick 2. gen,"Informational, Transactional",49,90,30,0.13,"Video carousel, People also ask, Related searches, Popular products"
was ist der beste musik streaming dienst,Commercial,49,90,19,0.71,"Sitelinks, AI Overview, Reviews, Video, People also ask, Related searches, Ads bottom"
was ist eine set-top-box,"Informational, Commercial",67,90,13,0.46,"AI Overview, Reviews, Video, People also ask, Related searches"
web browser iptv,Commercial,45,90,44,0.00,"Reviews, Video, People also ask, Related searches"
welcher iptv player ist der beste,Commercial,52,90,,0.00,"AI Overview, Reviews, Video, People also ask, Related searches"
welcher streamingdienst ist der beste,Commercial,36,90,30,1.46,"AI Overview, Reviews, Video, Video carousel, People also ask, Related searches"
welches apple tv habe ich,"Informational, Transactional",38,90,37,0.00,"AI Overview, Reviews, People also ask, Related searches"
widescreen full hd,Commercial,47,90,,0.00,"Sitelinks, Reviews, Video, People also ask, Related searches"
wieviel kostet sky,"Informational, Transactional",40,90,38,0.16,"AI Overview, Reviews, People also ask, Related searches"
wlan fernseher kaufen,Transactional,45,90,22,0.29,"Video, People also ask, Related searches, Popular products, Ads bottom"
wlan tv empfänger,Commercial,49,90,19,0.33,"Video, People also ask, Related searches, Popular products, Ads bottom"
wow sky go,"Informational, Commercial",39,90,26,2.57,"AI Overview, Reviews, Video, People also ask, Related searches, Ads middle"
wow sport tagesticket,Commercial,38,90,21,0.57,"Sitelinks, Reviews, Video, Related searches"
wow tv streaming,"Navigational, Commercial",46,90,45,5.28,"Sitelinks, AI Overview, Reviews, Video, People also ask, Related searches"
xiaomi mi tv,"Navigational, Transactional",43,90,33,0.15,"Reviews, People also ask, Related searches, Popular products"
xiaomi tv box s 4k,"Informational, Transactional",54,90,32,0.14,"Reviews, Video, People also ask, Knowledge panel, Related searches, Popular products"
zattoo test,Commercial,29,90,22,1.83,"Sitelinks, AI Overview, Reviews, Video, People also ask, Related searches"
1&1 tv box alternative,"Informational, Commercial",53,70,23,0.40,"AI Overview, Video, People also ask, Related searches"
1&1 tv sender,Commercial,48,70,26,0.77,"AI Overview, Reviews, Video, People also ask, Related searches"
1&1tv und filme,"Informational, Transactional",48,70,34,0.76,"Reviews, Video, People also ask, Related searches"
1und1 hd tv senderliste,"Navigational, Transactional",46,70,25,0.00,"Reviews, People also ask, Related searches"
1und1 tv app windows,"Informational, Transactional",44,70,24,0.00,"AI Overview, Reviews, Video, People also ask, Related searches"
1und1 tv box kaufen,Transactional,56,70,29,0.00,"Reviews, Video, People also ask, Related searches"
24 fernseher,Commercial,48,70,22,0.20,"Sitelinks, Video, Video carousel, People also ask, Related searches, Popular products"
24 zoll fernseher weiß,Commercial,44,70,23,0.18,"People also ask, Related searches, Popular products"
24 zoll fernseher wlan,Commercial,41,70,22,0.16,"Sitelinks, Video, People also ask, Related searches, Popular products"
24 zoll full hd tv,Commercial,45,70,22,0.15,"Reviews, Video, Video carousel, People also ask, Related searches, Popular products, Ads bottom"
24 zoll tv full hd,Commercial,45,70,22,0.15,"Sitelinks, Reviews, Video, Video carousel, People also ask, Related searches, Popular products"
24 zoll tv samsung,"Informational, Commercial",46,70,22,0.15,"People also ask, Related searches, Popular products"
32 zoll 4k smart tv,"Informational, Commercial",45,70,25,0.20,"Sitelinks, Video, People also ask, Related searches, Popular products"
32 zoll fernseher angebote,Commercial,42,70,25,0.18,"Video, People also ask, Related searches, Popular products, Ads bottom"
32 zoll tv angebot,Commercial,40,70,23,0.16,"Video, People also ask, Related searches, Popular products"
32 zoll tv angebote,Commercial,38,70,22,0.16,"Video, People also ask, Related searches"
32 zoll tv weiß,Commercial,44,70,22,0.24,"Reviews, People also ask, Related searches, Popular products"
55 zoll samsung smart tv,"Informational, Transactional",48,70,33,0.24,"People also ask, Related searches, Popular products"
8 fach lnb testsieger,Commercial,46,70,11,0.14,"Sitelinks, Reviews, Video, People also ask, Related searches"
85 zoll fernsehen,Commercial,44,70,23,0.30,"Video, People also ask, Related searches, Popular products"
85 zoll fernseher kaufen,Transactional,50,70,23,0.27,"Video, People also ask, Related searches, Popular products"
85 zoll fernseher media markt,"Informational, Commercial",41,70,28,0.32,"Video, People also ask, Related searches, Popular products"
abo kosten netflix,"Informational, Transactional",48,70,44,0.94,"AI Overview, People also ask, Related searches"
abo preise netflix,Transactional,48,70,46,0.94,"AI Overview, Reviews, Video, People also ask, Related searches"
adapter für ci modul,Commercial,40,70,20,0.08,"Image, Video, Related searches, Popular products"
aktion samsung fernseher,"Informational, Transactional",48,70,27,0.34,"Reviews, People also ask, Related searches, Popular products"
aktionen fernseher samsung,Commercial,48,70,26,0.38,"People also ask, Related searches, Popular products, Ads top, Ads middle"
alter philips fernseher,"Informational, Transactional",42,70,23,0.00,"Image pack, People also ask, Popular products"
alternativen zu magenta tv,Commercial,47,70,19,0.69,"AI Overview, Video, People also ask, Related searches, Ads top"
anbieter fernsehen über internet,Commercial,57,70,41,1.82,"AI Overview, Reviews, Video, People also ask, Related searches, Ads top, Ads middle"
android hdmi stick,"Informational, Commercial",41,70,23,0.33,"Video, Video carousel, People also ask, Related searches, Popular products"
android tv sticks,"Informational, Commercial",52,70,35,0.45,"Sitelinks, Video, Video carousel, People also ask, Related searches, Popular products"
angebot tv 32 zoll,Commercial,42,70,27,0.16,"Video, People also ask, Related searches, Popular products, Ads bottom"
antenne schüssel,"Informational, Transactional",45,70,11,0.14,"Image pack, Video, Video carousel, People also ask, Related searches, Popular products"
antenne televisive,"Informational, Transactional",41,70,27,0.00,"Reviews, Video, People also ask, Knowledge panel, Related searches, Popular products"
aplle tv box,"Navigational, Transactional",71,70,49,0.30,"Sitelinks, Video, People also ask, Related searches, Popular products"
app magenta tv,Commercial,38,70,54,0.00,"AI Overview, Reviews, Video carousel, People also ask, Related searches, Ads top"
apple multimedia,"Informational, Transactional",40,70,50,0.37,"People also ask, Related searches, Popular products"
apple multimedia player,"Informational, Transactional",39,70,38,0.00,"People also ask, Related searches, Popular products"
apple tv 3th generation,"Informational, Transactional",34,70,27,1.21,"Video, People also ask, Related searches"
apple tv 4 64gb,"Informational, Transactional",38,70,30,0.34,"People also ask, Related searches, Popular products"
apple tv 4k 32gb,"Informational, Transactional",42,70,41,0.22,"Reviews, People also ask, Related searches, Popular products"
apple tv 4k wifi,"Informational, Transactional",38,70,43,0.50,"Reviews, Video, People also ask, Knowledge panel, Related searches"
apple tv 64,"Informational, Transactional",40,70,31,0.34,"Reviews, People also ask, Related searches, Popular products"
apple tv 64g,"Informational, Transactional",38,70,46,0.23,"People also ask, Related searches, Popular products"
apple tv 64gb,"Informational, Transactional",40,70,47,0.23,"People also ask, Knowledge panel, Related searches"
apple tv film kaufen,Transactional,33,70,37,0.00,"Video, People also ask, Related searches"
apple tv generationen vergleich,"Informational, Commercial",38,70,11,0.00,"Sitelinks, AI Overview, Reviews, Video, Video carousel, People also ask, Related searches"
apple tv hd 4 gen,"Informational, Transactional",38,70,41,0.22,"Sitelinks, Reviews, People also ask, Related searches, Popular products"
apple tv hd 4. generation,"Informational, Transactional",48,70,42,0.22,"Reviews, People also ask, Related searches, Popular products"
apple tv mydealz,"Navigational, Transactional",48,70,28,0.00,"Reviews, Video, Related searches"
apple tv pl,"Informational, Transactional",48,70,40,0.79,"Reviews, Video, People also ask, Related searches"
außenantenne dvb t2,"Informational, Commercial",41,70,13,0.15,"Sitelinks, People also ask, Related searches, Popular products"
avm cable,Commercial,41,70,36,0.73,"Reviews, Image pack, Video, Video carousel, People also ask, Related searches"
best android tv,Commercial,53,70,42,0.26,"Sitelinks, Reviews, Video, Video carousel, People also ask, Related searches, Popular products"
best iptv player for android,Commercial,43,70,47,0.00,"Sitelinks, AI Overview, Reviews, Video, Video carousel, People also ask, Related searches"
beste streaming box 2025,Commercial,51,70,30,0.00,"Sitelinks, Reviews, Video, People also ask, Related searches"
beste streaming dienst,Commercial,49,70,35,1.89,"AI Overview, Reviews, Video, People also ask, Related searches"
beste streaming-dienste,Commercial,49,70,40,1.71,"Sitelinks, AI Overview, Reviews, Video, People also ask, Related searches, Ads bottom"
besten sat receiver,Commercial,51,70,,0.10,"Sitelinks, Video carousel, People also ask, Related searches, Popular products"
besten streaming dienste,Commercial,39,70,37,1.89,"AI Overview, Reviews, Video, People also ask, Related searches, Ads middle"
bester internet tv anbieter,Commercial,50,70,39,2.11,"Sitelinks, AI Overview, Reviews, Video, People also ask, Related searches, Ads top, Ads middle"
bobres iptv,Transactional,53,70,0,0.00,"People also ask, Related searches"
box internet tv,Commercial,60,70,16,1.90,"Reviews, Video, People also ask, Related searches, Popular products"
box party,Commercial,43,70,29,0.42,"Image pack, Video, Video carousel, People also ask, Related searches, Popular products"
box tv amazon,"Informational, Transactional",49,70,33,0.53,"People also ask, Related searches, Popular products"
chromecast amazon fire stick,Commercial,34,70,28,0.35,"Sitelinks, Reviews, Video, People also ask, Related searches, Popular products"
ci modul für hd,Commercial,46,70,19,0.80,"Reviews, Video, Video carousel, People also ask, Related searches, Popular products, Ads top"
ci modul kabel,Commercial,43,70,11,0.82,"Sitelinks, Reviews, Video, Related searches, Popular products"
ci modul kosten,Commercial,42,70,16,0.19,"Reviews, People also ask, Related searches, Popular products"
ci slot tv,"Informational, Transactional",51,70,23,0.00,"Reviews, Image pack, Video, Video carousel, People also ask, Related searches, Popular products"
ci+ modul pyur kaufen,Transactional,35,70,17,0.00,"Video, People also ask, Related searches"
ci+ slot,"Informational, Commercial",35,70,28,0.00,"Reviews, Image pack, Video, Video carousel, People also ask, Related searches, Popular products"
ctv vs ott advertising,"Informational, Commercial",49,70,19,0.00,"Reviews, Video, Video carousel, People also ask, Related searches"
deutsche fernsehen kostenlos ohne anmeldung,"Navigational, Transactional",35,70,50,0.00,"Sitelinks, AI Overview, Reviews, Video, People also ask, Related searches"
deutsche iptv,"Informational, Commercial",57,70,20,0.00,"AI Overview, Video, Related searches"
die besten tv sticks,Commercial,52,70,26,0.54,"Sitelinks, Reviews, Video, Video carousel, People also ask, Related searches, Popular products, Ads bottom"
digit s2 technisat,"Informational, Transactional",41,70,21,0.14,"Video, People also ask, Related searches"
digital receiver dvb c,Commercial,50,70,14,0.12,"Video, Video carousel, People also ask, Related searches, Popular products"
digitale satellitenschüssel,Commercial,41,70,25,0.42,"Video, People also ask, Related searches, Popular products"
dreamtv,"Informational, Transactional",54,70,11,0.90,"Reviews, People also ask, Related searches"
dsl vertrag mit fernseher,Commercial,44,70,22,2.62,"AI Overview, Reviews, Video, Related searches, Ads top, Ads middle"
dvb c messgerät,"Informational, Commercial",51,70,9,0.09,"People also ask, Related searches, Popular products"
dvb c receiver media markt,Commercial,49,70,33,0.04,"People also ask, Related searches, Popular products"
dvb c receiver test,"Informational, Commercial",41,70,20,0.10,"Sitelinks, Reviews, Video, Video carousel, People also ask, Related searches, Popular products"
dvb linie 10,"Navigational, Transactional",51,70,26,0.00,"People also ask, Related searches"
dvb t antenne mit verstärker,"Informational, Commercial",42,70,15,0.15,"Reviews, People also ask, Related searches, Popular products"
dvb t t2,"Informational, Transactional",39,70,43,0.55,"Sitelinks, Reviews, Video, Knowledge panel, Related searches, Popular products"
dvb t tuner,Commercial,41,70,17,0.10,"Image pack, Video, People also ask, Related searches, Popular products"
dvb t2 antenne kaufen,Transactional,46,70,18,0.16,"Sitelinks, People also ask, Related searches, Popular products"
dvb-t2 hd antenne,Commercial,41,70,26,0.20,"Reviews, People also ask, Related searches, Popular products"
dvbc receiver,"Informational, Commercial",44,70,20,0.13,"Image pack, Video, People also ask, Related searches, Popular products"
dvd player auto kopfstütze,"Informational, Transactional",43,70,14,0.10,"Reviews, Video, Video carousel, People also ask, Related searches, Popular products"
dvd player car,"Informational, Transactional",47,70,,0.12,"Reviews, Image pack, Video, Video carousel, People also ask, Related searches, Popular products"
dvd player für auto,"Informational, Commercial",48,70,22,0.11,"Sitelinks, Reviews, Video, People also ask, Related searches, Popular products"
dvd player kopfstütze auto,Commercial,41,70,25,0.10,"Reviews, Video, People also ask, Related searches, Popular products, Ads top, Ads middle"
entertain plus,Commercial,39,70,19,1.95,"Reviews, Video, People also ask, Related searches"
fernbedienung vodafone giga tv,"Navigational, Transactional",47,70,23,0.58,"Reviews, Video, Related searches"
fernseh kabelanbieter,Commercial,39,70,38,1.37,"AI Overview, Reviews, Video, People also ask, Related searches, Ads top, Ads middle"
fernseh live rtl,"Navigational, Transactional",47,70,59,0.65,"Reviews, Video, People also ask, Related searches"
fernseh online schauen kostenlos,Commercial,36,70,51,0.85,"Reviews, Image, Video, People also ask, Related searches, Ads bottom"
fernseh über internet anbieter,"Informational, Commercial",57,70,35,1.82,"AI Overview, Reviews, Video, People also ask, Related searches, Ads top, Ads middle"
fernsehanbieter kabel,Commercial,41,70,33,1.25,"Reviews, Video, People also ask, Related searches"
fernsehen 85 zoll,Commercial,50,70,23,0.00,"Video, Video carousel, People also ask, Related searches, Popular products"
fernsehen am computer,"Informational, Commercial",38,70,16,0.42,"AI Overview, Reviews, Video, People also ask, Related searches, Ads bottom, Ads middle"
fernsehen am ipad kostenlos,Commercial,41,70,30,0.39,"AI Overview, Reviews, Video, Video carousel, People also ask, Related searches, Ads top, Ads middle"
fernsehen auf ipad kostenlos,"Informational, Commercial",40,70,31,0.39,"AI Overview, Reviews, Video, Video carousel, People also ask, Related searches, Ads bottom, Ads middle"
fernsehen dvb t antenne,Commercial,39,70,30,0.28,"Reviews, Video, Video carousel, People also ask, Related searches, Popular products"
fernsehen im internet ohne anmeldung kostenlos,Transactional,35,70,40,0.00,"AI Overview, Reviews, Video, People also ask, Related searches"
fernsehen in deutschland,"Informational, Transactional",33,70,47,1.67,"Sitelinks, Reviews, Video, People also ask, Knowledge panel, Related searches"
fernsehen ipad kostenlos,"Informational, Commercial",43,70,33,0.38,"AI Overview, Reviews, Video, People also ask, Related searches, Ads bottom, Ads middle"
fernseher 24 zoll maße,"Informational, Commercial",49,70,24,0.19,"Sitelinks, Reviews, Video, People also ask, Related searches, Popular products"
fernseher 24 zoll media markt,Transactional,40,70,29,0.18,"People also ask, Related searches, Popular products, Ads top, Ads bottom"
fernseher 24 zoll mit wlan,Commercial,45,70,22,0.16,"Sitelinks, Video, People also ask, Related searches, Popular products"
fernseher 24 zoll weiß,"Informational, Transactional",43,70,19,0.18,"Related searches, Popular products"
fernseher 32 zoll vergleich,Commercial,39,70,25,0.17,"Reviews, Video, Video carousel, People also ask, Related searches, Popular products, Ads top, Ads bottom"
fernseher 85 zoll kaufen,Transactional,50,70,22,0.27,"Video, People also ask, Related searches, Popular products"
fernseher mit magenta tv,Transactional,41,70,39,1.57,"Reviews, Video, Video carousel, People also ask, Related searches"
fernseher satellit kabel,Commercial,56,70,12,0.17,"Image pack, Video, Video carousel, People also ask, Related searches, Popular products"
fernseher von apple,"Informational, Transactional",39,70,43,0.37,"Reviews, Video, People also ask, Related searches, Popular products"
fernseher wlan 24 zoll,Commercial,43,70,22,0.16,"Sitelinks, Video, People also ask, Related searches, Popular products"
fernsehschauen online,Commercial,38,70,74,1.57,"AI Overview, Reviews, Video, People also ask, Related searches, Ads top"
fernsehsender im internet,Commercial,44,70,59,0.80,"AI Overview, Reviews, Video, People also ask, Related searches, Ads top, Ads middle"
festplattenrecorder sat,Commercial,43,70,11,0.13,"Reviews, Video, People also ask, Related searches, Popular products"
fire tv stick 2. generation,Commercial,42,70,29,0.32,"Reviews, Video, People also ask, Related searches, Popular products"
fire tv stick 4k max nachfolger,Commercial,36,70,22,0.29,"Sitelinks, Reviews, Video, People also ask, Related searches"
formuler z8,Commercial,51,70,14,0.00,"Video, People also ask, Related searches"
free internet tv streaming,"Informational, Commercial",39,70,48,1.35,"AI Overview, Reviews, Video, Related searches, Ads bottom"
free live stream sky,"Navigational, Transactional",35,70,74,0.00,"Video, People also ask, Related searches"
free tv online streaming,Commercial,36,70,50,1.69,"AI Overview, Reviews, Video, Related searches"
free watch online tv,Commercial,33,70,90,0.63,"Reviews, Video, People also ask, Related searches"
fritz box 6690 preis,Transactional,45,70,27,0.73,"Reviews, People also ask, Knowledge panel, Related searches"
fritzbox 5090,Commercial,47,70,27,0.21,"Reviews, Video, People also ask, Related searches, Popular products, Ads bottom"
fritzbox 660,"Informational, Transactional",43,70,19,2.44,"Reviews, Video, People also ask, Related searches, Popular products"
fritzbox 6660cable,"Informational, Transactional",47,70,24,1.50,"Video, People also ask, Knowledge panel, Related searches, Ads top, Ads bottom"
full hd 24 zoll tv,Commercial,44,70,21,0.19,"Sitelinks, Reviews, Video, Video carousel, People also ask, Related searches, Popular products"
fußball sky programm,"Navigational, Transactional",38,70,35,0.00,"Featured snippet, Video, Related searches"
gigaset 100,"Informational, Transactional",39,70,17,0.32,"Reviews, Image pack, Video, People also ask, Related searches, Popular products"
gigaset box,"Informational, Transactional",43,70,14,0.30,"Reviews, Image pack, People also ask, Related searches, Popular products"
glasfaserkabel für fritzbox 5590,Commercial,47,70,16,0.23,"Image pack, Video, People also ask, Related searches, Popular products"
gratis fernseh schauen,Commercial,37,70,35,0.62,"Reviews, Video, People also ask, Related searches"
gratis online fernsehen,Commercial,36,70,34,0.89,"AI Overview, Reviews, Video, People also ask, Related searches, Ads middle"
gratis rtl schauen,Commercial,37,70,50,1.38,"Sitelinks, AI Overview, Reviews, Video, People also ask, Ads top, Ads middle"
guter 32 zoll fernseher,Commercial,40,70,26,0.18,"Reviews, Video, Video carousel, People also ask, Related searches"
guter fernseher 32 zoll,Commercial,46,70,29,0.20,"Reviews, Video, People also ask, Related searches"
günstig sky bekommen,Transactional,40,70,40,2.43,"AI Overview, Reviews, People also ask, Related searches"
günstig tv schauen,Commercial,45,70,53,2.39,"Sitelinks, Reviews, Video, Video carousel, People also ask, Related searches"
günstigstes sky angebot,Transactional,43,70,34,0.71,"Reviews, Video, People also ask, Related searches, Ads top, Ads middle"
hausanschlußverstärker für kabelfernsehen,Commercial,51,70,14,0.12,"People also ask, Related searches, Popular products"
hd card,"Navigational, Commercial",39,70,30,1.19,"Sitelinks, Image pack, People also ask, Related searches, Popular products"
hd fernseher 32 zoll,Commercial,38,70,30,0.17,"Sitelinks, Video, People also ask, Related searches, Popular products"
hd karte bei media markt,Commercial,40,70,19,0.58,"Reviews, People also ask, Related searches, Popular products"
hd karte sat,Commercial,39,70,30,0.44,"Reviews, Video, People also ask, Related searches, Popular products"
hd mit ci modul,Commercial,45,70,18,0.80,"Reviews, Video, Video carousel, People also ask, Related searches, Popular products"
hd modul vodafone,"Navigational, Transactional",43,70,31,0.83,"Sitelinks, Video, People also ask, Related searches, Popular products"
hd plus preis,"Navigational, Transactional",44,70,30,0.83,"Reviews, People also ask, Related searches, Popular products, Ads bottom"
hd receiver für fernseher,Commercial,56,70,30,0.45,"Video, People also ask, Related searches, Popular products"
hd receiver mit festplatte,"Informational, Commercial",50,70,12,0.08,"Video, People also ask, Related searches"
hd reciever,Commercial,53,70,23,0.54,"Video, Video carousel, People also ask, Related searches, Popular products, Ads bottom"
hd sat receiver mit aufnahmefunktion,Commercial,48,70,16,0.12,"Video, People also ask, Related searches, Popular products"
hd stick für tv,Commercial,48,70,23,1.29,"Reviews, Video, Video carousel, People also ask, Related searches, Popular products, Ads top, Ads bottom"
hd+ ip tv-stick mediamarkt,"Informational, Transactional",51,70,28,0.00,"Video, People also ask, Related searches, Popular products"
ingyenes tv,Commercial,36,70,38,2.58,"Reviews, Video, People also ask, Related searches"
internet fernsehen receiver,Commercial,54,70,17,1.75,"Sitelinks, Reviews, Video, People also ask, Related searches, Popular products, Ads bottom"
internet für fernseher,Commercial,48,70,35,1.63,"Reviews, Video, People also ask"
internet receiver für tv,Commercial,61,70,17,1.20,"Sitelinks, Reviews, Video, People also ask, Related searches, Popular products"
internet tuner für hifi anlage test,"Informational, Commercial",48,70,10,0.11,"Sitelinks, Reviews, Video, People also ask, Related searches, Popular products"
internet tv receiver wlan,Commercial,59,70,22,1.24,"Sitelinks, Video, People also ask, Related searches, Popular products"
ip tv app fire tv,"Informational, Commercial",55,70,27,0.00,"Sitelinks, AI Overview, Video, Video carousel, People also ask, Related searches"
ip tv für fire tv stick,"Informational, Commercial",55,70,11,0.00,"Sitelinks, AI Overview, Video, Video carousel, People also ask, Related searches"
ip tv germany,"Informational, Commercial",43,70,16,0.88,"AI Overview, Video, People also ask, Related searches"
ip tv pro,"Informational, Transactional",45,70,36,0.94,"Reviews, Video, Video carousel, People also ask, Related searches"
iptv android tv box,"Informational, Commercial",70,70,22,0.00,"Reviews, Video, Video carousel, People also ask, Related searches, Popular products"
iptv app pc,Commercial,45,70,36,0.00,"Reviews, Video, People also ask, Related searches"
iptv boxen,Commercial,79,70,17,0.87,"Video, People also ask, Related searches, Popular products"
iptv m3u kaufen,Commercial,44,70,14,0.00,"AI Overview, Related searches"
iptv player linux,"Informational, Commercial",49,70,12,0.00,"AI Overview, Reviews, Video, Related searches"
iptv playlist reddit,"Navigational, Transactional",40,70,34,0.00,Related searches
iptv smart player windows,Transactional,44,70,40,0.00,"Reviews, Video, Video carousel, People also ask, Related searches"
iptvus,Commercial,51,70,42,1.20,"Reviews, People also ask"
jbl 1100 watt partybox,"Informational, Transactional",41,70,27,0.00,"Reviews, Image pack, Video, Video carousel, People also ask, Related searches, Popular products"
jbl partybox 300 preis,Transactional,40,70,23,0.21,"Reviews, Image, People also ask, Knowledge panel, Related searches"
kabel ci modul,Commercial,43,70,14,0.82,"Reviews, Video, People also ask, Related searches, Popular products, Ads top, Ads middle"
kabel receiver hd,Commercial,55,70,15,0.50,"Reviews, Video, Video carousel, People also ask, Related searches, Popular products"
kabel receiver mit smart tv funktion,Commercial,58,70,18,0.32,"Sitelinks, Reviews, Video, People also ask, Related searches, Popular products"
kabel receiver test,Commercial,44,70,28,0.07,"Sitelinks, Reviews, Video, Video carousel, People also ask, Related searches"
kabel resiver,"Informational, Commercial",51,70,24,0.38,"Video, People also ask, Related searches, Popular products"
kabel signalverstärker,"Informational, Commercial",51,70,18,0.09,"Video, People also ask, Related searches, Popular products"
kabelfernseh verstärker,"Informational, Commercial",51,70,18,0.11,"Video, People also ask, Related searches, Popular products"
kartina tv kaufen,"Navigational, Transactional",48,70,,0.47,"Sitelinks, People also ask, Related searches, Popular products"
kosten ci modul,Commercial,42,70,24,0.19,"Reviews, Video, People also ask, Related searches, Popular products, Ads top, Ads bottom"
kostenlos fernsehen im internet ohne anmeldung,"Navigational, Transactional",35,70,32,0.00,"AI Overview, Reviews, Video, People also ask, Related searches"
kostenlos fernsehen ohne anmeldung internet,"Navigational, Transactional",35,70,32,0.00,"AI Overview, Reviews, Video, People also ask, Related searches"
kostenlos im internet fernsehen ohne anmeldung,Transactional,35,70,37,0.00,"AI Overview, Reviews, Video, People also ask, Related searches, Ads bottom"
kostenlos internet fernsehen ohne anmeldung,Transactional,35,70,30,0.00,"Reviews, Video, People also ask, Related searches"
kostenlos rtl live stream,"Navigational, Transactional",37,70,47,1.43,"Reviews, Video, People also ask, Related searches"
live stream fernsehen rtl,Transactional,47,70,46,0.56,"Reviews, Video, People also ask, Related searches"
live tv apk,"Informational, Commercial",40,70,23,0.52,"AI Overview, Reviews, Video, Related searches"
lnb 8 fach testsieger,Commercial,46,70,11,0.12,"Reviews, Video, People also ask, Related searches, Popular products, Ads bottom"
lnb kaufen media markt,Transactional,36,70,20,0.22,"People also ask, Related searches, Popular products"
lnb test stiftung warentest,Commercial,37,70,31,0.10,"Sitelinks, AI Overview, Reviews, Video, People also ask, Related searches"
magenta receiver 601,Commercial,43,70,19,1.29,"Video, People also ask, Related searches, Ads top"
magenta tv 1 generation vs 2 generation,"Informational, Commercial",38,70,21,6.82,"AI Overview, Reviews, Video, Video carousel, People also ask, Related searches"
magenta tv 2.0 anmelden,"Informational, Transactional",39,70,25,4.16,"Reviews, Video carousel, People also ask, Related searches"
magenta tv gerät,"Informational, Transactional",47,70,25,3.48,"Reviews, Video, Video carousel, People also ask, Related searches, Popular products"
magenta tv konto,"Informational, Transactional",47,70,43,3.78,"Reviews, Video, Video carousel, People also ask, Related searches, Ads bottom"
magenta tv mobil,Commercial,38,70,49,4.68,"AI Overview, Reviews, Video, People also ask, Related searches, Ads top"
magenta tv s,Commercial,40,70,16,3.71,"Reviews, People also ask, Related searches, Ads top"
magenta tv verfügbarkeit,Commercial,41,70,48,1.48,"Reviews, People also ask, Related searches"
magenta tv vorteile,Commercial,47,70,31,3.42,"AI Overview, Video, People also ask, Related searches, Ads top"
magenta tv zusatzpakete,Commercial,43,70,33,3.77,"AI Overview, Reviews, Video, People also ask, Related searches"
magentatv box play,"Informational, Transactional",45,70,17,4.77,"Sitelinks, Reviews, Video, Video carousel, People also ask, Related searches, Popular products"
mediamarkt 32 zoll tv,"Navigational, Transactional",48,70,31,0.23,"Video, People also ask, Related searches, Popular products"
mi boxes,Commercial,50,70,28,0.14,"Image pack, Video, Video carousel, People also ask, Related searches, Popular products"
mini fernseher küche,"Informational, Commercial",43,70,20,0.18,"Image pack, Video, People also ask, Related searches, Popular products"
mit sky bei wow anmelden,"Informational, Transactional",38,70,17,2.91,"AI Overview, Reviews, Video, People also ask, Related searches, Ads bottom, Ads middle"
musikbox usb,"Informational, Transactional",47,70,24,0.17,"Reviews, Video, People also ask, Related searches, Popular products"
nachrichten rtl von gestern,"Navigational, Transactional",29,70,45,0.00,"Video, People also ask, Related searches"
netflix abokosten,"Informational, Transactional",45,70,49,1.21,"AI Overview, Reviews, Video, People also ask, Related searches"
netflix koste,"Informational, Transactional",48,70,50,0.47,"AI Overview, Reviews, Video, People also ask, Related searches"
netflix monatlich kosten,"Informational, Transactional",48,70,48,1.11,"AI Overview, Reviews, Video, People also ask, Related searches"
netflix-serien liste,Commercial,37,70,43,0.03,"Sitelinks, Video, People also ask, Related searches"
neu samsung tv,Transactional,35,70,41,0.25,"Sitelinks, Video, Video carousel, People also ask, Related searches, Popular products"
online deutsche fernsehen,Commercial,40,70,37,0.60,"Reviews, Video, People also ask, Related searches"
online deutsches fernsehen,Commercial,37,70,42,1.56,"Reviews, Video, People also ask, Related searches, Ads top, Ads middle"
online rtl,Transactional,47,70,71,1.54,"Video, People also ask, Top stories, Related searches"
online stream rtl,"Navigational, Transactional",36,70,36,0.97,"Sitelinks, Reviews, Video, People also ask, Related searches"
party lautsprecher jbl,"Informational, Transactional",41,70,30,0.25,"People also ask, Related searches, Popular products"
partybox jbl 710,Transactional,45,70,23,0.42,"Reviews, Video, People also ask, Related searches, Popular products"
pc tv karten,"Informational, Commercial",50,70,17,0.09,"Video, People also ask, Related searches, Popular products"
premium-abo netflix,"Informational, Transactional",48,70,61,1.77,"AI Overview, Reviews, Video, People also ask, Related searches"
prosieben kostenlos stream,Commercial,34,70,30,0.45,"Reviews, Video, People also ask, Related searches"
prosieben live ohne anmelden,"Navigational, Transactional",32,70,34,0.37,"Reviews, Video, People also ask, Related searches"
radio für wohnzimmer,"Informational, Commercial",48,70,26,0.22,"Sitelinks, Image pack, Video, People also ask, Related searches, Popular products"
radio fürs wohnzimmer,"Informational, Commercial",48,70,14,0.22,"Video, People also ask, Related searches, Popular products"
receiver für entertain telekom,Transactional,48,70,26,1.49,"Reviews, Video, People also ask, Related searches, Ads top"
receiver für hd empfang,Commercial,54,70,27,0.19,"Video, Video carousel, People also ask, Related searches, Popular products, Ads top, Ads middle"
receiver für internetfernsehen,Commercial,57,70,20,1.75,"Reviews, Video, People also ask, Related searches, Popular products"
receiver für sat schüssel,Commercial,49,70,23,0.12,"Video, People also ask, Related searches, Popular products"
receiver hdmi,Commercial,50,70,19,0.19,"Image pack, People also ask, Related searches, Popular products"
receiver internet fernsehen,Commercial,54,70,18,1.75,"Sitelinks, Reviews, Video, People also ask, Related searches, Popular products"
receiver technisat s2,"Informational, Transactional",46,70,21,0.15,"People also ask, Related searches, Popular products"
receiver tv kabel,Commercial,55,70,18,0.39,"Reviews, Video, Video carousel, People also ask, Related searches, Popular products"
receiver ultra hd,Commercial,52,70,13,0.67,"Reviews, Video, People also ask, Related searches, Popular products"
roku player,"Navigational, Transactional",49,70,45,0.06,"Sitelinks, Image pack, People also ask, Related searches, Popular products"
rtl am pc schauen,Commercial,36,70,49,1.10,"Sitelinks, AI Overview, Reviews, Video, People also ask, Related searches, Ads top, Ads bottom"
rtl jetzt schauen,"Navigational, Transactional",47,70,60,0.74,"Sitelinks, Reviews, Video, People also ask, Related searches"
rtl live steam,"Navigational, Transactional",33,70,49,0.63,"Reviews, Video, People also ask, Related searches"
rtl livestrea,"Navigational, Transactional",47,70,49,0.60,"Reviews, Video, People also ask, Related searches"
rtl livestream.de,"Navigational, Transactional",47,70,60,0.96,"Reviews, Video, People also ask"
rtl livestrream,"Navigational, Transactional",47,70,48,0.60,"Reviews, Video, People also ask, Related searches"
rtl m,"Navigational, Transactional",32,70,78,0.55,"Reviews, Video, People also ask, Related searches, Ads top, Ads bottom"
rtl online tv,"Navigational, Transactional",37,70,47,0.86,"Sitelinks, Reviews, Video, People also ask, Related searches"
rtl stream live free,"Navigational, Transactional",33,70,40,1.25,"Reviews, Video, People also ask, Related searches"
rtl tv kostenlos streamen,Commercial,47,70,44,1.07,"Sitelinks, Video, People also ask, Related searches, Ads bottom"
rtl tv streaming,Transactional,47,70,66,0.97,"Sitelinks, Video, People also ask, Top stories, Related searches"
samsung 24 zoll tv,Commercial,47,70,23,0.15,"Reviews, Image, People also ask, Related searches, Popular products"
samsung 4k uhd tv,Commercial,44,70,29,0.28,"People also ask, Related searches, Popular products"
samsung 4k ultra hd tv,"Informational, Transactional",40,70,29,0.20,"Video, Video carousel, People also ask, Related searches, Popular products"
samsung fernseher bild,"Informational, Transactional",39,70,37,0.15,"Reviews, Video, Video carousel, People also ask, Related searches, Popular products"
samsung flat tv,"Informational, Transactional",47,70,39,0.20,"Video, People also ask, Related searches, Popular products"
samsung tv android tv,"Informational, Transactional",43,70,38,0.24,"Reviews, Video, Video carousel, People also ask, Related searches, Popular products"
samsung tv common interface,"Informational, Transactional",42,70,32,0.45,"Video, Video carousel, People also ask, Related searches"
samsung uhd 4k smart tv,"Informational, Transactional",44,70,29,0.43,"People also ask, Related searches, Popular products"
samsung ultra hd 55 zoll,Commercial,45,70,22,0.24,"People also ask, Related searches, Popular products"
sat hd receiver mit aufnahmefunktion,Commercial,47,70,18,0.12,"Video, People also ask, Related searches"
sat live stream,Commercial,39,70,35,0.51,"Reviews, Video, Related searches, Ads bottom"
sat lnb kaufen,Transactional,46,70,21,0.16,"Reviews, Video, People also ask, Local pack, Related searches, Popular products"
sat receiver günstig,Commercial,51,70,16,0.18,"Video carousel, People also ask, Related searches, Popular products"
sat receiver mediathek,Commercial,49,70,21,0.12,"People also ask, Related searches"
sat receiver mit mediathek,Commercial,49,70,18,0.12,"People also ask, Related searches"
sat resiver,Commercial,43,70,23,0.15,"Video, Video carousel, People also ask, Related searches, Popular products"
satellit kabel splitten,"Informational, Transactional",40,70,12,0.12,"Reviews, Image pack, Video, Video carousel, People also ask, Related searches"
satellit kaufen,Transactional,44,70,23,0.71,"Video, People also ask, Related searches, Popular products"
satelliten hd,Commercial,56,70,,0.94,"AI Overview, Reviews, Video, People also ask, Related searches, Ads bottom, Ads middle"
satelliten kabel verteiler,"Informational, Transactional",41,70,13,0.11,"Reviews, Image pack, Video, Video carousel, People also ask, Related searches, Popular products"
satelliten receiver test chip,Commercial,37,70,30,0.11,"Reviews, Video, People also ask, Related searches"
satellitenanlagen,"Informational, Commercial",48,70,18,0.35,"AI Overview, Video, People also ask, Related searches"
schüssel antenne,Commercial,44,70,13,0.09,"Video, Video carousel, People also ask, Related searches, Popular products"
senderliste o2 tv,Commercial,49,70,22,0.56,"AI Overview, Reviews, Video, People also ask, Related searches, Ads top, Ads bottom"
set top box vodafone,Commercial,48,70,29,1.73,"Sitelinks, Reviews, Video, Video carousel, People also ask, Related searches, Popular products, Ads top, Ads bottom"
sky 1 monat,Transactional,41,70,30,1.98,"Reviews, Video, People also ask, Related searches"
sky beste angebote,Commercial,39,70,29,0.71,"Sitelinks, AI Overview, Reviews, Video, People also ask, Related searches"
sky bestes angebot,Commercial,43,70,36,0.71,"Sitelinks, Reviews, People also ask, Related searches, Ads top, Ads bottom"
sky fernsehen im internet,"Navigational, Transactional",43,70,36,1.30,"Reviews, Video, People also ask, Related searches"
sky go de,Transactional,39,70,48,0.60,"Reviews, People also ask, Related searches, Ads top"
sky go testen kostenlos,Commercial,35,70,9,1.18,"Sitelinks, AI Overview, Reviews, Video, People also ask, Related searches"
sky go tv,"Informational, Transactional",44,70,64,1.01,"Reviews, Video, People also ask, Related searches"
sky mac,"Informational, Transactional",32,70,44,1.03,"Sitelinks, AI Overview, Reviews, Video, People also ask, Related searches"
sky macbook,"Navigational, Transactional",36,70,45,1.03,"Sitelinks, Reviews, Video, People also ask, Related searches, Ads top, Ads bottom"
sky mit magenta,"Informational, Commercial",34,70,25,0.63,"Reviews, People also ask, Related searches"
sky pay tv,Transactional,43,70,33,1.48,"Sitelinks, AI Overview, Reviews, Video, People also ask, Top stories, Related searches, Ads bottom"
sky q box kaufen,Transactional,53,70,,0.53,"Reviews, Image, People also ask, Related searches, Popular products"
sky q mini receiver,"Informational, Transactional",44,70,29,1.13,"Reviews, Video, People also ask, Related searches, Popular products"
sky smart,"Informational, Transactional",40,70,25,0.60,"Reviews, Video, Related searches"
sky spos,"Informational, Commercial",47,70,71,2.87,"Video, People also ask, Knowledge panel, Top stories, Related searches, See results about"
skyapp,Commercial,39,70,37,0.78,"AI Overview, Reviews, Video, People also ask, Related searches, Ads bottom"
smart fernseher 32 zoll,Commercial,43,70,23,0.19,"Video, Video carousel, People also ask, Related searches, Popular products, Ads bottom"
smart tv 32 zoll wlan full hd testsieger,"Informational, Commercial",48,70,21,0.25,"Sitelinks, Reviews, Video, People also ask, Related searches, Popular products"
smart tv als prämie,Commercial,41,70,15,2.19,"Reviews, Video, Related searches, Ads middle"
smart tv hdmi stick,"Informational, Commercial",52,70,24,0.52,"Sitelinks, Video, People also ask, Related searches, Popular products"
smart tv nachrüsten,"Informational, Commercial",40,70,27,0.53,"Sitelinks, Video, People also ask, Related searches, Popular products"
smart tv samsung 32 zoll,Commercial,43,70,26,0.14,"People also ask, Related searches, Popular products"
stiftung warentest fernseher 32 zoll,Commercial,35,70,30,0.13,"Sitelinks, Video, People also ask, Related searches"
streaming dienste test,Commercial,39,70,41,1.46,"Reviews, Video, People also ask, Related searches"
streaming dienste vergleichen,Commercial,49,70,36,1.60,"Reviews, Video, People also ask, Related searches, Ads middle"
streaming gerät,Commercial,52,70,28,0.63,"Sitelinks, Video, People also ask, Related searches, Popular products, Ads top, Ads middle"
streaming geräte für tv,Commercial,53,70,30,0.85,"Video, Video carousel, People also ask, Related searches"
streaming stick für tv,Commercial,52,70,,0.58,"Sitelinks, Reviews, Video, Video carousel, People also ask, Related searches, Popular products"
streaming stick hdmi,"Informational, Commercial",52,70,26,0.48,"Video, People also ask, Related searches, Popular products"
streaming sticks test,Commercial,52,70,28,0.36,"Sitelinks, Reviews, Video, People also ask, Related searches"
streaming tv stick,Commercial,52,70,28,0.81,"Sitelinks, Reviews, Video, People also ask, Related searches, Popular products, Ads top, Ads middle"
streaming tv vergleich,Commercial,44,70,39,2.11,"Sitelinks, Reviews, Video, People also ask, Related searches, Ads top, Ads middle"
streamingdienste vergleich,Commercial,39,70,36,1.60,"AI Overview, Reviews, Video, People also ask, Related searches"
technisat digiplus uhd s2 test,Commercial,41,70,13,0.16,"Sitelinks, Reviews, Video, Video carousel, People also ask, Related searches"
technisat receiver s2,"Informational, Transactional",47,70,19,0.15,"Image pack, Video, People also ask, Related searches, Popular products"
technisat s2,"Informational, Transactional",44,70,13,0.26,"Image pack, Video, People also ask, Related searches, Popular products"
technisat s2 receiver,"Informational, Transactional",47,70,19,0.12,"Video, People also ask, Related searches, Popular products"
technisat twin receiver,"Informational, Transactional",44,70,25,0.15,"Sitelinks, Video, People also ask, Related searches, Popular products"
telekom glasfaser magenta tv,"Navigational, Transactional",35,70,25,1.70,"Reviews, People also ask, Related searches, Ads top, Ads bottom"
telekom receiver kaufen,"Informational, Transactional",48,70,23,1.63,"People also ask, Related searches, Popular products"
telekom speedbox tarif,"Informational, Transactional",39,70,25,1.39,"AI Overview, Reviews, People also ask, Related searches"
test kleine fernseher,Commercial,49,70,30,0.25,"Sitelinks, Video, People also ask, Related searches, Ads top, Ads bottom"
test satellitenschüssel,Commercial,34,70,21,0.11,"Reviews, Video, Video carousel, People also ask, Related searches, Popular products, Ads top, Ads bottom"
test streaming dienste,Commercial,38,70,37,0.87,"Reviews, Video, People also ask, Related searches"
tv 24 zoll full hd,Commercial,46,70,17,0.15,"Sitelinks, Reviews, Video, Related searches, Popular products"
tv 32 zoll samsung,Commercial,43,70,29,0.19,"People also ask, Related searches, Popular products"
tv 50 zoll günstig,Commercial,47,70,21,0.19,"Video, People also ask, Related searches, Popular products"
tv 65 samsung,"Informational, Commercial",46,70,23,0.39,"People also ask, Related searches, Popular products"
tv and dvd player,"Informational, Commercial",47,70,26,0.15,"Image pack, People also ask, Related searches, Popular products"
tv android download,Transactional,53,70,,0.97,"Reviews, Video, Related searches"
tv go telekom,"Informational, Commercial",36,70,50,3.25,"Sitelinks, AI Overview, Reviews, People also ask, Related searches"
tv mit dvd player integriert,Commercial,47,70,22,0.11,"Reviews, Video, People also ask, Related searches, Ads bottom"
tv ohne kabel und satellit,Commercial,45,70,27,1.03,"Reviews, Video, Video carousel, People also ask, Related searches, Popular products, Ads top, Ads bottom"
tv ohne kabelanschluss,Commercial,44,70,21,1.50,"Reviews, Video, Video carousel, People also ask, Related searches, Ads top, Ads bottom"
tv online app,"Informational, Commercial",44,70,56,2.30,"AI Overview, Reviews, Video, People also ask, Related searches"
tv programm magenta,Transactional,34,70,29,2.03,"Reviews, Video, People also ask, Related searches"
tv receiver test,Commercial,48,70,29,0.14,"Sitelinks, Reviews, Video, People also ask, Related searches"
tv receiver wlan,Commercial,59,70,23,0.88,"Sitelinks, Video, People also ask, Related searches, Popular products"
tv schauen auf dem laptop,"Informational, Commercial",40,70,15,1.00,"AI Overview, Reviews, Video, People also ask, Related searches, Ads bottom, Ads middle"
tv smart samsung 55 inch,"Informational, Commercial",48,70,22,0.28,"People also ask, Related searches, Popular products"
tv streamen anbieter,Commercial,49,70,35,2.47,"Sitelinks, AI Overview, Video, People also ask, Related searches, Ads top, Ads middle"
tv streaming dienste vergleich,Commercial,49,70,33,1.14,"Sitelinks, Video, People also ask, Related searches, Ads top, Ads bottom"
tv top tv,Commercial,38,70,22,0.38,"Reviews, Video, People also ask, Related searches"
tv zimmerantenne test,Commercial,38,70,24,0.20,"Reviews, Video, People also ask, Related searches"
twin sat receiver mit aufnahmefunktion,Commercial,43,70,11,0.18,"Video, People also ask, Related searches, Popular products"
uhd samsung,"Informational, Transactional",37,70,32,0.22,"Video, Video carousel, People also ask, Related searches, Popular products"
unitymedia horizon box,"Informational, Transactional",49,70,22,0.91,"Sitelinks, Reviews, Video, People also ask, Knowledge panel, Related searches"
vergleich 32 zoll fernseher,Commercial,40,70,29,0.19,"Sitelinks, Reviews, Video, People also ask, Related searches"
vergleich fernseher 32 zoll,Commercial,42,70,28,0.17,"Sitelinks, Reviews, Video, Video carousel, People also ask, Related searches"
vergleich streaming dienste musik,Commercial,49,70,29,0.44,"Sitelinks, AI Overview, Reviews, Video, People also ask, Related searches"
verstärker für antennenkabel,Commercial,46,70,15,0.12,"Video, People also ask, Related searches, Popular products"
verstärker kabelanschluss,Commercial,49,70,18,0.10,"Video, People also ask, Related searches, Popular products"
vodafone digital receiver,"Informational, Transactional",48,70,30,1.42,"Reviews, Image pack, Video, People also ask, Related searches"
vodafone hd modul,Transactional,45,70,17,1.59,"Reviews, Video, People also ask, Related searches, Ads bottom"
vodafone router kaufen ohne vertrag,Transactional,43,70,33,1.29,"Reviews, People also ask, Related searches, Popular products, Ads top, Ads middle"
weißer fernseher 24 zoll,"Informational, Transactional",43,70,23,0.18,"People also ask, Related searches, Popular products"
welcher ist der beste tv stick,Commercial,52,70,27,0.65,"Sitelinks, Reviews, Video, Video carousel, People also ask, Related searches, Popular products"
welcher samsung tv ist der beste,Commercial,48,70,30,0.24,"Sitelinks, Reviews, Video, People also ask, Related searches"
welches ist der beste streamingdienst,Commercial,49,70,36,1.56,"AI Overview, Reviews, Video, People also ask, Related searches"
wifi sky,Commercial,48,70,27,2.10,"AI Overview, Reviews, Video, People also ask, Related searches, Ads top, Ads middle"
wlan mit satellitenschüssel,Commercial,48,70,21,0.86,"Reviews, Video, Video carousel, People also ask, Related searches"
wlan receiver tv,Commercial,60,70,23,0.75,"Video, People also ask, Related searches, Popular products"
wow mit netflix,"Informational, Commercial",41,70,25,0.86,"AI Overview, Reviews, Video, People also ask, Related searches"
wowtv sky,"Navigational, Commercial",44,70,42,2.27,"Sitelinks, AI Overview, Reviews, Video, People also ask, Knowledge panel, Related searches"
www waipu tv amazon stick,"Informational, Transactional",49,70,25,0.29,"Video, Video carousel, People also ask, Related searches, Ads bottom"
www.telekom.de/magenta-tv/next-magenta-tv,Commercial,47,70,45,2.54,"Reviews, Video, People also ask, Ads top, Ads bottom"
xiamio tv,"Informational, Transactional",54,70,22,0.15,"Related searches, Popular products"
zimmerantenne dvb-t2,Commercial,44,70,27,0.18,"Video, People also ask, Related searches, Popular products, Ads bottom"
zimmerantenne tv test,Commercial,37,70,19,0.09,"Reviews, Video, People also ask, Related searches, Ads bottom"
