Keyword,Intent,Relevance,Volume,Keyword Difficulty,CPC (USD),SERP Features
rtl plus,"Navigational, Commercial",40,1000000,69,0.21,"Sitelinks, Reviews, Video, Video carousel, People also ask, Top stories, Related searches, Ads top, Ads bottom"
rtl live,"Navigational, Transactional",35,450000,64,0.47,"Reviews, Video, People also ask, Related searches"
netflix filme,Transactional,31,74000,57,0.25,"Video, People also ask, Related searches"
netflix kosten,"Informational, Transactional",41,60500,54,0.93,"AI Overview, Reviews, Video, People also ask, Related searches"
netflix neue filme,"Informational, Transactional",33,27100,48,0.19,"Video, People also ask, Related searches"
rtl live stream kostenlos ohne anmeldung,Transactional,40,22200,48,1.14,"AI Overview, Reviews, Video, Related searches"
rtl live fußball,"Navigational, Transactional",36,18100,53,0.64,"Reviews, Video, People also ask, Related searches"
kostenlos fernsehen,Commercial,41,14800,57,0.64,"Reviews, Video, Related searches"
netflix abos,"Informational, Transactional",39,14800,63,1.63,"AI Overview, Reviews, Image pack, Video, People also ask, Related searches"
netflix preise,Transactional,40,14800,56,1.38,"AI Overview, Reviews, Video, People also ask, Related searches"
neu bei netflix,"Informational, Transactional",36,14800,53,0.66,"Video, People also ask, Related searches"
telekom angebote,Transactional,38,12100,53,0.86,"Reviews, Video, People also ask, Related searches"
filme netflix,"Informational, Commercial",34,9900,51,0.06,"Short videos, People also ask, Top stories, Related searches"
netflix abo kosten,"Informational, Transactional",41,9900,55,1.21,"AI Overview, Reviews, Video, People also ask, Related searches"
free tv,Commercial,37,8100,61,0.67,"Reviews, Video, People also ask, Related searches"
iptv kaufen,Commercial,50,8100,23,1.33,"Video, People also ask, Related searches"
programe tv online,Commercial,36,8100,52,0.99,"Reviews, Video, Related searches"
rtl program,"Informational, Transactional",32,8100,74,0.60,"Video, People also ask, Related searches"
sky receiver,"Informational, Transactional",38,8100,39,1.97,"Reviews, Image, Video, People also ask, Related searches, Popular products"
netflix account,"Navigational, Transactional",35,6600,74,1.49,"Reviews, People also ask, Related searches"
super rtl live,Commercial,34,6600,38,0.77,"Reviews, Video, People also ask, Related searches"
tv kostenlos,Commercial,41,6600,53,0.87,"AI Overview, Reviews, Video, People also ask, Related searches"
tv live,Commercial,35,6600,76,0.57,"Reviews, Video, Related searches"
kosten netflix,"Informational, Transactional",40,5400,54,0.93,"AI Overview, Reviews, Video, People also ask, Related searches"
kostenlos rtl live,Transactional,38,5400,46,1.05,"Reviews, Video, People also ask, Related searches"
netflix deutschland,"Navigational, Transactional",41,5400,82,1.46,"Sitelinks, Reviews, Video, People also ask, Related searches"
netflix film,Transactional,28,5400,52,0.25,"Video, People also ask, Related searches"
netflix.comnetflix.com,"Navigational, Transactional",35,5400,100,1.47,"AI Overview, Reviews, Video, People also ask"
q sky tv,"Navigational, Transactional",37,5400,37,1.44,"AI Overview, Reviews, Video, People also ask, Related searches"
tv live stream,Commercial,36,5400,87,0.77,"Reviews, Video, People also ask, Related searches"
2ix2 rtl,"Navigational, Transactional",33,4400,46,0.67,Related searches
de netflix,"Informational, Transactional",37,4400,78,1.87,"AI Overview, Reviews, Video, People also ask, Related searches"
fernsehen kostenlos,Commercial,41,4400,45,0.64,"AI Overview, Reviews, Video, Related searches"
netflix abo preise,Transactional,42,4400,58,1.10,"AI Overview, Reviews, Video, People also ask, Related searches, Ads bottom"
netflix angebote preise für neukunden,Transactional,43,4400,47,1.00,"AI Overview, Reviews, Video, People also ask, Related searches, Ads top"
neue filme auf netflix,"Informational, Transactional",33,4400,51,0.04,"Video, People also ask, Related searches"
rtl live schauen,Transactional,41,4400,50,0.76,"Sitelinks, Reviews, Video, People also ask, Related searches"
rtl sendung verpasst,Transactional,31,4400,54,0.27,"Reviews, Video, People also ask, Related searches, Ads bottom"
rtl up live,Transactional,38,4400,49,0.65,"Reviews, Video, People also ask, Related searches"
sendung verpasst rtl,Transactional,32,4400,51,0.27,"Video, People also ask, Related searches"
tv online gratis,Commercial,37,4400,63,0.70,"AI Overview, Reviews, Video, People also ask, Related searches"
joyn tv kostenlos ohne anmeldung,Transactional,40,3600,62,0.34,"AI Overview, Reviews, Video, People also ask, Related searches"
kostenlos live tv,Commercial,39,3600,56,0.61,"Reviews, Image, Video, People also ask, Top stories, Related searches"
netflix standard abo,"Informational, Transactional",40,3600,53,2.09,"AI Overview, Reviews, Video, People also ask, Related searches"
netflix-abo,Commercial,40,3600,57,1.63,"AI Overview, Reviews, Video, People also ask, Related searches"
rtl aktuell live,"Informational, Transactional",34,3600,58,0.51,"Reviews, Video, People also ask, Top stories, Related searches"
rtl live fußball kostenlos,Transactional,39,3600,50,0.58,"Sitelinks, Reviews, Video, People also ask, Related searches"
rtl stream live,Transactional,37,3600,49,0.79,"Reviews, Video, People also ask, Related searches"
rtl2 live stream kostenlos,Transactional,40,3600,31,1.00,"Reviews, Image, Video, People also ask, Related searches"
rtl2 livestream,Commercial,35,3600,44,0.83,"Reviews, Video, People also ask, Related searches"
gratis tv schauen,Commercial,42,2900,52,0.51,"AI Overview, Reviews, Video, Video carousel, People also ask, Related searches"
internet und tv,Commercial,45,2900,38,3.01,"AI Overview, Reviews, Image, Video, People also ask, Related searches"
live stream rtl2,Commercial,36,2900,35,0.83,"Video, People also ask, Related searches"
netflix-abo-preise,Transactional,42,2900,53,1.10,"AI Overview, Reviews, People also ask, Related searches"
rtl + kosten,"Informational, Transactional",42,2900,51,0.78,"AI Overview, Reviews, Video, People also ask, Related searches, Ads top"
rtl login,"Navigational, Transactional",35,2900,41,0.30,"Video, People also ask, Related searches"
rtl plus kostenlos ohne anmeldung,"Navigational, Transactional",38,2900,51,0.20,"Sitelinks, AI Overview, Reviews, Video, Video carousel, People also ask, Related searches"
rtl plus programm,Commercial,36,2900,50,0.11,"AI Overview, Reviews, Video, People also ask, Related searches"
telekom tv,"Navigational, Transactional",37,2900,45,3.00,"Sitelinks, Reviews, Image, Video, People also ask, Related searches, Ads top, Ads bottom"
fernsehen live,Commercial,38,2400,78,0.54,"Reviews, Video, Related searches"
iptv german,Commercial,55,2400,37,1.10,"AI Overview, People also ask, Related searches"
netflix subscription,"Navigational, Transactional",37,2400,76,1.38,"Reviews, Video, People also ask, Related searches"
rtl 2 live stream kostenlos,Commercial,39,2400,38,1.23,"Reviews, Video, People also ask, Related searches"
rtl fußball live,"Informational, Transactional",39,2400,48,0.64,"Reviews, Video, People also ask, Related searches"
rtl online,"Navigational, Transactional",36,2400,66,0.71,"Sitelinks, Reviews, Video, People also ask, Related searches"
rtl online live stream,Transactional,39,2400,47,0.72,"Sitelinks, Reviews, Video, People also ask, Related searches, Ads bottom"
rtl tv program,"Informational, Transactional",33,2400,59,0.60,"Video, People also ask, Related searches"
sat1 live stream kostenlos ohne anmeldung,Transactional,37,2400,41,0.33,"Reviews, Video, People also ask, Related searches, Ads bottom"
satellite receiver hd,"Informational, Commercial",36,2400,21,0.16,"Video, Video carousel, People also ask, Related searches, Popular products"
telekom fernsehen,"Navigational, Transactional",39,2400,47,2.61,"Sitelinks, Reviews, Video, People also ask, Related searches"
iptv deutschland,"Informational, Commercial",55,1900,36,1.35,"AI Overview, Video, People also ask, Related searches"
iptv germany,Commercial,55,1900,25,1.44,"AI Overview, Video, People also ask, Related searches"
kabel 1 live stream kostenlos,Transactional,39,1900,35,0.40,"Reviews, Video, People also ask, Related searches"
kabel receiver,Commercial,37,1900,29,0.52,"Reviews, Image pack, Video, People also ask, Related searches, Popular products"
kostenlos fernsehen schauen,Commercial,40,1900,37,0.52,"Reviews, Video, People also ask, Related searches, Ads bottom"
kostenlos rtl schauen,Commercial,37,1900,47,1.18,"AI Overview, Reviews, Video, People also ask, Related searches"
magenta tv live,Commercial,39,1900,58,1.88,"Video, People also ask, Related searches, Ads top"
netflix hotline,"Navigational, Transactional",35,1900,33,0.74,"Sitelinks, People also ask, Related searches"
netflix jahresabo,"Informational, Transactional",43,1900,55,1.24,"AI Overview, Reviews, Related searches"
netflix kontaktnummer,"Navigational, Transactional",36,1900,36,0.44,"Sitelinks, Related searches"
netflix preis,Transactional,42,1900,57,1.38,"AI Overview, Reviews, Video, People also ask, Related searches"
netflix registrieren,"Navigational, Transactional",45,1900,61,2.68,"Video, Video carousel, People also ask, Related searches"
preise netflix,"Navigational, Transactional",42,1900,56,1.12,"AI Overview, Reviews, Video, People also ask, Related searches"
rtl app,Commercial,39,1900,48,0.45,"AI Overview, Reviews, Video, People also ask, Related searches, Ads bottom, Ads middle"
rtl live fussball,"Informational, Transactional",36,1900,51,0.78,"Video, People also ask, Related searches"
rtl live stream kostenlos ohne anmeldung 2ix2,"Navigational, Transactional",35,1900,37,0.00,"Reviews, Video, People also ask, Related searches"
rtl plus live,"Navigational, Transactional",40,1900,72,0.33,"Reviews, Video, People also ask, Related searches"
rtl plus pakete,"Informational, Transactional",43,1900,47,2.10,"AI Overview, Reviews, Video, People also ask, Related searches, Ads top, Ads bottom"
rtlup live stream kostenlos ohne anmeldung,"Navigational, Transactional",39,1900,26,0.93,"Sitelinks, Video, People also ask, Related searches"
set top box set top box,"Informational, Commercial",45,1900,17,0.74,"Sitelinks, Reviews, Video, People also ask, Related searches, Popular products"
tv online kostenlos,Commercial,43,1900,50,1.07,"Reviews, Video, People also ask, Related searches"
tv und internet telekom,"Navigational, Transactional",43,1900,48,1.71,"Reviews, Video, Related searches"
upiptv,"Informational, Commercial",45,1900,2,1.66,"AI Overview, Related searches"
best streaming services,Commercial,50,1600,74,2.34,"Sitelinks, AI Overview, Reviews, Video, Video carousel, People also ask, Related searches"
fernsehen kostenlos schauen,Commercial,38,1600,46,0.52,"AI Overview, Reviews, Video, People also ask, Related searches"
fernsehen rtl,Commercial,35,1600,63,0.49,"Video, People also ask, Top stories, Related searches"
free tv deutsch,Commercial,40,1600,50,0.62,"Reviews, Video, People also ask, Related searches"
german iptv,Commercial,51,1600,19,0.87,"Video, People also ask, Related searches"
internet tv kostenlos,"Informational, Commercial",47,1600,57,0.65,"AI Overview, Reviews, Video, People also ask, Related searches, Ads bottom, Ads middle"
iptv test,Commercial,49,1600,5,0.89,"Video, People also ask, Related searches"
kostenlos tv gucken,Commercial,40,1600,43,1.01,"Reviews, Video, People also ask, Related searches"
live tv vox,Commercial,35,1600,43,0.55,"AI Overview, Reviews, Video, People also ask, Related searches, Ads bottom"
livestream kostenlos rtl,"Navigational, Transactional",38,1600,53,1.04,"Sitelinks, Reviews, Video, People also ask, Related searches"
magenta tv stick kaufen,Transactional,42,1600,29,0.24,"Reviews, People also ask, Related searches, Popular products, Ads bottom"
mediathek rtl live,"Navigational, Transactional",40,1600,63,0.30,"Sitelinks, AI Overview, Reviews, Video, People also ask, Related searches"
netflix germany,"Navigational, Transactional",38,1600,65,1.53,"Sitelinks, Reviews, Video, People also ask, Related searches"
netflix telefonnummer kostenlos,"Informational, Transactional",38,1600,44,0.00,Related searches
netflix testen,"Informational, Transactional",44,1600,50,1.43,"Reviews, Video, People also ask, Related searches"
netflixfilme,Transactional,32,1600,34,0.25,"Video, People also ask, Related searches"
onlinetvrecorder,"Informational, Transactional",44,1600,18,1.31,"Reviews, Video, People also ask, Related searches"
receiver kaufen,Transactional,36,1600,32,0.57,"Video, People also ask, Local pack, Related searches"
rtl free live streaming,"Navigational, Transactional",36,1600,42,0.96,"Reviews, Video, People also ask, Related searches"
rtl jetzt live,"Navigational, Transactional",38,1600,74,0.62,"Reviews, Video, People also ask, Related searches"
rtl live kostenlos ohne anmeldung,"Navigational, Transactional",40,1600,42,1.18,"Video, People also ask, Related searches"
rtl live streaming,"Navigational, Transactional",40,1600,40,0.63,"Sitelinks, Reviews, Video, People also ask, Related searches"
rtl live television,"Navigational, Transactional",38,1600,67,0.65,"Sitelinks, Reviews, Video, People also ask, Related searches"
rtl livestream free,Transactional,36,1600,51,1.05,"Reviews, Video, People also ask, Related searches"
rtl livestream jetzt,"Navigational, Transactional",40,1600,60,0.62,"Reviews, Video, People also ask, Related searches"
rtl mediathek kostenlos ohne anmeldung,"Navigational, Transactional",40,1600,54,0.21,"AI Overview, Reviews, Video, People also ask, Related searches"
rtl now kostenlos,"Navigational, Transactional",45,1600,53,0.17,"Reviews, Video, People also ask, Related searches"
rtl ohne anmeldung,"Navigational, Transactional",40,1600,37,1.27,"Reviews, Video, People also ask, Related searches"
rtl plus anmelden,"Navigational, Transactional",41,1600,36,0.56,"Sitelinks, Reviews, Video, People also ask, Related searches"
rtl plus free,Transactional,41,1600,55,0.43,"Reviews, Video, People also ask, Related searches"
rtl streaming,"Navigational, Transactional",45,1600,62,0.81,"Reviews, Video, Video carousel, People also ask, Related searches"
rtl tv heute,Commercial,34,1600,36,0.55,"Video, People also ask, Related searches"
rtl2 live stream kostenlos ohne anmeldung,"Navigational, Transactional",38,1600,29,0.65,"Reviews, Video, People also ask, Related searches"
smart ip tv,"Informational, Commercial",50,1600,34,1.22,"Reviews, Image pack, Video, Video carousel, People also ask, Related searches"
streaming dienste vergleich,Commercial,43,1600,43,1.33,"AI Overview, Reviews, Video, Video carousel, People also ask, Related searches, Ads bottom, Ads middle"
telekom internet und tv,"Navigational, Transactional",42,1600,36,2.15,"Reviews, People also ask, Related searches"
telekom tv und internet,Transactional,42,1600,56,1.71,"Reviews, Video, People also ask, Related searches, Ads top, Ads bottom"
tv receiver,"Informational, Commercial",37,1600,20,1.00,"Image pack, Video, Video carousel, People also ask, Related searches, Popular products"
tv schauen online,Commercial,44,1600,60,1.52,"Reviews, Video, People also ask, Related searches, Ads top, Ads bottom"
verpasste sendung rtl,"Informational, Transactional",33,1600,50,0.27,"Video, People also ask, Related searches"
2x2 rtl,"Navigational, Transactional",34,1300,70,0.84,"Sitelinks, Video, Related searches"
addons für kodi,Commercial,46,1300,11,0.01,"Sitelinks, Reviews, Video, People also ask"
anbieter fernsehen internet,Commercial,49,1300,37,1.72,"AI Overview, Reviews, Video, People also ask, Related searches"
anbieter kabelfernsehen,"Informational, Commercial",40,1300,45,1.22,"Reviews, Video, People also ask, Related searches"
beste streaming dienste,Commercial,45,1300,44,1.89,"AI Overview, Reviews, Video, People also ask, Related searches"
bester streaming dienst,Commercial,45,1300,44,1.71,"AI Overview, Reviews, Video, People also ask, Related searches, Ads bottom, Ads middle"
deutsche filme auf netflix,Commercial,34,1300,25,0.00,"People also ask, Related searches"
deutschland iptv,Commercial,50,1300,30,1.35,"AI Overview, Video, People also ask, Related searches"
fe tv,"Informational, Transactional",32,1300,47,0.67,"AI Overview, Reviews, People also ask, Knowledge panel, Related searches"
free rtl stream,"Navigational, Transactional",37,1300,54,1.11,"Reviews, Video, People also ask, Related searches"
free tv rtl,"Navigational, Transactional",39,1300,72,0.65,"Sitelinks, Reviews, Video, People also ask, Top stories, Related searches"
germany iptv,Commercial,44,1300,21,0.87,"AI Overview, Video, Video carousel, Related searches"
gratis fernsehen,Commercial,40,1300,38,1.04,"Reviews, Video, People also ask, Related searches"
iptvkaufen,Transactional,48,1300,21,0.99,"Image pack, Video, Related searches, Ads top, Ads bottom"
iptvmeezzy,Transactional,46,1300,15,0.00,"Sitelinks, AI Overview, Related searches"
kodi addons,Commercial,39,1300,22,0.00,"Sitelinks, Reviews"
kodi kodi download,"Informational, Transactional",41,1300,47,0.00,"Video, People also ask"
kodi program addons,Commercial,39,1300,33,0.27,"Sitelinks, Reviews, Video, People also ask"
kostenlos fernseh schauen,Commercial,38,1300,49,0.57,"AI Overview, Reviews, Image, Video, People also ask, Related searches"
kostenlos fernsehen gucken,Commercial,39,1300,49,0.75,"AI Overview, Reviews, Video, People also ask, Related searches"
kostenlos fernsehen im internet,Commercial,42,1300,38,0.58,"AI Overview, Reviews, Video, People also ask, Related searches"
kostenlos online fernsehen,Commercial,39,1300,52,0.81,"Reviews, Video, People also ask, Knowledge panel, Related searches"
live rtl stream,"Navigational, Transactional",37,1300,46,0.63,"Reviews, Video, People also ask, Related searches, Ads bottom"
magenta internet,Transactional,35,1300,41,2.88,"Reviews, Video, People also ask, Related searches, Ads top, Ads bottom"
magenta tv one 2. generation kaufen,Transactional,35,1300,24,1.76,"People also ask, Related searches, Popular products"
magenta tv plus,"Informational, Commercial",41,1300,50,4.64,"AI Overview, Reviews, Video, People also ask, Related searches"
magenta tv web,"Informational, Transactional",43,1300,61,3.39,"Reviews, Video, People also ask, Related searches"
magentatv smart,"Navigational, Commercial",41,1300,37,2.73,"Sitelinks, AI Overview, Reviews, Video, People also ask, Related searches"
netflix abo abschließen,"Navigational, Transactional",45,1300,68,1.78,"Sitelinks, Reviews, Video, Video carousel, People also ask, Related searches"
netflix abonnement,"Navigational, Transactional",41,1300,54,1.31,"Reviews, Video, People also ask, Related searches"
netflix premium abo,"Informational, Transactional",41,1300,54,1.10,"AI Overview, Reviews, People also ask, Related searches"
netflix standard,"Informational, Transactional",36,1300,55,1.36,"AI Overview, Reviews, Video, People also ask, Related searches"
netflix telefonnummer kundenservice,"Informational, Transactional",37,1300,48,0.00,Related searches
nydus rtl,"Navigational, Transactional",33,1300,33,0.66,"Video, Related searches"
programm rtl plus,"Informational, Transactional",36,1300,64,0.06,"Reviews, People also ask, Related searches"
rtl 2 live stream kostenlos ohne anmeldung,"Navigational, Transactional",37,1300,26,0.65,"Reviews, Video, People also ask, Related searches"
rtl free,"Navigational, Transactional",38,1300,54,0.51,"AI Overview, Reviews, Video, Video carousel, People also ask, Related searches"
rtl free live stream,"Navigational, Transactional",38,1300,48,0.83,"Reviews, Video, Related searches"
rtl germany,"Navigational, Transactional",35,1300,90,0.44,"Sitelinks, Reviews, Video, People also ask, Related searches"
rtl kostenlos live,"Navigational, Transactional",40,1300,49,1.05,"Reviews, Video, People also ask, Related searches"
rtl life,"Navigational, Transactional",32,1300,34,0.47,"Sitelinks, Reviews, Video, People also ask, Related searches"
rtl live mediathek,"Navigational, Transactional",40,1300,67,0.30,"Reviews, Video, People also ask, Related searches"
rtl live ohne anmelden,"Navigational, Transactional",38,1300,39,1.03,"Reviews, Video, People also ask, Related searches"
rtl live ohne anmeldung,"Navigational, Transactional",42,1300,53,1.03,"Reviews, Video, Video carousel, People also ask, Related searches"
rtl live programm,Transactional,37,1300,70,0.53,"Reviews, Video, People also ask, Related searches"
rtl plus filme,"Informational, Transactional",39,1300,47,0.20,"Reviews, Video, People also ask, Related searches"
rtl programm live,"Navigational, Transactional",37,1300,68,0.53,"Reviews, Video, People also ask, Related searches"
rtl schauen kostenlos,"Navigational, Transactional",39,1300,53,1.18,"Reviews, Video, People also ask, Related searches, Ads bottom"
rtl schauen live,Transactional,40,1300,50,0.80,"Sitelinks, Reviews, Video, People also ask, Top stories, Related searches"
rtl stream free,Transactional,37,1300,51,1.11,"Reviews, Video, People also ask, Related searches"
rtl up livestream,"Navigational, Transactional",38,1300,45,0.65,"Sitelinks, Reviews, Video, People also ask, Related searches"
rtl2 stream kostenlos,Commercial,40,1300,36,0.97,"Reviews, Video, People also ask, Related searches"
rtlup livestream kostenlos ohne anmeldung,"Navigational, Transactional",36,1300,23,0.00,"Sitelinks, AI Overview, Reviews, Video, People also ask, Related searches"
sat receiver hd+,"Informational, Commercial",33,1300,22,0.13,"Reviews, People also ask, Related searches, Popular products"
sat receiver mit festplatte,Commercial,37,1300,21,0.15,"Reviews, Video, People also ask, Related searches, Popular products, Ads middle"
sky box,"Informational, Transactional",37,1300,33,0.84,"Reviews, Image, Video, Video carousel, People also ask, Related searches"
streaming rtl live,"Navigational, Transactional",41,1300,65,0.79,"Sitelinks, Reviews, Video, People also ask, Related searches"
telekom angebot,"Navigational, Transactional",35,1300,42,0.97,"Reviews, Video, People also ask, Related searches"
television receivers,"Informational, Transactional",38,1300,38,1.00,"Reviews, Image pack, Video, People also ask, Related searches, Popular products"
tv gratis schauen,Commercial,40,1300,40,0.51,"Reviews, Video, People also ask, Related searches"
tv gucken kostenlos,Commercial,40,1300,39,0.72,"Reviews, Video, People also ask, Related searches, Ads middle"
tv on a stick,Commercial,47,1300,29,1.37,"Reviews, Video, Video carousel, People also ask, Related searches"
tv rtl,"Informational, Commercial",35,1300,62,0.58,"Reviews, Video, Video carousel, People also ask, Top stories, Related searches"
tv schauen,Commercial,43,1300,72,1.11,"Reviews, Video, People also ask, Related searches"
vox live stream joyn,"Navigational, Transactional",29,1300,61,0.69,"AI Overview, Reviews, Video, People also ask, Related searches"
waipu tv alternative,"Informational, Commercial",40,1300,28,0.57,"Sitelinks, AI Overview, Reviews, Video, People also ask, Related searches"
xstream kodi,Commercial,42,1300,29,0.00,"AI Overview, Reviews, Image pack, Video, Video carousel, People also ask"
2ix2 vox,"Navigational, Transactional",31,1000,28,1.16,"Sitelinks, Reviews, Video, People also ask, Related searches"
6iptv,"Navigational, Transactional",40,1000,6,1.90,"People also ask, Related searches"
anbieter internet tv,"Informational, Commercial",53,1000,40,2.33,"Sitelinks, AI Overview, Reviews, Video, People also ask, Related searches"
fernsehen gratis,Commercial,39,1000,40,0.91,"Reviews, Video, People also ask, Top stories, Related searches"
fernsehen gucken kostenlos,Commercial,39,1000,49,0.75,"Reviews, Video, People also ask, Knowledge panel, Related searches"
fernsehen im internet kostenlos ohne anmeldung deutsch,"Navigational, Transactional",38,1000,36,0.37,"Reviews, Video, People also ask, Related searches"
fernsehen kostenlos internet,Commercial,41,1000,49,0.52,"Reviews, Video, People also ask, Knowledge panel, Related searches"
fernsehen über telekom,"Navigational, Commercial",43,1000,41,1.41,"Sitelinks, AI Overview, Reviews, Video, Video carousel, People also ask, Related searches"
fußball rtl live,"Informational, Transactional",36,1000,42,0.64,"Reviews, Video, Related searches"
homespot router,Commercial,36,1000,20,1.70,"Sitelinks, Reviews, Video, People also ask, Related searches, Popular products, Ads top, Ads bottom"
iptv alle sender,"Informational, Commercial",54,1000,17,0.00,"AI Overview, Reviews, Video, People also ask, Related searches"
kostenlos online tv,Commercial,41,1000,51,1.07,"Reviews, Video, People also ask, Related searches"
kostenloses live fernsehen,Commercial,38,1000,52,0.49,"AI Overview, Reviews, Video, Related searches, Ads bottom"
live rtl,"Navigational, Transactional",37,1000,70,0.47,"Reviews, Video, Video carousel, People also ask, Top stories, Related searches"
livestream tv kostenlos,Commercial,39,1000,65,0.68,"Reviews, Video, People also ask, Related searches"
magenta tv preise,Commercial,43,1000,31,3.39,"AI Overview, Reviews, Video, People also ask, Related searches, Ads top"
magentatv one 2 generation,Commercial,35,1000,30,2.26,"Sitelinks, Reviews, Video carousel, People also ask, Knowledge panel, Related searches"
netflix account erstellen,"Navigational, Transactional",46,1000,59,2.72,"Video, Video carousel, People also ask, Related searches"
netflix konto erstellen,"Navigational, Transactional",47,1000,58,3.06,"Video, Video carousel, People also ask, Related searches"
nitro livestream ohne anmeldung,"Navigational, Transactional",35,1000,24,0.00,"Video, People also ask, Related searches"
prosieben live stream kostenlos,Commercial,38,1000,50,0.48,"Reviews, Video, People also ask, Related searches"
rtl aktuell heute,"Informational, Transactional",32,1000,50,0.00,"Video, People also ask, Knowledge panel, Related searches"
rtl de aktuell,"Navigational, Transactional",33,1000,57,0.51,"Sitelinks, Reviews, Video, Video carousel, People also ask, Related searches"
rtl de live,"Navigational, Transactional",35,1000,58,0.81,"Reviews, Video, People also ask, Top stories, Related searches"
rtl free stream,Transactional,38,1000,54,1.11,"Reviews, Video, People also ask, Top stories, Related searches"
rtl kostenlos ohne anmeldung,"Navigational, Transactional",41,1000,55,1.06,"Reviews, Video, People also ask, Related searches"
rtl live fußball ohne anmeldung,"Navigational, Transactional",38,1000,49,0.00,"Reviews, Video, Related searches"
rtl live gucken,Commercial,38,1000,47,1.01,"Sitelinks, Reviews, Video, People also ask, Related searches"
rtl live nydus,"Navigational, Transactional",35,1000,30,0.00,"Sitelinks, Related searches"
rtl plus live programm,"Navigational, Transactional",41,1000,59,0.33,"Sitelinks, Reviews, Video, People also ask, Related searches"
rtl programm heute live,"Informational, Transactional",33,1000,47,0.49,"Sitelinks, Reviews, Video, People also ask, Related searches"
rtl verpasste sendung,Transactional,34,1000,51,0.32,"Video, People also ask, Related searches"
s rtl live,"Navigational, Transactional",36,1000,53,0.77,"Reviews, Video, People also ask, Related searches"
sat 1 kostenlos streamen,Commercial,40,1000,46,0.42,"Reviews, Video, People also ask, Related searches"
sat 1 stream kostenlos,Commercial,39,1000,35,0.49,"Reviews, Video, People also ask, Related searches"
super rtl live stream,Transactional,36,1000,33,0.98,"Reviews, Video, People also ask, Related searches"
telekom kabelfernsehen,"Informational, Transactional",42,1000,50,1.73,"AI Overview, Reviews, People also ask, Related searches, Ads top"
telekom tv stick,"Informational, Transactional",38,1000,22,0.57,"Reviews, Video, People also ask, Related searches"
tv kostenlos gucken,Commercial,40,1000,52,1.01,"Reviews, Video, Video carousel, People also ask, Related searches"
tv ohne anmeldung,"Navigational, Transactional",42,1000,38,0.00,"Reviews, Video, People also ask, Related searches"
tv rtl stream,"Navigational, Transactional",41,1000,66,0.65,"Reviews, Video, People also ask, Related searches, Ads top, Ads middle"
tv schauen kostenlos,Commercial,39,1000,49,0.66,"Sitelinks, Reviews, Video, People also ask, Related searches, Ads middle"
tv smart tv box,Commercial,39,1000,18,0.63,"Sitelinks, Reviews, Video, Video carousel, People also ask, Related searches, Popular products"
tv streaming dienste,Commercial,47,1000,40,1.28,"AI Overview, Reviews, Video, People also ask, Top stories, Related searches"
tv und internet,Commercial,46,1000,41,2.78,"Reviews, Video, People also ask, Related searches, Ads top, Ads bottom"
tv with tv,"Informational, Transactional",38,1000,55,0.68,"Reviews, Video, Video carousel, People also ask, Related searches"
web tv,"Navigational, Commercial",43,1000,27,1.35,"Sitelinks, Reviews, Video, People also ask, Related searches, Ads bottom"
fernseh app,"Informational, Commercial",35,880,50,1.56,"AI Overview, Reviews, Video, People also ask, Related searches, Ads top, Ads bottom"
fernseher mit receiver,Commercial,40,880,21,0.18,"Reviews, Image, Video, People also ask, Related searches, Popular products, Ads top, Ads middle"
fernseher mit wlan,Commercial,42,880,25,0.40,"Video, Video carousel, People also ask, Related searches, Popular products"
gzsz rtlnow,"Navigational, Transactional",32,880,43,0.00,"Sitelinks, Video, Related searches"
internet mit tv anbieter,Commercial,50,880,45,2.33,"Reviews, Video, People also ask, Related searches"
internet tv angebote,Commercial,48,880,43,2.06,"Reviews, Video, People also ask, Related searches, Ads middle"
iptv receiver,"Informational, Commercial",50,880,16,0.00,"Sitelinks, Video, People also ask, Related searches, Popular products"
konto erstellen netflix,"Navigational, Transactional",46,880,52,3.06,"Video, People also ask, Related searches"
kostenlose tv,Commercial,41,880,37,0.93,"Reviews, Video, People also ask, Related searches"
live tv stream kostenlos,Commercial,39,880,51,1.23,"Reviews, Video, People also ask, Related searches"
livetv alternative,"Informational, Commercial",38,880,30,2.55,"Sitelinks, AI Overview, Video, People also ask, Related searches"
magenta tv filme,"Informational, Transactional",36,880,21,1.26,"Video, People also ask, Related searches"
magentatv stick für bestandskunden,"Informational, Transactional",42,880,28,0.29,"Reviews, Video, People also ask, Related searches, Popular products"
my siptv,"Informational, Transactional",45,880,20,1.04,"Reviews, Video, Video carousel, People also ask, Related searches"
netflix abbo,"Navigational, Transactional",39,880,54,1.43,"People also ask, Related searches"
netflix anmeldung,"Navigational, Transactional",38,880,55,1.58,"Video, People also ask, Related searches"
newest free global iptv,"Informational, Transactional",41,880,42,0.00,"Reviews, Video, Video carousel, People also ask, Related searches"
nitro live stream ohne anmeldung,"Navigational, Transactional",35,880,27,0.00,"Reviews, Video, People also ask, Related searches"
online kostenlos fernsehen,Commercial,43,880,54,0.81,"Reviews, Video, People also ask, Related searches"
otr onlinetvrecorder,"Navigational, Transactional",37,880,24,1.82,"Video, People also ask, Related searches"
receiver telekom,Transactional,41,880,28,1.49,"Reviews, Image pack, Video, Video carousel, People also ask, Related searches, Ads top"
rtl for free,"Navigational, Transactional",37,880,51,0.57,"Sitelinks, AI Overview, Reviews, Video, People also ask, Related searches, Ads bottom"
rtl free streaming,"Navigational, Transactional",38,880,45,1.07,"AI Overview, Video, People also ask, Top stories, Related searches, Ads top, Ads bottom"
rtl online élő adás ingyen,Commercial,34,880,40,1.06,"Reviews, Video, Related searches"
rtl plus jahresabo,"Informational, Transactional",38,880,44,1.81,"AI Overview, Reviews, Image, Video, People also ask, Related searches"
rtl stream live kostenlos,Transactional,38,880,54,1.04,"Sitelinks, Reviews, Video, People also ask, Related searches"
rtl tv germany,"Navigational, Transactional",35,880,76,0.44,"Sitelinks, AI Overview, Reviews, Video, People also ask, Related searches"
rtl up kostenlos ohne anmeldung,"Navigational, Transactional",38,880,31,0.00,"Reviews, People also ask, Related searches"
rtl uživo,"Navigational, Transactional",37,880,45,0.00,"Video, Related searches"
rtlup live stream kostenlos,Commercial,39,880,26,0.00,"Sitelinks, Reviews, Video, People also ask, Related searches"
stb set top box,"Informational, Commercial",41,880,27,0.74,"Reviews, Image, People also ask, Knowledge panel, Related searches, Popular products"
television and internet,Commercial,40,880,28,2.27,"Sitelinks, AI Overview, Reviews, Video, People also ask, Knowledge panel, Related searches, Ads bottom"
television internet gratis,Commercial,41,880,43,0.59,"Reviews, Video, Video carousel, People also ask, Related searches"
tv and internet,Commercial,41,880,44,2.27,"AI Overview, Reviews, Video, Knowledge panel, Related searches"
tv anschluss,"Informational, Commercial",39,880,36,2.52,"AI Overview, Reviews, Image, Image pack, Video, People also ask, Related searches, Ads top, Ads middle"
tv stream online kostenlos,Commercial,38,880,53,1.13,"AI Overview, Reviews, Video, People also ask, Related searches"
tvonline ro,Commercial,33,880,63,0.83,"Reviews, Video, Related searches"
wlan anmelden,"Informational, Transactional",46,880,35,8.08,"AI Overview, Reviews, Video, People also ask, Related searches, Ads bottom"
wlan fernseh,Commercial,37,880,21,0.51,"Video, Video carousel, People also ask, Related searches, Popular products"
fernseh online,Commercial,34,720,73,1.86,"Reviews, Video, Related searches"
fernseh receiver,Commercial,35,720,35,0.84,"Sitelinks, Video, Video carousel, People also ask, Related searches, Popular products, Ads bottom"
fernsehbox,Commercial,41,720,45,0.21,"Sitelinks, Reviews, Video, People also ask, Related searches, Ads top, Ads bottom"
fernsehen kostenlos streamen,Commercial,39,720,41,0.57,"AI Overview, Reviews, Video, People also ask, Related searches"
fernsehen ohne anschluss und ohne internet,Commercial,46,720,24,1.04,"Sitelinks, Reviews, Video, People also ask, Related searches, Popular products, Ads top, Ads bottom"
free rtl tv,"Navigational, Transactional",41,720,63,0.71,"Sitelinks, Reviews, Video, People also ask, Related searches"
fußball live rtl,"Informational, Transactional",38,720,40,0.72,"Reviews, Video, People also ask, Related searches"
gratis tv,Commercial,39,720,38,0.91,"Reviews, Video, People also ask, Related searches"
internet magenta,Transactional,35,720,41,2.88,"Reviews, Video, Video carousel, People also ask, Related searches, Ads top, Ads middle"
iptv apps,"Informational, Commercial",55,720,39,0.00,"AI Overview, Reviews, Video, Video carousel, People also ask, Related searches"
iptv smarters pro apk,Commercial,41,720,34,0.00,"Reviews, Video, Related searches"
kabel ein live,Commercial,39,720,33,0.49,"Reviews, Video, People also ask, Related searches"
kodi repository,Commercial,35,720,44,0.00,"Reviews, Video"
kodi.tv,"Navigational, Transactional",46,720,65,1.10,"Sitelinks, AI Overview, Reviews, Video, Video carousel"
kostenlos fernsehen online,Commercial,41,720,47,0.75,"Reviews, Video, People also ask, Related searches"
kostenlos online tv schauen ohne anmeldung,"Navigational, Transactional",38,720,50,0.36,"Sitelinks, AI Overview, Reviews, Video, People also ask, Related searches"
live tv app,Commercial,39,720,40,1.53,"Reviews, Video, People also ask, Related searches"
livestream fernsehen,Commercial,38,720,80,0.69,"Reviews, Video, Video carousel, Related searches"
livestream free tv,Commercial,37,720,69,0.00,"Reviews, Video, People also ask, Top stories, Related searches"
magent,"Informational, Transactional",28,720,75,2.97,"Sitelinks, Reviews, Video, People also ask, Knowledge panel, Related searches"
magenta netflix,Commercial,38,720,26,5.41,"AI Overview, Reviews, Video, Short videos, People also ask, Related searches"
netflix abo vergleich,"Informational, Commercial",40,720,43,1.82,"Sitelinks, AI Overview, Reviews, Video, People also ask, Related searches, Ads middle"
netflix abos preise,Transactional,39,720,51,0.81,"AI Overview, Reviews, Video, People also ask, Related searches"
netflix email ändern,"Informational, Transactional",40,720,40,0.00,"AI Overview, Reviews, Video, People also ask, Related searches"
netflix filme auf deutsch,Transactional,32,720,43,0.00,"Reviews, Video, People also ask, Related searches"
netflix kostenübersicht,"Informational, Transactional",43,720,49,0.93,"AI Overview, Reviews, Image pack, Video, People also ask, Related searches"
netflix mitgliedschaft,"Navigational, Transactional",43,720,57,2.34,"People also ask, Related searches"
netflix preise abo,Transactional,42,720,50,1.10,"AI Overview, Reviews, Video, People also ask, Related searches"
netflix preise deutschland,Transactional,43,720,49,1.22,"AI Overview, Reviews, Video, People also ask, Related searches"
netflix preistabelle,"Informational, Transactional",41,720,55,1.12,"AI Overview, Reviews, Video, People also ask, Related searches"
netflix preisübersicht,"Informational, Transactional",42,720,54,0.00,"AI Overview, Reviews, People also ask, Related searches"
receiver für fernseher,Commercial,43,720,25,0.50,"People also ask, Related searches"
rtl free livestream,"Navigational, Transactional",36,720,50,1.25,"Reviews, Video, People also ask, Related searches"
rtl gucken,Transactional,40,720,53,1.06,"Reviews, Video, People also ask, Related searches, Ads top, Ads bottom"
rtl live sehen,"Navigational, Transactional",38,720,46,0.84,"Reviews, Video, People also ask, Related searches"
rtl live stream formel 1 kostenlos,"Navigational, Transactional",39,720,29,0.00,"Sitelinks, Reviews, Video, People also ask, Related searches"
rtl livestream ohne anmeldung,"Navigational, Transactional",39,720,38,1.51,"Reviews, Video, People also ask, Related searches"
rtl nydus,"Navigational, Transactional",34,720,35,0.00,"Sitelinks, Related searches"
rtl plus com tv login,"Navigational, Transactional",40,720,40,0.14,"Sitelinks, Reviews, People also ask, Related searches"
rtl plus paket,"Navigational, Transactional",41,720,51,1.99,"AI Overview, Reviews, Video, People also ask, Related searches"
rtl plus programm heute,Commercial,35,720,63,0.24,"Video, People also ask, Related searches"
rtl super live,"Navigational, Transactional",35,720,44,0.30,"Reviews, Video, People also ask, Related searches"
rtlup kostenlos,Commercial,34,720,45,0.74,"Sitelinks, AI Overview, Reviews, Video, People also ask, Related searches"
sky q receiver kaufen,Transactional,42,720,31,0.57,"Reviews, People also ask, Related searches, Popular products, Ads top, Ads bottom"
telekom magenta tv stick,"Informational, Transactional",38,720,27,0.32,"Reviews, Video, People also ask, Related searches, Popular products"
telekom stick,"Informational, Transactional",32,720,23,0.61,"Reviews, Video, People also ask, Related searches, Popular products"
tv boxen,Commercial,43,720,34,2.10,"Reviews, Image pack, Video, Video carousel, People also ask, Related searches, Popular products, Ads middle"
tv kostenlos ohne anmeldung,"Navigational, Transactional",39,720,33,0.49,
tv programm live,"Informational, Transactional",36,720,79,0.75,"Reviews, Video, Related searches"
tv sticks vergleich,Commercial,42,720,30,0.66,"Sitelinks, Reviews, Video, People also ask, Related searches"
tv umsonst,Commercial,38,720,41,1.25,"Reviews, Video, People also ask, Related searches"
voxup live stream kostenlos,Commercial,35,720,23,0.00,"Sitelinks, Reviews, People also ask, Related searches"
alternative zu magenta tv,"Informational, Commercial",46,590,17,0.70,"AI Overview, Reviews, Video, People also ask, Related searches"
apps on kodi,Commercial,36,590,42,0.00,"AI Overview, Reviews, Video, People also ask"
deutsch iptv,Commercial,53,590,10,0.00,"AI Overview, Video, Related searches"
fernsehen umsonst,Commercial,38,590,57,0.75,"AI Overview, Reviews, Video, People also ask, Related searches"
fernsehen und internet telekom,Transactional,42,590,29,1.22,"Reviews, Video, People also ask, Related searches, Ads top, Ads bottom"
fernseher für kabelanschluss,Commercial,45,590,32,1.48,"Reviews, Image, Video, People also ask, Related searches, Popular products"
fernseher mit internet,Commercial,43,590,28,0.53,"Reviews, Video, People also ask, Related searches, Popular products, Ads bottom"
fernsehn kostenlos,Commercial,41,590,47,0.64,"Reviews, Image, Video, People also ask, Related searches, Ads bottom"
fernsehn kostenlos schauen,Commercial,41,590,37,0.65,"Video, People also ask, Related searches, Ads top, Ads middle"
fernsehn mit wlan,Commercial,43,590,26,0.40,"Video, People also ask, Related searches, Popular products"
internet mit tv,Commercial,44,590,38,3.87,"Reviews, Video, People also ask, Related searches, Ads top, Ads middle"
internet tv vergleich,Commercial,47,590,36,1.74,"Sitelinks, Reviews, Video, People also ask, Related searches, Ads top, Ads middle"
internet und fernsehen,Commercial,44,590,35,2.31,"Reviews, Video, People also ask, Related searches, Ads top, Ads middle"
ip tv kaufen,Commercial,47,590,30,1.33,"Video, People also ask, Related searches"
iptv abo,Commercial,48,590,8,0.00,"AI Overview, Image, Video, People also ask"
iptv anbieter vergleich,Commercial,49,590,41,0.00,"AI Overview, Video, People also ask, Related searches"
iptv deutsch,"Informational, Commercial",56,590,30,0.00,"AI Overview, Video, Related searches"
iptv for receiver,Commercial,55,590,15,0.00,"Sitelinks, Reviews, Video, People also ask, Related searches, Popular products"
iptv line,"Informational, Commercial",48,590,10,0.00,"AI Overview, Reviews, Image, Video, People also ask"
iptv player android,Commercial,48,590,26,0.00,"Reviews, Video, Video carousel, People also ask, Related searches"
iptv tv stick,Commercial,54,590,17,0.00,"Sitelinks, Reviews, Video, People also ask, Related searches, Popular products"
kodi addons deutsch,Commercial,50,590,15,0.65,"Reviews, Video, Video carousel, People also ask"
live fernsehen rtl,"Navigational, Transactional",40,590,57,0.66,"Reviews, Video, People also ask, Related searches"
live tv gratis,Commercial,38,590,50,0.52,"Reviews, Image, Video, People also ask, Related searches"
livestream rtl nitro,Commercial,38,590,30,1.20,"Sitelinks, Reviews, Video, People also ask, Related searches"
livestreams kostenlos,Commercial,39,590,67,0.87,"Reviews, Video, People also ask, Related searches"
livestreamtv,Commercial,43,590,69,0.74,"AI Overview, Reviews, Video, Related searches"
livetv streaming,"Informational, Transactional",37,590,26,1.08,"Reviews, Video, Related searches"
magenta tv geräte,Transactional,47,590,27,3.48,"Reviews, Video, People also ask, Related searches"
magenta tv mit netflix,Commercial,44,590,21,3.07,"Reviews, Video, People also ask, Related searches, Ads middle"
magentatv preise,Commercial,44,590,29,3.39,"AI Overview, Reviews, Video, People also ask, Related searches, Ads top, Ads bottom"
mein rtl,"Navigational, Transactional",38,590,73,0.40,"Reviews, Video, People also ask, Related searches, Ads top, Ads middle"
netflix abo mit werbung,"Informational, Transactional",39,590,55,0.73,"AI Overview, Video, People also ask, Related searches"
netflix abo preis,Transactional,42,590,54,1.10,"AI Overview, Reviews, People also ask, Related searches"
netflix accounts,Transactional,38,590,58,0.90,"Video, People also ask, Related searches"
netflix kaufen,Transactional,39,590,53,1.18,"Reviews, People also ask, Related searches, Ads bottom"
netflix monatliche kosten,"Informational, Transactional",42,590,52,1.11,"AI Overview, Reviews, Video, People also ask, Related searches"
netflix telekom,"Navigational, Transactional",41,590,28,3.18,"Reviews, Video, People also ask, Related searches"
netflix website,Transactional,34,590,92,0.97,"Reviews, People also ask, Related searches"
repos kodi,Commercial,38,590,38,0.00,"AI Overview, Reviews, Video, People also ask"
rlt live,"Navigational, Transactional",34,590,63,0.47,"Reviews, Video, People also ask, Related searches"
rrl live,"Navigational, Transactional",29,590,42,0.47,"Reviews, Video, People also ask, Related searches"
rtl fernsehen heute,"Navigational, Commercial",33,590,50,0.46,"Sitelinks, Video, People also ask, Related searches"
rtl liv,Transactional,36,590,51,0.47,"Reviews, Video, People also ask, Related searches, Ads top, Ads middle"
rtl live kostenlos schauen,Commercial,39,590,39,0.94,"Featured snippet, Reviews, Video, People also ask, Related searches"
rtl live stream kostenlos ohne anmeldung 2ix2 legal,"Navigational, Transactional",37,590,29,0.00,"Sitelinks, AI Overview, Reviews, Video, People also ask, Related searches"
rtl live stream ohne anmeldung,"Navigational, Transactional",35,590,48,1.08,"Reviews, Video, People also ask, Related searches"
rtl livestram,"Navigational, Transactional",38,590,45,0.63,"Sitelinks, Reviews, Video, People also ask, Related searches, Ads bottom"
rtl livestream kostenlos ohne anmeldung,"Navigational, Transactional",40,590,46,1.20,"AI Overview, Reviews, Video, Related searches"
rtl nfl live-stream kostenlos,"Navigational, Transactional",36,590,29,0.00,"Reviews, Video, People also ask, Related searches"
rtl plus konto,"Navigational, Transactional",41,590,41,1.42,"Reviews, Video, People also ask, Related searches"
rtl plus streamen,Transactional,44,590,49,0.58,"AI Overview, Reviews, Video, Video carousel, People also ask, Related searches, Ads top, Ads bottom"
rtl-mediathek,Transactional,40,590,69,0.19,"Reviews, Video, People also ask, Related searches, Ads top"
rtl2 streamen,Commercial,39,590,45,0.75,"Reviews, Video, People also ask, Related searches"
rtlplus live stream kostenlos ohne anmeldung,"Navigational, Transactional",38,590,41,0.00,"AI Overview, Reviews, Video, People also ask, Related searches"
rtlplus mediathek,Commercial,38,590,31,0.04,"Reviews, Video, People also ask, Related searches, Ads top, Ads bottom"
rtlup live stream kostenlos ohne anmeldung 2ix2,"Navigational, Transactional",37,590,27,0.00,"Sitelinks, Reviews, People also ask, Related searches"
sat receiver mit wlan,Commercial,35,590,17,0.13,"Video, People also ask, Related searches, Popular products, Ads bottom"
sky de freischaltung,Transactional,48,590,29,1.62,"Reviews, People also ask, Related searches, Ads middle"
stb приемник,"Informational, Transactional",49,590,25,0.00,"Image pack, Video, People also ask, Knowledge panel, Related searches"
stick android tv,Commercial,44,590,25,0.50,"Sitelinks, Video, Video carousel, People also ask, Related searches, Popular products"
streaming dienste im vergleich,Commercial,41,590,41,1.60,"Reviews, Video, People also ask, Related searches"
telekom magentatv one,"Informational, Transactional",36,590,27,2.54,"Reviews, Video, Video carousel, People also ask, Related searches"
television iptv player,Commercial,52,590,44,0.00,"Reviews, Video, Video carousel, People also ask, Related searches"
top tv app,Commercial,39,590,30,1.15,"AI Overview, Reviews, Video, People also ask, Related searches"
tv anbieter vergleich,Commercial,45,590,43,1.58,"AI Overview, Reviews, Video, People also ask, Related searches"
tv free,Commercial,35,590,50,0.71,"Reviews, Video, People also ask, Top stories, Related searches, Ads middle"
tv germany,"Informational, Commercial",38,590,79,0.70,"Reviews, Video, People also ask, Top stories, Related searches, Ads top, Ads bottom"
tv iptv player,"Informational, Transactional",53,590,30,0.00,"Reviews, Video, Video carousel, People also ask, Related searches"
tv mit wlan,Commercial,43,590,25,0.58,"Video, People also ask, Related searches, Popular products"
tv über wlan,"Informational, Commercial",47,590,26,1.56,"AI Overview, Reviews, Video, Video carousel, People also ask, Related searches"
umsonst fernsehen,Commercial,39,590,43,0.75,"AI Overview, Reviews, Video, People also ask, Related searches"
vodafone fernbedienung,"Informational, Transactional",31,590,29,0.80,"Image pack, Video, People also ask, Related searches"
vox live nydus,"Navigational, Transactional",30,590,21,0.00,"Video, Related searches"
vox live stream legal,Commercial,30,590,46,0.00,"Sitelinks, AI Overview, Reviews, Video, People also ask, Related searches"
welcher streaming dienst ist der beste,Commercial,40,590,36,1.56,"AI Overview, Reviews, Video, People also ask, Related searches, Ads top"
anbieteriptv,Commercial,53,480,30,0.00,"AI Overview, Video, Related searches"
app zum fernsehen,"Informational, Commercial",40,480,48,1.55,"AI Overview, Reviews, Video, People also ask, Related searches"
best iptv player,Commercial,47,480,34,0.00,"Sitelinks, AI Overview, Reviews, Video, Video carousel, People also ask, Related searches"
bester iptv anbieter,Commercial,51,480,21,0.00,"Sitelinks, AI Overview, Video, Video carousel, People also ask, Related searches"
bester iptv player,Commercial,47,480,28,0.00,"AI Overview, Reviews, Video, People also ask, Related searches"
directe rtl,"Navigational, Transactional",34,480,71,0.01,"Sitelinks, Reviews, Video, People also ask, Related searches, Ads bottom"
fernbedienung vodafone,"Informational, Transactional",31,480,29,0.84,"Image pack, Video, People also ask, Related searches, Popular products"
fernseh kostenlos,Commercial,41,480,50,0.57,"Reviews, Video, People also ask, Related searches"
fernseh live,Commercial,33,480,85,0.54,"Reviews, Video, Top stories, Related searches"
fernseh live stream,Commercial,35,480,73,0.73,"Reviews, Video, Related searches"
fernsehen mit receiver integriert,Commercial,42,480,18,0.16,"Reviews, Video, People also ask, Related searches, Popular products, Ads bottom"
fernsehen ohne kabel und satellit und internet,Commercial,46,480,28,0.98,"Sitelinks, Video, Video carousel, People also ask, Related searches, Popular products, Ads top, Ads middle"
fernsehen rtl live,"Navigational, Transactional",38,480,57,0.65,"Reviews, Video, People also ask, Related searches"
fernsehgeräte mit internet,Commercial,43,480,24,0.51,"Reviews, Video, People also ask, Related searches, Popular products"
fire tv stick alternativen,"Informational, Commercial",40,480,19,0.48,"Sitelinks, AI Overview, Reviews, Video, People also ask, Related searches"
flixy tv stick mediamarkt,Transactional,47,480,36,0.45,"Sitelinks, Reviews, Video, People also ask, Related searches"
fussball rtl live stream,"Navigational, Transactional",40,480,48,0.91,"Reviews, Video, People also ask, Related searches"
internet fernsehgeräte,Commercial,43,480,27,0.51,"Reviews, Video, People also ask, Related searches"
internetfähiger fernseher,Commercial,45,480,22,0.24,"Reviews, Video, People also ask, Related searches, Popular products"
ip smarters pro apk,Commercial,34,480,37,0.00,"Reviews, Video, People also ask, Related searches"
iptv application android,"Informational, Transactional",47,480,37,0.00,"AI Overview, Reviews, Video, Video carousel, People also ask, Related searches"
iptv box sky,"Informational, Transactional",53,480,32,0.00,"AI Overview, Reviews, Video, Video carousel, People also ask, Related searches"
iptv line kaufen,Commercial,55,480,6,0.00,"Video, People also ask, Popular products"
iptv lines,"Informational, Commercial",49,480,7,0.00,"AI Overview, People also ask, Related searches"
iptv player win,"Informational, Commercial",47,480,27,0.00,"Sitelinks, AI Overview, Reviews, Video, Video carousel, Related searches"
iptv provider,"Informational, Commercial",48,480,34,0.00,"Sitelinks, AI Overview, Video, Video carousel, People also ask, Related searches"
iptv subscription,"Informational, Commercial",42,480,24,1.27,"Sitelinks, AI Overview, Video, Video carousel, People also ask, Related searches"
iptv test line,Commercial,41,480,1,0.00,Related searches
iptvgermany,Commercial,46,480,10,0.88,"Video, Related searches, Ads middle"
kabelfernsehen anmelden,Transactional,44,480,25,2.24,"AI Overview, Reviews, Video, People also ask, Related searches"
klein fernseher mit wlan,"Informational, Commercial",38,480,28,0.15,"Reviews, Video, People also ask, Related searches, Popular products"
kodi application,"Informational, Transactional",36,480,50,0.00,"Reviews, Video, People also ask"
kodi repo,Commercial,41,480,20,0.00,"Sitelinks, Reviews, Video, People also ask"
kostenlos rtl live schauen,Commercial,38,480,46,0.94,"AI Overview, Reviews, Video, People also ask, Related searches"
live canal tv,"Informational, Transactional",32,480,36,0.00,"Reviews, Video, People also ask, Related searches"
live rtl gucken,"Navigational, Transactional",38,480,51,1.01,"Sitelinks, Reviews, Video, People also ask, Related searches"
livetv übertragung,"Navigational, Transactional",37,480,20,1.47,"Reviews, Video, People also ask, Related searches"
magentatv one 2. generation,Commercial,35,480,29,2.26,"Sitelinks, Reviews, Video carousel, People also ask, Knowledge panel, Related searches"
magentatv testen,Commercial,45,480,24,3.43,"AI Overview, Reviews, Video, People also ask, Related searches"
mein netflix,"Navigational, Transactional",39,480,65,0.00,"People also ask, Related searches"
mobile and tv,"Informational, Transactional",36,480,17,0.34,"Reviews, Image, Video, Video carousel, People also ask, Related searches"
netflix abo deutschland,"Informational, Transactional",40,480,56,1.16,"Sitelinks, AI Overview, Reviews, People also ask, Related searches"
netflix abos vergleich,Commercial,40,480,46,0.42,"AI Overview, Reviews, Video, People also ask, Related searches"
netflix deutschland preis,Transactional,42,480,48,1.22,"AI Overview, Reviews, Video, People also ask, Related searches"
netflix deutschland preise,Transactional,43,480,51,1.22,"AI Overview, Reviews, People also ask, Related searches"
netflix movie,"Navigational, Transactional",28,480,100,0.42,"Video, People also ask, Related searches"
netflix probe abo,"Informational, Transactional",37,480,38,1.48,"Reviews, Video, People also ask, Related searches"
netflix serien liste,Commercial,32,480,49,0.03,"Sitelinks, Video, People also ask, Related searches"
netflix-abo preise,Transactional,42,480,41,0.81,"AI Overview, Reviews, Video, People also ask, Related searches"
neue fime netflix,Commercial,35,480,50,0.18,"Video, People also ask, Related searches"
online tv online free,Commercial,34,480,56,1.22,"AI Overview, Reviews, Video, Knowledge panel, Related searches, Ads bottom"
rtl 2 live stream joyn,"Navigational, Transactional",34,480,56,0.69,"Reviews, Video, People also ask, Related searches"
rtl aktuell sendung verpasst,"Informational, Transactional",31,480,47,0.00,"Reviews, Video, People also ask, Related searches"
rtl free tv stream,"Navigational, Transactional",38,480,50,0.75,"Reviews, Video, People also ask, Related searches"
rtl kostenlos anschauen,Commercial,39,480,46,0.80,"Reviews, Video, People also ask, Related searches"
rtl live schauen kostenlos,"Navigational, Transactional",40,480,50,0.94,"Sitelinks, Reviews, Video, People also ask, Related searches, Ads bottom"
rtl live stream fußball,"Navigational, Transactional",39,480,43,0.91,"Reviews, Video, Related searches"
rtl live stream tv kostenlos,Commercial,40,480,46,0.00,"Reviews, Video, People also ask, Related searches"
rtl nitro livestream kostenlos,Commercial,39,480,26,0.00,"Sitelinks, Reviews, Video, People also ask, Related searches"
rtl plus preis,Transactional,38,480,50,0.70,"AI Overview, Reviews, Video, People also ask, Related searches, Ads bottom, Ads middle"
rtl plus stream kostenlos,"Navigational, Transactional",41,480,51,0.31,"AI Overview, Reviews, Video, People also ask, Related searches"
rtl plus website,"Navigational, Transactional",40,480,56,1.24,"Reviews, Video, People also ask, Related searches"
rtl stram,"Navigational, Transactional",32,480,64,0.77,"Sitelinks, Reviews, Video, People also ask, Related searches"
rtl tv live kostenlos,Commercial,40,480,50,0.90,"Reviews, Video, People also ask, Related searches"
rtlplus live stream kostenlos,"Navigational, Transactional",41,480,50,0.36,"Sitelinks, Video, People also ask, Related searches, Ads bottom"
sat-receiver,Commercial,35,480,29,0.13,"Video, People also ask, Related searches"
sat-receiver hd,"Informational, Commercial",36,480,25,0.13,"Video, People also ask, Related searches, Popular products"
sendung rtl verpasst,Transactional,32,480,47,0.27,"Reviews, Video, People also ask, Related searches"
sendungen rtl,"Informational, Transactional",35,480,52,0.97,"Reviews, Video, Video carousel, People also ask, Top stories, Related searches"
sky q box,"Informational, Transactional",38,480,33,1.36,"Reviews, People also ask, Related searches, Popular products"
super rtl mediathek kostenlos ohne anmeldung,Transactional,37,480,26,0.00,"Reviews, Video, People also ask, Related searches"
telekom megastream,"Navigational, Transactional",40,480,24,2.77,"Sitelinks, Reviews, Video, People also ask, Related searches, Ads middle"
telly stick,"Informational, Commercial",47,480,26,0.00,"Reviews, Video, People also ask, Related searches"
top 10 streaming-dienste,"Informational, Commercial",40,480,37,1.20,"AI Overview, Reviews, Video, People also ask, Related searches"
trl live,"Navigational, Transactional",31,480,64,0.47,"Reviews, Video, People also ask, Related searches"
tv app kostenlos ohne anmeldung,Transactional,40,480,37,0.47,"AI Overview, Reviews, Video, People also ask, Related searches"
tv gratis,Commercial,37,480,49,0.93,"Reviews, Video, Top stories, Related searches"
tv im wlan,Commercial,42,480,23,1.29,"Video, Video carousel, People also ask, Related searches, Ads middle"
tv internet schauen,"Informational, Commercial",44,480,50,1.50,"AI Overview, Reviews, Video, People also ask, Related searches, Ads top, Ads middle"
tv kostenlos ansehen,Commercial,40,480,38,0.54,"Reviews, Video, People also ask, Related searches"
tv live gratis,Commercial,37,480,57,0.52,"Reviews, Video, People also ask, Related searches"
tv online free online tv,Commercial,34,480,50,1.22,"AI Overview, Reviews, Video, Related searches"
tv online gratis pro tv,Commercial,37,480,48,0.00,"Reviews, Related searches"
voxup live stream kostenlos ohne anmeldung,"Navigational, Transactional",35,480,50,0.00,"Reviews, Related searches"
waipu tv alternativen,Commercial,43,480,21,0.61,"Sitelinks, AI Overview, Reviews, Video, People also ask, Related searches"
web magentatv,Commercial,41,480,55,5.00,"AI Overview, Reviews, Video, People also ask, Related searches"
welche netflix abos gibt es,"Informational, Transactional",40,480,50,1.20,"AI Overview, People also ask, Related searches"
welcher tv stick ist der beste,Commercial,42,480,31,0.49,"Featured snippet, Video, People also ask, Related searches"
wireless display android,"Informational, Transactional",31,480,26,0.21,"Reviews, Video, Video carousel, People also ask, Related searches"
wlan fernseher,Commercial,41,480,25,0.51,"Video, Video carousel, People also ask, Related searches, Popular products"
wlan für sat receiver,Commercial,48,480,24,0.13,"Sitelinks, Video, People also ask, Related searches, Popular products"
www rtl now de,"Navigational, Transactional",36,480,70,0.04,"Sitelinks, Reviews, Video, People also ask, Related searches"
and tv live streaming free,Commercial,34,390,49,0.95,"Reviews, Video, People also ask, Related searches"
android tv box test,Commercial,40,390,34,0.14,"Sitelinks, Reviews, Video, People also ask, Related searches"
app für fernsehen,"Informational, Commercial",43,390,48,1.55,"AI Overview, Reviews, Video, People also ask, Related searches"
best android tv box,Commercial,31,390,32,0.33,"Sitelinks, Video, People also ask, Related searches, Popular products"
best rated android tv box,Commercial,37,390,38,0.27,"Sitelinks, Video, Video carousel, People also ask, Related searches, Popular products"
beste iptv,Commercial,50,390,18,0.00,"Sitelinks, AI Overview, Video, People also ask, Related searches"
beste streambox,Commercial,44,390,31,0.67,"Reviews, Video, People also ask, Related searches, Popular products, Ads middle"
beste streaming box,Commercial,44,390,19,0.67,"Reviews, Video, People also ask, Related searches, Popular products"
bester tv stick,Commercial,40,390,29,0.59,"Sitelinks, AI Overview, Reviews, Video, People also ask, Related searches"
bestes iptv,Commercial,53,390,32,0.00,"AI Overview, Video, People also ask, Related searches"
fernsehen app,"Informational, Commercial",40,390,51,1.56,"AI Overview, Reviews, Video, People also ask, Related searches, Ads bottom"
fernsehen kostenlos ohne anmeldung,"Navigational, Transactional",39,390,42,0.69,"Reviews, Video, People also ask, Related searches"
fernseher live,Commercial,39,390,73,0.79,"Reviews, Video, People also ask, Top stories, Related searches"
fernseher vertrag,Commercial,43,390,22,2.60,"Reviews, People also ask, Related searches, Popular products, Ads bottom"
fernsehn rtl,"Informational, Commercial",34,390,62,0.80,"Video, People also ask, Top stories, Related searches"
festplattenreceiver,"Informational, Commercial",35,390,22,0.16,"Video, People also ask, Related searches"
film neu netflix,"Informational, Transactional",30,390,50,0.00,"Video, People also ask, Related searches"
filme und serien bei netflix,"Informational, Transactional",33,390,59,0.61,"Video, People also ask, Related searches"
free television,"Informational, Commercial",35,390,52,0.74,"Reviews, Video, People also ask, Top stories, Related searches, Ads bottom"
fußball live stream rtl,"Navigational, Transactional",41,390,49,0.91,"Reviews, Video, People also ask, Related searches"
githubusercontent iptv,"Navigational, Transactional",44,390,44,0.00,"Video, Video carousel, Related searches"
gzsz live,Transactional,30,390,46,0.02,"Reviews, Video, People also ask, Related searches"
ip tv box,"Informational, Commercial",47,390,19,1.20,"Video, Video carousel, People also ask, Related searches, Popular products"
iptv anbieter alle sender,Commercial,53,390,19,0.00,"AI Overview, Video, People also ask, Related searches"
iptv anbieter forum,Commercial,51,390,11,0.00,"Sitelinks, People also ask, Related searches"
iptv app android,"Informational, Commercial",50,390,38,0.00,"AI Overview, Reviews, Video, People also ask, Related searches"
iptv lines kaufen,Commercial,49,390,10,0.00,"AI Overview, Video, People also ask, Related searches"
iptv premium,"Informational, Commercial",47,390,15,0.00,"AI Overview, Reviews, Video, Video carousel, People also ask, Related searches"
iptv smarter downloader,"Informational, Transactional",45,390,28,0.00,"Sitelinks, AI Overview, Reviews, Video, Video carousel, People also ask, Related searches"
kodi add ons,Commercial,41,390,12,0.00,"Reviews, Video, People also ask"
kostenlos fernsehen ohne anmeldung,"Navigational, Transactional",39,390,35,0.41,"Reviews, Video, People also ask, Related searches, Ads middle"
kostenlos internet tv,"Informational, Commercial",45,390,52,0.64,"Reviews, Video, People also ask, Related searches"
kostenlos rtl schauen live,Commercial,37,390,44,0.94,"Reviews, Video, People also ask, Related searches"
kostenlos streamen tv,Commercial,39,390,41,0.57,"AI Overview, Reviews, Video, People also ask, Related searches"
live stream tv free,Commercial,35,390,59,1.58,"Reviews, Video, People also ask, Related searches"
livestream rtl kostenlos,Transactional,40,390,60,1.04,"Sitelinks, Reviews, Video, People also ask, Related searches"
lohnt sich magentatv,"Informational, Commercial",45,390,22,5.80,"Sitelinks, AI Overview, Reviews, Video, People also ask, Related searches, Ads middle"
magenda,Commercial,27,390,27,2.60,"Reviews, Image, Video, People also ask, Related searches"
magenta tv 1. generation,Commercial,35,390,28,4.36,"Reviews, Video, People also ask, Related searches"
magenta tv flex preis,Transactional,48,390,35,5.72,"Sitelinks, AI Overview, Reviews, People also ask, Related searches"
magenta tv geräteliste,Commercial,40,390,21,3.48,"AI Overview, Video, People also ask, Related searches, Ads top, Ads bottom"
magents,"Informational, Transactional",28,390,82,2.88,"Reviews, Image, Image pack, Video, People also ask, Knowledge panel, Related searches"
my siptv eu,"Informational, Transactional",44,390,29,1.02,"AI Overview, Reviews, Video, People also ask, Related searches"
netflix abonnement deutschland,"Informational, Transactional",40,390,50,0.93,"AI Overview, Reviews, People also ask, Related searches"
netflix account kosten,"Informational, Transactional",39,390,58,1.11,"AI Overview, Reviews, People also ask, Related searches"
netflix bezahlen,"Informational, Transactional",43,390,41,0.77,"Video, Video carousel, People also ask, Related searches"
netflix com account,"Navigational, Transactional",30,390,72,0.00,"Sitelinks, People also ask, Related searches"
netflix konto aufladen,Transactional,43,390,30,0.58,"AI Overview, Reviews, Video, Video carousel, People also ask, Related searches"
netflix plan,"Navigational, Transactional",37,390,73,1.74,"Reviews, Image pack, Video, People also ask, Related searches"
neue sender bei waipu tv,"Navigational, Transactional",47,390,28,0.00,"Sitelinks, Video, People also ask, Related searches"
player iptv windows,"Informational, Commercial",48,390,21,0.00,"Sitelinks, AI Overview, Reviews, Video, Video carousel, Related searches"
preis netflix,Transactional,42,390,49,0.77,"AI Overview, Reviews, Video, People also ask, Related searches"
prosieben live-stream kostenlos ohne anmeldung joyn,"Navigational, Transactional",36,390,49,0.27,"AI Overview, Reviews, People also ask, Related searches"
receiver für internet,Commercial,46,390,21,2.01,"Sitelinks, Reviews, Video, People also ask, Related searches, Popular products"
receiver für tv,Commercial,42,390,28,0.59,"Video, People also ask, Related searches, Popular products"
receiver über internet,Commercial,46,390,23,1.52,"Sitelinks, Reviews, Video, People also ask, Related searches, Popular products, Ads top, Ads bottom"
recommended android tv box,"Informational, Commercial",33,390,27,0.33,"Sitelinks, Reviews, Video, Video carousel, People also ask, Related searches, Popular products"
repo kodi,Commercial,38,390,22,0.00,"Reviews, Image pack, Video, Video carousel, People also ask"
rtl 2 kostenlos streamen,Commercial,39,390,31,1.27,"Reviews, Video, People also ask, Related searches"
rtl 2 stream kostenlos,Transactional,39,390,26,1.39,"Reviews, Video, People also ask, Related searches"
rtl 2ix2,"Navigational, Transactional",34,390,22,0.00,"Sitelinks, Reviews, People also ask, Related searches"
rtl aktuell heute 18 45 uhr verpasst,"Informational, Transactional",31,390,40,0.00,"Video, People also ask, Related searches"
rtl aktuell kostenlos ansehen,"Informational, Transactional",35,390,43,0.00,"Reviews, Video, People also ask, Knowledge panel, Related searches"
rtl deutschland live,"Navigational, Transactional",37,390,51,0.57,"Reviews, Video, People also ask, Related searches"
rtl fernsehn live,"Navigational, Transactional",37,390,54,0.65,"Reviews, Video, People also ask, Related searches"
rtl jetzt live stream,"Navigational, Transactional",40,390,64,0.62,"Reviews, Video, People also ask, Related searches"
rtl kostenlos ansehen,Transactional,40,390,50,0.80,"Sitelinks, Reviews, Video, Video carousel, People also ask, Related searches"
rtl live anschauen,Commercial,38,390,46,0.76,"Reviews, Video, People also ask, Related searches, Ads bottom"
rtl live streamen kostenlos,Transactional,37,390,48,1.07,"Reviews, Video, People also ask, Related searches"
rtl livestream fußball,"Informational, Transactional",39,390,50,0.91,"Reviews, Video, People also ask, Related searches"
rtl livestrem,Transactional,36,390,52,0.63,"Reviews, Video, People also ask, Related searches"
rtl mediatek,"Informational, Transactional",35,390,52,0.14,"Reviews, Video, People also ask, Related searches"
rtl plus fußball heute,"Navigational, Transactional",35,390,37,0.80,"Reviews, Video, Related searches"
rtl plus sport,"Navigational, Transactional",42,390,31,1.39,"Reviews, Video, People also ask, Related searches, Ads middle"
rtl programm jetzt live,"Navigational, Transactional",49,390,75,0.54,"Sitelinks, Video, People also ask, Related searches, Ads bottom"
rtl s,"Navigational, Transactional",31,390,85,0.00,"Sitelinks, Reviews, Video, Related searches"
rtl-aktuell online ansehen,"Informational, Transactional",34,390,41,0.00,"Reviews, Video, People also ask, Knowledge panel, Related searches"
rtl2 live kostenlos,Transactional,40,390,30,1.09,"Reviews, Video, People also ask, Related searches"
rtl2 live stream kostenlose,Commercial,39,390,28,0.00,"Reviews, Video, People also ask, Related searches"
rtlive,"Informational, Transactional",49,390,26,1.92,"Video, People also ask"
rtlplus com,Transactional,38,390,50,1.00,"Reviews, Video, People also ask, Related searches, Ads top, Ads bottom"
rtlplus.com,Transactional,36,390,53,0.89,"Reviews, Video, People also ask, Ads top, Ads bottom"
stream hd,Commercial,39,390,19,1.18,"Reviews, People also ask, Related searches"
streaming box test,Commercial,40,390,24,0.39,"Sitelinks, Reviews, Video, Related searches, Ads middle"
streaming rtl2,Commercial,37,390,35,0.75,"Sitelinks, Reviews, Video, People also ask, Related searches"
super rtl live kostenlos,Transactional,37,390,34,0.00,"Reviews, Video, People also ask"
telekom fernbedienung,"Informational, Transactional",35,390,22,0.63,"Reviews, Image pack, Video, People also ask, Related searches"
telkom magenta tv,"Navigational, Transactional",48,390,42,3.26,"Sitelinks, Reviews, Video, People also ask, Related searches"
test android box tv,"Informational, Commercial",38,390,30,0.14,"Reviews, Video, Video carousel, People also ask, Related searches, Popular products"
test tv box android,Commercial,41,390,30,0.14,"Reviews, Video, Video carousel, People also ask, Related searches, Popular products"
tv android box test,"Informational, Commercial",41,390,30,0.14,"Sitelinks, Reviews, Video, Video carousel, People also ask, Related searches, Popular products"
tv deutsche,Commercial,40,390,62,0.82,"Reviews, Video, Related searches, Ads bottom"
tv live tv free,Commercial,35,390,53,1.26,"AI Overview, Reviews, Video, People also ask, Related searches"
tv rtl jetzt,Commercial,36,390,51,0.52,"Video, People also ask, Related searches"
tv stick test,Commercial,38,390,39,0.50,"Sitelinks, Reviews, Video, People also ask, Related searches"
tv stream kostenlos ohne anmeldung,"Navigational, Transactional",38,390,54,0.00,"Sitelinks, Reviews, Video, People also ask, Related searches"
tv streaming angebote,Commercial,48,390,41,2.26,"AI Overview, Reviews, Video, People also ask, Related searches"
tv streaming vergleich,Commercial,48,390,40,2.03,"Sitelinks, Reviews, Video, People also ask, Related searches, Ads middle"
tvstream,Commercial,35,390,50,2.15,"AI Overview, Reviews, Video, People also ask, Related searches"
tvzafree,Commercial,30,390,58,0.00,"Reviews, Video, Video carousel, People also ask, Related searches"
umsonst tv,Commercial,38,390,49,1.25,"Reviews, Video, People also ask, Related searches"
waipu alternative,Commercial,33,390,23,0.78,"Sitelinks, AI Overview, Reviews, Video, People also ask, Related searches"
was ist eine set top box,"Informational, Commercial",45,390,15,0.91,"AI Overview, Reviews, Video, People also ask, Related searches"
was kostet rtl +,"Informational, Commercial",39,390,45,0.99,"AI Overview, Reviews, Video, People also ask, Related searches, Ads top, Ads middle"
welche streaming dienst ist der beste,Commercial,42,390,38,1.56,"Sitelinks, AI Overview, Reviews, Video, Video carousel, People also ask, Related searches"
2ix2 rtl live,"Navigational, Transactional",35,320,24,0.00,"Sitelinks, Reviews, Video, People also ask, Related searches"
4k stick,Commercial,37,320,30,0.61,"Sitelinks, Reviews, Video, Video carousel, People also ask, Related searches, Popular products"
app fernsehprogramm,"Informational, Commercial",37,320,45,0.77,"Reviews, Video, People also ask, Related searches, Ads bottom"
best player iptv,Commercial,45,320,36,0.00,"Sitelinks, AI Overview, Reviews, Video, People also ask, Related searches"
best tv for android box,Commercial,34,320,36,0.33,"Sitelinks, Video, Video carousel, People also ask, Related searches, Popular products"
best tv stick,Commercial,36,320,35,0.59,"Sitelinks, AI Overview, Reviews, Image, Video, Video carousel, People also ask, Related searches"
beste iptv anbieter,Commercial,52,320,25,0.00,"Sitelinks, AI Overview, Image, Video, Video carousel, People also ask, Related searches"
beste iptv app,Commercial,52,320,25,0.00,"AI Overview, Reviews, Video, People also ask, Related searches"
beste m3u liste,Commercial,43,320,18,0.70,"Sitelinks, AI Overview, Reviews, Video, People also ask, Related searches"
bester iptv,Commercial,52,320,21,0.00,"AI Overview, Video, People also ask, Related searches"
fernsehen digital,Commercial,40,320,66,1.94,"Reviews, Video, People also ask, Top stories, Related searches"
fernsehen mit smart tv,Commercial,48,320,30,0.23,"People also ask, Related searches, Popular products"
fernseher integrierter sat receiver,Commercial,38,320,13,0.17,"Video, People also ask, Related searches, Popular products"
fernseher internetfähig,Commercial,43,320,22,0.40,"Reviews, Video, People also ask, Related searches, Popular products"
fernsehn anbieter,"Informational, Commercial",49,320,61,2.32,"AI Overview, Reviews, Video, People also ask, Related searches, Ads top, Ads middle"
fernsehn kostenlos anschauen,Commercial,41,320,49,0.67,"Video, Related searches, Ads top, Ads middle"
filme auf rtl plus,Transactional,32,320,38,0.11,"Reviews, Video, People also ask, Related searches, Ads top"
filme und serien auf netflix,"Informational, Transactional",33,320,60,0.61,"Video, People also ask, Related searches"
films from netflix,Transactional,28,320,58,0.00,"Video carousel, People also ask, Related searches"
forum iptv,"Informational, Transactional",48,320,10,0.00,People also ask
free tv internet,Commercial,41,320,61,1.22,"AI Overview, Reviews, Video, People also ask, Related searches"
free tv stream online kostenlos fernsehen,Commercial,38,320,45,0.00,"Reviews, Video, People also ask, Related searches"
free tv streamen,Commercial,37,320,62,0.00,"AI Overview, Reviews, Video, People also ask, Top stories, Related searches, Ads bottom"
freies fernsehen,Commercial,37,320,44,0.53,"Reviews, Video, People also ask, Related searches, Ads top, Ads bottom"
fritz-box anmelden,"Navigational, Transactional",46,320,30,1.14,"Reviews, Video, Video carousel, People also ask, Related searches"
für kabelfernsehen receiver,Commercial,43,320,20,0.46,"Reviews, Video, Video carousel, People also ask, Related searches, Popular products"
german internet tv,Commercial,47,320,43,0.64,"Sitelinks, AI Overview, Reviews, Video, People also ask, Related searches, Ads middle"
giga tv senderliste,"Informational, Transactional",43,320,22,1.61,"Reviews, Video, People also ask, Related searches"
günstig tv und internet,Commercial,46,320,50,1.43,"Featured snippet, Reviews, Video, People also ask, Related searches"
handy auf fernseher übertragen,Commercial,42,320,25,0.17,"Sitelinks, AI Overview, Reviews, Video, Video carousel, People also ask, Related searches, Ads bottom, Ads middle"
handytv,"Navigational, Commercial",47,320,25,0.49,"Sitelinks, Reviews, Video, People also ask, Related searches, Ads top, Ads middle"
internet and tv,Commercial,41,320,34,2.20,"AI Overview, Reviews, Video, People also ask, Related searches, Ads top, Ads middle"
internet receiver,Commercial,40,320,19,2.01,"Sitelinks, Reviews, Video, People also ask, Related searches, Popular products"
internet tv anbieter vergleich,Commercial,50,320,40,1.58,"Sitelinks, AI Overview, Reviews, Video, People also ask, Related searches, Ads top, Ads bottom"
internet und fernsehen telekom,Transactional,42,320,49,1.80,"Reviews, Video, People also ask, Related searches"
internetfernsehen kostenlos,"Informational, Commercial",41,320,44,0.58,"AI Overview, Reviews, Video, People also ask, Related searches, Ads bottom, Ads middle"
iptv for smart,"Informational, Transactional",50,320,27,1.22,"AI Overview, Reviews, Video, Video carousel, Related searches"
iptv for windows,Commercial,47,320,41,0.00,"Video, Video carousel, People also ask, Related searches"
iptv free terial,"Informational, Commercial",48,320,8,0.00,"Sitelinks, Video, Video carousel, People also ask, Related searches"
iptv m3u playlist,Commercial,47,320,27,0.00,"AI Overview, Video, Video carousel, People also ask, Related searches"
iptv smarters apk,Commercial,42,320,35,0.00,"Reviews, Video, People also ask, Related searches"
iptv-anbieter vergleich,Commercial,52,320,38,0.00,"Sitelinks, AI Overview, Video, People also ask, Related searches"
kabel 1 kostenlos streamen,Commercial,39,320,30,0.57,"Sitelinks, People also ask, Related searches"
kleine smart tv mit wlan,Commercial,44,320,23,0.13,"Reviews, People also ask, Related searches, Popular products"
kostenlos fernseh gucken,Commercial,39,320,39,0.72,"AI Overview, Reviews, Video, People also ask, Related searches"
kostenlos live stream fernsehen,Commercial,39,320,57,0.90,"Reviews, Image, Video, People also ask, Top stories, Related searches"
kostenlos tv ansehen,Commercial,40,320,43,0.48,"Reviews, Video, People also ask, Related searches"
kostenlos tv sehen,Commercial,40,320,41,0.41,"Reviews, Video, People also ask, Related searches"
kostenlose streamen,Commercial,40,320,45,0.77,"Reviews, Video, People also ask, Related searches"
liste serien netflix,Commercial,32,320,39,0.03,"Sitelinks, Video, People also ask, Related searches"
live rtl schauen kostenlos,Commercial,40,320,38,0.99,"AI Overview, Reviews, Video, People also ask, Related searches, Ads top, Ads bottom"
live stream kostenlos ohne anmeldung,"Navigational, Transactional",36,320,59,0.41,"Sitelinks, Reviews, Video, Related searches"
live tv ohne anmeldung,"Navigational, Transactional",39,320,45,1.00,"Sitelinks, Video, People also ask, Related searches"
livestream rtl 2,Commercial,39,320,41,1.02,"Reviews, Video, Related searches"
m3u listen,Commercial,45,320,29,0.82,"Reviews, Video, People also ask, Related searches"
m3u playlist github,"Navigational, Transactional",31,320,54,0.78,"People also ask, Related searches"
magenta stick kaufen,Transactional,34,320,27,0.20,"Reviews, People also ask, Related searches, Popular products, Ads top, Ads middle"
magenta tv tarife übersicht,"Navigational, Commercial",47,320,30,1.97,"Sitelinks, Reviews, Video, People also ask, Related searches"
magenta tv wm,"Informational, Commercial",48,320,26,4.35,"Reviews, Video, People also ask, Top stories, Related searches"
magentatv app freischalten,Commercial,45,320,25,2.61,"Reviews, Video, People also ask, Related searches"
mobile hotspots,Commercial,30,320,27,1.21,"Reviews, Video, Video carousel, People also ask, Related searches, Popular products"
movies online netflix,"Navigational, Transactional",29,320,95,0.00,"Video, People also ask, Related searches"
netflix account kaufen,Transactional,41,320,32,0.46,"Reviews, Video, People also ask, Related searches"
netflix cenas,"Navigational, Transactional",46,320,55,1.30,"Reviews, Video, People also ask, Related searches"
netflix katalog,Transactional,35,320,60,1.55,"People also ask, Related searches"
netflix kosten deutschland,"Informational, Transactional",45,320,48,0.46,"AI Overview, Reviews, Video, People also ask, Related searches"
netflix prem,"Informational, Transactional",37,320,45,1.33,"AI Overview, Reviews, People also ask, Related searches"
netflix premium-abo,"Informational, Transactional",40,320,57,2.00,"AI Overview, Reviews, Video, People also ask, Related searches"
netflix programm heute,"Informational, Transactional",33,320,58,0.00,"Video, People also ask, Related searches"
netflix registrieren kostenlos,"Navigational, Transactional",47,320,64,2.67,"AI Overview, Video, People also ask, Related searches, Ads bottom"
netflix standard-abo,"Informational, Transactional",36,320,49,2.09,"AI Overview, Reviews, Video, People also ask, Related searches"
nydus tv rtl,"Navigational, Transactional",35,320,29,0.66,"Sitelinks, Reviews, Related searches"
online fernsehen anbieter,Commercial,49,320,37,2.76,"AI Overview, Reviews, Video, People also ask, Related searches, Ads top, Ads bottom"
online tv 2,Commercial,35,320,25,1.03,"Reviews, Video, Video carousel, Related searches"
online tv anbieter,"Informational, Commercial",51,320,37,2.82,"AI Overview, Reviews, Video, People also ask, Related searches"
program tv online live,Commercial,34,320,62,1.42,"Video, Related searches"
rtl + mediathek,"Informational, Transactional",42,320,73,0.19,"Reviews, Video, People also ask, Related searches"
rtl aktuell live stream kostenlos,"Navigational, Transactional",37,320,57,0.44,"Video, People also ask, Related searches"
rtl aktuell stream,"Informational, Transactional",37,320,47,0.00,"Reviews, Video, People also ask, Knowledge panel, Related searches"
rtl gestern,"Informational, Transactional",33,320,61,0.00,"Sitelinks, Video, People also ask, Related searches"
rtl ive,"Navigational, Transactional",37,320,70,0.47,"Reviews, Video, People also ask, Top stories, Related searches"
rtl jetzt im tv,Commercial,35,320,44,0.00,"Video, People also ask, Related searches"
rtl kostenlos online,Commercial,39,320,51,1.13,"Reviews, Video, People also ask, Related searches"
rtl live deutschland,"Navigational, Transactional",38,320,58,0.62,"Reviews, Video, People also ask, Related searches"
rtl live kostenlos ohne anmelden,"Navigational, Transactional",40,320,57,0.87,"Reviews, Video, Related searches"
rtl live kostenlos streamen,Commercial,40,320,51,1.06,"Sitelinks, Reviews, Video, People also ask, Related searches, Ads middle"
rtl live stream hd,"Navigational, Transactional",39,320,43,1.08,"Sitelinks, Reviews, Video, People also ask, Related searches"
rtl mediathek heute,Transactional,36,320,71,0.13,"People also ask, Related searches"
rtl online schauen kostenlos,Commercial,39,320,55,1.08,"Sitelinks, AI Overview, Reviews, Video, People also ask, Related searches"
rtl plus heute,"Navigational, Transactional",36,320,59,0.23,"Sitelinks, Reviews, Video, People also ask, Related searches"
rtl plus.com/buchen,"Navigational, Transactional",39,320,42,1.42,"Reviews, Video, People also ask, Ads top, Ads middle"
rtl programm gestern anschauen,"Informational, Transactional",33,320,38,0.46,"Reviews, Video, People also ask, Related searches"
rtl stream live online,Commercial,37,320,38,0.70,"AI Overview, Video, People also ask, Related searches, Ads middle"
rtl strem,"Navigational, Transactional",35,320,54,0.81,"Reviews, Video, People also ask, Top stories, Related searches, Ads top, Ads bottom"
rtl up kostenlos live,Transactional,49,320,32,0.69,"Reviews, Video, People also ask, Related searches"
rtl up live stream,"Navigational, Transactional",38,320,42,0.65,"Sitelinks, Reviews, Video, People also ask, Related searches"
rtl up stream,"Navigational, Transactional",40,320,50,0.87,"Reviews, Video, People also ask, Related searches"
rtl+ probleme,Commercial,35,320,30,0.00,"Reviews, Video, People also ask, Related searches"
rtl2 gucken kostenlos,Commercial,40,320,30,1.35,"Reviews, Video, People also ask, Related searches"
rtl2 live tv,Commercial,38,320,48,0.70,"AI Overview, Reviews, Video, People also ask, Related searches"
rtlmediathek,Commercial,38,320,52,0.19,"Reviews, Video, People also ask, Related searches, Ads top, Ads bottom"
rtlplus.com/buchen,"Navigational, Transactional",41,320,36,1.90,"Reviews, Video, People also ask, Ads top, Ads bottom"
rtltv,Transactional,35,320,71,0.44,"Reviews, Video, People also ask, Knowledge panel, Related searches, Ads middle"
samsung tv sender,"Informational, Transactional",38,320,43,1.29,"Image, Video, People also ask, Related searches"
satellite tv tv,Commercial,44,320,21,1.39,"Reviews, Video, Video carousel, People also ask, Knowledge panel, Related searches"
serien auf netflix liste,Commercial,33,320,44,0.03,"Sitelinks, AI Overview, Video, People also ask, Related searches"
serien bei netflix liste,Commercial,35,320,38,0.03,"AI Overview, People also ask, Related searches"
serien und filme auf netflix,"Informational, Transactional",33,320,63,0.64,"Video, People also ask, Top stories, Related searches"
sky go geräte verwalten,"Navigational, Transactional",45,320,30,1.24,"AI Overview, Reviews, Video, People also ask, Related searches"
sky hard drive,"Informational, Transactional",47,320,26,1.32,"Sitelinks, Reviews, Image pack, Video, Video carousel, People also ask, Related searches"
sky q sky,Commercial,47,320,22,2.08,"AI Overview, Video, People also ask, Related searches, Ads top, Ads bottom"
skyq receiver,"Informational, Transactional",47,320,23,2.12,"Reviews, Video, Video carousel, People also ask, Related searches, Popular products"
smat tv,Commercial,31,320,34,0.24,"Video, Video carousel, People also ask, Related searches"
stick tv android,Commercial,43,320,24,0.50,"Sitelinks, Reviews, Video, Video carousel, People also ask, Related searches, Popular products"
streaming anbieter vergleich,Commercial,44,320,36,1.84,"AI Overview, Reviews, Video, People also ask, Related searches"
streaming bundles,Commercial,42,320,36,1.68,"AI Overview, Reviews, Video, People also ask, Related searches, Ads top, Ads middle"
super rtl livestream joyn,Transactional,39,320,56,0.57,"Reviews, Video, People also ask, Related searches"
telekom streaming,"Navigational, Transactional",44,320,50,3.12,"Reviews, Video, People also ask, Related searches"
telekom tv angebote,"Navigational, Commercial",39,320,41,2.77,"Sitelinks, Reviews, People also ask, Related searches"
telekom tv pakete,"Navigational, Transactional",44,320,64,2.10,"Sitelinks, Reviews, Video, People also ask, Related searches"
top box,"Informational, Commercial",35,320,13,0.00,"Reviews, Video, People also ask, Related searches, Popular products"
tv box alle sender kostenlos,Commercial,46,320,41,0.73,"Reviews, Video, People also ask, Related searches, Popular products"
tv box test,Commercial,39,320,36,0.32,"Sitelinks, Reviews, Video, Video carousel, People also ask, Related searches, Ads bottom"
tv im internet schauen,Commercial,42,320,53,1.50,"AI Overview, Reviews, Video, People also ask, Related searches, Ads top, Ads bottom"
tv internet vergleich,Commercial,46,320,39,1.74,"Sitelinks, Reviews, Video, People also ask, Related searches"
tv kabelanbieter,Commercial,42,320,35,1.40,"AI Overview, Reviews, Video, People also ask, Related searches, Ads top, Ads bottom"
tv kostenlos sehen,Commercial,40,320,46,0.45,"Reviews, Video, People also ask, Related searches"
tv live streamen,Commercial,40,320,59,0.77,"Reviews, Video, Top stories, Related searches, Ads middle"
up iptv,Commercial,45,320,3,1.62,"People also ask, Related searches"
verbindung mit netzwerk herstellen,"Informational, Transactional",41,320,25,2.35,"Video, Video carousel, People also ask, Related searches"
vergleich internet tv,Commercial,48,320,39,1.77,"Sitelinks, Reviews, Video, People also ask, Related searches, Ads top, Ads bottom"
vergleich tv anbieter,Commercial,47,320,34,1.36,"Sitelinks, Reviews, Video, People also ask, Related searches"
vertrag mit fernseher,Commercial,40,320,10,2.60,"Reviews, Related searches"
vox live 2ix2,"Navigational, Transactional",32,320,33,0.00,"Sitelinks, Reviews, People also ask, Related searches"
web magenta tv,"Informational, Transactional",41,320,57,5.00,"AI Overview, Reviews, Video, People also ask, Related searches"
web2 magenta tv,Commercial,41,320,38,0.00,"Video, People also ask, Related searches"
www rtl de live,"Navigational, Transactional",37,320,76,0.25,"Reviews, Video, People also ask, Related searches, Ads bottom"
über internet tv schauen,"Informational, Commercial",46,320,43,1.57,"AI Overview, Reviews, Video, People also ask, Related searches, Ads top, Ads bottom"
alternative kabelfernsehen,Commercial,42,260,15,1.04,"Sitelinks, AI Overview, Reviews, Video, Video carousel, People also ask, Related searches, Ads bottom, Ads middle"
alternative zu chromecast,Commercial,40,260,17,0.47,"Sitelinks, AI Overview, Reviews, Video, Video carousel, People also ask, Related searches, Ads middle"
android box tv test,Commercial,39,260,30,0.14,"Sitelinks, Reviews, Video, Video carousel, People also ask, Related searches, Popular products"
android tv box testsieger,Commercial,42,260,34,0.14,"Sitelinks, Video, People also ask, Related searches, Popular products"
android tv stick 4k,"Informational, Commercial",39,260,26,0.38,"Sitelinks, Reviews, Image pack, Video, Video carousel, People also ask, Related searches, Popular products"
app iptv android,"Informational, Commercial",52,260,31,0.00,"Sitelinks, AI Overview, Reviews, Video, Video carousel, People also ask, Related searches"
apple tv alternative,Commercial,38,260,18,0.41,"AI Overview, Video, Video carousel, People also ask, Related searches"
box android iptv,"Informational, Commercial",46,260,16,0.00,"Reviews, Video, People also ask, Related searches, Popular products"
bundesliga iptv,Commercial,54,260,19,0.00,"Sitelinks, Reviews, Video, Related searches"
deutsche addons für kodi,Commercial,49,260,14,0.19,"Sitelinks, Reviews, Video, People also ask, Ads bottom"
familienfilme netflix neu,Commercial,31,260,34,0.00,"AI Overview, Video, People also ask, Related searches"
fernseh schauen online,Commercial,41,260,68,1.69,AI Overview
fernseh sticks,Commercial,47,260,33,1.60,"Sitelinks, Video, Video carousel, People also ask, Related searches, Popular products"
fernsehen kostenlos anschauen,Commercial,39,260,50,0.31,"Reviews, Video, People also ask, Related searches"
fernsehen mit integriertem receiver,Commercial,41,260,24,0.16,"People also ask, Related searches, Popular products"
fernsehen mit wlan,"Informational, Commercial",43,260,30,0.00,"AI Overview, Reviews, Video, Video carousel, People also ask, Related searches, Ads bottom, Ads middle"
fernsehen ohne kabel und sat schüssel,Commercial,43,260,24,0.84,"Reviews, Video, Video carousel, People also ask, Related searches, Popular products"
fernseher für internet,Commercial,44,260,23,0.53,"Reviews, Video, People also ask, Related searches, Popular products"
fernseher internet,Commercial,44,260,26,0.47,"Reviews, Video, Video carousel, People also ask, Related searches, Ads top, Ads bottom"
fernseher internettauglich,Commercial,38,260,27,0.40,"Reviews, Video, People also ask, Related searches, Popular products"
fernseher receiver,Commercial,39,260,27,1.28,"Reviews, Video, Video carousel, People also ask, Related searches, Popular products"
fernseher receiver integriert,Commercial,39,260,13,0.19,"Video, People also ask, Related searches"
fernseher wlan fähig,Commercial,42,260,23,0.26,"Video, People also ask, Related searches, Popular products, Ads top"
fernsehn schauen online,Commercial,41,260,80,1.88,"Sitelinks, Video, Related searches, Ads top, Ads middle"
fernsehprogramm rtl plus,"Informational, Transactional",37,260,60,0.26,"Reviews, People also ask"
free internet tv online,Commercial,36,260,72,1.22,"Reviews, Video, People also ask, Related searches"
free tv ohne anmeldung,"Navigational, Transactional",41,260,42,0.63,"Reviews, Video, People also ask, Related searches"
fritz box übertragen,"Informational, Transactional",43,260,28,0.05,"Video, Video carousel, People also ask, Related searches, Popular products"
german television online,"Informational, Transactional",38,260,43,0.64,"Reviews, Video, People also ask, Related searches, Ads top, Ads bottom"
gratis tv stream,Commercial,38,260,46,1.36,"Reviews, Video, People also ask, Related searches"
gzsz live stream kostenlos,Commercial,35,260,38,0.02,"Reviews, Video, People also ask, Related searches"
hdtv receiver,Commercial,34,260,30,0.58,"Video, People also ask, Related searches, Popular products"
i. p. t. v. smarters pro,"Informational, Commercial",51,260,32,0.00,"Reviews, Video, Video carousel, People also ask, Related searches"
internet fernsehen vergleich,Commercial,47,260,36,1.49,"AI Overview, Reviews, Video, People also ask, Related searches, Ads bottom"
internet stick für tv ohne wlan,Commercial,44,260,28,1.05,"Sitelinks, Reviews, Video, People also ask, Related searches"
internetfähigen fernseher,Commercial,43,260,26,0.24,"Reviews, Video, People also ask, Related searches, Popular products"
ip satellite receiver,Commercial,41,260,21,0.13,"Sitelinks, Video, People also ask, Related searches, Popular products"
iptv abonnement,Commercial,45,260,14,0.00,"Video, People also ask, Related searches"
iptv anbieter deutschland,"Informational, Commercial",53,260,30,0.00,"AI Overview, Video, People also ask, Related searches"
iptv mega,Commercial,49,260,24,0.00,"Reviews, People also ask, Related searches"
iptv palyer,Commercial,47,260,43,1.01,"Reviews, Video, Video carousel, People also ask, Related searches"
iptv subscriptions,"Informational, Commercial",47,260,37,0.93,"Sitelinks, AI Overview, Video, Video carousel, People also ask, Related searches"
iptv windows,"Informational, Commercial",52,260,35,0.00,"Sitelinks, AI Overview, Reviews, Video, People also ask, Related searches"
iptv-abonnement,"Informational, Commercial",48,260,15,0.00,"Video, People also ask, Related searches"
kabel 1 kostenlos,Commercial,41,260,31,0.44,"Reviews, Video, People also ask, Related searches"
kabel anmelden fernsehen,Transactional,42,260,25,2.08,"AI Overview, Reviews, Video, People also ask, Related searches, Ads top, Ads middle"
kabelanschluss anbieter,Commercial,40,260,39,1.46,"Reviews, Video, People also ask, Related searches"
kodi box,Commercial,57,260,21,0.51,"Sitelinks, Reviews, Video, People also ask"
kodi for movies,Commercial,32,260,50,0.00,"Sitelinks, AI Overview, Reviews, Video, Video carousel, People also ask"
kodi tv addon,Commercial,41,260,25,0.00,"Sitelinks, Reviews, Video, People also ask"
kosten netflix deutschland,"Informational, Transactional",45,260,46,0.54,"AI Overview, Reviews, Video, People also ask, Related searches, Ads bottom"
kostenlos fernseh ohne anmeldung,Transactional,40,260,36,0.52,"Reviews, Video, People also ask, Related searches, Ads bottom"
kostenlos ohne anmeldung fernsehen,"Navigational, Transactional",37,260,34,0.69,"Reviews, Video, People also ask, Related searches"
kostenlos rtl online schauen,Commercial,39,260,36,1.08,"Sitelinks, Reviews, Video, People also ask, Related searches"
kostenlos rtl2 schauen,Commercial,41,260,35,0.91,"AI Overview, Reviews, Video, People also ask, Related searches"
kostenlos tv schauen app,"Informational, Commercial",39,260,42,0.72,"AI Overview, Video, People also ask, Related searches, Ads bottom, Ads middle"
kostenlos tv schauen ohne anmeldung,"Navigational, Transactional",38,260,49,0.33,"Sitelinks, Reviews, Video, Related searches"
kostenlos und ohne anmeldung fernsehen,Transactional,36,260,40,0.76,"AI Overview, Reviews, Video, Related searches"
live rtl anschauen,"Navigational, Transactional",41,260,54,0.75,"AI Overview, Reviews, Video, People also ask, Related searches, Ads top, Ads middle"
live stream rtl aktuell,"Navigational, Transactional",35,260,58,0.56,"Reviews, Video, People also ask, Related searches"
live stream rtl hrvatska,"Navigational, Transactional",33,260,31,0.91,"Sitelinks, Video, People also ask, Related searches"
live tv free,Commercial,35,260,55,1.49,"AI Overview, Reviews, Image, Video, People also ask, Related searches"
livestream fernsehen kostenlos,Commercial,37,260,69,0.90,"AI Overview, Reviews, Video, People also ask, Related searches"
livestream rtl gratis,Commercial,39,260,48,1.03,"Reviews, Video, People also ask, Related searches"
livestream rtl2,Commercial,38,260,50,0.54,"Reviews, Video, People also ask, Related searches"
livestream super rtl kostenlos,Commercial,37,260,37,0.00,"Reviews, Video, People also ask, Related searches"
livetv free streaming,"Navigational, Transactional",36,260,33,1.58,"Video, People also ask, Related searches"
m0bile tv,"Informational, Commercial",47,260,26,0.34,"Reviews, Video, People also ask, Related searches, Popular products"
magenta internet und tv,Commercial,41,260,36,1.84,"Reviews, Video, People also ask, Related searches, Ads top"
magenta tv 1. gen,Commercial,41,260,32,3.35,"Reviews, Video, People also ask, Related searches"
magenta tv hardware,Commercial,42,260,25,3.67,"Reviews, Video, People also ask, Related searches, Ads top"
magenta tv test,Commercial,43,260,22,3.43,"Reviews, Video, People also ask, Related searches"
magenta web tv,"Informational, Transactional",43,260,49,6.19,"Reviews, Video, People also ask, Related searches"
media centre kodi,"Informational, Transactional",39,260,22,0.00,"AI Overview, Reviews, Video, Video carousel, People also ask, Knowledge panel"
mediathek rtl heute,"Informational, Transactional",36,260,72,0.15,"Video, People also ask, Related searches"
megastream telekom,Transactional,41,260,19,2.74,"Video, People also ask, Related searches"
movie on kodi,"Informational, Commercial",32,260,43,0.00,"Sitelinks, AI Overview, Reviews, Video, Video carousel, People also ask"
musik-streaming-dienste vergleich 2025,Commercial,50,260,34,0.00,"Sitelinks, Reviews, Video, People also ask, Related searches"
netflix acc,"Navigational, Transactional",34,260,60,1.49,"People also ask, Related searches"
netflix angebote preise,Transactional,40,260,50,1.33,"AI Overview, Reviews, People also ask, Related searches, Ads bottom"
netflix deutschland kosten,"Informational, Transactional",41,260,46,0.46,"Sitelinks, AI Overview, Reviews, Video, People also ask, Related searches"
netflix ohne werbung kosten,"Informational, Transactional",41,260,45,0.27,"AI Overview, Reviews, Video, People also ask, Related searches"
netflix preis deutschland,Transactional,43,260,46,0.68,"AI Overview, Reviews, Video, People also ask, Related searches"
netflix serie aktuell,"Informational, Commercial",31,260,48,0.00,"AI Overview, Image, Video, People also ask, Top stories, Related searches"
netflix und disney+ plus paket,"Informational, Commercial",41,260,31,1.22,"AI Overview, Reviews, Video, People also ask, Related searches"
netflix vertrag,"Navigational, Transactional",42,260,61,1.49,"AI Overview, Reviews, Video, People also ask, Related searches"
netflix welche filme und serien,"Informational, Transactional",34,260,51,0.64,"Video, People also ask, Top stories, Related searches"
online iptv player,"Informational, Transactional",44,260,55,0.00,"Reviews, People also ask, Knowledge panel"
programm netflix,"Informational, Transactional",35,260,55,0.00,"Video, People also ask, Top stories, Related searches"
receiver für satellitenschüssel,Commercial,36,260,28,0.22,"Video, Video carousel, People also ask, Related searches, Popular products, Ads bottom"
receiver mit wlan,Commercial,35,260,20,1.05,"Video, People also ask, Related searches, Popular products"
rtl ab,Commercial,33,260,52,1.35,"Reviews, Video, People also ask, Top stories, Related searches, Ads top, Ads bottom"
rtl anschauen,Transactional,42,260,73,0.86,"Reviews, Video, People also ask, Related searches"
rtl hrvatska live stream,"Navigational, Transactional",33,260,25,0.99,"Sitelinks, Reviews, Video, Related searches"
rtl hrvatska uzivo,Transactional,33,260,34,0.00,"Reviews, Related searches"
rtl live hd stream,"Navigational, Transactional",37,260,49,0.87,"Reviews, Video, People also ask, Related searches"
rtl live stream 2ix2,"Navigational, Transactional",35,260,14,0.00,"Sitelinks, Reviews, Video, Related searches"
rtl live stream nydus,"Navigational, Transactional",35,260,29,0.00,"Sitelinks, Related searches"
rtl live streaming kostenlos,Commercial,40,260,48,1.11,"Sitelinks, Reviews, Video, People also ask, Related searches"
rtl livesrream,"Navigational, Transactional",49,260,61,0.60,"Reviews, Video, People also ask, Related searches, Ads middle"
rtl livestream tv,"Navigational, Transactional",49,260,50,0.98,"Reviews, Video, People also ask, Related searches"
rtl nitro free stream,Transactional,34,260,24,1.60,"Reviews, Video, People also ask, Related searches"
rtl nord livestream,"Navigational, Transactional",34,260,38,0.92,"Video, People also ask, Related searches"
rtl p,"Navigational, Transactional",31,260,62,0.22,"Sitelinks, Reviews, Video, Related searches"
rtl plus live stream,"Navigational, Transactional",40,260,62,0.31,"Sitelinks, AI Overview, Reviews, Video, People also ask, Related searches"
rtl plus sendung verpasst,"Navigational, Transactional",34,260,40,0.00,"Sitelinks, Video, People also ask, Related searches"
rtl site,"Navigational, Transactional",35,260,87,1.58,"Sitelinks, Video, People also ask, Related searches"
rtl super live stream kostenlos,Commercial,37,260,36,0.00,"Reviews, Video, People also ask, Related searches"
rtl up kostenlos deutsche kanäle,Commercial,40,260,34,0.00,"AI Overview, Reviews, Video, People also ask, Related searches"
rtl zwei live stream kostenlos,Commercial,39,260,29,0.00,"Reviews, Video, People also ask, Related searches"
rtl2 kostenlos gucken,Commercial,42,260,30,0.93,"Reviews, Video, People also ask, Related searches"
rtl2 kostenlos stream,Commercial,40,260,28,0.97,"Reviews, Video, People also ask, Related searches"
rtl2 live mediathek,"Navigational, Transactional",40,260,41,0.00,"AI Overview, Reviews, Video, Video carousel, People also ask, Related searches"
rtl2 live streaming,Commercial,38,260,41,0.83,"Reviews, Video, Video carousel, People also ask, Related searches"
rtl2 mediathek live,Commercial,40,260,42,0.49,"Sitelinks, Reviews, Video, People also ask, Related searches, Ads bottom"
rtlplus mediathek kostenlos ohne anmeldung,"Informational, Transactional",42,260,31,0.10,"AI Overview, Reviews, Video, People also ask, Related searches"
sat receiver kaufen,Transactional,39,260,34,0.13,"Video, People also ask, Local pack, Related searches, Popular products, Ads bottom"
sky auf 2 fernseher ohne zweitkarte,Transactional,39,260,22,0.00,"Sitelinks, Reviews, Video, People also ask, Related searches"
sky geräte verwalten,"Informational, Transactional",47,260,30,0.71,"AI Overview, Reviews, Video, People also ask, Related searches"
sky reciver,Transactional,42,260,32,1.97,"Reviews, Image, Image pack, People also ask, Related searches, Popular products"
stick telekom,Transactional,33,260,24,0.35,"Reviews, Video, People also ask, Related searches, Popular products"
stream web,Commercial,34,260,83,1.41,"Reviews, Video, People also ask, Related searches, Ads top, Ads middle"
streaming media stick,Commercial,40,260,24,0.89,"Video, Video carousel, People also ask, Related searches, Popular products"
streaming on kodi,Commercial,41,260,37,1.66,"AI Overview, Reviews, Video, Video carousel, People also ask"
super rtl kostenlos,Commercial,36,260,49,0.00,"Reviews, Video, People also ask, Related searches, Ads middle"
telekom internet tv,"Navigational, Transactional",43,260,57,2.55,"Reviews, Video, People also ask, Related searches"
telekom magenta app,Commercial,37,260,45,0.69,"Reviews, Video, Video carousel, People also ask, Related searches, Ads top"
telekom magenta receiver,"Informational, Transactional",40,260,27,2.04,"Reviews, Video, Video carousel, People also ask, Related searches"
telekom magenta tv-stick,"Informational, Transactional",40,260,26,0.32,"Reviews, Video, People also ask, Related searches"
television rtl,"Informational, Transactional",37,260,76,0.58,"Reviews, Video, People also ask, Top stories, Related searches"
test tv box,"Informational, Commercial",52,260,31,0.28,"Sitelinks, Reviews, Video, Video carousel, People also ask, Related searches"
tv anbieter check24,Transactional,39,260,43,0.47,"AI Overview, Reviews, Video, People also ask, Related searches, Ads top, Ads bottom"
tv box telekom,"Informational, Transactional",43,260,29,2.31,"Reviews, Video, People also ask, Related searches, Popular products"
tv live rtl,"Navigational, Transactional",40,260,58,0.66,"Reviews, Video, People also ask, Top stories, Related searches"
tv mit vertrag,Commercial,44,260,10,2.43,"Reviews, Related searches, Popular products"
tv online free watch tv online live,Commercial,34,260,65,0.00,"AI Overview, Reviews, Video, Related searches"
tv reciever,Commercial,38,260,36,1.00,"Video, People also ask, Related searches, Popular products, Ads bottom"
tv stick im vergleich,Commercial,47,260,27,0.66,"Sitelinks, Video, Video carousel, People also ask, Related searches, Ads top, Ads bottom"
tv sticks best,Commercial,37,260,33,0.59,"Featured snippet, Sitelinks, Reviews, Video, Video carousel, Related searches, Popular products, Ads bottom"
tv streaming box,Commercial,43,260,35,1.61,"Sitelinks, Reviews, Video, Video carousel, People also ask, Knowledge panel, Related searches"
tv telekom internet,Transactional,45,260,37,2.55,"Reviews, Video, People also ask, Related searches, Ads top, Ads middle"
tvlivestream,Commercial,36,260,66,0.79,"Reviews, Video, People also ask, Related searches"
verbindung mit einem netzwerk herstellen,"Informational, Transactional",46,260,26,1.99,"Sitelinks, Reviews, Video, Video carousel, People also ask, Related searches"
vergleich fernsehen internet,Commercial,46,260,36,1.49,"Reviews, Video, People also ask, Related searches, Ads top, Ads middle"
vertrag tv,Commercial,44,260,26,2.43,"AI Overview, Reviews, Video, People also ask, Top stories, Related searches"
viva premium iptv,Transactional,46,260,14,0.00,"Reviews, People also ask, Related searches"
vox live stream free,Transactional,32,260,39,0.00,"Reviews, Video, People also ask, Related searches"
voxup livestream kostenlos,Commercial,35,260,25,0.00,"Sitelinks, Reviews, People also ask, Related searches"
watch live television online for free,Commercial,34,260,72,1.31,"AI Overview, Reviews, Video, People also ask, Related searches, Ads middle"
welche iptv box ist die beste,Commercial,52,260,21,0.00,"Video, People also ask, Related searches, Popular products"
welcher fire tv stick ist der beste,Commercial,38,260,30,0.34,"Sitelinks, AI Overview, Reviews, Video, Video carousel, People also ask, Related searches"
welcher tv anbieter ist der beste,Commercial,46,260,39,1.55,"Sitelinks, AI Overview, Reviews, Image, Video, People also ask, Related searches"
wlan fernseher klein,Commercial,36,260,25,0.17,"Image, Image pack, People also ask, Related searches, Popular products"
xtream iptv player,"Informational, Transactional",42,260,30,0.00,"Reviews, Video, People also ask, Related searches"
zattoo alternative,"Informational, Commercial",38,260,28,0.80,"Sitelinks, AI Overview, Reviews, Video, People also ask, Related searches"
zattoo kostenlos rtl,"Informational, Transactional",41,260,50,0.73,"Reviews, Video, People also ask, Related searches"
zattoo vs waipu,Commercial,30,260,23,1.99,"Sitelinks, AI Overview, Reviews, Video, People also ask, Related searches"
2ix2 formel 1 live,"Navigational, Transactional",29,210,35,0.00,"Video, People also ask, Related searches"
2ix2 nitro,"Navigational, Transactional",30,210,31,0.00,"Sitelinks, Reviews, Video, Related searches"
2ix2 pro7,"Navigational, Transactional",31,210,38,0.00,"Sitelinks, Reviews, Video, People also ask, Related searches"
abonnement netflix,"Navigational, Transactional",40,210,51,1.31,"AI Overview, Reviews, People also ask, Related searches"
airtel xstream stick,"Informational, Transactional",47,210,34,0.00,"Reviews, Image pack, Video, Video carousel, People also ask, Related searches"
alternative live tv,"Informational, Commercial",36,210,30,2.55,"Video, People also ask, Related searches"
alternative zattoo,"Informational, Commercial",37,210,24,0.77,"AI Overview, Reviews, Video, Video carousel, People also ask, Related searches, Ads bottom"
alternative zu waipu tv,"Informational, Commercial",41,210,28,0.66,"Sitelinks, AI Overview, Reviews, Video, People also ask, Related searches"
anbieter für fernsehen,"Informational, Commercial",52,210,35,2.50,"AI Overview, Reviews, Video, People also ask, Related searches"
apple vs fire tv,Commercial,34,210,10,0.00,"AI Overview, Reviews, Image pack, Video, Video carousel, People also ask, Related searches"
beste iptv app für fire stick,Commercial,51,210,7,0.00,"Sitelinks, AI Overview, Video, Video carousel, People also ask, Related searches"
beste iptv player,Commercial,53,210,21,0.00,"AI Overview, Reviews, Video, Video carousel, People also ask, Related searches"
beste iptv player android,Commercial,51,210,18,0.00,"Sitelinks, AI Overview, Reviews, Video, Video carousel, People also ask, Related searches"
beste m3u liste kostenlos,Commercial,56,210,26,0.64,"Sitelinks, AI Overview, Reviews, Video, People also ask, Related searches"
beste tv app kostenlos,Commercial,41,210,44,0.58,"AI Overview, Reviews, Video, People also ask, Related searches"
beste tv box,Commercial,46,210,28,0.63,"Reviews, Video, People also ask, Related searches, Popular products, Ads bottom"
bester android tv box,Commercial,40,210,23,0.27,"Sitelinks, Reviews, Video, Video carousel, People also ask, Related searches, Popular products"
bester streaming stick,Commercial,39,210,35,0.64,"Sitelinks, Reviews, Instant answer, Video, People also ask, Related searches, Popular products"
bestes netflix angebot,Commercial,46,210,,0.92,"AI Overview, Reviews, Video, People also ask, Related searches, Ads bottom"
die besten streaming dienste,Commercial,43,210,34,1.37,"AI Overview, Reviews, Video, People also ask, Related searches, Ads middle"
digitale fernseher,"Informational, Transactional",39,210,25,1.70,"Reviews, Video, People also ask, Knowledge panel, Related searches, Popular products, Ads bottom"
entertain von telekom,Transactional,40,210,56,3.87,"AI Overview, Reviews, Video, People also ask, Related searches, Ads top, Ads middle"
fernsehen frei,Commercial,36,210,47,0.53,"Sitelinks, Reviews, Video, People also ask, Knowledge panel, Related searches, Ads bottom"
fernsehen internet vergleich,Commercial,46,210,37,1.61,"Sitelinks, AI Overview, Reviews, Video, People also ask, Related searches"
fernsehen kostenlos live stream,Commercial,39,210,63,0.90,"AI Overview, Reviews, Video, People also ask, Related searches"
fernsehen kostenlos und ohne anmeldung,"Informational, Transactional",40,210,33,0.42,"Reviews, Video, People also ask, Related searches, Ads bottom"
fernsehen über internet kostenlos ohne anmeldung,"Informational, Transactional",38,210,31,0.29,"AI Overview, Reviews, Video, People also ask, Related searches, Ads bottom, Ads middle"
fernsehen über internet telekom,Commercial,43,210,48,2.24,"AI Overview, Reviews, Video, People also ask, Related searches, Ads bottom, Ads middle"
fernseher mit antennenanschluss,Commercial,38,210,24,0.51,"Reviews, Video, People also ask, Related searches, Popular products"
fernsehschauen,Commercial,36,210,23,0.97,"AI Overview, Reviews, Video, People also ask, Related searches, Ads bottom"
fire tv stick vs apple tv,Commercial,35,210,26,0.00,"AI Overview, Reviews, Video, Video carousel, People also ask, Related searches"
free tv online,Commercial,36,210,57,0.94,"AI Overview, Reviews, Video, Related searches"
germaniptv,Commercial,46,210,17,0.88,"Video, People also ask, Related searches"
gratis live tv,Commercial,37,210,54,0.82,"Reviews, Video, Related searches"
hd receiver kaufen,Transactional,38,210,33,0.33,"Video, People also ask, Local pack, Related searches, Popular products"
hdtv sat receiver,"Informational, Transactional",34,210,26,0.08,"Video, Video carousel, People also ask, Related searches, Popular products"
hotspot wifi,Commercial,32,210,41,1.08,"Reviews, Video, Video carousel, People also ask, Related searches"
internet fernsehen telekom,Commercial,41,210,57,1.18,"AI Overview, Reviews, Video, People also ask, Related searches, Ads bottom, Ads middle"
internet und fernsehn,Commercial,46,210,43,2.46,"AI Overview, Reviews, Video, People also ask, Related searches, Ads top, Ads middle"
internet und tv telekom,Transactional,43,210,34,2.15,"Reviews, Video, People also ask, Related searches, Ads top, Ads middle"
internet vertrag mit tv gerät,Commercial,45,210,17,2.55,"Reviews, Video, People also ask, Related searches, Ads top, Ads middle"
ip tv deutschland,"Informational, Commercial",51,210,41,1.17,"AI Overview, Reviews, Video, People also ask, Related searches"
ip tv player,"Informational, Commercial",49,210,38,0.53,"Reviews, Video, Video carousel, People also ask, Related searches"
ip tv receiver,"Informational, Commercial",45,210,19,0.00,"Video, People also ask, Related searches, Popular products"
ip tv smart,Commercial,50,210,36,0.00,"Reviews, Image pack, Video, People also ask, Related searches"
ip-tv player,Commercial,48,210,39,0.53,"Reviews, Video, People also ask, Related searches"
iptv 3mu list,Commercial,54,210,35,0.00,"Reviews, Video, People also ask, Related searches"
iptv box kaufen,Transactional,50,210,24,0.00,"Video, People also ask, Related searches, Popular products"
iptv code kaufen,Commercial,49,210,13,0.00,"AI Overview, Related searches"
iptv deutschland anbieter,"Informational, Commercial",55,210,32,0.00,"AI Overview, Video, Short videos, People also ask, Related searches"
iptv kodi,Commercial,58,210,24,0.00,"AI Overview, Reviews, Video, Video carousel, People also ask"
iptv link,Commercial,49,210,14,0.00,"Reviews, Video, Video carousel, Related searches"
iptv player for windows,"Informational, Commercial",46,210,30,0.00,"Reviews, Video, Related searches"
iptv services,"Informational, Commercial",47,210,26,0.00,"Sitelinks, Video, Video carousel, People also ask, Related searches"
iptv smart apk,"Informational, Transactional",56,210,25,0.00,"Reviews, Video, Related searches"
iptv testen,Commercial,51,210,0,0.00,Related searches
iptv tv box,Commercial,50,210,21,0.00,"People also ask, Related searches, Popular products"
iptvhafen,"Informational, Transactional",52,210,2,0.00,Related searches
iptvhdserver,"Navigational, Transactional",49,210,10,0.00,"Sitelinks, Reviews, Video, People also ask, Ads top, Ads middle"
kabel ein stream,Commercial,40,210,42,0.67,"Reviews, Video, People also ask, Related searches"
kaufen iptv,Commercial,49,210,30,0.00,"Video, People also ask, Related searches, Popular products"
kodi addon,Commercial,49,210,18,0.00,"Sitelinks, Reviews, Video"
kodi apps,Commercial,44,210,42,1.72,"Reviews, People also ask"
kodi media center software,"Informational, Transactional",40,210,38,0.00,"Sitelinks, Reviews, Video, Video carousel, People also ask, Knowledge panel"
kostenlos rtl2 gucken,Commercial,40,210,26,1.05,"Video, People also ask, Related searches"
kostenlos super rtl,Commercial,38,210,21,0.00,"Reviews, Video, People also ask, Related searches"
kostenlos tv streamen ohne anmeldung,"Navigational, Transactional",40,210,50,0.00,"Sitelinks, AI Overview, Reviews, Video, People also ask, Related searches"
kostenlose livestream,Commercial,38,210,69,1.68,"Reviews, Video, People also ask, Top stories, Related searches"
kostenloses live tv,Commercial,41,210,61,0.61,"AI Overview, Reviews, Image, Video, People also ask, Related searches, Ads bottom"
kostenloses tv streaming,Commercial,39,210,47,0.93,"Reviews, Video, People also ask, Related searches"
live stream rtl fussball,Transactional,40,210,46,0.91,
live tv schauen,Commercial,41,210,70,1.07,"Reviews, Video, People also ask, Related searches"
live tv se,"Informational, Transactional",35,210,87,1.29,"Reviews, Video, People also ask, Related searches"
livestream kostenlos ohne anmeldung,"Navigational, Transactional",36,210,37,0.48,"Sitelinks, Reviews, Video, Related searches"
livestream rtl de,"Navigational, Transactional",40,210,64,0.71,"Reviews, Video, People also ask, Related searches"
livetv online,"Informational, Transactional",35,210,5,1.07,"Reviews, Related searches"
magenta angebote telekom,"Navigational, Transactional",35,210,39,1.63,"Sitelinks, Reviews, Video, People also ask, Related searches"
magenta box kaufen,Transactional,36,210,24,2.10,"Image pack, People also ask, Related searches, Popular products"
magenta live tv,"Informational, Transactional",40,210,50,3.25,"Reviews, Video, People also ask, Related searches"
magenta preise,"Navigational, Transactional",36,210,34,2.89,"Sitelinks, AI Overview, Reviews, Video, People also ask, Related searches"
magenta tv alternative,"Informational, Commercial",43,210,19,1.18,"Sitelinks, AI Overview, Reviews, Video, People also ask, Related searches"
magenta tv alternativen,Commercial,46,210,23,1.69,"AI Overview, Reviews, Video, People also ask, Related searches"
magenta tv one 2 generation kaufen,Transactional,35,210,23,1.76,"People also ask, Related searches, Popular products, Ads bottom"
magenta tv one 2. generation bedienungsanleitung,"Informational, Transactional",39,210,17,0.00,"Video, Video carousel, People also ask, Related searches"
media markt satelliten receiver,"Informational, Transactional",39,210,24,0.04,"Image pack, People also ask, Related searches, Popular products"
mein rtl plus,"Navigational, Transactional",44,210,42,1.64,"Reviews, Video, People also ask, Related searches"
movie for kodi,"Informational, Commercial",32,210,27,0.00,"Sitelinks, Reviews, Video, People also ask"
netflix basis abonnement,"Informational, Transactional",38,210,52,1.20,"AI Overview, Reviews, Video, People also ask, Related searches"
netflix com konto,"Navigational, Transactional",36,210,63,1.63,"People also ask, Related searches"
netflix es,"Navigational, Transactional",33,210,48,0.00,"Reviews, Video, People also ask, Related searches"
netflix in,"Navigational, Transactional",36,210,86,0.00,"Reviews, People also ask, Related searches"
netflix inhalte,Transactional,41,210,65,2.10,"Video, People also ask, Related searches"
netflix jahresabo kosten,"Informational, Transactional",40,210,50,1.04,"AI Overview, Reviews, People also ask, Related searches"
netflix kino filme,Commercial,31,210,37,0.17,"AI Overview, Reviews, Video, People also ask, Related searches"
netflix kosten familie,"Informational, Transactional",41,210,47,0.00,"AI Overview, Video, People also ask, Related searches"
netflix monatsabo,"Informational, Transactional",40,210,56,1.12,"AI Overview, Reviews, Video, People also ask, Related searches"
netflix new films,"Navigational, Transactional",27,210,83,0.00,"Video, People also ask, Related searches"
netflix online login,"Navigational, Transactional",34,210,70,0.00,"People also ask, Related searches"
netflix preise 2026,Transactional,46,210,43,0.51,"AI Overview, Reviews, People also ask, Related searches"
netflix serien auf deutsch,Commercial,33,210,21,0.00,"Sitelinks, Reviews, Video, People also ask, Related searches"
netflix testmonat,"Informational, Transactional",41,210,50,1.63,"Video, People also ask, Top stories, Related searches"
netflix tv stick,Transactional,39,210,41,0.39,"Sitelinks, Reviews, Video, People also ask, Related searches, Popular products"
netflix zusatzaccount,"Informational, Transactional",43,210,41,0.91,"AI Overview, Reviews, Video, People also ask, Related searches"
netflix-abo angebot,"Informational, Commercial",46,210,40,1.49,"AI Overview, Reviews, People also ask, Related searches"
netflixabo,"Navigational, Transactional",38,210,51,1.35,"Reviews, Video, People also ask, Related searches"
new film netflix,"Informational, Transactional",27,210,68,0.00,"AI Overview, Video, People also ask, Related searches"
online tv kostenlos schauen,Commercial,41,210,53,1.00,"AI Overview, Reviews, Video, People also ask, Related searches"
playlist mu3,"Informational, Commercial",47,210,30,0.82,"Reviews, Video, People also ask, Related searches"
preis magenta tv,Transactional,43,210,45,0.86,"AI Overview, Reviews, Video, People also ask, Related searches"
pro7 kostenlos streamen,Commercial,37,210,44,0.48,"Reviews, Video, People also ask, Related searches"
receiver für fernsehen,Commercial,41,210,30,0.74,"Video, Video carousel, People also ask, Related searches, Popular products"
recommended iptv providers,Commercial,41,210,44,0.00,"Sitelinks, People also ask, Related searches"
resiever,Commercial,27,210,25,0.88,"Video, People also ask, Related searches, Popular products"
rtl + kostenlos testen,Commercial,42,210,44,2.13,"AI Overview, Reviews, Video, People also ask, Related searches, Ads top, Ads bottom"
rtl aktuell now,"Navigational, Transactional",32,210,61,0.00,"Reviews, Video, Related searches"
rtl canlı izle,"Navigational, Transactional",35,210,44,0.00,Reviews
rtl de programme,"Navigational, Transactional",32,210,71,0.00,"Sitelinks, Reviews, Video, People also ask, Related searches"
rtl fernseh,Commercial,34,210,58,0.49,"Reviews, Video, People also ask, Related searches"
rtl kostenlos live sehen,Commercial,40,210,49,1.00,"Sitelinks, Reviews, Video, People also ask, Related searches, Ads middle"
rtl live ansehen,"Navigational, Transactional",38,210,53,0.88,"Reviews, Video, People also ask, Related searches"
rtl live fußball deutschland,"Navigational, Transactional",36,210,50,0.00,"Sitelinks, Reviews, Video, People also ask, Related searches"
rtl live stream kostenlos ohne anmeldung nydus,"Navigational, Transactional",35,210,20,0.00,"Reviews, Video, People also ask"
rtl live stream online,"Navigational, Transactional",36,210,54,0.72,"Reviews, Video, People also ask, Related searches"
rtl mediathek aktuell,"Informational, Transactional",34,210,50,0.00,"Reviews, Video, People also ask, Related searches"
rtl nitro stream kostenlos,Commercial,38,210,19,0.00,"Reviews, Video, People also ask"
rtl now aktuell,"Navigational, Transactional",33,210,55,0.00,"Reviews, Video, People also ask, Knowledge panel, Related searches"
rtl now.de,"Navigational, Transactional",38,210,72,0.08,"Sitelinks, Reviews, Video, People also ask, Knowledge panel"
rtl online kostenlos schauen,Commercial,38,210,43,1.57,"Sitelinks, Reviews, Video, People also ask, Related searches"
rtl plzs,"Navigational, Commercial",37,210,59,0.26,"Sitelinks, Reviews, Video, People also ask, Related searches, Ads top, Ads bottom"
rtl televizija live stream,"Navigational, Transactional",37,210,53,0.90,"Reviews, Video, People also ask, Related searches"
rtl uzivo,"Informational, Transactional",37,210,48,0.93,"Reviews, Video, People also ask, Related searches"
rtl uživo stream,"Navigational, Transactional",38,210,47,0.99,"AI Overview, Reviews, Video, People also ask, Related searches"
rtl von gestern,"Informational, Transactional",33,210,37,0.79,"Video, People also ask, Related searches"
rtl zwei livestream,Commercial,39,210,36,1.05,"Reviews, Video, People also ask, Related searches"
rtl2 kostenlos ansehen,Commercial,40,210,29,0.00,"Reviews, Video, People also ask, Related searches"
rtl2 livestream kostenlos,Commercial,40,210,25,1.00,"AI Overview, Reviews, Video, Related searches"
rtl2 online schauen,Commercial,39,210,43,0.83,"AI Overview, Reviews, Video, People also ask, Related searches"
rtl2 online sehen,Commercial,40,210,30,0.87,"Reviews, Video, People also ask, Related searches"
sat receiver mit smart tv,Commercial,40,210,23,0.13,"Video, People also ask, Related searches, Popular products"
satelliten festplattenreceiver,Commercial,38,210,19,0.16,"Reviews, Video, People also ask, Related searches, Popular products"
sky mini box,"Informational, Transactional",35,210,28,1.22,"Reviews, Video, People also ask, Related searches, Popular products"
sky q mini kaufen,Transactional,35,210,30,0.69,"Reviews, Video, People also ask, Related searches, Popular products"
sky sat receiver,Commercial,41,210,34,2.45,"Reviews, Video, People also ask, Related searches, Popular products"
smart receiver,Commercial,34,210,25,0.69,"Reviews, Image pack, Video, People also ask, Related searches, Popular products"
smart tv box test,Commercial,41,210,44,0.33,"Sitelinks, Reviews, Video, People also ask, Related searches, Popular products"
smart tv mit wlan,Commercial,42,210,24,0.31,"People also ask, Related searches, Popular products"
smart tv player,"Informational, Transactional",40,210,29,0.45,"Reviews, Video, Video carousel, People also ask, Related searches"
stream fernsehen kostenlos,Commercial,40,210,45,0.86,"Reviews, Video, People also ask, Related searches"
streaming anbieter im vergleich,Commercial,44,210,40,1.58,"AI Overview, Reviews, Video, People also ask, Related searches, Ads bottom"
streaming stick vergleich,Commercial,40,210,32,0.47,"Sitelinks, Reviews, Video, People also ask, Related searches"
super rtl live stream kostenlos ohne anmeldung,"Navigational, Transactional",35,210,28,0.00,"Reviews, Video, People also ask, Related searches"
telecom angebote,Transactional,38,210,38,0.97,"Reviews, Video, People also ask, Related searches, Ads top, Ads middle"
telekom big tv,"Navigational, Transactional",39,210,21,5.28,"Reviews, Video, People also ask, Related searches"
telekom internet und fernsehen,"Navigational, Transactional",44,210,34,1.80,"Reviews, Video, People also ask, Related searches"
telekom kundenservice magentatv,"Navigational, Transactional",48,210,47,0.28,"Video, People also ask, Related searches"
telekom magentatv stick,"Informational, Transactional",35,210,23,0.42,"Reviews, Video, People also ask, Related searches, Popular products"
telekom senderliste,"Navigational, Transactional",41,210,31,7.36,"People also ask, Related searches"
television telekom,Transactional,37,210,58,2.14,"AI Overview, Reviews, Video, People also ask, Related searches, Ads top"
televisions smart,Commercial,35,210,36,0.80,"Video, People also ask, Related searches, Popular products"
tv free streaming,Commercial,34,210,46,0.89,"AI Overview, Reviews, Video, Related searches"
tv internet anbieter vergleich,Commercial,48,210,36,1.58,"Sitelinks, Reviews, People also ask, Related searches"
tv internet telekom,"Navigational, Transactional",43,210,56,2.55,"Reviews, Video, People also ask, Related searches"
tv internetfähig,Commercial,48,210,22,2.24,"Reviews, Video, People also ask, Related searches, Popular products, Ads top, Ads bottom"
tv mit receiver,Commercial,41,210,24,0.74,"Video, People also ask, Related searches, Popular products"
tv programm live kostenlos,Commercial,39,210,68,0.47,"Reviews, Video, People also ask, Related searches"
tv streaming gratis,Commercial,38,210,32,1.00,"Reviews, Video, People also ask, Related searches, Ads bottom"
tv tarife,"Informational, Commercial",42,210,43,2.03,"AI Overview, Reviews, Video, People also ask, Related searches, Ads top"
umsonst fernsehn,Commercial,35,210,42,0.75,"AI Overview, Reviews, Video, People also ask, Related searches, Ads top, Ads middle"
vergleich internet tv anbieter,Commercial,49,210,35,1.58,"Sitelinks, Reviews, Video, People also ask, Related searches"
vergleich streaming anbieter,Commercial,44,210,42,1.84,"Reviews, Video, People also ask, Related searches"
vertrag mit tv,Commercial,43,210,18,2.60,"Reviews, Image, Related searches, Ads top, Ads bottom"
vox gucken live,Commercial,32,210,35,0.86,"Reviews, Video, People also ask, Related searches"
waipu tv bewertungen,Commercial,42,210,16,0.00,"AI Overview, Reviews, Video, Video carousel, People also ask, Related searches"
was ist set top box,"Informational, Commercial",42,210,14,0.00,"Reviews, Image, Video, People also ask, Related searches, Popular products"
wlan fähiger fernseher,Commercial,41,210,24,0.26,"Video, People also ask, Related searches, Popular products"
wm magenta tv,"Informational, Commercial",48,210,,5.34,"Reviews, Video, Video carousel, Top stories, Related searches"
wow tv magenta,"Informational, Commercial",39,210,21,1.20,"Sitelinks, AI Overview, Reviews, Video, People also ask, Related searches"
www rtl de now,"Navigational, Transactional",38,210,76,0.04,"Reviews, Video, Related searches, Ads top"
как подключить ноутбук к компьютеру как вай фай адаптер,"Informational, Transactional",46,210,16,0.00,"Video, Video carousel"
abo netflix kosten,"Informational, Transactional",41,170,53,0.64,"AI Overview, Reviews, People also ask, Related searches"
abonnement netflix kosten,"Informational, Transactional",43,170,44,0.54,"AI Overview, People also ask, Related searches"
addons kodi,Commercial,40,170,11,0.00,"Reviews, Video"
alternative für kabelfernsehen,"Informational, Commercial",50,170,14,1.17,"Sitelinks, AI Overview, Video, Video carousel, People also ask, Related searches, Ads top, Ads middle"
alternative zu waipu,"Informational, Commercial",35,170,28,0.59,"Sitelinks, AI Overview, Reviews, Video, People also ask, Related searches"
alternative zu zattoo,Commercial,36,170,17,0.80,"AI Overview, Reviews, Video, Video carousel, People also ask, Related searches"
best streaming stick,Commercial,33,170,40,0.64,"Sitelinks, Reviews, Video, Video carousel, People also ask, Related searches, Popular products"
beste iptv anbieter forum,Commercial,52,170,10,0.00,"Sitelinks, Reviews, People also ask, Related searches"
bester iptv anbieter deutschland,Commercial,51,170,19,0.00,"Sitelinks, AI Overview, Video, Short videos, People also ask, Related searches"
bester iptv provider,Commercial,48,170,20,0.00,"Sitelinks, AI Overview, Video, People also ask, Related searches"
bester sat receiver,Commercial,34,170,21,0.14,"Sitelinks, Reviews, Video, Video carousel, People also ask, Related searches"
bester tv anbieter,Commercial,48,170,41,1.97,"Sitelinks, AI Overview, Reviews, Video, People also ask, Related searches"
dazn fussbal,"Navigational, Transactional",54,170,65,0.89,"Video, Video carousel, People also ask, Top stories, Related searches"
dazn fussball live,"Navigational, Transactional",54,170,72,0.75,"Reviews, Video, Top stories, Related searches"
dazn fußball live,"Navigational, Transactional",54,170,69,0.75,"Reviews, Video, Top stories, Related searches"
digital antenne tv,Commercial,37,170,17,0.37,"Video, People also ask, Related searches, Popular products"
dvb s receiver,Commercial,33,170,19,0.28,"Image pack, People also ask, Related searches, Popular products"
fernseh kostenlos anschauen,Commercial,39,170,41,0.31,"Sitelinks, Reviews, Video, People also ask, Related searches, Ads middle"
fernseh online kostenlos,Commercial,40,170,60,0.81,"Reviews, Video, People also ask, Related searches"
fernsehen auf dem laptop kostenlos,Commercial,43,170,42,0.38,"AI Overview, Reviews, Video, Video carousel, People also ask, Related searches, Ads top, Ads middle"
fernsehen auf laptop kostenlos,"Informational, Commercial",42,170,53,0.45,"AI Overview, Video, People also ask, Related searches, Ads bottom, Ads middle"
fernsehen auf pc,Commercial,43,170,30,0.56,"AI Overview, Reviews, Video, People also ask, Related searches, Ads bottom, Ads middle"
fernsehen online schauen,Commercial,39,170,58,1.15,"Reviews, Video, People also ask, Related searches"
fernsehen über internet vergleich,Commercial,46,170,36,1.61,"AI Overview, Reviews, Video, People also ask, Related searches, Ads top, Ads bottom"
flixi tv stick kaufen,"Informational, Transactional",47,170,24,0.56,"Sitelinks, Reviews, Video, Video carousel, People also ask, Related searches, Popular products"
flixy tv stick kaufen,Transactional,47,170,15,0.68,"Sitelinks, Video, People also ask, Related searches, Popular products"
free fernsehen,Commercial,38,170,38,0.94,"AI Overview, Reviews, Video, People also ask, Top stories, Related searches"
free tv live stream,Commercial,35,170,54,0.62,"Reviews, Video, People also ask, Related searches"
free tv show stream online,Commercial,32,170,66,0.00,"Sitelinks, Video, People also ask, Related searches"
freetvstream,Commercial,34,170,42,2.32,"Reviews, Video, Related searches"
fußball live dazn,"Navigational, Transactional",54,170,69,0.75,"Reviews, Video, Top stories, Related searches"
germany ip tv,Commercial,44,170,16,0.87,"AI Overview, Video, People also ask, Related searches"
geräte zum streamen,Commercial,43,170,23,0.63,"Video, People also ask, Related searches, Popular products"
gestern rtl,Transactional,33,170,39,0.79,"Video, People also ask, Related searches"
hd online tv,Commercial,46,170,60,2.09,"AI Overview, Reviews, Video, Related searches, Ads top, Ads middle"
hd sat receiver mit hd+ karte,Commercial,48,170,21,0.14,"People also ask, Related searches, Popular products"
ip tv boxen,"Informational, Commercial",49,170,25,0.00,"Video, Video carousel, People also ask, Related searches, Popular products"
ip tv smart player,Transactional,50,170,31,0.00,"Reviews, Video, People also ask, Related searches"
iptv best,Commercial,50,170,26,0.00,"Sitelinks, AI Overview, Video, Video carousel, People also ask, Related searches"
iptv buy,"Informational, Commercial",44,170,45,0.00,"AI Overview, Video, Related searches"
iptv für vlc player,"Informational, Transactional",46,170,25,0.00,"Sitelinks, Reviews, Video, Video carousel, Related searches"
iptv kaufen deutschland,Commercial,58,170,19,0.00,"Video, Related searches"
iptv m3u liste,"Informational, Commercial",56,170,15,0.00,"AI Overview, Reviews, Video, Related searches"
iptv service,"Informational, Commercial",50,170,32,0.00,"AI Overview, Reviews, Video, Video carousel, People also ask, Related searches"
iptv smarters pro apk download,Commercial,51,170,33,0.00,"Reviews, Video, People also ask, Related searches"
iptv smarters pro download android,Commercial,41,170,33,0.00,"Reviews, Video carousel, Related searches"
iptv smarters pro mac,Commercial,51,170,37,0.00,"Reviews, Video, Related searches"
iptv streamer,Commercial,52,170,29,0.00,"Reviews, Video, People also ask, Related searches"
iptv sub,"Informational, Commercial",47,170,17,1.05,"Sitelinks, Video, Video carousel, People also ask, Related searches"
iptv telekom,"Navigational, Transactional",52,170,65,0.00,"Sitelinks, AI Overview, Reviews, Video, People also ask, Related searches"
kabel receiver für sky,Commercial,44,170,32,1.74,"Sitelinks, Reviews, Video, People also ask, Related searches, Popular products"
kabel receiver mit sky,Commercial,42,170,27,2.10,"Reviews, Video, Video carousel, People also ask, Related searches, Popular products, Ads bottom"
kabelfersehen,Commercial,48,170,31,1.16,"Reviews, Image, Video, People also ask, Related searches"
kodi add-ons,Commercial,49,170,10,0.27,"Sitelinks, Reviews, Video, People also ask"
kodi filme,Commercial,45,170,8,0.00,"AI Overview, Reviews, Video, People also ask"
kodi movie online,"Informational, Transactional",30,170,40,0.00,"Reviews, Video, Video carousel"
kostenlos fernsehen am laptop,"Informational, Commercial",42,170,25,0.36,"Sitelinks, AI Overview, Reviews, Video, Video carousel, People also ask, Related searches, Ads middle"
kostenlos fernsehen online ohne anmeldung,"Navigational, Transactional",37,170,55,0.00,"AI Overview, Reviews, Video, People also ask, Related searches, Ads bottom"
kostenlos fernsehen schauen ohne anmeldung,"Navigational, Transactional",37,170,40,0.00,"Sitelinks, Reviews, Video, People also ask, Related searches"
kostenlos tv online schauen,Commercial,39,170,50,1.00,"Reviews, Video, People also ask, Related searches"
kostenlose live tv,Commercial,40,170,39,0.61,"Reviews, Video, Related searches"
live pro tv gratis,Commercial,37,170,52,0.00,"Reviews, Video, People also ask, Related searches"
live rtl now,"Navigational, Transactional",37,170,50,0.26,"Reviews, Video, People also ask, Related searches"
live stream com,Commercial,34,170,58,0.00,"Reviews, Video, People also ask, Related searches"
live stream ohne anmeldung,"Navigational, Transactional",34,170,40,0.36,"Sitelinks, Reviews, Video, Related searches"
live streams kostenlos,Commercial,39,170,64,0.71,"Sitelinks, Reviews, Video, People also ask, Top stories, Related searches"
m3u editor online,"Informational, Commercial",36,170,10,0.00,"Reviews, Video, People also ask, Related searches"
m3u player windows 11,Commercial,46,170,23,1.88,"Sitelinks, Reviews, Video, Video carousel, People also ask, Related searches"
m3u4u,Commercial,56,170,14,0.00,"People also ask, Related searches"
magenta big tv,Commercial,35,170,17,4.48,"Sitelinks, AI Overview, Reviews, Video, People also ask, Related searches"
magenta ohne telekom,"Informational, Commercial",40,170,31,5.71,"AI Overview, Reviews, People also ask, Related searches, Ads top"
magenta tv fernseher,"Informational, Transactional",44,170,46,3.53,"Reviews, Image, Video, People also ask, Related searches"
magenta tv ohne festnetz,"Informational, Commercial",49,170,31,2.63,"Sitelinks, AI Overview, Reviews, Video, People also ask, Related searches"
magenta tv ohne telekom vertrag,"Informational, Commercial",46,170,25,2.98,"AI Overview, Reviews, Video, People also ask, Related searches"
magenta tv program,Commercial,34,170,38,2.85,"AI Overview, Reviews, Video, People also ask, Related searches, Ads top"
magenta tv stick 2.0,Commercial,36,170,20,0.25,"Reviews, Video, Video carousel, People also ask, Ads middle"
magenta tv stick anmelden,"Informational, Transactional",44,170,16,0.00,"AI Overview, Reviews, Video, Video carousel, People also ask, Related searches"
magenta tv stick anmelden für live-tv,Transactional,46,170,24,0.00,"Video, Video carousel, People also ask, Related searches"
magenta tv vs waipu,"Informational, Commercial",44,170,19,0.00,"Sitelinks, AI Overview, Reviews, Video, People also ask, Related searches"
magentatv angebot,Commercial,40,170,43,2.57,"Reviews, People also ask, Related searches, Ads bottom"
media markt receiver,Commercial,39,170,30,0.08,"Image pack, People also ask, Related searches, Popular products"
media markt sat receiver,"Informational, Transactional",37,170,23,0.04,"People also ask, Related searches, Popular products"
ml tv stick,"Informational, Transactional",47,170,30,0.39,"Reviews, Video, Video carousel, People also ask, Knowledge panel, Related searches, Ads middle"
mobil tv,Commercial,39,170,26,1.14,"AI Overview, Reviews, Video, People also ask, Related searches"
nerflix preis,Transactional,46,170,48,1.38,"AI Overview, Reviews, Video, People also ask, Related searches, Ads bottom"
netflix .de,"Navigational, Transactional",38,170,83,1.87,"Sitelinks, Reviews, Video, People also ask"
netflix abo optionen,"Informational, Transactional",44,170,52,0.00,"AI Overview, Reviews, Video, People also ask, Related searches"
netflix abomodelle,"Informational, Transactional",36,170,55,1.61,"AI Overview, Reviews, Video, People also ask, Related searches"
netflix basis,"Informational, Transactional",35,170,54,1.48,"AI Overview, Image, Image pack, People also ask, Related searches, Ads bottom"
netflix cost,"Informational, Transactional",36,170,79,1.19,"AI Overview, Reviews, Video, People also ask, Related searches"
netflix gucken,"Navigational, Transactional",39,170,58,1.73,"Sitelinks, Reviews, Video, People also ask, Related searches"
netflix im monat,"Informational, Transactional",45,170,42,0.99,"AI Overview, Reviews, Video, People also ask, Related searches"
netflix login konto,"Navigational, Transactional",37,170,65,0.00,"People also ask, Related searches"
netflix mediathek,"Informational, Transactional",39,170,69,1.04,"Video, People also ask, Related searches"
netflix movies in germany,"Informational, Commercial",0,170,45,0.00,"Video, People also ask, Related searches"
netflix rechnung,"Navigational, Transactional",37,170,46,0.00,"People also ask, Related searches"
netflix standard vs premium,"Informational, Commercial",39,170,36,0.00,"AI Overview, Reviews, Video, People also ask, Related searches"
netflix test abo,"Informational, Transactional",40,170,45,1.39,"AI Overview, Reviews, Video, People also ask, Related searches"
netflix tv login,"Navigational, Transactional",36,170,59,0.00,"Video, People also ask, Related searches"
netflix uhd,"Informational, Transactional",42,170,40,0.00,"AI Overview, Image, Video, People also ask, Related searches"
netflixkosten,"Informational, Transactional",46,170,41,0.47,"AI Overview, Reviews, Video, People also ask, Related searches"
online fernsehen kostenlos ohne anmeldung,"Navigational, Transactional",37,170,59,0.00,"Sitelinks, Reviews, Video, Related searches, Ads bottom"
online kostenlos fernsehen ohne anmeldung,"Navigational, Transactional",41,170,44,0.00,"AI Overview, Reviews, Video, People also ask, Related searches"
online tv schauen kostenlos,Commercial,39,170,47,0.89,"Sitelinks, Reviews, Video, People also ask, Related searches"
pay tv anbieter,"Informational, Commercial",48,170,27,1.69,"Sitelinks, AI Overview, Reviews, Video, People also ask, Related searches, Ads top, Ads middle"
prosieben kostenlos streamen,Commercial,39,170,41,0.48,"Reviews, Video, People also ask, Related searches"
receiver für kabel deutschland,Commercial,41,170,22,1.56,"Reviews, Video, People also ask, Related searches, Popular products"
receiver für sky kabel,"Informational, Transactional",43,170,30,2.10,"Reviews, Video carousel, People also ask, Related searches, Popular products"
receiver media markt,"Informational, Transactional",38,170,29,0.10,"Video, People also ask, Related searches, Popular products, Ads bottom"
receiver sat hd+,"Informational, Commercial",34,170,21,0.27,"People also ask, Related searches, Popular products"
receiver satellit kaufen,Transactional,37,170,30,0.12,"Sitelinks, Video, People also ask, Local pack, Related searches, Popular products"
receiver tv satellit,Commercial,39,170,21,0.42,"Video, Video carousel, People also ask, Related searches, Popular products"
reseiver,Commercial,28,170,25,0.88,"Video, People also ask, Related searches, Popular products"
reviever,Commercial,25,170,24,0.88,"Video, Video carousel, People also ask, Related searches, Popular products"
rtl ansehen live,"Navigational, Transactional",39,170,68,0.88,"Reviews, Video, People also ask, Related searches"
rtl de programma,"Navigational, Transactional",34,170,72,0.70,"Sitelinks, Video, People also ask, Related searches"
rtl gestern abend,"Informational, Transactional",33,170,34,0.71,"Video, People also ask, Related searches"
rtl gestern sendung verpasst,"Informational, Transactional",31,170,58,0.22,"Video, People also ask, Related searches"
rtl internet live,Transactional,41,170,49,0.94,"Sitelinks, Reviews, Video, People also ask, Related searches"
rtl kostenlos anschauen live,Commercial,40,170,44,0.79,"Reviews, Video, People also ask, Related searches, Ads bottom"
rtl kostenlos live ansehen,Commercial,40,170,51,1.24,"Sitelinks, Reviews, Video, People also ask, Related searches, Ads middle"
rtl kostenlos und ohne anmeldung,"Navigational, Transactional",40,170,29,0.00,"AI Overview, Reviews, Image, Video, People also ask, Related searches"
rtl l,"Navigational, Transactional",33,170,87,0.61,"Sitelinks, Reviews, Video, People also ask, Related searches"
rtl live anschauen kostenlos,Transactional,40,170,47,0.79,"Reviews, Video, People also ask, Related searches"
rtl live kostenlos sehen,Commercial,38,170,55,1.00,"Reviews, Video, People also ask, Related searches"
rtl live youtube,"Navigational, Transactional",49,170,,0.00,"Video, Video carousel, People also ask, Related searches"
rtl live übertragung,"Navigational, Transactional",40,170,50,0.67,"Sitelinks, Reviews, Video, People also ask, Top stories, Related searches"
rtl livestream de,Commercial,40,170,50,0.71,"Reviews, Video, People also ask, Related searches"
rtl livestream formel 1,Transactional,35,170,38,0.00,"Reviews, Video, Video carousel, People also ask, Related searches"
rtl now live,"Navigational, Transactional",37,170,50,0.29,"Reviews, Video, People also ask, Related searches, Ads bottom"
rtl plus einstellungen,"Navigational, Transactional",43,170,36,0.00,"Video, People also ask, Related searches"
rtl plus support,"Navigational, Transactional",37,170,48,0.00,"Video, People also ask, Related searches, Ads top"
rtl television live heute,"Informational, Transactional",49,170,68,0.40,"Video, People also ask, Related searches"
rtl tv livestream,"Navigational, Transactional",39,170,48,0.74,"Sitelinks, Reviews, Video, People also ask, Top stories, Related searches"
rtl2 kostenlos anschauen,Commercial,39,170,34,0.00,"AI Overview, Reviews, Video, People also ask, Related searches"
rtl2 live streamen,Commercial,39,170,24,0.85,"Reviews, Video, People also ask, Related searches, Ads bottom"
rtl2 streaming,Commercial,39,170,40,0.73,"Video, People also ask, Related searches, Ads top"
samsung tv einrichten satellit,"Informational, Transactional",48,170,30,0.00,"AI Overview, Video, Video carousel, People also ask, Related searches"
sat hd receiver,"Informational, Commercial",36,170,26,0.36,"Video, People also ask, Related searches"
sateliten receiver,Commercial,35,170,23,0.22,"Image pack, Video, Video carousel, People also ask, Related searches, Popular products, Ads bottom"
satellite receiver media markt,"Informational, Transactional",40,170,19,0.04,"People also ask, Related searches, Popular products"
satelliten hd receiver,"Informational, Commercial",35,170,21,0.14,"Video, Video carousel, People also ask, Related searches, Popular products"
satelliten receiver festplatte,"Informational, Commercial",39,170,23,0.16,"Reviews, Video, People also ask, Related searches, Popular products"
satelliten receiver kaufen,Transactional,36,170,29,0.15,"Video, People also ask, Local pack, Related searches, Popular products"
sender bei magenta tv,Commercial,47,170,29,0.38,"AI Overview, Reviews, Video, People also ask, Related searches"
senderliste telekom,Transactional,42,170,33,0.00,"Reviews, Video, People also ask, Related searches"
set top boxen,Commercial,49,170,14,0.54,"Sitelinks, Image, Image pack, Video, People also ask, Related searches, Popular products"
sky festplatte,"Informational, Commercial",43,170,31,0.42,"Video, People also ask, Related searches"
sky q iptv box kaufen,Transactional,47,170,27,0.00,"Reviews, Video, People also ask, Related searches, Popular products"
sky reciever,Transactional,40,170,35,1.97,"Reviews, Image, Image pack, People also ask, Related searches, Popular products"
sky zweitreceiver,Transactional,39,170,25,0.00,"Image, People also ask, Related searches"
smart iptv smart tv,"Informational, Transactional",58,170,31,0.00,"Reviews, Video, Video carousel, People also ask, Related searches"
smart tv smart box,Commercial,42,170,30,0.96,"Sitelinks, Reviews, Video, Video carousel, People also ask, Related searches, Popular products"
smarters players lite,"Informational, Commercial",26,170,40,0.32,"Reviews, Video, People also ask, Knowledge panel, Related searches"
stick stream,Commercial,31,170,25,0.89,"Reviews, Video, People also ask, Related searches"
stream tv live free,Commercial,38,170,55,1.58,"Reviews, Video, People also ask, Related searches"
streaming geräte,"Informational, Commercial",45,170,30,0.94,"People also ask, Related searches, Popular products"
streaming pakete vergleich,"Informational, Commercial",45,170,33,1.39,"AI Overview, Reviews, Video, People also ask, Related searches"
streaming sticks for tv,Commercial,41,170,30,0.81,"Sitelinks, Reviews, Video, Video carousel, People also ask, Related searches, Popular products"
streams for kodi,"Informational, Commercial",49,170,37,1.71,"Sitelinks, Reviews, Video, Video carousel, People also ask"
telecom magenta,"Navigational, Transactional",36,170,63,1.82,"Reviews, People also ask, Knowledge panel, Related searches"
telekom neuvertrag,"Navigational, Transactional",35,170,50,1.87,"Sitelinks, Reviews, Video, People also ask, Related searches, Ads top, Ads bottom"
telekom tv kabel,"Navigational, Transactional",42,170,30,1.76,"AI Overview, Reviews, Video, People also ask, Related searches"
top 10 streaming dienste,"Informational, Commercial",50,170,39,1.08,"AI Overview, Video, People also ask, Related searches"
tv empfang ohne kabel,Commercial,45,170,24,1.06,"Sitelinks, Reviews, Video, Video carousel, People also ask, Related searches, Popular products, Ads top"
tv empfangen ohne kabel,Commercial,48,170,24,1.06,"Reviews, Video, Video carousel, People also ask, Related searches, Popular products, Ads top, Ads middle"
tv internet kabel,Commercial,49,170,39,1.93,"Reviews, Video, People also ask, Related searches, Ads top, Ads middle"
tv live ohne anmeldung,"Navigational, Transactional",39,170,48,0.00,"Sitelinks, Reviews, Video, People also ask, Related searches"
tv livestream free,Commercial,35,170,60,1.58,"Reviews, Video, Top stories, Related searches"
tv online deutsch,Commercial,40,170,60,0.64,"Reviews, Video, Video carousel, People also ask, Related searches, Ads middle"
tv online kostenlos schauen,Commercial,39,170,50,0.89,"Reviews, Video, People also ask, Related searches, Ads bottom"
tv paket,Commercial,43,170,61,2.29,"Reviews, Video, People also ask, Related searches, Ads top, Ads bottom"
tv programm live stream,Commercial,37,170,72,0.71,"Reviews, Video, People also ask, Related searches, Ads bottom"
tv rtl2 live,Commercial,39,170,40,0.88,"Reviews, Video, People also ask, Related searches"
tv schauen gratis,Commercial,39,170,38,0.46,"Reviews, Video, People also ask, Related searches"
tv stick ohne monatliche kosten,Commercial,46,170,27,0.70,"Sitelinks, Reviews, Video, People also ask, Related searches, Popular products"
tv streamen kostenlos ohne anmeldung,"Navigational, Transactional",40,170,47,0.00,"Sitelinks, Reviews, Video, Related searches"
tv streaming anbieter vergleich,Commercial,46,170,36,1.88,"Sitelinks, AI Overview, Reviews, Video, People also ask, Related searches, Ads top, Ads bottom"
tv streaming app,Commercial,42,170,45,1.96,"AI Overview, Reviews, Video, People also ask, Related searches"
tv streaming kostenlos ohne anmeldung,"Navigational, Transactional",36,170,56,0.00,"Sitelinks, AI Overview, Reviews, Video, People also ask, Related searches"
tv und internet vergleich,Commercial,45,170,40,2.26,"Sitelinks, Reviews, Video, People also ask, Related searches"
usb tv stick,Commercial,38,170,21,0.70,"Sitelinks, Video, People also ask, Related searches, Popular products"
vergleich internet fernsehen,Commercial,44,170,37,1.61,"Sitelinks, AI Overview, Reviews, Video, People also ask, Related searches"
vergleich internet und tv,Commercial,45,170,39,2.26,"Reviews, Video, People also ask, Related searches"
vergleich streaming dienste,Commercial,42,170,36,1.79,"AI Overview, Reviews, Video, People also ask, Related searches"
viva iptv,"Informational, Commercial",43,170,23,0.00,"AI Overview, Reviews, People also ask"
vodafon fernbedienung,"Informational, Transactional",29,170,28,0.84,"Video, People also ask, Related searches, Popular products"
vodafone hd karte,"Navigational, Transactional",34,170,32,1.38,"People also ask, Related searches, Ads top, Ads bottom"
wach netflix,"Informational, Transactional",33,170,84,0.00,"Reviews, Video, People also ask, Related searches"
welcher streaming anbieter ist der beste,Commercial,44,170,40,1.89,"AI Overview, Reviews, Video, Video carousel, People also ask, Related searches"
wlan für sky receiver,"Informational, Transactional",44,170,27,1.30,"Reviews, Video carousel, People also ask, Related searches"
wlan für smart tv,Commercial,48,170,24,0.32,"Reviews, Video, People also ask, Related searches, Ads top, Ads middle"
www mediathek de rtl,"Navigational, Transactional",37,170,57,0.15,"Reviews, Video, People also ask"
www netflix m,"Navigational, Transactional",35,170,77,0.00,"People also ask, Related searches"
ıptv free,"Informational, Transactional",40,170,55,0.90,"Reviews, Video, Video carousel, People also ask, Related searches"
2ix2rtl,"Navigational, Transactional",32,140,35,1.44,"AI Overview, Reviews, Related searches"
4k android tv stick,"Informational, Commercial",39,140,23,0.38,"Sitelinks, Reviews, Video, Video carousel, People also ask, Related searches, Popular products"
alle netflix serien,Commercial,33,140,47,0.00,"Sitelinks, Video, People also ask, Related searches"
amazon fire tv stick vergleich,Commercial,37,140,25,0.54,"Sitelinks, Reviews, Video, People also ask, Related searches"
amazon sat receiver,"Navigational, Transactional",32,140,34,0.09,"Sitelinks, People also ask, Related searches, Popular products, Ads top"
anbieter kabel,Commercial,37,140,31,2.04,"Sitelinks, Reviews, Video, People also ask, Related searches"
best iptv app,Commercial,50,140,21,0.00,"AI Overview, Reviews, Video, Video carousel, People also ask, Related searches"
best kodi addons,Commercial,31,140,37,0.00,"Sitelinks, Reviews, Video, Video carousel, People also ask"
beste iptv app für android tv,Commercial,51,140,20,0.00,"Sitelinks, AI Overview, Reviews, Video, Video carousel, People also ask, Related searches"
beste kodi addons,Commercial,42,140,14,0.00,"Sitelinks, Reviews, Video, People also ask"
beste tv anbieter,Commercial,49,140,32,1.75,"Sitelinks, AI Overview, Reviews, Video, People also ask, Related searches, Ads top, Ads middle"
beste tv app,Commercial,45,140,37,2.01,"AI Overview, Reviews, Video, People also ask, Related searches"
bester tv streaming dienst,Commercial,47,140,39,2.13,"Sitelinks, AI Overview, Reviews, Video, People also ask, Related searches"
deutsche kanäle live,Commercial,38,140,34,1.03,"Reviews, Video, Related searches, Ads bottom"
deutsche tv sender,Commercial,42,140,41,0.92,"Sitelinks, Reviews, Video, People also ask, Related searches"
deutsches fernsehen im internet im ausland kostenlos,Commercial,42,140,30,0.71,"Sitelinks, AI Overview, Reviews, Video, Video carousel, People also ask, Related searches, Ads top, Ads middle"
deutschland schweiz free tv,"Informational, Commercial",49,140,36,0.00,"Featured snippet, Reviews, Video, People also ask, Related searches"
digitale satelliten receiver,"Informational, Commercial",36,140,30,0.12,"Video, Video carousel, People also ask, Related searches, Popular products"
download kodi on windows,"Informational, Transactional",39,140,44,0.00,"Reviews, Video, People also ask"
dsl und tv,Commercial,48,140,36,3.62,"Sitelinks, Reviews, Video, People also ask, Related searches, Ads top, Ads middle"
etflix abos,"Informational, Transactional",38,140,55,1.63,"AI Overview, Reviews, Image pack, People also ask, Related searches"
fernseh gucken internet,"Informational, Commercial",40,140,35,1.36,"AI Overview, Reviews, Video, Video carousel, People also ask, Related searches, Ads bottom, Ads middle"
fernseh gucken online,Commercial,40,140,47,2.02,"Sitelinks, Reviews, Video, People also ask, Related searches"
fernseh online schauen,Commercial,41,140,59,1.69,"Reviews, Video, People also ask, Related searches, Ads bottom"
fernseh stream online,Commercial,36,140,60,1.94,"Reviews, Video, Related searches"
fernsehen anmelden,Transactional,42,140,41,3.09,"AI Overview, Reviews, Video, People also ask, Related searches"
fernsehen auf dem pc,"Informational, Commercial",41,140,17,0.56,"AI Overview, Reviews, Video, People also ask, Related searches, Ads top, Ads bottom"
fernsehen free,Commercial,36,140,62,1.39,"AI Overview, Reviews, Video, People also ask, Top stories, Related searches"
fernsehen live stream rtl,Transactional,40,140,43,0.65,"Sitelinks, Video, People also ask, Related searches"
fernsehen ohne antennenanschluss,Commercial,44,140,19,0.88,"AI Overview, Reviews, Video, Video carousel, People also ask, Related searches, Ads bottom, Ads middle"
fernsehen ohne internet und kabel,Commercial,47,140,21,0.98,"Reviews, Video, People also ask, Related searches, Popular products, Ads top, Ads bottom"
fernsehen online kostenlos ohne anmeldung,"Navigational, Transactional",37,140,39,0.00,"Sitelinks, Reviews, Video, Related searches"
fernsehen pc,"Informational, Commercial",43,140,20,1.19,"Reviews, Video, People also ask, Related searches, Ads middle"
fernsehen rtl live stream,"Navigational, Transactional",38,140,49,0.56,"Sitelinks, Reviews, Video, People also ask, Related searches"
fernsehen telekom über wlan,Transactional,42,140,29,1.29,"Reviews, Video, People also ask, Related searches, Ads top"
fernsehen über kabel,"Informational, Commercial",46,140,20,1.43,"AI Overview, Reviews, Video, People also ask, Related searches, Ads top, Ads middle"
fernsehen über pc,Commercial,43,140,32,0.68,"AI Overview, Reviews, Video, People also ask, Related searches, Ads bottom, Ads middle"
filme auf magenta tv,"Informational, Commercial",36,140,19,0.00,"AI Overview, People also ask, Related searches"
fire tv stick vergleich tabelle,"Informational, Commercial",37,140,21,0.33,"Sitelinks, Image pack, Video, People also ask, Related searches"
flixy tv stick amazon,"Navigational, Transactional",47,140,34,0.64,"Video, People also ask, Related searches, Popular products"
free iptv mu3,"Informational, Transactional",43,140,40,0.00,"Reviews, Video, Video carousel, People also ask, Related searches"
free iptv player,"Informational, Commercial",49,140,37,0.00,"AI Overview, Reviews, Video, People also ask, Related searches"
free m3u tv playlist,"Informational, Commercial",56,140,41,1.43,"Sitelinks, AI Overview, Reviews, Video, Video carousel, People also ask, Related searches"
german ip tv,Commercial,49,140,10,0.87,"AI Overview, Video, People also ask, Related searches"
german iptv erfahrungen,"Informational, Commercial",51,140,22,0.00,"Sitelinks, AI Overview, Reviews, Video, Video carousel, People also ask, Related searches"
günstig fernsehen,Commercial,43,140,41,0.29,"AI Overview, Reviews, Video, Video carousel, People also ask, Related searches"
handyvertrag mit fernseher 65 zoll,Commercial,39,140,19,1.07,"Reviews, People also ask, Related searches, Popular products, Ads bottom"
handyvertrag mit fernseher 75 zoll,Commercial,36,140,9,0.90,Related searches
hd receiver media markt,"Informational, Transactional",41,140,25,0.16,"Image pack, Video, People also ask, Related searches, Popular products"
hd+ receiver sat,Commercial,33,140,21,0.46,"People also ask, Related searches, Popular products"
internet tv receiver,Commercial,47,140,26,1.87,"Sitelinks, Reviews, Image, Video, People also ask, Related searches, Popular products"
internet tv via,Commercial,49,140,33,1.52,"Reviews, Video, People also ask, Related searches, Ads top, Ads middle"
ip tv app windows,"Informational, Commercial",56,140,33,0.00,"Sitelinks, AI Overview, Reviews, Video, Video carousel, People also ask, Related searches"
iptv amazon fire tv stick,Transactional,52,140,27,0.00,"Sitelinks, Video, Video carousel, People also ask, Related searches, Popular products"
iptv apk pro,Commercial,43,140,25,0.00,"Reviews, Video, Related searches"
iptv apps windows,"Informational, Commercial",50,140,31,0.00,"AI Overview, Reviews, Video, Video carousel, Related searches"
iptv europe,"Informational, Commercial",42,140,31,1.02,"AI Overview, Video, Video carousel, People also ask, Related searches"
iptv liste kaufen,Commercial,50,140,1,0.00,"AI Overview, People also ask, Related searches"
iptv online kaufen,Commercial,54,140,22,0.00,"Video, People also ask, Related searches, Popular products"
iptv player apkpure,"Navigational, Transactional",56,140,20,0.00,"AI Overview, Reviews, Related searches"
iptv player pc,Commercial,46,140,26,0.00,"Sitelinks, Reviews, Video, Video carousel, Related searches"
iptv samsung app,Commercial,55,140,29,0.00,"Video, Video carousel, People also ask, Related searches"
iptv shop,Commercial,50,140,17,0.00,"AI Overview, Video, People also ask, Related searches"
iptv smarters app,Commercial,46,140,42,0.00,"Reviews, Video, Video carousel, People also ask, Related searches"
iptv smarters pro download pc,Commercial,51,140,36,0.00,"Video carousel, People also ask, Related searches"
iptv smarters pro kaufen,Transactional,46,140,6,0.00,"People also ask, Related searches"
iptv smarters pro pc,"Informational, Transactional",44,140,31,0.00,"Reviews, Video, Related searches"
iptv stream player windows,"Informational, Commercial",44,140,30,0.00,"AI Overview, Reviews, Video, People also ask, Related searches"
iptv vergleich,Commercial,51,140,37,0.00,"AI Overview, Reviews, Video, People also ask, Related searches"
iptv-anbieter liste,"Informational, Commercial",52,140,30,0.00,"Sitelinks, AI Overview, Video, People also ask, Related searches"
iptv-smarters-pro,"Informational, Commercial",51,140,38,0.00,"AI Overview, Reviews, Video, Video carousel, People also ask, Related searches"
iptvdeutschland,Commercial,49,140,12,1.35,"AI Overview, Video, Video carousel, People also ask, Related searches"
joyn nitro,"Navigational, Transactional",27,140,66,0.84,"Sitelinks, Reviews, People also ask, Related searches"
kabel für sky receiver,"Informational, Commercial",44,140,27,1.74,"Sitelinks, Reviews, Video, People also ask, Related searches, Popular products"
kodi einrichten,"Informational, Transactional",52,140,17,0.49,"Sitelinks, Reviews, Image pack, Video, Video carousel, People also ask"
kodi repos,Commercial,39,140,20,0.00,"Reviews, Video, People also ask"
kodi sport addon,Commercial,33,140,19,0.00,"Sitelinks, Reviews, Video, People also ask"
kodi windows download,"Informational, Transactional",40,140,31,0.00,"Reviews, Video, People also ask"
koditvbox,Commercial,57,140,23,0.00,"AI Overview, Reviews, Image, Video, Video carousel, People also ask, Related searches"
kostenlos fernsehen streamen,Commercial,41,140,55,0.90,"Reviews, Video, Video carousel, People also ask, Knowledge panel, Related searches, Ads middle"
kostenlos stream,Commercial,36,140,56,0.87,"Reviews, Image, Video, People also ask, Top stories, Related searches"
kostenlos tv ohne anmeldung,"Navigational, Transactional",41,140,36,0.67,"Sitelinks, Reviews, Video, Related searches"
kostenlos tv schauen auf handy,Commercial,47,140,34,0.53,"AI Overview, Reviews, Video, Video carousel, People also ask, Related searches, Ads top, Ads bottom"
let's dance rtl now,"Navigational, Transactional",32,140,44,0.46,"Sitelinks, Reviews, Video, Video carousel, People also ask, Related searches"
live fernsehen rtl kostenlos,Commercial,40,140,48,0.94,"AI Overview, Reviews, Video, People also ask, Related searches, Ads bottom"
live fernsehen stream,Commercial,39,140,70,1.26,"Reviews, Video, People also ask, Related searches, Ads top, Ads bottom"
live rtl2 schauen,Commercial,40,140,32,0.80,"Reviews, Video, People also ask, Related searches"
live tv.com,Commercial,33,140,65,1.26,"Reviews, Video, People also ask"
livetvstream,Commercial,36,140,67,1.08,"Reviews, Video, Video carousel, Related searches"
m3u list,Commercial,46,140,25,0.61,"Reviews, Video, Video carousel, People also ask, Related searches"
magenta geräte,Commercial,40,140,26,2.29,"Reviews, Video, People also ask, Related searches"
magenta tv anmelden mit zugangsdaten,Transactional,47,140,29,2.70,"AI Overview, Video, People also ask, Related searches"
magenta tv ohne internet vertrag,"Informational, Commercial",49,140,33,3.08,"AI Overview, Reviews, People also ask, Related searches"
magenta tv voraussetzungen,"Informational, Commercial",49,140,32,5.65,"Sitelinks, AI Overview, Reviews, Video, People also ask, Related searches, Ads bottom"
magenta verträge,Commercial,35,140,47,1.51,"Reviews, Video, People also ask, Related searches, Ads top"
münchen kabelfernsehen,Commercial,34,140,25,1.07,"People also ask, Related searches"
netflix abonnements,"Navigational, Transactional",39,140,57,1.41,"AI Overview, Reviews, Video, People also ask, Related searches"
netflix abonnieren,"Navigational, Transactional",41,140,57,1.35,"Reviews, Video, People also ask, Related searches"
netflix angebot preis,Transactional,43,140,37,0.91,"AI Overview, Reviews, People also ask, Related searches"
netflix catálogo,"Informational, Transactional",33,140,71,0.00,"AI Overview, Video, People also ask, Knowledge panel, Related searches"
netflix filme serien,"Informational, Transactional",36,140,53,0.00,"Video, People also ask, Related searches"
netflix kombi angebot,Commercial,45,140,42,1.38,"Sitelinks, AI Overview, Reviews, Video, People also ask, Related searches, Ads top, Ads bottom"
netflix modelle,"Informational, Transactional",38,140,67,1.94,"AI Overview, Reviews, Image pack, Video, People also ask, Related searches"
netflix neu filme,"Informational, Transactional",31,140,50,0.19,"Video, People also ask, Related searches"
netflix neue,Commercial,36,140,54,0.00,"Video, People also ask, Top stories, Related searches"
netflix pläne,"Navigational, Transactional",41,140,63,1.31,"AI Overview, Reviews, People also ask, Related searches"
netflix profil,"Informational, Transactional",41,140,35,0.00,"AI Overview, Video, People also ask, Related searches"
netflix schauen,"Navigational, Transactional",43,140,70,1.24,"Sitelinks, Reviews, Video, People also ask, Related searches"
netflix standart abo,"Informational, Transactional",39,140,50,2.09,"AI Overview, Reviews, Video, People also ask, Related searches"
netflix tv program,"Informational, Transactional",35,140,77,0.00,"Reviews, Video, People also ask, Related searches"
netflix upgraden,"Informational, Transactional",43,140,30,3.06,"AI Overview, Video, People also ask, Related searches"
netflix zahlungen,"Informational, Transactional",43,140,39,0.00,"AI Overview, Video, People also ask, Related searches"
netflix. abo,Commercial,46,140,60,1.63,"AI Overview, Reviews, Video, People also ask, Related searches"
netfliy preise,Transactional,46,140,46,0.93,"AI Overview, Reviews, Video, People also ask, Related searches"
online kostenlos tv schauen,Commercial,39,140,50,0.89,"Reviews, Video, People also ask, Related searches, Ads bottom"
online stream fernsehen,Commercial,40,140,68,1.94,"Reviews, Video, Related searches, Ads bottom"
online stream kostenlos,Commercial,37,140,52,0.00,"Reviews, Video, People also ask, Top stories, Related searches"
online tv free,Commercial,37,140,49,1.22,"AI Overview, Reviews, Video, Related searches"
online tv gucken,Commercial,44,140,46,2.42,"Reviews, Video, People also ask, Related searches"
online tv ohne anmeldung,Transactional,41,140,46,8.29,"Reviews, Video, Related searches"
onlinetvrecorder login,"Navigational, Transactional",47,140,13,0.00,"Reviews, Video, Related searches"
pro 7 live stream kostenlos ohne anmeldung,Transactional,36,140,33,0.34,"Reviews, Video, People also ask, Related searches"
profiles netflix,"Informational, Transactional",36,140,38,0.00,"Image pack, Video, People also ask, Related searches"
programm rtlplus,Commercial,40,140,46,0.33,"Reviews, People also ask, Related searches, Ads top, Ads bottom"
programma netflix,"Informational, Transactional",35,140,65,0.00,"Reviews, People also ask, Related searches"
programme rtl tv,Commercial,32,140,40,0.00,"Video, People also ask, Related searches"
prosieben live schauen,Commercial,38,140,49,0.47,"Reviews, Video, People also ask, Related searches"
punkt 12 live,"Informational, Transactional",33,140,29,0.48,"Reviews, Video, People also ask, Related searches"
rlt live stream,"Navigational, Transactional",33,140,43,0.60,"Sitelinks, Reviews, Video, People also ask, Top stories, Related searches"
rtl aktuell livestream,"Informational, Transactional",37,140,67,0.00,"Reviews, Video, People also ask, Related searches"
rtl com,"Navigational, Transactional",32,140,70,1.27,"Sitelinks, Reviews, Video, People also ask, Related searches"
rtl de livestream,"Navigational, Transactional",39,140,49,0.96,"Reviews, Video, People also ask, Related searches"
rtl film heute,Commercial,32,140,39,0.00,"Video, People also ask, Related searches"
rtl germany live,Transactional,39,140,75,0.50,"Reviews, Video, Video carousel, People also ask, Related searches, Ads bottom"
rtl hr live stream,Transactional,32,140,35,0.99,"Reviews, Video, People also ask, Related searches"
rtl kostenlos live anschauen,Commercial,38,140,48,1.24,"Sitelinks, AI Overview, Reviews, Video, People also ask, Related searches"
rtl kostenlose,"Navigational, Transactional",39,140,58,0.89,"Reviews, Video, People also ask, Related searches"
rtl kostenloser livestream,Commercial,39,140,42,1.01,"Sitelinks, Reviews, Video, People also ask, Related searches, Ads top, Ads middle"
rtl life streamen,"Navigational, Transactional",39,140,35,0.63,"Reviews, Video, People also ask, Related searches"
rtl live gratis,Commercial,39,140,55,1.37,"Sitelinks, Reviews, Video, People also ask, Related searches"
rtl live stream online free,Commercial,35,140,51,0.00,"Sitelinks, AI Overview, Reviews, Video, People also ask, Related searches"
rtl live stresm,Commercial,35,140,50,0.00,"Reviews, Video, People also ask, Related searches"
rtl livestream kostenlos und ohne anmeldung,"Navigational, Transactional",49,140,42,0.00,"Sitelinks, Video, People also ask, Related searches"
rtl livw,"Navigational, Transactional",36,140,62,0.47,"Reviews, Video, People also ask, Top stories, Related searches"
rtl nitro 2ix2,"Navigational, Transactional",32,140,29,0.00,"Reviews, Video, Related searches"
rtl plus app download,Commercial,41,140,36,0.39,"Reviews, People also ask, Related searches"
rtl plus live stream kostenlos ohne anmeldung,Transactional,38,140,54,0.00,"AI Overview, Reviews, Video, People also ask, Related searches"
rtl plus live tv,"Navigational, Transactional",43,140,42,0.64,"Sitelinks, Reviews, Video, People also ask, Related searches"
rtl plus mitgliedschaft,"Navigational, Transactional",42,140,49,1.45,"Reviews, Video, Video carousel, People also ask, Related searches"
rtl sehen,"Navigational, Transactional",43,140,61,0.74,"Reviews, Video, People also ask, Related searches, Ads top, Ads bottom"
rtl spezial heute,"Informational, Transactional",33,140,46,0.00,"Sitelinks, Video, People also ask, Related searches"
rtl tv live stream,"Navigational, Transactional",37,140,46,0.90,"Sitelinks, Reviews, Video, People also ask, Related searches"
rtl tv login,"Navigational, Transactional",41,140,39,0.43,"AI Overview, Reviews, Video, People also ask, Related searches"
rtl tv uživo,"Navigational, Transactional",38,140,39,0.93,"Reviews, Video, Related searches"
rtl umsonst streamen,Commercial,36,140,46,2.10,"Sitelinks, AI Overview, Reviews, Video, Video carousel, People also ask, Related searches"
rtl von gestern abend,Transactional,33,140,38,0.71,"Video, People also ask"
rtl2 kostenlos ohne anmeldung,"Navigational, Transactional",38,140,28,0.00,"Reviews, Video, People also ask, Related searches"
rtl2 programm live,Commercial,34,140,41,0.64,"Reviews, Video, People also ask, Related searches"
rtl2 schauen live,Commercial,38,140,35,0.80,"Reviews, Video, People also ask, Related searches"
samsung anschlüsse tv,"Informational, Transactional",40,140,43,0.00,"Sitelinks, AI Overview, Image pack, Video, Video carousel, People also ask, Related searches"
samsung tv anschlüsse,"Informational, Transactional",37,140,45,0.00,"Sitelinks, Image pack, Video, Video carousel, People also ask, Related searches, Popular products"
samsung tv rückseite,"Informational, Transactional",48,140,43,0.00,"Image pack, Video, Video carousel, People also ask, Related searches"
sat 1 live stream kostenlos ohne anmeldung 2ix2,"Navigational, Transactional",35,140,45,0.00,"Sitelinks, Reviews, Video, Related searches"
sat 1 live streaming kostenlos,Commercial,40,140,40,0.29,"Reviews, Video, People also ask, Related searches"
sat receiver bei media markt,"Informational, Transactional",40,140,30,0.04,"People also ask, Related searches, Popular products"
sendung verpasst rtl unter uns,"Informational, Transactional",30,140,34,0.00,"Sitelinks, Video, People also ask, Top stories, Related searches"
sky q reciever,"Informational, Transactional",39,140,28,1.84,"AI Overview, Reviews, Video, People also ask, Related searches, Ads bottom"
sky receiver für kabel,"Informational, Transactional",44,140,30,1.74,"Reviews, Video carousel, People also ask, Related searches, Popular products, Ads bottom"
sky receiver für satellit,"Informational, Transactional",41,140,33,1.59,"Reviews, Video, People also ask, Related searches, Popular products, Ads middle"
smarter iptv apk download,Commercial,45,140,32,0.00,"Reviews, Video, Related searches"
smarters iptv pro apk,Commercial,51,140,30,0.00,"Reviews, Video, Related searches"
smarters pro player,Commercial,34,140,35,0.00,"Reviews, Image pack, Video, Video carousel, People also ask, Related searches"
smartiptv app,Commercial,56,140,32,0.00,"Reviews, Video, People also ask, Related searches"
stb tv box,Commercial,44,140,22,0.88,"Reviews, Video, People also ask, Related searches, Popular products"
streaming dienste angebote,"Informational, Commercial",44,140,39,1.74,"AI Overview, Reviews, Video, People also ask, Related searches"
streaming stick test,Commercial,37,140,36,0.36,"Sitelinks, Reviews, Video, Video carousel, People also ask, Related searches, Ads middle"
streaming tv anbieter,Commercial,50,140,34,2.07,"AI Overview, Reviews, Video, People also ask, Related searches, Ads top, Ads middle"
subscribeip tv,"Informational, Commercial",47,140,13,0.00,"Sitelinks, Video, Video carousel, Related searches"
telekom angebote magenta tv,"Navigational, Commercial",39,140,37,2.50,"Sitelinks, Reviews, People also ask, Related searches, Ads top, Ads bottom"
telekom fernsehen internet,Transactional,40,140,54,2.24,"AI Overview, Reviews, Video, People also ask, Related searches, Ads top, Ads bottom"
telekom fernsehen kabel,Commercial,41,140,35,2.94,"AI Overview, Reviews, Video, People also ask, Related searches, Ads top, Ads middle"
telekom magenta box,Transactional,39,140,25,3.13,"Reviews, Video, People also ask, Related searches, Popular products, Ads top, Ads bottom"
telekom magenta tv pakete,"Navigational, Transactional",48,140,45,4.39,"Sitelinks, Reviews, Video, People also ask, Related searches, Ads top, Ads bottom"
telekom mega stream,Transactional,40,140,24,2.85,"Sitelinks, Reviews, Video, People also ask, Related searches"
tv gucken online,Commercial,39,140,49,2.64,"Sitelinks, Video, People also ask, Related searches"
tv internet free streaming,Commercial,38,140,54,1.35,"Reviews, Video, People also ask, Related searches, Ads bottom"
tv kostenlos schauen pc,Commercial,41,140,40,0.40,"AI Overview, Reviews, Video, People also ask, Related searches"
tv live kostenlos ohne anmeldung,"Navigational, Transactional",36,140,37,0.00,"Video, People also ask, Related searches"
tv magenta stick,"Informational, Commercial",42,140,23,0.25,"Reviews, Video, Video carousel, People also ask, Related searches, Popular products"
tv mit handyvertrag,Commercial,39,140,10,1.35,"Reviews, Video, Related searches"
tv mit satellitenanschluss,Commercial,40,140,17,1.00,"Reviews, Video, People also ask, Related searches, Popular products"
tv programm kostenlos streamen,Commercial,40,140,51,0.66,"Reviews, Video, People also ask, Related searches"
tv programm streamen,Commercial,44,140,54,1.05,"AI Overview, Reviews, Video, People also ask, Ads top, Ads middle"
tv schauen auf pc kostenlos,Commercial,42,140,41,0.40,"AI Overview, Reviews, Video, Video carousel, People also ask, Related searches, Ads top, Ads middle"
tv set top box,Commercial,43,140,16,0.88,"Sitelinks, Reviews, Video, People also ask, Knowledge panel, Related searches, Popular products"
tv usb tv stick,Commercial,39,140,21,0.70,"Sitelinks, Reviews, Video, Video carousel, People also ask, Related searches, Popular products, Ads middle"
vodafone giga tv box fernbedienung,"Informational, Transactional",34,140,26,0.00,"AI Overview, Video, Video carousel, People also ask, Related searches"
vox live stream kostenlos ansehen pinto,Commercial,35,140,46,0.00,"AI Overview, Reviews, Video, People also ask, Related searches"
waipu vs zattoo,Commercial,32,140,16,2.05,"Sitelinks, AI Overview, Reviews, Video, Video carousel, People also ask, Related searches"
web tv free streaming,Commercial,35,140,64,1.35,"Reviews, Video, Related searches"
www rtl de mediathek,"Navigational, Transactional",34,140,71,0.15,"Reviews, Video, People also ask, Related searches"
www rtl plus,"Navigational, Transactional",41,140,65,0.57,"Sitelinks, Reviews, Video, Video carousel, People also ask, Related searches"
xstream fire tv stick,Commercial,57,140,19,0.00,"Sitelinks, AI Overview, Video, Video carousel, People also ask, Related searches"
z2u iptv,"Navigational, Transactional",47,140,11,0.00,"People also ask, Related searches"
übertragung handy tv,Commercial,44,140,27,0.17,"Sitelinks, AI Overview, Video, Video carousel, People also ask, Related searches, Ads bottom, Ads middle"
alternative magenta tv,Commercial,43,110,33,0.82,"AI Overview, Reviews, Video, Video carousel, People also ask, Related searches, Ads bottom"
alternative zu amazon fire tv stick,Commercial,39,110,18,0.69,"Sitelinks, Reviews, Video, Video carousel, Short videos, People also ask, Related searches, Ads bottom"
an der fritzbox anmelden,"Informational, Transactional",40,110,32,0.00,"Sitelinks, AI Overview, Reviews, Video, Video carousel, People also ask, Related searches"
anbieter hdtv,"Informational, Commercial",52,110,42,2.25,"Reviews, People also ask, Related searches"
android iptv player,Commercial,46,110,30,0.00,"Reviews, Video, People also ask, Related searches"
android receiver,"Informational, Transactional",33,110,10,0.60,"Video, People also ask, Related searches, Popular products"
app fernsehprogramm kostenlos,"Informational, Commercial",37,110,41,0.53,"AI Overview, Reviews, Video, People also ask, Related searches"
apple tv fußball,"Navigational, Transactional",54,110,42,1.08,"Video, People also ask, Related searches"
best fire stick for tv,Commercial,36,110,30,0.41,"Reviews, Image, Image pack, Video, Video carousel, People also ask, Related searches, Popular products"
best iptv player for windows,Commercial,42,110,31,0.00,"Reviews, Video carousel, People also ask, Related searches"
best player for iptv windows,Commercial,41,110,26,0.00,"Sitelinks, AI Overview, Reviews, Video, Video carousel, People also ask, Related searches"
beste iptv app für lg tv,Commercial,49,110,20,0.00,"AI Overview, Video, People also ask, Related searches"
beste streaming anbieter,Commercial,44,110,39,1.96,"AI Overview, Reviews, Video, People also ask, Related searches"
besten iptv anbieter,Commercial,52,110,17,0.00,"Sitelinks, AI Overview, Video, Related searches"
bester iptv player android,Commercial,47,110,17,0.00,"Sitelinks, AI Overview, Reviews, Video, Video carousel, People also ask, Related searches"
bester iptv player windows,Commercial,56,110,18,0.00,"Reviews, People also ask, Related searches"
bester streaming anbieter,Commercial,45,110,40,1.96,"Sitelinks, AI Overview, Reviews, Video, People also ask, Related searches, Ads top"
bester streaming service,Commercial,40,110,38,1.67,"AI Overview, Reviews, Video, People also ask, Related searches"
big tv telekom,"Navigational, Transactional",40,110,23,5.28,"AI Overview, Reviews, Video, People also ask, Related searches"
bubble rtl kostenlos,"Navigational, Transactional",49,110,43,0.00,"Sitelinks, Related searches"
deutsche netflix filme,Commercial,34,110,28,0.00,"Video, People also ask, Related searches"
die besten internet tv anbieter,Commercial,51,110,35,1.32,"Sitelinks, AI Overview, Reviews, Video, People also ask, Related searches, Ads bottom, Ads middle"
digital sat receiver,Commercial,36,110,27,0.15,"Video, Video carousel, People also ask, Related searches, Popular products"
digital satellite receiver,"Informational, Commercial",35,110,27,0.19,"Video, Video carousel, People also ask, Related searches, Popular products"
digital tv receiver,Commercial,42,110,28,0.55,"Reviews, Video, People also ask, Related searches"
digitale satellitenreceiver,"Informational, Transactional",34,110,23,0.16,"Video, People also ask, Related searches, Popular products"
fernbedienung magenta tv stick,"Informational, Transactional",37,110,20,0.11,"Image pack, Video, Related searches"
fernseh internet,"Informational, Commercial",41,110,40,1.27,"AI Overview, Reviews, Video, People also ask, Related searches, Ads top, Ads bottom"
fernseh ohne antenne,Commercial,38,110,19,0.80,"Reviews, Video, Video carousel, People also ask"
fernsehen gucken internet,"Informational, Commercial",46,110,35,1.36,"AI Overview, Reviews, Image, Video, Video carousel, People also ask, Related searches"
fernsehen kostenlos auf pc,Commercial,42,110,30,0.39,"AI Overview, Reviews, Video, Video carousel, People also ask, Related searches"
fernsehen ohne anschluss,Commercial,45,110,25,1.15,"Reviews, Video, People also ask, Related searches, Ads top, Ads bottom"
fernsehen umsonst schauen,Commercial,36,110,35,0.50,"AI Overview, Reviews, Video, People also ask, Related searches"
fernseher anbieter,Commercial,49,110,34,2.32,"Reviews, Image, Video, People also ask, Related searches, Ads top, Ads bottom"
fernseher für iptv,"Informational, Commercial",54,110,29,0.00,"Sitelinks, Video, People also ask, Related searches, Popular products"
fernseher für unterwegs,Commercial,38,110,24,0.94,"Reviews, Video, People also ask, Related searches, Popular products, Ads bottom"
fernseher mit magentatv,Commercial,45,110,36,0.65,"AI Overview, Reviews, Video, Video carousel, People also ask, Related searches, Ads top, Ads middle"
fernseher wlan,Commercial,41,110,23,0.60,"Video, Video carousel, People also ask, Related searches, Popular products"
fernsehn app kostenlos,Commercial,43,110,50,0.61,"AI Overview, Reviews, Video, People also ask, Related searches, Ads middle"
fernsehn ohne kabelanschluss,Commercial,46,110,22,1.05,"Reviews, Video, Video carousel, People also ask, Related searches, Ads top, Ads middle"
fernsehn über pc,"Informational, Commercial",45,110,14,0.68,"AI Overview, Reviews, Video, Video carousel, People also ask, Related searches"
fernsehprogramme über internet,"Informational, Commercial",48,110,40,1.08,"AI Overview, Reviews, Video, People also ask, Related searches, Ads bottom, Ads middle"
flachbildfernseher mit sat receiver,Commercial,40,110,25,0.17,"Video, People also ask, Related searches"
free m3u playlist,Commercial,34,110,48,0.00,"Sitelinks, AI Overview, Reviews, Video, Video carousel, Related searches"
free tv stream online,Commercial,34,110,51,1.69,"Sitelinks, Reviews, Video, People also ask, Related searches"
free-tv rtl,"Navigational, Transactional",49,110,74,0.65,"Reviews, Video, People also ask, Related searches, Ads bottom"
fritzbox 7490 anmelden,"Informational, Transactional",43,110,20,0.00,"AI Overview, Reviews, Video, Related searches"
german iptv anbieter,Commercial,58,110,,0.00,"AI Overview, Related searches"
gibt es eine rtl mediathek,"Navigational, Transactional",44,110,57,0.37,"Sitelinks, Reviews, Video, People also ask, Related searches"
günstige tv anbieter,"Informational, Commercial",47,110,31,1.86,"AI Overview, Reviews, Video, People also ask, Related searches, Ads top, Ads middle"
handy über fernseher,"Informational, Transactional",40,110,23,0.39,"Sitelinks, Reviews, Video, Video carousel, People also ask, Related searches"
hdstream to,Commercial,37,110,20,0.00,"Reviews, Video, Related searches"
hdtv live,Commercial,41,110,63,1.00,"AI Overview, Reviews, Video, People also ask, Related searches"
internet fernseh gucken,"Informational, Commercial",45,110,38,1.50,"AI Overview, Reviews, Video, Video carousel, People also ask, Related searches, Ads top, Ads middle"
internet fernsehen gucken,"Informational, Commercial",46,110,34,1.50,"AI Overview, Reviews, Video, Video carousel, People also ask, Related searches"
internet mit prämie fernseher,Commercial,40,110,8,2.93,"Sitelinks, AI Overview, Reviews, Related searches, Ads top, Ads middle"
internet plus tv,Commercial,40,110,42,2.40,"AI Overview, Reviews, Video, People also ask, Related searches, Ads bottom, Ads middle"
internet und kabel tv,Commercial,47,110,47,2.23,"Reviews, Video, People also ask, Related searches, Ads top, Ads bottom"
internet via tv,Commercial,44,110,31,1.48,"AI Overview, Reviews, Video, Video carousel, People also ask, Related searches, Ads bottom, Ads middle"
internetfähige fernseher,Commercial,43,110,21,0.26,"Reviews, Video, People also ask, Related searches, Popular products"
ip television pc,"Informational, Commercial",47,110,36,0.00,"Featured snippet, Reviews, Video, People also ask, Related searches, Ads middle"
ip tv anbieter vergleich,Commercial,51,110,37,0.00,"Video, People also ask, Related searches"
ip tv app für fire tv stick,"Informational, Commercial",57,110,10,0.00,"Sitelinks, AI Overview, Video, Video carousel, People also ask, Related searches"
iptv abo kaufen,Commercial,48,110,10,0.00,"Video, Related searches"
iptv abonnementen,"Informational, Commercial",47,110,36,0.00,"AI Overview, Video, People also ask, Related searches"
iptv anbieter mit sky,"Informational, Commercial",54,110,20,0.00,"Sitelinks, AI Overview, Reviews, Video, People also ask, Related searches"
iptv anbieter testsieger,"Informational, Commercial",52,110,30,0.00,"AI Overview, Video, People also ask, Related searches"
iptv bester,Commercial,52,110,27,0.00,"AI Overview, Video, People also ask, Related searches"
iptv bester anbieter,Commercial,55,110,24,0.00,"AI Overview, Reviews, Video, Video carousel, People also ask, Related searches"
iptv box alle sender,Commercial,52,110,46,0.00,"Image, Video, People also ask, Related searches, Popular products"
iptv günstig,"Informational, Commercial",54,110,39,0.00,"Video, People also ask, Related searches"
iptv list kaufen,Commercial,53,110,10,0.00,"AI Overview, Video, People also ask, Related searches"
iptv listen kaufen,Commercial,50,110,8,0.00,"AI Overview, People also ask, Related searches"
iptv pc player,Commercial,46,110,25,0.00,"AI Overview, Reviews, Video, People also ask, Related searches"
iptv preis,Transactional,50,110,35,0.00,"Sitelinks, AI Overview, Video, People also ask, Related searches"
iptv preise,Transactional,53,110,32,0.00,"AI Overview, Reviews, Image, Video, People also ask, Related searches"
iptv set top box,Commercial,52,110,15,0.00,"Video, People also ask, Related searches, Popular products"
iptv subscribe,"Informational, Commercial",47,110,34,0.00,"Sitelinks, AI Overview, Video, Video carousel, People also ask, Related searches"
iptv the best,Commercial,46,110,47,0.00,"Video, Video carousel, People also ask, Related searches"
iptv windows 11,Commercial,48,110,22,0.00,"AI Overview, Reviews, Video, Video carousel, People also ask, Related searches"
joyn tv live,"Navigational, Transactional",37,110,66,0.27,"Reviews, Video, People also ask, Knowledge panel, Top stories, Related searches, Ads top, Ads bottom"
kabel fernsehen anbieter,Commercial,48,110,28,1.19,"Sitelinks, AI Overview, Video, People also ask, Related searches, Ads top, Ads bottom"
kabel live stream,Commercial,37,110,34,0.36,"Reviews, Video, People also ask, Related searches"
kinderfilme neu netflix,Commercial,29,110,32,0.00,"AI Overview, Image, Video, People also ask, Related searches"
kodi add ons for sports,"Informational, Commercial",49,110,23,0.00,"Sitelinks, Reviews, Video, Video carousel, People also ask"
kodi addons for adults,Commercial,31,110,30,0.00,"Sitelinks, Reviews, People also ask"
kodi addons for sport,Commercial,32,110,21,0.00,"Reviews, Video, Video carousel, People also ask"
kodi build,Commercial,36,110,14,0.01,"Sitelinks, Reviews, Image pack, Video, Video carousel"
kodi tv android tv,"Informational, Transactional",41,110,24,0.00,"Sitelinks, Reviews, Video, People also ask"
kostenlos anschauen,Commercial,36,110,56,0.41,"AI Overview, Reviews, Video, People also ask, Related searches"
kostenlos fernseh schauen online,Commercial,38,110,52,0.77,"AI Overview, Reviews, Video, Related searches, Ads middle"
kostenlos fernsehen online schauen,Commercial,38,110,43,0.77,"Sitelinks, Reviews, Video, People also ask, Related searches"
kostenlos hd fernsehen,Commercial,42,110,19,0.89,"AI Overview, Reviews, Video, People also ask, Related searches, Ads top, Ads bottom"
kostenlos kabel 1 schauen,Commercial,38,110,25,0.66,"Sitelinks, Video, People also ask, Related searches"
kostenlos ohne anmeldung,"Navigational, Transactional",34,110,55,0.00,"Reviews, Video, People also ask, Related searches"
kostenlos rtl live gucken,Transactional,41,110,47,0.89,"Sitelinks, Reviews, Video, Video carousel, People also ask, Related searches, Ads top, Ads middle"
kostenlos vox gucken,Commercial,39,110,46,0.77,"AI Overview, Reviews, Video, People also ask, Related searches"
kostenlose fernsehprogramme,Commercial,38,110,42,0.42,"AI Overview, Reviews, Video, People also ask, Related searches, Ads bottom, Ads middle"
live show free,Commercial,29,110,62,0.00,"AI Overview, Reviews, Video, Video carousel, Related searches"
live streaming rtl,"Navigational, Transactional",40,110,40,0.76,"Reviews, Video, People also ask, Related searches, Ads bottom"
live tv kostenlos online,Commercial,41,110,52,1.31,"Reviews, Video, People also ask, Related searches"
live tv streamen kostenlos,Commercial,40,110,47,0.63,"Reviews, Video, People also ask, Related searches"
live übertragung rtl,"Navigational, Transactional",38,110,65,0.57,"AI Overview, Reviews, Video, Top stories, Related searches"
livestream ohne anmeldung,"Navigational, Transactional",36,110,46,0.35,"Sitelinks, Reviews, Video, Related searches"
livestream pro7 kostenlos,Commercial,40,110,42,0.50,"Reviews, Video, People also ask, Related searches"
magenta fire tv stick,"Informational, Transactional",44,110,19,0.39,"Video, Video carousel, People also ask, Related searches, Popular products"
magenta paket,"Navigational, Commercial",38,110,21,2.61,"Reviews, Video, People also ask, Related searches, Ads top, Ads bottom"
magenta tv apk,Commercial,38,110,33,4.68,"AI Overview, Reviews, Related searches"
magenta tv liv,Commercial,48,110,58,3.13,"Reviews, Video, People also ask, Related searches, Ads top, Ads bottom"
magenta tv live stream kostenlos ohne anmeldung,"Informational, Transactional",48,110,30,2.31,"AI Overview, Reviews, Video, People also ask, Related searches"
magenta tv mit netflix und disney+ plus,Transactional,40,110,31,3.64,"Reviews, Video, People also ask, Related searches, Ads bottom"
magenta tv smart senderliste pdf,"Informational, Transactional",46,110,34,0.00,"Reviews, Video, People also ask, Related searches"
magenta tv vergleich,Commercial,45,110,33,3.02,"Reviews, Video, People also ask, Related searches"
magenta vertrag telekom,"Navigational, Transactional",34,110,48,1.74,"AI Overview, Reviews, Video, People also ask, Related searches, Ads top, Ads bottom"
magentatv kaufen,Transactional,41,110,35,2.82,"Sitelinks, Reviews, People also ask, Related searches, Popular products"
magentatv stick kaufen,Transactional,40,110,24,0.24,"Reviews, People also ask, Related searches, Popular products"
media markt tv stick,Commercial,39,110,30,0.57,"Sitelinks, People also ask, Related searches, Popular products, Ads bottom"
my rtl plus,"Navigational, Transactional",41,110,44,1.64,"Sitelinks, Reviews, Video, People also ask, Related searches, Ads top, Ads bottom"
net flix movies,Transactional,29,110,83,0.42,"People also ask, Related searches"
netflix 12 monate,Commercial,35,110,27,0.77,"AI Overview, Reviews, People also ask, Related searches"
netflix abbuchung ohne abo,"Informational, Transactional",39,110,33,0.00,"Sitelinks, AI Overview, Video, People also ask, Related searches"
netflix abo 4 99,"Informational, Transactional",37,110,47,2.24,"AI Overview, Video, People also ask, Related searches"
netflix abo kaufen,"Navigational, Transactional",43,110,55,1.20,"Reviews, People also ask, Related searches"
netflix abo varianten,"Informational, Transactional",43,110,47,0.00,"AI Overview, Reviews, Video, People also ask, Related searches"
netflix accounts login,"Navigational, Transactional",35,110,70,0.00,"People also ask, Related searches"
netflix accoutn,"Navigational, Transactional",34,110,59,1.49,"People also ask, Related searches"
netflix acount,"Navigational, Transactional",38,110,68,0.90,"People also ask, Related searches"
netflix com abo,"Navigational, Transactional",39,110,66,1.56,"Reviews, Video, People also ask, Related searches"
netflix deutschland filme,Transactional,32,110,50,0.00,"Video, People also ask"
netflix disney+ plus paket,"Informational, Commercial",40,110,34,1.12,"AI Overview, Reviews, Video, People also ask, Related searches"
netflix hotline kosten,"Informational, Transactional",37,110,35,0.00,"Video, People also ask, Related searches"
netflix konto reaktivieren,"Informational, Transactional",40,110,50,0.00,"AI Overview, Reviews, Video, People also ask, Related searches"
netflix mein konto,"Navigational, Transactional",38,110,59,0.00,"AI Overview, Video, People also ask, Related searches"
netflix membership,"Navigational, Transactional",34,110,73,1.28,"Reviews, Video, People also ask, Related searches"
netflix mitgliedschaft verwalten,Transactional,47,110,57,0.00,"Video, People also ask, Related searches"
netflix mitgliedschaften,"Informational, Transactional",43,110,63,1.87,"AI Overview, Reviews, People also ask, Related searches"
netflix moveis,Transactional,30,110,91,0.23,"People also ask, Related searches"
netflix neu anmelden,"Navigational, Transactional",41,110,58,2.11,"AI Overview, Video, People also ask, Related searches"
netflix paket,"Informational, Commercial",46,110,43,1.45,"AI Overview, Reviews, Video, People also ask, Related searches"
netflix rechnungen,"Navigational, Transactional",39,110,35,2.28,"Reviews, People also ask, Related searches"
netflix und disney plus abo,"Informational, Commercial",42,110,36,1.22,"AI Overview, Reviews, Video, People also ask, Related searches"
netflix österreich,"Navigational, Transactional",36,110,69,0.00,"Sitelinks, Reviews, Video, People also ask, Related searches"
netglix account,"Navigational, Transactional",34,110,53,1.49,"People also ask, Related searches"
new netflix,"Navigational, Transactional",31,110,76,0.00,"Video, People also ask, Related searches"
ohne kabel fernseh schauen,"Informational, Commercial",45,110,24,1.50,"AI Overview, Reviews, Video, Video carousel, People also ask, Related searches, Ads top, Ads middle"
online fernsehen schauen kostenlos,Commercial,38,110,52,0.77,"AI Overview, Reviews, Video, People also ask, Related searches, Ads top, Ads bottom"
online vox gucken,Commercial,34,110,43,1.06,"Reviews, Video, People also ask, Related searches"
pc tv schauen,Commercial,44,110,17,0.76,"Reviews, Video, Video carousel, People also ask, Related searches, Popular products, Ads middle"
player iptv pc,Commercial,46,110,26,0.00,"AI Overview, Reviews, Video, Video carousel, Related searches"
player smart tv,"Informational, Transactional",43,110,29,0.45,"Reviews, Video, People also ask, Related searches"
preise magenta tv,Transactional,48,110,39,0.90,"Video, People also ask, Related searches"
preise netflix deutschland,Transactional,43,110,49,0.64,"AI Overview, Reviews, Video, People also ask, Related searches"
receiver mit hd karte,Commercial,38,110,16,0.42,"Video, People also ask, Related searches, Popular products"
retl,"Informational, Transactional",27,110,24,0.46,"Reviews, People also ask, Related searches"
rtl 1,Transactional,32,110,72,0.52,"Reviews, Video, People also ask, Related searches"
rtl 2 live kostenlos,Commercial,39,110,29,0.00,"Reviews, Video, People also ask, Related searches"
rtl fernsehen live kostenlos,Commercial,39,110,46,0.94,"Reviews, Video, People also ask, Related searches"
rtl fernsehen live stream,"Navigational, Transactional",37,110,54,0.56,"Sitelinks, Reviews, Video, People also ask, Related searches"
rtl free tv live,Transactional,39,110,52,0.65,"Sitelinks, Reviews, Video, People also ask, Related searches"
rtl freetv,"Navigational, Transactional",41,110,62,0.71,"Reviews, Video, People also ask, Top stories, Related searches, Ads bottom"
rtl gucken live,Transactional,49,110,45,0.94,"Sitelinks, Reviews, Video, People also ask, Related searches"
rtl im fernsehen,"Informational, Commercial",36,110,43,0.80,"Sitelinks, Video, People also ask, Top stories, Related searches"
rtl kostenlos im internet,"Navigational, Transactional",43,110,50,0.64,"Sitelinks, Reviews, Video, People also ask, Related searches"
rtl liuve,"Navigational, Transactional",34,110,50,0.47,"Reviews, Video, People also ask, Related searches"
rtl live free-tv,"Navigational, Transactional",49,110,52,0.93,"Sitelinks, Reviews, Video, People also ask, Related searches"
rtl live kostenlos gucken,Commercial,40,110,34,0.94,"Video, People also ask, Related searches"
rtl live kostenlos und ohne anmeldung,"Navigational, Transactional",40,110,27,0.00,"AI Overview, Reviews, Video, People also ask, Related searches"
rtl live nachrichten,Transactional,33,110,50,0.68,"Reviews, Video, People also ask, Top stories, Related searches"
rtl live sendung heute,"Informational, Transactional",34,110,65,0.00,"Reviews, Video, People also ask, Related searches, Ads bottom"
rtl live stream kostenlos & ohne anmeldung,"Navigational, Transactional",38,110,41,0.00,"Reviews, Video, People also ask, Related searches"
rtl live-stream fußball,Transactional,39,110,39,0.97,"Reviews, Video, Related searches"
rtl livestream fussball,"Navigational, Transactional",40,110,36,0.97,"Reviews, Video, People also ask, Related searches"
rtl livestream nydus,"Navigational, Transactional",35,110,26,0.00,"Sitelinks, Reviews, People also ask, Related searches"
rtl livestrean,"Navigational, Transactional",39,110,44,0.63,"Reviews, Video, People also ask, Related searches"
rtl livstream,Transactional,40,110,48,0.70,"Video, People also ask, Top stories, Related searches"
rtl lviestream,Commercial,40,110,34,0.60,"Reviews, Video, People also ask, Related searches"
rtl n,"Navigational, Transactional",38,110,79,0.06,"Sitelinks, Reviews, Video, People also ask, Knowledge panel, Related searches"
rtl nachrichten live,"Informational, Transactional",35,110,58,0.68,"Sitelinks, Reviews, Video, People also ask, Knowledge panel, Related searches"
rtl nitro kostenlos streamen,Commercial,38,110,19,1.46,"Sitelinks, Reviews, Video, People also ask, Related searches"
rtl ohne anmelden,Transactional,49,110,47,1.27,"Reviews, Video, People also ask, Related searches"
rtl online stream kostenlos,Commercial,37,110,47,1.36,"Sitelinks, Reviews, Video, People also ask, Related searches, Ads bottom"
rtl plus fehler h-93000,"Informational, Transactional",46,110,23,0.00,"AI Overview, People also ask, Related searches"
rtl plus fernsehprogramm,Commercial,34,110,43,0.26,"Reviews, People also ask, Related searches"
rtl plus kostenlos live stream,"Navigational, Transactional",49,110,,0.56,"Reviews, Video, People also ask, Related searches"
rtl plus livestream kostenlos,"Navigational, Transactional",43,110,60,0.32,"Reviews, People also ask, Related searches"
rtl programm livestream,"Navigational, Transactional",38,110,61,0.63,"Reviews, Video, People also ask, Related searches"
rtl sendung,"Informational, Commercial",34,110,62,0.99,"Video, Video carousel, People also ask, Top stories, Related searches"
rtl tv live stream free,Commercial,36,110,47,0.00,"Reviews, Video, People also ask, Related searches"
rtl tv live stream kostenlos ohne anmeldung,"Navigational, Transactional",38,110,40,0.00,"Reviews, Video, People also ask, Related searches"
rtl+ kaufen,Transactional,42,110,31,1.19,"Reviews, Video, People also ask, Related searches, Popular products, Ads top, Ads bottom"
rtl2 live schauen,Commercial,39,110,28,0.69,"AI Overview, Reviews, Video, People also ask, Related searches"
rtl2 ohne anmeldung,"Navigational, Transactional",38,110,31,0.00,"AI Overview, Reviews, Video, People also ask, Related searches"
rtl2 online stream,Commercial,38,110,26,0.95,"Reviews, Video, People also ask, Related searches"
rtl2 streaming kostenlos,Commercial,42,110,29,0.62,"Reviews, Video, People also ask, Related searches"
samsung fernseher anschlüsse,"Informational, Transactional",36,110,45,0.00,"Image pack, Video, Video carousel, People also ask, Related searches"
sat 1 free stream,Commercial,34,110,27,0.53,"Reviews, Video, Related searches"
sat 1 stream kostenlos ohne anmeldung,"Navigational, Transactional",37,110,32,0.55,"Reviews, Video, People also ask, Related searches"
sat receiver 4k,Commercial,37,110,10,0.25,"Sitelinks, Reviews, Video, Video carousel, People also ask, Related searches, Popular products"
sat receiver hdmi,"Informational, Commercial",36,110,26,0.11,"Image pack, People also ask, Related searches, Popular products"
sat receiver mit smart tv funktion,Commercial,43,110,20,0.26,"Sitelinks, Reviews, Video, People also ask, Related searches, Popular products"
sat receiver mit wlan und smart tv,Commercial,41,110,21,0.33,"Video, People also ask, Related searches, Popular products"
sat receiver smart,"Informational, Commercial",35,110,19,0.16,"Video, Video carousel, People also ask, Related searches, Popular products"
sat1 hd stream,Transactional,39,110,43,1.09,"AI Overview, Reviews, Video, People also ask, Related searches, Ads middle"
sat1 live stream kostenlos ohne anmeldung anschauen,"Navigational, Transactional",37,110,39,0.00,"Reviews, Video, People also ask, Related searches"
satellit receiver,"Informational, Transactional",34,110,30,0.22,"Image pack, Video carousel, People also ask, Related searches, Popular products"
satelliten receiver aufnahmefunktion,Commercial,35,110,17,0.19,"Video, People also ask, Related searches, Popular products"
satelliten receiver smart,"Informational, Commercial",36,110,23,0.16,"Video, Video carousel, People also ask, Related searches, Popular products"
sky multiscreen buchen,Transactional,40,110,23,2.21,"Reviews, Video, People also ask, Related searches, Ads bottom"
sky receiver satellit,Transactional,38,110,33,1.59,"Reviews, Video, People also ask, Related searches, Popular products, Ads top, Ads bottom"
smart player for tv,"Informational, Transactional",40,110,28,0.45,"Reviews, Video, People also ask, Related searches"
smart receiver for tv,Commercial,39,110,22,0.85,"Video, People also ask, Related searches, Popular products, Ads middle"
smart sat receiver,Commercial,37,110,19,0.18,"Video, Video carousel, People also ask, Related searches, Popular products"
smart stick,Commercial,35,110,19,0.70,"Video, Video carousel, People also ask, Related searches, Popular products, Ads bottom"
smart tv box alle sender kostenlos,"Informational, Commercial",47,110,34,0.00,"Reviews, Video, Video carousel, People also ask, Related searches"
smarters iptv apk,Commercial,41,110,33,0.00,"Reviews, Video, Related searches"
smarters iptv windows,"Informational, Transactional",43,110,41,0.00,"AI Overview, Reviews, Video, Video carousel, People also ask, Related searches"
sport add ons kodi,Commercial,49,110,11,0.00,"Sitelinks, Video, Video carousel, People also ask"
stick hdmi,Commercial,41,110,27,0.51,"Image pack, Video, People also ask, Related searches, Popular products"
stream kostenlos deutsch,Commercial,37,110,49,0.00,"Reviews, Video, Related searches"
streamen kostenlos ohne anmeldung,"Navigational, Transactional",37,110,39,0.17,"Sitelinks, Video, People also ask, Related searches"
streaming platformen,"Informational, Commercial",43,110,50,2.24,"Featured snippet, Video, People also ask, Related searches, Ads top, Ads bottom"
super rtl livestream kostenlos ohne anmeldung,"Navigational, Transactional",37,110,28,0.00,"Reviews, Video, People also ask"
telekom fernseher,"Navigational, Transactional",37,110,42,1.73,"Sitelinks, Reviews, Video, People also ask, Related searches"
telekom glasfaser mit magenta tv,Transactional,48,110,19,1.29,"AI Overview, Reviews, People also ask, Related searches, Ads top, Ads middle"
telekom internet mit magenta tv,Commercial,48,110,50,2.62,"AI Overview, Reviews, Video, People also ask, Related searches, Ads top, Ads middle"
telekom magenta tv smart,"Navigational, Transactional",41,110,38,2.76,"Sitelinks, Reviews, Video, People also ask, Related searches"
telekom smart,"Navigational, Transactional",37,110,36,5.78,"Sitelinks, Reviews, Video, People also ask, Related searches"
telekom werbung neu,"Informational, Transactional",36,110,33,0.00,"AI Overview, Reviews, Video, Video carousel, People also ask, Related searches, Ads bottom"
top 10 streaming dienste kosten,"Informational, Commercial",50,110,37,1.10,"Sitelinks, AI Overview, Reviews, Video, People also ask, Related searches"
tv direkt app kostenlos,Commercial,42,110,33,0.26,"AI Overview, Reviews, People also ask, Related searches"
tv kosten,"Informational, Commercial",46,110,57,1.45,"Reviews, Video, People also ask, Related searches"
tv live online kostenlos,Commercial,39,110,67,1.31,"AI Overview, Reviews, Video, People also ask, Related searches"
tv mit dsl,Commercial,46,110,35,2.76,"Reviews, Video, People also ask, Related searches"
tv online live kostenlos,Commercial,39,110,58,1.31,"AI Overview, Reviews, Video, People also ask, Related searches"
tv online ohne anmeldung,"Navigational, Transactional",39,110,41,0.00,"Sitelinks, Reviews, Video, People also ask, Related searches"
tv per internet,Commercial,47,110,41,1.55,"Reviews, Video, People also ask, Related searches"
tv programm stream kostenlos,Commercial,41,110,51,1.36,"AI Overview, Reviews, Video, People also ask, Related searches"
tv receiver kaufen,Transactional,40,110,25,0.70,"People also ask, Related searches, Popular products"
tv recorder,Commercial,42,110,27,0.51,"Reviews, Video, People also ask, Related searches, Popular products, Ads bottom"
tv schauen über pc,Commercial,46,110,27,0.95,"AI Overview, Video, Video carousel, People also ask, Related searches, Ads middle"
tv servicing,Transactional,36,110,25,0.85,"Reviews, Video, People also ask, Local pack, Related searches"
tv stream app,"Informational, Commercial",39,110,49,1.76,"AI Overview, Reviews, Video, People also ask, Related searches"
tv stream live kostenlos,Commercial,41,110,64,1.35,"Sitelinks, Reviews, Video, People also ask, Related searches"
tv über dsl,Commercial,51,110,30,2.76,"Sitelinks, Reviews, Image, Video, People also ask, Related searches"
tv-receiver,"Informational, Commercial",48,110,30,1.14,"Video, People also ask, Related searches, Popular products"
tvkostenlos,Commercial,44,110,37,0.69,"AI Overview, Reviews, Video, People also ask, Related searches, Ads bottom"
tvmagenta,Commercial,48,110,62,2.65,"Reviews, Video, People also ask, Related searches, Ads top, Ads bottom"
vergleich iptv,Commercial,53,110,37,0.00,"Sitelinks, AI Overview, Reviews, Video, People also ask, Related searches"
vom handy zum tv,"Informational, Transactional",42,110,26,0.12,"Sitelinks, AI Overview, Reviews, Video, Video carousel, People also ask, Related searches, Ads top"
vox live stream kostenlos ohne anmeldung nydus,"Navigational, Transactional",33,110,30,0.00,"Reviews, Video, People also ask, Related searches"
waipu vs magenta,Commercial,40,110,18,0.00,"Sitelinks, AI Overview, Reviews, Video, People also ask, Related searches"
wifi pc,"Informational, Commercial",46,110,17,0.19,"Image pack, Video, Video carousel, People also ask, Related searches, Popular products, Ads bottom"
win iptv player,Commercial,47,110,30,0.00,"AI Overview, Reviews, Video, People also ask, Related searches"
wowtv de magentatv,"Navigational, Transactional",48,110,40,0.97,"AI Overview, Reviews, Video, People also ask, Related searches"
www.rtlplus.de tv login,Transactional,39,110,39,0.45,"Reviews, Video, People also ask, Related searches"
zweiter receiver für sky,"Informational, Transactional",46,110,25,0.00,"Reviews, Video, People also ask, Related searches"
öffne netflix,"Navigational, Transactional",38,110,77,0.00,"Sitelinks, Reviews, People also ask, Related searches"
über internet fernsehen gucken,"Informational, Commercial",47,110,35,1.50,"AI Overview, Reviews, Video, Video carousel, People also ask, Related searches, Ads top, Ads middle"
ıptv stream player windows,"Informational, Transactional",47,110,31,0.00,"Reviews, Video, Related searches"
ıptv test,"Informational, Commercial",40,110,10,0.89,"Sitelinks, Video, Related searches"
1&1 mobile wlan router anmelden,"Informational, Transactional",47,90,24,0.00,"AI Overview, Reviews, Video, People also ask, Related searches"
5ghz fritzbox,"Informational, Transactional",34,90,23,0.50,"Featured snippet, Sitelinks, Video carousel, People also ask, Related searches"
abonnement iptv,Commercial,44,90,19,0.00,"AI Overview, Video, People also ask, Related searches"
about netflix,"Navigational, Transactional",32,90,91,0.00,"Sitelinks, Video, Video carousel, People also ask, Related searches"
activation iptv,"Informational, Transactional",87,90,10,0.00,"Reviews, Video, Video carousel, People also ask, Related searches"
add on kodi live tv,Commercial,40,90,11,0.00,"Sitelinks, AI Overview, Reviews, Video, Video carousel, People also ask"
addons iptv kodi,Commercial,50,90,5,0.00,"Sitelinks, Reviews, Video"
am pc tv schauen,"Informational, Commercial",42,90,23,0.95,"AI Overview, Reviews, Video, Video carousel, People also ask, Related searches"
amazon stick iptv,"Informational, Transactional",46,90,31,0.00,"Sitelinks, People also ask, Related searches"
anbieter digitales fernsehen,"Informational, Commercial",51,90,46,1.45,"Sitelinks, AI Overview, Reviews, Video, People also ask, Related searches, Ads bottom"
anbieter für digitales fernsehen,Commercial,51,90,38,1.82,"Reviews, Video, People also ask, Related searches"
anmeldung fernsehen,Transactional,42,90,61,2.48,"AI Overview, Reviews, Video, People also ask, Related searches"
best android player for iptv,Commercial,43,90,31,0.00,"Sitelinks, AI Overview, Reviews, Video, Video carousel, People also ask, Related searches"
best iptv player android,Commercial,42,90,41,0.00,"Sitelinks, AI Overview, Reviews, Video, Video carousel, People also ask, Related searches"
best kodi plugins,Commercial,31,90,38,0.00,"Sitelinks, Reviews, Video, Video carousel"
beste ip tv app,Commercial,56,90,17,0.00,"AI Overview, Reviews, Video, People also ask, Related searches"
beste iptv app für apple tv,Commercial,51,90,25,0.00,"Sitelinks, AI Overview, Reviews, Video, Related searches"
beste iptv box android,"Informational, Commercial",52,90,16,0.00,"Video, Video carousel, People also ask, Related searches"
beste kodi addon,Commercial,49,90,12,0.00,"Sitelinks, Video"
beste screen mirroring app kostenlos,Commercial,33,90,17,0.18,"AI Overview, Reviews, Video, People also ask, Related searches"
beste streaming angebote,Commercial,50,90,38,1.31,"AI Overview, Reviews, Video, People also ask, Related searches"
beste tv stick,Commercial,43,90,31,0.93,"Sitelinks, Reviews, Video, People also ask, Related searches, Popular products"
besten kodi addons,Commercial,49,90,15,0.00,"Sitelinks, Video, People also ask"
bester streaming dienst tv,Commercial,50,90,37,1.77,"Sitelinks, AI Overview, Reviews, Video, People also ask, Related searches"
breitband -anachlusskabel,Commercial,48,90,66,1.78,"People also ask, Local pack, Related searches"
chromecast oder fire tv,Commercial,37,90,19,0.00,"Sitelinks, AI Overview, Video, Video carousel, People also ask, Related searches"
chromecast vs fire tv,Commercial,33,90,18,0.00,"Sitelinks, AI Overview, Video, Video carousel, People also ask, Related searches"
cool kodi addons,Commercial,33,90,18,0.00,"Sitelinks, AI Overview, Reviews, Video, Video carousel"
das neue magenta tv,Commercial,48,90,36,2.31,"AI Overview, Reviews, Video, Video carousel, People also ask, Related searches, Ads middle"
digitalfernsehen 7 tage news,"Navigational, Transactional",40,90,27,0.00,"People also ask, Related searches"
fernseh kostenlos streamen,Commercial,43,90,56,0.64,"Sitelinks, Reviews, Video, People also ask, Related searches, Ads bottom"
fernseh schauen gratis,Commercial,39,90,44,0.85,"AI Overview, Reviews, Video, People also ask, Related searches"
fernseh stream kostenlos,Commercial,40,90,49,0.84,"Video, People also ask, Knowledge panel, Related searches"
fernseh streaming anbieter,Commercial,50,90,40,2.47,"AI Overview, Reviews, Video, People also ask, Related searches, Ads bottom"
fernsehanbieter im vergleich,Commercial,44,90,30,1.01,"AI Overview, Reviews, Video, People also ask, Related searches, Ads top, Ads middle"
fernsehanbieter vergleich,Commercial,46,90,34,1.14,"Sitelinks, AI Overview, Reviews, Video, People also ask, Related searches"
fernsehen am tablet kostenlos,Commercial,42,90,50,0.39,"AI Overview, Reviews, Video, People also ask, Related searches, Ads bottom, Ads middle"
fernsehen auf rtl,Commercial,49,90,57,0.49,"Video, People also ask, Top stories, Related searches"
fernsehen kostenfrei,Commercial,40,90,59,0.65,"Reviews, Video, People also ask, Knowledge panel, Related searches, Ads bottom"
fernsehen live tv,Commercial,39,90,75,0.72,"Reviews, Video, People also ask, Related searches, Ads bottom"
fernsehen mit receiver,Commercial,41,90,17,0.00,"Reviews, Video, People also ask, Related searches"
fernsehen mit wlan kaufen,Transactional,36,90,22,0.29,"Video, People also ask, Related searches, Popular products"
fernsehen ohne kabel und schüssel,Commercial,44,90,29,1.02,"Reviews, Video, Video carousel, People also ask, Related searches, Popular products, Ads top, Ads bottom"
fernsehen online kostenlos schauen,Commercial,38,90,47,0.85,"Reviews, Video, People also ask, Related searches"
fernsehen tv live,Commercial,38,90,68,0.72,"Reviews, Video, Related searches"
fernsehen usb stick,Commercial,40,90,19,0.63,"Sitelinks, Reviews, Video, Video carousel, People also ask, Related searches, Popular products, Ads top"
fernseher mit internetanschluss,Commercial,43,90,23,0.60,"Reviews, Video, People also ask, Related searches, Popular products"
fernseher mobil,Commercial,38,90,24,0.11,"Video, People also ask, Related searches, Popular products, Ads bottom"
fernsehkabel anbieter,"Informational, Commercial",42,90,33,1.25,"Sitelinks, AI Overview, Reviews, Video, People also ask, Related searches, Ads top, Ads bottom"
fernsehn am pc,"Informational, Commercial",41,90,19,0.53,"AI Overview, Reviews, Video, People also ask, Related searches, Ads top"
fernsehprogramm heute rtl plus,Commercial,33,90,44,0.00,"Video, People also ask, Related searches"
fernsehprogramm kostenlos streamen,Commercial,40,90,50,0.83,"Sitelinks, Reviews, Video, People also ask, Related searches"
fire tv stick hd vs 4k,Commercial,32,90,15,0.00,"Sitelinks, Reviews, Video, Video carousel, People also ask, Related searches"
flex tv stick,"Informational, Transactional",47,90,26,0.60,"Reviews, Video, Video carousel, People also ask, Related searches, Popular products, Ads bottom"
flixy tv stick bewertung,Commercial,47,90,14,0.13,"Sitelinks, AI Overview, Reviews, Video, People also ask, Related searches"
free fernsehn,Commercial,33,90,50,0.94,"AI Overview, Reviews, Video, People also ask, Related searches"
free live stream tv,Commercial,34,90,46,0.90,"Reviews, Video, Related searches"
free mu3 playlist,"Informational, Transactional",47,90,50,0.94,"Reviews, Video, Video carousel, People also ask"
free tv streams,Commercial,34,90,70,0.00,"Sitelinks, Reviews, Video, Video carousel, Top stories, Related searches, Ads bottom"
freetv rtl,"Navigational, Transactional",49,90,55,0.72,"Sitelinks, Video, People also ask, Top stories, Related searches"
fritz box iptv,"Informational, Transactional",53,90,23,0.00,"Video, People also ask, Related searches, Popular products"
fritzbox mit 5ghz,"Informational, Commercial",36,90,18,0.50,"Video carousel, People also ask, Related searches, Popular products"
fritzbox sicherung,"Informational, Transactional",37,90,17,0.00,"Image pack, Video, Video carousel, People also ask, Related searches, Popular products"
giga tv box fernbedienung,"Informational, Transactional",41,90,20,0.90,"Sitelinks, Image pack, Video, Video carousel, People also ask, Related searches, Popular products"
google chromecast vs amazon fire tv,Commercial,31,90,18,0.00,"Sitelinks, AI Overview, Video, Video carousel, Short videos, People also ask, Related searches"
günstige streaming dienste,"Informational, Commercial",44,90,30,1.41,"Sitelinks, AI Overview, Reviews, Video, People also ask, Related searches, Ads top, Ads middle"
hd receiver für kabelfernsehen,Commercial,42,90,22,0.47,"Reviews, Video, Video carousel, People also ask, Related searches, Popular products"
hd reciver,Commercial,34,90,29,0.54,"Video, People also ask, Related searches, Popular products"
hd+ receiver,Commercial,33,90,26,0.60,"Reviews, People also ask, Related searches, Popular products"
hdtv live streaming,Commercial,43,90,68,1.21,"Reviews, Video, People also ask, Related searches"
hdtv stream,Commercial,46,90,59,1.75,"AI Overview, Reviews, Video, People also ask, Related searches"
hotspot finden,Commercial,36,90,43,1.10,"Reviews, Video, People also ask, Related searches"
im netzwerk anmelden,"Informational, Transactional",41,90,31,1.84,"AI Overview, Reviews, Video, Video carousel, People also ask, Related searches"
index m3u,Commercial,32,90,20,0.00,"AI Overview, Video, Video carousel, People also ask, Related searches"
internet fernseher kaufen,Transactional,41,90,28,0.59,"Reviews, Video, People also ask, Related searches, Popular products"
internet hd fernsehen,Commercial,49,90,50,1.59,"Reviews, Video, People also ask, Related searches"
internet tv smart,"Informational, Commercial",47,90,26,0.74,"Reviews, Video, People also ask, Related searches, Ads bottom"
internetanschluss fernseher,"Informational, Commercial",46,90,23,0.96,"AI Overview, Reviews, Video, Video carousel, People also ask, Related searches"
internetanschluss für fernseher,Commercial,46,90,34,0.60,"AI Overview, Reviews, Video, People also ask, Related searches, Ads top, Ads middle"
ip receiver,"Informational, Commercial",37,90,12,0.54,"Video, People also ask, Related searches, Popular products"
ip tv kodu,"Informational, Transactional",46,90,44,0.00,"Reviews, Video, Video carousel, People also ask, Related searches"
ip tv provider,"Informational, Commercial",49,90,31,0.00,"Video, People also ask, Related searches"
ip tv subscription,Commercial,41,90,47,1.27,"Sitelinks, AI Overview, Video, Video carousel, People also ask, Related searches"
iptv activare,"Informational, Transactional",87,90,19,0.00,"Reviews, Video, Video carousel, Related searches"
iptv anbieter deutsch,"Informational, Commercial",52,90,27,0.00,"AI Overview, Video, Related searches"
iptv app lg,Commercial,47,90,16,0.00,"Video, Video carousel, People also ask, Related searches"
iptv box test,Commercial,48,90,17,0.00,"Sitelinks, Reviews, Video, Video carousel, People also ask, Related searches"
iptv decoder box,Commercial,44,90,23,0.00,"Video, People also ask, Related searches, Popular products"
iptv for pc,Commercial,56,90,,0.00,"Reviews, Video, Video carousel, Related searches"
iptv gratuits,"Informational, Commercial",47,90,30,0.00,"Reviews, Video, People also ask, Related searches"
iptv linux software,Commercial,47,90,9,0.00,"AI Overview, Reviews, Video, Related searches"
iptv set top,Commercial,48,90,16,0.00,"Video, People also ask, Related searches, Popular products"
iptv smarters windows,"Informational, Transactional",47,90,34,0.00,"Reviews, Video, Video carousel, People also ask, Related searches"
iptv stick amazon,"Informational, Transactional",49,90,31,0.00,"Sitelinks, Video, People also ask, Related searches, Popular products"
iptv website,Commercial,48,90,38,0.00,"AI Overview, People also ask, Related searches"
iptv windows player,"Informational, Commercial",49,90,22,0.00,"Reviews, Video, Related searches"
ist magenta tv gut,Commercial,48,90,14,4.78,"AI Overview, Video, Video carousel, People also ask, Related searches, Ads middle"
kabel hd receiver,Commercial,39,90,22,0.38,"Reviews, Video, Video carousel, People also ask, Related searches, Popular products"
kabel tv anbieter ohne internet,"Informational, Commercial",50,90,27,1.72,"AI Overview, Video, People also ask, Related searches, Ads top, Ads bottom"
kabelfernseh kosten,Commercial,48,90,31,0.63,"AI Overview, Reviews, Video, People also ask, Related searches, Ads bottom, Ads middle"
kabelfernsehen receiver,Commercial,42,90,27,0.41,"Reviews, Video, Video carousel, People also ask, Related searches, Popular products"
kodi addon sport,Commercial,35,90,12,0.00,"Sitelinks, Reviews, Video"
kodi adons,Commercial,49,90,11,0.00,"Sitelinks, Reviews, Video, People also ask"
kodi android download,"Informational, Transactional",41,90,41,0.00,"Reviews, People also ask"
kodi best add on,Commercial,31,90,31,0.00,"Sitelinks, Reviews, Video"
kodi download android,Transactional,37,90,46,0.00,"Reviews, People also ask"
kodi iptv addon,Commercial,57,90,15,0.00,"Sitelinks, Reviews, Video"
kodi movies,Commercial,31,90,56,0.00,"Sitelinks, Reviews, Video, People also ask"
kodi repositories,Commercial,41,90,17,0.00,"Reviews, Video"
kodi tv addons live tv,Commercial,44,90,10,0.00,"Sitelinks, Reviews, Video, Video carousel, People also ask"
kodi tvaddon,Commercial,38,90,8,0.00,"Reviews, Video, Video carousel, People also ask"
kosten fernsehen über internet,Commercial,49,90,42,0.58,"Reviews, Video, People also ask, Related searches, Ads bottom"
kostenfrei fernsehen,Commercial,40,90,51,0.55,"AI Overview, Reviews, Video, People also ask, Related searches"
kostenlos online fernsehen schauen,Commercial,39,90,58,0.77,"Sitelinks, Reviews, Video, People also ask, Related searches, Ads top, Ads bottom"
live programm rtl,"Informational, Transactional",49,90,34,0.55,"Video, People also ask, Related searches"
live rtl gucken kostenlos,Commercial,40,90,55,0.89,"AI Overview, Reviews, Video, People also ask, Related searches, Ads top, Ads middle"
live tv fernsehen,Commercial,40,90,69,0.72,"Reviews, Video, People also ask, Related searches"
livestream fernsehen rtl,"Navigational, Transactional",49,90,52,0.56,"Reviews, Video, People also ask, Related searches, Ads bottom"
livetv streamen,"Informational, Transactional",41,90,34,1.64,"Reviews, Video, Video carousel, People also ask, Related searches"
m3u downloader,Commercial,34,90,19,0.00,"Sitelinks, Reviews, Video, People also ask, Related searches"
m3u player online,"Informational, Commercial",34,90,41,0.00,"Reviews, Related searches, Ads bottom"
magenta online shop,Commercial,28,90,48,2.75,"Reviews, People also ask, Related searches"
magenta tv anmelden live tv,"Navigational, Transactional",46,90,45,0.00,"AI Overview, Reviews, Video, Video carousel, People also ask, Related searches"
magenta tv bewertung,Commercial,46,90,16,6.87,"AI Overview, Reviews, Video, Video carousel, People also ask, Related searches"
magenta tv ohne receiver nachteile,"Informational, Commercial",48,90,21,5.83,"AI Overview, Reviews, Video, People also ask, Related searches, Ads middle"
magenta tv one anmelden,"Informational, Transactional",45,90,27,0.00,"AI Overview, Video, Video carousel, People also ask, Related searches"
magenta tv pakete preise,Transactional,48,90,50,3.40,"AI Overview, Reviews, People also ask, Related searches"
magenta tv startseite,Commercial,48,90,34,3.15,"AI Overview, Video, Video carousel, People also ask, Related searches, Ads top"
magenta tv stick alternative,Commercial,46,90,21,0.27,"Sitelinks, Reviews, Video, People also ask, Related searches"
magentatv ohne vertrag,Commercial,45,90,28,3.31,"AI Overview, Reviews, People also ask, Related searches"
magentatv serien kostenlos,"Informational, Commercial",44,90,19,0.00,"Reviews, Video, People also ask, Related searches"
mediathek rtl livestream,"Navigational, Transactional",40,90,48,0.00,"Reviews, Video, People also ask, Related searches, Ads bottom"
mobile fernseher,"Informational, Commercial",47,90,24,0.18,"Image pack, People also ask, Related searches, Popular products"
mobile television,"Informational, Transactional",47,90,40,0.49,"Sitelinks, Image pack, Video, People also ask, Knowledge panel, Related searches, Popular products"
mobiler router 1&1,"Informational, Transactional",35,90,23,0.81,"Reviews, Video, People also ask, Related searches, Popular products"
moxi player tv stick,"Informational, Commercial",47,90,,0.00,"Sitelinks, Reviews, Video, People also ask, Related searches, Popular products"
musik streaming dienste im test,Commercial,50,90,27,0.66,"Sitelinks, Reviews, Video, Short videos, People also ask, Related searches"
neflix abo,"Navigational, Transactional",38,90,55,1.63,"Reviews, Video, People also ask, Related searches"
netfix abo,"Navigational, Transactional",35,90,50,1.63,"Reviews, Video, People also ask, Related searches"
netflex plan,"Navigational, Transactional",37,90,79,1.22,"Image pack, Video, People also ask, Related searches"
netflix 4k abonnement,"Informational, Transactional",39,90,42,1.44,"Sitelinks, AI Overview, Reviews, Video, People also ask, Related searches"
netflix 4k preis,Transactional,42,90,39,0.97,"AI Overview, Reviews, People also ask, Related searches"
netflix a,"Navigational, Transactional",35,90,76,0.00,"Sitelinks, Reviews, People also ask, Knowledge panel, Related searches"
netflix abo erweitern,"Informational, Transactional",48,90,59,0.00,"Video, Video carousel, People also ask, Related searches"
netflix abonnement kosten,"Informational, Transactional",41,90,50,1.21,"AI Overview, Reviews, Video, People also ask, Related searches"
netflix bibliothek,Commercial,38,90,70,0.00,"Sitelinks, AI Overview, Reviews, Video, People also ask, Related searches"
netflix familien abo preis,"Navigational, Transactional",39,90,59,0.00,"AI Overview, Reviews, Video, People also ask, Related searches"
netflix film deutsch,Transactional,32,90,28,0.00,"Sitelinks, Video, Video carousel, People also ask, Related searches"
netflix filme übersicht,Commercial,34,90,39,0.00,"Video, People also ask, Related searches"
netflix login web,"Navigational, Transactional",34,90,73,0.00,Related searches
netflix monthly subscription deutsch,"Informational, Transactional",43,90,56,1.25,"AI Overview, Reviews, Video, People also ask, Related searches"
netflix optionen,"Informational, Transactional",41,90,58,0.00,"AI Overview, Reviews, Video, People also ask, Related searches"
netflix premium günstiger,Commercial,46,90,24,0.70,"Sitelinks, AI Overview, Video, People also ask, Related searches, Ads middle"
netflix premium preis,Transactional,41,90,51,1.95,"AI Overview, Reviews, Video, People also ask, Related searches"
netflix premum,Transactional,46,90,50,2.26,"Reviews, Video, People also ask, Related searches"
netflix standart,"Informational, Transactional",42,90,51,2.05,"Reviews, Image pack, Video, People also ask, Related searches"
netflix sticks,Commercial,47,90,30,0.35,"Reviews, Video, People also ask, Related searches"
netflix telefonnummer ändern,"Navigational, Transactional",39,90,34,0.00,"AI Overview, Video, People also ask, Related searches"
netflix testabo,"Informational, Transactional",41,90,44,1.56,"Video, People also ask, Top stories, Related searches"
netflix videos,"Informational, Transactional",31,90,77,0.00,"Reviews, Video, Video carousel, People also ask, Related searches"
netflix welche serien,Commercial,32,90,48,0.28,"Video, People also ask, Top stories"
netlix abo,"Navigational, Transactional",37,90,54,1.43,"Video, People also ask, Related searches"
nitro livestream nydus,"Navigational, Transactional",32,90,23,0.00,"Reviews, Video, People also ask, Related searches"
nur magenta tv buchen,Commercial,48,90,33,2.71,"AI Overview, Reviews, People also ask, Related searches, Ads bottom, Ads middle"
ohne kabel tv schauen,"Informational, Commercial",43,90,30,2.29,"Featured snippet, Sitelinks, Reviews, Video, Video carousel, People also ask, Related searches, Popular products, Ads bottom, Ads middle"
online fernsehen gratis,Commercial,41,90,44,0.89,"Reviews, Video, People also ask, Related searches"
online gratis fernsehen,Commercial,40,90,40,1.37,"Reviews, Video, People also ask, Related searches"
online tv freeware,Commercial,42,90,38,0.83,"Reviews, Video, People also ask, Related searches"
online tv schauen kostenlos ohne anmeldung rtl,Transactional,49,90,30,0.00,"AI Overview, Reviews, Video, People also ask, Related searches"
pc iptv,Commercial,56,90,31,0.00,"AI Overview, Reviews, Video, People also ask"
preise netflix abo,Transactional,39,90,50,1.02,"AI Overview, Reviews, Video, People also ask, Related searches"
premium netflix,"Informational, Transactional",41,90,61,0.00,"AI Overview, Reviews, Video, People also ask, Related searches"
programm rtl live,"Informational, Transactional",49,90,,0.55,"Video, People also ask, Related searches, Ads bottom"
receiver hd kaufen,Transactional,38,90,29,0.33,"Video, People also ask, Related searches"
receiver sky,Transactional,36,90,32,1.73,"Reviews, Image, Video, People also ask, Related searches, Ads bottom"
receiver stream,"Informational, Commercial",36,90,12,0.00,"Reviews, Video, People also ask, Related searches"
recommended kodi addons,Commercial,32,90,37,0.00,"Sitelinks, Reviews, Video, Video carousel, People also ask"
rtl 2 kostenlos,Commercial,39,90,31,2.02,"AI Overview, Video, People also ask, Related searches"
rtl 2 kostenlos schauen,Commercial,39,90,28,1.23,"Reviews, Video, People also ask, Related searches"
rtl 4 live,"Navigational, Transactional",33,90,34,0.71,"AI Overview, Reviews, Video, People also ask, Related searches"
rtl de stream live,"Navigational, Transactional",39,90,83,0.71,"Reviews, Video, People also ask, Related searches"
rtl down,"Informational, Transactional",35,90,25,0.00,"Reviews, Video, People also ask, Related searches"
rtl ii livestream,Commercial,39,90,31,0.68,"Reviews, Video, People also ask, Related searches"
rtl kostenlos live gucken,Commercial,40,90,30,0.89,"Reviews, Video, People also ask, Related searches, Ads bottom"
rtl kostenlos ohne anmeldung live,Transactional,49,90,39,0.00,"AI Overview, Reviews, Video, People also ask, Related searches"
rtl kostenlos streamen ohne anmeldung,Transactional,40,90,45,0.00,"AI Overview, Reviews, Video, People also ask, Related searches"
rtl kostenlos tv,Transactional,40,90,50,0.76,"Reviews, Video, People also ask, Related searches, Ads bottom"
rtl live now,"Navigational, Transactional",49,90,67,0.26,"Reviews, Video, People also ask, Related searches"
rtl live sender,"Navigational, Transactional",49,90,69,0.70,"Sitelinks, Reviews, Video, People also ask, Related searches"
rtl live ticker,"Navigational, Transactional",32,90,62,0.00,"Reviews, Video, People also ask, Top stories, Related searches"
rtl livestraem,"Navigational, Transactional",37,90,48,0.60,"Reviews, Video, People also ask, Related searches"
rtl livestream hd,"Navigational, Transactional",39,90,52,0.87,"Reviews, Video, People also ask, Related searches"
rtl livestream mediathek,"Navigational, Transactional",40,90,48,0.00,"Reviews, Video, People also ask, Related searches"
rtl livew,"Navigational, Transactional",37,90,68,0.47,"Reviews, Video, People also ask, Top stories, Related searches"
rtl media,"Navigational, Transactional",34,90,70,0.14,"Sitelinks, Reviews, Video, People also ask, Related searches"
rtl mediathek livestream,"Navigational, Transactional",37,90,44,0.00,
rtl online live,"Navigational, Transactional",49,90,53,1.00,"Video, People also ask, Top stories, Related searches"
rtl online sehen,"Navigational, Transactional",39,90,46,0.82,"Reviews, Video, People also ask, Related searches, Ads bottom"
rtl plus fernsehprogramm heute,Commercial,49,90,44,0.33,"People also ask, Related searches"
rtl plus live programm heute,"Navigational, Transactional",49,90,85,0.15,"Sitelinks, People also ask, Related searches"
rtl punkt 12 live,"Navigational, Transactional",36,90,34,0.00,"Sitelinks, Video, People also ask, Related searches"
rtl sender live,"Navigational, Transactional",49,90,67,0.70,"Sitelinks, Reviews, Video, People also ask, Related searches"
rtl stream ohne anmeldung,"Navigational, Transactional",37,90,42,1.31,"AI Overview, Reviews, Video, People also ask, Related searches"
rtl stream online kostenlos,Commercial,38,90,60,1.36,"AI Overview, Reviews, Video, People also ask, Related searches"
rtl tv kostenlos,Commercial,45,90,44,0.72,"Reviews, Video, People also ask, Related searches"
rtl tv live heute,"Navigational, Transactional",49,90,51,0.36,"Reviews, Video, People also ask, Related searches"
rtl wiederholung,"Informational, Transactional",36,90,51,0.52,"Video, People also ask, Related searches"
rtl1,"Informational, Transactional",31,90,67,0.65,"Reviews, Video, Related searches"
rtl2 gucken,Commercial,35,90,45,0.77,"Reviews, Video, People also ask, Related searches"
samsung mobile wifi hotspot,"Informational, Transactional",38,90,29,1.49,"Reviews, Video, Video carousel, Short videos, People also ask, Related searches, Popular products, Ads bottom"
samsung sat receiver,Commercial,31,90,30,0.07,"People also ask, Popular products"
samsung sendersuchlauf satellit,"Informational, Transactional",35,90,30,0.00,"AI Overview, Video, Video carousel, Related searches"
sat 1 hd live stream,Commercial,37,90,29,0.70,"Reviews, Video, People also ask, Related searches, Ads bottom"
sat 1 live ohne anmelden,"Navigational, Transactional",37,90,31,0.41,"Reviews, Video, Related searches"
sat receiver digital,"Informational, Commercial",36,90,17,0.19,"Video, Video carousel, People also ask, Related searches, Popular products"
sat receiver mit apps,Commercial,40,90,11,0.34,"Sitelinks, Video, People also ask, Related searches, Popular products"
satellite and receiver,"Informational, Commercial",37,90,14,0.15,"Image pack, Video, Related searches, Popular products"
satellite tv live,Commercial,39,90,58,0.32,"AI Overview, Reviews, Video, People also ask, Related searches"
save tv angebot,"Informational, Transactional",43,90,21,1.66,"Sitelinks, Reviews, Video, People also ask, Related searches"
sendereinstellung samsung tv,"Informational, Transactional",41,90,35,0.00,"AI Overview, Image pack, Video, Video carousel, People also ask, Related searches"
sendung verpasst rtl2 now,"Informational, Transactional",31,90,45,0.00,"Reviews, People also ask, Related searches"
set box tv,"Informational, Commercial",43,90,17,1.14,"Sitelinks, Reviews, Video, People also ask, Related searches, Popular products"
set top box tv,Commercial,43,90,13,0.88,"Image pack, People also ask, Related searches, Popular products"
siptv apk,"Informational, Transactional",49,90,28,0.00,"Reviews, Video, People also ask, Related searches"
sky q receiver bestellen,"Informational, Transactional",47,90,29,1.92,"AI Overview, Reviews, People also ask, Related searches"
smart iptv app kostenlos,"Informational, Commercial",56,90,30,0.00,"AI Overview, Reviews, Video, People also ask, Related searches"
smart iptv download chip,Transactional,56,90,42,0.00,"Video, People also ask, Related searches"
smart iptv eu,"Informational, Transactional",46,90,29,0.00,"AI Overview, Reviews, Video, Video carousel, People also ask, Related searches"
smart iptv kaufen,Transactional,50,90,29,0.00,"Reviews, Video, People also ask, Related searches"
smart iptv player pro,"Informational, Transactional",56,90,39,0.00,"Reviews, Video, Video carousel, People also ask, Related searches"
smart satelliten receiver,"Informational, Commercial",40,90,25,0.16,"Video, Video carousel, People also ask, Related searches, Popular products"
smart tv adapter,Commercial,41,90,26,0.28,"Sitelinks, Video, People also ask, Related searches, Popular products"
smart tv and internet,Commercial,43,90,44,1.15,"Sitelinks, AI Overview, Reviews, Video, Video carousel, People also ask, Related searches"
smart tv box erfahrungen,Commercial,43,90,27,0.00,"Sitelinks, Reviews, Video, Video carousel, People also ask, Related searches"
smart tv vertrag,Commercial,41,90,20,2.90,"Reviews, People also ask, Related searches, Popular products, Ads top, Ads middle"
smarters lite,"Informational, Transactional",26,90,34,0.00,"Reviews, People also ask, Knowledge panel, Related searches"
stream anbieter,"Informational, Commercial",45,90,45,2.07,"Sitelinks, AI Overview, Video, People also ask, Related searches, Ads top, Ads middle"
stream tv free,Commercial,36,90,52,0.94,"Reviews, Video, People also ask, Related searches"
stream tv tv series,Commercial,38,90,61,2.94,"AI Overview, Reviews, Video, People also ask, Related searches"
streamanbieter,Commercial,50,90,45,7.65,"AI Overview, Reviews, Video, People also ask, Related searches, Ads middle"
streaming dienst vergleich,Commercial,50,90,37,1.60,"Reviews, Video, Video carousel, People also ask, Related searches"
streaming geraete,"Informational, Commercial",47,90,16,0.94,"Reviews, Video, Video carousel, People also ask, Related searches, Popular products"
streaming services germany,Commercial,46,90,50,1.56,"Sitelinks, AI Overview, Reviews, Video, People also ask, Related searches"
streaming vergleich,Commercial,42,90,38,1.89,"Reviews, Video, People also ask, Related searches"
streaming-dienste vergleich,Commercial,50,90,35,1.33,"AI Overview, Reviews, Video, People also ask, Related searches"
super rtl livestream kostenlos,Commercial,49,90,39,0.00,"Video, People also ask, Related searches"
superrtl livestream,Commercial,36,90,22,0.73,"Reviews, Video, People also ask, Related searches"
t online fernsehen,Commercial,42,90,42,0.42,"Reviews, Video, Video carousel, People also ask, Related searches"
t online tv,Commercial,39,90,50,0.55,"Reviews, Video, People also ask, Top stories, Related searches"
telekom de magentatv login,Transactional,47,90,34,0.00,"Video, People also ask, Related searches"
telekom internet und magenta tv,Commercial,48,90,48,2.70,"Reviews, People also ask, Related searches, Ads top, Ads bottom"
telekom magenta tv und internet,Commercial,48,90,33,3.36,"AI Overview, Reviews, People also ask, Related searches, Ads top, Ads middle"
telekom tv app,Transactional,41,90,46,3.74,"Reviews, Video, People also ask, Related searches"
television gratis online,Commercial,39,90,56,0.00,"AI Overview, Reviews, Video, Related searches"
test tv stick,Commercial,39,90,33,0.40,"Sitelinks, Reviews, Video, People also ask, Related searches"
test tv sticks,Commercial,47,90,27,0.50,"Sitelinks, Video, Video carousel, People also ask, Related searches"
top rated kodi addons,Commercial,32,90,36,0.00,"Sitelinks, Reviews, Video, Video carousel"
tv anschluss kabel anbieter,Commercial,46,90,32,1.70,"Reviews, Image, Video, People also ask, Related searches"
tv auf pc schauen,Commercial,45,90,42,0.76,"AI Overview, Reviews, Video, People also ask, Related searches, Ads bottom, Ads middle"
tv box 4k,"Informational, Transactional",39,90,29,0.74,"Reviews, Video, Video carousel, People also ask, Related searches, Popular products"
tv box kaufen,Transactional,52,90,22,1.46,"Video, People also ask, Related searches, Popular products"
tv dongle,"Informational, Commercial",40,90,26,0.48,"Video, Video carousel, People also ask, Related searches, Popular products"
tv fernsehen live,Commercial,38,90,60,0.72,"Reviews, Video, Video carousel, People also ask, Related searches"
tv live free,Commercial,35,90,62,1.58,"Reviews, Video, People also ask, Related searches"
tv magenta login,Commercial,48,90,33,0.00,"Video, People also ask, Related searches"
tv mit satellit,"Informational, Commercial",48,90,16,0.96,"Reviews, Video, People also ask, Related searches, Popular products"
tv mit satelliten receiver,Commercial,39,90,19,0.21,"Video, People also ask, Related searches, Popular products, Ads middle"
tv programm streamen kostenlos,Commercial,40,90,45,0.66,"Reviews, Video, People also ask, Related searches"
tv receiver integriert,Commercial,42,90,16,0.15,"Reviews, Video, People also ask, Related searches"
tv receiver mit festplatte,Commercial,41,90,18,0.38,"Video, People also ask, Related searches, Popular products"
tv receiver über internet,Commercial,52,90,24,1.20,"Sitelinks, Reviews, Video, People also ask, Related searches, Popular products, Ads top, Ads middle"
tv schauen am pc,Commercial,46,90,24,0.76,"AI Overview, Reviews, Video, Video carousel, People also ask, Related searches, Ads top, Ads middle"
tv schauen ohne kabel,Commercial,47,90,24,2.30,"Sitelinks, Reviews, Video, Video carousel, People also ask, Related searches, Popular products, Ads top, Ads middle"
tv stick best,Commercial,47,90,29,0.59,"Sitelinks, Reviews, Video, Video carousel, People also ask, Related searches, Popular products, Ads middle"
tv sticks für fernseher,"Informational, Commercial",47,90,27,1.18,"Sitelinks, Reviews, Video, Video carousel, People also ask, Related searches, Popular products"
tv sticks test,Commercial,47,90,28,0.76,"Sitelinks, Video, Video carousel, People also ask, Related searches, Ads bottom"
tv streaming online live,Commercial,38,90,67,0.54,"Reviews, Video, Related searches"
tv umsonst schauen,Commercial,38,90,50,1.04,"Reviews, Video, People also ask, Related searches"
tv watch,"Informational, Transactional",32,90,39,0.62,"Reviews, Image, Image pack, Video, Video carousel, People also ask, Related searches, Popular products"
tv über internet receiver,Commercial,48,90,30,1.20,"Sitelinks, Reviews, Video, People also ask, Related searches, Popular products"
tv über pc schauen,"Informational, Commercial",45,90,17,0.95,"AI Overview, Reviews, Video, People also ask, Related searches"
tv&internet,Commercial,40,90,39,2.24,"Reviews, Video, People also ask, Related searches"
usb stick smart tv,Commercial,42,90,22,0.45,"Video, Video carousel, People also ask, Related searches, Popular products, Ads bottom"
vergleich fernsehanbieter,Commercial,47,90,39,1.14,"Sitelinks, Reviews, Video, People also ask, Related searches, Ads top, Ads bottom"
vergleich streaming,Commercial,43,90,40,1.89,"Reviews, Video, People also ask, Related searches"
vodafone fernbedienung verbinden,"Informational, Transactional",47,90,27,0.00,"AI Overview, Image pack, Video, Video carousel, People also ask, Related searches"
vodafone neue frequenzen,"Informational, Transactional",52,90,37,0.00,"Reviews, People also ask, Related searches"
waipu alternativen,Commercial,37,90,25,0.78,"AI Overview, Reviews, Video, People also ask, Related searches"
was ist der beste musik streaming dienst,Commercial,50,90,19,0.71,"Sitelinks, AI Overview, Reviews, Video, People also ask, Related searches, Ads bottom"
was ist eine set-top-box,"Informational, Commercial",49,90,13,0.46,"AI Overview, Reviews, Video, People also ask, Related searches"
web browser iptv,Commercial,48,90,44,0.00,"Reviews, Video, People also ask, Related searches"
welcher iptv player ist der beste,Commercial,56,90,,0.00,"AI Overview, Reviews, Video, People also ask, Related searches"
welcher streamingdienst ist der beste,Commercial,40,90,30,1.46,"AI Overview, Reviews, Video, Video carousel, People also ask, Related searches"
wer bietet kabelfernsehen an,"Informational, Commercial",48,90,19,0.80,"AI Overview, Video, People also ask, Related searches, Ads bottom, Ads middle"
what is iptv github,"Navigational, Transactional",43,90,70,0.00,"AI Overview, People also ask, Related searches"
wlan fernseher kaufen,Transactional,39,90,22,0.29,"Video, People also ask, Related searches, Popular products, Ads bottom"
wlan tv empfänger,Commercial,41,90,19,0.33,"Video, People also ask, Related searches, Popular products, Ads bottom"
zattoo test,Commercial,31,90,22,1.83,"Sitelinks, AI Overview, Reviews, Video, People also ask, Related searches"
abo kosten netflix,"Informational, Transactional",46,70,44,0.94,"AI Overview, People also ask, Related searches"
abo preise netflix,Transactional,46,70,46,0.94,"AI Overview, Reviews, Video, People also ask, Related searches"
alternativen zu magenta tv,Commercial,48,70,19,0.69,"AI Overview, Video, People also ask, Related searches, Ads top"
anbieter fernsehen über internet,Commercial,58,70,41,1.82,"AI Overview, Reviews, Video, People also ask, Related searches, Ads top, Ads middle"
android hdmi stick,"Informational, Commercial",39,70,23,0.33,"Video, Video carousel, People also ask, Related searches, Popular products"
android tv sticks,"Informational, Commercial",47,70,35,0.45,"Sitelinks, Video, Video carousel, People also ask, Related searches, Popular products"
anmelden bei magenta tv,Transactional,47,70,37,4.10,"Featured snippet, Reviews, Video carousel, People also ask, Related searches"
anmelden fritzbox 7490,"Informational, Transactional",44,70,25,0.00,"AI Overview, Reviews, Video, People also ask, Related searches"
aplle tv box,"Navigational, Transactional",52,70,49,0.30,"Sitelinks, Video, People also ask, Related searches, Popular products"
app magenta tv,Commercial,45,70,54,0.00,"AI Overview, Reviews, Video carousel, People also ask, Related searches, Ads top"
best iptv player for android,Commercial,44,70,47,0.00,"Sitelinks, AI Overview, Reviews, Video, Video carousel, People also ask, Related searches"
best iptv providers,"Informational, Commercial",46,70,49,0.00,"Featured snippet, Sitelinks, Video, Video carousel, People also ask, Related searches"
beste streaming dienst,Commercial,50,70,35,1.89,"AI Overview, Reviews, Video, People also ask, Related searches"
beste streaming-dienste,Commercial,50,70,40,1.71,"Sitelinks, AI Overview, Reviews, Video, People also ask, Related searches, Ads bottom"
besten streaming dienste,Commercial,44,70,37,1.89,"AI Overview, Reviews, Video, People also ask, Related searches, Ads middle"
bester internet tv anbieter,Commercial,50,70,39,2.11,"Sitelinks, AI Overview, Reviews, Video, People also ask, Related searches, Ads top, Ads middle"
bobres iptv,Transactional,47,70,0,0.00,"People also ask, Related searches"
box internet tv,Commercial,45,70,16,1.90,"Reviews, Video, People also ask, Related searches, Popular products"
chromecast amazon fire stick,Commercial,38,70,28,0.35,"Sitelinks, Reviews, Video, People also ask, Related searches, Popular products"
ctv vs ott advertising,"Informational, Commercial",46,70,19,0.00,"Reviews, Video, Video carousel, People also ask, Related searches"
deutsche fernsehen kostenlos ohne anmeldung,"Navigational, Transactional",38,70,50,0.00,"Sitelinks, AI Overview, Reviews, Video, People also ask, Related searches"
deutsche iptv,"Informational, Commercial",58,70,20,0.00,"AI Overview, Video, Related searches"
die besten tv sticks,Commercial,47,70,26,0.54,"Sitelinks, Reviews, Video, Video carousel, People also ask, Related searches, Popular products, Ads bottom"
digitaler kabelanschluss,Commercial,40,70,25,1.50,"AI Overview, Reviews, Video, People also ask, Related searches, Ads bottom, Ads middle"
dsl vertrag mit fernseher,Commercial,43,70,22,2.62,"AI Overview, Reviews, Video, Related searches, Ads top, Ads middle"
europe iptv,Commercial,46,70,18,0.75,"Video, People also ask, Related searches"
fernbedienung vodafone giga tv,"Navigational, Transactional",49,70,23,0.58,"Reviews, Video, Related searches"
fernseh kabelanbieter,Commercial,44,70,38,1.37,"AI Overview, Reviews, Video, People also ask, Related searches, Ads top, Ads middle"
fernseh live rtl,"Navigational, Transactional",49,70,59,0.65,"Reviews, Video, People also ask, Related searches"
fernseh online schauen kostenlos,Commercial,38,70,51,0.85,"Reviews, Image, Video, People also ask, Related searches, Ads bottom"
fernseh über internet anbieter,"Informational, Commercial",58,70,35,1.82,"AI Overview, Reviews, Video, People also ask, Related searches, Ads top, Ads middle"
fernsehanbieter kabel,Commercial,43,70,33,1.25,"Reviews, Video, People also ask, Related searches"
fernsehen am computer,"Informational, Commercial",41,70,16,0.42,"AI Overview, Reviews, Video, People also ask, Related searches, Ads bottom, Ads middle"
fernsehen am ipad kostenlos,Commercial,44,70,30,0.39,"AI Overview, Reviews, Video, Video carousel, People also ask, Related searches, Ads top, Ads middle"
fernsehen auf ipad kostenlos,"Informational, Commercial",40,70,31,0.39,"AI Overview, Reviews, Video, Video carousel, People also ask, Related searches, Ads bottom, Ads middle"
fernsehen im internet ohne anmeldung kostenlos,Transactional,38,70,40,0.00,"AI Overview, Reviews, Video, People also ask, Related searches"
fernsehen in deutschland,"Informational, Transactional",36,70,47,1.67,"Sitelinks, Reviews, Video, People also ask, Knowledge panel, Related searches"
fernsehen ipad kostenlos,"Informational, Commercial",45,70,33,0.38,"AI Overview, Reviews, Video, People also ask, Related searches, Ads bottom, Ads middle"
fernseher kaufen mit wlan,Transactional,38,70,25,0.30,"Sitelinks, Video, People also ask, Local pack, Related searches, Popular products"
fernseher mit magenta tv,Transactional,42,70,39,1.57,"Reviews, Video, Video carousel, People also ask, Related searches"
fernseher satellit kabel,Commercial,48,70,12,0.17,"Image pack, Video, Video carousel, People also ask, Related searches, Popular products"
fernsehschauen online,Commercial,39,70,74,1.57,"AI Overview, Reviews, Video, People also ask, Related searches, Ads top"
fernsehsender im internet,Commercial,45,70,59,0.80,"AI Overview, Reviews, Video, People also ask, Related searches, Ads top, Ads middle"
fire tv stick 4k max nachfolger,Commercial,37,70,22,0.29,"Sitelinks, Reviews, Video, People also ask, Related searches"
free internet tv streaming,"Informational, Commercial",38,70,48,1.35,"AI Overview, Reviews, Video, Related searches, Ads bottom"
free tv online streaming,Commercial,35,70,50,1.69,"AI Overview, Reviews, Video, Related searches"
free watch online tv,Commercial,32,70,90,0.63,"Reviews, Video, People also ask, Related searches"
fritbox anmelden,"Navigational, Transactional",46,70,28,1.14,"AI Overview, Video, Video carousel, People also ask, Related searches"
glasfaser fernsehanschluss,"Informational, Commercial",48,70,14,0.91,"Sitelinks, AI Overview, Image, Image pack, Video, Video carousel, People also ask, Related searches, Ads bottom, Ads middle"
gratis fernseh schauen,Commercial,38,70,35,0.62,"Reviews, Video, People also ask, Related searches"
gratis online fernsehen,Commercial,41,70,34,0.89,"AI Overview, Reviews, Video, People also ask, Related searches, Ads middle"
gratis rtl schauen,Commercial,39,70,50,1.38,"Sitelinks, AI Overview, Reviews, Video, People also ask, Ads top, Ads middle"
günstig tv schauen,Commercial,46,70,53,2.39,"Sitelinks, Reviews, Video, Video carousel, People also ask, Related searches"
hd karte für kabelfernsehen vodafone,Transactional,36,70,30,0.00,"Reviews, People also ask, Related searches"
hd receiver für fernseher,Commercial,48,70,30,0.45,"Video, People also ask, Related searches, Popular products"
hd receiver mit festplatte,"Informational, Commercial",39,70,12,0.08,"Video, People also ask, Related searches"
hd reciever,Commercial,34,70,23,0.54,"Video, Video carousel, People also ask, Related searches, Popular products, Ads bottom"
ingyenes tv,Commercial,37,70,38,2.58,"Reviews, Video, People also ask, Related searches"
installer kodi,"Informational, Transactional",46,70,24,0.00,"Reviews, Video, Video carousel, People also ask"
internet fernsehen receiver,Commercial,49,70,17,1.75,"Sitelinks, Reviews, Video, People also ask, Related searches, Popular products, Ads bottom"
internet für fernseher,Commercial,47,70,35,1.63,"Reviews, Video, People also ask"
internet receiver für tv,Commercial,48,70,17,1.20,"Sitelinks, Reviews, Video, People also ask, Related searches, Popular products"
internet tv receiver wlan,Commercial,42,70,22,1.24,"Sitelinks, Video, People also ask, Related searches, Popular products"
ip tv app fire tv,"Informational, Commercial",57,70,27,0.00,"Sitelinks, AI Overview, Video, Video carousel, People also ask, Related searches"
ip tv für fire tv stick,"Informational, Commercial",57,70,11,0.00,"Sitelinks, AI Overview, Video, Video carousel, People also ask, Related searches"
ip tv germany,"Informational, Commercial",49,70,16,0.88,"AI Overview, Video, People also ask, Related searches"
ip tv pro,"Informational, Transactional",49,70,36,0.94,"Reviews, Video, Video carousel, People also ask, Related searches"
iptv android tv box,"Informational, Commercial",43,70,22,0.00,"Reviews, Video, Video carousel, People also ask, Related searches, Popular products"
iptv app pc,Commercial,49,70,36,0.00,"Reviews, Video, People also ask, Related searches"
iptv boxen,Commercial,53,70,17,0.87,"Video, People also ask, Related searches, Popular products"
iptv free trail,"Informational, Commercial",48,70,0,0.00,"Sitelinks, Video, Video carousel, Related searches"
iptv m3u kaufen,Commercial,48,70,14,0.00,"AI Overview, Related searches"
iptv player linux,"Informational, Commercial",49,70,12,0.00,"AI Overview, Reviews, Video, Related searches"
iptv playlist kaufen,Commercial,50,70,8,0.00,"Video, Related searches"
iptv playlist reddit,"Navigational, Transactional",40,70,34,0.00,Related searches
iptv smart player windows,Transactional,47,70,40,0.00,"Reviews, Video, Video carousel, People also ask, Related searches"
iptv smarters pro مهكر,Commercial,51,70,7,0.00,
iptv windows download,"Informational, Commercial",47,70,44,0.00,"Video, Related searches"
iptvsmater,"Informational, Transactional",41,70,40,0.83,"Reviews, Video, People also ask, Related searches"
iptvus,Commercial,44,70,42,1.20,"Reviews, People also ask"
kabel receiver hd,Commercial,38,70,15,0.50,"Reviews, Video, Video carousel, People also ask, Related searches, Popular products"
kabel receiver mit smart tv funktion,Commercial,46,70,18,0.32,"Sitelinks, Reviews, Video, People also ask, Related searches, Popular products"
kabelfernseh anschluss,"Informational, Commercial",48,70,32,1.60,"AI Overview, Reviews, Image, Image pack, Video, Video carousel, People also ask, Related searches, Ads top, Ads bottom"
kabelfernsehen hamburg,Commercial,34,70,12,1.14,"AI Overview, Reviews, Video, People also ask, Related searches, Ads bottom, Ads middle"
kabellos fernsehen über wlan,Commercial,45,70,20,1.01,"Sitelinks, Reviews, Video, Video carousel, People also ask, Related searches, Ads top, Ads bottom"
kaufeniptv,Commercial,50,70,2,0.89,"Video, People also ask, Ads top, Ads middle"
kodi addons 2025,Commercial,49,70,,0.37,"Sitelinks, Video, Video carousel, People also ask"
kodi best addons,Commercial,31,70,25,0.00,"Sitelinks, Reviews, Video"
kodi beste addons,Commercial,49,70,13,0.00,"Sitelinks, Reviews, Video, People also ask"
kodi live tv addon,Commercial,43,70,6,0.00,"Sitelinks, Video, People also ask"
kostenlos fernsehen im internet ohne anmeldung,"Navigational, Transactional",40,70,32,0.00,"AI Overview, Reviews, Video, People also ask, Related searches"
kostenlos fernsehen ohne anmeldung internet,"Navigational, Transactional",38,70,32,0.00,"AI Overview, Reviews, Video, People also ask, Related searches"
kostenlos im internet fernsehen ohne anmeldung,Transactional,38,70,37,0.00,"AI Overview, Reviews, Video, People also ask, Related searches, Ads bottom"
kostenlos internet fernsehen ohne anmeldung,Transactional,43,70,30,0.00,"Reviews, Video, People also ask, Related searches"
kostenlos rtl live stream,"Navigational, Transactional",39,70,47,1.43,"Reviews, Video, People also ask, Related searches"
live stream fernsehen rtl,Transactional,49,70,46,0.56,"Reviews, Video, People also ask, Related searches"
live tv apk,"Informational, Commercial",37,70,23,0.52,"AI Overview, Reviews, Video, Related searches"
m3u playlisten,Commercial,45,70,24,0.75,"Reviews, People also ask, Related searches"
magenta tv 1 generation vs 2 generation,"Informational, Commercial",37,70,21,6.82,"AI Overview, Reviews, Video, Video carousel, People also ask, Related searches"
magenta tv 2.0 anmelden,"Informational, Transactional",41,70,25,4.16,"Reviews, Video carousel, People also ask, Related searches"
magenta tv gerät,"Informational, Transactional",48,70,25,3.48,"Reviews, Video, Video carousel, People also ask, Related searches, Popular products"
magenta tv konto,"Informational, Transactional",48,70,43,3.78,"Reviews, Video, Video carousel, People also ask, Related searches, Ads bottom"
magenta tv mobil,Commercial,41,70,49,4.68,"AI Overview, Reviews, Video, People also ask, Related searches, Ads top"
magenta tv s,Commercial,39,70,16,3.71,"Reviews, People also ask, Related searches, Ads top"
magenta tv stick 1 generation kaufen,Transactional,46,70,18,0.07,"Video, People also ask, Related searches, Ads bottom"
magenta tv stick 4k,Commercial,46,70,22,0.20,"Video, People also ask, Related searches, Popular products"
magenta tv verfügbarkeit,Commercial,45,70,48,1.48,"Reviews, People also ask, Related searches"
magenta tv vorteile,Commercial,48,70,31,3.42,"AI Overview, Video, People also ask, Related searches, Ads top"
magenta tv zusatzpakete,Commercial,44,70,33,3.77,"AI Overview, Reviews, Video, People also ask, Related searches"
magentatv box play,"Informational, Transactional",39,70,17,4.77,"Sitelinks, Reviews, Video, Video carousel, People also ask, Related searches, Popular products"
mobile to smart tv,"Informational, Transactional",48,70,41,0.27,"Sitelinks, Reviews, Video, Video carousel, People also ask, Related searches"
mobilen wlan hotspot,Commercial,46,70,37,0.93,"Reviews, Video, Video carousel, People also ask, Related searches"
nachrichten rtl von gestern,"Navigational, Transactional",30,70,45,0.00,"Video, People also ask, Related searches"
netflix abokosten,"Informational, Transactional",39,70,49,1.21,"AI Overview, Reviews, Video, People also ask, Related searches"
netflix koste,"Informational, Transactional",46,70,50,0.47,"AI Overview, Reviews, Video, People also ask, Related searches"
netflix monatlich kosten,"Informational, Transactional",46,70,48,1.11,"AI Overview, Reviews, Video, People also ask, Related searches"
netflix über magenta anmelden,Transactional,47,70,19,5.02,"AI Overview, Reviews, Video, People also ask, Related searches, Ads middle"
netflix-serien liste,Commercial,32,70,43,0.03,"Sitelinks, Video, People also ask, Related searches"
online deutsche fernsehen,Commercial,38,70,37,0.60,"Reviews, Video, People also ask, Related searches"
online deutsches fernsehen,Commercial,38,70,42,1.56,"Reviews, Video, People also ask, Related searches, Ads top, Ads middle"
online rtl,Transactional,49,70,71,1.54,"Video, People also ask, Top stories, Related searches"
online stream rtl,"Navigational, Transactional",41,70,36,0.97,"Sitelinks, Reviews, Video, People also ask, Related searches"
online tv recorder kostenlos,"Informational, Commercial",48,70,40,0.75,"AI Overview, Reviews, Video, People also ask, Related searches"
premium-abo netflix,"Informational, Transactional",46,70,61,1.77,"AI Overview, Reviews, Video, People also ask, Related searches"
prosieben kostenlos stream,Commercial,42,70,30,0.45,"Reviews, Video, People also ask, Related searches"
prosieben live ohne anmelden,"Navigational, Transactional",36,70,34,0.37,"Reviews, Video, People also ask, Related searches"
receiver für hd empfang,Commercial,38,70,27,0.19,"Video, Video carousel, People also ask, Related searches, Popular products, Ads top, Ads middle"
receiver für internetfernsehen,Commercial,45,70,20,1.75,"Reviews, Video, People also ask, Related searches, Popular products"
receiver für sat schüssel,Commercial,38,70,23,0.12,"Video, People also ask, Related searches, Popular products"
receiver internet fernsehen,Commercial,50,70,18,1.75,"Sitelinks, Reviews, Video, People also ask, Related searches, Popular products"
receiver tv kabel,Commercial,38,70,18,0.39,"Reviews, Video, Video carousel, People also ask, Related searches, Popular products"
receiver ultra hd,Commercial,36,70,13,0.67,"Reviews, Video, People also ask, Related searches, Popular products"
rtl am pc schauen,Commercial,42,70,49,1.10,"Sitelinks, AI Overview, Reviews, Video, People also ask, Related searches, Ads top, Ads bottom"
rtl jetzt schauen,"Navigational, Transactional",49,70,60,0.74,"Sitelinks, Reviews, Video, People also ask, Related searches"
rtl live steam,"Navigational, Transactional",34,70,49,0.63,"Reviews, Video, People also ask, Related searches"
rtl livestrea,"Navigational, Transactional",49,70,49,0.60,"Reviews, Video, People also ask, Related searches"
rtl livestream.de,"Navigational, Transactional",49,70,60,0.96,"Reviews, Video, People also ask"
rtl livestrream,"Navigational, Transactional",49,70,48,0.60,"Reviews, Video, People also ask, Related searches"
rtl m,"Navigational, Transactional",34,70,78,0.55,"Reviews, Video, People also ask, Related searches, Ads top, Ads bottom"
rtl online tv,"Navigational, Transactional",40,70,47,0.86,"Sitelinks, Reviews, Video, People also ask, Related searches"
rtl plus download pc,Commercial,40,70,32,0.36,"AI Overview, Video, People also ask, Related searches, Ads bottom, Ads middle"
rtl stream live free,"Navigational, Transactional",36,70,40,1.25,"Reviews, Video, People also ask, Related searches"
rtl tv kostenlos streamen,Commercial,49,70,44,1.07,"Sitelinks, Video, People also ask, Related searches, Ads bottom"
rtl tv streaming,Transactional,49,70,66,0.97,"Sitelinks, Video, People also ask, Top stories, Related searches"
sat live stream,Commercial,36,70,35,0.51,"Reviews, Video, Related searches, Ads bottom"
sat receiver günstig,Commercial,36,70,16,0.18,"Video carousel, People also ask, Related searches, Popular products"
sat receiver mediathek,Commercial,42,70,21,0.12,"People also ask, Related searches"
sat receiver mit mediathek,Commercial,39,70,18,0.12,"People also ask, Related searches"
sat resiver,Commercial,32,70,23,0.15,"Video, Video carousel, People also ask, Related searches, Popular products"
satelliten hd,Commercial,48,70,,0.94,"AI Overview, Reviews, Video, People also ask, Related searches, Ads bottom, Ads middle"
senderbelegung samsung tv,"Informational, Transactional",46,70,35,1.09,"Sitelinks, Video, Video carousel, People also ask, Related searches"
senderliste o2 tv,Commercial,57,70,22,0.56,"AI Overview, Reviews, Video, People also ask, Related searches, Ads top, Ads bottom"
sky für 2 fernseher,"Navigational, Transactional",42,70,26,2.05,"Reviews, Video, People also ask, Related searches"
sky q box kaufen,Transactional,47,70,,0.53,"Reviews, Image, People also ask, Related searches, Popular products"
sky q mini receiver,"Informational, Transactional",35,70,29,1.13,"Reviews, Video, People also ask, Related searches, Popular products"
smart tv als prämie,Commercial,41,70,15,2.19,"Reviews, Video, Related searches, Ads middle"
smart tv hdmi stick,"Informational, Commercial",47,70,24,0.52,"Sitelinks, Video, People also ask, Related searches, Popular products"
smart tv nachrüsten,"Informational, Commercial",46,70,27,0.53,"Sitelinks, Video, People also ask, Related searches, Popular products"
smart tv wlan fähig,Commercial,44,70,23,0.20,"Reviews, Video, Video carousel, People also ask, Related searches, Popular products"
smarters pro app,"Informational, Commercial",51,70,38,0.42,"AI Overview, Reviews, Video, Video carousel, People also ask, Related searches"
streaming dienste test,Commercial,43,70,41,1.46,"Reviews, Video, People also ask, Related searches"
streaming dienste vergleichen,Commercial,50,70,36,1.60,"Reviews, Video, People also ask, Related searches, Ads middle"
streaming gerät,Commercial,41,70,28,0.63,"Sitelinks, Video, People also ask, Related searches, Popular products, Ads top, Ads middle"
streaming geräte für tv,Commercial,46,70,30,0.85,"Video, Video carousel, People also ask, Related searches"
streaming stick für tv,Commercial,47,70,,0.58,"Sitelinks, Reviews, Video, Video carousel, People also ask, Related searches, Popular products"
streaming stick hdmi,"Informational, Commercial",47,70,26,0.48,"Video, People also ask, Related searches, Popular products"
streaming sticks test,Commercial,47,70,28,0.36,"Sitelinks, Reviews, Video, People also ask, Related searches"
streaming tv stick,Commercial,47,70,28,0.81,"Sitelinks, Reviews, Video, People also ask, Related searches, Popular products, Ads top, Ads middle"
streaming tv vergleich,Commercial,46,70,39,2.11,"Sitelinks, Reviews, Video, People also ask, Related searches, Ads top, Ads middle"
streamingdienste vergleich,Commercial,44,70,36,1.60,"AI Overview, Reviews, Video, People also ask, Related searches"
telekom fernseh stick,"Informational, Transactional",46,70,19,0.43,"Reviews, Video, People also ask, Related searches, Popular products"
telekom glasfaser magenta tv,"Navigational, Transactional",37,70,25,1.70,"Reviews, People also ask, Related searches, Ads top, Ads bottom"
telekom magenta netflix,Transactional,47,70,26,4.58,"Reviews, Video, Short videos, People also ask, Related searches, Ads top, Ads middle"
test streaming dienste,Commercial,44,70,37,0.87,"Reviews, Video, People also ask, Related searches"
tv go telekom,"Informational, Commercial",38,70,50,3.25,"Sitelinks, AI Overview, Reviews, People also ask, Related searches"
tv handy,"Informational, Commercial",38,70,21,0.42,"Video, Video carousel, People also ask, Related searches, Popular products, Ads top, Ads bottom"
tv mit handy,"Informational, Transactional",40,70,32,0.51,"Sitelinks, Reviews, Image, Image pack, Video, Video carousel, People also ask, Related searches, Ads bottom"
tv ohne kabel und satellit,Commercial,45,70,27,1.03,"Reviews, Video, Video carousel, People also ask, Related searches, Popular products, Ads top, Ads bottom"
tv ohne kabelanschluss,Commercial,47,70,21,1.50,"Reviews, Video, Video carousel, People also ask, Related searches, Ads top, Ads bottom"
tv online app,"Informational, Commercial",40,70,56,2.30,"AI Overview, Reviews, Video, People also ask, Related searches"
tv pc,"Informational, Commercial",40,70,20,2.58,"Video, People also ask, Related searches, Popular products"
tv programm magenta,Transactional,39,70,29,2.03,"Reviews, Video, People also ask, Related searches"
tv receiver wlan,Commercial,40,70,23,0.88,"Sitelinks, Video, People also ask, Related searches, Popular products"
tv schauen auf dem laptop,"Informational, Commercial",44,70,15,1.00,"AI Overview, Reviews, Video, People also ask, Related searches, Ads bottom, Ads middle"
tv sender für handy,"Informational, Commercial",48,70,37,0.52,"Featured snippet, Sitelinks, Reviews, Video, People also ask, Related searches, Ads top"
tv streamen anbieter,Commercial,50,70,35,2.47,"Sitelinks, AI Overview, Video, People also ask, Related searches, Ads top, Ads middle"
tv streaming dienste vergleich,Commercial,50,70,33,1.14,"Sitelinks, Video, People also ask, Related searches, Ads top, Ads bottom"
tv top tv,Commercial,36,70,22,0.38,"Reviews, Video, People also ask, Related searches"
uplptv,Commercial,47,70,12,1.45,"People also ask, Related searches"
vergleich streaming dienste musik,Commercial,50,70,29,0.44,"Sitelinks, AI Overview, Reviews, Video, People also ask, Related searches"
webplayer live tv,Commercial,47,70,26,1.58,"Video, People also ask, Related searches"
welcher ist der beste tv stick,Commercial,47,70,27,0.65,"Sitelinks, Reviews, Video, Video carousel, People also ask, Related searches, Popular products"
welches ist der beste streamingdienst,Commercial,50,70,36,1.56,"AI Overview, Reviews, Video, People also ask, Related searches"
wer bietet kabel internet an,"Informational, Commercial",48,70,26,1.89,"AI Overview, Reviews, Video, People also ask, Related searches, Ads top, Ads bottom"
wie kann ich mich bei magenta tv anmelden,"Informational, Transactional",47,70,,4.84,"AI Overview, Video, Video carousel, People also ask, Related searches, Ads bottom"
wifi fernseher,Commercial,42,70,24,0.64,"Video, People also ask, Related searches, Popular products"
wlan herstellen,Commercial,46,70,28,2.25,"AI Overview, Video, Video carousel, People also ask, Related searches, Ads bottom, Ads middle"
wlan receiver tv,Commercial,38,70,23,0.75,"Video, People also ask, Related searches, Popular products"
wlan-hotspot,Commercial,33,70,60,1.22,"Reviews, Video, People also ask, Related searches"
www sky de freischaltung,Transactional,49,70,30,1.00,"Reviews, People also ask, Related searches"
www.telekom.de/magenta-tv/next-magenta-tv,Commercial,48,70,45,2.54,"Reviews, Video, People also ask, Ads top, Ads bottom"
