Keyword,Intent,Relevance,Volume,Keyword Difficulty,CPC (USD),SERP Features
iptv kodi,Commercial,85,210,24,0.00,"AI Overview, Reviews, Video, Video carousel, People also ask"
kodi box,Commercial,82,260,21,0.51,"Sitelinks, Reviews, Video, People also ask"
koditvbox,Commercial,82,140,23,0.00,"AI Overview, Reviews, Image, Video, Video carousel, People also ask, Related searches"
kodi iptv addon,Commercial,82,90,15,0.00,"Sitelinks, Reviews, Video"
kodi kodi download,"Informational, Transactional",67,1300,47,0.00,"Video, People also ask"
kodi add-ons,Commercial,67,170,10,0.27,"Sitelinks, Reviews, Video, People also ask"
streams for kodi,"Informational, Commercial",67,170,37,1.71,"Sitelinks, Reviews, Video, Video carousel, People also ask"
kodi add ons for sports,"Informational, Commercial",67,110,23,0.00,"Sitelinks, Reviews, Video, Video carousel, People also ask"
sport add ons kodi,Commercial,67,110,11,0.00,"Sitelinks, Video, Video carousel, People also ask"
addons iptv kodi,Commercial,67,90,5,0.00,"Sitelinks, Reviews, Video"
beste kodi addon,Commercial,67,90,12,0.00,"Sitelinks, Video"
besten kodi addons,Commercial,67,90,15,0.00,"Sitelinks, Video, People also ask"
kodi adons,Commercial,67,90,11,0.00,"Sitelinks, Reviews, Video, People also ask"
kodi addons 2025,Commercial,67,70,,0.37,"Sitelinks, Video, Video carousel, People also ask"
kodi beste addons,Commercial,67,70,13,0.00,"Sitelinks, Reviews, Video, People also ask"
kodi.tv,"Navigational, Transactional",66,720,65,1.10,"Sitelinks, AI Overview, Reviews, Video, Video carousel"
streaming on kodi,Commercial,65,260,37,1.66,"AI Overview, Reviews, Video, Video carousel, People also ask"
kodi windows download,"Informational, Transactional",63,140,31,0.00,"Reviews, Video, People also ask"
kodi repo,Commercial,62,480,20,0.00,"Sitelinks, Reviews, Video, People also ask"
kodi add ons,Commercial,62,390,12,0.00,"Reviews, Video, People also ask"
kodi twitch,Commercial,62,140,26,0.00,"Reviews, People also ask"
kodi android download,"Informational, Transactional",62,90,41,0.00,"Reviews, People also ask"
kodi repository,Commercial,61,720,44,0.00,"Reviews, Video"
kodi addon,Commercial,61,210,18,0.00,"Sitelinks, Reviews, Video"
kodi tv android tv,"Informational, Transactional",61,110,24,0.00,"Sitelinks, Reviews, Video, People also ask"
kodi repositories,Commercial,61,90,17,0.00,"Reviews, Video"
coding twitch,"Navigational, Transactional",61,70,40,0.00,"Sitelinks, Video, People also ask, Related searches"
installer kodi,"Informational, Transactional",61,70,24,0.00,"Reviews, Video, Video carousel, People also ask"
kodi filme,Commercial,60,170,8,0.00,"AI Overview, Reviews, Video, People also ask"
addons für kodi,Commercial,59,1300,11,0.01,"Sitelinks, Reviews, Video, People also ask"
kodi addons,Commercial,59,1300,22,0.00,"Sitelinks, Reviews"
kodi apps,Commercial,59,210,42,1.72,"Reviews, People also ask"
download kodi on windows,"Informational, Transactional",59,140,44,0.00,"Reviews, Video, People also ask"
kodi repos,Commercial,59,140,20,0.00,"Reviews, Video, People also ask"
add on kodi live tv,Commercial,59,90,11,0.00,"Sitelinks, AI Overview, Reviews, Video, Video carousel, People also ask"
kodi program addons,Commercial,58,1300,33,0.27,"Sitelinks, Reviews, Video, People also ask"
kodi addons deutsch,Commercial,58,590,15,0.65,"Reviews, Video, Video carousel, People also ask"
repo kodi,Commercial,58,390,22,0.00,"Reviews, Image pack, Video, Video carousel, People also ask"
deutsche addons für kodi,Commercial,58,260,14,0.19,"Sitelinks, Reviews, Video, People also ask, Ads bottom"
kodi tv addon,Commercial,58,260,25,0.00,"Sitelinks, Reviews, Video, People also ask"
kodi einrichten,"Informational, Transactional",58,140,17,0.49,"Sitelinks, Reviews, Image pack, Video, Video carousel, People also ask"
x box fernbedienung,"Informational, Transactional",58,140,31,0.09,"Reviews, Image pack, Video, People also ask, Popular products"
kodi build,Commercial,58,110,14,0.01,"Sitelinks, Reviews, Image pack, Video, Video carousel"
kodi fernbedienung,"Informational, Commercial",58,110,22,0.00,"Sitelinks, Image pack, Video, People also ask"
kodi software for firestick,"Informational, Transactional",58,90,34,0.00,"Sitelinks, Video carousel, People also ask"
repos kodi,Commercial,57,590,38,0.00,"AI Overview, Reviews, Video, People also ask"
kodi for movies,Commercial,57,260,50,0.00,"Sitelinks, AI Overview, Reviews, Video, Video carousel, People also ask"
addons kodi,Commercial,57,170,11,0.00,"Reviews, Video"
kodi movies,Commercial,57,90,56,0.00,"Sitelinks, Reviews, Video, People also ask"
kodi tv addons live tv,Commercial,57,90,10,0.00,"Sitelinks, Reviews, Video, Video carousel, People also ask"
kodi tvaddon,Commercial,57,90,8,0.00,"Reviews, Video, Video carousel, People also ask"
linux kodi,"Informational, Transactional",56,140,21,0.00,"Sitelinks, Video, Video carousel, People also ask"
kodi amazon fire,"Informational, Transactional",56,110,11,0.00,"Reviews, Image pack, Video, Video carousel, People also ask"
apps on kodi,Commercial,55,590,42,0.00,"AI Overview, Reviews, Video, People also ask"
git kodi,"Informational, Transactional",55,140,30,0.00,"Sitelinks, Video"
github for kodi,"Navigational, Transactional",55,140,44,0.00,"Sitelinks, AI Overview, Video, People also ask"
fernbedienung kodi,Commercial,55,110,34,0.00,"Sitelinks, Video, Video carousel, People also ask, Knowledge panel, Related searches"
kodi to samsung tv,"Informational, Transactional",55,110,15,0.00,"Sitelinks, Reviews, Video, Video carousel, People also ask"
kodi download android,Transactional,55,90,46,0.00,"Reviews, People also ask"
kodi amazon tv stick,"Informational, Transactional",54,320,7,0.00,"Sitelinks, Reviews, Video, Video carousel, Short videos, People also ask"
movie on kodi,"Informational, Commercial",54,260,43,0.00,"Sitelinks, AI Overview, Reviews, Video, Video carousel, People also ask"
amazon tv stick kodi,"Informational, Transactional",54,170,6,0.00,"Sitelinks, Reviews, Video, Video carousel, Short videos, People also ask"
kodi git,"Informational, Transactional",54,70,29,0.00,People also ask
kodi live tv addon,Commercial,54,70,6,0.00,"Sitelinks, Video, People also ask"
kodi application,"Informational, Transactional",53,480,50,0.00,"Reviews, Video, People also ask"
kodi televizija,"Informational, Transactional",53,260,34,1.30,"Video, Video carousel, People also ask, Knowledge panel"
live tv serbien,Commercial,53,210,15,0.86,"Reviews, Video, Related searches"
skins kodi,Transactional,53,210,27,0.00,"Sitelinks, Image, Video, Video carousel"
beste kodi addons,Commercial,53,140,14,0.00,"Sitelinks, Reviews, Video, People also ask"
adult add on for kodi,Commercial,53,90,26,0.00,"Sitelinks, Video, Video carousel, People also ask"
adult add on kodi,Commercial,53,90,32,0.00,"Sitelinks, People also ask"
media centre kodi,"Informational, Transactional",52,260,22,0.00,"AI Overview, Reviews, Video, Video carousel, People also ask, Knowledge panel"
kodi media center software,"Informational, Transactional",52,210,38,0.00,"Sitelinks, Reviews, Video, Video carousel, People also ask, Knowledge panel"
movie for kodi,"Informational, Commercial",52,210,27,0.00,"Sitelinks, Reviews, Video, People also ask"
kodi sport addon,Commercial,52,140,19,0.00,"Sitelinks, Reviews, Video, People also ask"
github xbmc,"Navigational, Transactional",52,110,27,0.00,"Sitelinks, Related searches"
kodi adult,Commercial,52,110,19,0.00,"Sitelinks, Image pack, Video, Video carousel"
kodi wikipedia,"Navigational, Transactional",52,110,51,0.00,"Sitelinks, AI Overview, Video, People also ask"
adult on kodi,Commercial,52,90,33,0.00,"Sitelinks, People also ask"
xstream kodi,Commercial,51,1300,29,0.00,"AI Overview, Reviews, Image pack, Video, Video carousel, People also ask"
kodi build deutsch,Commercial,51,210,11,0.00,"Sitelinks, Reviews, Video, People also ask"
kodi builds deutsch,Commercial,51,170,10,0.00,"Sitelinks, Reviews, Video, People also ask"
movies on kodi,Commercial,51,140,42,0.00,"Sitelinks, Video, People also ask"
kodi tv srbija,"Informational, Transactional",51,110,26,0.00,"Reviews, Video"
kodi wiki,"Informational, Transactional",51,110,35,0.00,"Sitelinks, Reviews, People also ask"
activation iptv,"Informational, Transactional",51,90,10,0.00,"Reviews, Video, Video carousel, People also ask, Related searches"
cool kodi addons,Commercial,51,90,18,0.00,"Sitelinks, AI Overview, Reviews, Video, Video carousel"
iptv activare,"Informational, Transactional",51,90,19,0.00,"Reviews, Video, Video carousel, Related searches"
kodi addon sport,Commercial,51,90,12,0.00,"Sitelinks, Reviews, Video"
amazon fire tv stick kodi,"Informational, Transactional",50,320,10,0.00,"AI Overview, Reviews, Video, Video carousel, People also ask"
kodi xbmc raspberry pi,"Informational, Transactional",50,260,13,0.00,"Reviews, Video, Video carousel"
kodi for rpi,"Informational, Transactional",50,170,34,0.00,"Sitelinks, Video, People also ask"
kodi movie online,"Informational, Transactional",50,170,40,0.00,"Reviews, Video, Video carousel"
kodi addons adults,Commercial,50,90,15,0.00,Sitelinks
raspberry pi xbmc kodi,"Informational, Transactional",49,210,13,0.00,"AI Overview, Reviews, Video, Video carousel, People also ask"
kodi addons for sport,Commercial,49,110,21,0.00,"Reviews, Video, Video carousel, People also ask"
adult for kodi,Commercial,49,90,33,0.00,"Sitelinks, Video"
kodi best add on,Commercial,49,90,31,0.00,"Sitelinks, Reviews, Video"
top rated kodi addons,Commercial,49,90,36,0.00,"Sitelinks, Reviews, Video, Video carousel"
iptv tv stick,Commercial,48,590,17,0.00,"Sitelinks, Reviews, Video, People also ask, Related searches, Popular products"
iptv box sky,"Informational, Transactional",48,480,32,0.00,"AI Overview, Reviews, Video, Video carousel, People also ask, Related searches"
iptv für vlc player,"Informational, Transactional",48,170,25,0.00,"Sitelinks, Reviews, Video, Video carousel, Related searches"
iptv kaufen deutschland,Commercial,48,170,19,0.00,"Video, Related searches"
m3u player windows 11,Commercial,48,170,23,1.88,"Sitelinks, Reviews, Video, Video carousel, People also ask, Related searches"
best kodi addons,Commercial,48,140,37,0.00,"Sitelinks, Reviews, Video, Video carousel, People also ask"
german iptv anbieter,Commercial,48,110,,0.00,"AI Overview, Related searches"
kodi adult add,Commercial,48,110,30,0.00,Sitelinks
adult addons for kodi,Commercial,48,90,25,0.00,Sitelinks
best kodi plugins,Commercial,48,90,38,0.00,"Sitelinks, Reviews, Video, Video carousel"
kodi adult addons,Commercial,48,90,27,0.00,Sitelinks
recommended kodi addons,Commercial,48,90,37,0.00,"Sitelinks, Reviews, Video, Video carousel, People also ask"
anbieter fernsehen über internet,Commercial,48,70,41,1.82,"AI Overview, Reviews, Video, People also ask, Related searches, Ads top, Ads middle"
deutsche iptv,"Informational, Commercial",48,70,20,0.00,"AI Overview, Video, Related searches"
fernseh über internet anbieter,"Informational, Commercial",48,70,35,1.82,"AI Overview, Reviews, Video, People also ask, Related searches, Ads top, Ads middle"
kodinerds repo,"Navigational, Transactional",47,390,23,0.00,"Sitelinks, People also ask, Related searches"
chrome extension netflix ratings,"Informational, Transactional",47,320,43,0.00,"Sitelinks, Reviews, Video, People also ask, Related searches"
kodi skins,"Informational, Transactional",47,320,30,0.00,"Sitelinks, Image, Image pack, Video, Video carousel"
test tv box,"Informational, Commercial",47,260,31,0.28,"Sitelinks, Reviews, Video, Video carousel, People also ask, Related searches"
welche iptv box ist die beste,Commercial,47,260,21,0.00,"Video, People also ask, Related searches, Popular products"
kodi addons for adults,Commercial,47,110,30,0.00,"Sitelinks, Reviews, People also ask"
adult kodi addons,Commercial,47,90,18,0.00,Sitelinks
beste iptv box android,"Informational, Commercial",47,90,16,0.00,"Video, Video carousel, People also ask, Related searches"
kodi pornhub,Commercial,47,90,22,0.00,"Sitelinks, People also ask"
tv box kaufen,Transactional,47,90,22,1.46,"Video, People also ask, Related searches, Popular products"
aplle tv box,"Navigational, Transactional",47,70,49,0.30,"Sitelinks, Video, People also ask, Related searches, Popular products"
kodi best addons,Commercial,47,70,25,0.00,"Sitelinks, Reviews, Video"
forum iptv,"Informational, Transactional",46,320,10,0.00,People also ask
netflix störungen heute,Transactional,46,320,41,0.00,"Reviews, People also ask, Related searches"
kodi porn,Commercial,46,170,22,0.00,"Sitelinks, People also ask"
xstream fire tv stick,Commercial,46,140,19,0.00,"Sitelinks, AI Overview, Video, Video carousel, People also ask, Related searches"
ip tv app für fire tv stick,"Informational, Commercial",46,110,10,0.00,"Sitelinks, AI Overview, Video, Video carousel, People also ask, Related searches"
netflix fehler -121,"Navigational, Transactional",46,90,38,0.00,"Video, People also ask, Related searches"
ip tv app fire tv,"Informational, Commercial",46,70,27,0.00,"Sitelinks, AI Overview, Video, Video carousel, People also ask, Related searches"
ip tv für fire tv stick,"Informational, Commercial",46,70,11,0.00,"Sitelinks, AI Overview, Video, Video carousel, People also ask, Related searches"
tv-browser,"Informational, Transactional",45,720,25,0.00,"Reviews, People also ask, Knowledge panel, Related searches"
bester iptv anbieter,Commercial,45,480,21,0.00,"Sitelinks, AI Overview, Video, Video carousel, People also ask, Related searches"
githubusercontent iptv,"Navigational, Transactional",45,390,44,0.00,"Video, Video carousel, Related searches"
iptv anbieter forum,Commercial,45,390,11,0.00,"Sitelinks, People also ask, Related searches"
iptv m3u playlist,Commercial,45,320,27,0.00,"AI Overview, Video, Video carousel, People also ask, Related searches"
beste m3u liste kostenlos,Commercial,45,210,26,0.64,"Sitelinks, AI Overview, Reviews, Video, People also ask, Related searches"
iptv 3mu list,Commercial,45,210,35,0.00,"Reviews, Video, People also ask, Related searches"
iptv deutschland anbieter,"Informational, Commercial",45,210,32,0.00,"AI Overview, Video, Short videos, People also ask, Related searches"
iptv link,Commercial,45,210,14,0.00,"Reviews, Video, Video carousel, Related searches"
iptvhafen,"Informational, Transactional",45,210,2,0.00,Related searches
iptv m3u liste,"Informational, Commercial",45,170,15,0.00,"AI Overview, Reviews, Video, Related searches"
iptv service,"Informational, Commercial",45,170,32,0.00,"AI Overview, Reviews, Video, Video carousel, People also ask, Related searches"
m3u4u,Commercial,45,170,14,0.00,"People also ask, Related searches"
amazon fire tv alexa,"Informational, Transactional",45,140,30,0.32,"Video, People also ask, Related searches, Popular products"
amazon video prime tv,Transactional,45,140,63,0.11,"Reviews, Image, Video, People also ask, Related searches, Ads top, Ads bottom"
download tv browser,"Informational, Transactional",45,140,32,0.00,"Reviews, Video, People also ask, Related searches"
free m3u tv playlist,"Informational, Commercial",45,140,41,1.43,"Sitelinks, AI Overview, Reviews, Video, Video carousel, People also ask, Related searches"
iptv-anbieter liste,"Informational, Commercial",45,140,30,0.00,"Sitelinks, AI Overview, Video, People also ask, Related searches"
kodi addons xstream,Commercial,45,140,6,0.00,"Video, Video carousel, People also ask"
onlinetvrecorder login,"Navigational, Transactional",45,140,13,0.00,"Reviews, Video, Related searches"
xstreame,Commercial,45,140,23,1.30,"Reviews, People also ask, Related searches"
beste iptv box,Commercial,45,110,24,0.00,"Video, Video carousel, People also ask, Related searches, Popular products"
besten iptv anbieter,Commercial,45,110,17,0.00,"Sitelinks, AI Overview, Video, Related searches"
iptv anbieter testsieger,"Informational, Commercial",45,110,30,0.00,"AI Overview, Video, People also ask, Related searches"
iptv bester,Commercial,45,110,27,0.00,"AI Overview, Video, People also ask, Related searches"
kodi xtream,Commercial,45,110,30,0.00,"Video, People also ask"
vergleich iptv,Commercial,45,110,37,0.00,"Sitelinks, AI Overview, Reviews, Video, People also ask, Related searches"
xstreamity,Commercial,45,110,8,0.57,"Sitelinks, Reviews, Video, People also ask, Related searches"
amazom video,"Informational, Commercial",45,90,65,0.09,"Reviews, Video, People also ask, Related searches"
amazon fire tv stick neuste generation,"Informational, Transactional",45,90,27,0.54,"Video, People also ask, Related searches, Popular products"
amazon prime video download for pc,"Informational, Transactional",45,90,40,0.00,"Sitelinks, Reviews, Video, People also ask, Related searches"
amazon videoo,Commercial,45,90,71,0.09,"Video, Video carousel, People also ask, Related searches"
iptv anbieter deutsch,"Informational, Commercial",45,90,27,0.00,"AI Overview, Video, Related searches"
iptv box test,Commercial,45,90,17,0.00,"Sitelinks, Reviews, Video, Video carousel, People also ask, Related searches"
kodi amazon prime video,Commercial,45,90,10,0.00,"Sitelinks, Video, People also ask"
kodi xstream repo,Commercial,45,90,25,0.00,"Sitelinks, Reviews, Video, People also ask"
mytv amazon prime,Transactional,45,90,41,0.40,"People also ask, Related searches"
prime video instagram,"Navigational, Transactional",45,90,34,0.00,"Sitelinks, Video, Video carousel, Short videos, People also ask"
windows app amazon prime,Commercial,45,90,42,0.00,"AI Overview, Reviews, Video, People also ask, Related searches"
xstream kodi installieren,Commercial,45,90,11,0.00,"AI Overview, Video, Video carousel, People also ask"
amazon prime videos downloader,Commercial,45,70,38,0.00,"Sitelinks, AI Overview, Reviews, Video, People also ask, Related searches"
iptvkaufen,Transactional,44,1300,21,0.99,"Image pack, Video, Related searches, Ads top, Ads bottom"
iptv receiver,"Informational, Commercial",44,880,16,0.00,"Sitelinks, Video, People also ask, Related searches, Popular products"
amazon 4k fire sticks,"Informational, Transactional",44,720,38,0.35,"Reviews, Video, People also ask, Related searches, Popular products"
anbieteriptv,Commercial,44,480,30,0.00,"AI Overview, Video, Related searches"
iptv-anbieter vergleich,Commercial,44,320,38,0.00,"Sitelinks, AI Overview, Video, People also ask, Related searches"
box android iptv,"Informational, Commercial",44,260,16,0.00,"Reviews, Video, People also ask, Related searches, Popular products"
beste iptv anbieter forum,Commercial,44,170,10,0.00,"Sitelinks, Reviews, People also ask, Related searches"
amazon kindle fire tv,"Informational, Transactional",44,140,32,0.70,"People also ask, Related searches, Popular products"
bridge v+,"Informational, Transactional",44,140,39,0.00,"Reviews, People also ask, Knowledge panel"
best tv stick 2025,Commercial,44,110,65,0.45,"Sitelinks, Reviews, Video, Video carousel, People also ask, Related searches, Popular products, Ads bottom"
best tv sticks 2025,Commercial,44,110,,0.57,"Sitelinks, Reviews, Video, Video carousel, People also ask, Related searches, Popular products"
medithekviewweb,Commercial,44,110,24,0.80,"AI Overview, Reviews, Image, Video, Related searches"
sky tv epg,"Informational, Transactional",44,110,27,0.00,"AI Overview, Video, Video carousel, People also ask, Related searches"
adult addons kodi,Commercial,44,90,16,0.00,Sitelinks
beste stream box,Commercial,44,90,22,0.67,"Sitelinks, Reviews, Video, Video carousel, People also ask, Related searches, Popular products"
beste streaming boxen,Commercial,44,90,23,0.67,"Sitelinks, Reviews, Video, Video carousel, People also ask, Related searches"
fire tv stick 4k 1. generation,Commercial,44,90,22,0.00,"Video, People also ask, Related searches, Popular products"
ip tv kodu,"Informational, Transactional",44,90,44,0.00,"Reviews, Video, Video carousel, People also ask, Related searches"
mediatheken view web,Commercial,44,90,45,0.00,"Video, People also ask, Related searches"
tvbrowser download,"Informational, Transactional",44,90,35,0.24,"Reviews, People also ask, Related searches"
welcher amazon fire tv stick ist der beste,Commercial,44,90,28,0.38,"Sitelinks, AI Overview, Reviews, Video, People also ask, Related searches"
beste streaming box 2025,Commercial,44,70,30,0.00,"Sitelinks, Reviews, Video, People also ask, Related searches"
https mediathekviewweb de,Commercial,44,70,55,0.00,"Video, People also ask, Related searches"
welcher ist der beste fire tv stick,"Informational, Commercial",44,70,37,0.32,"Featured snippet, Sitelinks, Reviews, Video, Video carousel, People also ask, Related searches"
iptv deutschland,"Informational, Commercial",43,1900,36,1.35,"AI Overview, Video, People also ask, Related searches"
best streaming services,Commercial,43,1600,74,2.34,"Sitelinks, AI Overview, Reviews, Video, Video carousel, People also ask, Related searches"
onlinetvrecorder,"Informational, Transactional",43,1600,18,1.31,"Reviews, Video, People also ask, Related searches"
tv on a stick,Commercial,43,1300,29,1.37,"Reviews, Video, Video carousel, People also ask, Related searches"
flixy tv stick mediamarkt,Transactional,43,480,36,0.45,"Sitelinks, Reviews, Video, People also ask, Related searches"
iptv provider,"Informational, Commercial",43,480,34,0.00,"Sitelinks, AI Overview, Video, Video carousel, People also ask, Related searches"
k lite codec,Commercial,43,480,44,0.00,"AI Overview, Reviews, Video, People also ask, Related searches"
telly stick,"Informational, Commercial",43,480,26,0.00,"Reviews, Video, People also ask, Related searches"
bestes iptv,Commercial,43,390,32,0.00,"AI Overview, Video, People also ask, Related searches"
iptv anbieter alle sender,Commercial,43,390,19,0.00,"AI Overview, Video, People also ask, Related searches"
beste iptv anbieter,Commercial,43,320,25,0.00,"Sitelinks, AI Overview, Image, Video, Video carousel, People also ask, Related searches"
beste iptv anbieter illegal,"Informational, Commercial",43,320,29,0.00,"Sitelinks, AI Overview, Video, People also ask, Related searches"
beste iptv-anbieter illegal,Commercial,43,320,26,0.00,"AI Overview, Reviews, Video, People also ask, Related searches"
m3u listen,Commercial,43,320,29,0.82,"Reviews, Video, People also ask, Related searches"
sky q sky,Commercial,43,320,22,2.08,"AI Overview, Video, People also ask, Related searches, Ads top, Ads bottom"
skyq receiver,"Informational, Transactional",43,320,23,2.12,"Reviews, Video, Video carousel, People also ask, Related searches, Popular products"
fernseh sticks,Commercial,43,260,33,1.60,"Sitelinks, Video, Video carousel, People also ask, Related searches, Popular products"
musik-streaming-dienste vergleich 2025,Commercial,43,260,34,0.00,"Sitelinks, Reviews, Video, People also ask, Related searches"
tv stick im vergleich,Commercial,43,260,27,0.66,"Sitelinks, Video, Video carousel, People also ask, Related searches, Ads top, Ads bottom"
tv streaming box,Commercial,43,260,35,1.61,"Sitelinks, Reviews, Video, Video carousel, People also ask, Knowledge panel, Related searches"
xbmc kodi raspberry,"Informational, Transactional",43,260,10,0.00,"Video, Video carousel"
youtube key finder,Commercial,43,260,22,0.00,"Reviews, Video, Related searches"
airtel xstream stick,"Informational, Transactional",43,210,34,0.00,"Reviews, Image pack, Video, Video carousel, People also ask, Related searches"
bester iptv anbieter illegal,Commercial,43,210,27,0.00,"AI Overview, Reviews, Video, People also ask, Related searches"
bester iptv-anbieter illegal,Commercial,43,210,29,0.00,"AI Overview, Reviews, Video, People also ask, Related searches"
internet browser for google tv,Commercial,43,210,28,0.00,"AI Overview, Reviews, Video, Video carousel, People also ask, Related searches, Ads middle"
iptv services,"Informational, Commercial",43,210,26,0.00,"Sitelinks, Video, Video carousel, People also ask, Related searches"
k media player download,Commercial,43,210,49,0.10,"Reviews, Video, Related searches"
playlist mu3,"Informational, Commercial",43,210,30,0.82,"Reviews, Video, People also ask, Related searches"
xstream installieren,"Informational, Transactional",43,210,24,0.00,"Sitelinks, Video, People also ask, Related searches"
fire stick upgrades,"Informational, Transactional",43,170,20,0.00,"Video, Video carousel, Short videos, People also ask, Related searches, Popular products"
flixi tv stick kaufen,"Informational, Transactional",43,170,24,0.56,"Sitelinks, Reviews, Video, Video carousel, People also ask, Related searches, Popular products"
flixy tv stick kaufen,Transactional,43,170,15,0.68,"Sitelinks, Video, People also ask, Related searches, Popular products"
ml tv stick,"Informational, Transactional",43,170,30,0.39,"Reviews, Video, Video carousel, People also ask, Knowledge panel, Related searches, Ads middle"
top 10 streaming dienste,"Informational, Commercial",43,170,39,1.08,"AI Overview, Video, People also ask, Related searches"
firestick vpns,"Informational, Commercial",43,140,46,2.60,"Sitelinks, AI Overview, Video, Video carousel, People also ask, Related searches, Ads bottom, Ads middle"
flixy tv stick amazon,"Navigational, Transactional",43,140,34,0.64,"Video, People also ask, Related searches, Popular products"
k-lite codec pack lite,Commercial,43,140,47,0.00,"People also ask, Related searches"
codec k lite mega pack,"Informational, Transactional",43,110,42,0.00,"Reviews, Related searches"
hdmi hue,"Informational, Transactional",43,110,43,0.00,"Sitelinks, Reviews, Image pack, Video, Video carousel, People also ask, Related searches"
ip television pc,"Informational, Commercial",43,110,36,0.00,"Featured snippet, Reviews, Video, People also ask, Related searches, Ads middle"
iptv günstig,"Informational, Commercial",43,110,39,0.00,"Video, People also ask, Related searches"
k codec pack full,"Informational, Transactional",43,110,43,0.00,"Reviews, Video, Related searches"
k-lite codec pack download,"Informational, Commercial",43,110,47,0.07,"AI Overview, Reviews, Video, People also ask, Related searches"
top 10 streaming dienste kosten,"Informational, Commercial",43,110,37,1.10,"Sitelinks, AI Overview, Reviews, Video, People also ask, Related searches"
amazon stick iptv,"Informational, Transactional",43,90,31,0.00,"Sitelinks, People also ask, Related searches"
beste streaming angebote,Commercial,43,90,38,1.31,"AI Overview, Reviews, Video, People also ask, Related searches"
bester streaming dienst tv,Commercial,43,90,37,1.77,"Sitelinks, AI Overview, Reviews, Video, People also ask, Related searches"
flex tv stick,"Informational, Transactional",43,90,26,0.60,"Reviews, Video, Video carousel, People also ask, Related searches, Popular products, Ads bottom"
flixy tv stick bewertung,Commercial,43,90,14,0.13,"Sitelinks, AI Overview, Reviews, Video, People also ask, Related searches"
free mu3 playlist,"Informational, Transactional",43,90,50,0.94,"Reviews, Video, Video carousel, People also ask"
fritz box iptv,"Informational, Transactional",43,90,23,0.00,"Video, People also ask, Related searches, Popular products"
illegale streaming-seiten serien,"Informational, Commercial",43,90,18,0.00,"Sitelinks, Reviews, Video, Related searches"
iptv stick amazon,"Informational, Transactional",43,90,31,0.00,"Sitelinks, Video, People also ask, Related searches, Popular products"
k-lite mega pack,"Informational, Commercial",43,90,47,0.00,"Reviews, Video, People also ask, Related searches"
mega codec pack k-lite,Commercial,43,90,44,0.00,"Video, Related searches"
moxi player tv stick,"Informational, Commercial",43,90,,0.00,"Sitelinks, Reviews, Video, People also ask, Related searches, Popular products"
musik streaming dienste im test,Commercial,43,90,27,0.66,"Sitelinks, Reviews, Video, Short videos, People also ask, Related searches"
netflix amazonas,Transactional,43,90,34,0.00,"AI Overview, Image, Image pack, Video, People also ask"
netflix and prime,Commercial,43,90,20,1.92,"Sitelinks, Reviews, Video, People also ask, Related searches"
netflix sticks,Commercial,43,90,30,0.35,"Reviews, Video, People also ask, Related searches"
netflix vs amazon prime,"Informational, Commercial",43,90,19,0.00,"Sitelinks, AI Overview, Reviews, Video, Video carousel, People also ask, Related searches"
serie illegal streamen,"Informational, Commercial",43,90,46,0.00,"Sitelinks, Reviews, Video, People also ask, Related searches"
sky q receiver bestellen,"Informational, Transactional",43,90,29,1.92,"AI Overview, Reviews, People also ask, Related searches"
streamanbieter,Commercial,43,90,45,7.65,"AI Overview, Reviews, Video, People also ask, Related searches, Ads middle"
streaming dienst vergleich,Commercial,43,90,37,1.60,"Reviews, Video, Video carousel, People also ask, Related searches"
streaming geraete,"Informational, Commercial",43,90,16,0.94,"Reviews, Video, Video carousel, People also ask, Related searches, Popular products"
streaming-dienste vergleich,Commercial,43,90,35,1.33,"AI Overview, Reviews, Video, People also ask, Related searches"
test tv sticks,Commercial,43,90,27,0.50,"Sitelinks, Video, Video carousel, People also ask, Related searches"
tv stick best,Commercial,43,90,29,0.59,"Sitelinks, Reviews, Video, Video carousel, People also ask, Related searches, Popular products, Ads middle"
tv sticks für fernseher,"Informational, Commercial",43,90,27,1.18,"Sitelinks, Reviews, Video, Video carousel, People also ask, Related searches, Popular products"
tv sticks test,Commercial,43,90,28,0.76,"Sitelinks, Video, Video carousel, People also ask, Related searches, Ads bottom"
was ist der beste musik streaming dienst,Commercial,43,90,19,0.71,"Sitelinks, AI Overview, Reviews, Video, People also ask, Related searches, Ads bottom"
youtube auf fernseher anmelden,Transactional,43,90,36,0.00,"AI Overview, Video, Video carousel, People also ask, Related searches, Ads middle"
android tv sticks,"Informational, Commercial",43,70,35,0.45,"Sitelinks, Video, Video carousel, People also ask, Related searches, Popular products"
beste streaming dienst,Commercial,43,70,35,1.89,"AI Overview, Reviews, Video, People also ask, Related searches"
beste streaming-dienste,Commercial,43,70,40,1.71,"Sitelinks, AI Overview, Reviews, Video, People also ask, Related searches, Ads bottom"
die besten tv sticks,Commercial,43,70,26,0.54,"Sitelinks, Reviews, Video, Video carousel, People also ask, Related searches, Popular products, Ads bottom"
k lite codec pack win 10,Commercial,43,70,42,0.06,"Reviews, Video, Video carousel, Related searches"
k lite codec pack windows 10,Commercial,43,70,46,0.10,"Reviews, Video, People also ask, Related searches"
k lite mega codec pack windows 10,Commercial,43,70,43,0.06,"Reviews, Video, People also ask, Related searches"
sky q box kaufen,Transactional,43,70,,0.53,"Reviews, Image, People also ask, Related searches, Popular products"
smart tv hdmi stick,"Informational, Commercial",43,70,24,0.52,"Sitelinks, Video, People also ask, Related searches, Popular products"
streaming dienste vergleichen,Commercial,43,70,36,1.60,"Reviews, Video, People also ask, Related searches, Ads middle"
streaming stick für tv,Commercial,43,70,,0.58,"Sitelinks, Reviews, Video, Video carousel, People also ask, Related searches, Popular products"
streaming stick hdmi,"Informational, Commercial",43,70,26,0.48,"Video, People also ask, Related searches, Popular products"
streaming sticks test,Commercial,43,70,28,0.36,"Sitelinks, Reviews, Video, People also ask, Related searches"
streaming tv stick,Commercial,43,70,28,0.81,"Sitelinks, Reviews, Video, People also ask, Related searches, Popular products, Ads top, Ads middle"
tv streamen anbieter,Commercial,43,70,35,2.47,"Sitelinks, AI Overview, Video, People also ask, Related searches, Ads top, Ads middle"
tv streaming dienste vergleich,Commercial,43,70,33,1.14,"Sitelinks, Video, People also ask, Related searches, Ads top, Ads bottom"
vergleich streaming dienste musik,Commercial,43,70,29,0.44,"Sitelinks, AI Overview, Reviews, Video, People also ask, Related searches"
welcher ist der beste tv stick,Commercial,43,70,27,0.65,"Sitelinks, Reviews, Video, Video carousel, People also ask, Related searches, Popular products"
welches ist der beste streamingdienst,Commercial,43,70,36,1.56,"AI Overview, Reviews, Video, People also ask, Related searches"
wieviel gb braucht man zum streamen,"Informational, Commercial",43,70,14,0.90,"AI Overview, Video, People also ask, Related searches, Ads bottom, Ads middle"
tv for android box,Commercial,42,1900,43,0.34,"Video, People also ask, Related searches, Popular products"
german iptv,Commercial,42,1600,19,0.87,"Video, People also ask, Related searches"
iptv alle sender,"Informational, Commercial",42,1000,17,0.00,"AI Overview, Reviews, Video, People also ask, Related searches"
t v online,Commercial,42,1000,73,1.52,"Reviews, Video, People also ask, Related searches, Ads bottom"
television online,Commercial,42,1000,76,1.52,"Reviews, Video, People also ask, Related searches"
iptv anbieter vergleich,Commercial,42,590,41,0.00,"AI Overview, Video, People also ask, Related searches"
tv for roku,"Informational, Transactional",42,480,34,0.54,"Video, People also ask, Related searches, Popular products"
iptv premium,"Informational, Commercial",42,390,15,0.00,"AI Overview, Reviews, Video, Video carousel, People also ask, Related searches"
rtl programm jetzt live,"Navigational, Transactional",42,390,75,0.54,"Sitelinks, Video, People also ask, Related searches, Ads bottom"
rtlive,"Informational, Transactional",42,390,26,1.92,"Video, People also ask"
codecguide k-lite,"Informational, Transactional",42,320,55,0.00,"Reviews, Video, People also ask, Related searches"
online 1 tv,Commercial,42,320,57,0.00,Related searches
rtl up kostenlos live,Transactional,42,320,32,0.69,"Reviews, Video, People also ask, Related searches"
tv box alle sender kostenlos,Commercial,42,320,41,0.73,"Reviews, Video, People also ask, Related searches, Popular products"
tv with android tv,"Informational, Transactional",42,320,31,0.37,"Video, Video carousel, People also ask, Knowledge panel, Related searches, Popular products"
iptv anbieter deutschland,"Informational, Commercial",42,260,30,0.00,"AI Overview, Video, People also ask, Related searches"
roku televisions,"Informational, Transactional",42,260,43,0.80,"Video, People also ask, Related searches, Popular products, Shopping ads"
rtl livesrream,"Navigational, Transactional",42,260,61,0.60,"Reviews, Video, People also ask, Related searches, Ads middle"
rtl livestream tv,"Navigational, Transactional",42,260,50,0.98,"Reviews, Video, People also ask, Related searches"
bester android tv box,Commercial,42,210,23,0.27,"Sitelinks, Reviews, Video, Video carousel, People also ask, Related searches, Popular products"
germaniptv,Commercial,42,210,17,0.88,"Video, People also ask, Related searches"
kaufen iptv,Commercial,42,210,30,0.00,"Video, People also ask, Related searches, Popular products"
omni tv,Commercial,42,210,27,1.09,"Reviews, Video carousel, People also ask, Related searches"
receiver für sky kabel,"Informational, Transactional",42,170,30,2.10,"Reviews, Video carousel, People also ask, Related searches, Popular products"
roku tv television,"Informational, Transactional",42,170,29,0.80,"Video, People also ask, Related searches, Popular products"
rtl live youtube,"Navigational, Transactional",42,170,,0.00,"Video, Video carousel, People also ask, Related searches"
rtl television live heute,"Informational, Transactional",42,170,68,0.40,"Video, People also ask, Related searches"
sky q iptv box kaufen,Transactional,42,170,27,0.00,"Reviews, Video, People also ask, Related searches, Popular products"
iptv online kaufen,Commercial,42,140,22,0.00,"Video, People also ask, Related searches, Popular products"
iptv vergleich,Commercial,42,140,37,0.00,"AI Overview, Reviews, Video, People also ask, Related searches"
m3u list,Commercial,42,140,25,0.61,"Reviews, Video, Video carousel, People also ask, Related searches"
rtl livestream kostenlos und ohne anmeldung,"Navigational, Transactional",42,140,42,0.00,"Sitelinks, Video, People also ask, Related searches"
televizoriai android,Commercial,42,140,13,0.26,"AI Overview, Video, People also ask, Related searches"
amazon firestick 4k max,Commercial,42,110,30,0.42,"Reviews, Image, Video, People also ask, Related searches"
bubble rtl kostenlos,"Navigational, Transactional",42,110,43,0.00,"Sitelinks, Related searches"
free-tv rtl,"Navigational, Transactional",42,110,74,0.65,"Reviews, Video, People also ask, Related searches, Ads bottom"
netflix mitgliedschaft verwalten,Transactional,42,110,57,0.00,"Video, People also ask, Related searches"
onlime tv,Commercial,42,110,48,1.85,"AI Overview, Reviews, Video, People also ask, Related searches"
rtl gucken live,Transactional,42,110,45,0.94,"Sitelinks, Reviews, Video, People also ask, Related searches"
rtl live free-tv,"Navigational, Transactional",42,110,52,0.93,"Sitelinks, Reviews, Video, People also ask, Related searches"
rtl ohne anmelden,Transactional,42,110,47,1.27,"Reviews, Video, People also ask, Related searches"
rtl plus kostenlos live stream,"Navigational, Transactional",42,110,,0.56,"Reviews, Video, People also ask, Related searches"
smart tv box alle sender kostenlos,"Informational, Commercial",42,110,34,0.00,"Reviews, Video, Video carousel, People also ask, Related searches"
fernsehen auf rtl,Commercial,42,90,57,0.49,"Video, People also ask, Top stories, Related searches"
fernseher ohne kabelanschluss,Commercial,42,90,25,1.23,"Reviews, Image, Video, People also ask, Related searches, Popular products, Ads bottom"
freetv rtl,"Navigational, Transactional",42,90,55,0.72,"Sitelinks, Video, People also ask, Top stories, Related searches"
fritzbox 6690 cable vodafone kaufen,Transactional,42,90,26,0.93,"Reviews, Video, People also ask, Related searches, Popular products, Ads top, Ads middle"
lcd hd tv,"Informational, Commercial",42,90,17,0.00,"Reviews, Video, People also ask, Related searches, Popular products"
lcd tv hd,"Informational, Commercial",42,90,23,0.00,"Video, People also ask, Related searches, Popular products"
live programm rtl,"Informational, Transactional",42,90,34,0.55,"Video, People also ask, Related searches"
livestream fernsehen rtl,"Navigational, Transactional",42,90,52,0.56,"Reviews, Video, People also ask, Related searches, Ads bottom"
magenta tv stick alternative,Commercial,42,90,21,0.27,"Sitelinks, Reviews, Video, People also ask, Related searches"
online tv schauen kostenlos ohne anmeldung rtl,Transactional,42,90,30,0.00,"AI Overview, Reviews, Video, People also ask, Related searches"
programm rtl live,"Informational, Transactional",42,90,,0.55,"Video, People also ask, Related searches, Ads bottom"
rtl kostenlos ohne anmeldung live,Transactional,42,90,39,0.00,"AI Overview, Reviews, Video, People also ask, Related searches"
rtl live now,"Navigational, Transactional",42,90,67,0.26,"Reviews, Video, People also ask, Related searches"
rtl live sender,"Navigational, Transactional",42,90,69,0.70,"Sitelinks, Reviews, Video, People also ask, Related searches"
rtl online live,"Navigational, Transactional",42,90,53,1.00,"Video, People also ask, Top stories, Related searches"
rtl plus fernsehprogramm heute,Commercial,42,90,44,0.33,"People also ask, Related searches"
rtl plus live programm heute,"Navigational, Transactional",42,90,85,0.15,"Sitelinks, People also ask, Related searches"
rtl sender live,"Navigational, Transactional",42,90,67,0.70,"Sitelinks, Reviews, Video, People also ask, Related searches"
rtl tv live heute,"Navigational, Transactional",42,90,51,0.36,"Reviews, Video, People also ask, Related searches"
super rtl livestream kostenlos,Commercial,42,90,39,0.00,"Video, People also ask, Related searches"
tv box 4k,"Informational, Transactional",42,90,29,0.74,"Reviews, Video, Video carousel, People also ask, Related searches, Popular products"
tv lcd hd,"Informational, Commercial",42,90,25,0.00,"Reviews, Video, People also ask, Related searches, Popular products"
tv schauen ohne kabel,Commercial,42,90,24,2.30,"Sitelinks, Reviews, Video, Video carousel, People also ask, Related searches, Popular products, Ads top, Ads middle"
twitch streamkey,"Informational, Transactional",42,90,30,0.07,"Video, Video carousel, People also ask, Related searches"
usb stick smart tv,Commercial,42,90,22,0.45,"Video, Video carousel, People also ask, Related searches, Popular products, Ads bottom"
vodafone neue frequenzen,"Informational, Transactional",42,90,37,0.00,"Reviews, People also ask, Related searches"
best android tv,Commercial,42,70,42,0.26,"Sitelinks, Reviews, Video, Video carousel, People also ask, Related searches, Popular products"
fernseh live rtl,"Navigational, Transactional",42,70,59,0.65,"Reviews, Video, People also ask, Related searches"
fernsehn ohne kabel,Commercial,42,70,24,1.20,"Sitelinks, Reviews, Video, People also ask, Related searches, Popular products, Ads top, Ads bottom"
iptv android tv box,"Informational, Commercial",42,70,22,0.00,"Reviews, Video, Video carousel, People also ask, Related searches, Popular products"
live stream fernsehen rtl,Transactional,42,70,46,0.56,"Reviews, Video, People also ask, Related searches"
online rtl,Transactional,42,70,71,1.54,"Video, People also ask, Top stories, Related searches"
online tv recorder kostenlos,"Informational, Commercial",42,70,40,0.75,"AI Overview, Reviews, Video, People also ask, Related searches"
rtl jetzt schauen,"Navigational, Transactional",42,70,60,0.74,"Sitelinks, Reviews, Video, People also ask, Related searches"
rtl livestrea,"Navigational, Transactional",42,70,49,0.60,"Reviews, Video, People also ask, Related searches"
rtl livestream.de,"Navigational, Transactional",42,70,60,0.96,"Reviews, Video, People also ask"
rtl livestrream,"Navigational, Transactional",42,70,48,0.60,"Reviews, Video, People also ask, Related searches"
rtl tv kostenlos streamen,Commercial,42,70,44,1.07,"Sitelinks, Video, People also ask, Related searches, Ads bottom"
rtl tv streaming,Transactional,42,70,66,0.97,"Sitelinks, Video, People also ask, Top stories, Related searches"
televizor lcd,"Informational, Transactional",42,70,25,0.24,"Reviews, Image pack, Video, People also ask, Related searches, Popular products"
tv android download,Transactional,42,70,,0.97,"Reviews, Video, Related searches"
tv onlien,Commercial,42,70,70,1.52,"Reviews, Video, People also ask, Related searches, Ads bottom"
mediathekview,"Informational, Transactional",41,8100,57,0.00,"Reviews, Image, Video, People also ask, Knowledge panel, Related searches"
mediathek view,"Informational, Transactional",41,2900,59,0.00,"Reviews, Image, Video, People also ask, Knowledge panel, Related searches"
fritzbox für kabel,Commercial,41,1300,19,0.77,"Reviews, Video, People also ask, Related searches, Popular products"
iptv deutsch,"Informational, Commercial",41,590,30,0.00,"AI Overview, Video, Related searches"
pack codec k lite,Commercial,41,480,43,0.00,"Reviews, Video, Related searches"
hue sync box 8k,Commercial,41,390,32,0.52,"Reviews, Image pack, Video, Video carousel, People also ask, Related searches, Ads top"
roku streaming stick,Transactional,41,320,30,0.19,"Reviews, Video, People also ask, Related searches, Popular products"
tv-box,Commercial,41,320,30,2.10,"Reviews, Video, People also ask, Related searches, Popular products"
alternative zu chromecast,Commercial,41,260,17,0.47,"Sitelinks, AI Overview, Reviews, Video, Video carousel, People also ask, Related searches, Ads middle"
android tv stick 4k,"Informational, Commercial",41,260,26,0.38,"Sitelinks, Reviews, Image pack, Video, Video carousel, People also ask, Related searches, Popular products"
apple tv alternative,Commercial,41,260,18,0.41,"AI Overview, Video, Video carousel, People also ask, Related searches"
codec lite pack,Commercial,41,260,41,0.00,"Reviews, Video, Video carousel, Related searches"
lcd television,Commercial,41,260,26,0.24,"Reviews, Image pack, Video, Video carousel, People also ask, Related searches, Popular products"
amazon prime tv box,"Navigational, Transactional",41,210,32,0.69,"People also ask, Related searches, Popular products"
netflix tv stick,Transactional,41,210,41,0.39,"Sitelinks, Reviews, Video, People also ask, Related searches, Popular products"
bester iptv anbieter deutschland,Commercial,41,170,19,0.00,"Sitelinks, AI Overview, Video, Short videos, People also ask, Related searches"
firestick 4k max,Commercial,41,170,24,0.33,"Reviews, Video, Video carousel, People also ask, Related searches, Popular products"
geräte zum streamen,Commercial,41,170,23,0.63,"Video, People also ask, Related searches, Popular products"
twitch tv stream key,"Informational, Transactional",41,170,24,0.08,"Video, Video carousel, People also ask, Related searches"
4k android tv stick,"Informational, Commercial",41,140,23,0.38,"Sitelinks, Reviews, Video, Video carousel, People also ask, Related searches, Popular products"
fritzbox kabel internet,"Informational, Transactional",41,140,36,1.14,"Sitelinks, Reviews, Video, Video carousel, People also ask, Related searches, Popular products, Ads bottom"
android tv box 4k,Commercial,41,110,22,0.33,"Video, Video carousel, People also ask, Related searches, Popular products"
fire tv 4k amazon,"Informational, Transactional",41,110,30,0.66,"Reviews, People also ask, Related searches, Popular products, Ads middle"
ip tv anbieter vergleich,Commercial,41,110,37,0.00,"Video, People also ask, Related searches"
iptv abo kaufen,Commercial,41,110,10,0.00,"Video, Related searches"
amazon fire tv stick on laptop,"Informational, Transactional",41,90,17,0.00,"AI Overview, Reviews, Video, Video carousel, People also ask, Related searches"
hdtv stream,Commercial,41,90,59,1.75,"AI Overview, Reviews, Video, People also ask, Related searches"
box tv amazon,"Informational, Transactional",41,70,33,0.53,"People also ask, Related searches, Popular products"
chromecast amazon fire stick,Commercial,41,70,28,0.35,"Sitelinks, Reviews, Video, People also ask, Related searches, Popular products"
fire tv omni,Commercial,41,70,23,0.00,"Reviews, Image, People also ask, Related searches, Popular products"
media player codecs pack,Commercial,41,70,42,0.16,"Reviews, Video, People also ask, Related searches"
smart tv nachrüsten,"Informational, Commercial",41,70,27,0.53,"Sitelinks, Video, People also ask, Related searches, Popular products"
iptv german,Commercial,40,2400,37,1.10,"AI Overview, People also ask, Related searches"
iptv germany,Commercial,40,1900,25,1.44,"AI Overview, Video, People also ask, Related searches"
tv online kostenlos,Commercial,40,1900,50,1.07,"Reviews, Video, People also ask, Related searches"
germany iptv,Commercial,40,1300,21,0.87,"AI Overview, Video, Video carousel, Related searches"
kabel router fritzbox,Commercial,40,1300,28,0.91,"Reviews, Video, People also ask, Related searches"
kabelrouter fritzbox,"Informational, Commercial",40,1300,31,0.83,"Reviews, Video, People also ask, Related searches, Popular products"
waipu tv alternative,"Informational, Commercial",40,1300,28,0.57,"Sitelinks, AI Overview, Reviews, Video, People also ask, Related searches"
anbieter internet tv,"Informational, Commercial",40,1000,40,2.33,"Sitelinks, AI Overview, Reviews, Video, People also ask, Related searches"
roku tv stick,"Informational, Transactional",40,1000,25,0.33,"Reviews, Video, People also ask, Related searches, Popular products"
online kostenlos fernsehen,Commercial,40,880,54,0.81,"Reviews, Video, People also ask, Related searches"
tv boxen,Commercial,40,720,34,2.10,"Reviews, Image pack, Video, Video carousel, People also ask, Related searches, Popular products, Ads middle"
deutsch iptv,Commercial,40,590,10,0.00,"AI Overview, Video, Related searches"
ip tv kaufen,Commercial,40,590,30,1.33,"Video, People also ask, Related searches"
livestreamtv,Commercial,40,590,69,0.74,"AI Overview, Reviews, Video, Related searches"
stick android tv,Commercial,40,590,25,0.50,"Sitelinks, Video, Video carousel, People also ask, Related searches, Popular products"
fire tv stick alternativen,"Informational, Commercial",40,480,19,0.48,"Sitelinks, AI Overview, Reviews, Video, People also ask, Related searches"
iptv line kaufen,Commercial,40,480,6,0.00,"Video, People also ask, Popular products"
iptvgermany,Commercial,40,480,10,0.88,"Video, Related searches, Ads middle"
waipu tv alternativen,Commercial,40,480,21,0.61,"Sitelinks, AI Overview, Reviews, Video, People also ask, Related searches"
beste android tv box,Commercial,40,390,24,0.27,"Sitelinks, Reviews, Video, Video carousel, People also ask, Related searches"
beste streaming box,Commercial,40,390,19,0.67,"Reviews, Video, People also ask, Related searches, Popular products"
kostenlos internet tv,"Informational, Commercial",40,390,52,0.64,"Reviews, Video, People also ask, Related searches"
best tv box for android,Commercial,40,320,36,0.18,"Sitelinks, Video, Video carousel, People also ask, Related searches, Popular products"
internet tv anbieter vergleich,Commercial,40,320,40,1.58,"Sitelinks, AI Overview, Reviews, Video, People also ask, Related searches, Ads top, Ads bottom"
mediaview,"Informational, Transactional",40,320,58,0.00,"Reviews, Image, Video, People also ask, Knowledge panel, Related searches"
stick tv android,Commercial,40,320,24,0.50,"Sitelinks, Reviews, Video, Video carousel, People also ask, Related searches, Popular products"
cody amazon fire stick,"Informational, Transactional",40,260,11,0.00,"Reviews, Video, Video carousel, Related searches"
tv roku stick,"Informational, Transactional",40,260,30,0.33,"Reviews, Video, People also ask, Related searches, Popular products"
alternative zu waipu tv,"Informational, Commercial",40,210,28,0.66,"Sitelinks, AI Overview, Reviews, Video, People also ask, Related searches"
beste iptv app für fire stick,Commercial,40,210,7,0.00,"Sitelinks, AI Overview, Video, Video carousel, People also ask, Related searches"
beste tv box,Commercial,40,210,28,0.63,"Reviews, Video, People also ask, Related searches, Popular products, Ads bottom"
livetvkodiserbia,"Navigational, Transactional",40,210,12,0.00,"Sitelinks, Video, Related searches"
kabel receiver für sky,Commercial,40,170,32,1.74,"Sitelinks, Reviews, Video, People also ask, Related searches, Popular products"
kabel receiver mit sky,Commercial,40,170,27,2.10,"Reviews, Video, Video carousel, People also ask, Related searches, Popular products, Ads bottom"
streaming geräte,"Informational, Commercial",40,170,30,0.94,"People also ask, Related searches, Popular products"
streaming sticks for tv,Commercial,40,170,30,0.81,"Sitelinks, Reviews, Video, Video carousel, People also ask, Related searches, Popular products"
german iptv erfahrungen,"Informational, Commercial",40,140,22,0.00,"Sitelinks, AI Overview, Reviews, Video, Video carousel, People also ask, Related searches"
internet tv via,Commercial,40,140,33,1.52,"Reviews, Video, People also ask, Related searches, Ads top, Ads middle"
iptvdeutschland,Commercial,40,140,12,1.35,"AI Overview, Video, Video carousel, People also ask, Related searches"
alternative zu amazon fire tv stick,Commercial,40,110,18,0.69,"Sitelinks, Reviews, Video, Video carousel, Short videos, People also ask, Related searches, Ads bottom"
die besten internet tv anbieter,Commercial,40,110,35,1.32,"Sitelinks, AI Overview, Reviews, Video, People also ask, Related searches, Ads bottom, Ads middle"
iptv box alle sender,Commercial,40,110,46,0.00,"Image, Video, People also ask, Related searches, Popular products"
iptv preise,Transactional,40,110,32,0.00,"AI Overview, Reviews, Image, Video, People also ask, Related searches"
ohne kabel fernseh schauen,"Informational, Commercial",40,110,24,1.50,"AI Overview, Reviews, Video, Video carousel, People also ask, Related searches, Ads top, Ads middle"
tv per internet,Commercial,40,110,41,1.55,"Reviews, Video, People also ask, Related searches"
internet hd fernsehen,Commercial,40,90,50,1.59,"Reviews, Video, People also ask, Related searches"
internet tv smart,"Informational, Commercial",40,90,26,0.74,"Reviews, Video, People also ask, Related searches, Ads bottom"
netflix high definition,"Informational, Transactional",40,90,34,2.45,"Sitelinks, AI Overview, Video, People also ask, Related searches"
online tv freeware,Commercial,40,90,38,0.83,"Reviews, Video, People also ask, Related searches"
smart tv box erfahrungen,Commercial,40,90,27,0.00,"Sitelinks, Reviews, Video, Video carousel, People also ask, Related searches"
what is iptv github,"Navigational, Transactional",40,90,70,0.00,"AI Overview, People also ask, Related searches"
amazon firestick 4k,"Informational, Transactional",40,70,30,0.35,"Reviews, People also ask, Related searches, Popular products"
fire tv stick 4k max nachfolger,Commercial,40,70,22,0.29,"Sitelinks, Reviews, Video, People also ask, Related searches"
iptvus,Commercial,40,70,42,1.20,"Reviews, People also ask"
box android tv box,"Informational, Transactional",39,1900,25,0.35,"Reviews, Video, Video carousel, People also ask, Related searches"
fritzbox kabelrouter,Commercial,39,1900,32,0.83,"Reviews, Video carousel, People also ask, Related searches, Popular products, Ads top"
k lite pack,"Informational, Transactional",39,1900,44,0.14,"Reviews, Video, Knowledge panel, Related searches"
internet tv kostenlos,"Informational, Commercial",39,1600,57,0.65,"AI Overview, Reviews, Video, People also ask, Related searches, Ads bottom, Ads middle"
beste streaming dienste,Commercial,39,1300,44,1.89,"AI Overview, Reviews, Video, People also ask, Related searches"
deutschland iptv,Commercial,39,1300,30,1.35,"AI Overview, Video, People also ask, Related searches"
kostenlos fernsehen im internet,Commercial,39,1300,38,0.58,"AI Overview, Reviews, Video, People also ask, Related searches"
kostenlos online fernsehen,Commercial,39,1300,52,0.81,"Reviews, Video, People also ask, Knowledge panel, Related searches"
tv streaming dienste,Commercial,39,1000,40,1.28,"AI Overview, Reviews, Video, People also ask, Top stories, Related searches"
otr onlinetvrecorder,"Navigational, Transactional",39,880,24,1.82,"Video, People also ask, Related searches"
amazon instant video app,"Informational, Transactional",39,720,65,0.31,"AI Overview, Reviews, People also ask, Related searches"
android tv box test,Commercial,39,390,34,0.14,"Sitelinks, Reviews, Video, People also ask, Related searches"
beste streambox,Commercial,39,390,31,0.67,"Reviews, Video, People also ask, Related searches, Popular products, Ads middle"
netflix konto aufladen,Transactional,39,390,30,0.58,"AI Overview, Reviews, Video, Video carousel, People also ask, Related searches"
test tv box android,Commercial,39,390,30,0.14,"Reviews, Video, Video carousel, People also ask, Related searches, Popular products"
tv android box test,"Informational, Commercial",39,390,30,0.14,"Sitelinks, Reviews, Video, Video carousel, People also ask, Related searches, Popular products"
tv streaming vergleich,Commercial,39,390,40,2.03,"Sitelinks, Reviews, Video, People also ask, Related searches, Ads middle"
good android tv box,"Informational, Commercial",39,320,32,0.33,"Featured snippet, Sitelinks, Video, Video carousel, People also ask, Related searches, Popular products"
lcd t v,Commercial,39,320,28,0.28,"Reviews, Video, People also ask, Related searches, Popular products"
online fernsehen anbieter,Commercial,39,320,37,2.76,"AI Overview, Reviews, Video, People also ask, Related searches, Ads top, Ads bottom"
online tv anbieter,"Informational, Commercial",39,320,37,2.82,"AI Overview, Reviews, Video, People also ask, Related searches"
fire tv stick generationen,"Informational, Commercial",39,260,26,0.00,"AI Overview, Reviews, Video, People also ask, Related searches"
internet stick für tv ohne wlan,Commercial,39,260,28,1.05,"Sitelinks, Reviews, Video, People also ask, Related searches"
kabel 1 kostenlos,Commercial,39,260,31,0.44,"Reviews, Video, People also ask, Related searches"
streaming media stick,Commercial,39,260,24,0.89,"Video, Video carousel, People also ask, Related searches, Popular products"
streaming box android,Commercial,39,210,24,0.50,"Sitelinks, Video, Video carousel, People also ask, Related searches, Popular products"
vpn for streaming,"Informational, Commercial",39,210,39,0.00,"AI Overview, Reviews, Video, Video carousel, People also ask, Related searches"
cable router fritzbox,Commercial,39,170,29,0.96,"Reviews, Video, People also ask, Related searches, Popular products"
fernseh online kostenlos,Commercial,39,170,60,0.81,"Reviews, Video, People also ask, Related searches"
fire tv stick 1 generation,"Informational, Transactional",39,170,20,0.13,"Video, Video carousel, People also ask, Related searches"
smart tv smart box,Commercial,39,170,30,0.96,"Sitelinks, Reviews, Video, Video carousel, People also ask, Related searches, Popular products"
dazn illegal streamen,Commercial,39,140,37,1.07,"Reviews, Video, People also ask, Related searches"
fire tv stick wikipedia,"Navigational, Transactional",39,140,40,0.00,"Sitelinks, AI Overview, Video, People also ask, Related searches"
netflix profil,"Informational, Transactional",39,140,35,0.00,"AI Overview, Video, People also ask, Related searches"
netflix upgraden,"Informational, Transactional",39,140,30,3.06,"AI Overview, Video, People also ask, Related searches"
profiles netflix,"Informational, Transactional",39,140,38,0.00,"Image pack, Video, People also ask, Related searches"
sky receiver für kabel,"Informational, Transactional",39,140,30,1.74,"Reviews, Video carousel, People also ask, Related searches, Popular products, Ads bottom"
streaming dienste angebote,"Informational, Commercial",39,140,39,1.74,"AI Overview, Reviews, Video, People also ask, Related searches"
streaming tv anbieter,Commercial,39,140,34,2.07,"AI Overview, Reviews, Video, People also ask, Related searches, Ads top, Ads middle"
tv kostenlos schauen pc,Commercial,39,140,40,0.40,"AI Overview, Reviews, Video, People also ask, Related searches"
vodafone fritzbox kaufen,Transactional,39,140,34,0.94,"Reviews, Video, People also ask, Related searches, Popular products"
fernsehprogramme über internet,"Informational, Commercial",39,110,40,1.08,"AI Overview, Reviews, Video, People also ask, Related searches, Ads bottom, Ads middle"
kostenlos hd fernsehen,Commercial,39,110,19,0.89,"AI Overview, Reviews, Video, People also ask, Related searches, Ads top, Ads bottom"
roku box,"Navigational, Transactional",39,110,29,0.05,"Sitelinks, People also ask, Related searches, Popular products"
tv nokia,"Informational, Transactional",39,110,21,0.00,"Reviews, Image pack, Video, People also ask, Related searches, Popular products"
fernseh kostenlos streamen,Commercial,39,90,56,0.64,"Sitelinks, Reviews, Video, People also ask, Related searches, Ads bottom"
günstige streaming dienste,"Informational, Commercial",39,90,30,1.41,"Sitelinks, AI Overview, Reviews, Video, People also ask, Related searches, Ads top, Ads middle"
internet kabelmodem,Commercial,39,90,25,2.38,"Sitelinks, Reviews, Video, People also ask, Related searches, Popular products, Ads top, Ads bottom"
ip tv provider,"Informational, Commercial",39,90,31,0.00,"Video, People also ask, Related searches"
besten streaming dienste,Commercial,39,70,37,1.89,"AI Overview, Reviews, Video, People also ask, Related searches, Ads middle"
streaming geräte für tv,Commercial,39,70,30,0.85,"Video, Video carousel, People also ask, Related searches"
tv schauen auf dem laptop,"Informational, Commercial",39,70,15,1.00,"AI Overview, Reviews, Video, People also ask, Related searches, Ads bottom, Ads middle"
kostenlos fernsehen,Commercial,38,14800,57,0.64,"Reviews, Video, Related searches"
sky receiver,"Informational, Transactional",38,8100,39,1.97,"Reviews, Image, Video, People also ask, Related searches, Popular products"
tv kostenlos,Commercial,38,6600,53,0.87,"AI Overview, Reviews, Video, People also ask, Related searches"
television android tv,"Informational, Transactional",38,4400,23,0.32,"Reviews, Video, People also ask, Knowledge panel, Related searches, Popular products"
mediathekview download,"Informational, Transactional",38,1900,57,0.00,"Reviews, Video, People also ask, Related searches"
android television,"Informational, Transactional",38,1600,45,0.32,"Sitelinks, Reviews, Video, People also ask, Knowledge panel, Related searches"
bester streaming dienst,Commercial,38,1300,44,1.71,"AI Overview, Reviews, Video, People also ask, Related searches, Ads bottom, Ads middle"
gratis fernsehen,Commercial,38,1300,38,1.04,"Reviews, Video, People also ask, Related searches"
sky box,"Informational, Transactional",38,1300,33,0.84,"Reviews, Image, Video, Video carousel, People also ask, Related searches"
download mediathekview,"Informational, Transactional",38,1000,50,0.00,"Reviews, Video, People also ask, Related searches"
fernsehen kostenlos internet,Commercial,38,1000,49,0.52,"Reviews, Video, People also ask, Knowledge panel, Related searches"
kabel modem,"Informational, Transactional",38,1000,31,1.90,"Sitelinks, Reviews, Video, People also ask, Knowledge panel, Related searches, Popular products"
netflix fehler,"Informational, Transactional",38,1000,44,0.00,"Reviews, Video, Video carousel, People also ask, Related searches"
kostenlose tv,Commercial,38,880,37,0.93,"Reviews, Video, People also ask, Related searches"
newest free global iptv,"Informational, Transactional",38,880,42,0.00,"Reviews, Video, Video carousel, People also ask, Related searches"
fernsehn kostenlos,Commercial,38,590,47,0.64,"Reviews, Image, Video, People also ask, Related searches, Ads bottom"
pack k lite,"Informational, Transactional",38,590,45,0.00,"Reviews, Video, People also ask, Knowledge panel, Related searches"
tv anbieter vergleich,Commercial,38,590,43,1.58,"AI Overview, Reviews, Video, People also ask, Related searches"
tv internet schauen,"Informational, Commercial",38,480,50,1.50,"AI Overview, Reviews, Video, People also ask, Related searches, Ads top, Ads middle"
best rated android tv box,Commercial,38,390,38,0.27,"Sitelinks, Video, Video carousel, People also ask, Related searches, Popular products"
streaming box test,Commercial,38,390,24,0.39,"Sitelinks, Reviews, Video, Related searches, Ads middle"
beste m3u liste,Commercial,38,320,18,0.70,"Sitelinks, AI Overview, Reviews, Video, People also ask, Related searches"
free tv internet,Commercial,38,320,61,1.22,"AI Overview, Reviews, Video, People also ask, Related searches"
fritz kabelrouter,Commercial,38,320,35,0.61,"Sitelinks, Reviews, Video, Video carousel, People also ask, Related searches, Popular products, Ads top, Ads bottom"
fritzbox für kabelmodem,Commercial,38,320,27,0.78,"Sitelinks, Reviews, Video, People also ask, Related searches, Popular products"
streaming anbieter vergleich,Commercial,38,320,36,1.84,"AI Overview, Reviews, Video, People also ask, Related searches"
streaming bundles,Commercial,38,320,36,1.68,"AI Overview, Reviews, Video, People also ask, Related searches, Ads top, Ads middle"
tv im internet schauen,Commercial,38,320,53,1.50,"AI Overview, Reviews, Video, People also ask, Related searches, Ads top, Ads bottom"
vergleich tv anbieter,Commercial,38,320,34,1.36,"Sitelinks, Reviews, Video, People also ask, Related searches"
android box tv test,Commercial,38,260,30,0.14,"Sitelinks, Reviews, Video, Video carousel, People also ask, Related searches, Popular products"
android tv box testsieger,Commercial,38,260,34,0.14,"Sitelinks, Video, People also ask, Related searches, Popular products"
xtream iptv player,"Informational, Transactional",38,260,30,0.00,"Reviews, Video, People also ask, Related searches"
anbieter für fernsehen,"Informational, Commercial",38,210,35,2.50,"AI Overview, Reviews, Video, People also ask, Related searches"
android os for smart tv,"Informational, Transactional",38,210,48,0.22,"Reviews, Video, Video carousel, People also ask, Related searches, Popular products"
coax internet,Commercial,38,210,14,2.16,"Video, Video carousel, People also ask, Related searches, Popular products"
fernsehen ohne sat-schüssel und kabel,Commercial,38,210,25,0.84,"Reviews, Video, Video carousel, People also ask, Related searches, Ads top, Ads middle"
fritz kabelmodem,"Informational, Transactional",38,210,38,0.78,"Sitelinks, Reviews, Video, People also ask, Related searches, Popular products, Ads bottom"
ip tv receiver,"Informational, Commercial",38,210,19,0.00,"Video, People also ask, Related searches, Popular products"
kostenloses live tv,Commercial,38,210,61,0.61,"AI Overview, Reviews, Image, Video, People also ask, Related searches, Ads bottom"
sky sat receiver,Commercial,38,210,34,2.45,"Reviews, Video, People also ask, Related searches, Popular products"
smart tv box test,Commercial,38,210,44,0.33,"Sitelinks, Reviews, Video, People also ask, Related searches, Popular products"
tv android smart tv,"Informational, Transactional",38,210,21,0.21,"Video, Video carousel, People also ask, Related searches, Popular products"
vergleich streaming anbieter,Commercial,38,210,42,1.84,"Reviews, Video, People also ask, Related searches"
vodafone fritzbox mieten,Transactional,38,210,31,3.33,"Reviews, Video, People also ask, Related searches"
fritzbox cable router,Commercial,38,170,31,1.29,"Video, People also ask, Related searches, Popular products, Ads top, Ads bottom"
hd online tv,Commercial,38,170,60,2.09,"AI Overview, Reviews, Video, Related searches, Ads top, Ads middle"
kostenlose live tv,Commercial,38,170,39,0.61,"Reviews, Video, Related searches"
netflix fire tv stick,"Informational, Transactional",38,170,26,0.38,"Sitelinks, Video, Video carousel, People also ask, Related searches, Popular products"
online kostenlos fernsehen ohne anmeldung,"Navigational, Transactional",38,170,44,0.00,"AI Overview, Reviews, Video, People also ask, Related searches"
sky reciever,Transactional,38,170,35,1.97,"Reviews, Image, Image pack, People also ask, Related searches, Popular products"
smart tv android,Commercial,38,170,24,0.22,"Sitelinks, Video, People also ask, Related searches, Popular products, Ads bottom"
tv streaming anbieter vergleich,Commercial,38,170,36,1.88,"Sitelinks, AI Overview, Reviews, Video, People also ask, Related searches, Ads top, Ads bottom"
usb tv stick,Commercial,38,170,21,0.70,"Sitelinks, Video, People also ask, Related searches, Popular products"
beste tv app,Commercial,38,140,37,2.01,"AI Overview, Reviews, Video, People also ask, Related searches"
kabel für sky receiver,"Informational, Commercial",38,140,27,1.74,"Sitelinks, Reviews, Video, People also ask, Related searches, Popular products"
kostenlos fernsehen streamen,Commercial,38,140,55,0.90,"Reviews, Video, Video carousel, People also ask, Knowledge panel, Related searches, Ads middle"
mediathekenview,"Informational, Transactional",38,140,59,0.06,"Reviews, Video, People also ask, Knowledge panel, Related searches"
netflix amazon prime,"Informational, Commercial",38,140,19,0.60,"Sitelinks, AI Overview, Reviews, Image, Video, People also ask, Related searches"
netflix nicht erreichbar,"Informational, Transactional",38,140,31,0.00,"Reviews, Video, People also ask, Related searches"
tv internet free streaming,Commercial,38,140,54,1.35,"Reviews, Video, People also ask, Related searches, Ads bottom"
anbieter hdtv,"Informational, Commercial",38,110,42,2.25,"Reviews, People also ask, Related searches"
bester streaming anbieter,Commercial,38,110,40,1.96,"Sitelinks, AI Overview, Reviews, Video, People also ask, Related searches, Ads top"
fire tv 4k vs 4k max,Commercial,38,110,23,0.00,"Sitelinks, Reviews, Video, Video carousel, People also ask, Related searches"
fire tv stick generationen vergleich,Commercial,38,110,26,0.84,"Sitelinks, AI Overview, Video, Video carousel, People also ask, Related searches"
günstige tv anbieter,"Informational, Commercial",38,110,31,1.86,"AI Overview, Reviews, Video, People also ask, Related searches, Ads top, Ads middle"
internet fernsehen gucken,"Informational, Commercial",38,110,34,1.50,"AI Overview, Reviews, Video, Video carousel, People also ask, Related searches"
mediathekviewer,"Informational, Transactional",38,110,49,0.06,"Reviews, Video, People also ask, Knowledge panel, Related searches"
netflix abbuchung ohne abo,"Informational, Transactional",38,110,33,0.00,"Sitelinks, AI Overview, Video, People also ask, Related searches"
stick hdmi,Commercial,38,110,27,0.51,"Image pack, Video, People also ask, Related searches, Popular products"
streaming platformen,"Informational, Commercial",38,110,50,2.24,"Featured snippet, Video, People also ask, Related searches, Ads top, Ads bottom"
amazon nordvpn,"Navigational, Transactional",38,90,34,0.09,"People also ask, Related searches"
amazon prime netflix,Commercial,38,90,33,0.57,"Sitelinks, AI Overview, Reviews, Video, People also ask, Related searches"
chromecast oder fire tv,Commercial,38,90,19,0.00,"Sitelinks, AI Overview, Video, Video carousel, People also ask, Related searches"
fernsehen im garten ohne kabel,Commercial,38,90,18,0.84,"Sitelinks, Reviews, Image, Video, People also ask, Related searches, Ads top, Ads middle"
fire tv stick hd vs 4k,Commercial,38,90,15,0.00,"Sitelinks, Reviews, Video, Video carousel, People also ask, Related searches"
ohne kabel tv schauen,"Informational, Commercial",38,90,30,2.29,"Featured snippet, Sitelinks, Reviews, Video, Video carousel, People also ask, Related searches, Popular products, Ads bottom, Ads middle"
test tv stick,Commercial,38,90,33,0.40,"Sitelinks, Reviews, Video, People also ask, Related searches"
tv dongle,"Informational, Commercial",38,90,26,0.48,"Video, Video carousel, People also ask, Related searches, Popular products"
tv über pc schauen,"Informational, Commercial",38,90,17,0.95,"AI Overview, Reviews, Video, People also ask, Related searches"
video to tv,"Informational, Transactional",38,90,37,1.39,"Reviews, Video, Video carousel, People also ask, Related searches"
android hdmi stick,"Informational, Commercial",38,70,23,0.33,"Video, Video carousel, People also ask, Related searches, Popular products"
bester internet tv anbieter,Commercial,38,70,39,2.11,"Sitelinks, AI Overview, Reviews, Video, People also ask, Related searches, Ads top, Ads middle"
gratis online fernsehen,Commercial,38,70,34,0.89,"AI Overview, Reviews, Video, People also ask, Related searches, Ads middle"
internet für fernseher,Commercial,38,70,35,1.63,"Reviews, Video, People also ask"
ip tv germany,"Informational, Commercial",38,70,16,0.88,"AI Overview, Video, People also ask, Related searches"
streaming tv vergleich,Commercial,38,70,39,2.11,"Sitelinks, Reviews, Video, People also ask, Related searches, Ads top, Ads middle"
free tv,Commercial,37,8100,61,0.67,"Reviews, Video, People also ask, Related searches"
amazon fire tv with 4k,"Informational, Transactional",37,5400,42,0.66,"Sitelinks, Video carousel, Knowledge panel, Related searches"
q sky tv,"Navigational, Transactional",37,5400,37,1.44,"AI Overview, Reviews, Video, People also ask, Related searches"
tv online gratis,Commercial,37,4400,63,0.70,"AI Overview, Reviews, Video, People also ask, Related searches"
roku tv,"Navigational, Transactional",37,2900,39,0.54,"Sitelinks, Reviews, Video, People also ask, Related searches"
xstream,Commercial,37,2400,26,1.30,"Reviews, People also ask, Related searches"
kostenlos tv gucken,Commercial,37,1600,43,1.01,"Reviews, Video, People also ask, Related searches"
rtl streaming,"Navigational, Transactional",37,1600,62,0.81,"Reviews, Video, Video carousel, People also ask, Related searches"
k-lite,"Informational, Transactional",37,1300,50,0.00,"Reviews, Video, People also ask, Knowledge panel, Related searches"
tv gucken kostenlos,Commercial,37,1300,39,0.72,"Reviews, Video, People also ask, Related searches, Ads middle"
fritz box kabel router,"Informational, Transactional",37,1000,36,0.83,"Reviews, Video, People also ask, Related searches, Popular products"
tv kostenlos gucken,Commercial,37,1000,52,1.01,"Reviews, Video, Video carousel, People also ask, Related searches"
fritzbox für kabelanschluss,Commercial,37,720,24,0.72,"Reviews, Video, Video carousel, People also ask, Related searches, Popular products"
gratis tv,Commercial,37,720,38,0.91,"Reviews, Video, People also ask, Related searches"
sky q receiver kaufen,Transactional,37,720,31,0.57,"Reviews, People also ask, Related searches, Popular products, Ads top, Ads bottom"
alternative zu magenta tv,"Informational, Commercial",37,590,17,0.70,"AI Overview, Reviews, Video, People also ask, Related searches"
fernsehen umsonst,Commercial,37,590,57,0.75,"AI Overview, Reviews, Video, People also ask, Related searches"
fernsehn kostenlos schauen,Commercial,37,590,37,0.65,"Video, People also ask, Related searches, Ads top, Ads middle"
fritz kabel router,Commercial,37,590,38,0.83,"Reviews, Image pack, Video, Video carousel, People also ask, Related searches, Popular products"
internet tv vergleich,Commercial,37,590,36,1.74,"Sitelinks, Reviews, Video, People also ask, Related searches, Ads top, Ads middle"
kindle tv stick,"Informational, Transactional",37,590,34,0.35,"Video, Video carousel, People also ask, Related searches, Popular products"
livetv streaming,"Informational, Transactional",37,590,26,1.08,"Reviews, Video, Related searches"
tv free,Commercial,37,590,50,0.71,"Reviews, Video, People also ask, Top stories, Related searches, Ads middle"
tv über wlan,"Informational, Commercial",37,590,26,1.56,"AI Overview, Reviews, Video, Video carousel, People also ask, Related searches"
lcd tv tv,"Informational, Transactional",37,480,24,0.20,"Video, People also ask, Related searches, Popular products"
free television,"Informational, Commercial",37,390,52,0.74,"Reviews, Video, People also ask, Top stories, Related searches, Ads bottom"
fritzbox kabelmodem,"Informational, Transactional",37,390,21,0.68,"Reviews, Video, People also ask, Related searches, Popular products"
kostenlos streamen tv,Commercial,37,390,41,0.57,"AI Overview, Reviews, Video, People also ask, Related searches"
streaming rtl2,Commercial,37,390,35,0.75,"Sitelinks, Reviews, Video, People also ask, Related searches"
top rated android tv box,"Informational, Commercial",37,390,26,0.33,"Sitelinks, Reviews, Video, Video carousel, People also ask, Related searches, Popular products"
best tv for android box,Commercial,37,320,36,0.33,"Sitelinks, Video, Video carousel, People also ask, Related searches, Popular products"
fernsehn kostenlos anschauen,Commercial,37,320,49,0.67,"Video, Related searches, Ads top, Ads middle"
german internet tv,Commercial,37,320,43,0.64,"Sitelinks, AI Overview, Reviews, Video, People also ask, Related searches, Ads middle"
internet and tv,Commercial,37,320,34,2.20,"AI Overview, Reviews, Video, People also ask, Related searches, Ads top, Ads middle"
kostenlos tv ansehen,Commercial,37,320,43,0.48,"Reviews, Video, People also ask, Related searches"
kostenlos tv sehen,Commercial,37,320,41,0.41,"Reviews, Video, People also ask, Related searches"
televizoare lcd,"Informational, Commercial",37,320,26,0.28,"Video, Related searches"
tv box test,Commercial,37,320,36,0.32,"Sitelinks, Reviews, Video, Video carousel, People also ask, Related searches, Ads bottom"
tv internet vergleich,Commercial,37,320,39,1.74,"Sitelinks, Reviews, Video, People also ask, Related searches"
tv kostenlos sehen,Commercial,37,320,46,0.45,"Reviews, Video, People also ask, Related searches"
vergleich internet tv,Commercial,37,320,39,1.77,"Sitelinks, Reviews, Video, People also ask, Related searches, Ads top, Ads bottom"
kabellos fernsehen,Commercial,37,260,19,0.87,"Reviews, Image pack, Video, Video carousel, People also ask, Related searches, Popular products, Ads top, Ads bottom"
kmplayer скачать,Commercial,37,260,35,0.00,"Reviews, Video, Related searches"
roku television,"Informational, Transactional",37,260,40,0.80,"Sitelinks, Reviews, Video, People also ask, Related searches, Popular products"
rtl live stream 2ix2,"Navigational, Transactional",37,260,14,0.00,"Sitelinks, Reviews, Video, Related searches"
sky reciver,Transactional,37,260,32,1.97,"Reviews, Image, Image pack, People also ask, Related searches, Popular products"
tv sticks best,Commercial,37,260,33,0.59,"Featured snippet, Sitelinks, Reviews, Video, Video carousel, Related searches, Popular products, Ads bottom"
8010 nokia,"Informational, Transactional",37,210,18,0.00,"Video, Video carousel, People also ask, Related searches, Popular products"
android smart television,"Informational, Commercial",37,210,24,0.22,"Video, Video carousel, People also ask, Related searches, Popular products"
android smart televizori,"Informational, Transactional",37,210,27,0.21,"Reviews, Video, People also ask, Knowledge panel, Related searches, Popular products"
fire tv stick vpn,"Informational, Commercial",37,210,32,0.00,"Sitelinks, AI Overview, Reviews, Video, Video carousel, People also ask, Related searches, Ads bottom, Ads middle"
ip tv deutschland,"Informational, Commercial",37,210,41,1.17,"AI Overview, Reviews, Video, People also ask, Related searches"
kmplayer download,"Informational, Transactional",37,210,46,0.10,"Reviews, Video, People also ask, Related searches"
kmplayer software download,"Informational, Transactional",37,210,55,0.10,"Reviews, Video, Related searches"
kostenlos tv streamen ohne anmeldung,"Navigational, Transactional",37,210,50,0.00,"Sitelinks, AI Overview, Reviews, Video, People also ask, Related searches"
kostenloses tv streaming,Commercial,37,210,47,0.93,"Reviews, Video, People also ask, Related searches"
lcdtv,Commercial,37,210,27,0.28,"Reviews, People also ask, Related searches"
magenta tv alternative,"Informational, Commercial",37,210,19,1.18,"Sitelinks, AI Overview, Reviews, Video, People also ask, Related searches"
magenta tv alternativen,Commercial,37,210,23,1.69,"AI Overview, Reviews, Video, People also ask, Related searches"
stream fernsehen kostenlos,Commercial,37,210,45,0.86,"Reviews, Video, People also ask, Related searches"
tv programm live kostenlos,Commercial,37,210,68,0.47,"Reviews, Video, People also ask, Related searches"
tv streaming gratis,Commercial,37,210,32,1.00,"Reviews, Video, People also ask, Related searches, Ads bottom"
vergleich internet tv anbieter,Commercial,37,210,35,1.58,"Sitelinks, Reviews, Video, People also ask, Related searches"
bester tv anbieter,Commercial,37,170,41,1.97,"Sitelinks, AI Overview, Reviews, Video, People also ask, Related searches"
free fernsehen,Commercial,37,170,38,0.94,"AI Overview, Reviews, Video, People also ask, Top stories, Related searches"
kostenlos tv online schauen,Commercial,37,170,50,1.00,"Reviews, Video, People also ask, Related searches"
nokia tv,"Informational, Transactional",37,170,19,0.00,"Reviews, Video, People also ask, Related searches, Popular products"
streaming pakete vergleich,"Informational, Commercial",37,170,33,1.39,"AI Overview, Reviews, Video, People also ask, Related searches"
tv streamen kostenlos ohne anmeldung,"Navigational, Transactional",37,170,47,0.00,"Sitelinks, Reviews, Video, Related searches"
welcher streaming anbieter ist der beste,Commercial,37,170,40,1.89,"AI Overview, Reviews, Video, Video carousel, People also ask, Related searches"
5kplayer download,"Informational, Transactional",37,140,35,0.10,"Reviews, Video, People also ask, Related searches"
amazon fire tv stick 2nd generation,"Informational, Transactional",37,140,31,0.78,"Sitelinks, Reviews, Video, People also ask, Related searches, Popular products"
beste tv anbieter,Commercial,37,140,32,1.75,"Sitelinks, AI Overview, Reviews, Video, People also ask, Related searches, Ads top, Ads middle"
bester tv streaming dienst,Commercial,37,140,39,2.13,"Sitelinks, AI Overview, Reviews, Video, People also ask, Related searches"
fire tv stick vergleich tabelle,"Informational, Commercial",37,140,21,0.33,"Sitelinks, Image pack, Video, People also ask, Related searches"
free iptv mu3,"Informational, Transactional",37,140,40,0.00,"Reviews, Video, Video carousel, People also ask, Related searches"
fritz box 6690 cable kaufen,"Informational, Transactional",37,140,30,1.17,"People also ask, Knowledge panel, Related searches"
fritzbox mit kabelanschluss,Commercial,37,140,25,0.92,"Reviews, Image pack, Video, Video carousel, People also ask, Related searches, Popular products, Ads top, Ads bottom"
sky q reciever,"Informational, Transactional",37,140,28,1.84,"AI Overview, Reviews, Video, People also ask, Related searches, Ads bottom"
sky receiver für satellit,"Informational, Transactional",37,140,33,1.59,"Reviews, Video, People also ask, Related searches, Popular products, Ads middle"
smartbox tv,"Informational, Commercial",37,140,21,0.96,"Reviews, People also ask, Related searches"
tv gucken online,Commercial,37,140,49,2.64,"Sitelinks, Video, People also ask, Related searches"
tv schauen auf pc kostenlos,Commercial,37,140,41,0.40,"AI Overview, Reviews, Video, Video carousel, People also ask, Related searches, Ads top, Ads middle"
tv usb tv stick,Commercial,37,140,21,0.70,"Sitelinks, Reviews, Video, Video carousel, People also ask, Related searches, Popular products, Ads middle"
vodafone router kaufen statt mieten,"Informational, Transactional",37,140,25,1.36,"Sitelinks, AI Overview, Reviews, People also ask, Related searches"
alternative magenta tv,Commercial,37,110,33,0.82,"AI Overview, Reviews, Video, Video carousel, People also ask, Related searches, Ads bottom"
kabelloses fernsehen,Commercial,37,110,23,0.74,"Sitelinks, Reviews, Image, Image pack, Video, Video carousel, People also ask, Related searches, Ads top, Ads bottom"
kostenlos kabel 1 schauen,Commercial,37,110,25,0.66,"Sitelinks, Video, People also ask, Related searches"
multimedia box,"Informational, Transactional",37,110,18,1.30,"Reviews, Image pack, Video, People also ask, Related searches, Popular products"
probleme bei netflix,"Informational, Transactional",37,110,35,0.00,"Sitelinks, Reviews, People also ask, Related searches"
rpi media server,"Informational, Transactional",37,110,20,0.00,"Video, Video carousel, People also ask, Related searches"
sky receiver satellit,Transactional,37,110,33,1.59,"Reviews, Video, People also ask, Related searches, Popular products, Ads top, Ads bottom"
tv kosten,"Informational, Commercial",37,110,57,1.45,"Reviews, Video, People also ask, Related searches"
tv schauen über pc,Commercial,37,110,27,0.95,"AI Overview, Video, Video carousel, People also ask, Related searches, Ads middle"
tvkostenlos,Commercial,37,110,37,0.69,"AI Overview, Reviews, Video, People also ask, Related searches, Ads bottom"
am pc tv schauen,"Informational, Commercial",37,90,23,0.95,"AI Overview, Reviews, Video, Video carousel, People also ask, Related searches"
anbieter digitales fernsehen,"Informational, Commercial",37,90,46,1.45,"Sitelinks, AI Overview, Reviews, Video, People also ask, Related searches, Ads bottom"
anbieter für digitales fernsehen,Commercial,37,90,38,1.82,"Reviews, Video, People also ask, Related searches"
best android tv stick,Commercial,37,90,43,0.42,"Sitelinks, Video, Video carousel, Related searches, Popular products"
fernseh streaming anbieter,Commercial,37,90,40,2.47,"AI Overview, Reviews, Video, People also ask, Related searches, Ads bottom"
fernsehen kostenfrei,Commercial,37,90,59,0.65,"Reviews, Video, People also ask, Knowledge panel, Related searches, Ads bottom"
kostenfrei fernsehen,Commercial,37,90,51,0.55,"AI Overview, Reviews, Video, People also ask, Related searches"
mediathekview für mac,"Informational, Transactional",37,90,38,0.00,"Reviews, Video, People also ask, Related searches"
mediathekview mac,"Informational, Transactional",37,90,38,0.00,"Reviews, Video, People also ask, Related searches"
netflix and amazon prime,Commercial,37,90,24,0.64,"Sitelinks, AI Overview, Reviews, Video, Video carousel, People also ask, Related searches"
online fernsehen gratis,Commercial,37,90,44,0.89,"Reviews, Video, People also ask, Related searches"
online gratis fernsehen,Commercial,37,90,40,1.37,"Reviews, Video, People also ask, Related searches"
rtl tv kostenlos,Commercial,37,90,44,0.72,"Reviews, Video, People also ask, Related searches"
smart tv adapter,Commercial,37,90,26,0.28,"Sitelinks, Video, People also ask, Related searches, Popular products"
tv auf pc schauen,Commercial,37,90,42,0.76,"AI Overview, Reviews, Video, People also ask, Related searches, Ads bottom, Ads middle"
tv mit android,Commercial,37,90,23,0.17,"Sitelinks, Video, People also ask, Related searches, Popular products, Ads bottom"
tv programm streamen kostenlos,Commercial,37,90,45,0.66,"Reviews, Video, People also ask, Related searches"
tv schauen am pc,Commercial,37,90,24,0.76,"AI Overview, Reviews, Video, Video carousel, People also ask, Related searches, Ads top, Ads middle"
fire tv 4k uhd,Transactional,37,70,21,0.47,"Reviews, Video, Video carousel, People also ask, Related searches, Popular products"
kostenlos fernsehen im internet ohne anmeldung,"Navigational, Transactional",37,70,32,0.00,"AI Overview, Reviews, Video, People also ask, Related searches"
kostenlos internet fernsehen ohne anmeldung,Transactional,37,70,30,0.00,"Reviews, Video, People also ask, Related searches"
m3u playlisten,Commercial,37,70,24,0.75,"Reviews, People also ask, Related searches"
prosieben kostenlos stream,Commercial,37,70,30,0.45,"Reviews, Video, People also ask, Related searches"
roku player,"Navigational, Transactional",37,70,45,0.06,"Sitelinks, Image pack, People also ask, Related searches, Popular products"
streaming gerät,Commercial,37,70,28,0.63,"Sitelinks, Video, People also ask, Related searches, Popular products, Ads top, Ads middle"
streamingdienste vergleich,Commercial,37,70,36,1.60,"AI Overview, Reviews, Video, People also ask, Related searches"
test streaming dienste,Commercial,37,70,37,0.87,"Reviews, Video, People also ask, Related searches"
tv live stream,Commercial,36,5400,87,0.77,"Reviews, Video, People also ask, Related searches"
fernsehen kostenlos,Commercial,36,4400,45,0.64,"AI Overview, Reviews, Video, Related searches"
fritz box 6690 cable,"Informational, Transactional",36,3600,34,1.00,"Reviews, Image pack, Video, People also ask, Related searches, Popular products, Ads bottom"
kostenlos live tv,Commercial,36,3600,56,0.61,"Reviews, Image, Video, People also ask, Top stories, Related searches"
gratis tv schauen,Commercial,36,2900,52,0.51,"AI Overview, Reviews, Video, Video carousel, People also ask, Related searches"
internet und tv,Commercial,36,2900,38,3.01,"AI Overview, Reviews, Image, Video, People also ask, Related searches"
rtl + kosten,"Informational, Transactional",36,2900,51,0.78,"AI Overview, Reviews, Video, People also ask, Related searches, Ads top"
fritzbox vodafone,"Informational, Transactional",36,2400,50,2.61,"Reviews, Video, People also ask, Related searches, Popular products, Ads top"
vodafone fritzbox,"Informational, Transactional",36,2400,50,2.61,"Reviews, Video, People also ask, Related searches"
free tv deutsch,Commercial,36,1600,50,0.62,"Reviews, Video, People also ask, Related searches"
rtl now kostenlos,"Navigational, Transactional",36,1600,53,0.17,"Reviews, Video, People also ask, Related searches"
anbieter fernsehen internet,Commercial,36,1300,37,1.72,"AI Overview, Reviews, Video, People also ask, Related searches"
tv gratis schauen,Commercial,36,1300,40,0.51,"Reviews, Video, People also ask, Related searches"
tv schauen,Commercial,36,1300,72,1.11,"Reviews, Video, People also ask, Related searches"
kostenlos online tv,Commercial,36,1000,51,1.07,"Reviews, Video, People also ask, Related searches"
kostenloses live fernsehen,Commercial,36,1000,52,0.49,"AI Overview, Reviews, Video, Related searches, Ads bottom"
prime video app amazon,"Informational, Transactional",36,1000,71,0.31,"Reviews, People also ask, Related searches, Ads bottom"
tv ohne anmeldung,"Navigational, Transactional",36,1000,38,0.00,"Reviews, Video, People also ask, Related searches"
tv schauen kostenlos,Commercial,36,1000,49,0.66,"Sitelinks, Reviews, Video, People also ask, Related searches, Ads middle"
updating amazon fire stick,"Informational, Transactional",36,1000,42,0.21,"Featured snippet, Sitelinks, Reviews, Video, Video carousel, Short videos, People also ask, Related searches"
web tv,"Navigational, Commercial",36,1000,27,1.35,"Sitelinks, Reviews, Video, People also ask, Related searches, Ads bottom"
kabel fritz,"Informational, Transactional",36,880,31,0.77,"Reviews, Video, People also ask, Related searches, Popular products"
television internet gratis,Commercial,36,880,43,0.59,"Reviews, Video, Video carousel, People also ask, Related searches"
fernsehen kostenlos streamen,Commercial,36,720,41,0.57,"AI Overview, Reviews, Video, People also ask, Related searches"
fritzbox kabelanschluss,"Informational, Transactional",36,720,35,0.72,"Reviews, Image pack, Video, People also ask, Related searches, Popular products"
kostenlos fernsehen online,Commercial,36,720,47,0.75,"Reviews, Video, People also ask, Related searches"
tv sticks vergleich,Commercial,36,720,30,0.66,"Sitelinks, Reviews, Video, People also ask, Related searches"
tv umsonst,Commercial,36,720,41,1.25,"Reviews, Video, People also ask, Related searches"
umsonst fernsehen,Commercial,36,590,43,0.75,"AI Overview, Reviews, Video, People also ask, Related searches"
fernseh kostenlos,Commercial,36,480,50,0.57,"Reviews, Video, People also ask, Related searches"
sky q box,"Informational, Transactional",36,480,33,1.36,"Reviews, People also ask, Related searches, Popular products"
top 10 streaming-dienste,"Informational, Commercial",36,480,37,1.20,"AI Overview, Reviews, Video, People also ask, Related searches"
welcher tv stick ist der beste,Commercial,36,480,31,0.49,"Featured snippet, Video, People also ask, Related searches"
ethernet over cable coax,"Informational, Transactional",36,390,24,0.30,"Sitelinks, Reviews, Image pack, Video, Video carousel, Knowledge panel, Related searches, Popular products"
roku express roku,"Informational, Transactional",36,390,29,0.21,"Sitelinks, Reviews, Video, Video carousel, People also ask, Related searches, Popular products"
tv with lcd,"Informational, Transactional",36,390,20,0.28,"Video, Video carousel, People also ask, Related searches, Popular products"
tvstream,Commercial,36,390,50,2.15,"AI Overview, Reviews, Video, People also ask, Related searches"
2ix2 rtl live,"Navigational, Transactional",36,320,24,0.00,"Sitelinks, Reviews, Video, People also ask, Related searches"
4k stick,Commercial,36,320,30,0.61,"Sitelinks, Reviews, Video, Video carousel, People also ask, Related searches, Popular products"
best tv stick,Commercial,36,320,35,0.59,"Sitelinks, AI Overview, Reviews, Image, Video, Video carousel, People also ask, Related searches"
fernsehn anbieter,"Informational, Commercial",36,320,61,2.32,"AI Overview, Reviews, Video, People also ask, Related searches, Ads top, Ads middle"
free tv streamen,Commercial,36,320,62,0.00,"AI Overview, Reviews, Video, People also ask, Top stories, Related searches, Ads bottom"
günstig tv und internet,Commercial,36,320,50,1.43,"Featured snippet, Reviews, Video, People also ask, Related searches"
kostenlose streamen,Commercial,36,320,45,0.77,"Reviews, Video, People also ask, Related searches"
online tv 2,Commercial,36,320,25,1.03,"Reviews, Video, Video carousel, Related searches"
rtl kostenlos online,Commercial,36,320,51,1.13,"Reviews, Video, People also ask, Related searches"
tv browser android,Commercial,36,320,28,0.00,"Reviews, Video, People also ask, Related searches"
tv live streamen,Commercial,36,320,59,0.77,"Reviews, Video, Top stories, Related searches, Ads middle"
über internet tv schauen,"Informational, Commercial",36,320,43,1.57,"AI Overview, Reviews, Video, People also ask, Related searches, Ads top, Ads bottom"
amazon prime vidio,"Informational, Transactional",36,260,70,0.12,"Video, People also ask, Knowledge panel, Related searches, Ads top, Ads bottom"
fernseher internet,Commercial,36,260,26,0.47,"Reviews, Video, Video carousel, People also ask, Related searches, Ads top, Ads bottom"
gratis tv stream,Commercial,36,260,46,1.36,"Reviews, Video, People also ask, Related searches"
kostenlos fernseh ohne anmeldung,Transactional,36,260,36,0.52,"Reviews, Video, People also ask, Related searches, Ads bottom"
kostenlos tv schauen app,"Informational, Commercial",36,260,42,0.72,"AI Overview, Video, People also ask, Related searches, Ads bottom, Ads middle"
rtl2 kostenlos gucken,Commercial,36,260,30,0.93,"Reviews, Video, People also ask, Related searches"
television rtl,"Informational, Transactional",36,260,76,0.58,"Reviews, Video, People also ask, Top stories, Related searches"
welcher tv anbieter ist der beste,Commercial,36,260,39,1.55,"Sitelinks, AI Overview, Reviews, Image, Video, People also ask, Related searches"
zattoo kostenlos rtl,"Informational, Transactional",36,260,50,0.73,"Reviews, Video, People also ask, Related searches"
alternative live tv,"Informational, Commercial",36,210,30,2.55,"Video, People also ask, Related searches"
android media streaming box,"Informational, Transactional",36,210,24,0.50,"Video, People also ask, Related searches, Popular products"
beste tv app kostenlos,Commercial,36,210,44,0.58,"AI Overview, Reviews, Video, People also ask, Related searches"
die besten streaming dienste,Commercial,36,210,34,1.37,"AI Overview, Reviews, Video, People also ask, Related searches, Ads middle"
internet und fernsehn,Commercial,36,210,43,2.46,"AI Overview, Reviews, Video, People also ask, Related searches, Ads top, Ads middle"
kmp media player download,Commercial,36,210,43,0.10,"Reviews, Video, Related searches, Ads bottom"
livetv online,"Informational, Transactional",36,210,5,1.07,"Reviews, Related searches"
online tv kostenlos schauen,Commercial,36,210,53,1.00,"AI Overview, Reviews, Video, People also ask, Related searches"
sky mini box,"Informational, Transactional",36,210,28,1.22,"Reviews, Video, People also ask, Related searches, Popular products"
streaming stick vergleich,Commercial,36,210,32,0.47,"Sitelinks, Reviews, Video, People also ask, Related searches"
television download,Commercial,36,210,38,0.41,"Reviews, Video, Related searches"
tv internet anbieter vergleich,Commercial,36,210,36,1.58,"Sitelinks, Reviews, People also ask, Related searches"
waipu tv bewertungen,Commercial,36,210,16,0.00,"AI Overview, Reviews, Video, Video carousel, People also ask, Related searches"
amazon fire tv fernseher,"Informational, Transactional",36,170,30,0.77,"Reviews, Image, People also ask, Related searches, Popular products"
fernsehen auf pc,Commercial,36,170,30,0.56,"AI Overview, Reviews, Video, People also ask, Related searches, Ads bottom, Ads middle"
live streams kostenlos,Commercial,36,170,64,0.71,"Sitelinks, Reviews, Video, People also ask, Top stories, Related searches"
online tv schauen kostenlos,Commercial,36,170,47,0.89,"Sitelinks, Reviews, Video, People also ask, Related searches"
rtl tv livestream,"Navigational, Transactional",36,170,48,0.74,"Sitelinks, Reviews, Video, People also ask, Top stories, Related searches"
tv paket,Commercial,36,170,61,2.29,"Reviews, Video, People also ask, Related searches, Ads top, Ads bottom"
tv programm live stream,Commercial,36,170,72,0.71,"Reviews, Video, People also ask, Related searches, Ads bottom"
tv schauen gratis,Commercial,36,170,38,0.46,"Reviews, Video, People also ask, Related searches"
tv und internet vergleich,Commercial,36,170,40,2.26,"Sitelinks, Reviews, Video, People also ask, Related searches"
vergleich internet und tv,Commercial,36,170,39,2.26,"Reviews, Video, People also ask, Related searches"
vpn for amazon fire tv stick,"Informational, Commercial",36,170,26,2.16,"Sitelinks, AI Overview, Reviews, Video, Video carousel, People also ask, Related searches, Ads bottom, Ads middle"
wlan für sky receiver,"Informational, Transactional",36,170,27,1.30,"Reviews, Video carousel, People also ask, Related searches"
amazon fire tv stick vergleich,Commercial,36,140,25,0.54,"Sitelinks, Reviews, Video, People also ask, Related searches"
amazonmytv,"Navigational, Transactional",36,140,43,0.17,"People also ask, Related searches"
deutsche tv sender,Commercial,36,140,41,0.92,"Sitelinks, Reviews, Video, People also ask, Related searches"
fernsehen über pc,Commercial,36,140,32,0.68,"AI Overview, Reviews, Video, People also ask, Related searches, Ads bottom, Ads middle"
fritzbox 6690 cable kaufen,"Informational, Transactional",36,140,30,0.96,"Reviews, People also ask, Knowledge panel, Related searches, Ads bottom"
kostenlos tv ohne anmeldung,"Navigational, Transactional",36,140,36,0.67,"Sitelinks, Reviews, Video, Related searches"
tv programm streamen,Commercial,36,140,54,1.05,"AI Overview, Reviews, Video, People also ask, Ads top, Ads middle"
android box for tv,Commercial,36,110,22,0.30,"Reviews, Video, Video carousel, People also ask, Related searches, Popular products"
android tv fernseher,Commercial,36,110,24,0.31,"Sitelinks, Video, People also ask, Related searches, Popular products"
best fire stick for tv,Commercial,36,110,30,0.41,"Reviews, Image, Image pack, Video, Video carousel, People also ask, Related searches, Popular products"
beste streaming anbieter,Commercial,36,110,39,1.96,"AI Overview, Reviews, Video, People also ask, Related searches"
fernsehen gucken internet,"Informational, Commercial",36,110,35,1.36,"AI Overview, Reviews, Image, Video, Video carousel, People also ask, Related searches"
fernsehen kostenlos auf pc,Commercial,36,110,30,0.39,"AI Overview, Reviews, Video, Video carousel, People also ask, Related searches"
fernseher anbieter,Commercial,36,110,34,2.32,"Reviews, Image, Video, People also ask, Related searches, Ads top, Ads bottom"
fernseher mit android,Commercial,36,110,24,0.25,"Sitelinks, Video, People also ask, Related searches, Popular products"
fernsehn über pc,"Informational, Commercial",36,110,14,0.68,"AI Overview, Reviews, Video, Video carousel, People also ask, Related searches"
kabel live stream,Commercial,36,110,34,0.36,"Reviews, Video, People also ask, Related searches"
kabelmodem kaufen,Transactional,36,110,24,1.11,"Reviews, Image, People also ask, Related searches, Popular products, Ads bottom"
kabelrouter kabel,Commercial,36,110,23,0.96,"Video, People also ask, Related searches, Popular products"
pc tv schauen,Commercial,36,110,17,0.76,"Reviews, Video, Video carousel, People also ask, Related searches, Popular products, Ads middle"
rtl freetv,"Navigational, Transactional",36,110,62,0.71,"Reviews, Video, People also ask, Top stories, Related searches, Ads bottom"
über internet fernsehen gucken,"Informational, Commercial",36,110,35,1.50,"AI Overview, Reviews, Video, Video carousel, People also ask, Related searches, Ads top, Ads middle"
amazon fire tv wikipedia,"Navigational, Transactional",36,90,42,0.00,"Sitelinks, Reviews, Video, People also ask, Related searches"
amazon prime app installieren,"Informational, Transactional",36,90,55,0.80,"Reviews, Video, People also ask, Related searches"
beste tv stick,Commercial,36,90,31,0.93,"Sitelinks, Reviews, Video, People also ask, Related searches, Popular products"
coax to ethernet adapter,"Informational, Commercial",36,90,14,0.22,"Image pack, Video, Video carousel, People also ask, Related searches, Popular products"
ethernet coax converter,"Informational, Transactional",36,90,18,0.12,"Reviews, Video, Video carousel, People also ask, Related searches, Popular products"
fernseher android tv,Commercial,36,90,23,0.15,"Sitelinks, Image, Video, People also ask, Related searches, Popular products"
good android tv,"Informational, Commercial",36,90,41,0.26,"Sitelinks, Reviews, Video, Video carousel, People also ask, Related searches, Popular products"
hdtv live streaming,Commercial,36,90,68,1.21,"Reviews, Video, People also ask, Related searches"
livetv streamen,"Informational, Transactional",36,90,34,1.64,"Reviews, Video, Video carousel, People also ask, Related searches"
receiver sky,Transactional,36,90,32,1.73,"Reviews, Image, Video, People also ask, Related searches, Ads bottom"
satellite tv live,Commercial,36,90,58,0.32,"AI Overview, Reviews, Video, People also ask, Related searches"
save tv angebot,"Informational, Transactional",36,90,21,1.66,"Sitelinks, Reviews, Video, People also ask, Related searches"
streaming services germany,Commercial,36,90,50,1.56,"Sitelinks, AI Overview, Reviews, Video, People also ask, Related searches"
vergleich streaming,Commercial,36,90,40,1.89,"Reviews, Video, People also ask, Related searches"
download amazon prime video,Commercial,36,70,54,0.00,"AI Overview, Reviews, Video, People also ask, Related searches"
fernsehsender im internet,Commercial,36,70,59,0.80,"AI Overview, Reviews, Video, People also ask, Related searches, Ads top, Ads middle"
günstig tv schauen,Commercial,36,70,53,2.39,"Sitelinks, Reviews, Video, Video carousel, People also ask, Related searches"
ingyenes tv,Commercial,36,70,38,2.58,"Reviews, Video, People also ask, Related searches"
online deutsches fernsehen,Commercial,36,70,42,1.56,"Reviews, Video, People also ask, Related searches, Ads top, Ads middle"
sky q mini receiver,"Informational, Transactional",36,70,29,1.13,"Reviews, Video, People also ask, Related searches, Popular products"
streaming dienste test,Commercial,36,70,41,1.46,"Reviews, Video, People also ask, Related searches"
rtl live stream kostenlos ohne anmeldung,Transactional,35,22200,48,1.14,"AI Overview, Reviews, Video, Related searches"
programe tv online,Commercial,35,8100,52,0.99,"Reviews, Video, Related searches"
2ix2 rtl,"Navigational, Transactional",35,4400,46,0.67,Related searches
joyn tv kostenlos ohne anmeldung,Transactional,35,3600,62,0.34,"AI Overview, Reviews, Video, People also ask, Related searches"
rtl online,"Navigational, Transactional",35,2400,66,0.71,"Sitelinks, Reviews, Video, People also ask, Related searches"
kabel 1 live stream kostenlos,Transactional,35,1900,35,0.40,"Reviews, Video, People also ask, Related searches"
kostenlos fernsehen schauen,Commercial,35,1900,37,0.52,"Reviews, Video, People also ask, Related searches, Ads bottom"
netflix registrieren,"Navigational, Transactional",35,1900,61,2.68,"Video, Video carousel, People also ask, Related searches"
rtl plus pakete,"Informational, Transactional",35,1900,47,2.10,"AI Overview, Reviews, Video, People also ask, Related searches, Ads top, Ads bottom"
fernsehen kostenlos schauen,Commercial,35,1600,46,0.52,"AI Overview, Reviews, Video, People also ask, Related searches"
rtl live kostenlos ohne anmeldung,"Navigational, Transactional",35,1600,42,1.18,"Video, People also ask, Related searches"
rtl ohne anmeldung,"Navigational, Transactional",35,1600,37,1.27,"Reviews, Video, People also ask, Related searches"
streaming dienste vergleich,Commercial,35,1600,43,1.33,"AI Overview, Reviews, Video, Video carousel, People also ask, Related searches, Ads bottom, Ads middle"
amazon my tv,"Navigational, Transactional",35,1300,39,0.12,"People also ask, Related searches"
download video from prime,"Informational, Commercial",35,1300,29,0.19,"Sitelinks, AI Overview, Reviews, Video, Video carousel, People also ask, Related searches, Ads bottom"
free tv rtl,"Navigational, Transactional",35,1300,72,0.65,"Sitelinks, Reviews, Video, People also ask, Top stories, Related searches"
koax internet kabel,Commercial,35,1300,22,0.78,"Video, Video carousel, People also ask, Related searches, Popular products"
kostenlos fernseh schauen,Commercial,35,1300,49,0.57,"AI Overview, Reviews, Image, Video, People also ask, Related searches"
rtl live ohne anmeldung,"Navigational, Transactional",35,1300,53,1.03,"Reviews, Video, Video carousel, People also ask, Related searches"
vodafon fritzbox,Commercial,35,1300,41,2.61,"Reviews, Video, People also ask, Related searches, Popular products"
fernsehen gratis,Commercial,35,1000,40,0.91,"Reviews, Video, People also ask, Top stories, Related searches"
fernsehen gucken kostenlos,Commercial,35,1000,49,0.75,"Reviews, Video, People also ask, Knowledge panel, Related searches"
livestream tv kostenlos,Commercial,35,1000,65,0.68,"Reviews, Video, People also ask, Related searches"
rtl kostenlos ohne anmeldung,"Navigational, Transactional",35,1000,55,1.06,"Reviews, Video, People also ask, Related searches"
rtl plus live programm,"Navigational, Transactional",35,1000,59,0.33,"Sitelinks, Reviews, Video, People also ask, Related searches"
tv rtl stream,"Navigational, Transactional",35,1000,66,0.65,"Reviews, Video, People also ask, Related searches, Ads top, Ads middle"
live tv stream kostenlos,Commercial,35,880,51,1.23,"Reviews, Video, People also ask, Related searches"
livetv alternative,"Informational, Commercial",35,880,30,2.55,"Sitelinks, AI Overview, Video, People also ask, Related searches"
tv stream online kostenlos,Commercial,35,880,53,1.13,"AI Overview, Reviews, Video, People also ask, Related searches"
tvonline ro,Commercial,35,880,63,0.83,"Reviews, Video, Related searches"
free rtl tv,"Navigational, Transactional",35,720,63,0.71,"Sitelinks, Reviews, Video, People also ask, Related searches"
kabel ein live,Commercial,35,720,33,0.49,"Reviews, Video, People also ask, Related searches"
rtl livestream ohne anmeldung,"Navigational, Transactional",35,720,38,1.51,"Reviews, Video, People also ask, Related searches"
rtl plus paket,"Navigational, Transactional",35,720,51,1.99,"AI Overview, Reviews, Video, People also ask, Related searches"
tv kostenlos ohne anmeldung,"Navigational, Transactional",35,720,33,0.49,
live tv gratis,Commercial,35,590,50,0.52,"Reviews, Image, Video, People also ask, Related searches"
netflix kaufen,Transactional,35,590,53,1.18,"Reviews, People also ask, Related searches, Ads bottom"
rtl live stream kostenlos ohne anmeldung 2ix2 legal,"Navigational, Transactional",35,590,29,0.00,"Sitelinks, AI Overview, Reviews, Video, People also ask, Related searches"
rtl plus konto,"Navigational, Transactional",35,590,41,1.42,"Reviews, Video, People also ask, Related searches"
streaming dienste im vergleich,Commercial,35,590,41,1.60,"Reviews, Video, People also ask, Related searches"
top tv app,Commercial,35,590,30,1.15,"AI Overview, Reviews, Video, People also ask, Related searches"
livetv übertragung,"Navigational, Transactional",35,480,20,1.47,"Reviews, Video, People also ask, Related searches"
rtl nitro livestream kostenlos,Commercial,35,480,26,0.00,"Sitelinks, Reviews, Video, People also ask, Related searches"
tv gratis,Commercial,35,480,49,0.93,"Reviews, Video, Top stories, Related searches"
tv kostenlos ansehen,Commercial,35,480,38,0.54,"Reviews, Video, People also ask, Related searches"
tv live gratis,Commercial,35,480,57,0.52,"Reviews, Video, People also ask, Related searches"
tv online gratis pro tv,Commercial,35,480,48,0.00,"Reviews, Related searches"
bester tv stick,Commercial,35,390,29,0.59,"Sitelinks, AI Overview, Reviews, Video, People also ask, Related searches"
fritzbox cabel,Commercial,35,390,22,0.70,"Reviews, Video, People also ask, Related searches, Popular products"
recommended android tv box,"Informational, Commercial",35,390,27,0.33,"Sitelinks, Reviews, Video, Video carousel, People also ask, Related searches, Popular products"
stream hd,Commercial,35,390,19,1.18,"Reviews, People also ask, Related searches"
test android box tv,"Informational, Commercial",35,390,30,0.14,"Reviews, Video, Video carousel, People also ask, Related searches, Popular products"
tv live tv free,Commercial,35,390,53,1.26,"AI Overview, Reviews, Video, People also ask, Related searches"
tv stick test,Commercial,35,390,39,0.50,"Sitelinks, Reviews, Video, People also ask, Related searches"
welche streaming dienst ist der beste,Commercial,35,390,38,1.56,"Sitelinks, AI Overview, Reviews, Video, Video carousel, People also ask, Related searches"
amazon video download,"Informational, Transactional",35,320,50,0.28,"Sitelinks, AI Overview, Reviews, Video, People also ask, Related searches"
internetfernsehen kostenlos,"Informational, Commercial",35,320,44,0.58,"AI Overview, Reviews, Video, People also ask, Related searches, Ads bottom, Ads middle"
kabel 1 kostenlos streamen,Commercial,35,320,30,0.57,"Sitelinks, People also ask, Related searches"
kostenlos fernseh gucken,Commercial,35,320,39,0.72,"AI Overview, Reviews, Video, People also ask, Related searches"
live tv ohne anmeldung,"Navigational, Transactional",35,320,45,1.00,"Sitelinks, Video, People also ask, Related searches"
sat signal kabellos übertragen,Commercial,35,320,15,0.31,"Sitelinks, Reviews, Video, People also ask, Related searches, Popular products"
fernsehen kostenlos anschauen,Commercial,35,260,50,0.31,"Reviews, Video, People also ask, Related searches"
free internet tv online,Commercial,35,260,72,1.22,"Reviews, Video, People also ask, Related searches"
free tv ohne anmeldung,"Navigational, Transactional",35,260,42,0.63,"Reviews, Video, People also ask, Related searches"
tvlivestream,Commercial,35,260,66,0.79,"Reviews, Video, People also ask, Related searches"
welcher fire tv stick ist der beste,Commercial,35,260,30,0.34,"Sitelinks, AI Overview, Reviews, Video, Video carousel, People also ask, Related searches"
alternative satellitenschüssel,Commercial,35,210,21,1.00,"Sitelinks, Reviews, Image, Video, Video carousel, People also ask, Related searches, Ads bottom"
amazon prime videop,"Informational, Transactional",35,210,73,0.12,"Reviews, People also ask, Knowledge panel, Related searches, Ads top, Ads bottom"
apple vs fire tv,Commercial,35,210,10,0.00,"AI Overview, Reviews, Image pack, Video, Video carousel, People also ask, Related searches"
bester streaming stick,Commercial,35,210,35,0.64,"Sitelinks, Reviews, Instant answer, Video, People also ask, Related searches, Popular products"
fernsehen frei,Commercial,35,210,47,0.53,"Sitelinks, Reviews, Video, People also ask, Knowledge panel, Related searches, Ads bottom"
fire tv stick vs apple tv,Commercial,35,210,26,0.00,"AI Overview, Reviews, Video, Video carousel, People also ask, Related searches"
gratis live tv,Commercial,35,210,54,0.82,"Reviews, Video, Related searches"
kabel ein stream,Commercial,35,210,42,0.67,"Reviews, Video, People also ask, Related searches"
live tv se,"Informational, Transactional",35,210,87,1.29,"Reviews, Video, People also ask, Related searches"
livestream rtl de,"Navigational, Transactional",35,210,64,0.71,"Reviews, Video, People also ask, Related searches"
mein rtl plus,"Navigational, Transactional",35,210,42,1.64,"Reviews, Video, People also ask, Related searches"
streaming anbieter im vergleich,Commercial,35,210,40,1.58,"AI Overview, Reviews, Video, People also ask, Related searches, Ads bottom"
alternative zu waipu,"Informational, Commercial",35,170,28,0.59,"Sitelinks, AI Overview, Reviews, Video, People also ask, Related searches"
amazon fire tv stick 2 generation,"Informational, Transactional",35,170,31,0.78,"Reviews, Video, People also ask, Related searches, Popular products"
avm kabelrouter,"Informational, Commercial",35,170,38,0.46,"Reviews, Video, People also ask, Related searches, Popular products"
best streaming stick,Commercial,35,170,40,0.64,"Sitelinks, Reviews, Video, Video carousel, People also ask, Related searches, Popular products"
fernseh kostenlos anschauen,Commercial,35,170,41,0.31,"Sitelinks, Reviews, Video, People also ask, Related searches, Ads middle"
fernsehen auf dem laptop kostenlos,Commercial,35,170,42,0.38,"AI Overview, Reviews, Video, Video carousel, People also ask, Related searches, Ads top, Ads middle"
fernsehen auf laptop kostenlos,"Informational, Commercial",35,170,53,0.45,"AI Overview, Video, People also ask, Related searches, Ads bottom, Ads middle"
fernsehen über internet vergleich,Commercial,35,170,36,1.61,"AI Overview, Reviews, Video, People also ask, Related searches, Ads top, Ads bottom"
germany ip tv,Commercial,35,170,16,0.87,"AI Overview, Video, People also ask, Related searches"
kostenlos fernsehen am laptop,"Informational, Commercial",35,170,25,0.36,"Sitelinks, AI Overview, Reviews, Video, Video carousel, People also ask, Related searches, Ads middle"
magenta tv vs waipu,"Informational, Commercial",35,170,19,0.00,"Sitelinks, AI Overview, Reviews, Video, People also ask, Related searches"
roku app,Commercial,35,170,40,0.17,"AI Overview, Reviews, People also ask, Related searches"
rtl kostenlos und ohne anmeldung,"Navigational, Transactional",35,170,29,0.00,"AI Overview, Reviews, Image, Video, People also ask, Related searches"
stream tv live free,Commercial,35,170,55,1.58,"Reviews, Video, People also ask, Related searches"
tv streaming app,Commercial,35,170,45,1.96,"AI Overview, Reviews, Video, People also ask, Related searches"
tv streaming kostenlos ohne anmeldung,"Navigational, Transactional",35,170,56,0.00,"Sitelinks, AI Overview, Reviews, Video, People also ask, Related searches"
vergleich streaming dienste,Commercial,35,170,36,1.79,"AI Overview, Reviews, Video, People also ask, Related searches"
deutsche kanäle live,Commercial,35,140,34,1.03,"Reviews, Video, Related searches, Ads bottom"
fernseh online schauen,Commercial,35,140,59,1.69,"Reviews, Video, People also ask, Related searches, Ads bottom"
german ip tv,Commercial,35,140,10,0.87,"AI Overview, Video, People also ask, Related searches"
livetvstream,Commercial,35,140,67,1.08,"Reviews, Video, Video carousel, Related searches"
netflix zahlungen,"Informational, Transactional",35,140,39,0.00,"AI Overview, Video, People also ask, Related searches"
online tv gucken,Commercial,35,140,46,2.42,"Reviews, Video, People also ask, Related searches"
online tv ohne anmeldung,Transactional,35,140,46,8.29,"Reviews, Video, Related searches"
roku apps,"Informational, Transactional",35,140,32,0.24,"AI Overview, Reviews, Video, People also ask, Related searches"
streaming stick test,Commercial,35,140,36,0.36,"Sitelinks, Reviews, Video, Video carousel, People also ask, Related searches, Ads middle"
tv live kostenlos ohne anmeldung,"Navigational, Transactional",35,140,37,0.00,"Video, People also ask, Related searches"
tv programm kostenlos streamen,Commercial,35,140,51,0.66,"Reviews, Video, People also ask, Related searches"
vodafone kabel router kaufen,Transactional,35,140,31,0.85,"Reviews, Video, People also ask, Related searches, Popular products"
amazon videos downloaden,"Informational, Transactional",35,110,31,0.66,"Sitelinks, Video, People also ask, Related searches"
bester streaming service,Commercial,35,110,38,1.67,"AI Overview, Reviews, Video, People also ask, Related searches"
gibt es eine rtl mediathek,"Navigational, Transactional",35,110,57,0.37,"Sitelinks, Reviews, Video, People also ask, Related searches"
hdtv live,Commercial,35,110,63,1.00,"AI Overview, Reviews, Video, People also ask, Related searches"
internet fernseh gucken,"Informational, Commercial",35,110,38,1.50,"AI Overview, Reviews, Video, Video carousel, People also ask, Related searches, Ads top, Ads middle"
internet kabel fritzbox,"Informational, Transactional",35,110,26,1.14,"Sitelinks, Video, People also ask, Related searches, Popular products"
kostenlos fernseh schauen online,Commercial,35,110,52,0.77,"AI Overview, Reviews, Video, Related searches, Ads middle"
kostenlos vox gucken,Commercial,35,110,46,0.77,"AI Overview, Reviews, Video, People also ask, Related searches"
kostenlose fernsehprogramme,Commercial,35,110,42,0.42,"AI Overview, Reviews, Video, People also ask, Related searches, Ads bottom, Ads middle"
live tv kostenlos online,Commercial,35,110,52,1.31,"Reviews, Video, People also ask, Related searches"
live tv streamen kostenlos,Commercial,35,110,47,0.63,"Reviews, Video, People also ask, Related searches"
livestream pro7 kostenlos,Commercial,35,110,42,0.50,"Reviews, Video, People also ask, Related searches"
netflix login probleme heute,"Informational, Transactional",35,110,51,0.00,"AI Overview, Reviews, People also ask, Related searches"
online fernsehen schauen kostenlos,Commercial,35,110,52,0.77,"AI Overview, Reviews, Video, People also ask, Related searches, Ads top, Ads bottom"
rtl livstream,Transactional,35,110,48,0.70,"Video, People also ask, Top stories, Related searches"
rtl lviestream,Commercial,35,110,34,0.60,"Reviews, Video, People also ask, Related searches"
rtl n,"Navigational, Transactional",35,110,79,0.06,"Sitelinks, Reviews, Video, People also ask, Knowledge panel, Related searches"
rtl+ kaufen,Transactional,35,110,31,1.19,"Reviews, Video, People also ask, Related searches, Popular products, Ads top, Ads bottom"
tv live online kostenlos,Commercial,35,110,67,1.31,"AI Overview, Reviews, Video, People also ask, Related searches"
tv online live kostenlos,Commercial,35,110,58,1.31,"AI Overview, Reviews, Video, People also ask, Related searches"
tv online ohne anmeldung,"Navigational, Transactional",35,110,41,0.00,"Sitelinks, Reviews, Video, People also ask, Related searches"
tv programm stream kostenlos,Commercial,35,110,51,1.36,"AI Overview, Reviews, Video, People also ask, Related searches"
tv stream app,"Informational, Commercial",35,110,49,1.76,"AI Overview, Reviews, Video, People also ask, Related searches"
tv stream live kostenlos,Commercial,35,110,64,1.35,"Sitelinks, Reviews, Video, People also ask, Related searches"
vodafone router wifi 6,Transactional,35,110,26,2.00,"Sitelinks, Reviews, Video, Video carousel, People also ask, Related searches, Popular products"
amazon fire tv 4,"Informational, Transactional",35,90,30,0.18,"Sitelinks, Reviews, Video, People also ask, Related searches, Popular products"
amazon fire tv stick 4k media markt,"Informational, Transactional",35,90,25,0.32,"Sitelinks, People also ask, Related searches, Popular products"
amazon prime videdo,"Informational, Transactional",35,90,69,0.12,"Video, People also ask, Knowledge panel, Related searches"
chromecast vs fire tv,Commercial,35,90,18,0.00,"Sitelinks, AI Overview, Video, Video carousel, People also ask, Related searches"
ethernet to coax,"Informational, Transactional",35,90,24,0.26,"Sitelinks, Reviews, Video, Video carousel, People also ask, Knowledge panel, Related searches, Popular products"
fernsehen usb stick,Commercial,35,90,19,0.63,"Sitelinks, Reviews, Video, Video carousel, People also ask, Related searches, Popular products, Ads top"
fire tv wikipedia,"Navigational, Transactional",35,90,40,0.00,"Sitelinks, AI Overview, Reviews, Video, People also ask, Related searches"
fritzbox bei vodafone anmelden,"Informational, Transactional",35,90,38,3.87,"Sitelinks, AI Overview, Reviews, Video, Video carousel, People also ask, Related searches"
kostenlos online fernsehen schauen,Commercial,35,90,58,0.77,"Sitelinks, Reviews, Video, People also ask, Related searches, Ads top, Ads bottom"
nordvpn amazon,"Navigational, Transactional",35,90,34,0.09,"Sitelinks, People also ask, Related searches"
stream anbieter,"Informational, Commercial",35,90,45,2.07,"Sitelinks, AI Overview, Video, People also ask, Related searches, Ads top, Ads middle"
stream tv free,Commercial,35,90,52,0.94,"Reviews, Video, People also ask, Related searches"
stream tv tv series,Commercial,35,90,61,2.94,"AI Overview, Reviews, Video, People also ask, Related searches"
television gratis online,Commercial,35,90,56,0.00,"AI Overview, Reviews, Video, Related searches"
tv streaming online live,Commercial,35,90,67,0.54,"Reviews, Video, Related searches"
tv umsonst schauen,Commercial,35,90,50,1.04,"Reviews, Video, People also ask, Related searches"
welcher streamingdienst ist der beste,Commercial,35,90,30,1.46,"AI Overview, Reviews, Video, Video carousel, People also ask, Related searches"
5k player download,"Informational, Transactional",35,70,29,0.09,"Reviews, Related searches"
amazon fire tv stick 4k 3 generation,"Informational, Transactional",35,70,30,0.63,"Sitelinks, People also ask, Related searches, Popular products"
coax router,"Informational, Transactional",35,70,24,1.09,"Sitelinks, Image pack, Video, People also ask, Related searches, Popular products"
fire tv stick 4k uhd,"Informational, Transactional",35,70,24,0.35,"Reviews, Video, Video carousel, People also ask, Related searches, Popular products"
free internet tv streaming,"Informational, Commercial",35,70,48,1.35,"AI Overview, Reviews, Video, Related searches, Ads bottom"
kostenlos im internet fernsehen ohne anmeldung,Transactional,35,70,37,0.00,"AI Overview, Reviews, Video, People also ask, Related searches, Ads bottom"
lan over coaxial cable,"Informational, Transactional",35,70,26,0.26,"Sitelinks, Reviews, Image pack, Video, Video carousel, People also ask, Knowledge panel, Related searches, Popular products"
live tv apk,"Informational, Commercial",35,70,23,0.52,"AI Overview, Reviews, Video, Related searches"
online stream rtl,"Navigational, Transactional",35,70,36,0.97,"Sitelinks, Reviews, Video, People also ask, Related searches"
rtl am pc schauen,Commercial,35,70,49,1.10,"Sitelinks, AI Overview, Reviews, Video, People also ask, Related searches, Ads top, Ads bottom"
tv online app,"Informational, Commercial",35,70,56,2.30,"AI Overview, Reviews, Video, People also ask, Related searches"
tv top tv,Commercial,35,70,22,0.38,"Reviews, Video, People also ask, Related searches"
rtl plus,"Navigational, Commercial",34,1000000,69,0.21,"Sitelinks, Reviews, Video, Video carousel, People also ask, Top stories, Related searches, Ads top, Ads bottom"
tv live,Commercial,34,6600,76,0.57,"Reviews, Video, Related searches"
mediathek rtl live,"Navigational, Transactional",34,1600,63,0.30,"Sitelinks, AI Overview, Reviews, Video, People also ask, Related searches"
rtl live streaming,"Navigational, Transactional",34,1600,40,0.63,"Sitelinks, Reviews, Video, People also ask, Related searches"
rtl live television,"Navigational, Transactional",34,1600,67,0.65,"Sitelinks, Reviews, Video, People also ask, Related searches"
tv schauen online,Commercial,34,1600,60,1.52,"Reviews, Video, People also ask, Related searches, Ads top, Ads bottom"
rtl kostenlos live,"Navigational, Transactional",34,1300,49,1.05,"Reviews, Video, People also ask, Related searches"
rtl live mediathek,"Navigational, Transactional",34,1300,67,0.30,"Reviews, Video, People also ask, Related searches"
streaming rtl live,"Navigational, Transactional",34,1300,65,0.79,"Sitelinks, Reviews, Video, People also ask, Related searches"
fernsehen im internet kostenlos ohne anmeldung deutsch,"Navigational, Transactional",34,1000,36,0.37,"Reviews, Video, People also ask, Related searches"
kite lite,"Informational, Transactional",34,880,10,0.00,"Reviews, Image pack, Video, Video carousel, People also ask, Knowledge panel, Related searches, Popular products"
rtl uživo,"Navigational, Transactional",34,880,45,0.00,"Video, Related searches"
kostenlos online tv schauen ohne anmeldung,"Navigational, Transactional",34,720,50,0.36,"Sitelinks, AI Overview, Reviews, Video, People also ask, Related searches"
live tv app,Commercial,34,720,40,1.53,"Reviews, Video, People also ask, Related searches"
livestream free tv,Commercial,34,720,69,0.00,"Reviews, Video, People also ask, Top stories, Related searches"
tv programm live,"Informational, Transactional",34,720,79,0.75,"Reviews, Video, Related searches"
internet und fernsehen,Commercial,34,590,35,2.31,"Reviews, Video, People also ask, Related searches, Ads top, Ads middle"
livestreams kostenlos,Commercial,34,590,67,0.87,"Reviews, Video, People also ask, Related searches"
netflix telekom,"Navigational, Transactional",34,590,28,3.18,"Reviews, Video, People also ask, Related searches"
rtl2 streamen,Commercial,34,590,45,0.75,"Reviews, Video, People also ask, Related searches"
fritzbox 6690 cable preis,Transactional,34,480,28,0.72,"Featured snippet, People also ask, Knowledge panel, Related searches"
netflix server status,"Informational, Transactional",34,480,50,0.00,"Reviews, People also ask, Related searches"
online tv online free,Commercial,34,480,56,1.22,"AI Overview, Reviews, Video, Knowledge panel, Related searches, Ads bottom"
rtl plus website,"Navigational, Transactional",34,480,56,1.24,"Reviews, Video, People also ask, Related searches"
rtl tv live kostenlos,Commercial,34,480,50,0.90,"Reviews, Video, People also ask, Related searches"
tv app kostenlos ohne anmeldung,Transactional,34,480,37,0.47,"AI Overview, Reviews, Video, People also ask, Related searches"
tv online free online tv,Commercial,34,480,50,1.22,"AI Overview, Reviews, Video, Related searches"
and tv live streaming free,Commercial,34,390,49,0.95,"Reviews, Video, People also ask, Related searches"
best android tv box,Commercial,34,390,32,0.33,"Sitelinks, Video, People also ask, Related searches, Popular products"
fußball live stream rtl,"Navigational, Transactional",34,390,49,0.91,"Reviews, Video, People also ask, Related searches"
kostenlos fernsehen ohne anmeldung,"Navigational, Transactional",34,390,35,0.41,"Reviews, Video, People also ask, Related searches, Ads middle"
live stream tv free,Commercial,34,390,59,1.58,"Reviews, Video, People also ask, Related searches"
roco tv stick,"Informational, Transactional",34,390,24,0.28,"Reviews, Video, People also ask, Related searches, Popular products, Ads middle"
rtl livestream fußball,"Informational, Transactional",34,390,50,0.91,"Reviews, Video, People also ask, Related searches"
tv stream kostenlos ohne anmeldung,"Navigational, Transactional",34,390,54,0.00,"Sitelinks, Reviews, Video, People also ask, Related searches"
fritz box cabel,"Informational, Transactional",34,320,28,0.78,"Reviews, Image pack, Video, People also ask, Related searches, Popular products, Ads bottom"
google tv vs android tv,"Informational, Commercial",34,320,19,0.00,"Sitelinks, AI Overview, Video, Video carousel, People also ask, Related searches"
kostenlos live stream fernsehen,Commercial,34,320,57,0.90,"Reviews, Image, Video, People also ask, Top stories, Related searches"
program tv online live,Commercial,34,320,62,1.42,"Video, Related searches"
rtl live kostenlos ohne anmelden,"Navigational, Transactional",34,320,57,0.87,"Reviews, Video, Related searches"
rtl live stream hd,"Navigational, Transactional",34,320,43,1.08,"Sitelinks, Reviews, Video, People also ask, Related searches"
rtl2 live tv,Commercial,34,320,48,0.70,"AI Overview, Reviews, Video, People also ask, Related searches"
rtlmediathek,Commercial,34,320,52,0.19,"Reviews, Video, People also ask, Related searches, Ads top, Ads bottom"
rtltv,Transactional,34,320,71,0.44,"Reviews, Video, People also ask, Knowledge panel, Related searches, Ads middle"
fritzbox 6690 vs 6670,"Informational, Commercial",34,260,17,3.85,"Sitelinks, AI Overview, Reviews, Video, Video carousel, People also ask, Related searches"
german television online,"Informational, Transactional",34,260,43,0.64,"Reviews, Video, People also ask, Related searches, Ads top, Ads bottom"
kostenlos tv schauen ohne anmeldung,"Navigational, Transactional",34,260,49,0.33,"Sitelinks, Reviews, Video, Related searches"
kostenlos und ohne anmeldung fernsehen,Transactional,34,260,40,0.76,"AI Overview, Reviews, Video, Related searches"
live tv free,Commercial,34,260,55,1.49,"AI Overview, Reviews, Image, Video, People also ask, Related searches"
livetv free streaming,"Navigational, Transactional",34,260,33,1.58,"Video, People also ask, Related searches"
netflix status,"Informational, Transactional",34,260,50,0.00,"Reviews, Video, People also ask, Related searches"
rtl live hd stream,"Navigational, Transactional",34,260,49,0.87,"Reviews, Video, People also ask, Related searches"
rtl live streaming kostenlos,Commercial,34,260,48,1.11,"Sitelinks, Reviews, Video, People also ask, Related searches"
rtl2 kostenlos stream,Commercial,34,260,28,0.97,"Reviews, Video, People also ask, Related searches"
rtl2 live mediathek,"Navigational, Transactional",34,260,41,0.00,"AI Overview, Reviews, Video, Video carousel, People also ask, Related searches"
rtl2 live streaming,Commercial,34,260,41,0.83,"Reviews, Video, Video carousel, People also ask, Related searches"
rtl2 mediathek live,Commercial,34,260,42,0.49,"Sitelinks, Reviews, Video, People also ask, Related searches, Ads bottom"
tv live rtl,"Navigational, Transactional",34,260,58,0.66,"Reviews, Video, People also ask, Top stories, Related searches"
vergleich fernsehen internet,Commercial,34,260,36,1.49,"Reviews, Video, People also ask, Related searches, Ads top, Ads middle"
xstreams,Transactional,34,260,56,1.18,People also ask
fernsehen internet vergleich,Commercial,34,210,37,1.61,"Sitelinks, AI Overview, Reviews, Video, People also ask, Related searches"
fernsehen kostenlos live stream,Commercial,34,210,63,0.90,"AI Overview, Reviews, Video, People also ask, Related searches"
fernsehen kostenlos und ohne anmeldung,"Informational, Transactional",34,210,33,0.42,"Reviews, Video, People also ask, Related searches, Ads bottom"
fernsehen über internet kostenlos ohne anmeldung,"Informational, Transactional",34,210,31,0.29,"AI Overview, Reviews, Video, People also ask, Related searches, Ads bottom, Ads middle"
fire tv stick 3 gen,Commercial,34,210,13,0.19,"Sitelinks, Reviews, Video, Video carousel, People also ask, Related searches, Popular products, Ads middle"
free tv online,Commercial,34,210,57,0.94,"AI Overview, Reviews, Video, Related searches"
ist netflix down,"Informational, Transactional",34,210,34,0.00,"Reviews, People also ask, Related searches"
live tv schauen,Commercial,34,210,70,1.07,"Reviews, Video, People also ask, Related searches"
netflix server,"Navigational, Transactional",34,210,62,0.00,"AI Overview, Reviews, Video, People also ask, Related searches"
netflix zusatzaccount,"Informational, Transactional",34,210,41,0.91,"AI Overview, Reviews, Video, People also ask, Related searches"
rtl televizija live stream,"Navigational, Transactional",34,210,53,0.90,"Reviews, Video, People also ask, Related searches"
rtl uzivo,"Informational, Transactional",34,210,48,0.93,"Reviews, Video, People also ask, Related searches"
rtl uživo stream,"Navigational, Transactional",34,210,47,0.99,"AI Overview, Reviews, Video, People also ask, Related searches"
tv free streaming,Commercial,34,210,46,0.89,"AI Overview, Reviews, Video, Related searches"
wlan router für kabelanschluss,Commercial,34,210,21,2.30,"Reviews, Video, Related searches, Popular products"
amazon fire tv stick 3rd generation,Commercial,34,170,22,0.66,"Sitelinks, Reviews, Video, People also ask, Related searches, Popular products"
android tv vs google tv,"Informational, Commercial",34,170,26,0.00,"Sitelinks, AI Overview, Video, Video carousel, People also ask, Related searches"
android vs google tv,"Informational, Commercial",34,170,19,0.00,"Sitelinks, AI Overview, Video, Video carousel, Short videos, People also ask, Related searches"
free tv live stream,Commercial,34,170,54,0.62,"Reviews, Video, People also ask, Related searches"
freetvstream,Commercial,34,170,42,2.32,"Reviews, Video, Related searches"
koaxialkabel für router,Commercial,34,170,20,0.65,"Video, People also ask, Related searches, Popular products, Ads top, Ads middle"
kostenlos fernsehen online ohne anmeldung,"Navigational, Transactional",34,170,55,0.00,"AI Overview, Reviews, Video, People also ask, Related searches, Ads bottom"
live pro tv gratis,Commercial,34,170,52,0.00,"Reviews, Video, People also ask, Related searches"
nokia fernseher,"Informational, Transactional",34,170,22,0.00,"Reviews, Video, People also ask, Related searches, Popular products"
prosieben kostenlos streamen,Commercial,34,170,41,0.48,"Reviews, Video, People also ask, Related searches"
rtl internet live,Transactional,34,170,49,0.94,"Sitelinks, Reviews, Video, People also ask, Related searches"
rtl2 streaming,Commercial,34,170,40,0.73,"Video, People also ask, Related searches, Ads top"
tv livestream free,Commercial,34,170,60,1.58,"Reviews, Video, Top stories, Related searches"
tv online deutsch,Commercial,34,170,60,0.64,"Reviews, Video, Video carousel, People also ask, Related searches, Ads middle"
tv online kostenlos schauen,Commercial,34,170,50,0.89,"Reviews, Video, People also ask, Related searches, Ads bottom"
tv rtl2 live,Commercial,34,170,40,0.88,"Reviews, Video, People also ask, Related searches"
vergleich internet fernsehen,Commercial,34,170,37,1.61,"Sitelinks, AI Overview, Reviews, Video, People also ask, Related searches"
vodafone hd karte,"Navigational, Transactional",34,170,32,1.38,"People also ask, Related searches, Ads top, Ads bottom"
fernseh gucken internet,"Informational, Commercial",34,140,35,1.36,"AI Overview, Reviews, Video, Video carousel, People also ask, Related searches, Ads bottom, Ads middle"
fernseh gucken online,Commercial,34,140,47,2.02,"Sitelinks, Reviews, Video, People also ask, Related searches"
fernsehen free,Commercial,34,140,62,1.39,"AI Overview, Reviews, Video, People also ask, Top stories, Related searches"
kostenlos stream,Commercial,34,140,56,0.87,"Reviews, Image, Video, People also ask, Top stories, Related searches"
live tv.com,Commercial,34,140,65,1.26,"Reviews, Video, People also ask"
online kostenlos tv schauen,Commercial,34,140,50,0.89,"Reviews, Video, People also ask, Related searches, Ads bottom"
online stream fernsehen,Commercial,34,140,68,1.94,"Reviews, Video, Related searches, Ads bottom"
online tv free,Commercial,34,140,49,1.22,"AI Overview, Reviews, Video, Related searches"
rtl de livestream,"Navigational, Transactional",34,140,49,0.96,"Reviews, Video, People also ask, Related searches"
rtl plus mitgliedschaft,"Navigational, Transactional",34,140,49,1.45,"Reviews, Video, Video carousel, People also ask, Related searches"
rtl tv uživo,"Navigational, Transactional",34,140,39,0.93,"Reviews, Video, Related searches"
web tv free streaming,Commercial,34,140,64,1.35,"Reviews, Video, Related searches"
www rtl plus,"Navigational, Transactional",34,140,65,0.57,"Sitelinks, Reviews, Video, Video carousel, People also ask, Related searches"
errores netflix,"Navigational, Transactional",34,110,35,0.00,"AI Overview, Reviews, Video, Video carousel, People also ask, Related searches"
fernsehn app kostenlos,Commercial,34,110,50,0.61,"AI Overview, Reviews, Video, People also ask, Related searches, Ads middle"
hdstream to,Commercial,34,110,20,0.00,"Reviews, Video, Related searches"
live streaming rtl,"Navigational, Transactional",34,110,40,0.76,"Reviews, Video, People also ask, Related searches, Ads bottom"
media markt tv stick,Commercial,34,110,30,0.57,"Sitelinks, People also ask, Related searches, Popular products, Ads bottom"
my rtl plus,"Navigational, Transactional",34,110,44,1.64,"Sitelinks, Reviews, Video, People also ask, Related searches, Ads top, Ads bottom"
netflix konto reaktivieren,"Informational, Transactional",34,110,50,0.00,"AI Overview, Reviews, Video, People also ask, Related searches"
prime app windows,"Informational, Transactional",34,110,53,0.14,"Reviews, Video, Video carousel, People also ask, Related searches"
rtl nitro kostenlos streamen,Commercial,34,110,19,1.46,"Sitelinks, Reviews, Video, People also ask, Related searches"
rtl2 online stream,Commercial,34,110,26,0.95,"Reviews, Video, People also ask, Related searches"
rtl2 streaming kostenlos,Commercial,34,110,29,0.62,"Reviews, Video, People also ask, Related searches"
tv recorder,Commercial,34,110,27,0.51,"Reviews, Video, People also ask, Related searches, Popular products, Ads bottom"
fernseh schauen gratis,Commercial,34,90,44,0.85,"AI Overview, Reviews, Video, People also ask, Related searches"
fernsehanbieter im vergleich,Commercial,34,90,30,1.01,"AI Overview, Reviews, Video, People also ask, Related searches, Ads top, Ads middle"
fernsehanbieter vergleich,Commercial,34,90,34,1.14,"Sitelinks, AI Overview, Reviews, Video, People also ask, Related searches"
fernsehen am tablet kostenlos,Commercial,34,90,50,0.39,"AI Overview, Reviews, Video, People also ask, Related searches, Ads bottom, Ads middle"
fernsehn am pc,"Informational, Commercial",34,90,19,0.53,"AI Overview, Reviews, Video, People also ask, Related searches, Ads top"
fernsehprogramm kostenlos streamen,Commercial,34,90,50,0.83,"Sitelinks, Reviews, Video, People also ask, Related searches"
fire tv 1st gen,"Informational, Transactional",34,90,21,0.00,"Reviews, Image pack, Video, Video carousel, People also ask, Related searches, Popular products"
free live stream tv,Commercial,34,90,46,0.90,"Reviews, Video, Related searches"
free tv streams,Commercial,34,90,70,0.00,"Sitelinks, Reviews, Video, Video carousel, Top stories, Related searches, Ads bottom"
live tv fernsehen,Commercial,34,90,69,0.72,"Reviews, Video, People also ask, Related searches"
rtl de stream live,"Navigational, Transactional",34,90,83,0.71,"Reviews, Video, People also ask, Related searches"
rtl ii livestream,Commercial,34,90,31,0.68,"Reviews, Video, People also ask, Related searches"
rtl kostenlos tv,Transactional,34,90,50,0.76,"Reviews, Video, People also ask, Related searches, Ads bottom"
rtl livestream hd,"Navigational, Transactional",34,90,52,0.87,"Reviews, Video, People also ask, Related searches"
rtl livestream mediathek,"Navigational, Transactional",34,90,48,0.00,"Reviews, Video, People also ask, Related searches"
streaming vergleich,Commercial,34,90,38,1.89,"Reviews, Video, People also ask, Related searches"
tv live free,Commercial,34,90,62,1.58,"Reviews, Video, People also ask, Related searches"
vergleich fernsehanbieter,Commercial,34,90,39,1.14,"Sitelinks, Reviews, Video, People also ask, Related searches, Ads top, Ads bottom"
waipu alternativen,Commercial,34,90,25,0.78,"AI Overview, Reviews, Video, People also ask, Related searches"
fernsehen im internet ohne anmeldung kostenlos,Transactional,34,70,40,0.00,"AI Overview, Reviews, Video, People also ask, Related searches"
fire tv stick 4k 3rd generation,Commercial,34,70,22,0.37,"Sitelinks, Reviews, Video, Video carousel, People also ask, Related searches, Popular products"
free tv online streaming,Commercial,34,70,50,1.69,"AI Overview, Reviews, Video, Related searches"
fritz box 6690 preis,Transactional,34,70,27,0.73,"Reviews, People also ask, Knowledge panel, Related searches"
gratis fernseh schauen,Commercial,34,70,35,0.62,"Reviews, Video, People also ask, Related searches"
hd karte für kabelfernsehen vodafone,Transactional,34,70,30,0.00,"Reviews, People also ask, Related searches"
kostenlos fernsehen ohne anmeldung internet,"Navigational, Transactional",34,70,32,0.00,"AI Overview, Reviews, Video, People also ask, Related searches"
rtl online tv,"Navigational, Transactional",34,70,47,0.86,"Sitelinks, Reviews, Video, People also ask, Related searches"
rtl live,"Navigational, Transactional",33,450000,64,0.47,"Reviews, Video, People also ask, Related searches"
kostenlos rtl live,Transactional,33,5400,46,1.05,"Reviews, Video, People also ask, Related searches"
rtl stream live,Transactional,33,3600,49,0.79,"Reviews, Video, People also ask, Related searches"
rtl2 live stream kostenlos,Transactional,33,3600,31,1.00,"Reviews, Image, Video, People also ask, Related searches"
rtl2 livestream,Commercial,33,3600,44,0.83,"Reviews, Video, People also ask, Related searches"
live stream rtl2,Commercial,33,2900,35,0.83,"Video, People also ask, Related searches"
rtl 2 live stream kostenlos,Commercial,33,2400,38,1.23,"Reviews, Video, People also ask, Related searches"
rtl fußball live,"Informational, Transactional",33,2400,48,0.64,"Reviews, Video, People also ask, Related searches"
rtl online live stream,Transactional,33,2400,47,0.72,"Sitelinks, Reviews, Video, People also ask, Related searches, Ads bottom"
xstream x,Commercial,33,2400,29,1.30,"Reviews, People also ask"
rtlup live stream kostenlos ohne anmeldung,"Navigational, Transactional",33,1900,26,0.93,"Sitelinks, Video, People also ask, Related searches"
live tv vox,Commercial,33,1600,43,0.55,"AI Overview, Reviews, Video, People also ask, Related searches, Ads bottom"
livestream kostenlos rtl,"Navigational, Transactional",33,1600,53,1.04,"Sitelinks, Reviews, Video, People also ask, Related searches"
rtl free live streaming,"Navigational, Transactional",33,1600,42,0.96,"Reviews, Video, People also ask, Related searches"
kostenlos fernsehen gucken,Commercial,33,1300,49,0.75,"AI Overview, Reviews, Video, People also ask, Related searches"
live rtl stream,"Navigational, Transactional",33,1300,46,0.63,"Reviews, Video, People also ask, Related searches, Ads bottom"
rtl free,"Navigational, Transactional",33,1300,54,0.51,"AI Overview, Reviews, Video, Video carousel, People also ask, Related searches"
rtl life,"Navigational, Transactional",33,1300,34,0.47,"Sitelinks, Reviews, Video, People also ask, Related searches"
rtl live ohne anmelden,"Navigational, Transactional",33,1300,39,1.03,"Reviews, Video, People also ask, Related searches"
rtl2 stream kostenlos,Commercial,33,1300,36,0.97,"Reviews, Video, People also ask, Related searches"
tv rtl,"Informational, Commercial",33,1300,62,0.58,"Reviews, Video, Video carousel, People also ask, Top stories, Related searches"
live rtl,"Navigational, Transactional",33,1000,70,0.47,"Reviews, Video, Video carousel, People also ask, Top stories, Related searches"
sat 1 kostenlos streamen,Commercial,33,1000,46,0.42,"Reviews, Video, People also ask, Related searches"
sat 1 stream kostenlos,Commercial,33,1000,35,0.49,"Reviews, Video, People also ask, Related searches"
rtl online élő adás ingyen,Commercial,33,880,40,1.06,"Reviews, Video, Related searches"
rtl stream live kostenlos,Transactional,33,880,54,1.04,"Sitelinks, Reviews, Video, People also ask, Related searches"
fußball live rtl,"Informational, Transactional",33,720,40,0.72,"Reviews, Video, People also ask, Related searches"
livestream fernsehen,Commercial,33,720,80,0.69,"Reviews, Video, Video carousel, Related searches"
rtl liv,Transactional,33,590,51,0.47,"Reviews, Video, People also ask, Related searches, Ads top, Ads middle"
rtl live stream ohne anmeldung,"Navigational, Transactional",33,590,48,1.08,"Reviews, Video, People also ask, Related searches"
rtl livestream kostenlos ohne anmeldung,"Navigational, Transactional",33,590,46,1.20,"AI Overview, Reviews, Video, Related searches"
rtl plus streamen,Transactional,33,590,49,0.58,"AI Overview, Reviews, Video, Video carousel, People also ask, Related searches, Ads top, Ads bottom"
rtl-mediathek,Transactional,33,590,69,0.19,"Reviews, Video, People also ask, Related searches, Ads top"
rtlplus mediathek,Commercial,33,590,31,0.04,"Reviews, Video, People also ask, Related searches, Ads top, Ads bottom"
welcher streaming dienst ist der beste,Commercial,33,590,36,1.56,"AI Overview, Reviews, Video, People also ask, Related searches, Ads top"
app zum fernsehen,"Informational, Commercial",33,480,48,1.55,"AI Overview, Reviews, Video, People also ask, Related searches"
fussball rtl live stream,"Navigational, Transactional",33,480,48,0.91,"Reviews, Video, People also ask, Related searches"
router vodafone kaufen,Transactional,33,480,37,1.20,"Reviews, People also ask, Related searches, Popular products, Ads top, Ads bottom"
rtl free tv stream,"Navigational, Transactional",33,480,50,0.75,"Reviews, Video, People also ask, Related searches"
rtl live stream tv kostenlos,Commercial,33,480,46,0.00,"Reviews, Video, People also ask, Related searches"
rtl plus stream kostenlos,"Navigational, Transactional",33,480,51,0.31,"AI Overview, Reviews, Video, People also ask, Related searches"
rtlplus live stream kostenlos,"Navigational, Transactional",33,480,50,0.36,"Sitelinks, Video, People also ask, Related searches, Ads bottom"
app für fernsehen,"Informational, Commercial",33,390,48,1.55,"AI Overview, Reviews, Video, People also ask, Related searches"
fernsehen kostenlos ohne anmeldung,"Navigational, Transactional",33,390,42,0.69,"Reviews, Video, People also ask, Related searches"
fernseher live,Commercial,33,390,73,0.79,"Reviews, Video, People also ask, Top stories, Related searches"
livestream rtl kostenlos,Transactional,33,390,60,1.04,"Sitelinks, Reviews, Video, People also ask, Related searches"
rtl 2 kostenlos streamen,Commercial,33,390,31,1.27,"Reviews, Video, People also ask, Related searches"
rtl 2 stream kostenlos,Transactional,33,390,26,1.39,"Reviews, Video, People also ask, Related searches"
rtl 2ix2,"Navigational, Transactional",33,390,22,0.00,"Sitelinks, Reviews, People also ask, Related searches"
rtl kostenlos ansehen,Transactional,33,390,50,0.80,"Sitelinks, Reviews, Video, Video carousel, People also ask, Related searches"
rtl live streamen kostenlos,Transactional,33,390,48,1.07,"Reviews, Video, People also ask, Related searches"
rtl2 live kostenlos,Transactional,33,390,30,1.09,"Reviews, Video, People also ask, Related searches"
rtl2 live stream kostenlose,Commercial,33,390,28,0.00,"Reviews, Video, People also ask, Related searches"
umsonst tv,Commercial,33,390,49,1.25,"Reviews, Video, People also ask, Related searches"
waipu alternative,Commercial,33,390,23,0.78,"Sitelinks, AI Overview, Reviews, Video, People also ask, Related searches"
wlan router kabel,Commercial,33,390,28,2.61,"Video, People also ask, Related searches, Popular products"
free tv stream online kostenlos fernsehen,Commercial,33,320,45,0.00,"Reviews, Video, People also ask, Related searches"
fritz.box 6690,"Informational, Transactional",33,320,40,1.12,"Reviews, Video, Video carousel, People also ask, Knowledge panel, Related searches"
live stream kostenlos ohne anmeldung,"Navigational, Transactional",33,320,59,0.41,"Sitelinks, Reviews, Video, Related searches"
livestream rtl 2,Commercial,33,320,41,1.02,"Reviews, Video, Related searches"
primevideo.de,"Informational, Transactional",33,320,66,0.17,"Reviews, Video, People also ask, Knowledge panel, Ads bottom"
rtl + mediathek,"Informational, Transactional",33,320,73,0.19,"Reviews, Video, People also ask, Related searches"
rtl ive,"Navigational, Transactional",33,320,70,0.47,"Reviews, Video, People also ask, Top stories, Related searches"
rtl live kostenlos streamen,Commercial,33,320,51,1.06,"Sitelinks, Reviews, Video, People also ask, Related searches, Ads middle"
rtl stream live online,Commercial,33,320,38,0.70,"AI Overview, Video, People also ask, Related searches, Ads middle"
rtl up stream,"Navigational, Transactional",33,320,50,0.87,"Reviews, Video, People also ask, Related searches"
rtl2 gucken kostenlos,Commercial,33,320,30,1.35,"Reviews, Video, People also ask, Related searches"
super rtl livestream joyn,Transactional,33,320,56,0.57,"Reviews, Video, People also ask, Related searches"
alexa fernbedienung,"Informational, Transactional",33,260,26,0.34,"Image pack, Video, Related searches, Popular products"
fernseh schauen online,Commercial,33,260,68,1.69,AI Overview
fernsehn schauen online,Commercial,33,260,80,1.88,"Sitelinks, Video, Related searches, Ads top, Ads middle"
kostenlos rtl2 schauen,Commercial,33,260,35,0.91,"AI Overview, Reviews, Video, People also ask, Related searches"
live stream rtl hrvatska,"Navigational, Transactional",33,260,31,0.91,"Sitelinks, Video, People also ask, Related searches"
livestream fernsehen kostenlos,Commercial,33,260,69,0.90,"AI Overview, Reviews, Video, People also ask, Related searches"
livestream rtl2,Commercial,33,260,50,0.54,"Reviews, Video, People also ask, Related searches"
rtl hrvatska live stream,"Navigational, Transactional",33,260,25,0.99,"Sitelinks, Reviews, Video, Related searches"
rtl hrvatska uzivo,Transactional,33,260,34,0.00,"Reviews, Related searches"
rtl up kostenlos deutsche kanäle,Commercial,33,260,34,0.00,"AI Overview, Reviews, Video, People also ask, Related searches"
rtl zwei live stream kostenlos,Commercial,33,260,29,0.00,"Reviews, Video, People also ask, Related searches"
stream web,Commercial,33,260,83,1.41,"Reviews, Video, People also ask, Related searches, Ads top, Ads middle"
tv anbieter check24,Transactional,33,260,43,0.47,"AI Overview, Reviews, Video, People also ask, Related searches, Ads top, Ads bottom"
tv online free watch tv online live,Commercial,33,260,65,0.00,"AI Overview, Reviews, Video, Related searches"
watch live television online for free,Commercial,33,260,72,1.31,"AI Overview, Reviews, Video, People also ask, Related searches, Ads middle"
illegale filme gucken,Commercial,33,210,30,0.00,"Sitelinks, Reviews, Video, People also ask, Related searches"
kostenlos rtl2 gucken,Commercial,33,210,26,1.05,"Video, People also ask, Related searches"
kostenlose livestream,Commercial,33,210,69,1.68,"Reviews, Video, People also ask, Top stories, Related searches"
live stream rtl fussball,Transactional,33,210,46,0.91,
netflix online login,"Navigational, Transactional",33,210,70,0.00,"People also ask, Related searches"
netflix system status,"Informational, Transactional",33,210,57,0.00,"Reviews, People also ask, Related searches"
rtl + kostenlos testen,Commercial,33,210,44,2.13,"AI Overview, Reviews, Video, People also ask, Related searches, Ads top, Ads bottom"
rtl kostenlos live sehen,Commercial,33,210,49,1.00,"Sitelinks, Reviews, Video, People also ask, Related searches, Ads middle"
rtl live stream online,"Navigational, Transactional",33,210,54,0.72,"Reviews, Video, People also ask, Related searches"
rtl2 kostenlos ansehen,Commercial,33,210,29,0.00,"Reviews, Video, People also ask, Related searches"
rtl2 livestream kostenlos,Commercial,33,210,25,1.00,"AI Overview, Reviews, Video, Related searches"
rtl2 online schauen,Commercial,33,210,43,0.83,"AI Overview, Reviews, Video, People also ask, Related searches"
rtl2 online sehen,Commercial,33,210,30,0.87,"Reviews, Video, People also ask, Related searches"
sky q mini kaufen,Transactional,33,210,30,0.69,"Reviews, Video, People also ask, Related searches, Popular products"
umsonst fernsehn,Commercial,33,210,42,0.75,"AI Overview, Reviews, Video, People also ask, Related searches, Ads top, Ads middle"
www rtl de now,"Navigational, Transactional",33,210,76,0.04,"Reviews, Video, Related searches, Ads top"
amazon fire tv with 4k ultra hd,"Informational, Transactional",33,170,37,0.50,"Reviews, People also ask, Related searches, Popular products"
fernbedienung für alexa,"Informational, Transactional",33,170,24,0.35,"Video, Video carousel, People also ask, Related searches, Popular products"
fernsehen online schauen,Commercial,33,170,58,1.15,"Reviews, Video, People also ask, Related searches"
kostenlos fernsehen schauen ohne anmeldung,"Navigational, Transactional",33,170,40,0.00,"Sitelinks, Reviews, Video, People also ask, Related searches"
live stream com,Commercial,33,170,58,0.00,"Reviews, Video, People also ask, Related searches"
m3u editor online,"Informational, Commercial",33,170,10,0.00,"Reviews, Video, People also ask, Related searches"
online fernsehen kostenlos ohne anmeldung,"Navigational, Transactional",33,170,59,0.00,"Sitelinks, Reviews, Video, Related searches, Ads bottom"
rtl kostenlos live ansehen,Commercial,33,170,51,1.24,"Sitelinks, Reviews, Video, People also ask, Related searches, Ads middle"
rtl live anschauen kostenlos,Transactional,33,170,47,0.79,"Reviews, Video, People also ask, Related searches"
rtl live kostenlos sehen,Commercial,33,170,55,1.00,"Reviews, Video, People also ask, Related searches"
rtl now live,"Navigational, Transactional",33,170,50,0.29,"Reviews, Video, People also ask, Related searches, Ads bottom"
rtl2 kostenlos anschauen,Commercial,33,170,34,0.00,"AI Overview, Reviews, Video, People also ask, Related searches"
rtl2 live streamen,Commercial,33,170,24,0.85,"Reviews, Video, People also ask, Related searches, Ads bottom"
amazon prime downloader,Commercial,33,140,43,0.59,"Sitelinks, Reviews, Video, People also ask, Related searches"
best tv for firestick,Commercial,33,140,47,0.41,"Sitelinks, Video, People also ask, Related searches, Popular products, Ads bottom"
deutsches fernsehen im internet im ausland kostenlos,Commercial,33,140,30,0.71,"Sitelinks, AI Overview, Reviews, Video, Video carousel, People also ask, Related searches, Ads top, Ads middle"
fernsehen live stream rtl,Transactional,33,140,43,0.65,"Sitelinks, Video, People also ask, Related searches"
fernsehen rtl live stream,"Navigational, Transactional",33,140,49,0.56,"Sitelinks, Reviews, Video, People also ask, Related searches"
günstig fernsehen,Commercial,33,140,41,0.29,"AI Overview, Reviews, Video, Video carousel, People also ask, Related searches"
live fernsehen rtl kostenlos,Commercial,33,140,48,0.94,"AI Overview, Reviews, Video, People also ask, Related searches, Ads bottom"
live fernsehen stream,Commercial,33,140,70,1.26,"Reviews, Video, People also ask, Related searches, Ads top, Ads bottom"
live rtl2 schauen,Commercial,33,140,32,0.80,"Reviews, Video, People also ask, Related searches"
netflix servers,"Navigational, Transactional",33,140,68,0.00,"Reviews, Video, People also ask, Related searches"
online stream kostenlos,Commercial,33,140,52,0.00,"Reviews, Video, People also ask, Top stories, Related searches"
prime video apk,Commercial,33,140,40,0.00,"Reviews, Related searches"
programm rtlplus,Commercial,33,140,46,0.33,"Reviews, People also ask, Related searches, Ads top, Ads bottom"
prosieben live schauen,Commercial,33,140,49,0.47,"Reviews, Video, People also ask, Related searches"
rtl germany live,Transactional,33,140,75,0.50,"Reviews, Video, Video carousel, People also ask, Related searches, Ads bottom"
rtl kostenlos live anschauen,Commercial,33,140,48,1.24,"Sitelinks, AI Overview, Reviews, Video, People also ask, Related searches"
rtl kostenlose,"Navigational, Transactional",33,140,58,0.89,"Reviews, Video, People also ask, Related searches"
rtl kostenloser livestream,Commercial,33,140,42,1.01,"Sitelinks, Reviews, Video, People also ask, Related searches, Ads top, Ads middle"
rtl plus live tv,"Navigational, Transactional",33,140,42,0.64,"Sitelinks, Reviews, Video, People also ask, Related searches"
rtl tv live stream,"Navigational, Transactional",33,140,46,0.90,"Sitelinks, Reviews, Video, People also ask, Related searches"
rtl tv login,"Navigational, Transactional",33,140,39,0.43,"AI Overview, Reviews, Video, People also ask, Related searches"
sat 1 live stream kostenlos ohne anmeldung 2ix2,"Navigational, Transactional",33,140,45,0.00,"Sitelinks, Reviews, Video, Related searches"
sat 1 live streaming kostenlos,Commercial,33,140,40,0.29,"Reviews, Video, People also ask, Related searches"
amazon prime vs netflix,"Informational, Commercial",33,110,25,0.00,"Sitelinks, AI Overview, Reviews, Video, People also ask, Related searches"
coax converter to ethernet,"Informational, Transactional",33,110,11,0.22,"Sitelinks, Image pack, Video, Video carousel, People also ask, Related searches, Popular products"
fernseh internet,"Informational, Commercial",33,110,40,1.27,"AI Overview, Reviews, Video, People also ask, Related searches, Ads top, Ads bottom"
free tv stream online,Commercial,33,110,51,1.69,"Sitelinks, Reviews, Video, People also ask, Related searches"
kostenlos fernsehen online schauen,Commercial,33,110,43,0.77,"Sitelinks, Reviews, Video, People also ask, Related searches"
kostenlos rtl live gucken,Transactional,33,110,47,0.89,"Sitelinks, Reviews, Video, Video carousel, People also ask, Related searches, Ads top, Ads middle"
netflix nede,Transactional,33,110,50,0.00,"Reviews, Video, People also ask, Related searches"
netflix österreich,"Navigational, Transactional",33,110,69,0.00,"Sitelinks, Reviews, Video, People also ask, Related searches"
rtl 2 live kostenlos,Commercial,33,110,29,0.00,"Reviews, Video, People also ask, Related searches"
rtl fernsehen live stream,"Navigational, Transactional",33,110,54,0.56,"Sitelinks, Reviews, Video, People also ask, Related searches"
rtl free tv live,Transactional,33,110,52,0.65,"Sitelinks, Reviews, Video, People also ask, Related searches"
rtl kostenlos im internet,"Navigational, Transactional",33,110,50,0.64,"Sitelinks, Reviews, Video, People also ask, Related searches"
rtl live kostenlos gucken,Commercial,33,110,34,0.94,"Video, People also ask, Related searches"
rtl live kostenlos und ohne anmeldung,"Navigational, Transactional",33,110,27,0.00,"AI Overview, Reviews, Video, People also ask, Related searches"
rtl livestream fussball,"Navigational, Transactional",33,110,36,0.97,"Reviews, Video, People also ask, Related searches"
rtl online stream kostenlos,Commercial,33,110,47,1.36,"Sitelinks, Reviews, Video, People also ask, Related searches, Ads bottom"
rtl plus livestream kostenlos,"Navigational, Transactional",33,110,60,0.32,"Reviews, People also ask, Related searches"
rtl programm livestream,"Navigational, Transactional",33,110,61,0.63,"Reviews, Video, People also ask, Related searches"
sat1 hd stream,Transactional,33,110,43,1.09,"AI Overview, Reviews, Video, People also ask, Related searches, Ads middle"
stream kostenlos deutsch,Commercial,33,110,49,0.00,"Reviews, Video, Related searches"
streamen kostenlos ohne anmeldung,"Navigational, Transactional",33,110,39,0.17,"Sitelinks, Video, People also ask, Related searches"
anmeldung fernsehen,Transactional,33,90,61,2.48,"AI Overview, Reviews, Video, People also ask, Related searches"
cable coaxial to ethernet,"Informational, Transactional",33,90,25,0.26,"Sitelinks, Reviews, Image pack, Video, Video carousel, Short videos, People also ask, Related searches, Popular products"
coaxial cable adapter to ethernet,"Informational, Transactional",33,90,13,0.22,"Sitelinks, Image pack, Video, Video carousel, People also ask, Related searches, Popular products"
fernseh stream kostenlos,Commercial,33,90,49,0.84,"Video, People also ask, Knowledge panel, Related searches"
fernsehen live tv,Commercial,33,90,75,0.72,"Reviews, Video, People also ask, Related searches, Ads bottom"
fire tv 3 generation,Commercial,33,90,16,0.00,"Sitelinks, Reviews, Video, People also ask, Related searches, Popular products"
index m3u,Commercial,33,90,20,0.00,"AI Overview, Video, Video carousel, People also ask, Related searches"
live rtl gucken kostenlos,Commercial,33,90,55,0.89,"AI Overview, Reviews, Video, People also ask, Related searches, Ads top, Ads middle"
m3u player online,"Informational, Commercial",33,90,41,0.00,"Reviews, Related searches, Ads bottom"
mediathek rtl livestream,"Navigational, Transactional",33,90,48,0.00,"Reviews, Video, People also ask, Related searches, Ads bottom"
on tv youtube,"Navigational, Transactional",33,90,34,0.00,"Reviews, Video, Video carousel, People also ask, Related searches"
rtl 2 kostenlos,Commercial,33,90,31,2.02,"AI Overview, Video, People also ask, Related searches"
rtl 4 live,"Navigational, Transactional",33,90,34,0.71,"AI Overview, Reviews, Video, People also ask, Related searches"
rtl kostenlos live gucken,Commercial,33,90,30,0.89,"Reviews, Video, People also ask, Related searches, Ads bottom"
rtl kostenlos streamen ohne anmeldung,Transactional,33,90,45,0.00,"AI Overview, Reviews, Video, People also ask, Related searches"
rtl livew,"Navigational, Transactional",33,90,68,0.47,"Reviews, Video, People also ask, Top stories, Related searches"
rtl mediathek livestream,"Navigational, Transactional",33,90,44,0.00,
rtl online sehen,"Navigational, Transactional",33,90,46,0.82,"Reviews, Video, People also ask, Related searches, Ads bottom"
rtl stream ohne anmeldung,"Navigational, Transactional",33,90,42,1.31,"AI Overview, Reviews, Video, People also ask, Related searches"
rtl stream online kostenlos,Commercial,33,90,60,1.36,"AI Overview, Reviews, Video, People also ask, Related searches"
sat 1 hd live stream,Commercial,33,90,29,0.70,"Reviews, Video, People also ask, Related searches, Ads bottom"
tv fernsehen live,Commercial,33,90,60,0.72,"Reviews, Video, Video carousel, People also ask, Related searches"
tv watch,"Informational, Transactional",33,90,39,0.62,"Reviews, Image, Image pack, Video, Video carousel, People also ask, Related searches, Popular products"
4k ultra hd fire tv,"Informational, Transactional",33,70,24,0.47,"Reviews, Video, People also ask, Related searches, Popular products"
avm cable,Commercial,33,70,36,0.73,"Reviews, Image pack, Video, Video carousel, People also ask, Related searches"
coaxial cable to ethernet,"Informational, Transactional",33,70,16,0.26,"Sitelinks, Reviews, Video, Video carousel, People also ask, Knowledge panel, Related searches, Popular products"
fernsehschauen online,Commercial,33,70,74,1.57,"AI Overview, Reviews, Video, People also ask, Related searches, Ads top"
free watch online tv,Commercial,33,70,90,0.63,"Reviews, Video, People also ask, Related searches"
kostenlos rtl live stream,"Navigational, Transactional",33,70,47,1.43,"Reviews, Video, People also ask, Related searches"
online deutsche fernsehen,Commercial,33,70,37,0.60,"Reviews, Video, People also ask, Related searches"
sat live stream,Commercial,33,70,35,0.51,"Reviews, Video, Related searches, Ads bottom"
netflix account,"Navigational, Transactional",32,6600,74,1.49,"Reviews, People also ask, Related searches"
rtl live schauen,Transactional,32,4400,50,0.76,"Sitelinks, Reviews, Video, People also ask, Related searches"
rtl up live,Transactional,32,4400,49,0.65,"Reviews, Video, People also ask, Related searches"
rtl live fußball kostenlos,Transactional,32,3600,50,0.58,"Sitelinks, Reviews, Video, People also ask, Related searches"
netflix down,"Informational, Transactional",32,2900,50,0.00,"Reviews, Video, People also ask, Related searches"
fernsehen live,Commercial,32,2400,78,0.54,"Reviews, Video, Related searches"
kostenlos rtl schauen,Commercial,32,1900,47,1.18,"AI Overview, Reviews, Video, People also ask, Related searches"
rtl live stream kostenlos ohne anmeldung 2ix2,"Navigational, Transactional",32,1900,37,0.00,"Reviews, Video, People also ask, Related searches"
rtl plus live,"Navigational, Transactional",32,1900,72,0.33,"Reviews, Video, People also ask, Related searches"
fernsehen rtl,Commercial,32,1600,63,0.49,"Video, People also ask, Top stories, Related searches"
rtl jetzt live,"Navigational, Transactional",32,1600,74,0.62,"Reviews, Video, People also ask, Related searches"
rtl livestream free,Transactional,32,1600,51,1.05,"Reviews, Video, People also ask, Related searches"
rtl livestream jetzt,"Navigational, Transactional",32,1600,60,0.62,"Reviews, Video, People also ask, Related searches"
fe tv,"Informational, Transactional",32,1300,47,0.67,"AI Overview, Reviews, People also ask, Knowledge panel, Related searches"
free rtl stream,"Navigational, Transactional",32,1300,54,1.11,"Reviews, Video, People also ask, Related searches"
prime video amazon app,Transactional,32,1300,71,0.31,"Reviews, People also ask, Related searches"
rtl free live stream,"Navigational, Transactional",32,1300,48,0.83,"Reviews, Video, Related searches"
rtl live programm,Transactional,32,1300,70,0.53,"Reviews, Video, People also ask, Related searches"
rtl programm live,"Navigational, Transactional",32,1300,68,0.53,"Reviews, Video, People also ask, Related searches"
rtl schauen kostenlos,"Navigational, Transactional",32,1300,53,1.18,"Reviews, Video, People also ask, Related searches, Ads bottom"
rtl schauen live,Transactional,32,1300,50,0.80,"Sitelinks, Reviews, Video, People also ask, Top stories, Related searches"
rtl stream free,Transactional,32,1300,51,1.11,"Reviews, Video, People also ask, Related searches"
rtl up livestream,"Navigational, Transactional",32,1300,45,0.65,"Sitelinks, Reviews, Video, People also ask, Related searches"
nitro livestream ohne anmeldung,"Navigational, Transactional",32,1000,24,0.00,"Video, People also ask, Related searches"
prosieben live stream kostenlos,Commercial,32,1000,50,0.48,"Reviews, Video, People also ask, Related searches"
rtl de live,"Navigational, Transactional",32,1000,58,0.81,"Reviews, Video, People also ask, Top stories, Related searches"
rtl free stream,Transactional,32,1000,54,1.11,"Reviews, Video, People also ask, Top stories, Related searches"
s rtl live,"Navigational, Transactional",32,1000,53,0.77,"Reviews, Video, People also ask, Related searches"
klm lite,"Navigational, Transactional",32,880,32,0.00,"Reviews, People also ask, Related searches"
rtl free streaming,"Navigational, Transactional",32,880,45,1.07,"AI Overview, Video, People also ask, Top stories, Related searches, Ads top, Ads bottom"
rtlup live stream kostenlos,Commercial,32,880,26,0.00,"Sitelinks, Reviews, Video, People also ask, Related searches"
magenta netflix,Commercial,32,720,26,5.41,"AI Overview, Reviews, Video, Short videos, People also ask, Related searches"
rtl free livestream,"Navigational, Transactional",32,720,50,1.25,"Reviews, Video, People also ask, Related searches"
rtl live sehen,"Navigational, Transactional",32,720,46,0.84,"Reviews, Video, People also ask, Related searches"
rtl live stream formel 1 kostenlos,"Navigational, Transactional",32,720,29,0.00,"Sitelinks, Reviews, Video, People also ask, Related searches"
rtl plus com tv login,"Navigational, Transactional",32,720,40,0.14,"Sitelinks, Reviews, People also ask, Related searches"
voxup live stream kostenlos,Commercial,32,720,23,0.00,"Sitelinks, Reviews, People also ask, Related searches"
live fernsehen rtl,"Navigational, Transactional",32,590,57,0.66,"Reviews, Video, People also ask, Related searches"
livestream rtl nitro,Commercial,32,590,30,1.20,"Sitelinks, Reviews, Video, People also ask, Related searches"
rtl live kostenlos schauen,Commercial,32,590,39,0.94,"Featured snippet, Reviews, Video, People also ask, Related searches"
rtlup live stream kostenlos ohne anmeldung 2ix2,"Navigational, Transactional",32,590,27,0.00,"Sitelinks, Reviews, People also ask, Related searches"
tv germany,"Informational, Commercial",32,590,79,0.70,"Reviews, Video, People also ask, Top stories, Related searches, Ads top, Ads bottom"
fernsehen rtl live,"Navigational, Transactional",32,480,57,0.65,"Reviews, Video, People also ask, Related searches"
kostenlos rtl live schauen,Commercial,32,480,46,0.94,"AI Overview, Reviews, Video, People also ask, Related searches"
live canal tv,"Informational, Transactional",32,480,36,0.00,"Reviews, Video, People also ask, Related searches"
prime video downloader,Commercial,32,480,41,0.21,"Sitelinks, AI Overview, Reviews, Video, People also ask, Related searches"
rtl kostenlos anschauen,Commercial,32,480,46,0.80,"Reviews, Video, People also ask, Related searches"
rtl live schauen kostenlos,"Navigational, Transactional",32,480,50,0.94,"Sitelinks, Reviews, Video, People also ask, Related searches, Ads bottom"
amazon prime video downloader,"Informational, Commercial",32,390,23,0.00,"AI Overview, Reviews, People also ask, Related searches"
fernsehen app,"Informational, Commercial",32,390,51,1.56,"AI Overview, Reviews, Video, People also ask, Related searches, Ads bottom"
kostenlos rtl schauen live,Commercial,32,390,44,0.94,"Reviews, Video, People also ask, Related searches"
rtl aktuell kostenlos ansehen,"Informational, Transactional",32,390,43,0.00,"Reviews, Video, People also ask, Knowledge panel, Related searches"
rtl jetzt live stream,"Navigational, Transactional",32,390,64,0.62,"Reviews, Video, People also ask, Related searches"
rtl live anschauen,Commercial,32,390,46,0.76,"Reviews, Video, People also ask, Related searches, Ads bottom"
super rtl live kostenlos,Transactional,32,390,34,0.00,"Reviews, Video, People also ask"
tv deutsche,Commercial,32,390,62,0.82,"Reviews, Video, Related searches, Ads bottom"
tv rtl jetzt,Commercial,32,390,51,0.52,"Video, People also ask, Related searches"
freies fernsehen,Commercial,32,320,44,0.53,"Reviews, Video, People also ask, Related searches, Ads top, Ads bottom"
live rtl schauen kostenlos,Commercial,32,320,38,0.99,"AI Overview, Reviews, Video, People also ask, Related searches, Ads top, Ads bottom"
m3u playlist github,"Navigational, Transactional",32,320,54,0.78,"People also ask, Related searches"
rtl aktuell live stream kostenlos,"Navigational, Transactional",32,320,57,0.44,"Video, People also ask, Related searches"
rtl aktuell stream,"Informational, Transactional",32,320,47,0.00,"Reviews, Video, People also ask, Knowledge panel, Related searches"
rtl jetzt im tv,Commercial,32,320,44,0.00,"Video, People also ask, Related searches"
rtl online schauen kostenlos,Commercial,32,320,55,1.08,"Sitelinks, AI Overview, Reviews, Video, People also ask, Related searches"
rtl up live stream,"Navigational, Transactional",32,320,42,0.65,"Sitelinks, Reviews, Video, People also ask, Related searches"
rtlplus.com/buchen,"Navigational, Transactional",32,320,36,1.90,"Reviews, Video, People also ask, Ads top, Ads bottom"
kostenlos rtl online schauen,Commercial,32,260,36,1.08,"Sitelinks, Reviews, Video, People also ask, Related searches"
live rtl anschauen,"Navigational, Transactional",32,260,54,0.75,"AI Overview, Reviews, Video, People also ask, Related searches, Ads top, Ads middle"
live stream rtl aktuell,"Navigational, Transactional",32,260,58,0.56,"Reviews, Video, People also ask, Related searches"
livestream rtl gratis,Commercial,32,260,48,1.03,"Reviews, Video, People also ask, Related searches"
livestream super rtl kostenlos,Commercial,32,260,37,0.00,"Reviews, Video, People also ask, Related searches"
netflix acc,"Navigational, Transactional",32,260,60,1.49,"People also ask, Related searches"
rtl anschauen,Transactional,32,260,73,0.86,"Reviews, Video, People also ask, Related searches"
rtl nord livestream,"Navigational, Transactional",32,260,38,0.92,"Video, People also ask, Related searches"
rtl plus live stream,"Navigational, Transactional",32,260,62,0.31,"Sitelinks, AI Overview, Reviews, Video, People also ask, Related searches"
status of netflix,"Informational, Transactional",32,260,42,0.00,"Reviews, Video, People also ask, Related searches"
super rtl kostenlos,Commercial,32,260,49,0.00,"Reviews, Video, People also ask, Related searches, Ads middle"
voxup livestream kostenlos,Commercial,32,260,25,0.00,"Sitelinks, Reviews, People also ask, Related searches"
2ix2 pro7,"Navigational, Transactional",32,210,38,0.00,"Sitelinks, Reviews, Video, People also ask, Related searches"
amazon play,"Navigational, Transactional",32,210,70,0.76,"Reviews, People also ask, Related searches"
fernsehschauen,Commercial,32,210,23,0.97,"AI Overview, Reviews, Video, People also ask, Related searches, Ads bottom"
illegale website,"Informational, Commercial",32,210,27,0.00,"Video, People also ask, Related searches"
pro7 kostenlos streamen,Commercial,32,210,44,0.48,"Reviews, Video, People also ask, Related searches"
rtl canlı izle,"Navigational, Transactional",32,210,44,0.00,Reviews
rtl live ansehen,"Navigational, Transactional",32,210,53,0.88,"Reviews, Video, People also ask, Related searches"
rtl nitro stream kostenlos,Commercial,32,210,19,0.00,"Reviews, Video, People also ask"
rtl online kostenlos schauen,Commercial,32,210,43,1.57,"Sitelinks, Reviews, Video, People also ask, Related searches"
rtl zwei livestream,Commercial,32,210,36,1.05,"Reviews, Video, People also ask, Related searches"
amazon downloads,"Navigational, Transactional",32,170,45,0.17,"AI Overview, Reviews, People also ask, Related searches"
free tv show stream online,Commercial,32,170,66,0.00,"Sitelinks, Video, People also ask, Related searches"
fritzbox 6690 kaufen,"Informational, Transactional",32,170,32,1.18,"People also ask, Knowledge panel, Related searches"
live rtl now,"Navigational, Transactional",32,170,50,0.26,"Reviews, Video, People also ask, Related searches"
netflix com nethelp,"Navigational, Transactional",32,170,49,0.00,"AI Overview, People also ask, Related searches"
netflix rechnung,"Navigational, Transactional",32,170,46,0.00,"People also ask, Related searches"
netflix storing,"Informational, Transactional",32,170,49,0.00,"Reviews, People also ask, Related searches"
pirme video,Commercial,32,170,73,0.08,"Reviews, Video, Short videos, People also ask, Related searches, Ads top, Ads bottom"
prime viode,"Informational, Transactional",32,170,85,0.08,"Reviews, Video, People also ask, Knowledge panel, Related searches, Ads top, Ads bottom"
rtl ansehen live,"Navigational, Transactional",32,170,68,0.88,"Reviews, Video, People also ask, Related searches"
rtl kostenlos anschauen live,Commercial,32,170,44,0.79,"Reviews, Video, People also ask, Related searches, Ads bottom"
rtl live übertragung,"Navigational, Transactional",32,170,50,0.67,"Sitelinks, Reviews, Video, People also ask, Top stories, Related searches"
rtl livestream de,Commercial,32,170,50,0.71,"Reviews, Video, People also ask, Related searches"
tv live ohne anmeldung,"Navigational, Transactional",32,170,48,0.00,"Sitelinks, Reviews, Video, People also ask, Related searches"
www mediathek de rtl,"Navigational, Transactional",32,170,57,0.15,"Reviews, Video, People also ask"
issue netflix,"Navigational, Transactional",32,140,58,0.00,"Reviews, Video, People also ask, Related searches"
netflix ausfall,"Navigational, Transactional",32,140,36,0.00,"Reviews, Video, People also ask, Related searches"
rtl life streamen,"Navigational, Transactional",32,140,35,0.63,"Reviews, Video, People also ask, Related searches"
rtl live gratis,Commercial,32,140,55,1.37,"Sitelinks, Reviews, Video, People also ask, Related searches"
rtl live stream online free,Commercial,32,140,51,0.00,"Sitelinks, AI Overview, Reviews, Video, People also ask, Related searches"
rtl livw,"Navigational, Transactional",32,140,62,0.47,"Reviews, Video, People also ask, Top stories, Related searches"
rtl sehen,"Navigational, Transactional",32,140,61,0.74,"Reviews, Video, People also ask, Related searches, Ads top, Ads bottom"
rtl umsonst streamen,Commercial,32,140,46,2.10,"Sitelinks, AI Overview, Reviews, Video, Video carousel, People also ask, Related searches"
rtl2 programm live,Commercial,32,140,41,0.64,"Reviews, Video, People also ask, Related searches"
rtl2 schauen live,Commercial,32,140,35,0.80,"Reviews, Video, People also ask, Related searches"
www rtl de mediathek,"Navigational, Transactional",32,140,71,0.15,"Reviews, Video, People also ask, Related searches"
app fernsehprogramm kostenlos,"Informational, Commercial",32,110,41,0.53,"AI Overview, Reviews, Video, People also ask, Related searches"
free m3u playlist,Commercial,32,110,48,0.00,"Sitelinks, AI Overview, Reviews, Video, Video carousel, Related searches"
joyn tv live,"Navigational, Transactional",32,110,66,0.27,"Reviews, Video, People also ask, Knowledge panel, Top stories, Related searches, Ads top, Ads bottom"
kostenlos anschauen,Commercial,32,110,56,0.41,"AI Overview, Reviews, Video, People also ask, Related searches"
live übertragung rtl,"Navigational, Transactional",32,110,65,0.57,"AI Overview, Reviews, Video, Top stories, Related searches"
netflix accounts login,"Navigational, Transactional",32,110,70,0.00,"People also ask, Related searches"
netflix rechnungen,"Navigational, Transactional",32,110,35,2.28,"Reviews, People also ask, Related searches"
player km,Commercial,32,110,54,0.00,"Sitelinks, Related searches"
rtl fernsehen live kostenlos,Commercial,32,110,46,0.94,"Reviews, Video, People also ask, Related searches"
rtl livestrean,"Navigational, Transactional",32,110,44,0.63,"Reviews, Video, People also ask, Related searches"
rtl tv live stream free,Commercial,32,110,47,0.00,"Reviews, Video, People also ask, Related searches"
rtl2 live schauen,Commercial,32,110,28,0.69,"AI Overview, Reviews, Video, People also ask, Related searches"
waipu vs magenta,Commercial,32,110,18,0.00,"Sitelinks, AI Overview, Reviews, Video, People also ask, Related searches"
www.rtlplus.de tv login,Transactional,32,110,39,0.45,"Reviews, Video, People also ask, Related searches"
amazon fire 4k ultra hd,"Informational, Transactional",32,90,31,0.47,"Reviews, People also ask, Popular products"
fernsehen online kostenlos schauen,Commercial,32,90,47,0.85,"Reviews, Video, People also ask, Related searches"
fernsehen tv live,Commercial,32,90,68,0.72,"Reviews, Video, Related searches"
fire stick alexa,"Informational, Transactional",32,90,21,0.32,"Reviews, Video, Video carousel, People also ask, Knowledge panel, Related searches"
fire tv with 4k ultra hd,"Informational, Transactional",32,90,25,0.47,"Video, Video carousel, People also ask, Related searches, Popular products"
google chromecast vs amazon fire tv,Commercial,32,90,18,0.00,"Sitelinks, AI Overview, Video, Video carousel, Short videos, People also ask, Related searches"
m3u downloader,Commercial,32,90,19,0.00,"Sitelinks, Reviews, Video, People also ask, Related searches"
netflix login web,"Navigational, Transactional",32,90,73,0.00,Related searches
rtl 2 kostenlos schauen,Commercial,32,90,28,1.23,"Reviews, Video, People also ask, Related searches"
rtl livestraem,"Navigational, Transactional",32,90,48,0.60,"Reviews, Video, People also ask, Related searches"
rtl media,"Navigational, Transactional",32,90,70,0.14,"Sitelinks, Reviews, Video, People also ask, Related searches"
superrtl livestream,Commercial,32,90,22,0.73,"Reviews, Video, People also ask, Related searches"
fernseh online schauen kostenlos,Commercial,32,70,51,0.85,"Reviews, Image, Video, People also ask, Related searches, Ads bottom"
fernsehen in deutschland,"Informational, Transactional",32,70,47,1.67,"Sitelinks, Reviews, Video, People also ask, Knowledge panel, Related searches"
rtl stream live free,"Navigational, Transactional",32,70,40,1.25,"Reviews, Video, People also ask, Related searches"
wlan für satellitenschüsseln,Commercial,32,70,16,0.86,"Reviews, Video, People also ask, Related searches, Popular products, Ads middle"
rtl live fußball,"Navigational, Transactional",31,18100,53,0.64,"Reviews, Video, People also ask, Related searches"
rtl program,"Informational, Transactional",31,8100,74,0.60,"Video, People also ask, Related searches"
super rtl live,Commercial,31,6600,38,0.77,"Reviews, Video, People also ask, Related searches"
rtl plus programm,Commercial,31,2900,50,0.11,"AI Overview, Reviews, Video, People also ask, Related searches"
rtl tv program,"Informational, Transactional",31,2400,59,0.60,"Video, People also ask, Related searches"
sat1 live stream kostenlos ohne anmeldung,Transactional,31,2400,41,0.33,"Reviews, Video, People also ask, Related searches, Ads bottom"
netflix kontaktnummer,"Navigational, Transactional",31,1900,36,0.44,"Sitelinks, Related searches"
rtl live fussball,"Informational, Transactional",31,1900,51,0.78,"Video, People also ask, Related searches"
rtl mediathek kostenlos ohne anmeldung,"Navigational, Transactional",31,1600,54,0.21,"AI Overview, Reviews, Video, People also ask, Related searches"
rtl plus anmelden,"Navigational, Transactional",31,1600,36,0.56,"Sitelinks, Reviews, Video, People also ask, Related searches"
rtl plus free,Transactional,31,1600,55,0.43,"Reviews, Video, People also ask, Related searches"
rtl tv heute,Commercial,31,1600,36,0.55,"Video, People also ask, Related searches"
rtl2 live stream kostenlos ohne anmeldung,"Navigational, Transactional",31,1600,29,0.65,"Reviews, Video, People also ask, Related searches"
2x2 rtl,"Navigational, Transactional",31,1300,70,0.84,"Sitelinks, Video, Related searches"
programm rtl plus,"Informational, Transactional",31,1300,64,0.06,"Reviews, People also ask, Related searches"
rtl 2 live stream kostenlos ohne anmeldung,"Navigational, Transactional",31,1300,26,0.65,"Reviews, Video, People also ask, Related searches"
rtl germany,"Navigational, Transactional",31,1300,90,0.44,"Sitelinks, Reviews, Video, People also ask, Related searches"
fußball rtl live,"Informational, Transactional",31,1000,42,0.64,"Reviews, Video, Related searches"
rtl live gucken,Commercial,31,1000,47,1.01,"Sitelinks, Reviews, Video, People also ask, Related searches"
rtl live nydus,"Navigational, Transactional",31,1000,30,0.00,"Sitelinks, Related searches"
super rtl live stream,Transactional,31,1000,33,0.98,"Reviews, Video, People also ask, Related searches"
rtl for free,"Navigational, Transactional",31,880,51,0.57,"Sitelinks, AI Overview, Reviews, Video, People also ask, Related searches, Ads bottom"
rtl plus jahresabo,"Informational, Transactional",31,880,44,1.81,"AI Overview, Reviews, Image, Video, People also ask, Related searches"
rtl tv germany,"Navigational, Transactional",31,880,76,0.44,"Sitelinks, AI Overview, Reviews, Video, People also ask, Related searches"
rtl super live,"Navigational, Transactional",31,720,44,0.30,"Reviews, Video, People also ask, Related searches"
mein rtl,"Navigational, Transactional",31,590,73,0.40,"Reviews, Video, People also ask, Related searches, Ads top, Ads middle"
rtl livestram,"Navigational, Transactional",31,590,45,0.63,"Sitelinks, Reviews, Video, People also ask, Related searches, Ads bottom"
rtl nfl live-stream kostenlos,"Navigational, Transactional",31,590,29,0.00,"Reviews, Video, People also ask, Related searches"
amazon desktop version,"Informational, Transactional",31,480,39,0.36,"Reviews, Video, People also ask, Related searches, Ads middle"
fernseh live stream,Commercial,31,480,73,0.73,"Reviews, Video, Related searches"
live rtl gucken,"Navigational, Transactional",31,480,51,1.01,"Sitelinks, Reviews, Video, People also ask, Related searches"
rtl 2 live stream joyn,"Navigational, Transactional",31,480,56,0.69,"Reviews, Video, People also ask, Related searches"
rtl live stream fußball,"Navigational, Transactional",31,480,43,0.91,"Reviews, Video, Related searches"
rtl plus preis,Transactional,31,480,50,0.70,"AI Overview, Reviews, Video, People also ask, Related searches, Ads bottom, Ads middle"
sendungen rtl,"Informational, Transactional",31,480,52,0.97,"Reviews, Video, Video carousel, People also ask, Top stories, Related searches"
netflix com account,"Navigational, Transactional",31,390,72,0.00,"Sitelinks, People also ask, Related searches"
rtl deutschland live,"Navigational, Transactional",31,390,51,0.57,"Reviews, Video, People also ask, Related searches"
rtl fernsehn live,"Navigational, Transactional",31,390,54,0.65,"Reviews, Video, People also ask, Related searches"
rtl plus sport,"Navigational, Transactional",31,390,31,1.39,"Reviews, Video, People also ask, Related searches, Ads middle"
rtl-aktuell online ansehen,"Informational, Transactional",31,390,41,0.00,"Reviews, Video, People also ask, Knowledge panel, Related searches"
tvzafree,Commercial,31,390,58,0.00,"Reviews, Video, Video carousel, People also ask, Related searches"
app fernsehprogramm,"Informational, Commercial",31,320,45,0.77,"Reviews, Video, People also ask, Related searches, Ads bottom"
fire tv stick 3rd generation,Commercial,31,320,17,0.19,"Reviews, Video, Video carousel, People also ask, Related searches, Popular products, Ads top, Ads bottom"
nydus tv rtl,"Navigational, Transactional",31,320,29,0.66,"Sitelinks, Reviews, Related searches"
rtl live deutschland,"Navigational, Transactional",31,320,58,0.62,"Reviews, Video, People also ask, Related searches"
rtl mediathek heute,Transactional,31,320,71,0.13,"People also ask, Related searches"
vox live 2ix2,"Navigational, Transactional",31,320,33,0.00,"Sitelinks, Reviews, People also ask, Related searches"
www rtl de live,"Navigational, Transactional",31,320,76,0.25,"Reviews, Video, People also ask, Related searches, Ads bottom"
gzsz live stream kostenlos,Commercial,31,260,38,0.02,"Reviews, Video, People also ask, Related searches"
kostenlos ohne anmeldung fernsehen,"Navigational, Transactional",31,260,34,0.69,"Reviews, Video, People also ask, Related searches"
mediathek rtl heute,"Informational, Transactional",31,260,72,0.15,"Video, People also ask, Related searches"
rtl live stream nydus,"Navigational, Transactional",31,260,29,0.00,"Sitelinks, Related searches"
rtl nitro free stream,Transactional,31,260,24,1.60,"Reviews, Video, People also ask, Related searches"
rtl site,"Navigational, Transactional",31,260,87,1.58,"Sitelinks, Video, People also ask, Related searches"
rtl super live stream kostenlos,Commercial,31,260,36,0.00,"Reviews, Video, People also ask, Related searches"
rtlplus mediathek kostenlos ohne anmeldung,"Informational, Transactional",31,260,31,0.10,"AI Overview, Reviews, Video, People also ask, Related searches"
zattoo alternative,"Informational, Commercial",31,260,28,0.80,"Sitelinks, AI Overview, Reviews, Video, People also ask, Related searches"
2ix2 formel 1 live,"Navigational, Transactional",31,210,35,0.00,"Video, People also ask, Related searches"
kostenlos super rtl,Commercial,31,210,21,0.00,"Reviews, Video, People also ask, Related searches"
rtl fernseh,Commercial,31,210,58,0.49,"Reviews, Video, People also ask, Related searches"
rtl mediathek aktuell,"Informational, Transactional",31,210,50,0.00,"Reviews, Video, People also ask, Related searches"
rtl now.de,"Navigational, Transactional",31,210,72,0.08,"Sitelinks, Reviews, Video, People also ask, Knowledge panel"
rtl plzs,"Navigational, Commercial",31,210,59,0.26,"Sitelinks, Reviews, Video, People also ask, Related searches, Ads top, Ads bottom"
rtl von gestern,"Informational, Transactional",31,210,37,0.79,"Video, People also ask, Related searches"
alternative zu zattoo,Commercial,31,170,17,0.80,"AI Overview, Reviews, Video, Video carousel, People also ask, Related searches"
amazon video downloader,"Informational, Commercial",31,170,32,0.28,"Reviews, Video, Video carousel, Related searches"
rtl de programma,"Navigational, Transactional",31,170,72,0.70,"Sitelinks, Video, People also ask, Related searches"
rtl livestream formel 1,Transactional,31,170,38,0.00,"Reviews, Video, Video carousel, People also ask, Related searches"
stick stream,Commercial,31,170,25,0.89,"Reviews, Video, People also ask, Related searches"
amazon prime video india,"Informational, Transactional",31,140,70,0.05,"Sitelinks, Reviews, People also ask, Related searches"
fernseh stream online,Commercial,31,140,60,1.94,"Reviews, Video, Related searches"
netflix difficulties,"Informational, Transactional",31,140,31,0.00,"Reviews, Video, People also ask, Related searches"
programme rtl tv,Commercial,31,140,40,0.00,"Video, People also ask, Related searches"
rlt live stream,"Navigational, Transactional",31,140,43,0.60,"Sitelinks, Reviews, Video, People also ask, Top stories, Related searches"
rtl aktuell livestream,"Informational, Transactional",31,140,67,0.00,"Reviews, Video, People also ask, Related searches"
rtl com,"Navigational, Transactional",31,140,70,1.27,"Sitelinks, Reviews, Video, People also ask, Related searches"
rtl nitro 2ix2,"Navigational, Transactional",31,140,29,0.00,"Reviews, Video, Related searches"
rtl2 kostenlos ohne anmeldung,"Navigational, Transactional",31,140,28,0.00,"Reviews, Video, People also ask, Related searches"
ch7465lg-lc,"Informational, Transactional",31,110,15,1.90,"Sitelinks, Reviews, Video, People also ask, Related searches, Popular products, Ads bottom"
fernsehen umsonst schauen,Commercial,31,110,35,0.50,"AI Overview, Reviews, Video, People also ask, Related searches"
fire tv stick 3. generation,Commercial,31,110,23,0.33,"Sitelinks, Video, Video carousel, People also ask, Related searches, Popular products"
netflix accoutn,"Navigational, Transactional",31,110,59,1.49,"People also ask, Related searches"
rtl 1,Transactional,31,110,72,0.52,"Reviews, Video, People also ask, Related searches"
rtl im fernsehen,"Informational, Commercial",31,110,43,0.80,"Sitelinks, Video, People also ask, Top stories, Related searches"
rtl liuve,"Navigational, Transactional",31,110,50,0.47,"Reviews, Video, People also ask, Related searches"
rtl live-stream fußball,Transactional,31,110,39,0.97,"Reviews, Video, Related searches"
rtl livestream nydus,"Navigational, Transactional",31,110,26,0.00,"Sitelinks, Reviews, People also ask, Related searches"
rtl plus fernsehprogramm,Commercial,31,110,43,0.26,"Reviews, People also ask, Related searches"
rtl sendung,"Informational, Commercial",31,110,62,0.99,"Video, Video carousel, People also ask, Top stories, Related searches"
rtl tv live stream kostenlos ohne anmeldung,"Navigational, Transactional",31,110,40,0.00,"Reviews, Video, People also ask, Related searches"
rtl2 ohne anmeldung,"Navigational, Transactional",31,110,31,0.00,"AI Overview, Reviews, Video, People also ask, Related searches"
sat 1 free stream,Commercial,31,110,27,0.53,"Reviews, Video, Related searches"
sat 1 stream kostenlos ohne anmeldung,"Navigational, Transactional",31,110,32,0.55,"Reviews, Video, People also ask, Related searches"
sat1 live stream kostenlos ohne anmeldung anschauen,"Navigational, Transactional",31,110,39,0.00,"Reviews, Video, People also ask, Related searches"
smart stick,Commercial,31,110,19,0.70,"Video, Video carousel, People also ask, Related searches, Popular products, Ads bottom"
fire tv 3 gen,Commercial,31,90,18,0.00,"Reviews, People also ask, Related searches, Popular products"
free fernsehn,Commercial,31,90,50,0.94,"AI Overview, Reviews, Video, People also ask, Related searches"
prime downloader,Commercial,31,90,30,0.55,"Sitelinks, Reviews, Video, People also ask, Related searches"
sat 1 live ohne anmelden,"Navigational, Transactional",31,90,31,0.41,"Reviews, Video, Related searches"
vodafone hardware,"Navigational, Transactional",31,90,47,2.65,"Reviews, Image pack, Video, People also ask, Related searches"
gratis rtl schauen,Commercial,31,70,50,1.38,"Sitelinks, AI Overview, Reviews, Video, People also ask, Ads top, Ads middle"
illegale film,Commercial,31,70,14,0.00,"Reviews, Video, Video carousel, People also ask, Related searches"
rtl live steam,"Navigational, Transactional",31,70,49,0.63,"Reviews, Video, People also ask, Related searches"
vodafone router kaufen ohne vertrag,Transactional,31,70,33,1.29,"Reviews, People also ask, Related searches, Popular products, Ads top, Ads middle"
rtl aktuell live,"Informational, Transactional",30,3600,58,0.51,"Reviews, Video, People also ask, Top stories, Related searches"
rtl plus kostenlos ohne anmeldung,"Navigational, Transactional",30,2900,51,0.20,"Sitelinks, AI Overview, Reviews, Video, Video carousel, People also ask, Related searches"
netflix hotline,"Navigational, Transactional",30,1900,33,0.74,"Sitelinks, People also ask, Related searches"
rtl app,Commercial,30,1900,48,0.45,"AI Overview, Reviews, Video, People also ask, Related searches, Ads bottom, Ads middle"
netflix telefonnummer kostenlos,"Informational, Transactional",30,1600,44,0.00,Related searches
netflix telefonnummer kundenservice,"Informational, Transactional",30,1300,48,0.00,Related searches
rtl plus filme,"Informational, Transactional",30,1300,47,0.20,"Reviews, Video, People also ask, Related searches"
rtlup livestream kostenlos ohne anmeldung,"Navigational, Transactional",30,1300,23,0.00,"Sitelinks, AI Overview, Reviews, Video, People also ask, Related searches"
amazon prime movies app,Commercial,30,1000,80,0.31,"Reviews, Video, People also ask, Related searches"
app amazon,Transactional,30,1000,54,0.39,"Reviews, People also ask, Related searches"
rtl programm heute live,"Informational, Transactional",30,1000,47,0.49,"Sitelinks, Reviews, Video, People also ask, Related searches"
rtl up kostenlos ohne anmeldung,"Navigational, Transactional",30,880,31,0.00,"Reviews, People also ask, Related searches"
fernseh online,Commercial,30,720,73,1.86,"Reviews, Video, Related searches"
netflix email ändern,"Informational, Transactional",30,720,40,0.00,"AI Overview, Reviews, Video, People also ask, Related searches"
rtl gucken,Transactional,30,720,53,1.06,"Reviews, Video, People also ask, Related searches, Ads top, Ads bottom"
rtl nydus,"Navigational, Transactional",30,720,35,0.00,"Sitelinks, Related searches"
rtlup kostenlos,Commercial,30,720,45,0.74,"Sitelinks, AI Overview, Reviews, Video, People also ask, Related searches"
amazon stick fire 4k,"Informational, Transactional",30,590,36,0.35,"Reviews, Video, People also ask, Related searches, Popular products"
rlt live,"Navigational, Transactional",30,590,63,0.47,"Reviews, Video, People also ask, Related searches"
rtl fernsehen heute,"Navigational, Commercial",30,590,50,0.46,"Sitelinks, Video, People also ask, Related searches"
rtlplus live stream kostenlos ohne anmeldung,"Navigational, Transactional",30,590,41,0.00,"AI Overview, Reviews, Video, People also ask, Related searches"
vox live stream legal,Commercial,30,590,46,0.00,"Sitelinks, AI Overview, Reviews, Video, People also ask, Related searches"
directe rtl,"Navigational, Transactional",30,480,71,0.01,"Sitelinks, Reviews, Video, People also ask, Related searches, Ads bottom"
fernseh live,Commercial,30,480,85,0.54,"Reviews, Video, Top stories, Related searches"
super rtl mediathek kostenlos ohne anmeldung,Transactional,30,480,26,0.00,"Reviews, Video, People also ask, Related searches"
voxup live stream kostenlos ohne anmeldung,"Navigational, Transactional",30,480,50,0.00,"Reviews, Related searches"
www rtl now de,"Navigational, Transactional",30,480,70,0.04,"Sitelinks, Reviews, Video, People also ask, Related searches"
fernsehn rtl,"Informational, Commercial",30,390,62,0.80,"Video, People also ask, Top stories, Related searches"
prosieben live-stream kostenlos ohne anmeldung joyn,"Navigational, Transactional",30,390,49,0.27,"AI Overview, Reviews, People also ask, Related searches"
rtl livestrem,Transactional,30,390,52,0.63,"Reviews, Video, People also ask, Related searches"
rtl mediatek,"Informational, Transactional",30,390,52,0.14,"Reviews, Video, People also ask, Related searches"
yt api,"Navigational, Transactional",30,390,50,0.00,"Sitelinks, Video, People also ask, Related searches"
rtl plus heute,"Navigational, Transactional",30,320,59,0.23,"Sitelinks, Reviews, Video, People also ask, Related searches"
rtl programm gestern anschauen,"Informational, Transactional",30,320,38,0.46,"Reviews, Video, People also ask, Related searches"
fernsehprogramm rtl plus,"Informational, Transactional",30,260,60,0.26,"Reviews, People also ask"
rtl ab,Commercial,30,260,52,1.35,"Reviews, Video, People also ask, Top stories, Related searches, Ads top, Ads bottom"
rtl p,"Navigational, Transactional",30,260,62,0.22,"Sitelinks, Reviews, Video, Related searches"
vox live stream free,Transactional,30,260,39,0.00,"Reviews, Video, People also ask, Related searches"
zattoo vs waipu,Commercial,30,260,23,1.99,"Sitelinks, AI Overview, Reviews, Video, People also ask, Related searches"
alternative zattoo,"Informational, Commercial",30,210,24,0.77,"AI Overview, Reviews, Video, Video carousel, People also ask, Related searches, Ads bottom"
livestream kostenlos ohne anmeldung,"Navigational, Transactional",30,210,37,0.48,"Sitelinks, Reviews, Video, Related searches"
rtl de programme,"Navigational, Transactional",30,210,71,0.00,"Sitelinks, Reviews, Video, People also ask, Related searches"
rtl live fußball deutschland,"Navigational, Transactional",30,210,50,0.00,"Sitelinks, Reviews, Video, People also ask, Related searches"
rtl live stream kostenlos ohne anmeldung nydus,"Navigational, Transactional",30,210,20,0.00,"Reviews, Video, People also ask"
rtl now aktuell,"Navigational, Transactional",30,210,55,0.00,"Reviews, Video, People also ask, Knowledge panel, Related searches"
live stream ohne anmeldung,"Navigational, Transactional",30,170,40,0.36,"Sitelinks, Reviews, Video, Related searches"
rtl gestern abend,"Informational, Transactional",30,170,34,0.71,"Video, People also ask, Related searches"
rtl l,"Navigational, Transactional",30,170,87,0.61,"Sitelinks, Reviews, Video, People also ask, Related searches"
2ix2rtl,"Navigational, Transactional",30,140,35,1.44,"AI Overview, Reviews, Related searches"
amazon downloader download,Commercial,30,140,15,0.73,"Sitelinks, AI Overview, Reviews, Video, People also ask, Related searches, Ads middle"
fernsehen online kostenlos ohne anmeldung,"Navigational, Transactional",30,140,39,0.00,"Sitelinks, Reviews, Video, Related searches"
pro 7 live stream kostenlos ohne anmeldung,Transactional,30,140,33,0.34,"Reviews, Video, People also ask, Related searches"
rtl hr live stream,Transactional,30,140,35,0.99,"Reviews, Video, People also ask, Related searches"
rtl live stresm,Commercial,30,140,50,0.00,"Reviews, Video, People also ask, Related searches"
rtl plus app download,Commercial,30,140,36,0.39,"Reviews, People also ask, Related searches"
rtl plus live stream kostenlos ohne anmeldung,Transactional,30,140,54,0.00,"AI Overview, Reviews, Video, People also ask, Related searches"
rtl von gestern abend,Transactional,30,140,38,0.71,"Video, People also ask"
vox live stream kostenlos ansehen pinto,Commercial,30,140,46,0.00,"AI Overview, Reviews, Video, People also ask, Related searches"
waipu vs zattoo,Commercial,30,140,16,2.05,"Sitelinks, AI Overview, Reviews, Video, Video carousel, People also ask, Related searches"
kostenlos ohne anmeldung,"Navigational, Transactional",30,110,55,0.00,"Reviews, Video, People also ask, Related searches"
live show free,Commercial,30,110,62,0.00,"AI Overview, Reviews, Video, Video carousel, Related searches"
livestream ohne anmeldung,"Navigational, Transactional",30,110,46,0.35,"Sitelinks, Reviews, Video, Related searches"
netflix hotline kosten,"Informational, Transactional",30,110,35,0.00,"Video, People also ask, Related searches"
online vox gucken,Commercial,30,110,43,1.06,"Reviews, Video, People also ask, Related searches"
prime viudeo,"Informational, Transactional",30,110,67,0.09,"Reviews, Video, Video carousel, People also ask, Knowledge panel, Related searches, Ads top, Ads bottom"
rtl live nachrichten,Transactional,30,110,50,0.68,"Reviews, Video, People also ask, Top stories, Related searches"
rtl live sendung heute,"Informational, Transactional",30,110,65,0.00,"Reviews, Video, People also ask, Related searches, Ads bottom"
rtl live stream kostenlos & ohne anmeldung,"Navigational, Transactional",30,110,41,0.00,"Reviews, Video, People also ask, Related searches"
vox live stream kostenlos ohne anmeldung nydus,"Navigational, Transactional",30,110,30,0.00,"Reviews, Video, People also ask, Related searches"
nitro livestream nydus,"Navigational, Transactional",30,90,23,0.00,"Reviews, Video, People also ask, Related searches"
prime videpo,"Informational, Transactional",30,90,80,0.09,"Reviews, Video carousel, People also ask, Knowledge panel, Related searches, Ads top"
rtl live ticker,"Navigational, Transactional",30,90,62,0.00,"Reviews, Video, People also ask, Top stories, Related searches"
rtl punkt 12 live,"Navigational, Transactional",30,90,34,0.00,"Sitelinks, Video, People also ask, Related searches"
rtl wiederholung,"Informational, Transactional",30,90,51,0.52,"Video, People also ask, Related searches"
rtl1,"Informational, Transactional",30,90,67,0.65,"Reviews, Video, Related searches"
rtl2 gucken,Commercial,30,90,45,0.77,"Reviews, Video, People also ask, Related searches"
sendung verpasst rtl2 now,"Informational, Transactional",30,90,45,0.00,"Reviews, People also ask, Related searches"
zattoo test,Commercial,30,90,22,1.83,"Sitelinks, AI Overview, Reviews, Video, People also ask, Related searches"
deutsche fernsehen kostenlos ohne anmeldung,"Navigational, Transactional",30,70,50,0.00,"Sitelinks, AI Overview, Reviews, Video, People also ask, Related searches"
prosieben live ohne anmelden,"Navigational, Transactional",30,70,34,0.37,"Reviews, Video, People also ask, Related searches"
rtl m,"Navigational, Transactional",30,70,78,0.55,"Reviews, Video, People also ask, Related searches, Ads top, Ads bottom"
rtl sendung verpasst,Transactional,29,4400,54,0.27,"Reviews, Video, People also ask, Related searches, Ads bottom"
sendung verpasst rtl,Transactional,29,4400,51,0.27,"Video, People also ask, Related searches"
rtl login,"Navigational, Transactional",29,2900,41,0.30,"Video, People also ask, Related searches"
verpasste sendung rtl,"Informational, Transactional",29,1600,50,0.27,"Video, People also ask, Related searches"
nydus rtl,"Navigational, Transactional",29,1300,33,0.66,"Video, Related searches"
vox live stream joyn,"Navigational, Transactional",29,1300,61,0.69,"AI Overview, Reviews, Video, People also ask, Related searches"
2ix2 vox,"Navigational, Transactional",29,1000,28,1.16,"Sitelinks, Reviews, Video, People also ask, Related searches"
rtl aktuell heute,"Informational, Transactional",29,1000,50,0.00,"Video, People also ask, Knowledge panel, Related searches"
rtl de aktuell,"Navigational, Transactional",29,1000,57,0.51,"Sitelinks, Reviews, Video, Video carousel, People also ask, Related searches"
rtl live fußball ohne anmeldung,"Navigational, Transactional",29,1000,49,0.00,"Reviews, Video, Related searches"
rtl verpasste sendung,Transactional,29,1000,51,0.32,"Video, People also ask, Related searches"
gzsz rtlnow,"Navigational, Transactional",29,880,43,0.00,"Sitelinks, Video, Related searches"
nitro live stream ohne anmeldung,"Navigational, Transactional",29,880,27,0.00,"Reviews, Video, People also ask, Related searches"
rtl plus programm heute,Commercial,29,720,63,0.24,"Video, People also ask, Related searches"
rrl live,"Navigational, Transactional",29,590,42,0.47,"Reviews, Video, People also ask, Related searches"
rtl aktuell sendung verpasst,"Informational, Transactional",29,480,47,0.00,"Reviews, Video, People also ask, Related searches"
sendung rtl verpasst,Transactional,29,480,47,0.27,"Reviews, Video, People also ask, Related searches"
trl live,"Navigational, Transactional",29,480,64,0.47,"Reviews, Video, People also ask, Related searches"
rtl s,"Navigational, Transactional",29,390,85,0.00,"Sitelinks, Reviews, Video, Related searches"
was kostet rtl +,"Informational, Commercial",29,390,45,0.99,"AI Overview, Reviews, Video, People also ask, Related searches, Ads top, Ads middle"
ww amazon prime video,"Navigational, Transactional",29,390,70,0.10,"Video, People also ask, Related searches"
filme auf rtl plus,Transactional,29,320,38,0.11,"Reviews, Video, People also ask, Related searches, Ads top"
rtl gestern,"Informational, Transactional",29,320,61,0.00,"Sitelinks, Video, People also ask, Related searches"
rtl plus.com/buchen,"Navigational, Transactional",29,320,42,1.42,"Reviews, Video, People also ask, Ads top, Ads middle"
rtl strem,"Navigational, Transactional",29,320,54,0.81,"Reviews, Video, People also ask, Top stories, Related searches, Ads top, Ads bottom"
rtl plus sendung verpasst,"Navigational, Transactional",29,260,40,0.00,"Sitelinks, Video, People also ask, Related searches"
rtl aktuell now,"Navigational, Transactional",29,210,61,0.00,"Reviews, Video, Related searches"
super rtl live stream kostenlos ohne anmeldung,"Navigational, Transactional",29,210,28,0.00,"Reviews, Video, People also ask, Related searches"
gestern rtl,Transactional,29,170,39,0.79,"Video, People also ask, Related searches"
rtl spezial heute,"Informational, Transactional",29,140,46,0.00,"Sitelinks, Video, People also ask, Related searches"
amaozn prime video,"Informational, Transactional",29,110,64,0.11,"Reviews, Video, Video carousel, People also ask, Related searches"
prime vifeo,"Informational, Transactional",29,110,68,0.09,"Reviews, Video, Video carousel, People also ask, Knowledge panel, Related searches"
rtl nachrichten live,"Informational, Transactional",29,110,58,0.68,"Sitelinks, Reviews, Video, People also ask, Knowledge panel, Related searches"
super rtl livestream kostenlos ohne anmeldung,"Navigational, Transactional",29,110,28,0.00,"Reviews, Video, People also ask"
amazon primr video,"Navigational, Commercial",29,90,72,0.12,"Reviews, Video carousel, People also ask, Knowledge panel, Related searches"
fernsehprogramm heute rtl plus,Commercial,29,90,44,0.00,"Video, People also ask, Related searches"
netflix anmeldung nicht möglich,"Informational, Transactional",29,90,33,0.00,"AI Overview, Video, People also ask, Related searches, Ads middle"
netflix telefonnummer ändern,"Navigational, Transactional",29,90,34,0.00,"AI Overview, Video, People also ask, Related searches"
fernseh app,"Informational, Commercial",28,880,50,1.56,"AI Overview, Reviews, Video, People also ask, Related searches, Ads top, Ads bottom"
fritz 6690,"Informational, Transactional",28,880,30,0.78,"Reviews, Image, Image pack, Video, Video carousel, Short videos, People also ask, Knowledge panel, Related searches"
vox live nydus,"Navigational, Transactional",28,590,21,0.00,"Video, Related searches"
rtl stram,"Navigational, Transactional",28,480,64,0.77,"Sitelinks, Reviews, Video, People also ask, Related searches"
gzsz live,Transactional,28,390,46,0.02,"Reviews, Video, People also ask, Related searches"
rtl aktuell heute 18 45 uhr verpasst,"Informational, Transactional",28,390,40,0.00,"Video, People also ask, Related searches"
rtl plus fußball heute,"Navigational, Transactional",28,390,37,0.80,"Reviews, Video, Related searches"
2ix2 nitro,"Navigational, Transactional",28,210,31,0.00,"Sitelinks, Reviews, Video, Related searches"
vox gucken live,Commercial,28,210,35,0.86,"Reviews, Video, People also ask, Related searches"
netflix dieser titel steht nicht zum streaming zur verfügung,"Informational, Transactional",28,170,33,0.00,"AI Overview, Video, People also ask, Related searches"
rtl gestern sendung verpasst,"Informational, Transactional",28,170,58,0.22,"Video, People also ask, Related searches"
joyn nitro,"Navigational, Transactional",28,140,66,0.84,"Sitelinks, Reviews, People also ask, Related searches"
punkt 12 live,"Informational, Transactional",28,140,29,0.48,"Reviews, Video, People also ask, Related searches"
rtl film heute,Commercial,28,140,39,0.00,"Video, People also ask, Related searches"
sendung verpasst rtl unter uns,"Informational, Transactional",28,140,34,0.00,"Sitelinks, Video, People also ask, Top stories, Related searches"
nachrichten rtl von gestern,"Navigational, Transactional",28,70,45,0.00,"Video, People also ask, Related searches"
let's dance rtl now,"Navigational, Transactional",27,140,44,0.46,"Sitelinks, Reviews, Video, Video carousel, People also ask, Related searches"
netglix account,"Navigational, Transactional",27,110,53,1.49,"People also ask, Related searches"
retl,"Informational, Transactional",27,110,24,0.46,"Reviews, People also ask, Related searches"
primer video,"Informational, Transactional",26,90,62,0.09,"Reviews, Video, Video carousel, People also ask, Knowledge panel, Related searches"
