Keyword,Intent,Relevance,Volume,Keyword Difficulty,CPC (USD),SERP Features
iptv für vlc player,"Informational, Transactional",78,170,25,0.00,"Sitelinks, Reviews, Video, Video carousel, Related searches"
m3u player windows 11,Commercial,78,170,23,1.88,"Sitelinks, Reviews, Video, Video carousel, People also ask, Related searches"
iptv kodi,Commercial,58,210,24,0.00,"AI Overview, Reviews, Video, Video carousel, People also ask"
vlc dl,Transactional,57,210,61,0.12,"Reviews, People also ask, Related searches"
vlc downloads,Commercial,55,1300,65,0.10,"Reviews, People also ask, Related searches"
kodi box,Commercial,55,260,21,0.51,"Sitelinks, Reviews, Video, People also ask"
vlc player for windows,"Informational, Commercial",55,170,64,0.00,"AI Overview, Reviews, Video, People also ask, Related searches"
koditvbox,Commercial,55,140,23,0.00,"AI Overview, Reviews, Image, Video, Video carousel, People also ask, Related searches"
kodi iptv addon,Commercial,55,90,15,0.00,"Sitelinks, Reviews, Video"
vlc video player software,Commercial,54,12100,70,0.23,"AI Overview, Reviews, Video, People also ask, Related searches"
vlc mediaplayer,Commercial,54,1000,68,0.16,"AI Overview, Reviews, Video, Video carousel, People also ask, Related searches"
download vlc video player,Commercial,54,720,56,0.12,"AI Overview, Reviews, Related searches"
vlc download download,"Informational, Commercial",54,720,59,0.12,"AI Overview, Reviews, Related searches"
vlc for download,"Informational, Commercial",54,720,63,0.12,"AI Overview, Reviews, Video, People also ask, Related searches"
vlc media player download download,Commercial,54,720,62,0.11,"Reviews, People also ask, Related searches"
download vlc player,"Informational, Transactional",54,480,60,0.20,"Reviews, People also ask, Related searches"
download vlc media player download,Commercial,54,390,57,0.12,"Reviews, People also ask, Related searches"
download vlc multimedia player,Commercial,54,390,62,0.12,"AI Overview, Reviews, Video, People also ask, Related searches"
vlc player for download,Commercial,54,390,66,0.10,"AI Overview, Reviews, Video, People also ask, Related searches"
vlc vlc download,Commercial,54,390,59,0.12,"AI Overview, Reviews, People also ask, Related searches"
download software vlc,"Informational, Transactional",54,320,62,0.11,"Reviews, Video, People also ask, Related searches"
player vlc download,Commercial,54,320,57,0.12,"AI Overview, Reviews, People also ask, Related searches"
vlc download player,"Informational, Transactional",54,320,68,0.10,"AI Overview, Reviews, People also ask, Related searches"
vlc media player:,Commercial,54,320,68,0.10,"Video, People also ask, Related searches, Ads bottom"
vlc player media download,Commercial,54,320,60,0.11,"Reviews, Video, People also ask, Related searches"
downloader vlc,Commercial,54,260,65,0.00,"Video, People also ask, Related searches"
video vlc,"Informational, Transactional",54,260,69,0.12,"Video, People also ask, Knowledge panel, Related searches"
vlc vlc media player download,Commercial,54,260,62,0.11,"AI Overview, Reviews, Video, People also ask, Related searches"
vlc vlc player download,Commercial,54,260,,0.09,"Video, Related searches"
vlc-player,Commercial,54,260,64,0.15,"Reviews, Video, People also ask, Related searches"
download vlc dvd player,Commercial,54,210,60,0.12,"Reviews, People also ask, Related searches"
videolan 64bit,Commercial,54,210,59,0.00,"Reviews, Related searches"
vlc dowload,Commercial,54,210,67,0.12,"AI Overview, Reviews, People also ask, Related searches"
vlc mediaplayer download,Commercial,54,210,59,0.11,"AI Overview, Reviews, People also ask, Related searches"
videolan wiki,"Informational, Transactional",54,170,30,0.00,"Reviews, Video, People also ask, Related searches"
vlc media player for mac os x,Commercial,54,170,32,0.74,"Reviews, Video, Video carousel, People also ask, Related searches"
vlc media plazer,Commercial,54,170,62,0.10,"Video, People also ask, Related searches"
vlc movie player download,Commercial,54,170,57,0.12,"AI Overview, Reviews, People also ask, Related searches"
vlc-media-player,Commercial,54,170,68,0.14,"Reviews, Video, People also ask, Related searches"
video vlc player,Commercial,54,140,62,0.11,"AI Overview, Reviews, Video, Video carousel, People also ask, Related searches, Ads bottom"
videolan vlc mac,"Informational, Transactional",54,140,57,0.51,"Reviews, People also ask, Related searches, Ads bottom"
vlc in android,Commercial,54,140,36,0.21,"Reviews, Video, Video carousel, People also ask, Related searches"
vlc player online,Commercial,54,140,63,0.00,"Video, People also ask, Related searches"
vlc download for pc,Commercial,54,110,61,0.08,"People also ask, Related searches"
vlc media player wikipedia,"Navigational, Transactional",54,110,60,0.00,"Sitelinks, People also ask, Related searches"
vlc palayer,Commercial,54,110,62,0.12,"Video, People also ask, Related searches"
vlc playere,Transactional,54,110,66,0.15,"Reviews, Video, People also ask, Related searches"
vlc software download for mac,"Informational, Transactional",54,110,46,0.33,"Reviews, Video, Video carousel, People also ask, Related searches"
vls player download,Commercial,54,110,56,0.10,"Reviews, People also ask, Related searches"
videolan media player free download,Commercial,54,90,71,0.09,"Reviews, People also ask, Related searches"
vlc download for mac,Transactional,54,90,45,0.14,"Reviews, Video, People also ask, Related searches, Ads top, Ads bottom"
vlc downloader,Commercial,54,90,59,0.11,"Reviews, Video, People also ask, Related searches"
vlc downloas,Commercial,54,90,61,0.12,"Reviews, Video, People also ask, Related searches"
vlc install,Commercial,54,90,50,0.00,"Video, Related searches"
vlc installer,Commercial,54,90,62,0.00,"Reviews, Video, People also ask, Related searches"
vlc med,Transactional,54,90,61,0.24,"Reviews, Video, People also ask, Knowledge panel, Related searches"
vlc media media player free download,Commercial,54,90,58,0.09,"Reviews, Video, Related searches"
vlc media player kostenlos downloaden,Commercial,54,90,51,0.09,"AI Overview, Reviews, Video, People also ask, Related searches"
vlc media player.,Commercial,54,90,67,0.16,"AI Overview, Reviews, Video, People also ask, Related searches"
vlc msi installer,"Informational, Transactional",54,90,26,0.00,"Sitelinks, Reviews, People also ask, Related searches"
vlc player download gratis,Transactional,54,90,65,0.09,"Reviews, Video, People also ask, Related searches, Ads top"
vlc player download win 11,Commercial,54,90,59,0.00,"AI Overview, Reviews, Video, People also ask, Related searches"
vlc player media player free download,Commercial,54,90,60,0.09,"Reviews, Video, People also ask, Related searches"
vlc player mobile,"Informational, Commercial",54,90,41,0.19,"AI Overview, Reviews, Video, Related searches"
vlc player player free download,Transactional,54,90,61,0.09,"Reviews, Video, People also ask, Related searches"
vlc player video,Commercial,54,90,61,0.11,"AI Overview, Reviews, Video, Video carousel, People also ask, Related searches"
vlc player wikipedia,"Navigational, Transactional",54,90,72,0.00,"Sitelinks, People also ask, Related searches"
vlc],Commercial,54,90,60,0.16,"AI Overview, Video, Video carousel, People also ask, Related searches"
vls player,Commercial,54,90,66,0.15,"Reviews, Video, People also ask, Related searches"
wikipedia vlc media player,"Navigational, Transactional",54,90,72,0.00,"Sitelinks, People also ask, Related searches"
دانلود vlc player,Commercial,54,90,21,0.00,Video
download media player vlc,Commercial,54,70,,0.12,"Reviews, People also ask, Related searches"
download vlc media player for computer,Commercial,54,70,62,0.00,"Reviews, Related searches"
linux vlc media player download,Commercial,54,70,42,0.00,"Reviews, Video, People also ask"
v l c,Commercial,54,70,54,0.16,"Video, Video carousel, People also ask, Related searches"
vlc dowloand,Commercial,54,70,58,0.12,"Reviews, People also ask, Related searches"
vlc download 64-bit,"Informational, Transactional",54,70,58,0.10,"Reviews, Related searches"
vlc media palyer,Commercial,54,70,58,0.14,"Reviews, Video, People also ask, Related searches"
vlc media player download win 11,Commercial,54,70,59,0.08,"AI Overview, Reviews, Video, People also ask, Related searches"
vlc media player mobile,"Informational, Commercial",54,70,44,0.19,"AI Overview, Reviews, Video, People also ask, Related searches"
vlc midia player,Commercial,54,70,61,0.10,"Video, People also ask, Related searches"
vlc player mac os,Commercial,54,70,41,0.34,"AI Overview, Reviews, Video, Related searches"
vlc. media player,Commercial,54,70,56,0.16,"AI Overview, Reviews, Video, People also ask, Related searches"
vlx media player,Commercial,54,70,65,0.16,"Reviews, Video, People also ask, Related searches"
vpc player,Commercial,54,70,65,0.12,"AI Overview, Video, Video carousel, People also ask, Related searches"
vlc player download,Commercial,53,18100,64,0.10,"AI Overview, Reviews, People also ask, Related searches"
vlc media player download,Commercial,53,12100,57,0.11,"AI Overview, Reviews, People also ask, Related searches"
vlc multimedia player download,Commercial,53,5400,64,0.12,"AI Overview, Reviews, People also ask, Related searches"
video player vlc media player,"Informational, Transactional",53,720,69,0.11,"Reviews, Video, Video carousel, People also ask, Knowledge panel, Related searches"
vlcplayer,Commercial,53,260,68,0.15,"Reviews, Video, People also ask, Related searches"
iptv smart apk,"Informational, Transactional",53,210,25,0.00,"Reviews, Video, Related searches"
smart iptv smart tv,"Informational, Transactional",53,170,31,0.00,"Reviews, Video, Video carousel, People also ask, Related searches"
ip tv app windows,"Informational, Commercial",53,140,33,0.00,"Sitelinks, AI Overview, Reviews, Video, Video carousel, People also ask, Related searches"
iptv player apkpure,"Navigational, Transactional",53,140,20,0.00,"AI Overview, Reviews, Related searches"
smartiptv app,Commercial,53,140,32,0.00,"Reviews, Video, People also ask, Related searches"
vlc media player nightly,Commercial,53,140,46,0.00,"Sitelinks, Video, People also ask"
bester iptv player windows,Commercial,53,110,18,0.00,"Reviews, People also ask, Related searches"
beste ip tv app,Commercial,53,90,17,0.00,"AI Overview, Reviews, Video, People also ask, Related searches"
iptv for pc,Commercial,53,90,,0.00,"Reviews, Video, Video carousel, Related searches"
pc iptv,Commercial,53,90,31,0.00,"AI Overview, Reviews, Video, People also ask"
smart iptv app kostenlos,"Informational, Commercial",53,90,30,0.00,"AI Overview, Reviews, Video, People also ask, Related searches"
smart iptv download chip,Transactional,53,90,42,0.00,"Video, People also ask, Related searches"
smart iptv player pro,"Informational, Transactional",53,90,39,0.00,"Reviews, Video, Video carousel, People also ask, Related searches"
software vlc media player,"Informational, Transactional",53,90,61,0.14,"AI Overview, Reviews, People also ask, Related searches"
welcher iptv player ist der beste,Commercial,53,90,,0.00,"AI Overview, Reviews, Video, People also ask, Related searches"
vlc media player,Commercial,52,40500,76,0.16,"AI Overview, Reviews, Video, People also ask, Knowledge panel, Related searches"
vlc player,Commercial,52,40500,72,0.15,"AI Overview, Reviews, Video, People also ask, Related searches"
vlc player software download,Commercial,52,5400,64,0.12,"AI Overview, Reviews, People also ask, Related searches"
beste m3u liste kostenlos,Commercial,52,210,26,0.64,"Sitelinks, AI Overview, Reviews, Video, People also ask, Related searches"
vlc media playe,Commercial,52,210,62,0.14,"Reviews, Video, People also ask, Related searches"
iptv m3u liste,"Informational, Commercial",52,170,15,0.00,"AI Overview, Reviews, Video, Related searches"
m3u4u,Commercial,52,170,14,0.00,"People also ask, Related searches"
vlc player kostenlos download,Commercial,52,170,58,0.09,"Reviews, Video, People also ask, Related searches"
free m3u tv playlist,"Informational, Commercial",52,140,41,1.43,"Sitelinks, AI Overview, Reviews, Video, Video carousel, People also ask, Related searches"
vlc media player 64bit,"Informational, Transactional",52,140,55,0.00,"AI Overview, Reviews, People also ask, Related searches"
vlc.,Commercial,52,110,58,0.23,"AI Overview, Reviews, People also ask, Related searches"
iptv windows player,"Informational, Commercial",52,90,22,0.00,"Reviews, Video, Related searches"
vlc media player vlc media player vlc media player,Commercial,51,12100,69,0.23,"AI Overview, Reviews, Video, People also ask, Related searches"
vlc view,Commercial,51,9900,62,0.23,"AI Overview, Reviews, Video, People also ask, Related searches"
vlc download vlc download vlc download,Commercial,51,5400,61,0.12,"AI Overview, Reviews, People also ask, Related searches"
vlc hd player,"Informational, Commercial",51,3600,57,0.23,"AI Overview, Reviews, Video, People also ask, Related searches"
download vlc player download,Commercial,51,1300,59,0.11,"Reviews, Video, People also ask, Related searches, Ads bottom"
vlc player portable,Commercial,51,880,45,0.00,"Reviews, People also ask, Related searches"
download vlc,Commercial,51,720,62,0.00,"Reviews, Video, People also ask, Related searches"
vlc download mac,Commercial,51,590,45,0.14,"AI Overview, Reviews, Video, Related searches"
vlc player.,Commercial,51,480,68,0.15,"Reviews, Video, Video carousel, People also ask, Related searches"
vlc mac download,"Informational, Transactional",51,320,51,0.14,"Reviews, Related searches"
vcl media player,Commercial,51,260,66,0.14,"Reviews, Video, People also ask, Related searches"
vlc media player app,"Informational, Commercial",51,260,69,0.23,"AI Overview, Reviews, Video, People also ask, Related searches"
vlc video player linux,Commercial,51,260,41,0.00,"AI Overview, Reviews, Video, Video carousel, People also ask, Related searches"
iptv link,Commercial,51,210,14,0.00,"Reviews, Video, Video carousel, Related searches"
vlc media download mac,Commercial,51,210,50,0.33,"AI Overview, Reviews, Video, People also ask, Related searches"
vlc player win 11,"Informational, Transactional",51,170,59,0.07,"AI Overview, Reviews, Video, People also ask, Related searches"
download vlc player windows,Transactional,51,110,57,0.10,"Reviews, Video, Related searches"
vlc gratis download,Commercial,51,110,59,0.09,"Reviews, Related searches"
vlc media player download mac,Commercial,51,110,45,0.15,"Reviews, Video, People also ask, Related searches"
vlc media player windows 10,Commercial,51,110,57,0.00,"Video, People also ask, Related searches"
vlc video player for windows 10,"Informational, Transactional",51,110,61,0.00,"AI Overview, Reviews, Video, Related searches, Ads top, Ads middle"
vlc media player 32bit,"Informational, Transactional",51,90,49,0.00,"Reviews, Video, Related searches"
vlc media player download gratis,Commercial,51,90,62,0.09,"Reviews, Video, People also ask, Related searches, Ads bottom"
vlc mediaplayer für windows 11,Commercial,51,90,58,0.00,"AI Overview, Reviews, Video, People also ask, Related searches, Ads middle"
vlc movie player windows 10,Commercial,51,90,57,0.06,"Video, People also ask, Related searches"
download vlc video player for android,Commercial,51,70,42,0.00,"Reviews, Video, People also ask, Related searches"
windows 10 vlc media player,Commercial,51,70,54,0.06,"Video, Video carousel, Related searches"
vlc,Commercial,50,40500,67,0.23,"AI Overview, Reviews, Video, People also ask, Related searches"
play vlc,Commercial,50,9900,73,0.15,"AI Overview, Reviews, Video, People also ask, Related searches"
vlc media mac,Commercial,50,1000,49,0.55,"Reviews, Video, Video carousel, People also ask, Related searches"
tv iptv player,"Informational, Transactional",50,590,30,0.00,"Reviews, Video, Video carousel, People also ask, Related searches"
vlc player 64 download,Transactional,50,480,58,0.00,"Reviews, People also ask, Related searches"
down vlc,Commercial,50,390,64,0.00,"AI Overview, Video, People also ask, Related searches"
vlc player x64 download,"Informational, Transactional",50,390,60,0.00,"Reviews, Video, People also ask, Related searches"
download vlc media player,Commercial,50,260,58,0.13,"Reviews, Video, Related searches"
vlc linux,Commercial,50,260,41,0.00,"AI Overview, Reviews, Video, Video carousel, People also ask, Related searches"
vlc player win 64,"Informational, Transactional",50,260,52,0.00,"AI Overview, Reviews, Related searches"
download vlc media player x64,"Informational, Transactional",50,210,58,0.00,"Reviews, People also ask, Related searches"
iptv 3mu list,Commercial,50,210,35,0.00,"Reviews, Video, People also ask, Related searches"
vlc viewer download,Commercial,50,210,59,0.11,"Reviews, Video, Related searches"
download vlc for windows,Commercial,50,170,62,0.09,"Reviews, Video, People also ask, Related searches"
kostenlos vlc media player downloaden,Commercial,50,170,61,0.11,"AI Overview, Reviews, Video, People also ask, Related searches, Ads bottom, Ads middle"
vlc 64 bit player download,"Informational, Transactional",50,170,52,0.00,"Reviews, Related searches"
vlc player free download,Commercial,50,170,63,0.00,"Reviews, People also ask, Related searches"
iptv samsung app,Commercial,50,140,29,0.00,"Video, Video carousel, People also ask, Related searches"
vlc 64 bit download,"Informational, Transactional",50,140,57,0.00,"Reviews, People also ask, Related searches"
vlc media player plugins,Commercial,50,110,27,0.00,"Reviews, Video, People also ask, Related searches"
activation iptv,"Informational, Transactional",50,90,10,0.00,"Reviews, Video, Video carousel, People also ask, Related searches"
iptv activare,"Informational, Transactional",50,90,19,0.00,"Reviews, Video, Video carousel, Related searches"
software vlc player,"Informational, Transactional",50,90,62,0.14,"AI Overview, Reviews, Video, People also ask, Related searches"
iptv player linux,"Informational, Commercial",50,70,12,0.00,"AI Overview, Reviews, Video, Related searches"
vlc player vlc player vlc player,Commercial,49,12100,68,0.23,"Sitelinks, AI Overview, Reviews, Video, Related searches"
iptv apps,"Informational, Commercial",49,720,39,0.00,"AI Overview, Reviews, Video, Video carousel, People also ask, Related searches"
vlc x64 bit,"Informational, Transactional",49,720,56,0.00,"Reviews, Video, People also ask, Related searches"
vcl player,Commercial,49,590,66,0.15,"Reviews, Video, Video carousel, People also ask, Knowledge panel, Related searches"
download vlc for macbook,Commercial,49,480,49,0.33,"Reviews, Video, People also ask, Related searches"
vlc 64bit,Transactional,49,480,52,0.00,"Reviews, Video, Related searches"
vlc player 64bit,"Informational, Transactional",49,390,49,0.00,"Reviews, Video, People also ask, Related searches"
iptv m3u playlist,Commercial,49,320,27,0.00,"AI Overview, Video, Video carousel, People also ask, Related searches"
m3u listen,Commercial,49,320,29,0.82,"Reviews, Video, People also ask, Related searches"
iptv palyer,Commercial,49,260,43,1.01,"Reviews, Video, Video carousel, People also ask, Related searches"
vlc player download kostenlos,Commercial,49,260,57,0.09,"Reviews, Video, People also ask, Related searches, Ads bottom"
xtream iptv player,"Informational, Transactional",49,260,30,0.00,"Reviews, Video, People also ask, Related searches"
dazn fussbal,"Navigational, Transactional",49,170,65,0.89,"Video, Video carousel, People also ask, Top stories, Related searches"
dazn fussball live,"Navigational, Transactional",49,170,72,0.75,"Reviews, Video, Top stories, Related searches"
dazn fußball live,"Navigational, Transactional",49,170,69,0.75,"Reviews, Video, Top stories, Related searches"
fußball live dazn,"Navigational, Transactional",49,170,69,0.75,"Reviews, Video, Top stories, Related searches"
iptv kaufen deutschland,Commercial,49,170,19,0.00,"Video, Related searches"
vlc download free download,Commercial,49,140,58,0.10,"Reviews, Related searches"
vlc vlc media player free download,Commercial,49,140,64,0.10,"AI Overview, Reviews, People also ask, Related searches"
apple tv fußball,"Navigational, Transactional",49,110,42,1.08,"Video, People also ask, Related searches"
german iptv anbieter,Commercial,49,110,,0.00,"AI Overview, Related searches"
linux vlc,Commercial,49,110,46,0.00,"AI Overview, Reviews, Video, Video carousel, People also ask, Related searches"
vlc player 64,Commercial,49,110,55,0.00,"Reviews, Video, People also ask, Related searches"
vlc video player free download,Commercial,49,110,59,0.09,"AI Overview, Reviews, Video, Related searches, Ads bottom"
iptv app lg,Commercial,49,90,16,0.00,"Video, Video carousel, People also ask, Related searches"
vlc player msi,"Informational, Transactional",49,90,25,0.00,"Sitelinks, Reviews, Related searches"
anbieter fernsehen über internet,Commercial,49,70,41,1.82,"AI Overview, Reviews, Video, People also ask, Related searches, Ads top, Ads middle"
deutsche iptv,"Informational, Commercial",49,70,20,0.00,"AI Overview, Video, Related searches"
download vlc for windows 10,Commercial,49,70,58,0.06,"Video, Related searches"
fernseh über internet anbieter,"Informational, Commercial",49,70,35,1.82,"AI Overview, Reviews, Video, People also ask, Related searches, Ads top, Ads middle"
senderliste o2 tv,Commercial,49,70,22,0.56,"AI Overview, Reviews, Video, People also ask, Related searches, Ads top, Ads bottom"
vlc palyer download,Commercial,49,70,58,0.09,"Reviews, Video, People also ask, Related searches"
vlc download,Commercial,48,6600,63,0.12,"AI Overview, Reviews, People also ask, Related searches"
vlc player 64 bit,Commercial,48,1000,58,0.00,"Reviews, Video, People also ask, Related searches"
vlc 64 bit,Transactional,48,880,43,0.00,"Reviews, Video, People also ask, Related searches"
vlc player 64x,Commercial,48,880,58,0.00,"Reviews, Video, People also ask, Related searches, Ads bottom"
vlc 64,Transactional,48,720,48,0.00,"Reviews, Related searches"
vlc 64bi,"Informational, Transactional",48,720,47,0.00,"Sitelinks, Reviews, People also ask, Related searches"
deutsch iptv,Commercial,48,590,10,0.00,"AI Overview, Video, Related searches"
vlc windows 64,Transactional,48,590,60,0.00,"Reviews, Video, People also ask, Related searches"
media player download,Commercial,48,480,57,0.23,"AI Overview, Reviews, Video, People also ask, Related searches, Ads middle"
vlc mac version,Commercial,48,480,44,0.51,"Reviews, Video, People also ask, Related searches"
vlc media player 64 bit,"Informational, Transactional",48,480,57,0.00,"Reviews, Video, Video carousel, People also ask, Related searches"
vlc video player download for windows,"Informational, Transactional",48,480,57,0.10,"AI Overview, Reviews, Video, Related searches"
vlc videolan 64 bit,Commercial,48,480,66,0.00,"Reviews, Related searches"
media player vlc 64 bit,"Informational, Transactional",48,390,54,0.00,"Reviews, Video, Video carousel, Related searches"
player iptv windows,"Informational, Commercial",48,390,21,0.00,"Sitelinks, AI Overview, Reviews, Video, Video carousel, Related searches"
vlc download 64 bit,"Informational, Transactional",48,390,57,0.00,"Reviews, Related searches"
download vlc media player 64 bit,"Informational, Transactional",48,320,51,0.00,"Reviews, Related searches"
iptv windows,"Informational, Commercial",48,260,35,0.00,"Sitelinks, AI Overview, Reviews, Video, People also ask, Related searches"
beste iptv player,Commercial,48,210,21,0.00,"AI Overview, Reviews, Video, Video carousel, People also ask, Related searches"
iptv player for windows,"Informational, Commercial",48,210,30,0.00,"Reviews, Video, Related searches"
org videolan vlc,"Informational, Transactional",48,210,58,0.20,"AI Overview, Reviews, People also ask, Related searches"
vlc media player download windows,Commercial,48,210,61,0.10,"AI Overview, Reviews, People also ask, Related searches"
vlc player mac download,"Informational, Transactional",48,210,52,2.74,"Video, People also ask, Related searches"
freeware vlc media player download,Commercial,48,140,60,0.10,"AI Overview, Reviews, Video, People also ask, Related searches, Ads middle"
vlc mdeia player,Commercial,48,140,58,0.16,"AI Overview, Reviews, Video, People also ask, Related searches"
vlc media player download free download,"Informational, Transactional",48,140,62,0.10,"AI Overview, Reviews, People also ask, Related searches"
vlc multimedia player free download,Commercial,48,140,70,0.09,"Reviews, Video, People also ask, Related searches"
vlc palyer,Commercial,48,140,62,0.15,"Reviews, Video, People also ask, Related searches"
vc player,Commercial,48,110,66,0.15,"Reviews, Video, Video carousel, People also ask, Related searches"
vlc 32 bit,Commercial,48,110,54,0.00,"Reviews, Video, Related searches"
vlc player für mac,"Informational, Transactional",48,110,46,0.06,"AI Overview, Reviews, Video, Video carousel, People also ask, Related searches, Ads middle"
win iptv player,Commercial,48,110,30,0.00,"AI Overview, Reviews, Video, People also ask, Related searches"
free download vlc media,"Informational, Commercial",48,90,57,0.09,"AI Overview, Reviews, Video, People also ask, Related searches"
fritz box iptv,"Informational, Transactional",48,90,23,0.00,"Video, People also ask, Related searches, Popular products"
siptv apk,"Informational, Transactional",48,90,28,0.00,"Reviews, Video, People also ask, Related searches"
vlc media polayer,Commercial,48,70,61,0.14,"Reviews, Video, People also ask, Related searches"
iptv german,Commercial,47,2400,37,1.10,"AI Overview, People also ask, Related searches"
flix iptv,Commercial,47,1600,23,0.00,"Reviews, People also ask, Related searches"
television iptv player,Commercial,47,590,44,0.00,"Reviews, Video, Video carousel, People also ask, Related searches"
bester iptv player,Commercial,47,480,28,0.00,"AI Overview, Reviews, Video, People also ask, Related searches"
download vlc for windows 64 bit,"Informational, Transactional",47,480,63,0.00,"Reviews, Video, Related searches"
vlc 64x download,"Informational, Transactional",47,480,59,0.00,"Reviews, Video, People also ask, Related searches"
vlc player download 64 bit,"Informational, Transactional",47,480,58,0.00,"AI Overview, Reviews, Video, Related searches"
vlc player download 64-bit,"Informational, Transactional",47,480,61,0.00,"AI Overview, Reviews, People also ask, Related searches"
iptv app android,"Informational, Commercial",47,390,38,0.00,"AI Overview, Reviews, Video, People also ask, Related searches"
videolan vlc 64 bit,Transactional,47,390,64,0.00,"Reviews, People also ask, Related searches"
iptv for smart,"Informational, Transactional",47,320,27,1.22,"AI Overview, Reviews, Video, Video carousel, Related searches"
vlc chip,"Navigational, Transactional",47,320,51,0.00,"Reviews, Video, People also ask, Related searches"
app iptv android,"Informational, Commercial",47,260,31,0.00,"Sitelinks, AI Overview, Reviews, Video, Video carousel, People also ask, Related searches"
download vlc player for windows 10 64 bit,"Informational, Transactional",47,260,61,0.05,"AI Overview, Reviews, Video, People also ask, Related searches, Ads middle"
viva premium iptv,Transactional,47,260,14,0.00,"Reviews, People also ask, Related searches"
vlc heise,"Navigational, Transactional",47,260,36,0.00,"Reviews, People also ask, Related searches"
vlc player chip,Transactional,47,260,46,0.00,"Reviews, Video, People also ask, Related searches"
playlist mu3,"Informational, Commercial",47,210,30,0.82,"Reviews, Video, People also ask, Related searches"
vlc media player download windows 10 64 bit,"Informational, Transactional",47,210,54,0.05,"Reviews, Video, Video carousel, Related searches"
vlc video player for windows,"Informational, Transactional",47,210,70,0.00,"Reviews, Video, People also ask, Related searches"
kodi add-ons,Commercial,47,170,10,0.27,"Sitelinks, Reviews, Video, People also ask"
streams for kodi,"Informational, Commercial",47,170,37,1.71,"Sitelinks, Reviews, Video, Video carousel, People also ask"
vlc player 64 bit download,"Informational, Transactional",47,170,56,0.00,"Reviews, Video, Related searches"
aacs vlc media player,Commercial,47,140,25,0.25,"Sitelinks, Video, Related searches, Ads middle"
vlc player download windows 10 64 bit,"Informational, Transactional",47,140,56,0.05,"Reviews, Video, Related searches"
xstream fire tv stick,Commercial,47,140,19,0.00,"Sitelinks, AI Overview, Video, Video carousel, People also ask, Related searches"
9xtream apk,"Informational, Transactional",47,110,23,0.00,"AI Overview, Reviews, Related searches"
ip tv app für fire tv stick,"Informational, Commercial",47,110,10,0.00,"Sitelinks, AI Overview, Video, Video carousel, People also ask, Related searches"
iptv windows 11,Commercial,47,110,22,0.00,"AI Overview, Reviews, Video, Video carousel, People also ask, Related searches"
kodi add ons for sports,"Informational, Commercial",47,110,23,0.00,"Sitelinks, Reviews, Video, Video carousel, People also ask"
sport add ons kodi,Commercial,47,110,11,0.00,"Sitelinks, Video, Video carousel, People also ask"
vlc download macbook air,Transactional,47,110,53,0.33,"Reviews, Video, People also ask, Related searches"
vlc download windows 10 64 bit,Transactional,47,110,58,0.05,"Reviews, Video, People also ask, Related searches"
vlc media player chip,Transactional,47,110,49,0.00,"Reviews, Video, People also ask, Related searches"
vlc player 32 bit,"Informational, Transactional",47,110,42,0.00,"AI Overview, Reviews, People also ask, Related searches"
vlc video player download for windows 10,"Informational, Transactional",47,110,54,0.08,"Reviews, Video, Video carousel, Related searches, Ads bottom"
beste iptv app für apple tv,Commercial,47,90,25,0.00,"Sitelinks, AI Overview, Reviews, Video, Related searches"
beste kodi addon,Commercial,47,90,12,0.00,"Sitelinks, Video"
besten kodi addons,Commercial,47,90,15,0.00,"Sitelinks, Video, People also ask"
free mu3 playlist,"Informational, Transactional",47,90,50,0.94,"Reviews, Video, Video carousel, People also ask"
iptv linux software,Commercial,47,90,9,0.00,"AI Overview, Reviews, Video, Related searches"
kodi adons,Commercial,47,90,11,0.00,"Sitelinks, Reviews, Video, People also ask"
radio xtream,"Informational, Commercial",47,90,16,0.00,"Reviews, Related searches"
web browser iptv,Commercial,47,90,44,0.00,"Reviews, Video, People also ask, Related searches"
xtreamcube,"Navigational, Transactional",47,90,0,0.76,Related searches
9xtream d & play iptv,Commercial,47,70,24,0.00,"Video, People also ask, Related searches"
ip tv app fire tv,"Informational, Commercial",47,70,27,0.00,"Sitelinks, AI Overview, Video, Video carousel, People also ask, Related searches"
ip tv für fire tv stick,"Informational, Commercial",47,70,11,0.00,"Sitelinks, AI Overview, Video, Video carousel, People also ask, Related searches"
ip tv pro,"Informational, Transactional",47,70,36,0.94,"Reviews, Video, Video carousel, People also ask, Related searches"
kodi addons 2025,Commercial,47,70,,0.37,"Sitelinks, Video, Video carousel, People also ask"
kodi beste addons,Commercial,47,70,13,0.00,"Sitelinks, Reviews, Video, People also ask"
vlc plater,Commercial,47,70,65,0.15,"AI Overview, Reviews, Video, People also ask, Related searches"
smart ip tv,"Informational, Commercial",46,1600,34,1.22,"Reviews, Image pack, Video, Video carousel, People also ask, Related searches"
iptv extreme,"Informational, Transactional",46,1300,30,0.00,"AI Overview, Reviews, People also ask, Related searches"
windows media movie player,"Informational, Commercial",46,1000,72,0.10,"Reviews, Video, People also ask, Related searches"
vlc media player 64x,"Informational, Transactional",46,880,62,0.00,"Reviews, Video, People also ask, Related searches"
iptv deutsch,"Informational, Commercial",46,590,30,0.00,"AI Overview, Video, Related searches"
iptv line kaufen,Commercial,46,480,6,0.00,"Video, People also ask, Popular products"
iptv lines,"Informational, Commercial",46,480,7,0.00,"AI Overview, People also ask, Related searches"
iptv player win,"Informational, Commercial",46,480,27,0.00,"Sitelinks, AI Overview, Reviews, Video, Video carousel, Related searches"
bestes iptv,Commercial,46,390,32,0.00,"AI Overview, Video, People also ask, Related searches"
iptv smarter downloader,"Informational, Transactional",46,390,28,0.00,"Sitelinks, AI Overview, Reviews, Video, Video carousel, People also ask, Related searches"
iptvextreme,"Informational, Transactional",46,390,41,0.00,"Reviews, Video, People also ask, Related searches"
beste iptv app,Commercial,46,320,25,0.00,"AI Overview, Reviews, Video, People also ask, Related searches"
bester iptv,Commercial,46,320,21,0.00,"AI Overview, Video, People also ask, Related searches"
forum iptv,"Informational, Transactional",46,320,10,0.00,People also ask
iptv free terial,"Informational, Commercial",46,320,8,0.00,"Sitelinks, Video, Video carousel, People also ask, Related searches"
wmp media player,"Informational, Transactional",46,320,49,0.12,"Reviews, Video, Video carousel, People also ask, Related searches"
heise vlc,"Navigational, Transactional",46,260,33,0.00,"Reviews, Related searches"
i. p. t. v. smarters pro,"Informational, Commercial",46,260,32,0.00,"Reviews, Video, Video carousel, People also ask, Related searches"
iptv mega,Commercial,46,260,24,0.00,"Reviews, People also ask, Related searches"
ip tv smart,Commercial,46,210,36,0.00,"Reviews, Image pack, Video, People also ask, Related searches"
iptvhdserver,"Navigational, Transactional",46,210,10,0.00,"Sitelinks, Reviews, Video, People also ask, Ads top, Ads middle"
skin for vlc,"Informational, Transactional",46,210,31,0.00,"Reviews, Image pack, Video, Video carousel, People also ask, Related searches"
vlc media player download 64 bit windows 10,"Informational, Transactional",46,210,58,0.05,"Reviews, Video, People also ask, Related searches"
vlc video player download for mac,"Informational, Transactional",46,210,52,0.33,"Reviews, Video, People also ask, Related searches"
wmp classic,Commercial,46,210,55,0.08,"Sitelinks, AI Overview, Reviews, Video, People also ask, Related searches"
iptv smarters pro apk download,Commercial,46,170,33,0.00,"Reviews, Video, People also ask, Related searches"
iptv smarters pro mac,Commercial,46,170,37,0.00,"Reviews, Video, Related searches"
windows media media player,"Informational, Transactional",46,170,46,0.10,"Reviews, Video, Knowledge panel, Related searches"
best iptv app,Commercial,46,140,21,0.00,"AI Overview, Reviews, Video, Video carousel, People also ask, Related searches"
iptv amazon fire tv stick,Transactional,46,140,27,0.00,"Sitelinks, Video, Video carousel, People also ask, Related searches, Popular products"
iptv player pc,Commercial,46,140,26,0.00,"Sitelinks, Reviews, Video, Video carousel, Related searches"
iptv smarters pro download pc,Commercial,46,140,36,0.00,"Video carousel, People also ask, Related searches"
iptv-smarters-pro,"Informational, Commercial",46,140,38,0.00,"AI Overview, Reviews, Video, Video carousel, People also ask, Related searches"
reproductor classic media player,Commercial,46,140,47,0.09,"Sitelinks, Reviews, Video, Related searches"
smarters iptv pro apk,Commercial,46,140,30,0.00,"Reviews, Video, Related searches"
beste iptv app für lg tv,Commercial,46,110,20,0.00,"AI Overview, Video, People also ask, Related searches"
bester iptv player android,Commercial,46,110,17,0.00,"Sitelinks, AI Overview, Reviews, Video, Video carousel, People also ask, Related searches"
iptv pc player,Commercial,46,110,25,0.00,"AI Overview, Reviews, Video, People also ask, Related searches"
iptv set top box,Commercial,46,110,15,0.00,"Video, People also ask, Related searches, Popular products"
linux video player software,"Informational, Commercial",46,110,16,0.00,"Sitelinks, Reviews, Video, People also ask, Related searches"
microsoft mediaplayer,"Informational, Transactional",46,110,48,0.09,"Video, People also ask, Knowledge panel, Related searches"
vlc dvd player download for windows 10,"Informational, Transactional",46,110,59,0.08,"Reviews, Video, People also ask, Related searches, Ads top, Ads bottom"
vlc player heise,"Navigational, Transactional",46,110,41,0.00,"Reviews, Related searches"
chip download vlc player,"Navigational, Transactional",46,90,54,0.00,"Reviews, Video, People also ask, Related searches"
ip tv kodu,"Informational, Transactional",46,90,44,0.00,"Reviews, Video, Video carousel, People also ask, Related searches"
linux vlc player,Commercial,46,90,31,0.00,"Video, People also ask, Related searches"
vavvoo,"Informational, Transactional",46,90,30,0.00,"Reviews, Video, People also ask, Knowledge panel, Related searches"
vlc player download chip,Transactional,46,90,50,0.00,"Reviews, Video, People also ask, Related searches"
windows video player for windows 7,Commercial,46,90,49,0.00,"Reviews, Video, Video carousel, People also ask, Related searches"
best music player on windows,Commercial,46,70,33,0.00,"Sitelinks, AI Overview, Video, Video carousel, People also ask, Related searches"
iptv boxen,Commercial,46,70,17,0.87,"Video, People also ask, Related searches, Popular products"
iptv free trail,"Informational, Commercial",46,70,0,0.00,"Sitelinks, Video, Video carousel, Related searches"
iptv smarters pro مهكر,Commercial,46,70,7,0.00,
smarters pro app,"Informational, Commercial",46,70,38,0.42,"AI Overview, Reviews, Video, Video carousel, People also ask, Related searches"
iptv deutschland,"Informational, Commercial",45,1900,36,1.35,"AI Overview, Video, People also ask, Related searches"
iptv germany,Commercial,45,1900,25,1.44,"AI Overview, Video, People also ask, Related searches"
german iptv,Commercial,45,1600,19,0.87,"Video, People also ask, Related searches"
streamcloud tv,"Informational, Transactional",45,880,19,1.60,"Reviews, Related searches"
extreme iptv,Transactional,45,590,30,0.00,"Reviews, Video, People also ask, Related searches"
iptv player android,Commercial,45,590,26,0.00,"Reviews, Video, Video carousel, People also ask, Related searches"
iptv tv stick,Commercial,45,590,17,0.00,"Sitelinks, Reviews, Video, People also ask, Related searches, Popular products"
iptv provider,"Informational, Commercial",45,480,34,0.00,"Sitelinks, AI Overview, Video, Video carousel, People also ask, Related searches"
iptv anbieter forum,Commercial,45,390,11,0.00,"Sitelinks, People also ask, Related searches"
iptv for windows,Commercial,45,320,41,0.00,"Video, Video carousel, People also ask, Related searches"
vlc 64 bits download,"Informational, Transactional",45,320,59,0.00,"Reviews, People also ask, Related searches"
chip vlc player,Transactional,45,260,46,0.00,"Reviews, Video, People also ask, Related searches"
dvd rippen mit vlc,Commercial,45,260,13,0.27,"Sitelinks, AI Overview, Video, Video carousel, People also ask, Related searches, Ads bottom, Ads middle"
netflix anmelden tv,"Navigational, Transactional",45,260,59,1.54,"AI Overview, Video, People also ask, Related searches"
online iptv player,"Informational, Transactional",45,260,55,0.00,"Reviews, People also ask, Knowledge panel"
streaming on kodi,Commercial,45,260,37,1.66,"AI Overview, Reviews, Video, Video carousel, People also ask"
test tv box,"Informational, Commercial",45,260,31,0.28,"Sitelinks, Reviews, Video, Video carousel, People also ask, Related searches"
beste iptv player android,Commercial,45,210,18,0.00,"Sitelinks, AI Overview, Reviews, Video, Video carousel, People also ask, Related searches"
iptv services,"Informational, Commercial",45,210,26,0.00,"Sitelinks, Video, Video carousel, People also ask, Related searches"
iptvhafen,"Informational, Transactional",45,210,2,0.00,Related searches
iptv service,"Informational, Commercial",45,170,32,0.00,"AI Overview, Reviews, Video, Video carousel, People also ask, Related searches"
netfil app,"Informational, Transactional",45,170,57,0.62,"Reviews, People also ask, Related searches"
free iptv player,"Informational, Commercial",45,140,37,0.00,"AI Overview, Reviews, Video, People also ask, Related searches"
german iptv erfahrungen,"Informational, Commercial",45,140,22,0.00,"Sitelinks, AI Overview, Reviews, Video, Video carousel, People also ask, Related searches"
iptv online kaufen,Commercial,45,140,22,0.00,"Video, People also ask, Related searches, Popular products"
iptv vergleich,Commercial,45,140,37,0.00,"AI Overview, Reviews, Video, People also ask, Related searches"
iptv-anbieter liste,"Informational, Commercial",45,140,30,0.00,"Sitelinks, AI Overview, Video, People also ask, Related searches"
kodi addons xstream,Commercial,45,140,6,0.00,"Video, Video carousel, People also ask"
netflix installer,Commercial,45,140,70,0.14,"Video, Related searches"
smarter iptv apk download,Commercial,45,140,32,0.00,"Reviews, Video, Related searches"
xstreame,Commercial,45,140,23,1.30,"Reviews, People also ask, Related searches"
ip television pc,"Informational, Commercial",45,110,36,0.00,"Featured snippet, Reviews, Video, People also ask, Related searches, Ads middle"
iptv anbieter testsieger,"Informational, Commercial",45,110,30,0.00,"AI Overview, Video, People also ask, Related searches"
iptv bester,Commercial,45,110,27,0.00,"AI Overview, Video, People also ask, Related searches"
iptv bester anbieter,Commercial,45,110,24,0.00,"AI Overview, Reviews, Video, Video carousel, People also ask, Related searches"
iptv günstig,"Informational, Commercial",45,110,39,0.00,"Video, People also ask, Related searches"
itv hub itv player,"Informational, Transactional",45,110,42,0.25,"Video, People also ask, Related searches"
kodi xtream,Commercial,45,110,30,0.00,"Video, People also ask"
netflix dowb,Commercial,45,110,50,0.00,"People also ask, Related searches"
netflix dowlod,Transactional,45,110,74,0.26,"Reviews, Video, People also ask, Related searches"
netflixapp,"Informational, Transactional",45,110,70,0.62,"People also ask, Related searches"
player iptv pc,Commercial,45,110,26,0.00,"AI Overview, Reviews, Video, Video carousel, Related searches"
vergleich iptv,Commercial,45,110,37,0.00,"Sitelinks, AI Overview, Reviews, Video, People also ask, Related searches"
xstreamity,Commercial,45,110,8,0.57,"Sitelinks, Reviews, Video, People also ask, Related searches"
beste iptv box android,"Informational, Commercial",45,90,16,0.00,"Video, Video carousel, People also ask, Related searches"
iptv anbieter deutsch,"Informational, Commercial",45,90,27,0.00,"AI Overview, Video, Related searches"
kodi xstream repo,Commercial,45,90,25,0.00,"Sitelinks, Reviews, Video, People also ask"
netflix aplicacion pc,"Informational, Transactional",45,90,49,0.00,"Reviews, Video, People also ask, Related searches"
netflxi app,"Informational, Transactional",45,90,66,0.62,"Reviews, People also ask, Related searches"
tv box kaufen,Transactional,45,90,22,1.46,"Video, People also ask, Related searches, Popular products"
xstream kodi installieren,Commercial,45,90,11,0.00,"AI Overview, Video, Video carousel, People also ask"
aplle tv box,"Navigational, Transactional",45,70,49,0.30,"Sitelinks, Video, People also ask, Related searches, Popular products"
iptv app pc,Commercial,45,70,36,0.00,"Reviews, Video, People also ask, Related searches"
netlifx app,"Informational, Transactional",45,70,63,0.62,"Reviews, People also ask, Related searches"
iptv kaufen,Commercial,44,8100,23,1.33,"Video, People also ask, Related searches"
netflix app,"Informational, Transactional",44,8100,67,0.62,"Reviews, People also ask, Related searches"
deutschland iptv,Commercial,44,1300,30,1.35,"AI Overview, Video, People also ask, Related searches"
iptvmeezzy,Transactional,44,1300,15,0.00,"Sitelinks, AI Overview, Related searches"
6iptv,"Navigational, Transactional",44,1000,6,1.90,"People also ask, Related searches"
netflix netflix download,"Informational, Transactional",44,1000,72,0.26,"AI Overview, Reviews, People also ask, Related searches"
iptv receiver,"Informational, Commercial",44,880,16,0.00,"Sitelinks, Video, People also ask, Related searches, Popular products"
iptv line,"Informational, Commercial",44,590,10,0.00,"AI Overview, Reviews, Image, Video, People also ask"
stb приемник,"Informational, Transactional",44,590,25,0.00,"Image pack, Video, People also ask, Knowledge panel, Related searches"
televizo - iptv player,Commercial,44,590,28,0.00,"Reviews, Video, People also ask, Related searches"
anbieteriptv,Commercial,44,480,30,0.00,"AI Overview, Video, Related searches"
best iptv player,Commercial,44,480,34,0.00,"Sitelinks, AI Overview, Reviews, Video, Video carousel, People also ask, Related searches"
iptv application android,"Informational, Transactional",44,480,37,0.00,"AI Overview, Reviews, Video, Video carousel, People also ask, Related searches"
beste iptv,Commercial,44,390,18,0.00,"Sitelinks, AI Overview, Video, People also ask, Related searches"
iptv anbieter alle sender,Commercial,44,390,19,0.00,"AI Overview, Video, People also ask, Related searches"
iptv lines kaufen,Commercial,44,390,10,0.00,"AI Overview, Video, People also ask, Related searches"
rtl programm jetzt live,"Navigational, Transactional",44,390,75,0.54,"Sitelinks, Video, People also ask, Related searches, Ads bottom"
rtlive,"Informational, Transactional",44,390,26,1.92,"Video, People also ask"
best player iptv,Commercial,44,320,36,0.00,"Sitelinks, AI Overview, Reviews, Video, People also ask, Related searches"
iptv smarters apk,Commercial,44,320,35,0.00,"Reviews, Video, People also ask, Related searches"
iptv-anbieter vergleich,Commercial,44,320,38,0.00,"Sitelinks, AI Overview, Video, People also ask, Related searches"
rtl up kostenlos live,Transactional,44,320,32,0.69,"Reviews, Video, People also ask, Related searches"
rtl livesrream,"Navigational, Transactional",44,260,61,0.60,"Reviews, Video, People also ask, Related searches, Ads middle"
rtl livestream tv,"Navigational, Transactional",44,260,50,0.98,"Reviews, Video, People also ask, Related searches"
vlc 64 bit download for windows 10,Commercial,44,260,59,0.05,"Reviews, Video, People also ask, Related searches, Ads middle"
ip tv player,"Informational, Commercial",44,210,38,0.53,"Reviews, Video, Video carousel, People also ask, Related searches"
ip-tv player,Commercial,44,210,39,0.53,"Reviews, Video, People also ask, Related searches"
ip-tv.app,"Informational, Commercial",44,210,39,0.78,"AI Overview, Reviews, Video, People also ask"
ipitivi,Transactional,44,210,40,0.00,"Reviews, Image pack, Video, People also ask, Related searches, Ads top"
iptv deutschland anbieter,"Informational, Commercial",44,210,32,0.00,"AI Overview, Video, Short videos, People also ask, Related searches"
iptv testen,Commercial,44,210,0,0.00,Related searches
iptv tv box,Commercial,44,210,21,0.00,"People also ask, Related searches, Popular products"
kodi addon,Commercial,44,210,18,0.00,"Sitelinks, Reviews, Video"
netflix auf fernseher anmelden,"Navigational, Transactional",44,210,54,0.00,"AI Overview, Video, People also ask, Related searches"
videolan skins,"Navigational, Transactional",44,210,33,0.00,"Sitelinks, Reviews, Image pack, Video, Related searches"
beste iptv anbieter forum,Commercial,44,170,10,0.00,"Sitelinks, Reviews, People also ask, Related searches"
ip tv boxen,"Informational, Commercial",44,170,25,0.00,"Video, Video carousel, People also ask, Related searches, Popular products"
iptv smarters pro download android,Commercial,44,170,33,0.00,"Reviews, Video carousel, Related searches"
rtl live youtube,"Navigational, Transactional",44,170,,0.00,"Video, Video carousel, People also ask, Related searches"
rtl television live heute,"Informational, Transactional",44,170,68,0.40,"Video, People also ask, Related searches"
set top boxen,Commercial,44,170,14,0.54,"Sitelinks, Image, Image pack, Video, People also ask, Related searches, Popular products"
avc player free download,Commercial,44,140,70,0.09,"Reviews, Video, People also ask, Related searches"
beste iptv app für android tv,Commercial,44,140,20,0.00,"Sitelinks, AI Overview, Reviews, Video, Video carousel, People also ask, Related searches"
hot player download,Commercial,44,140,34,0.00,"People also ask, Related searches"
iptv apk pro,Commercial,44,140,25,0.00,"Reviews, Video, Related searches"
iptv apps windows,"Informational, Commercial",44,140,31,0.00,"AI Overview, Reviews, Video, Video carousel, Related searches"
iptv liste kaufen,Commercial,44,140,1,0.00,"AI Overview, People also ask, Related searches"
iptv shop,Commercial,44,140,17,0.00,"AI Overview, Video, People also ask, Related searches"
iptv smarters pro pc,"Informational, Transactional",44,140,31,0.00,"Reviews, Video, Related searches"
iptv stream player windows,"Informational, Commercial",44,140,30,0.00,"AI Overview, Reviews, Video, People also ask, Related searches"
m3u list,Commercial,44,140,25,0.61,"Reviews, Video, Video carousel, People also ask, Related searches"
netflix dolby vision,Commercial,44,140,27,0.00,"AI Overview, Video, People also ask, Related searches"
rtl livestream kostenlos und ohne anmeldung,"Navigational, Transactional",44,140,42,0.00,"Sitelinks, Video, People also ask, Related searches"
videolan windows 10,"Informational, Transactional",44,140,64,0.07,"Reviews, People also ask, Related searches"
android iptv player,Commercial,44,110,30,0.00,"Reviews, Video, People also ask, Related searches"
best iptv player for windows,Commercial,44,110,31,0.00,"Reviews, Video carousel, People also ask, Related searches"
bubble rtl kostenlos,"Navigational, Transactional",44,110,43,0.00,"Sitelinks, Related searches"
download youtube video on vlc,"Informational, Transactional",44,110,15,0.00,"Video, Video carousel, People also ask, Related searches"
free-tv rtl,"Navigational, Transactional",44,110,74,0.65,"Reviews, Video, People also ask, Related searches, Ads bottom"
iptv list kaufen,Commercial,44,110,10,0.00,"AI Overview, Video, People also ask, Related searches"
iptv preis,Transactional,44,110,35,0.00,"Sitelinks, AI Overview, Video, People also ask, Related searches"
rtl gucken live,Transactional,44,110,45,0.94,"Sitelinks, Reviews, Video, People also ask, Related searches"
rtl live free-tv,"Navigational, Transactional",44,110,52,0.93,"Sitelinks, Reviews, Video, People also ask, Related searches"
rtl ohne anmelden,Transactional,44,110,47,1.27,"Reviews, Video, People also ask, Related searches"
rtl plus kostenlos live stream,"Navigational, Transactional",44,110,,0.56,"Reviews, Video, People also ask, Related searches"
smart iptv xtream player,"Informational, Transactional",44,110,27,0.00,"Reviews, Video, People also ask"
vavoo box apk,"Informational, Transactional",44,110,32,0.00,"Reviews, People also ask, Related searches"
videolan plugin,Transactional,44,110,42,0.00,"Reviews, Video, People also ask, Related searches"
دانلود vlc,Commercial,44,110,22,0.00,"Reviews, Related searches"
addons iptv kodi,Commercial,44,90,5,0.00,"Sitelinks, Reviews, Video"
dezor iptv,"Informational, Transactional",44,90,26,0.00,"Reviews, Video, People also ask, Related searches"
fernsehen auf rtl,Commercial,44,90,57,0.49,"Video, People also ask, Top stories, Related searches"
freetv rtl,"Navigational, Transactional",44,90,55,0.72,"Sitelinks, Video, People also ask, Top stories, Related searches"
hot player apk,Commercial,44,90,34,0.00,"Reviews, People also ask, Related searches"
iptv stick amazon,"Informational, Transactional",44,90,31,0.00,"Sitelinks, Video, People also ask, Related searches, Popular products"
iptv website,Commercial,44,90,38,0.00,"AI Overview, People also ask, Related searches"
live programm rtl,"Informational, Transactional",44,90,34,0.55,"Video, People also ask, Related searches"
livestream fernsehen rtl,"Navigational, Transactional",44,90,52,0.56,"Reviews, Video, People also ask, Related searches, Ads bottom"
netflix fernseher anmelden,"Navigational, Transactional",44,90,63,0.00,"AI Overview, Video, People also ask, Related searches"
online tv schauen kostenlos ohne anmeldung rtl,Transactional,44,90,30,0.00,"AI Overview, Reviews, Video, People also ask, Related searches"
programm rtl live,"Informational, Transactional",44,90,,0.55,"Video, People also ask, Related searches, Ads bottom"
rtl kostenlos ohne anmeldung live,Transactional,44,90,39,0.00,"AI Overview, Reviews, Video, People also ask, Related searches"
rtl live now,"Navigational, Transactional",44,90,67,0.26,"Reviews, Video, People also ask, Related searches"
rtl live sender,"Navigational, Transactional",44,90,69,0.70,"Sitelinks, Reviews, Video, People also ask, Related searches"
rtl online live,"Navigational, Transactional",44,90,53,1.00,"Video, People also ask, Top stories, Related searches"
rtl plus fernsehprogramm heute,Commercial,44,90,44,0.33,"People also ask, Related searches"
rtl plus live programm heute,"Navigational, Transactional",44,90,85,0.15,"Sitelinks, People also ask, Related searches"
rtl sender live,"Navigational, Transactional",44,90,67,0.70,"Sitelinks, Reviews, Video, People also ask, Related searches"
rtl tv live heute,"Navigational, Transactional",44,90,51,0.36,"Reviews, Video, People also ask, Related searches"
smart iptv kaufen,Transactional,44,90,29,0.00,"Reviews, Video, People also ask, Related searches"
super rtl livestream kostenlos,Commercial,44,90,39,0.00,"Video, People also ask, Related searches"
was ist eine set-top-box,"Informational, Commercial",44,90,13,0.46,"AI Overview, Reviews, Video, People also ask, Related searches"
dvd in avi umwandeln,Commercial,44,70,11,0.43,"Sitelinks, AI Overview, Reviews, Video, People also ask, Related searches"
fernseh live rtl,"Navigational, Transactional",44,70,59,0.65,"Reviews, Video, People also ask, Related searches"
iptv playlist kaufen,Commercial,44,70,8,0.00,"Video, Related searches"
iptv smart player windows,Transactional,44,70,40,0.00,"Reviews, Video, Video carousel, People also ask, Related searches"
iptvus,Commercial,44,70,42,1.20,"Reviews, People also ask"
kaufeniptv,Commercial,44,70,2,0.89,"Video, People also ask, Ads top, Ads middle"
live stream fernsehen rtl,Transactional,44,70,46,0.56,"Reviews, Video, People also ask, Related searches"
m3u playlisten,Commercial,44,70,24,0.75,"Reviews, People also ask, Related searches"
online rtl,Transactional,44,70,71,1.54,"Video, People also ask, Top stories, Related searches"
rtl jetzt schauen,"Navigational, Transactional",44,70,60,0.74,"Sitelinks, Reviews, Video, People also ask, Related searches"
rtl livestrea,"Navigational, Transactional",44,70,49,0.60,"Reviews, Video, People also ask, Related searches"
rtl livestream.de,"Navigational, Transactional",44,70,60,0.96,"Reviews, Video, People also ask"
rtl livestrream,"Navigational, Transactional",44,70,48,0.60,"Reviews, Video, People also ask, Related searches"
rtl tv kostenlos streamen,Commercial,44,70,44,1.07,"Sitelinks, Video, People also ask, Related searches, Ads bottom"
rtl tv streaming,Transactional,44,70,66,0.97,"Sitelinks, Video, People also ask, Top stories, Related searches"
netflix aplicación,Commercial,43,3600,72,0.62,"Reviews, Video, People also ask, Related searches"
netflix aplicacion,Commercial,43,2400,67,0.62,"Reviews, Related searches"
iptv test,Commercial,43,1600,5,0.89,"Video, People also ask, Related searches"
rtl streaming,"Navigational, Transactional",43,1600,62,0.81,"Reviews, Video, Video carousel, People also ask, Related searches"
iptvkaufen,Transactional,43,1300,21,0.99,"Image pack, Video, Related searches, Ads top, Ads bottom"
tv rtl stream,"Navigational, Transactional",43,1000,66,0.65,"Reviews, Video, People also ask, Related searches, Ads top, Ads middle"
windows multimedia player,Commercial,43,1000,50,0.12,"Reviews, Video, People also ask, Related searches"
iptv smarters pro apk,Commercial,43,720,34,0.00,"Reviews, Video, Related searches"
kodi addons deutsch,Commercial,43,590,15,0.65,"Reviews, Video, Video carousel, People also ask"
streamcloud. cam,Commercial,43,590,30,0.00,Reviews
televizo fire stick,"Informational, Transactional",43,480,29,0.48,"Sitelinks, AI Overview, Reviews, Video, Video carousel, People also ask, Related searches"
beste iptv anbieter,Commercial,43,320,25,0.00,"Sitelinks, AI Overview, Image, Video, Video carousel, People also ask, Related searches"
beste m3u liste,Commercial,43,320,18,0.70,"Sitelinks, AI Overview, Reviews, Video, People also ask, Related searches"
upgrading apple tv,"Informational, Transactional",43,320,30,0.00,"Sitelinks, AI Overview, Video, Video carousel, People also ask, Related searches"
vcr player,"Informational, Transactional",43,320,62,0.16,"Reviews, Video, People also ask, Knowledge panel"
windows player download,Commercial,43,320,45,0.08,"Video, People also ask, Related searches"
bundesliga iptv,Commercial,43,260,19,0.00,"Sitelinks, Reviews, Video, Related searches"
iptv-abonnement,"Informational, Commercial",43,260,15,0.00,"Video, People also ask, Related searches"
multimedia player download,"Informational, Commercial",43,260,60,0.23,"Reviews, Video, People also ask, Related searches"
fernseher mit netflix,Commercial,43,210,31,0.19,"Image, Video, People also ask, Related searches, Popular products"
iptv code kaufen,Commercial,43,210,13,0.00,"AI Overview, Related searches"
kaufen iptv,Commercial,43,210,30,0.00,"Video, People also ask, Related searches, Popular products"
streamcloud. sx,Commercial,43,210,25,0.00,"Reviews, Related searches"
vlc wiki,"Informational, Transactional",43,210,51,0.00,"Sitelinks, Reviews, Video, People also ask, Related searches"
vlc wikipedia,"Navigational, Transactional",43,210,63,0.00,"Sitelinks, Reviews, Video, People also ask, Related searches"
bester iptv anbieter deutschland,Commercial,43,170,19,0.00,"Sitelinks, AI Overview, Video, Short videos, People also ask, Related searches"
flix iptv playlist,Commercial,43,170,13,0.00,"Reviews, Video, People also ask, Related searches"
getflix,"Navigational, Transactional",43,170,25,1.39,"Sitelinks, Reviews, Video, People also ask, Related searches"
ip tv smart player,Transactional,43,170,31,0.00,"Reviews, Video, People also ask, Related searches"
viva iptv,"Informational, Commercial",43,170,23,0.00,"AI Overview, Reviews, People also ask"
apple tv os 26,"Informational, Transactional",43,140,37,0.00,"Reviews, Video, People also ask, Related searches"
internet tv via,Commercial,43,140,33,1.52,"Reviews, Video, People also ask, Related searches, Ads top, Ads middle"
iptvdeutschland,Commercial,43,140,12,1.35,"AI Overview, Video, Video carousel, People also ask, Related searches"
kodi twitch,Commercial,43,140,26,0.00,"Reviews, People also ask"
linux kodi,"Informational, Transactional",43,140,21,0.00,"Sitelinks, Video, Video carousel, People also ask"
mp4 video player,Commercial,43,140,30,0.20,"Reviews, Video, People also ask, Related searches"
ott player download,Commercial,43,140,27,0.00,"Reviews, People also ask, Related searches"
ottplayer download,Commercial,43,140,23,0.00,"Reviews, People also ask, Related searches"
stb tv box,Commercial,43,140,22,0.88,"Reviews, Video, People also ask, Related searches, Popular products"
apple tvos download,"Informational, Transactional",43,110,27,0.00,"Reviews, Video, People also ask, Related searches"
best player for iptv windows,Commercial,43,110,26,0.00,"Sitelinks, AI Overview, Reviews, Video, Video carousel, People also ask, Related searches"
besten iptv anbieter,Commercial,43,110,17,0.00,"Sitelinks, AI Overview, Video, Related searches"
flixora epg service,Commercial,43,110,10,0.00,"Sitelinks, Related searches"
netflix active,"Navigational, Transactional",43,110,89,0.00,"Video, People also ask, Related searches"
netflix comn,"Navigational, Transactional",43,110,81,1.38,"People also ask, Related searches"
smarters iptv apk,Commercial,43,110,33,0.00,"Reviews, Video, Related searches"
tv stream app,"Informational, Commercial",43,110,49,1.76,"AI Overview, Reviews, Video, People also ask, Related searches"
best iptv player android,Commercial,43,90,41,0.00,"Sitelinks, AI Overview, Reviews, Video, Video carousel, People also ask, Related searches"
fernseher netflix,"Informational, Transactional",43,90,53,0.55,"Video, People also ask, Related searches"
flix iptv player,Commercial,43,90,20,0.00,"Video, People also ask, Related searches"
netflix for windows,"Informational, Transactional",43,90,42,0.00,"Reviews, Related searches"
ohne limit streamcloud,"Informational, Commercial",43,90,23,1.76,"AI Overview, Reviews, Video, Related searches"
player mac avi,"Informational, Commercial",43,90,26,0.18,"Sitelinks, Reviews, Video, Related searches"
stream cloud sx,Commercial,43,90,26,0.90,"People also ask, Related searches"
streamcloud.my alternative,"Informational, Commercial",43,90,30,0.00,"Sitelinks, AI Overview, Reviews, Video, People also ask, Related searches"
vodafone neue frequenzen,"Informational, Transactional",43,90,37,0.00,"Reviews, People also ask, Related searches"
what is iptv github,"Navigational, Transactional",43,90,70,0.00,"AI Overview, People also ask, Related searches"
apple media player,"Navigational, Transactional",43,70,41,0.00,"Reviews, People also ask, Related searches, Popular products"
best iptv player for android,Commercial,43,70,47,0.00,"Sitelinks, AI Overview, Reviews, Video, Video carousel, People also ask, Related searches"
coding twitch,"Navigational, Transactional",43,70,40,0.00,"Sitelinks, Video, People also ask, Related searches"
flix ipt apk,Commercial,43,70,19,0.00,"People also ask, Related searches"
hevc videoerweiterungen vom gerätehersteller,Commercial,43,70,24,0.00,"Video, People also ask, Related searches"
kodi live tv addon,Commercial,43,70,6,0.00,"Sitelinks, Video, People also ask"
ok netflix,"Navigational, Transactional",43,70,49,1.29,"Image pack, Video, Video carousel, People also ask, Related searches"
player mkv mac,"Informational, Commercial",43,70,38,0.22,"Sitelinks, AI Overview, Reviews, Video, Video carousel, People also ask, Related searches"
xc iptv player,"Informational, Commercial",43,70,29,0.51,"AI Overview, Reviews, People also ask, Related searches"
vavoo,"Informational, Transactional",42,5400,33,0.00,"Reviews, Video, People also ask, Knowledge panel, Related searches"
xstream kodi,Commercial,42,1300,29,0.00,"AI Overview, Reviews, Image pack, Video, Video carousel, People also ask"
iptv alle sender,"Informational, Commercial",42,1000,17,0.00,"AI Overview, Reviews, Video, People also ask, Related searches"
vavoo apk,"Informational, Transactional",42,880,31,2.20,"Reviews, People also ask, Related searches"
kodi.tv,"Navigational, Transactional",42,720,65,1.10,"Sitelinks, AI Overview, Reviews, Video, Video carousel"
vavoo tv,"Informational, Transactional",42,720,33,1.46,"Reviews, Video, People also ask, Knowledge panel, Related searches"
iptv anbieter vergleich,Commercial,42,590,41,0.00,"AI Overview, Video, People also ask, Related searches"
bester iptv anbieter,Commercial,42,480,21,0.00,"Sitelinks, AI Overview, Video, Video carousel, People also ask, Related searches"
iptvgermany,Commercial,42,480,10,0.88,"Video, Related searches, Ads middle"
githubusercontent iptv,"Navigational, Transactional",42,390,44,0.00,"Video, Video carousel, Related searches"
iptv premium,"Informational, Commercial",42,390,15,0.00,"AI Overview, Reviews, Video, Video carousel, People also ask, Related searches"
videolan 64 bit download,Commercial,42,390,58,0.00,"Reviews, People also ask, Related searches"
free tv internet,Commercial,42,320,61,1.22,"AI Overview, Reviews, Video, People also ask, Related searches"
rtl live stream hd,"Navigational, Transactional",42,320,43,1.08,"Sitelinks, Reviews, Video, People also ask, Related searches"
box android iptv,"Informational, Commercial",42,260,16,0.00,"Reviews, Video, People also ask, Related searches, Popular products"
deutsche addons für kodi,Commercial,42,260,14,0.19,"Sitelinks, Reviews, Video, People also ask, Ads bottom"
vavvo tv,"Informational, Transactional",42,260,28,2.20,"Reviews, Video, People also ask, Knowledge panel, Related searches"
beste iptv app für fire stick,Commercial,42,210,7,0.00,"Sitelinks, AI Overview, Video, Video carousel, People also ask, Related searches"
germaniptv,Commercial,42,210,17,0.88,"Video, People also ask, Related searches"
netflix ch login,"Navigational, Transactional",42,210,65,0.00,"People also ask, Related searches"
vavvo,"Informational, Transactional",42,210,29,0.00,"Reviews, Video, People also ask, Knowledge panel, Related searches"
app netflix,"Informational, Transactional",42,170,72,0.00,"Video, People also ask, Related searches"
bester iptv provider,Commercial,42,170,20,0.00,"Sitelinks, AI Overview, Video, People also ask, Related searches"
iptv best,Commercial,42,170,26,0.00,"Sitelinks, AI Overview, Video, Video carousel, People also ask, Related searches"
iptv buy,"Informational, Commercial",42,170,45,0.00,"AI Overview, Video, Related searches"
netflix download auf zu vielen geräten,"Informational, Transactional",42,140,33,0.00,"AI Overview, Video, People also ask, Related searches"
netflix indir,"Informational, Transactional",42,140,54,0.00,"Reviews, People also ask, Related searches"
tv set top box,Commercial,42,140,16,0.88,"Sitelinks, Reviews, Video, People also ask, Knowledge panel, Related searches, Popular products"
anume flv,"Navigational, Transactional",42,110,30,3.15,"Reviews, Related searches"
cool media player,"Informational, Transactional",42,110,36,0.17,"Sitelinks, Reviews, Video, Video carousel, People also ask, Related searches, Popular products"
iptv listen kaufen,Commercial,42,110,8,0.00,"AI Overview, People also ask, Related searches"
iptv preise,Transactional,42,110,32,0.00,"AI Overview, Reviews, Image, Video, People also ask, Related searches"
kostenloser dvd player,Commercial,42,110,28,0.11,"Sitelinks, Reviews, Video, People also ask, Related searches"
player smart tv,"Informational, Transactional",42,110,29,0.45,"Reviews, Video, People also ask, Related searches"
rtl2 streaming kostenlos,Commercial,42,110,29,0.62,"Reviews, Video, People also ask, Related searches"
videolan codec pack,Commercial,42,110,44,0.00,"Reviews, Video, People also ask, Related searches"
watch netflix,"Navigational, Transactional",42,110,90,0.00,"Reviews, People also ask, Related searches"
win mp3 player,"Informational, Transactional",42,110,43,0.43,"Reviews, Video, Video carousel, People also ask, Knowledge panel, Related searches, Ads bottom"
anomeflv,"Navigational, Transactional",42,90,28,3.15,Related searches
best android player for iptv,Commercial,42,90,31,0.00,"Sitelinks, AI Overview, Reviews, Video, Video carousel, People also ask, Related searches"
dvd player kostenlos,Commercial,42,90,31,0.11,"Reviews, Video, People also ask, Related searches"
iptv smarters windows,"Informational, Transactional",42,90,34,0.00,"Reviews, Video, Video carousel, People also ask, Related searches"
netflix logiin,"Navigational, Transactional",42,90,67,0.00,"People also ask, Related searches"
smart iptv eu,"Informational, Transactional",42,90,29,0.00,"AI Overview, Reviews, Video, Video carousel, People also ask, Related searches"
bester video player,Commercial,42,70,31,0.00,"AI Overview, Reviews, Video, Video carousel, People also ask, Related searches"
flowplayer,"Informational, Transactional",42,70,44,0.00,"Reviews, Video, People also ask, Knowledge panel, Related searches"
iptv android tv box,"Informational, Commercial",42,70,22,0.00,"Reviews, Video, Video carousel, People also ask, Related searches, Popular products"
iptv m3u kaufen,Commercial,42,70,14,0.00,"AI Overview, Related searches"
live tv apk,"Informational, Commercial",42,70,23,0.52,"AI Overview, Reviews, Video, Related searches"
netflixaccount,"Navigational, Transactional",42,70,55,0.90,"Video, People also ask, Related searches"
rtl online tv,"Navigational, Transactional",42,70,47,0.86,"Sitelinks, Reviews, Video, People also ask, Related searches"
tv online app,"Informational, Commercial",42,70,56,2.30,"AI Overview, Reviews, Video, People also ask, Related searches"
xstream,Commercial,41,2400,26,1.30,"Reviews, People also ask, Related searches"
internet tv kostenlos,"Informational, Commercial",41,1600,57,0.65,"AI Overview, Reviews, Video, People also ask, Related searches, Ads bottom, Ads middle"
rtl plus free,Transactional,41,1600,55,0.43,"Reviews, Video, People also ask, Related searches"
addons für kodi,Commercial,41,1300,11,0.01,"Sitelinks, Reviews, Video, People also ask"
quicktime software,"Informational, Transactional",41,1300,46,1.63,"Sitelinks, Reviews, Video, People also ask, Knowledge panel, Related searches, Ads bottom"
anbieter internet tv,"Informational, Commercial",41,1000,40,2.33,"Sitelinks, AI Overview, Reviews, Video, People also ask, Related searches"
web tv,"Navigational, Commercial",41,1000,27,1.35,"Sitelinks, Reviews, Video, People also ask, Related searches, Ads bottom"
newest free global iptv,"Informational, Transactional",41,880,42,0.00,"Reviews, Video, Video carousel, People also ask, Related searches"
stb set top box,"Informational, Commercial",41,880,27,0.74,"Reviews, Image, People also ask, Knowledge panel, Related searches, Popular products"
livestreamtv,Commercial,41,590,69,0.74,"AI Overview, Reviews, Video, Related searches"
ms media player,Transactional,41,590,50,0.12,"Reviews, Video, People also ask, Related searches"
netflix runterladen,"Informational, Transactional",41,590,73,0.21,"Reviews, Video, People also ask, Related searches"
rtl plus streamen,Transactional,41,590,49,0.58,"AI Overview, Reviews, Video, Video carousel, People also ask, Related searches, Ads top, Ads bottom"
kodi add ons,Commercial,41,390,12,0.00,"Reviews, Video, People also ask"
mkv mkv player,"Informational, Transactional",41,390,31,0.15,"Reviews, Video, Video carousel, People also ask, Related searches"
netflix browser,"Navigational, Transactional",41,390,64,0.00,"AI Overview, Video, People also ask, Related searches"
alc video player,Commercial,41,320,61,0.11,"Reviews, Video, People also ask, Related searches"
rtl + mediathek,"Informational, Transactional",41,320,73,0.19,"Reviews, Video, People also ask, Related searches"
browser netflix,Commercial,41,260,42,0.00,"AI Overview, Reviews, Video, People also ask, Related searches"
iptv anbieter deutschland,"Informational, Commercial",41,260,30,0.00,"AI Overview, Video, People also ask, Related searches"
windows media player windows 11 download,Transactional,41,260,54,0.25,"Sitelinks, Reviews, Video, People also ask, Related searches"
mediaplayer kostenlos,Commercial,41,210,48,0.17,"AI Overview, Reviews, Video, People also ask, Related searches, Ads top"
netflix pc download,"Informational, Transactional",41,210,58,0.00,"AI Overview, Reviews, Video, People also ask, Related searches"
rtl uživo stream,"Navigational, Transactional",41,210,47,0.99,"AI Overview, Reviews, Video, People also ask, Related searches"
smart tv player,"Informational, Transactional",41,210,29,0.45,"Reviews, Video, Video carousel, People also ask, Related searches"
television download,Commercial,41,210,38,0.41,"Reviews, Video, Related searches"
xstream installieren,"Informational, Transactional",41,210,24,0.00,"Sitelinks, Video, People also ask, Related searches"
tv streaming app,Commercial,41,170,45,1.96,"AI Overview, Reviews, Video, People also ask, Related searches"
vavoo tv connect,"Navigational, Transactional",41,170,15,2.38,"AI Overview, Reviews, Video, People also ask, Related searches"
free iptv mu3,"Informational, Transactional",41,140,40,0.00,"Reviews, Video, Video carousel, People also ask, Related searches"
iptv smarters app,Commercial,41,140,42,0.00,"Reviews, Video, Video carousel, People also ask, Related searches"
tv programm streamen,Commercial,41,140,54,1.05,"AI Overview, Reviews, Video, People also ask, Ads top, Ads middle"
gibt es eine rtl mediathek,"Navigational, Transactional",41,110,57,0.37,"Sitelinks, Reviews, Video, People also ask, Related searches"
iptv abo kaufen,Commercial,41,110,10,0.00,"Video, Related searches"
iptv anbieter mit sky,"Informational, Commercial",41,110,20,0.00,"Sitelinks, AI Overview, Reviews, Video, People also ask, Related searches"
iptv box alle sender,Commercial,41,110,46,0.00,"Image, Video, People also ask, Related searches, Popular products"
rtl livstream,Transactional,41,110,48,0.70,"Video, People also ask, Top stories, Related searches"
rtl lviestream,Commercial,41,110,34,0.60,"Reviews, Video, People also ask, Related searches"
tv per internet,Commercial,41,110,41,1.55,"Reviews, Video, People also ask, Related searches"
video player on linux,Commercial,41,110,13,0.00,"Sitelinks, AI Overview, Reviews, Video, People also ask, Related searches"
win audio player,Commercial,41,110,30,0.47,"Sitelinks, Reviews, Video, People also ask, Related searches"
windows video player,"Informational, Transactional",41,110,41,0.27,"Reviews, Video, Video carousel, People also ask, Knowledge panel, Related searches"
amazon stick iptv,"Informational, Transactional",41,90,31,0.00,"Sitelinks, People also ask, Related searches"
hdtv live streaming,Commercial,41,90,68,1.21,"Reviews, Video, People also ask, Related searches"
hdtv stream,Commercial,41,90,59,1.75,"AI Overview, Reviews, Video, People also ask, Related searches"
internet tv smart,"Informational, Commercial",41,90,26,0.74,"Reviews, Video, People also ask, Related searches, Ads bottom"
iptv set top,Commercial,41,90,16,0.00,"Video, People also ask, Related searches, Popular products"
kodi tv addons live tv,Commercial,41,90,10,0.00,"Sitelinks, Reviews, Video, Video carousel, People also ask"
livetv streamen,"Informational, Transactional",41,90,34,1.64,"Reviews, Video, Video carousel, People also ask, Related searches"
media player beste,Commercial,41,90,25,0.00,"Sitelinks, AI Overview, Reviews, Video, Video carousel, People also ask, Related searches"
netflix high definition,"Informational, Transactional",41,90,34,2.45,"Sitelinks, AI Overview, Video, People also ask, Related searches"
online tv freeware,Commercial,41,90,38,0.83,"Reviews, Video, People also ask, Related searches"
tv auf pc schauen,Commercial,41,90,42,0.76,"AI Overview, Reviews, Video, People also ask, Related searches, Ads bottom, Ads middle"
tv schauen am pc,Commercial,41,90,24,0.76,"AI Overview, Reviews, Video, Video carousel, People also ask, Related searches, Ads top, Ads middle"
android tv netflix apk,Commercial,41,70,23,0.00,"AI Overview, Reviews, Related searches"
iptv playlist reddit,"Navigational, Transactional",41,70,34,0.00,Related searches
iptvsmater,"Informational, Transactional",41,70,40,0.83,"Reviews, Video, People also ask, Related searches"
kostenlose video player,Commercial,41,70,58,0.11,"AI Overview, Reviews, People also ask, Related searches"
vic player,Commercial,41,70,66,0.18,"Reviews, Video, People also ask, Related searches"
joyn tv kostenlos ohne anmeldung,Transactional,40,3600,62,0.34,"AI Overview, Reviews, Video, People also ask, Related searches"
internet und tv,Commercial,40,2900,38,3.01,"AI Overview, Reviews, Image, Video, People also ask, Related searches"
televizo,"Informational, Transactional",40,2900,27,0.35,"Reviews, Video, People also ask, Related searches"
mediaplayer,"Informational, Transactional",40,1900,40,0.25,"Reviews, Video, Video carousel, People also ask, Knowledge panel, Related searches"
live tv vox,Commercial,40,1600,43,0.55,"AI Overview, Reviews, Video, People also ask, Related searches, Ads bottom"
mediathek rtl live,"Navigational, Transactional",40,1600,63,0.30,"Sitelinks, AI Overview, Reviews, Video, People also ask, Related searches"
rtl live streaming,"Navigational, Transactional",40,1600,40,0.63,"Sitelinks, Reviews, Video, People also ask, Related searches"
rtl live television,"Navigational, Transactional",40,1600,67,0.65,"Sitelinks, Reviews, Video, People also ask, Related searches"
live rtl stream,"Navigational, Transactional",40,1300,46,0.63,"Reviews, Video, People also ask, Related searches, Ads bottom"
netflix app download,"Informational, Transactional",40,1300,75,0.11,"Reviews, Video, People also ask, Related searches"
tv streaming dienste,Commercial,40,1000,40,1.28,"AI Overview, Reviews, Video, People also ask, Top stories, Related searches"
winamp dl,"Informational, Transactional",40,1000,40,0.12,"Reviews, Related searches"
livetv alternative,"Informational, Commercial",40,880,30,2.55,"Sitelinks, AI Overview, Video, People also ask, Related searches"
my siptv,"Informational, Transactional",40,880,20,1.04,"Reviews, Video, Video carousel, People also ask, Related searches"
live tv app,Commercial,40,720,40,1.53,"Reviews, Video, People also ask, Related searches"
rtl-mediathek,Transactional,40,590,69,0.19,"Reviews, Video, People also ask, Related searches, Ads top"
rtl2 streamen,Commercial,40,590,45,0.75,"Reviews, Video, People also ask, Related searches"
windows app netflix,"Informational, Transactional",40,590,50,0.00,"Reviews, Video, People also ask, Related searches"
app zum fernsehen,"Informational, Commercial",40,480,48,1.55,"AI Overview, Reviews, Video, People also ask, Related searches"
rtlplus live stream kostenlos,"Navigational, Transactional",40,480,50,0.36,"Sitelinks, Video, People also ask, Related searches, Ads bottom"
tv internet schauen,"Informational, Commercial",40,480,50,1.50,"AI Overview, Reviews, Video, People also ask, Related searches, Ads top, Ads middle"
app für fernsehen,"Informational, Commercial",40,390,48,1.55,"AI Overview, Reviews, Video, People also ask, Related searches"
kostenlos internet tv,"Informational, Commercial",40,390,52,0.64,"Reviews, Video, People also ask, Related searches"
internet and tv,Commercial,40,320,34,2.20,"AI Overview, Reviews, Video, People also ask, Related searches, Ads top, Ads middle"
online tv anbieter,"Informational, Commercial",40,320,37,2.82,"AI Overview, Reviews, Video, People also ask, Related searches"
rtl2 live tv,Commercial,40,320,48,0.70,"AI Overview, Reviews, Video, People also ask, Related searches"
tv im internet schauen,Commercial,40,320,53,1.50,"AI Overview, Reviews, Video, People also ask, Related searches, Ads top, Ads bottom"
tv live streamen,Commercial,40,320,59,0.77,"Reviews, Video, Top stories, Related searches, Ads middle"
watch netflix online,"Informational, Transactional",40,320,59,1.19,"Sitelinks, Reviews, Video carousel, People also ask, Related searches"
über internet tv schauen,"Informational, Commercial",40,320,43,1.57,"AI Overview, Reviews, Video, People also ask, Related searches, Ads top, Ads bottom"
kostenlos rtl2 schauen,Commercial,40,260,35,0.91,"AI Overview, Reviews, Video, People also ask, Related searches"
kostenlos tv schauen app,"Informational, Commercial",40,260,42,0.72,"AI Overview, Video, People also ask, Related searches, Ads bottom, Ads middle"
netflix downloads,"Informational, Transactional",40,260,36,0.26,"AI Overview, Reviews, Video, People also ask, Related searches"
rtl anschauen,Transactional,40,260,73,0.86,"Reviews, Video, People also ask, Related searches"
rtl live hd stream,"Navigational, Transactional",40,260,49,0.87,"Reviews, Video, People also ask, Related searches"
rtl plus live stream,"Navigational, Transactional",40,260,62,0.31,"Sitelinks, AI Overview, Reviews, Video, People also ask, Related searches"
rtl2 live mediathek,"Navigational, Transactional",40,260,41,0.00,"AI Overview, Reviews, Video, Video carousel, People also ask, Related searches"
rtl2 live streaming,Commercial,40,260,41,0.83,"Reviews, Video, Video carousel, People also ask, Related searches"
rtl2 mediathek live,Commercial,40,260,42,0.49,"Sitelinks, Reviews, Video, People also ask, Related searches, Ads bottom"
tv live rtl,"Navigational, Transactional",40,260,58,0.66,"Reviews, Video, People also ask, Top stories, Related searches"
ip tv deutschland,"Informational, Commercial",40,210,41,1.17,"AI Overview, Reviews, Video, People also ask, Related searches"
ip tv receiver,"Informational, Commercial",40,210,19,0.00,"Video, People also ask, Related searches, Popular products"
rtl nitro stream kostenlos,Commercial,40,210,19,0.00,"Reviews, Video, People also ask"
rtl televizija live stream,"Navigational, Transactional",40,210,53,0.90,"Reviews, Video, People also ask, Related searches"
rtl uzivo,"Informational, Transactional",40,210,48,0.93,"Reviews, Video, People also ask, Related searches"
video player download,"Informational, Commercial",40,210,57,0.19,"Reviews, Video, People also ask, Related searches"
addons kodi,Commercial,40,170,11,0.00,"Reviews, Video"
hd online tv,Commercial,40,170,60,2.09,"AI Overview, Reviews, Video, Related searches, Ads top, Ads middle"
netflix computer download,"Informational, Transactional",40,170,50,0.14,"Reviews, Video, People also ask, Related searches"
rtl ansehen live,"Navigational, Transactional",40,170,68,0.88,"Reviews, Video, People also ask, Related searches"
rtl internet live,Transactional,40,170,49,0.94,"Sitelinks, Reviews, Video, People also ask, Related searches"
rtl2 streaming,Commercial,40,170,40,0.73,"Video, People also ask, Related searches, Ads top"
tv rtl2 live,Commercial,40,170,40,0.88,"Reviews, Video, People also ask, Related searches"
beste kodi addons,Commercial,40,140,14,0.00,"Sitelinks, Reviews, Video, People also ask"
flix ip tv,Commercial,40,140,5,0.00,"AI Overview, Reviews, People also ask, Related searches"
german ip tv,Commercial,40,140,10,0.87,"AI Overview, Video, People also ask, Related searches"
netflix 5.1,"Informational, Transactional",40,140,39,0.00,"AI Overview, Video, People also ask"
ottplayer windows,Commercial,40,140,17,0.00,"Reviews, Video, People also ask, Related searches"
rtl plus live tv,"Navigational, Transactional",40,140,42,0.64,"Sitelinks, Reviews, Video, People also ask, Related searches"
rtl sehen,"Navigational, Transactional",40,140,61,0.74,"Reviews, Video, People also ask, Related searches, Ads top, Ads bottom"
rtl tv live stream,"Navigational, Transactional",40,140,46,0.90,"Sitelinks, Reviews, Video, People also ask, Related searches"
rtl tv login,"Navigational, Transactional",40,140,39,0.43,"AI Overview, Reviews, Video, People also ask, Related searches"
streaming tv anbieter,Commercial,40,140,34,2.07,"AI Overview, Reviews, Video, People also ask, Related searches, Ads top, Ads middle"
avi media player for mac,"Informational, Commercial",40,110,36,0.18,"AI Overview, Reviews, Video, People also ask, Related searches"
best video player,Commercial,40,110,30,0.00,"Sitelinks, Reviews, Video, Video carousel, People also ask, Related searches"
fernsehn app kostenlos,Commercial,40,110,50,0.61,"AI Overview, Reviews, Video, People also ask, Related searches, Ads middle"
hdtv live,Commercial,40,110,63,1.00,"AI Overview, Reviews, Video, People also ask, Related searches"
joyn tv live,"Navigational, Transactional",40,110,66,0.27,"Reviews, Video, People also ask, Knowledge panel, Top stories, Related searches, Ads top, Ads bottom"
kostenlos vox gucken,Commercial,40,110,46,0.77,"AI Overview, Reviews, Video, People also ask, Related searches"
live streaming rtl,"Navigational, Transactional",40,110,40,0.76,"Reviews, Video, People also ask, Related searches, Ads bottom"
netflix windows download,"Informational, Transactional",40,110,57,0.00,"Reviews, Video, People also ask, Related searches"
rtl programm livestream,"Navigational, Transactional",40,110,61,0.63,"Reviews, Video, People also ask, Related searches"
sat1 hd stream,Transactional,40,110,43,1.09,"AI Overview, Reviews, Video, People also ask, Related searches, Ads middle"
smarters iptv windows,"Informational, Transactional",40,110,41,0.00,"AI Overview, Reviews, Video, Video carousel, People also ask, Related searches"
tv schauen über pc,Commercial,40,110,27,0.95,"AI Overview, Video, Video carousel, People also ask, Related searches, Ads middle"
alpha iptv,Commercial,40,90,20,0.00,"AI Overview, Reviews, Image pack, Video, People also ask, Related searches"
avi movie player,Commercial,40,90,42,0.18,"AI Overview, Reviews, Video, Video carousel, People also ask, Related searches"
best media player,Commercial,40,90,33,0.00,"Sitelinks, AI Overview, Reviews, Video, Video carousel, People also ask, Related searches"
fernsehen am tablet kostenlos,Commercial,40,90,50,0.39,"AI Overview, Reviews, Video, People also ask, Related searches, Ads bottom, Ads middle"
free video player,Commercial,40,90,58,0.31,"Reviews, Video, Video carousel, People also ask, Related searches, Ads bottom"
ip tv provider,"Informational, Commercial",40,90,31,0.00,"Video, People also ask, Related searches"
iptv decoder box,Commercial,40,90,23,0.00,"Video, People also ask, Related searches, Popular products"
m3u player online,"Informational, Commercial",40,90,41,0.00,"Reviews, Related searches, Ads bottom"
mediathek rtl livestream,"Navigational, Transactional",40,90,48,0.00,"Reviews, Video, People also ask, Related searches, Ads bottom"
rtl ii livestream,Commercial,40,90,31,0.68,"Reviews, Video, People also ask, Related searches"
rtl livestream hd,"Navigational, Transactional",40,90,52,0.87,"Reviews, Video, People also ask, Related searches"
rtl livestream mediathek,"Navigational, Transactional",40,90,48,0.00,"Reviews, Video, People also ask, Related searches"
stream tv tv series,Commercial,40,90,61,2.94,"AI Overview, Reviews, Video, People also ask, Related searches"
tv schauen ohne kabel,Commercial,40,90,24,2.30,"Sitelinks, Reviews, Video, Video carousel, People also ask, Related searches, Popular products, Ads top, Ads middle"
tv über pc schauen,"Informational, Commercial",40,90,17,0.95,"AI Overview, Reviews, Video, People also ask, Related searches"
video mp4 player,Commercial,40,90,26,0.20,"Reviews, Video, Video carousel, People also ask, Related searches"
video player mac,Commercial,40,90,36,0.14,"AI Overview, Reviews, Video, Video carousel, People also ask, Related searches"
video player mac os x,Commercial,40,90,28,0.18,"Sitelinks, Reviews, Related searches"
free media player,"Informational, Commercial",40,70,54,0.13,"Reviews, Video, Video carousel, People also ask, Related searches"
ip tv germany,"Informational, Commercial",40,70,16,0.88,"AI Overview, Video, People also ask, Related searches"
tv schauen auf dem laptop,"Informational, Commercial",40,70,15,1.00,"AI Overview, Reviews, Video, People also ask, Related searches, Ads bottom, Ads middle"
rtl live schauen,Transactional,39,4400,50,0.76,"Sitelinks, Reviews, Video, People also ask, Related searches"
rtl2 live stream kostenlos,Transactional,39,3600,31,1.00,"Reviews, Image, Video, People also ask, Related searches"
live stream rtl2,Commercial,39,2900,35,0.83,"Video, People also ask, Related searches"
streamcloude,Commercial,39,1900,23,0.96,"AI Overview, Reviews, People also ask, Related searches"
rtl livestream free,Transactional,39,1600,51,1.05,"Reviews, Video, People also ask, Related searches"
rtl mediathek kostenlos ohne anmeldung,"Navigational, Transactional",39,1600,54,0.21,"AI Overview, Reviews, Video, People also ask, Related searches"
tv schauen online,Commercial,39,1600,60,1.52,"Reviews, Video, People also ask, Related searches, Ads top, Ads bottom"
germany iptv,Commercial,39,1300,21,0.87,"AI Overview, Video, Video carousel, Related searches"
rtl kostenlos live,"Navigational, Transactional",39,1300,49,1.05,"Reviews, Video, People also ask, Related searches"
rtl schauen live,Transactional,39,1300,50,0.80,"Sitelinks, Reviews, Video, People also ask, Top stories, Related searches"
rtl2 stream kostenlos,Commercial,39,1300,36,0.97,"Reviews, Video, People also ask, Related searches"
streaming rtl live,"Navigational, Transactional",39,1300,65,0.79,"Sitelinks, Reviews, Video, People also ask, Related searches"
tv schauen,Commercial,39,1300,72,1.11,"Reviews, Video, People also ask, Related searches"
live rtl,"Navigational, Transactional",39,1000,70,0.47,"Reviews, Video, Video carousel, People also ask, Top stories, Related searches"
rtl free stream,Transactional,39,1000,54,1.11,"Reviews, Video, People also ask, Top stories, Related searches"
s rtl live,"Navigational, Transactional",39,1000,53,0.77,"Reviews, Video, People also ask, Related searches"
rtl free streaming,"Navigational, Transactional",39,880,45,1.07,"AI Overview, Video, People also ask, Top stories, Related searches, Ads top, Ads bottom"
rtl stream live kostenlos,Transactional,39,880,54,1.04,"Sitelinks, Reviews, Video, People also ask, Related searches"
rtlup live stream kostenlos,Commercial,39,880,26,0.00,"Sitelinks, Reviews, Video, People also ask, Related searches"
free rtl tv,"Navigational, Transactional",39,720,63,0.71,"Sitelinks, Reviews, Video, People also ask, Related searches"
rtl gucken,Transactional,39,720,53,1.06,"Reviews, Video, People also ask, Related searches, Ads top, Ads bottom"
rtl live sehen,"Navigational, Transactional",39,720,46,0.84,"Reviews, Video, People also ask, Related searches"
ip tv kaufen,Commercial,39,590,30,1.33,"Video, People also ask, Related searches"
livetv streaming,"Informational, Transactional",39,590,26,1.08,"Reviews, Video, Related searches"
tv über wlan,"Informational, Commercial",39,590,26,1.56,"AI Overview, Reviews, Video, Video carousel, People also ask, Related searches"
fernsehen rtl live,"Navigational, Transactional",39,480,57,0.65,"Reviews, Video, People also ask, Related searches"
iptv test line,Commercial,39,480,1,0.00,Related searches
kostenlos rtl live schauen,Commercial,39,480,46,0.94,"AI Overview, Reviews, Video, People also ask, Related searches"
rtl free tv stream,"Navigational, Transactional",39,480,50,0.75,"Reviews, Video, People also ask, Related searches"
rtl live schauen kostenlos,"Navigational, Transactional",39,480,50,0.94,"Sitelinks, Reviews, Video, People also ask, Related searches, Ads bottom"
rtl live stream tv kostenlos,Commercial,39,480,46,0.00,"Reviews, Video, People also ask, Related searches"
rtl plus stream kostenlos,"Navigational, Transactional",39,480,51,0.31,"AI Overview, Reviews, Video, People also ask, Related searches"
fernsehen app,"Informational, Commercial",39,390,51,1.56,"AI Overview, Reviews, Video, People also ask, Related searches, Ads bottom"
rtl live anschauen,Commercial,39,390,46,0.76,"Reviews, Video, People also ask, Related searches, Ads bottom"
rtl2 live kostenlos,Transactional,39,390,30,1.09,"Reviews, Video, People also ask, Related searches"
rtl2 live stream kostenlose,Commercial,39,390,28,0.00,"Reviews, Video, People also ask, Related searches"
stream hd,Commercial,39,390,19,1.18,"Reviews, People also ask, Related searches"
was ist eine set top box,"Informational, Commercial",39,390,15,0.91,"AI Overview, Reviews, Video, People also ask, Related searches"
günstig tv und internet,Commercial,39,320,50,1.43,"Featured snippet, Reviews, Video, People also ask, Related searches"
live rtl schauen kostenlos,Commercial,39,320,38,0.99,"AI Overview, Reviews, Video, People also ask, Related searches, Ads top, Ads bottom"
livestream rtl 2,Commercial,39,320,41,1.02,"Reviews, Video, Related searches"
rtl up stream,"Navigational, Transactional",39,320,50,0.87,"Reviews, Video, People also ask, Related searches"
tv box alle sender kostenlos,Commercial,39,320,41,0.73,"Reviews, Video, People also ask, Related searches, Popular products"
live rtl anschauen,"Navigational, Transactional",39,260,54,0.75,"AI Overview, Reviews, Video, People also ask, Related searches, Ads top, Ads middle"
livestream rtl2,Commercial,39,260,50,0.54,"Reviews, Video, People also ask, Related searches"
rtl live streaming kostenlos,Commercial,39,260,48,1.11,"Sitelinks, Reviews, Video, People also ask, Related searches"
rtl2 kostenlos gucken,Commercial,39,260,30,0.93,"Reviews, Video, People also ask, Related searches"
rtl2 kostenlos stream,Commercial,39,260,28,0.97,"Reviews, Video, People also ask, Related searches"
win music player,Commercial,39,260,32,0.55,"AI Overview, Reviews, Video, Video carousel, People also ask, Related searches, Ads bottom"
hevc 265 player,Commercial,39,210,36,0.00,"AI Overview, Reviews, Video, People also ask, Related searches"
iptv box kaufen,Transactional,39,210,24,0.00,"Video, People also ask, Related searches, Popular products"
live tv schauen,Commercial,39,210,70,1.07,"Reviews, Video, People also ask, Related searches"
mp4 player download,Commercial,39,210,49,0.10,"Video, People also ask, Related searches"
rtl live ansehen,"Navigational, Transactional",39,210,53,0.88,"Reviews, Video, People also ask, Related searches"
rtl live stream online,"Navigational, Transactional",39,210,54,0.72,"Reviews, Video, People also ask, Related searches"
rtl2 kostenlos ansehen,Commercial,39,210,29,0.00,"Reviews, Video, People also ask, Related searches"
rtl2 livestream kostenlos,Commercial,39,210,25,1.00,"AI Overview, Reviews, Video, Related searches"
rtl2 online schauen,Commercial,39,210,43,0.83,"AI Overview, Reviews, Video, People also ask, Related searches"
rtl2 online sehen,Commercial,39,210,30,0.87,"Reviews, Video, People also ask, Related searches"
aftvnews downloader,"Informational, Transactional",39,170,59,0.00,"Reviews, Video, People also ask, Related searches"
fernsehen auf pc,Commercial,39,170,30,0.56,"AI Overview, Reviews, Video, People also ask, Related searches, Ads bottom, Ads middle"
kodi filme,Commercial,39,170,8,0.00,"AI Overview, Reviews, Video, People also ask"
kostenlos fernsehen am laptop,"Informational, Commercial",39,170,25,0.36,"Sitelinks, AI Overview, Reviews, Video, Video carousel, People also ask, Related searches, Ads middle"
multimedia viewer,"Informational, Commercial",39,170,52,0.00,"AI Overview, Reviews, Video, People also ask, Related searches"
rtl kostenlos anschauen live,Commercial,39,170,44,0.79,"Reviews, Video, People also ask, Related searches, Ads bottom"
rtl live anschauen kostenlos,Transactional,39,170,47,0.79,"Reviews, Video, People also ask, Related searches"
rtl live kostenlos sehen,Commercial,39,170,55,1.00,"Reviews, Video, People also ask, Related searches"
rtl live übertragung,"Navigational, Transactional",39,170,50,0.67,"Sitelinks, Reviews, Video, People also ask, Top stories, Related searches"
rtl now live,"Navigational, Transactional",39,170,50,0.29,"Reviews, Video, People also ask, Related searches, Ads bottom"
rtl tv livestream,"Navigational, Transactional",39,170,48,0.74,"Sitelinks, Reviews, Video, People also ask, Top stories, Related searches"
rtl2 kostenlos anschauen,Commercial,39,170,34,0.00,"AI Overview, Reviews, Video, People also ask, Related searches"
rtl2 live streamen,Commercial,39,170,24,0.85,"Reviews, Video, People also ask, Related searches, Ads bottom"
ıptv free,"Informational, Transactional",39,170,55,0.90,"Reviews, Video, Video carousel, People also ask, Related searches"
best video player for windows,Commercial,39,140,55,0.00,"Sitelinks, AI Overview, Reviews, Video, Video carousel, People also ask, Related searches, Ads bottom"
beste bundle für vavoo,Commercial,39,140,11,1.51,"Sitelinks, AI Overview, Reviews, Video, People also ask, Related searches"
fernsehen rtl live stream,"Navigational, Transactional",39,140,49,0.56,"Sitelinks, Reviews, Video, People also ask, Related searches"
fernsehen über pc,Commercial,39,140,32,0.68,"AI Overview, Reviews, Video, People also ask, Related searches, Ads bottom, Ads middle"
live rtl2 schauen,Commercial,39,140,32,0.80,"Reviews, Video, People also ask, Related searches"
mkv file player mac,"Informational, Transactional",39,140,35,0.20,"Sitelinks, Reviews, Video, Video carousel, People also ask, Related searches, Ads bottom"
mp4 player windows,"Informational, Commercial",39,140,51,0.08,"Reviews, Video, Video carousel, People also ask, Related searches, Ads bottom"
online tv gucken,Commercial,39,140,46,2.42,"Reviews, Video, People also ask, Related searches"
osx mkv player,"Informational, Commercial",39,140,37,0.22,"Sitelinks, AI Overview, Reviews, Video, People also ask, Related searches"
player dvd mac,"Informational, Commercial",39,140,20,0.12,"Sitelinks, AI Overview, Reviews, Video, People also ask, Related searches, Ads middle"
rtl live gratis,Commercial,39,140,55,1.37,"Sitelinks, Reviews, Video, People also ask, Related searches"
rtl2 schauen live,Commercial,39,140,35,0.80,"Reviews, Video, People also ask, Related searches"
tv gucken online,Commercial,39,140,49,2.64,"Sitelinks, Video, People also ask, Related searches"
anbieter hdtv,"Informational, Commercial",39,110,42,2.25,"Reviews, People also ask, Related searches"
bei netflix anmelden,"Informational, Transactional",39,110,57,1.63,"AI Overview, Video, People also ask, Related searches"
die besten internet tv anbieter,Commercial,39,110,35,1.32,"Sitelinks, AI Overview, Reviews, Video, People also ask, Related searches, Ads bottom, Ads middle"
günstige tv anbieter,"Informational, Commercial",39,110,31,1.86,"AI Overview, Reviews, Video, People also ask, Related searches, Ads top, Ads middle"
hdstream to,Commercial,39,110,20,0.00,"Reviews, Video, Related searches"
kodi tv android tv,"Informational, Transactional",39,110,24,0.00,"Sitelinks, Reviews, Video, People also ask"
kostenlos rtl live gucken,Transactional,39,110,47,0.89,"Sitelinks, Reviews, Video, Video carousel, People also ask, Related searches, Ads top, Ads middle"
livestream pro7 kostenlos,Commercial,39,110,42,0.50,"Reviews, Video, People also ask, Related searches"
mkv player mac os x,Commercial,39,110,19,0.22,"AI Overview, Reviews, Video, Video carousel, Short videos, Related searches"
multimedia player app,"Informational, Commercial",39,110,32,0.27,"Reviews, Video, People also ask, Related searches"
rtl kostenlos im internet,"Navigational, Transactional",39,110,50,0.64,"Sitelinks, Reviews, Video, People also ask, Related searches"
rtl livestrean,"Navigational, Transactional",39,110,44,0.63,"Reviews, Video, People also ask, Related searches"
rtl plus livestream kostenlos,"Navigational, Transactional",39,110,60,0.32,"Reviews, People also ask, Related searches"
rtl2 live schauen,Commercial,39,110,28,0.69,"AI Overview, Reviews, Video, People also ask, Related searches"
rtl2 online stream,Commercial,39,110,26,0.95,"Reviews, Video, People also ask, Related searches"
smart tv box alle sender kostenlos,"Informational, Commercial",39,110,34,0.00,"Reviews, Video, Video carousel, People also ask, Related searches"
apple mov player,"Informational, Transactional",39,90,38,0.00,"Reviews, Video, People also ask, Related searches"
internet hd fernsehen,Commercial,39,90,50,1.59,"Reviews, Video, People also ask, Related searches"
kodi tvaddon,Commercial,39,90,8,0.00,"Reviews, Video, Video carousel, People also ask"
netflix ios app,"Informational, Transactional",39,90,63,0.00,"Reviews, People also ask, Related searches"
rtl kostenlos tv,Transactional,39,90,50,0.76,"Reviews, Video, People also ask, Related searches, Ads bottom"
rtl livew,"Navigational, Transactional",39,90,68,0.47,"Reviews, Video, People also ask, Top stories, Related searches"
rtl online sehen,"Navigational, Transactional",39,90,46,0.82,"Reviews, Video, People also ask, Related searches, Ads bottom"
rtl tv kostenlos,Commercial,39,90,44,0.72,"Reviews, Video, People also ask, Related searches"
set top box tv,Commercial,39,90,13,0.88,"Image pack, People also ask, Related searches, Popular products"
tv streaming online live,Commercial,39,90,67,0.54,"Reviews, Video, Related searches"
apple mediaplayer,"Informational, Transactional",39,70,29,0.00,"Reviews, People also ask, Related searches"
apple movie player,"Navigational, Transactional",39,70,33,0.00,"Reviews, People also ask, Related searches"
bester internet tv anbieter,Commercial,39,70,39,2.11,"Sitelinks, AI Overview, Reviews, Video, People also ask, Related searches, Ads top, Ads middle"
installer kodi,"Informational, Transactional",39,70,24,0.00,"Reviews, Video, Video carousel, People also ask"
online stream rtl,"Navigational, Transactional",39,70,36,0.97,"Sitelinks, Reviews, Video, People also ask, Related searches"
rtl am pc schauen,Commercial,39,70,49,1.10,"Sitelinks, AI Overview, Reviews, Video, People also ask, Related searches, Ads top, Ads bottom"
kostenlos rtl live,Transactional,38,5400,46,1.05,"Reviews, Video, People also ask, Related searches"
tv live stream,Commercial,38,5400,87,0.77,"Reviews, Video, People also ask, Related searches"
streamcloud.sx,Commercial,38,2900,25,0.00,"AI Overview, Reviews, Video"
rtl 2 live stream kostenlos,Commercial,38,2400,38,1.23,"Reviews, Video, People also ask, Related searches"
rtl online,"Navigational, Transactional",38,2400,66,0.71,"Sitelinks, Reviews, Video, People also ask, Related searches"
kostenlos rtl schauen,Commercial,38,1900,47,1.18,"AI Overview, Reviews, Video, People also ask, Related searches"
set top box set top box,"Informational, Commercial",38,1900,17,0.74,"Sitelinks, Reviews, Video, People also ask, Related searches, Popular products"
livestream kostenlos rtl,"Navigational, Transactional",38,1600,53,1.04,"Sitelinks, Reviews, Video, People also ask, Related searches"
rtl livestream jetzt,"Navigational, Transactional",38,1600,60,0.62,"Reviews, Video, People also ask, Related searches"
rtl now kostenlos,"Navigational, Transactional",38,1600,53,0.17,"Reviews, Video, People also ask, Related searches"
free rtl stream,"Navigational, Transactional",38,1300,54,1.11,"Reviews, Video, People also ask, Related searches"
rtl free live stream,"Navigational, Transactional",38,1300,48,0.83,"Reviews, Video, Related searches"
rtl live mediathek,"Navigational, Transactional",38,1300,67,0.30,"Reviews, Video, People also ask, Related searches"
rtl live programm,Transactional,38,1300,70,0.53,"Reviews, Video, People also ask, Related searches"
rtl stream free,Transactional,38,1300,51,1.11,"Reviews, Video, People also ask, Related searches"
rtl live gucken,Commercial,38,1000,47,1.01,"Sitelinks, Reviews, Video, People also ask, Related searches"
rtl live nydus,"Navigational, Transactional",38,1000,30,0.00,"Sitelinks, Related searches"
super rtl live stream,Transactional,38,1000,33,0.98,"Reviews, Video, People also ask, Related searches"
apple quicktime,"Informational, Transactional",38,880,45,1.95,"AI Overview, Reviews, People also ask, Related searches"
kostenlos netflix,"Informational, Transactional",38,880,36,1.08,"Reviews, Image, Video, People also ask, Related searches"
rtl uživo,"Navigational, Transactional",38,880,45,0.00,"Video, Related searches"
television internet gratis,Commercial,38,880,43,0.59,"Reviews, Video, Video carousel, People also ask, Related searches"
internet und fernsehen,Commercial,38,590,35,2.31,"Reviews, Video, People also ask, Related searches, Ads top, Ads middle"
live fernsehen rtl,"Navigational, Transactional",38,590,57,0.66,"Reviews, Video, People also ask, Related searches"
livestream rtl nitro,Commercial,38,590,30,1.20,"Sitelinks, Reviews, Video, People also ask, Related searches"
rtl liv,Transactional,38,590,51,0.47,"Reviews, Video, People also ask, Related searches, Ads top, Ads middle"
rtl live kostenlos schauen,Commercial,38,590,39,0.94,"Featured snippet, Reviews, Video, People also ask, Related searches"
rtl livestram,"Navigational, Transactional",38,590,45,0.63,"Sitelinks, Reviews, Video, People also ask, Related searches, Ads bottom"
rtlplus mediathek,Commercial,38,590,31,0.04,"Reviews, Video, People also ask, Related searches, Ads top, Ads bottom"
vavoo download,"Informational, Transactional",38,590,38,0.42,"Reviews, People also ask, Related searches"
vox live stream legal,Commercial,38,590,46,0.00,"Sitelinks, AI Overview, Reviews, Video, People also ask, Related searches"
live rtl gucken,"Navigational, Transactional",38,480,51,1.01,"Sitelinks, Reviews, Video, People also ask, Related searches"
rtl kostenlos anschauen,Commercial,38,480,46,0.80,"Reviews, Video, People also ask, Related searches"
rtl nitro livestream kostenlos,Commercial,38,480,26,0.00,"Sitelinks, Reviews, Video, People also ask, Related searches"
fernseher live,Commercial,38,390,73,0.79,"Reviews, Video, People also ask, Top stories, Related searches"
kostenlos rtl schauen live,Commercial,38,390,44,0.94,"Reviews, Video, People also ask, Related searches"
my siptv eu,"Informational, Transactional",38,390,29,1.02,"AI Overview, Reviews, Video, People also ask, Related searches"
rtl 2 kostenlos streamen,Commercial,38,390,31,1.27,"Reviews, Video, People also ask, Related searches"
rtl 2 stream kostenlos,Transactional,38,390,26,1.39,"Reviews, Video, People also ask, Related searches"
rtl fernsehn live,"Navigational, Transactional",38,390,54,0.65,"Reviews, Video, People also ask, Related searches"
rtl jetzt live stream,"Navigational, Transactional",38,390,64,0.62,"Reviews, Video, People also ask, Related searches"
rtl kostenlos ansehen,Transactional,38,390,50,0.80,"Sitelinks, Reviews, Video, Video carousel, People also ask, Related searches"
rtl plus sport,"Navigational, Transactional",38,390,31,1.39,"Reviews, Video, People also ask, Related searches, Ads middle"
streaming rtl2,Commercial,38,390,35,0.75,"Sitelinks, Reviews, Video, People also ask, Related searches"
online fernsehen anbieter,Commercial,38,320,37,2.76,"AI Overview, Reviews, Video, People also ask, Related searches, Ads top, Ads bottom"
rtl aktuell live stream kostenlos,"Navigational, Transactional",38,320,57,0.44,"Video, People also ask, Related searches"
rtl aktuell stream,"Informational, Transactional",38,320,47,0.00,"Reviews, Video, People also ask, Knowledge panel, Related searches"
rtl ive,"Navigational, Transactional",38,320,70,0.47,"Reviews, Video, People also ask, Top stories, Related searches"
rtl kostenlos online,Commercial,38,320,51,1.13,"Reviews, Video, People also ask, Related searches"
rtl online schauen kostenlos,Commercial,38,320,55,1.08,"Sitelinks, AI Overview, Reviews, Video, People also ask, Related searches"
rtl2 gucken kostenlos,Commercial,38,320,30,1.35,"Reviews, Video, People also ask, Related searches"
fernseher internet,Commercial,38,260,26,0.47,"Reviews, Video, Video carousel, People also ask, Related searches, Ads top, Ads bottom"
free internet tv online,Commercial,38,260,72,1.22,"Reviews, Video, People also ask, Related searches"
kostenlos rtl online schauen,Commercial,38,260,36,1.08,"Sitelinks, Reviews, Video, People also ask, Related searches"
livetv free streaming,"Navigational, Transactional",38,260,33,1.58,"Video, People also ask, Related searches"
rtl live stream nydus,"Navigational, Transactional",38,260,29,0.00,"Sitelinks, Related searches"
tvlivestream,Commercial,38,260,66,0.79,"Reviews, Video, People also ask, Related searches"
vox live stream free,Transactional,38,260,39,0.00,"Reviews, Video, People also ask, Related searches"
voxup livestream kostenlos,Commercial,38,260,25,0.00,"Sitelinks, Reviews, People also ask, Related searches"
windows medienwiedergabe,"Informational, Transactional",38,260,50,0.00,"AI Overview, Reviews, Video, People also ask, Knowledge panel, Related searches"
alternative live tv,"Informational, Commercial",38,210,30,2.55,"Video, People also ask, Related searches"
beste tv app kostenlos,Commercial,38,210,44,0.58,"AI Overview, Reviews, Video, People also ask, Related searches"
kabel ein stream,Commercial,38,210,42,0.67,"Reviews, Video, People also ask, Related searches"
kodi apps,Commercial,38,210,42,1.72,"Reviews, People also ask"
kostenlos rtl2 gucken,Commercial,38,210,26,1.05,"Video, People also ask, Related searches"
ottplayer tv,"Navigational, Transactional",38,210,32,1.31,"Reviews, Video, People also ask, Related searches"
rtl canlı izle,"Navigational, Transactional",38,210,44,0.00,Reviews
rtl online kostenlos schauen,Commercial,38,210,43,1.57,"Sitelinks, Reviews, Video, People also ask, Related searches"
m3u editor online,"Informational, Commercial",38,170,10,0.00,"Reviews, Video, People also ask, Related searches"
netflic account,"Navigational, Transactional",38,170,68,1.01,"People also ask, Related searches"
netflix desktop,"Navigational, Transactional",38,170,72,0.00,"Reviews, Video, People also ask, Related searches"
beste tv anbieter,Commercial,38,140,32,1.75,"Sitelinks, AI Overview, Reviews, Video, People also ask, Related searches, Ads top, Ads middle"
beste tv app,Commercial,38,140,37,2.01,"AI Overview, Reviews, Video, People also ask, Related searches"
kodi windows download,"Informational, Transactional",38,140,31,0.00,"Reviews, Video, People also ask"
live fernsehen rtl kostenlos,Commercial,38,140,48,0.94,"AI Overview, Reviews, Video, People also ask, Related searches, Ads bottom"
live fernsehen stream,Commercial,38,140,70,1.26,"Reviews, Video, People also ask, Related searches, Ads top, Ads bottom"
online stream fernsehen,Commercial,38,140,68,1.94,"Reviews, Video, Related searches, Ads bottom"
rlt live stream,"Navigational, Transactional",38,140,43,0.60,"Sitelinks, Reviews, Video, People also ask, Top stories, Related searches"
rtl life streamen,"Navigational, Transactional",38,140,35,0.63,"Reviews, Video, People also ask, Related searches"
rtl live stream online free,Commercial,38,140,51,0.00,"Sitelinks, AI Overview, Reviews, Video, People also ask, Related searches"
rtl plus app download,Commercial,38,140,36,0.39,"Reviews, People also ask, Related searches"
rtl tv uživo,"Navigational, Transactional",38,140,39,0.93,"Reviews, Video, Related searches"
tv internet free streaming,Commercial,38,140,54,1.35,"Reviews, Video, People also ask, Related searches, Ads bottom"
windows media player classic home cinema,Commercial,38,140,45,0.00,"Sitelinks, Reviews, Video, Related searches"
fernsehprogramme über internet,"Informational, Commercial",38,110,40,1.08,"AI Overview, Reviews, Video, People also ask, Related searches, Ads bottom, Ads middle"
internet fernsehen gucken,"Informational, Commercial",38,110,34,1.50,"AI Overview, Reviews, Video, Video carousel, People also ask, Related searches"
ip tv anbieter vergleich,Commercial,38,110,37,0.00,"Video, People also ask, Related searches"
itvx app,"Informational, Transactional",38,110,46,0.00,"Reviews, Video, People also ask, Related searches"
kabel live stream,Commercial,38,110,34,0.36,"Reviews, Video, People also ask, Related searches"
netflix download app windows,"Informational, Transactional",38,110,53,0.00,"AI Overview, Reviews, Video, People also ask, Related searches"
netflix window,"Informational, Transactional",38,110,62,0.00,"AI Overview, Video, People also ask, Knowledge panel, Related searches"
rtl 2 live kostenlos,Commercial,38,110,29,0.00,"Reviews, Video, People also ask, Related searches"
rtl liuve,"Navigational, Transactional",38,110,50,0.47,"Reviews, Video, People also ask, Related searches"
rtl live kostenlos gucken,Commercial,38,110,34,0.94,"Video, People also ask, Related searches"
rtl livestream nydus,"Navigational, Transactional",38,110,26,0.00,"Sitelinks, Reviews, People also ask, Related searches"
rtl tv live stream free,Commercial,38,110,47,0.00,"Reviews, Video, People also ask, Related searches"
smart player for tv,"Informational, Transactional",38,110,28,0.45,"Reviews, Video, People also ask, Related searches"
tvkostenlos,Commercial,38,110,37,0.69,"AI Overview, Reviews, Video, People also ask, Related searches, Ads bottom"
vox live stream kostenlos ohne anmeldung nydus,"Navigational, Transactional",38,110,30,0.00,"Reviews, Video, People also ask, Related searches"
am pc tv schauen,"Informational, Commercial",38,90,23,0.95,"AI Overview, Reviews, Video, Video carousel, People also ask, Related searches"
anbieter digitales fernsehen,"Informational, Commercial",38,90,46,1.45,"Sitelinks, AI Overview, Reviews, Video, People also ask, Related searches, Ads bottom"
anbieter für digitales fernsehen,Commercial,38,90,38,1.82,"Reviews, Video, People also ask, Related searches"
fernseh streaming anbieter,Commercial,38,90,40,2.47,"AI Overview, Reviews, Video, People also ask, Related searches, Ads bottom"
live rtl gucken kostenlos,Commercial,38,90,55,0.89,"AI Overview, Reviews, Video, People also ask, Related searches, Ads top, Ads middle"
live tv fernsehen,Commercial,38,90,69,0.72,"Reviews, Video, People also ask, Related searches"
rtl 2 kostenlos,Commercial,38,90,31,2.02,"AI Overview, Video, People also ask, Related searches"
rtl 2 kostenlos schauen,Commercial,38,90,28,1.23,"Reviews, Video, People also ask, Related searches"
stream anbieter,"Informational, Commercial",38,90,45,2.07,"Sitelinks, AI Overview, Video, People also ask, Related searches, Ads top, Ads middle"
streaming services germany,Commercial,38,90,50,1.56,"Sitelinks, AI Overview, Reviews, Video, People also ask, Related searches"
superrtl livestream,Commercial,38,90,22,0.73,"Reviews, Video, People also ask, Related searches"
video wiedergabe,"Informational, Commercial",38,90,46,0.11,"Reviews, Video, Video carousel, People also ask, Related searches"
günstig tv schauen,Commercial,38,70,53,2.39,"Sitelinks, Reviews, Video, Video carousel, People also ask, Related searches"
ingyenes tv,Commercial,38,70,38,2.58,"Reviews, Video, People also ask, Related searches"
prosieben kostenlos stream,Commercial,38,70,30,0.45,"Reviews, Video, People also ask, Related searches"
rtl live steam,"Navigational, Transactional",38,70,49,0.63,"Reviews, Video, People also ask, Related searches"
rtl stream live free,"Navigational, Transactional",38,70,40,1.25,"Reviews, Video, People also ask, Related searches"
vcr converter,"Informational, Transactional",38,70,27,0.42,"Reviews, Video, Video carousel, People also ask, Related searches"
downloader,"Informational, Commercial",37,14800,58,0.55,"AI Overview, Reviews, Video, People also ask, Related searches"
free tv,Commercial,37,8100,61,0.67,"Reviews, Video, People also ask, Related searches"
programe tv online,Commercial,37,8100,52,0.99,"Reviews, Video, Related searches"
tv kostenlos,Commercial,37,6600,53,0.87,"AI Overview, Reviews, Video, People also ask, Related searches"
tv live,Commercial,37,6600,76,0.57,"Reviews, Video, Related searches"
rtl live fußball kostenlos,Transactional,37,3600,50,0.58,"Sitelinks, Reviews, Video, People also ask, Related searches"
rtl stream live,Transactional,37,3600,49,0.79,"Reviews, Video, People also ask, Related searches"
rtl2 livestream,Commercial,37,3600,44,0.83,"Reviews, Video, People also ask, Related searches"
downloader app,"Informational, Commercial",37,2900,50,0.72,"AI Overview, Reviews, Video, People also ask, Related searches"
xstream x,Commercial,37,2400,29,1.30,"Reviews, People also ask"
kabel 1 live stream kostenlos,Transactional,37,1900,35,0.40,"Reviews, Video, People also ask, Related searches"
rtl plus live,"Navigational, Transactional",37,1900,72,0.33,"Reviews, Video, People also ask, Related searches"
rtlup live stream kostenlos ohne anmeldung,"Navigational, Transactional",37,1900,26,0.93,"Sitelinks, Video, People also ask, Related searches"
tv online kostenlos,Commercial,37,1900,50,1.07,"Reviews, Video, People also ask, Related searches"
free tv deutsch,Commercial,37,1600,50,0.62,"Reviews, Video, People also ask, Related searches"
rtl free live streaming,"Navigational, Transactional",37,1600,42,0.96,"Reviews, Video, People also ask, Related searches"
rtl2 live stream kostenlos ohne anmeldung,"Navigational, Transactional",37,1600,29,0.65,"Reviews, Video, People also ask, Related searches"
anbieter fernsehen internet,Commercial,37,1300,37,1.72,"AI Overview, Reviews, Video, People also ask, Related searches"
kodi kodi download,"Informational, Transactional",37,1300,47,0.00,"Video, People also ask"
rtl free,"Navigational, Transactional",37,1300,54,0.51,"AI Overview, Reviews, Video, Video carousel, People also ask, Related searches"
rtl up livestream,"Navigational, Transactional",37,1300,45,0.65,"Sitelinks, Reviews, Video, People also ask, Related searches"
winamp download,"Informational, Commercial",37,1300,39,0.12,"AI Overview, Reviews, People also ask, Related searches"
download software winamp,"Informational, Transactional",37,1000,42,0.08,"AI Overview, Reviews, Related searches, Ads middle"
kostenlos online tv,Commercial,37,1000,51,1.07,"Reviews, Video, People also ask, Related searches"
livestream tv kostenlos,Commercial,37,1000,65,0.68,"Reviews, Video, People also ask, Related searches"
rtl kostenlos ohne anmeldung,"Navigational, Transactional",37,1000,55,1.06,"Reviews, Video, People also ask, Related searches"
sat 1 kostenlos streamen,Commercial,37,1000,46,0.42,"Reviews, Video, People also ask, Related searches"
tv ohne anmeldung,"Navigational, Transactional",37,1000,38,0.00,"Reviews, Video, People also ask, Related searches"
kostenlose tv,Commercial,37,880,37,0.93,"Reviews, Video, People also ask, Related searches"
rtl for free,"Navigational, Transactional",37,880,51,0.57,"Sitelinks, AI Overview, Reviews, Video, People also ask, Related searches, Ads bottom"
gratis tv,Commercial,37,720,38,0.91,"Reviews, Video, People also ask, Related searches"
livestream free tv,Commercial,37,720,69,0.00,"Reviews, Video, People also ask, Top stories, Related searches"
rtl nydus,"Navigational, Transactional",37,720,35,0.00,"Sitelinks, Related searches"
rtl plus com tv login,"Navigational, Transactional",37,720,40,0.14,"Sitelinks, Reviews, People also ask, Related searches"
rtl super live,"Navigational, Transactional",37,720,44,0.30,"Reviews, Video, People also ask, Related searches"
streamcloud free,"Informational, Transactional",37,720,26,1.10,"Reviews, People also ask"
voxup live stream kostenlos,Commercial,37,720,23,0.00,"Sitelinks, Reviews, People also ask, Related searches"
live tv gratis,Commercial,37,590,50,0.52,"Reviews, Image, Video, People also ask, Related searches"
netflix tv2,"Navigational, Transactional",37,590,54,2.77,"Reviews, Video, Related searches"
rtlplus live stream kostenlos ohne anmeldung,"Navigational, Transactional",37,590,41,0.00,"AI Overview, Reviews, Video, People also ask, Related searches"
tv free,Commercial,37,590,50,0.71,"Reviews, Video, People also ask, Top stories, Related searches, Ads middle"
vox live nydus,"Navigational, Transactional",37,590,21,0.00,"Video, Related searches"
fussball rtl live stream,"Navigational, Transactional",37,480,48,0.91,"Reviews, Video, People also ask, Related searches"
kodi application,"Informational, Transactional",37,480,50,0.00,"Reviews, Video, People also ask"
netflix com netflix login,"Navigational, Transactional",37,480,73,0.00,"People also ask, Related searches"
rtl live stream fußball,"Navigational, Transactional",37,480,43,0.91,"Reviews, Video, Related searches"
tv gratis,Commercial,37,480,49,0.93,"Reviews, Video, Top stories, Related searches"
tv live gratis,Commercial,37,480,57,0.52,"Reviews, Video, People also ask, Related searches"
abspielen videos,Commercial,37,390,33,0.16,"Video, Video carousel, People also ask, Related searches"
free television,"Informational, Commercial",37,390,52,0.74,"Reviews, Video, People also ask, Top stories, Related searches, Ads bottom"
fußball live stream rtl,"Navigational, Transactional",37,390,49,0.91,"Reviews, Video, People also ask, Related searches"
rtl livestream fußball,"Informational, Transactional",37,390,50,0.91,"Reviews, Video, People also ask, Related searches"
super rtl live kostenlos,Transactional,37,390,34,0.00,"Reviews, Video, People also ask"
tv deutsche,Commercial,37,390,62,0.82,"Reviews, Video, Related searches, Ads bottom"
tv live tv free,Commercial,37,390,53,1.26,"AI Overview, Reviews, Video, People also ask, Related searches"
fernsehn anbieter,"Informational, Commercial",37,320,61,2.32,"AI Overview, Reviews, Video, People also ask, Related searches, Ads top, Ads middle"
german internet tv,Commercial,37,320,43,0.64,"Sitelinks, AI Overview, Reviews, Video, People also ask, Related searches, Ads middle"
kabel 1 kostenlos streamen,Commercial,37,320,30,0.57,"Sitelinks, People also ask, Related searches"
nydus tv rtl,"Navigational, Transactional",37,320,29,0.66,"Sitelinks, Reviews, Related searches"
online tv 2,Commercial,37,320,25,1.03,"Reviews, Video, Video carousel, Related searches"
rtl live deutschland,"Navigational, Transactional",37,320,58,0.62,"Reviews, Video, People also ask, Related searches"
rtl up live stream,"Navigational, Transactional",37,320,42,0.65,"Sitelinks, Reviews, Video, People also ask, Related searches"
windows musik player,Commercial,37,320,30,0.43,"Reviews, Video, People also ask, Related searches"
fernseh schauen online,Commercial,37,260,68,1.69,AI Overview
fernsehn schauen online,Commercial,37,260,80,1.88,"Sitelinks, Video, Related searches, Ads top, Ads middle"
kodi tv addon,Commercial,37,260,25,0.00,"Sitelinks, Reviews, Video, People also ask"
live tv free,Commercial,37,260,55,1.49,"AI Overview, Reviews, Image, Video, People also ask, Related searches"
livestream super rtl kostenlos,Commercial,37,260,37,0.00,"Reviews, Video, People also ask, Related searches"
quicktime player macbook,"Informational, Transactional",37,260,34,0.28,"AI Overview, Reviews, Video, Video carousel, People also ask, Related searches"
rtl zwei live stream kostenlos,Commercial,37,260,29,0.00,"Reviews, Video, People also ask, Related searches"
rtlplus mediathek kostenlos ohne anmeldung,"Informational, Transactional",37,260,31,0.10,"AI Overview, Reviews, Video, People also ask, Related searches"
super rtl kostenlos,Commercial,37,260,49,0.00,"Reviews, Video, People also ask, Related searches, Ads middle"
gratis live tv,Commercial,37,210,54,0.82,"Reviews, Video, Related searches"
internet und fernsehn,Commercial,37,210,43,2.46,"AI Overview, Reviews, Video, People also ask, Related searches, Ads top, Ads middle"
kostenloses live tv,Commercial,37,210,61,0.61,"AI Overview, Reviews, Image, Video, People also ask, Related searches, Ads bottom"
live stream rtl fussball,Transactional,37,210,46,0.91,
netflix app pc,"Informational, Transactional",37,210,47,0.00,"AI Overview, Reviews, Video, People also ask, Related searches"
pro7 kostenlos streamen,Commercial,37,210,44,0.48,"Reviews, Video, People also ask, Related searches"
rtl + kostenlos testen,Commercial,37,210,44,2.13,"AI Overview, Reviews, Video, People also ask, Related searches, Ads top, Ads bottom"
rtl live stream kostenlos ohne anmeldung nydus,"Navigational, Transactional",37,210,20,0.00,"Reviews, Video, People also ask"
rtl zwei livestream,Commercial,37,210,36,1.05,"Reviews, Video, People also ask, Related searches"
was ist set top box,"Informational, Commercial",37,210,14,0.00,"Reviews, Image, Video, People also ask, Related searches, Popular products"
fernsehen auf dem laptop kostenlos,Commercial,37,170,42,0.38,"AI Overview, Reviews, Video, Video carousel, People also ask, Related searches, Ads top, Ads middle"
fernsehen auf laptop kostenlos,"Informational, Commercial",37,170,53,0.45,"AI Overview, Video, People also ask, Related searches, Ads bottom, Ads middle"
fernsehen online schauen,Commercial,37,170,58,1.15,"Reviews, Video, People also ask, Related searches"
freetvstream,Commercial,37,170,42,2.32,"Reviews, Video, Related searches"
germany ip tv,Commercial,37,170,16,0.87,"AI Overview, Video, People also ask, Related searches"
kostenlose live tv,Commercial,37,170,39,0.61,"Reviews, Video, Related searches"
live pro tv gratis,Commercial,37,170,52,0.00,"Reviews, Video, People also ask, Related searches"
stream tv live free,Commercial,37,170,55,1.58,"Reviews, Video, People also ask, Related searches"
tv online deutsch,Commercial,37,170,60,0.64,"Reviews, Video, Video carousel, People also ask, Related searches, Ads middle"
tv paket,Commercial,37,170,61,2.29,"Reviews, Video, People also ask, Related searches, Ads top, Ads bottom"
fernseh online schauen,Commercial,37,140,59,1.69,"Reviews, Video, People also ask, Related searches, Ads bottom"
fernsehen live stream rtl,Transactional,37,140,43,0.65,"Sitelinks, Video, People also ask, Related searches"
günstig fernsehen,Commercial,37,140,41,0.29,"AI Overview, Reviews, Video, Video carousel, People also ask, Related searches"
online tv ohne anmeldung,Transactional,37,140,46,8.29,"Reviews, Video, Related searches"
rtl live stresm,Commercial,37,140,50,0.00,"Reviews, Video, People also ask, Related searches"
sat 1 live streaming kostenlos,Commercial,37,140,40,0.29,"Reviews, Video, People also ask, Related searches"
streamcloud link,"Informational, Transactional",37,140,54,1.19,"Reviews, People also ask, Related searches"
tv kostenlos schauen pc,Commercial,37,140,40,0.40,"AI Overview, Reviews, Video, People also ask, Related searches"
tv schauen auf pc kostenlos,Commercial,37,140,41,0.40,"AI Overview, Reviews, Video, Video carousel, People also ask, Related searches, Ads top, Ads middle"
vavoo pro,"Informational, Transactional",37,140,18,0.00,"AI Overview, Reviews, Video, Video carousel, People also ask, Related searches"
videos abspielen,Commercial,37,140,35,0.21,"AI Overview, Reviews, Video, Video carousel, People also ask, Related searches"
vox live stream kostenlos ansehen pinto,Commercial,37,140,46,0.00,"AI Overview, Reviews, Video, People also ask, Related searches"
web tv free streaming,Commercial,37,140,64,1.35,"Reviews, Video, Related searches"
best media player for windows 11,Commercial,37,110,61,0.00,"Sitelinks, AI Overview, Reviews, Video, Video carousel, People also ask, Related searches"
fernsehen gucken internet,"Informational, Commercial",37,110,35,1.36,"AI Overview, Reviews, Image, Video, Video carousel, People also ask, Related searches"
fernseher anbieter,Commercial,37,110,34,2.32,"Reviews, Image, Video, People also ask, Related searches, Ads top, Ads bottom"
internet fernseh gucken,"Informational, Commercial",37,110,38,1.50,"AI Overview, Reviews, Video, Video carousel, People also ask, Related searches, Ads top, Ads middle"
my rtl plus,"Navigational, Transactional",37,110,44,1.64,"Sitelinks, Reviews, Video, People also ask, Related searches, Ads top, Ads bottom"
netflix konto einstellungen,"Navigational, Transactional",37,110,50,0.00,"Video, People also ask, Related searches"
pc tv schauen,Commercial,37,110,17,0.76,"Reviews, Video, Video carousel, People also ask, Related searches, Popular products, Ads middle"
rtl fernsehen live stream,"Navigational, Transactional",37,110,54,0.56,"Sitelinks, Reviews, Video, People also ask, Related searches"
rtl free tv live,Transactional,37,110,52,0.65,"Sitelinks, Reviews, Video, People also ask, Related searches"
rtl freetv,"Navigational, Transactional",37,110,62,0.71,"Reviews, Video, People also ask, Top stories, Related searches, Ads bottom"
rtl live-stream fußball,Transactional,37,110,39,0.97,"Reviews, Video, Related searches"
rtl n,"Navigational, Transactional",37,110,79,0.06,"Sitelinks, Reviews, Video, People also ask, Knowledge panel, Related searches"
rtl nachrichten live,"Informational, Transactional",37,110,58,0.68,"Sitelinks, Reviews, Video, People also ask, Knowledge panel, Related searches"
rtl nitro kostenlos streamen,Commercial,37,110,19,1.46,"Sitelinks, Reviews, Video, People also ask, Related searches"
tv kosten,"Informational, Commercial",37,110,57,1.45,"Reviews, Video, People also ask, Related searches"
www.rtlplus.de tv login,Transactional,37,110,39,0.45,"Reviews, Video, People also ask, Related searches"
über internet fernsehen gucken,"Informational, Commercial",37,110,35,1.50,"AI Overview, Reviews, Video, Video carousel, People also ask, Related searches, Ads top, Ads middle"
add on kodi live tv,Commercial,37,90,11,0.00,"Sitelinks, AI Overview, Reviews, Video, Video carousel, People also ask"
cool kodi addons,Commercial,37,90,18,0.00,"Sitelinks, AI Overview, Reviews, Video, Video carousel"
fernsehn am pc,"Informational, Commercial",37,90,19,0.53,"AI Overview, Reviews, Video, People also ask, Related searches, Ads top"
free netflix downloader download,Commercial,37,90,8,0.37,"Sitelinks, AI Overview, Reviews, Video, Related searches"
kodi android download,"Informational, Transactional",37,90,41,0.00,"Reviews, People also ask"
kodi download android,Transactional,37,90,46,0.00,"Reviews, People also ask"
m3u downloader,Commercial,37,90,19,0.00,"Sitelinks, Reviews, Video, People also ask, Related searches"
mp4 player macbook,Commercial,37,90,29,0.14,"Reviews, People also ask, Related searches"
nitro livestream nydus,"Navigational, Transactional",37,90,23,0.00,"Reviews, Video, People also ask, Related searches"
rtl livestraem,"Navigational, Transactional",37,90,48,0.60,"Reviews, Video, People also ask, Related searches"
sat 1 hd live stream,Commercial,37,90,29,0.70,"Reviews, Video, People also ask, Related searches, Ads bottom"
satellite tv live,Commercial,37,90,58,0.32,"AI Overview, Reviews, Video, People also ask, Related searches"
stream tv free,Commercial,37,90,52,0.94,"Reviews, Video, People also ask, Related searches"
television gratis online,Commercial,37,90,56,0.00,"AI Overview, Reviews, Video, Related searches"
tv box 4k,"Informational, Transactional",37,90,29,0.74,"Reviews, Video, Video carousel, People also ask, Related searches, Popular products"
fernsehschauen online,Commercial,37,70,74,1.57,"AI Overview, Reviews, Video, People also ask, Related searches, Ads top"
fernsehsender im internet,Commercial,37,70,59,0.80,"AI Overview, Reviews, Video, People also ask, Related searches, Ads top, Ads middle"
free internet tv streaming,"Informational, Commercial",37,70,48,1.35,"AI Overview, Reviews, Video, Related searches, Ads bottom"
google google netflix,"Navigational, Transactional",37,70,72,0.00,"AI Overview, People also ask, Related searches"
gratis rtl schauen,Commercial,37,70,50,1.38,"Sitelinks, AI Overview, Reviews, Video, People also ask, Ads top, Ads middle"
rtl up live,Transactional,36,4400,49,0.65,"Reviews, Video, People also ask, Related searches"
kostenlos live tv,Commercial,36,3600,56,0.61,"Reviews, Image, Video, People also ask, Top stories, Related searches"
netflix einloggen,"Navigational, Transactional",36,2900,72,0.00,"People also ask, Related searches"
rtl online live stream,Transactional,36,2400,47,0.72,"Sitelinks, Reviews, Video, People also ask, Related searches, Ads bottom"
rtl app,Commercial,36,1900,48,0.45,"AI Overview, Reviews, Video, People also ask, Related searches, Ads bottom, Ads middle"
kostenlos tv gucken,Commercial,36,1600,43,1.01,"Reviews, Video, People also ask, Related searches"
rtl plus anmelden,"Navigational, Transactional",36,1600,36,0.56,"Sitelinks, Reviews, Video, People also ask, Related searches"
kodi addons,Commercial,36,1300,22,0.00,"Sitelinks, Reviews"
kodi program addons,Commercial,36,1300,33,0.27,"Sitelinks, Reviews, Video, People also ask"
kostenlos fernsehen im internet,Commercial,36,1300,38,0.58,"AI Overview, Reviews, Video, People also ask, Related searches"
netflix logowanie,"Navigational, Transactional",36,1300,71,0.00,Related searches
nydus rtl,"Navigational, Transactional",36,1300,33,0.66,"Video, Related searches"
rtl live ohne anmeldung,"Navigational, Transactional",36,1300,53,1.03,"Reviews, Video, Video carousel, People also ask, Related searches"
rtl programm live,"Navigational, Transactional",36,1300,68,0.53,"Reviews, Video, People also ask, Related searches"
rtlup livestream kostenlos ohne anmeldung,"Navigational, Transactional",36,1300,23,0.00,"Sitelinks, AI Overview, Reviews, Video, People also ask, Related searches"
tv gratis schauen,Commercial,36,1300,40,0.51,"Reviews, Video, People also ask, Related searches"
tv gucken kostenlos,Commercial,36,1300,39,0.72,"Reviews, Video, People also ask, Related searches, Ads middle"
vavoo app,"Informational, Transactional",36,1300,31,0.47,"AI Overview, Reviews, Video, People also ask, Related searches"
netflix app downloaden,"Informational, Transactional",36,1000,67,0.13,"Reviews, Video, People also ask, Related searches"
prosieben live stream kostenlos,Commercial,36,1000,50,0.48,"Reviews, Video, People also ask, Related searches"
sat 1 stream kostenlos,Commercial,36,1000,35,0.49,"Reviews, Video, People also ask, Related searches"
tv kostenlos gucken,Commercial,36,1000,52,1.01,"Reviews, Video, Video carousel, People also ask, Related searches"
fernseh app,"Informational, Commercial",36,880,50,1.56,"AI Overview, Reviews, Video, People also ask, Related searches, Ads top, Ads bottom"
gzsz rtlnow,"Navigational, Transactional",36,880,43,0.00,"Sitelinks, Video, Related searches"
live tv stream kostenlos,Commercial,36,880,51,1.23,"Reviews, Video, People also ask, Related searches"
tv stream online kostenlos,Commercial,36,880,53,1.13,"AI Overview, Reviews, Video, People also ask, Related searches"
kabel ein live,Commercial,36,720,33,0.49,"Reviews, Video, People also ask, Related searches"
livestream fernsehen,Commercial,36,720,80,0.69,"Reviews, Video, Video carousel, Related searches"
netflix inloggen,"Navigational, Transactional",36,720,73,0.00,"People also ask, Related searches"
rtl free livestream,"Navigational, Transactional",36,720,50,1.25,"Reviews, Video, People also ask, Related searches"
rtl livestream ohne anmeldung,"Navigational, Transactional",36,720,38,1.51,"Reviews, Video, People also ask, Related searches"
rtlup live stream kostenlos ohne anmeldung 2ix2,"Navigational, Transactional",36,590,27,0.00,"Sitelinks, Reviews, People also ask, Related searches"
fernseh live stream,Commercial,36,480,73,0.73,"Reviews, Video, Related searches"
ip smarters pro apk,Commercial,36,480,37,0.00,"Reviews, Video, People also ask, Related searches"
kodi repo,Commercial,36,480,20,0.00,"Sitelinks, Reviews, Video, People also ask"
online tv online free,Commercial,36,480,56,1.22,"AI Overview, Reviews, Video, Knowledge panel, Related searches, Ads bottom"
rtl plus website,"Navigational, Transactional",36,480,56,1.24,"Reviews, Video, People also ask, Related searches"
rtl tv live kostenlos,Commercial,36,480,50,0.90,"Reviews, Video, People also ask, Related searches"
tv app kostenlos ohne anmeldung,Transactional,36,480,37,0.47,"AI Overview, Reviews, Video, People also ask, Related searches"
tv kostenlos ansehen,Commercial,36,480,38,0.54,"Reviews, Video, People also ask, Related searches"
tv online free online tv,Commercial,36,480,50,1.22,"AI Overview, Reviews, Video, Related searches"
audio player,"Informational, Transactional",36,390,30,0.26,"Sitelinks, Reviews, Video, People also ask, Knowledge panel, Related searches"
downloader amazon fire tv,"Informational, Transactional",36,390,39,0.00,"Sitelinks, Reviews, Video, Video carousel, People also ask, Related searches"
kostenlos streamen tv,Commercial,36,390,41,0.57,"AI Overview, Reviews, Video, People also ask, Related searches"
live stream tv free,Commercial,36,390,59,1.58,"Reviews, Video, People also ask, Related searches"
livestream rtl kostenlos,Transactional,36,390,60,1.04,"Sitelinks, Reviews, Video, People also ask, Related searches"
netflix sign ins,"Navigational, Transactional",36,390,67,0.00,"Sitelinks, AI Overview, Video, Video carousel, People also ask, Related searches"
netflix tv,"Navigational, Transactional",36,390,62,1.21,"Video, People also ask, Related searches"
rtl aktuell kostenlos ansehen,"Informational, Transactional",36,390,43,0.00,"Reviews, Video, People also ask, Knowledge panel, Related searches"
rtl live streamen kostenlos,Transactional,36,390,48,1.07,"Reviews, Video, People also ask, Related searches"
rtl livestrem,Transactional,36,390,52,0.63,"Reviews, Video, People also ask, Related searches"
tvstream,Commercial,36,390,50,2.15,"AI Overview, Reviews, Video, People also ask, Related searches"
free tv streamen,Commercial,36,320,62,0.00,"AI Overview, Reviews, Video, People also ask, Top stories, Related searches, Ads bottom"
internetfernsehen kostenlos,"Informational, Commercial",36,320,44,0.58,"AI Overview, Reviews, Video, People also ask, Related searches, Ads bottom, Ads middle"
kostenlos tv ansehen,Commercial,36,320,43,0.48,"Reviews, Video, People also ask, Related searches"
kostenlos tv sehen,Commercial,36,320,41,0.41,"Reviews, Video, People also ask, Related searches"
rtl live kostenlos ohne anmelden,"Navigational, Transactional",36,320,57,0.87,"Reviews, Video, Related searches"
rtl live kostenlos streamen,Commercial,36,320,51,1.06,"Sitelinks, Reviews, Video, People also ask, Related searches, Ads middle"
rtl stream live online,Commercial,36,320,38,0.70,"AI Overview, Video, People also ask, Related searches, Ads middle"
rtl strem,"Navigational, Transactional",36,320,54,0.81,"Reviews, Video, People also ask, Top stories, Related searches, Ads top, Ads bottom"
super rtl livestream joyn,Transactional,36,320,56,0.57,"Reviews, Video, People also ask, Related searches"
tv kostenlos sehen,Commercial,36,320,46,0.45,"Reviews, Video, People also ask, Related searches"
vox live 2ix2,"Navigational, Transactional",36,320,33,0.00,"Sitelinks, Reviews, People also ask, Related searches"
free tv ohne anmeldung,"Navigational, Transactional",36,260,42,0.63,"Reviews, Video, People also ask, Related searches"
gratis tv stream,Commercial,36,260,46,1.36,"Reviews, Video, People also ask, Related searches"
gzsz live stream kostenlos,Commercial,36,260,38,0.02,"Reviews, Video, People also ask, Related searches"
kabel 1 kostenlos,Commercial,36,260,31,0.44,"Reviews, Video, People also ask, Related searches"
kodi for movies,Commercial,36,260,50,0.00,"Sitelinks, AI Overview, Reviews, Video, Video carousel, People also ask"
livestream rtl gratis,Commercial,36,260,48,1.03,"Reviews, Video, People also ask, Related searches"
television rtl,"Informational, Transactional",36,260,76,0.58,"Reviews, Video, People also ask, Top stories, Related searches"
fernsehschauen,Commercial,36,210,23,0.97,"AI Overview, Reviews, Video, People also ask, Related searches, Ads bottom"
free tv online,Commercial,36,210,57,0.94,"AI Overview, Reviews, Video, Related searches"
kodi media center software,"Informational, Transactional",36,210,38,0.00,"Sitelinks, Reviews, Video, Video carousel, People also ask, Knowledge panel"
kostenloses tv streaming,Commercial,36,210,47,0.93,"Reviews, Video, People also ask, Related searches"
livestream rtl de,"Navigational, Transactional",36,210,64,0.71,"Reviews, Video, People also ask, Related searches"
livetv online,"Informational, Transactional",36,210,5,1.07,"Reviews, Related searches"
movie for kodi,"Informational, Commercial",36,210,27,0.00,"Sitelinks, Reviews, Video, People also ask"
online tv kostenlos schauen,Commercial,36,210,53,1.00,"AI Overview, Reviews, Video, People also ask, Related searches"
ottplayer login,"Navigational, Transactional",36,210,22,0.00,"Reviews, Video, Related searches"
rtl kostenlos live sehen,Commercial,36,210,49,1.00,"Sitelinks, Reviews, Video, People also ask, Related searches, Ads middle"
rtl now.de,"Navigational, Transactional",36,210,72,0.08,"Sitelinks, Reviews, Video, People also ask, Knowledge panel"
tv free streaming,Commercial,36,210,46,0.89,"AI Overview, Reviews, Video, Related searches"
tv programm live kostenlos,Commercial,36,210,68,0.47,"Reviews, Video, People also ask, Related searches"
tv streaming gratis,Commercial,36,210,32,1.00,"Reviews, Video, People also ask, Related searches, Ads bottom"
vox gucken live,Commercial,36,210,35,0.86,"Reviews, Video, People also ask, Related searches"
free tv live stream,Commercial,36,170,54,0.62,"Reviews, Video, People also ask, Related searches"
live rtl now,"Navigational, Transactional",36,170,50,0.26,"Reviews, Video, People also ask, Related searches"
matroska player mac,Commercial,36,170,29,0.20,"Reviews, Video, People also ask, Related searches"
mov reader,"Informational, Transactional",36,170,37,0.11,"Reviews, Video, People also ask, Related searches"
netflix windows app download,"Informational, Transactional",36,170,51,0.00,"AI Overview, Reviews, Video, People also ask, Related searches"
prosieben kostenlos streamen,Commercial,36,170,41,0.48,"Reviews, Video, People also ask, Related searches"
rtl kostenlos live ansehen,Commercial,36,170,51,1.24,"Sitelinks, Reviews, Video, People also ask, Related searches, Ads middle"
rtl livestream de,Commercial,36,170,50,0.71,"Reviews, Video, People also ask, Related searches"
tv livestream free,Commercial,36,170,60,1.58,"Reviews, Video, Top stories, Related searches"
tv programm live stream,Commercial,36,170,72,0.71,"Reviews, Video, People also ask, Related searches, Ads bottom"
deutsche tv sender,Commercial,36,140,41,0.92,"Sitelinks, Reviews, Video, People also ask, Related searches"
deutsches fernsehen im internet im ausland kostenlos,Commercial,36,140,30,0.71,"Sitelinks, AI Overview, Reviews, Video, Video carousel, People also ask, Related searches, Ads top, Ads middle"
downloader aftvnews,"Informational, Transactional",36,140,52,0.00,"Reviews, Related searches"
fernseh stream online,Commercial,36,140,60,1.94,"Reviews, Video, Related searches"
iptv smarters pro kaufen,Transactional,36,140,6,0.00,"People also ask, Related searches"
kostenlos tv ohne anmeldung,"Navigational, Transactional",36,140,36,0.67,"Sitelinks, Reviews, Video, Related searches"
livetvstream,Commercial,36,140,67,1.08,"Reviews, Video, Video carousel, Related searches"
online tv free,Commercial,36,140,49,1.22,"AI Overview, Reviews, Video, Related searches"
rtl aktuell livestream,"Informational, Transactional",36,140,67,0.00,"Reviews, Video, People also ask, Related searches"
rtl de livestream,"Navigational, Transactional",36,140,49,0.96,"Reviews, Video, People also ask, Related searches"
rtl kostenlos live anschauen,Commercial,36,140,48,1.24,"Sitelinks, AI Overview, Reviews, Video, People also ask, Related searches"
rtl kostenloser livestream,Commercial,36,140,42,1.01,"Sitelinks, Reviews, Video, People also ask, Related searches, Ads top, Ads middle"
rtl livw,"Navigational, Transactional",36,140,62,0.47,"Reviews, Video, People also ask, Top stories, Related searches"
rtl plus mitgliedschaft,"Navigational, Transactional",36,140,49,1.45,"Reviews, Video, Video carousel, People also ask, Related searches"
rtl umsonst streamen,Commercial,36,140,46,2.10,"Sitelinks, AI Overview, Reviews, Video, Video carousel, People also ask, Related searches"
rtl2 programm live,Commercial,36,140,41,0.64,"Reviews, Video, People also ask, Related searches"
tv programm kostenlos streamen,Commercial,36,140,51,0.66,"Reviews, Video, People also ask, Related searches"
best player software,Commercial,36,110,31,0.00,"Sitelinks, AI Overview, Reviews, Video, Video carousel, Related searches"
fernsehen kostenlos auf pc,Commercial,36,110,30,0.39,"AI Overview, Reviews, Video, Video carousel, People also ask, Related searches"
fernsehn über pc,"Informational, Commercial",36,110,14,0.68,"AI Overview, Reviews, Video, Video carousel, People also ask, Related searches"
free m3u playlist,Commercial,36,110,48,0.00,"Sitelinks, AI Overview, Reviews, Video, Video carousel, Related searches"
kodi build,Commercial,36,110,14,0.01,"Sitelinks, Reviews, Image pack, Video, Video carousel"
kostenlos kabel 1 schauen,Commercial,36,110,25,0.66,"Sitelinks, Video, People also ask, Related searches"
kostenlose fernsehprogramme,Commercial,36,110,42,0.42,"AI Overview, Reviews, Video, People also ask, Related searches, Ads bottom, Ads middle"
live tv kostenlos online,Commercial,36,110,52,1.31,"Reviews, Video, People also ask, Related searches"
live tv streamen kostenlos,Commercial,36,110,47,0.63,"Reviews, Video, People also ask, Related searches"
live übertragung rtl,"Navigational, Transactional",36,110,65,0.57,"AI Overview, Reviews, Video, Top stories, Related searches"
netflix login in,"Navigational, Transactional",36,110,70,0.00,"People also ask, Related searches"
netflix suche,"Informational, Transactional",36,110,43,0.00,"Sitelinks, Reviews, Video, People also ask, Related searches"
ohne kabel fernseh schauen,"Informational, Commercial",36,110,24,1.50,"AI Overview, Reviews, Video, Video carousel, People also ask, Related searches, Ads top, Ads middle"
online vox gucken,Commercial,36,110,43,1.06,"Reviews, Video, People also ask, Related searches"
ottplayer code,"Informational, Transactional",36,110,11,0.00,"Reviews, Video, Video carousel, Related searches"
quicktime mov player,"Informational, Transactional",36,110,38,0.41,"Reviews, Video, People also ask, Related searches"
rtl fernsehen live kostenlos,Commercial,36,110,46,0.94,"Reviews, Video, People also ask, Related searches"
rtl online stream kostenlos,Commercial,36,110,47,1.36,"Sitelinks, Reviews, Video, People also ask, Related searches, Ads bottom"
rtl2 ohne anmeldung,"Navigational, Transactional",36,110,31,0.00,"AI Overview, Reviews, Video, People also ask, Related searches"
tv live online kostenlos,Commercial,36,110,67,1.31,"AI Overview, Reviews, Video, People also ask, Related searches"
tv online live kostenlos,Commercial,36,110,58,1.31,"AI Overview, Reviews, Video, People also ask, Related searches"
tv programm stream kostenlos,Commercial,36,110,51,1.36,"AI Overview, Reviews, Video, People also ask, Related searches"
tv stream live kostenlos,Commercial,36,110,64,1.35,"Sitelinks, Reviews, Video, People also ask, Related searches"
windows audio player,Commercial,36,110,25,0.55,"Sitelinks, Reviews, Video, Video carousel, People also ask, Related searches"
audio player audio player,Transactional,36,90,35,0.26,"Reviews, Video, Video carousel, People also ask, Related searches"
fernseh kostenlos streamen,Commercial,36,90,56,0.64,"Sitelinks, Reviews, Video, People also ask, Related searches, Ads bottom"
fernsehen live tv,Commercial,36,90,75,0.72,"Reviews, Video, People also ask, Related searches, Ads bottom"
free live stream tv,Commercial,36,90,46,0.90,"Reviews, Video, Related searches"
free tv streams,Commercial,36,90,70,0.00,"Sitelinks, Reviews, Video, Video carousel, Top stories, Related searches, Ads bottom"
kodi repositories,Commercial,36,90,17,0.00,"Reviews, Video"
ohne kabel tv schauen,"Informational, Commercial",36,90,30,2.29,"Featured snippet, Sitelinks, Reviews, Video, Video carousel, People also ask, Related searches, Popular products, Ads bottom, Ads middle"
rtl 4 live,"Navigational, Transactional",36,90,34,0.71,"AI Overview, Reviews, Video, People also ask, Related searches"
rtl kostenlos live gucken,Commercial,36,90,30,0.89,"Reviews, Video, People also ask, Related searches, Ads bottom"
rtl stream online kostenlos,Commercial,36,90,60,1.36,"AI Overview, Reviews, Video, People also ask, Related searches"
rtl2 gucken,Commercial,36,90,45,0.77,"Reviews, Video, People also ask, Related searches"
tv fernsehen live,Commercial,36,90,60,0.72,"Reviews, Video, Video carousel, People also ask, Related searches"
tv live free,Commercial,36,90,62,1.58,"Reviews, Video, People also ask, Related searches"
tv programm streamen kostenlos,Commercial,36,90,45,0.66,"Reviews, Video, People also ask, Related searches"
vavoo connect,"Navigational, Transactional",36,90,18,0.00,"AI Overview, Reviews, Video, People also ask, Related searches"
internet für fernseher,Commercial,36,70,35,1.63,"Reviews, Video, People also ask"
kostenlos rtl live stream,"Navigational, Transactional",36,70,47,1.43,"Reviews, Video, People also ask, Related searches"
video wiedergeben,Commercial,36,70,34,0.17,"AI Overview, Reviews, Video, Video carousel, People also ask, Related searches"
rtl plus,"Navigational, Commercial",35,1000000,69,0.21,"Sitelinks, Reviews, Video, Video carousel, People also ask, Top stories, Related searches, Ads top, Ads bottom"
kostenlos fernsehen,Commercial,35,14800,57,0.64,"Reviews, Video, Related searches"
super rtl live,Commercial,35,6600,38,0.77,"Reviews, Video, People also ask, Related searches"
fernsehen kostenlos,Commercial,35,4400,45,0.64,"AI Overview, Reviews, Video, Related searches"
gratis tv schauen,Commercial,35,2900,52,0.51,"AI Overview, Reviews, Video, Video carousel, People also ask, Related searches"
netflix anmelden,"Navigational, Transactional",35,2900,54,1.90,"Video, People also ask, Related searches"
rtl + kosten,"Informational, Transactional",35,2900,51,0.78,"AI Overview, Reviews, Video, People also ask, Related searches, Ads top"
rtl plus kostenlos ohne anmeldung,"Navigational, Transactional",35,2900,51,0.20,"Sitelinks, AI Overview, Reviews, Video, Video carousel, People also ask, Related searches"
fernsehen live,Commercial,35,2400,78,0.54,"Reviews, Video, Related searches"
sat1 live stream kostenlos ohne anmeldung,Transactional,35,2400,41,0.33,"Reviews, Video, People also ask, Related searches, Ads bottom"
movie player classic,"Informational, Transactional",35,1600,56,0.09,"Reviews, Video, Knowledge panel, Related searches"
rtl jetzt live,"Navigational, Transactional",35,1600,74,0.62,"Reviews, Video, People also ask, Related searches"
gratis fernsehen,Commercial,35,1300,38,1.04,"Reviews, Video, People also ask, Related searches"
kostenlos fernsehen gucken,Commercial,35,1300,49,0.75,"AI Overview, Reviews, Video, People also ask, Related searches"
rtl plus filme,"Informational, Transactional",35,1300,47,0.20,"Reviews, Video, People also ask, Related searches"
rtl schauen kostenlos,"Navigational, Transactional",35,1300,53,1.18,"Reviews, Video, People also ask, Related searches, Ads bottom"
fernsehen gratis,Commercial,35,1000,40,0.91,"Reviews, Video, People also ask, Top stories, Related searches"
fernsehen kostenlos internet,Commercial,35,1000,49,0.52,"Reviews, Video, People also ask, Knowledge panel, Related searches"
kostenloses live fernsehen,Commercial,35,1000,52,0.49,"AI Overview, Reviews, Video, Related searches, Ads bottom"
tv schauen kostenlos,Commercial,35,1000,49,0.66,"Sitelinks, Reviews, Video, People also ask, Related searches, Ads middle"
online kostenlos fernsehen,Commercial,35,880,54,0.81,"Reviews, Video, People also ask, Related searches"
es streamcloud,Commercial,35,720,28,1.44,"Sitelinks, Reviews, People also ask, Related searches"
fernsehen kostenlos streamen,Commercial,35,720,41,0.57,"AI Overview, Reviews, Video, People also ask, Related searches"
kostenlos fernsehen online,Commercial,35,720,47,0.75,"Reviews, Video, People also ask, Related searches"
tv umsonst,Commercial,35,720,41,1.25,"Reviews, Video, People also ask, Related searches"
fernsehn kostenlos,Commercial,35,590,47,0.64,"Reviews, Image, Video, People also ask, Related searches, Ads bottom"
livestreams kostenlos,Commercial,35,590,67,0.87,"Reviews, Video, People also ask, Related searches"
rlt live,"Navigational, Transactional",35,590,63,0.47,"Reviews, Video, People also ask, Related searches"
rtl live stream kostenlos ohne anmeldung 2ix2 legal,"Navigational, Transactional",35,590,29,0.00,"Sitelinks, AI Overview, Reviews, Video, People also ask, Related searches"
rtl live stream ohne anmeldung,"Navigational, Transactional",35,590,48,1.08,"Reviews, Video, People also ask, Related searches"
rtl nfl live-stream kostenlos,"Navigational, Transactional",35,590,29,0.00,"Reviews, Video, People also ask, Related searches"
rtl plus konto,"Navigational, Transactional",35,590,41,1.42,"Reviews, Video, People also ask, Related searches"
fernseh kostenlos,Commercial,35,480,50,0.57,"Reviews, Video, People also ask, Related searches"
livetv übertragung,"Navigational, Transactional",35,480,20,1.47,"Reviews, Video, People also ask, Related searches"
rtl stram,"Navigational, Transactional",35,480,64,0.77,"Sitelinks, Reviews, Video, People also ask, Related searches"
streamcloud movie,Commercial,35,480,28,0.00,"Reviews, Related searches"
super rtl mediathek kostenlos ohne anmeldung,Transactional,35,480,26,0.00,"Reviews, Video, People also ask, Related searches"
tv online gratis pro tv,Commercial,35,480,48,0.00,"Reviews, Related searches"
voxup live stream kostenlos ohne anmeldung,"Navigational, Transactional",35,480,50,0.00,"Reviews, Related searches"
and tv live streaming free,Commercial,35,390,49,0.95,"Reviews, Video, People also ask, Related searches"
gzsz live,Transactional,35,390,46,0.02,"Reviews, Video, People also ask, Related searches"
kostenlos fernsehen ohne anmeldung,"Navigational, Transactional",35,390,35,0.41,"Reviews, Video, People also ask, Related searches, Ads middle"
prosieben live-stream kostenlos ohne anmeldung joyn,"Navigational, Transactional",35,390,49,0.27,"AI Overview, Reviews, People also ask, Related searches"
repo kodi,Commercial,35,390,22,0.00,"Reviews, Image pack, Video, Video carousel, People also ask"
rtl deutschland live,"Navigational, Transactional",35,390,51,0.57,"Reviews, Video, People also ask, Related searches"
streamcloud best,Commercial,35,390,22,1.10,"AI Overview, Reviews"
umsonst tv,Commercial,35,390,49,1.25,"Reviews, Video, People also ask, Related searches"
free tv stream online kostenlos fernsehen,Commercial,35,320,45,0.00,"Reviews, Video, People also ask, Related searches"
kostenlos live stream fernsehen,Commercial,35,320,57,0.90,"Reviews, Image, Video, People also ask, Top stories, Related searches"
kostenlose streamen,Commercial,35,320,45,0.77,"Reviews, Video, People also ask, Related searches"
rtlmediathek,Commercial,35,320,52,0.19,"Reviews, Video, People also ask, Related searches, Ads top, Ads bottom"
rtltv,Transactional,35,320,71,0.44,"Reviews, Video, People also ask, Knowledge panel, Related searches, Ads middle"
streamcloud.best,Commercial,35,320,24,0.00,"Reviews, Video"
www rtl de live,"Navigational, Transactional",35,320,76,0.25,"Reviews, Video, People also ask, Related searches, Ads bottom"
fernsehen kostenlos anschauen,Commercial,35,260,50,0.31,"Reviews, Video, People also ask, Related searches"
live stream rtl hrvatska,"Navigational, Transactional",35,260,31,0.91,"Sitelinks, Video, People also ask, Related searches"
livestream fernsehen kostenlos,Commercial,35,260,69,0.90,"AI Overview, Reviews, Video, People also ask, Related searches"
media centre kodi,"Informational, Transactional",35,260,22,0.00,"AI Overview, Reviews, Video, Video carousel, People also ask, Knowledge panel"
netflix log,"Navigational, Transactional",35,260,100,2.65,"Sitelinks, AI Overview, People also ask, Related searches"
rtl hrvatska live stream,"Navigational, Transactional",35,260,25,0.99,"Sitelinks, Reviews, Video, Related searches"
rtl hrvatska uzivo,Transactional,35,260,34,0.00,"Reviews, Related searches"
rtl nitro free stream,Transactional,35,260,24,1.60,"Reviews, Video, People also ask, Related searches"
rtl up kostenlos deutsche kanäle,Commercial,35,260,34,0.00,"AI Overview, Reviews, Video, People also ask, Related searches"
stream web,Commercial,35,260,83,1.41,"Reviews, Video, People also ask, Related searches, Ads top, Ads middle"
streamclouf,"Informational, Transactional",35,260,23,0.96,"Reviews, Image pack, Video, Related searches"
tv online free watch tv online live,Commercial,35,260,65,0.00,"AI Overview, Reviews, Video, Related searches"
watch live television online for free,Commercial,35,260,72,1.31,"AI Overview, Reviews, Video, People also ask, Related searches, Ads middle"
fernsehen kostenlos live stream,Commercial,35,210,63,0.90,"AI Overview, Reviews, Video, People also ask, Related searches"
fernsehen kostenlos und ohne anmeldung,"Informational, Transactional",35,210,33,0.42,"Reviews, Video, People also ask, Related searches, Ads bottom"
live tv se,"Informational, Transactional",35,210,87,1.29,"Reviews, Video, People also ask, Related searches"
netflix sign in online,"Navigational, Transactional",35,210,79,0.00,"Sitelinks, People also ask, Related searches"
rtl now aktuell,"Navigational, Transactional",35,210,55,0.00,"Reviews, Video, People also ask, Knowledge panel, Related searches"
rtl plzs,"Navigational, Commercial",35,210,59,0.26,"Sitelinks, Reviews, Video, People also ask, Related searches, Ads top, Ads bottom"
stream fernsehen kostenlos,Commercial,35,210,45,0.86,"Reviews, Video, People also ask, Related searches"
audio player windows,Commercial,35,170,24,0.55,"Sitelinks, Reviews, Video, Video carousel, People also ask, Related searches"
fernseh kostenlos anschauen,Commercial,35,170,41,0.31,"Sitelinks, Reviews, Video, People also ask, Related searches, Ads middle"
fernseh online kostenlos,Commercial,35,170,60,0.81,"Reviews, Video, People also ask, Related searches"
kostenlos tv online schauen,Commercial,35,170,50,1.00,"Reviews, Video, People also ask, Related searches"
live stream com,Commercial,35,170,58,0.00,"Reviews, Video, People also ask, Related searches"
live streams kostenlos,Commercial,35,170,64,0.71,"Sitelinks, Reviews, Video, People also ask, Top stories, Related searches"
online tv schauen kostenlos,Commercial,35,170,47,0.89,"Sitelinks, Reviews, Video, People also ask, Related searches"
rtl l,"Navigational, Transactional",35,170,87,0.61,"Sitelinks, Reviews, Video, People also ask, Related searches"
tv online kostenlos schauen,Commercial,35,170,50,0.89,"Reviews, Video, People also ask, Related searches, Ads bottom"
tv schauen gratis,Commercial,35,170,38,0.46,"Reviews, Video, People also ask, Related searches"
c netflix,"Navigational, Transactional",35,140,45,0.00,"Reviews, Image, Video, People also ask, Related searches"
download kodi on windows,"Informational, Transactional",35,140,44,0.00,"Reviews, Video, People also ask"
downloader app download,"Informational, Transactional",35,140,44,0.00,"Reviews, Video, People also ask, Related searches"
fernseh gucken internet,"Informational, Commercial",35,140,35,1.36,"AI Overview, Reviews, Video, Video carousel, People also ask, Related searches, Ads bottom, Ads middle"
kodi repos,Commercial,35,140,20,0.00,"Reviews, Video, People also ask"
kostenlos fernsehen streamen,Commercial,35,140,55,0.90,"Reviews, Video, Video carousel, People also ask, Knowledge panel, Related searches, Ads middle"
netflix login qr code,"Informational, Transactional",35,140,65,0.00,"Video, Video carousel, People also ask, Related searches"
online kostenlos tv schauen,Commercial,35,140,50,0.89,"Reviews, Video, People also ask, Related searches, Ads bottom"
pro 7 live stream kostenlos ohne anmeldung,Transactional,35,140,33,0.34,"Reviews, Video, People also ask, Related searches"
prosieben live schauen,Commercial,35,140,49,0.47,"Reviews, Video, People also ask, Related searches"
rtl kostenlose,"Navigational, Transactional",35,140,58,0.89,"Reviews, Video, People also ask, Related searches"
www rtl plus,"Navigational, Transactional",35,140,65,0.57,"Sitelinks, Reviews, Video, Video carousel, People also ask, Related searches"
fernseh internet,"Informational, Commercial",35,110,40,1.27,"AI Overview, Reviews, Video, People also ask, Related searches, Ads top, Ads bottom"
free tv stream online,Commercial,35,110,51,1.69,"Sitelinks, Reviews, Video, People also ask, Related searches"
kostenlos hd fernsehen,Commercial,35,110,19,0.89,"AI Overview, Reviews, Video, People also ask, Related searches, Ads top, Ads bottom"
rtl im fernsehen,"Informational, Commercial",35,110,43,0.80,"Sitelinks, Video, People also ask, Top stories, Related searches"
rtl livestream fussball,"Navigational, Transactional",35,110,36,0.97,"Reviews, Video, People also ask, Related searches"
rtl+ kaufen,Transactional,35,110,31,1.19,"Reviews, Video, People also ask, Related searches, Popular products, Ads top, Ads bottom"
sat 1 free stream,Commercial,35,110,27,0.53,"Reviews, Video, Related searches"
sat1 live stream kostenlos ohne anmeldung anschauen,"Navigational, Transactional",35,110,39,0.00,"Reviews, Video, People also ask, Related searches"
best kodi plugins,Commercial,35,90,38,0.00,"Sitelinks, Reviews, Video, Video carousel"
fernseh stream kostenlos,Commercial,35,90,49,0.84,"Video, People also ask, Knowledge panel, Related searches"
fernsehanbieter vergleich,Commercial,35,90,34,1.14,"Sitelinks, AI Overview, Reviews, Video, People also ask, Related searches"
fernsehen tv live,Commercial,35,90,68,0.72,"Reviews, Video, Related searches"
fernsehprogramm kostenlos streamen,Commercial,35,90,50,0.83,"Sitelinks, Reviews, Video, People also ask, Related searches"
kodi best add on,Commercial,35,90,31,0.00,"Sitelinks, Reviews, Video"
kodi movies,Commercial,35,90,56,0.00,"Sitelinks, Reviews, Video, People also ask"
netflix google play,"Navigational, Transactional",35,90,42,0.00,"Sitelinks, AI Overview, Reviews, People also ask, Related searches"
netflix on the app store,"Informational, Transactional",35,90,68,0.00,"Reviews, People also ask, Related searches"
online fernsehen gratis,Commercial,35,90,44,0.89,"Reviews, Video, People also ask, Related searches"
online gratis fernsehen,Commercial,35,90,40,1.37,"Reviews, Video, People also ask, Related searches"
recommended kodi addons,Commercial,35,90,37,0.00,"Sitelinks, Reviews, Video, Video carousel, People also ask"
rtl de stream live,"Navigational, Transactional",35,90,83,0.71,"Reviews, Video, People also ask, Related searches"
rtl mediathek livestream,"Navigational, Transactional",35,90,44,0.00,
rtl stream ohne anmeldung,"Navigational, Transactional",35,90,42,1.31,"AI Overview, Reviews, Video, People also ask, Related searches"
top rated kodi addons,Commercial,35,90,36,0.00,"Sitelinks, Reviews, Video, Video carousel"
download on netflix,"Informational, Transactional",35,70,48,0.18,"AI Overview, Reviews, Video, Video carousel, People also ask, Related searches"
free tv online streaming,Commercial,35,70,50,1.69,"AI Overview, Reviews, Video, Related searches"
gratis online fernsehen,Commercial,35,70,34,0.89,"AI Overview, Reviews, Video, People also ask, Related searches, Ads middle"
kostenlos internet fernsehen ohne anmeldung,Transactional,35,70,30,0.00,"Reviews, Video, People also ask, Related searches"
online deutsche fernsehen,Commercial,35,70,37,0.60,"Reviews, Video, People also ask, Related searches"
online deutsches fernsehen,Commercial,35,70,42,1.56,"Reviews, Video, People also ask, Related searches, Ads top, Ads middle"
videos wiedergeben,Commercial,35,70,54,0.17,"AI Overview, Reviews, Video, People also ask, Related searches"
rtl live,"Navigational, Transactional",34,450000,64,0.47,"Reviews, Video, People also ask, Related searches"
rtl sendung verpasst,Transactional,34,4400,54,0.27,"Reviews, Video, People also ask, Related searches, Ads bottom"
sendung verpasst rtl,Transactional,34,4400,51,0.27,"Video, People also ask, Related searches"
tv online gratis,Commercial,34,4400,63,0.70,"AI Overview, Reviews, Video, People also ask, Related searches"
rtl login,"Navigational, Transactional",34,2900,41,0.30,"Video, People also ask, Related searches"
kostenlos fernsehen schauen,Commercial,34,1900,37,0.52,"Reviews, Video, People also ask, Related searches, Ads bottom"
rtl plus pakete,"Informational, Transactional",34,1900,47,2.10,"AI Overview, Reviews, Video, People also ask, Related searches, Ads top, Ads bottom"
fernsehen kostenlos schauen,Commercial,34,1600,46,0.52,"AI Overview, Reviews, Video, People also ask, Related searches"
2x2 rtl,"Navigational, Transactional",34,1300,70,0.84,"Sitelinks, Video, Related searches"
free tv rtl,"Navigational, Transactional",34,1300,72,0.65,"Sitelinks, Reviews, Video, People also ask, Top stories, Related searches"
kostenlos fernseh schauen,Commercial,34,1300,49,0.57,"AI Overview, Reviews, Image, Video, People also ask, Related searches"
rtl live ohne anmelden,"Navigational, Transactional",34,1300,39,1.03,"Reviews, Video, People also ask, Related searches"
tv rtl,"Informational, Commercial",34,1300,62,0.58,"Reviews, Video, Video carousel, People also ask, Top stories, Related searches"
2ix2 vox,"Navigational, Transactional",34,1000,28,1.16,"Sitelinks, Reviews, Video, People also ask, Related searches"
apple tvos,"Informational, Transactional",34,1000,44,0.61,"Sitelinks, Reviews, Video, Video carousel, People also ask, Knowledge panel, Related searches"
fernsehen gucken kostenlos,Commercial,34,1000,49,0.75,"Reviews, Video, People also ask, Knowledge panel, Related searches"
nitro livestream ohne anmeldung,"Navigational, Transactional",34,1000,24,0.00,"Video, People also ask, Related searches"
tvonline ro,Commercial,34,880,63,0.83,"Reviews, Video, Related searches"
kodi repository,Commercial,34,720,44,0.00,"Reviews, Video"
rtl plus paket,"Navigational, Transactional",34,720,51,1.99,"AI Overview, Reviews, Video, People also ask, Related searches"
tv kostenlos ohne anmeldung,"Navigational, Transactional",34,720,33,0.49,
tv programm live,"Informational, Transactional",34,720,79,0.75,"Reviews, Video, Related searches"
fernsehen umsonst,Commercial,34,590,57,0.75,"AI Overview, Reviews, Video, People also ask, Related searches"
fernsehn kostenlos schauen,Commercial,34,590,37,0.65,"Video, People also ask, Related searches, Ads top, Ads middle"
mein rtl,"Navigational, Transactional",34,590,73,0.40,"Reviews, Video, People also ask, Related searches, Ads top, Ads middle"
repos kodi,Commercial,34,590,38,0.00,"AI Overview, Reviews, Video, People also ask"
tv germany,"Informational, Commercial",34,590,79,0.70,"Reviews, Video, People also ask, Top stories, Related searches, Ads top, Ads bottom"
umsonst fernsehen,Commercial,34,590,43,0.75,"AI Overview, Reviews, Video, People also ask, Related searches"
rtl 2 live stream joyn,"Navigational, Transactional",34,480,56,0.69,"Reviews, Video, People also ask, Related searches"
sendung rtl verpasst,Transactional,34,480,47,0.27,"Reviews, Video, People also ask, Related searches"
trl live,"Navigational, Transactional",34,480,64,0.47,"Reviews, Video, People also ask, Related searches"
fernsehen kostenlos ohne anmeldung,"Navigational, Transactional",34,390,42,0.69,"Reviews, Video, People also ask, Related searches"
was kostet rtl +,"Informational, Commercial",34,390,45,0.99,"AI Overview, Reviews, Video, People also ask, Related searches, Ads top, Ads middle"
2ix2 rtl live,"Navigational, Transactional",34,320,24,0.00,"Sitelinks, Reviews, Video, People also ask, Related searches"
fernsehn kostenlos anschauen,Commercial,34,320,49,0.67,"Video, Related searches, Ads top, Ads middle"
kostenlos fernseh gucken,Commercial,34,320,39,0.72,"AI Overview, Reviews, Video, People also ask, Related searches"
live tv ohne anmeldung,"Navigational, Transactional",34,320,45,1.00,"Sitelinks, Video, People also ask, Related searches"
musik player windows,"Informational, Commercial",34,320,26,0.55,"AI Overview, Reviews, Video, People also ask, Knowledge panel, Related searches"
program tv online live,Commercial,34,320,62,1.42,"Video, Related searches"
rtl plus heute,"Navigational, Transactional",34,320,59,0.23,"Sitelinks, Reviews, Video, People also ask, Related searches"
rtl programm gestern anschauen,"Informational, Transactional",34,320,38,0.46,"Reviews, Video, People also ask, Related searches"
music player windows,Commercial,34,260,30,0.47,"Sitelinks, Video, Video carousel, People also ask"
rtl live stream 2ix2,"Navigational, Transactional",34,260,14,0.00,"Sitelinks, Reviews, Video, Related searches"
rtl site,"Navigational, Transactional",34,260,87,1.58,"Sitelinks, Video, People also ask, Related searches"
rtl super live stream kostenlos,Commercial,34,260,36,0.00,"Reviews, Video, People also ask, Related searches"
zattoo kostenlos rtl,"Informational, Transactional",34,260,50,0.73,"Reviews, Video, People also ask, Related searches"
kostenlose livestream,Commercial,34,210,69,1.68,"Reviews, Video, People also ask, Top stories, Related searches"
mein netflix konto,"Navigational, Transactional",34,210,62,0.00,"People also ask, Related searches"
mein rtl plus,"Navigational, Transactional",34,210,42,1.64,"Reviews, Video, People also ask, Related searches"
flac player software,"Informational, Commercial",34,170,18,0.16,"Reviews, Video, People also ask, Related searches"
free fernsehen,Commercial,34,170,38,0.94,"AI Overview, Reviews, Video, People also ask, Top stories, Related searches"
free tv show stream online,Commercial,34,170,66,0.00,"Sitelinks, Video, People also ask, Related searches"
mp3 player windows,Commercial,34,170,29,0.43,"Reviews, Video, People also ask, Related searches"
netflix sound,"Informational, Transactional",34,170,33,0.00,"Video, Video carousel, Short videos, People also ask, Related searches"
netflix your account,"Navigational, Transactional",34,170,69,0.00,"AI Overview, Video, People also ask, Related searches"
tv live ohne anmeldung,"Navigational, Transactional",34,170,48,0.00,"Sitelinks, Reviews, Video, People also ask, Related searches"
tv streaming kostenlos ohne anmeldung,"Navigational, Transactional",34,170,56,0.00,"Sitelinks, AI Overview, Reviews, Video, People also ask, Related searches"
umwandlung dvd in mp4,"Informational, Commercial",34,170,17,0.55,"Sitelinks, AI Overview, Reviews, Video, People also ask, Related searches, Ads bottom, Ads middle"
download aftvnews,"Informational, Transactional",34,140,53,0.00,"AI Overview, Reviews, Related searches"
fernseh gucken online,Commercial,34,140,47,2.02,"Sitelinks, Reviews, Video, People also ask, Related searches"
fernsehen free,Commercial,34,140,62,1.39,"AI Overview, Reviews, Video, People also ask, Top stories, Related searches"
kostenlos stream,Commercial,34,140,56,0.87,"Reviews, Image, Video, People also ask, Top stories, Related searches"
live tv.com,Commercial,34,140,65,1.26,"Reviews, Video, People also ask"
music player for windows,Commercial,34,140,33,0.55,"AI Overview, Reviews, Video, Video carousel, People also ask, Related searches, Ads middle"
programm rtlplus,Commercial,34,140,46,0.33,"Reviews, People also ask, Related searches, Ads top, Ads bottom"
tv live kostenlos ohne anmeldung,"Navigational, Transactional",34,140,37,0.00,"Video, People also ask, Related searches"
app fernsehprogramm kostenlos,"Informational, Commercial",34,110,41,0.53,"AI Overview, Reviews, Video, People also ask, Related searches"
kostenlos anschauen,Commercial,34,110,56,0.41,"AI Overview, Reviews, Video, People also ask, Related searches"
kostenlos fernseh schauen online,Commercial,34,110,52,0.77,"AI Overview, Reviews, Video, Related searches, Ads middle"
kostenlos fernsehen online schauen,Commercial,34,110,43,0.77,"Sitelinks, Reviews, Video, People also ask, Related searches"
netflix registration,"Navigational, Transactional",34,110,58,2.08,"Video, People also ask, Related searches"
online fernsehen schauen kostenlos,Commercial,34,110,52,0.77,"AI Overview, Reviews, Video, People also ask, Related searches, Ads top, Ads bottom"
sat 1 stream kostenlos ohne anmeldung,"Navigational, Transactional",34,110,32,0.55,"Reviews, Video, People also ask, Related searches"
stream kostenlos deutsch,Commercial,34,110,49,0.00,"Reviews, Video, Related searches"
tv online ohne anmeldung,"Navigational, Transactional",34,110,41,0.00,"Sitelinks, Reviews, Video, People also ask, Related searches"
anmeldung fernsehen,Transactional,34,90,61,2.48,"AI Overview, Reviews, Video, People also ask, Related searches"
apple quick time,"Informational, Transactional",34,90,43,1.95,"AI Overview, Reviews, People also ask, Related searches"
fernseh schauen gratis,Commercial,34,90,44,0.85,"AI Overview, Reviews, Video, People also ask, Related searches"
fernsehen kostenfrei,Commercial,34,90,59,0.65,"Reviews, Video, People also ask, Knowledge panel, Related searches, Ads bottom"
fernsehen online kostenlos schauen,Commercial,34,90,47,0.85,"Reviews, Video, People also ask, Related searches"
kostenfrei fernsehen,Commercial,34,90,51,0.55,"AI Overview, Reviews, Video, People also ask, Related searches"
kostenlos online fernsehen schauen,Commercial,34,90,58,0.77,"Sitelinks, Reviews, Video, People also ask, Related searches, Ads top, Ads bottom"
rtl kostenlos streamen ohne anmeldung,Transactional,34,90,45,0.00,"AI Overview, Reviews, Video, People also ask, Related searches"
rtl wiederholung,"Informational, Transactional",34,90,51,0.52,"Video, People also ask, Related searches"
sat 1 live ohne anmelden,"Navigational, Transactional",34,90,31,0.41,"Reviews, Video, Related searches"
tv umsonst schauen,Commercial,34,90,50,1.04,"Reviews, Video, People also ask, Related searches"
best audio player for windows,Commercial,34,70,24,0.00,"Sitelinks, AI Overview, Reviews, Video, Video carousel, People also ask, Related searches"
fernseh online schauen kostenlos,Commercial,34,70,51,0.85,"Reviews, Image, Video, People also ask, Related searches, Ads bottom"
gratis fernseh schauen,Commercial,34,70,35,0.62,"Reviews, Video, People also ask, Related searches"
hevc in mp4,"Informational, Commercial",34,70,20,0.39,"Sitelinks, Reviews, Video, Video carousel, People also ask, Ads bottom"
kostenlos im internet fernsehen ohne anmeldung,Transactional,34,70,37,0.00,"AI Overview, Reviews, Video, People also ask, Related searches, Ads bottom"
musik player für windows,Commercial,34,70,26,0.41,"Reviews, Video, People also ask, Related searches"
prosieben live ohne anmelden,"Navigational, Transactional",34,70,34,0.37,"Reviews, Video, People also ask, Related searches"
rtl m,"Navigational, Transactional",34,70,78,0.55,"Reviews, Video, People also ask, Related searches, Ads top, Ads bottom"
sat live stream,Commercial,34,70,35,0.51,"Reviews, Video, Related searches, Ads bottom"
rtl live stream kostenlos ohne anmeldung,Transactional,33,22200,48,1.14,"AI Overview, Reviews, Video, Related searches"
rtl live stream kostenlos ohne anmeldung 2ix2,"Navigational, Transactional",33,1900,37,0.00,"Reviews, Video, People also ask, Related searches"
rtl live kostenlos ohne anmeldung,"Navigational, Transactional",33,1600,42,1.18,"Video, People also ask, Related searches"
rtl ohne anmeldung,"Navigational, Transactional",33,1600,37,1.27,"Reviews, Video, People also ask, Related searches"
verpasste sendung rtl,"Informational, Transactional",33,1600,50,0.27,"Video, People also ask, Related searches"
kostenlos online fernsehen,Commercial,33,1300,52,0.81,"Reviews, Video, People also ask, Knowledge panel, Related searches"
rtl 2 live stream kostenlos ohne anmeldung,"Navigational, Transactional",33,1300,26,0.65,"Reviews, Video, People also ask, Related searches"
streamcloud deutsch,"Informational, Transactional",33,1300,27,0.85,"Reviews, People also ask"
fernsehen im internet kostenlos ohne anmeldung deutsch,"Navigational, Transactional",33,1000,36,0.37,"Reviews, Video, People also ask, Related searches"
netflix com tv2,"Navigational, Transactional",33,1000,55,1.31,"Sitelinks, Video, People also ask, Related searches"
rtl de live,"Navigational, Transactional",33,1000,58,0.81,"Reviews, Video, People also ask, Top stories, Related searches"
rtl plus live programm,"Navigational, Transactional",33,1000,59,0.33,"Sitelinks, Reviews, Video, People also ask, Related searches"
rtl verpasste sendung,Transactional,33,1000,51,0.32,"Video, People also ask, Related searches"
rtl online élő adás ingyen,Commercial,33,880,40,1.06,"Reviews, Video, Related searches"
rtl up kostenlos ohne anmeldung,"Navigational, Transactional",33,880,31,0.00,"Reviews, People also ask, Related searches"
fernseh online,Commercial,33,720,73,1.86,"Reviews, Video, Related searches"
kostenlos online tv schauen ohne anmeldung,"Navigational, Transactional",33,720,50,0.36,"Sitelinks, AI Overview, Reviews, Video, People also ask, Related searches"
rtlup kostenlos,Commercial,33,720,45,0.74,"Sitelinks, AI Overview, Reviews, Video, People also ask, Related searches"
rtl livestream kostenlos ohne anmeldung,"Navigational, Transactional",33,590,46,1.20,"AI Overview, Reviews, Video, Related searches"
fernseh live,Commercial,33,480,85,0.54,"Reviews, Video, Top stories, Related searches"
live canal tv,"Informational, Transactional",33,480,36,0.00,"Reviews, Video, People also ask, Related searches"
rtl plus preis,Transactional,33,480,50,0.70,"AI Overview, Reviews, Video, People also ask, Related searches, Ads bottom, Ads middle"
www rtl now de,"Navigational, Transactional",33,480,70,0.04,"Sitelinks, Reviews, Video, People also ask, Related searches"
rtl 2ix2,"Navigational, Transactional",33,390,22,0.00,"Sitelinks, Reviews, People also ask, Related searches"
rtl aktuell heute 18 45 uhr verpasst,"Informational, Transactional",33,390,40,0.00,"Video, People also ask, Related searches"
rtl mediatek,"Informational, Transactional",33,390,52,0.14,"Reviews, Video, People also ask, Related searches"
tv rtl jetzt,Commercial,33,390,51,0.52,"Video, People also ask, Related searches"
tv stream kostenlos ohne anmeldung,"Navigational, Transactional",33,390,54,0.00,"Sitelinks, Reviews, Video, People also ask, Related searches"
app fernsehprogramm,"Informational, Commercial",33,320,45,0.77,"Reviews, Video, People also ask, Related searches, Ads bottom"
freies fernsehen,Commercial,33,320,44,0.53,"Reviews, Video, People also ask, Related searches, Ads top, Ads bottom"
m3u playlist github,"Navigational, Transactional",33,320,54,0.78,"People also ask, Related searches"
rtl jetzt im tv,Commercial,33,320,44,0.00,"Video, People also ask, Related searches"
rtl mediathek heute,Transactional,33,320,71,0.13,"People also ask, Related searches"
streamcloud.cx,"Informational, Commercial",33,320,23,0.00,"Reviews, Video"
top box,"Informational, Commercial",33,320,13,0.00,"Reviews, Video, People also ask, Related searches, Popular products"
german television online,"Informational, Transactional",33,260,43,0.64,"Reviews, Video, People also ask, Related searches, Ads top, Ads bottom"
kostenlos fernseh ohne anmeldung,Transactional,33,260,36,0.52,"Reviews, Video, People also ask, Related searches, Ads bottom"
kostenlos tv schauen ohne anmeldung,"Navigational, Transactional",33,260,49,0.33,"Sitelinks, Reviews, Video, Related searches"
kostenlos und ohne anmeldung fernsehen,Transactional,33,260,40,0.76,"AI Overview, Reviews, Video, Related searches"
live stream rtl aktuell,"Navigational, Transactional",33,260,58,0.56,"Reviews, Video, People also ask, Related searches"
mediathek rtl heute,"Informational, Transactional",33,260,72,0.15,"Video, People also ask, Related searches"
movie on kodi,"Informational, Commercial",33,260,43,0.00,"Sitelinks, AI Overview, Reviews, Video, Video carousel, People also ask"
rtl nord livestream,"Navigational, Transactional",33,260,38,0.92,"Video, People also ask, Related searches"
xstreams,Transactional,33,260,56,1.18,People also ask
fernsehen frei,Commercial,33,210,47,0.53,"Sitelinks, Reviews, Video, People also ask, Knowledge panel, Related searches, Ads bottom"
fernsehen über internet kostenlos ohne anmeldung,"Informational, Transactional",33,210,31,0.29,"AI Overview, Reviews, Video, People also ask, Related searches, Ads bottom, Ads middle"
kostenlos super rtl,Commercial,33,210,21,0.00,"Reviews, Video, People also ask, Related searches"
kostenlos tv streamen ohne anmeldung,"Navigational, Transactional",33,210,50,0.00,"Sitelinks, AI Overview, Reviews, Video, People also ask, Related searches"
rtl aktuell now,"Navigational, Transactional",33,210,61,0.00,"Reviews, Video, Related searches"
rtl mediathek aktuell,"Informational, Transactional",33,210,50,0.00,"Reviews, Video, People also ask, Related searches"
umsonst fernsehn,Commercial,33,210,42,0.75,"AI Overview, Reviews, Video, People also ask, Related searches, Ads top, Ads middle"
www rtl de now,"Navigational, Transactional",33,210,76,0.04,"Reviews, Video, Related searches, Ads top"
netflix prihlasenie,"Navigational, Transactional",33,170,62,0.00,Related searches
rtl gestern sendung verpasst,"Informational, Transactional",33,170,58,0.22,"Video, People also ask, Related searches"
rtl kostenlos und ohne anmeldung,"Navigational, Transactional",33,170,29,0.00,"AI Overview, Reviews, Image, Video, People also ask, Related searches"
tv streamen kostenlos ohne anmeldung,"Navigational, Transactional",33,170,47,0.00,"Sitelinks, Reviews, Video, Related searches"
www mediathek de rtl,"Navigational, Transactional",33,170,57,0.15,"Reviews, Video, People also ask"
best kodi addons,Commercial,33,140,37,0.00,"Sitelinks, Reviews, Video, Video carousel, People also ask"
netflix cont,"Navigational, Transactional",33,140,74,0.00,"AI Overview, Reviews, Video, People also ask, Related searches"
rtl plus live stream kostenlos ohne anmeldung,Transactional,33,140,54,0.00,"AI Overview, Reviews, Video, People also ask, Related searches"
rtl2 kostenlos ohne anmeldung,"Navigational, Transactional",33,140,28,0.00,"Reviews, Video, People also ask, Related searches"
www rtl de mediathek,"Navigational, Transactional",33,140,71,0.15,"Reviews, Video, People also ask, Related searches"
computer software mp3 player,"Informational, Commercial",33,110,21,0.00,"AI Overview, Reviews, Video, People also ask, Related searches"
fernsehen umsonst schauen,Commercial,33,110,35,0.50,"AI Overview, Reviews, Video, People also ask, Related searches"
kodi wiki,"Informational, Transactional",33,110,35,0.00,"Sitelinks, Reviews, People also ask"
mp3 player computer software,"Informational, Commercial",33,110,24,0.00,"AI Overview, Reviews, Video, People also ask, Related searches"
rtl live kostenlos und ohne anmeldung,"Navigational, Transactional",33,110,27,0.00,"AI Overview, Reviews, Video, People also ask, Related searches"
rtl live stream kostenlos & ohne anmeldung,"Navigational, Transactional",33,110,41,0.00,"Reviews, Video, People also ask, Related searches"
rtl tv live stream kostenlos ohne anmeldung,"Navigational, Transactional",33,110,40,0.00,"Reviews, Video, People also ask, Related searches"
streamen kostenlos ohne anmeldung,"Navigational, Transactional",33,110,39,0.17,"Sitelinks, Video, People also ask, Related searches"
free fernsehn,Commercial,33,90,50,0.94,"AI Overview, Reviews, Video, People also ask, Related searches"
index m3u,Commercial,33,90,20,0.00,"AI Overview, Video, Video carousel, People also ask, Related searches"
kodi addon sport,Commercial,33,90,12,0.00,"Sitelinks, Reviews, Video"
musik player windows 11,"Informational, Commercial",33,90,25,0.54,"AI Overview, Reviews, Video, People also ask, Related searches"
rtl media,"Navigational, Transactional",33,90,70,0.14,"Sitelinks, Reviews, Video, People also ask, Related searches"
rtl punkt 12 live,"Navigational, Transactional",33,90,34,0.00,"Sitelinks, Video, People also ask, Related searches"
sendung verpasst rtl2 now,"Informational, Transactional",33,90,45,0.00,"Reviews, People also ask, Related searches"
tv watch,"Informational, Transactional",33,90,39,0.62,"Reviews, Image, Image pack, Video, Video carousel, People also ask, Related searches, Popular products"
best music player for windows,Commercial,33,70,24,0.00,"Sitelinks, AI Overview, Reviews, Video, Video carousel, People also ask, Related searches"
fernsehen im internet ohne anmeldung kostenlos,Transactional,33,70,40,0.00,"AI Overview, Reviews, Video, People also ask, Related searches"
free watch online tv,Commercial,33,70,90,0.63,"Reviews, Video, People also ask, Related searches"
hd karte für kabelfernsehen vodafone,Transactional,33,70,30,0.00,"Reviews, People also ask, Related searches"
kostenlos fernsehen im internet ohne anmeldung,"Navigational, Transactional",33,70,32,0.00,"AI Overview, Reviews, Video, People also ask, Related searches"
kostenlos fernsehen ohne anmeldung internet,"Navigational, Transactional",33,70,32,0.00,"AI Overview, Reviews, Video, People also ask, Related searches"
rtl live fußball,"Navigational, Transactional",32,18100,53,0.64,"Reviews, Video, People also ask, Related searches"
rtl program,"Informational, Transactional",32,8100,74,0.60,"Video, People also ask, Related searches"
2ix2 rtl,"Navigational, Transactional",32,4400,46,0.67,Related searches
rtl aktuell live,"Informational, Transactional",32,3600,58,0.51,"Reviews, Video, People also ask, Top stories, Related searches"
rtl plus programm,Commercial,32,2900,50,0.11,"AI Overview, Reviews, Video, People also ask, Related searches"
rtl tv program,"Informational, Transactional",32,2400,59,0.60,"Video, People also ask, Related searches"
rtl live fussball,"Informational, Transactional",32,1900,51,0.78,"Video, People also ask, Related searches"
fernsehen rtl,Commercial,32,1600,63,0.49,"Video, People also ask, Top stories, Related searches"
rtl tv heute,Commercial,32,1600,36,0.55,"Video, People also ask, Related searches"
fe tv,"Informational, Transactional",32,1300,47,0.67,"AI Overview, Reviews, People also ask, Knowledge panel, Related searches"
programm rtl plus,"Informational, Transactional",32,1300,64,0.06,"Reviews, People also ask, Related searches"
rtl live fußball ohne anmeldung,"Navigational, Transactional",32,1000,49,0.00,"Reviews, Video, Related searches"
rtl programm heute live,"Informational, Transactional",32,1000,47,0.49,"Sitelinks, Reviews, Video, People also ask, Related searches"
streamcloud.movie,Commercial,32,1000,34,0.00,"Reviews, Video"
netflix com,"Navigational, Transactional",32,880,79,1.47,"Reviews, People also ask, Related searches"
rtl plus jahresabo,"Informational, Transactional",32,880,44,1.81,"AI Overview, Reviews, Image, Video, People also ask, Related searches"
rtl tv germany,"Navigational, Transactional",32,880,76,0.44,"Sitelinks, AI Overview, Reviews, Video, People also ask, Related searches"
rtl live stream formel 1 kostenlos,"Navigational, Transactional",32,720,29,0.00,"Sitelinks, Reviews, Video, People also ask, Related searches"
apps on kodi,Commercial,32,590,42,0.00,"AI Overview, Reviews, Video, People also ask"
rtl fernsehen heute,"Navigational, Commercial",32,590,50,0.46,"Sitelinks, Video, People also ask, Related searches"
directe rtl,"Navigational, Transactional",32,480,71,0.01,"Sitelinks, Reviews, Video, People also ask, Related searches, Ads bottom"
netflix sign in,"Navigational, Transactional",32,480,74,0.00,"People also ask, Related searches"
sendungen rtl,"Informational, Transactional",32,480,52,0.97,"Reviews, Video, Video carousel, People also ask, Top stories, Related searches"
best android tv box,Commercial,32,390,32,0.33,"Sitelinks, Video, People also ask, Related searches, Popular products"
h 264 avc vs h 265 hevc,"Informational, Commercial",32,390,21,0.27,"Sitelinks, AI Overview, Reviews, Video, Video carousel, People also ask, Related searches, Ads bottom"
recommended android tv box,"Informational, Commercial",32,390,27,0.33,"Sitelinks, Reviews, Video, Video carousel, People also ask, Related searches, Popular products"
rtl-aktuell online ansehen,"Informational, Transactional",32,390,41,0.00,"Reviews, Video, People also ask, Knowledge panel, Related searches"
tvzafree,Commercial,32,390,58,0.00,"Reviews, Video, Video carousel, People also ask, Related searches"
live stream kostenlos ohne anmeldung,"Navigational, Transactional",32,320,59,0.41,"Sitelinks, Reviews, Video, Related searches"
rtl plus.com/buchen,"Navigational, Transactional",32,320,42,1.42,"Reviews, Video, People also ask, Ads top, Ads middle"
rtlplus.com/buchen,"Navigational, Transactional",32,320,36,1.90,"Reviews, Video, People also ask, Ads top, Ads bottom"
amazon downloader,"Informational, Commercial",32,260,34,0.17,"AI Overview, Reviews, People also ask, Related searches"
kostenlos ohne anmeldung fernsehen,"Navigational, Transactional",32,260,34,0.69,"Reviews, Video, People also ask, Related searches"
rtl p,"Navigational, Transactional",32,260,62,0.22,"Sitelinks, Reviews, Video, Related searches"
2ix2 pro7,"Navigational, Transactional",32,210,38,0.00,"Sitelinks, Reviews, Video, People also ask, Related searches"
h 264 vs hevc,"Informational, Commercial",32,210,20,0.27,"AI Overview, Reviews, Video, Video carousel, People also ask, Related searches, Ads bottom"
livestream kostenlos ohne anmeldung,"Navigational, Transactional",32,210,37,0.48,"Sitelinks, Reviews, Video, Related searches"
rtl de programme,"Navigational, Transactional",32,210,71,0.00,"Sitelinks, Reviews, Video, People also ask, Related searches"
rtl fernseh,Commercial,32,210,58,0.49,"Reviews, Video, People also ask, Related searches"
rtl von gestern,"Informational, Transactional",32,210,37,0.79,"Video, People also ask, Related searches"
super rtl live stream kostenlos ohne anmeldung,"Navigational, Transactional",32,210,28,0.00,"Reviews, Video, People also ask, Related searches"
kodi movie online,"Informational, Transactional",32,170,40,0.00,"Reviews, Video, Video carousel"
kostenlos fernsehen online ohne anmeldung,"Navigational, Transactional",32,170,55,0.00,"AI Overview, Reviews, Video, People also ask, Related searches, Ads bottom"
kostenlos fernsehen schauen ohne anmeldung,"Navigational, Transactional",32,170,40,0.00,"Sitelinks, Reviews, Video, People also ask, Related searches"
live stream ohne anmeldung,"Navigational, Transactional",32,170,40,0.36,"Sitelinks, Reviews, Video, Related searches"
mp3 reader free download,Commercial,32,170,31,0.32,"Reviews, Related searches"
online fernsehen kostenlos ohne anmeldung,"Navigational, Transactional",32,170,59,0.00,"Sitelinks, Reviews, Video, Related searches, Ads bottom"
online kostenlos fernsehen ohne anmeldung,"Navigational, Transactional",32,170,44,0.00,"AI Overview, Reviews, Video, People also ask, Related searches"
rtl de programma,"Navigational, Transactional",32,170,72,0.70,"Sitelinks, Video, People also ask, Related searches"
rtl livestream formel 1,Transactional,32,170,38,0.00,"Reviews, Video, Video carousel, People also ask, Related searches"
deutsche kanäle live,Commercial,32,140,34,1.03,"Reviews, Video, Related searches, Ads bottom"
fernsehen online kostenlos ohne anmeldung,"Navigational, Transactional",32,140,39,0.00,"Sitelinks, Reviews, Video, Related searches"
kodi sport addon,Commercial,32,140,19,0.00,"Sitelinks, Reviews, Video, People also ask"
online stream kostenlos,Commercial,32,140,52,0.00,"Reviews, Video, People also ask, Top stories, Related searches"
programme rtl tv,Commercial,32,140,40,0.00,"Video, People also ask, Related searches"
rtl com,"Navigational, Transactional",32,140,70,1.27,"Sitelinks, Reviews, Video, People also ask, Related searches"
rtl germany live,Transactional,32,140,75,0.50,"Reviews, Video, Video carousel, People also ask, Related searches, Ads bottom"
rtl hr live stream,Transactional,32,140,35,0.99,"Reviews, Video, People also ask, Related searches"
rtl von gestern abend,Transactional,32,140,38,0.71,"Video, People also ask"
sat 1 live stream kostenlos ohne anmeldung 2ix2,"Navigational, Transactional",32,140,45,0.00,"Sitelinks, Reviews, Video, Related searches"
german netflix,"Navigational, Transactional",32,110,52,1.63,"Reviews, Video, People also ask, Related searches"
kodi addons for adults,Commercial,32,110,30,0.00,"Sitelinks, Reviews, People also ask"
kodi addons for sport,Commercial,32,110,21,0.00,"Reviews, Video, Video carousel, People also ask"
kodi wikipedia,"Navigational, Transactional",32,110,51,0.00,"Sitelinks, AI Overview, Video, People also ask"
livestream ohne anmeldung,"Navigational, Transactional",32,110,46,0.35,"Sitelinks, Reviews, Video, Related searches"
mon compte netflix,"Navigational, Transactional",32,110,68,0.00,"People also ask, Related searches"
netflix registrati,"Navigational, Transactional",32,110,58,2.08,"Video, People also ask, Related searches"
rtl 1,Transactional,32,110,72,0.52,"Reviews, Video, People also ask, Related searches"
rtl live sendung heute,"Informational, Transactional",32,110,65,0.00,"Reviews, Video, People also ask, Related searches, Ads bottom"
rtl sendung,"Informational, Commercial",32,110,62,0.99,"Video, Video carousel, People also ask, Top stories, Related searches"
super rtl livestream kostenlos ohne anmeldung,"Navigational, Transactional",32,110,28,0.00,"Reviews, Video, People also ask"
ıptv test,"Informational, Commercial",32,110,10,0.89,"Sitelinks, Video, Related searches"
rtl live ticker,"Navigational, Transactional",32,90,62,0.00,"Reviews, Video, People also ask, Top stories, Related searches"
best music players windows,Commercial,32,70,30,0.00,"Sitelinks, AI Overview, Reviews, Video, Video carousel, People also ask, Related searches"
deutsche fernsehen kostenlos ohne anmeldung,"Navigational, Transactional",32,70,50,0.00,"Sitelinks, AI Overview, Reviews, Video, People also ask, Related searches"
kodi best addons,Commercial,32,70,25,0.00,"Sitelinks, Reviews, Video"
rtl fußball live,"Informational, Transactional",31,2400,48,0.64,"Reviews, Video, People also ask, Related searches"
netflix-com,"Informational, Transactional",31,1600,83,1.20,"Reviews, People also ask, Related searches"
rtl germany,"Navigational, Transactional",31,1300,90,0.44,"Sitelinks, Reviews, Video, People also ask, Related searches"
rtl life,"Navigational, Transactional",31,1300,34,0.47,"Sitelinks, Reviews, Video, People also ask, Related searches"
vox live stream joyn,"Navigational, Transactional",31,1300,61,0.69,"AI Overview, Reviews, Video, People also ask, Related searches"
fußball rtl live,"Informational, Transactional",31,1000,42,0.64,"Reviews, Video, Related searches"
rtl de aktuell,"Navigational, Transactional",31,1000,57,0.51,"Sitelinks, Reviews, Video, Video carousel, People also ask, Related searches"
nitro live stream ohne anmeldung,"Navigational, Transactional",31,880,27,0.00,"Reviews, Video, People also ask, Related searches"
fußball live rtl,"Informational, Transactional",31,720,40,0.72,"Reviews, Video, People also ask, Related searches"
rtl plus programm heute,Commercial,31,720,63,0.24,"Video, People also ask, Related searches"
rrl live,"Navigational, Transactional",31,590,42,0.47,"Reviews, Video, People also ask, Related searches"
rtl aktuell sendung verpasst,"Informational, Transactional",31,480,47,0.00,"Reviews, Video, People also ask, Related searches"
fernsehn rtl,"Informational, Commercial",31,390,62,0.80,"Video, People also ask, Top stories, Related searches"
best tv for android box,Commercial,31,320,36,0.33,"Sitelinks, Video, Video carousel, People also ask, Related searches, Popular products"
rtl gestern,"Informational, Transactional",31,320,61,0.00,"Sitelinks, Video, People also ask, Related searches"
fernsehprogramm rtl plus,"Informational, Transactional",31,260,60,0.26,"Reviews, People also ask"
rtl ab,Commercial,31,260,52,1.35,"Reviews, Video, People also ask, Top stories, Related searches, Ads top, Ads bottom"
zattoo alternative,"Informational, Commercial",31,260,28,0.80,"Sitelinks, AI Overview, Reviews, Video, People also ask, Related searches"
mp classic download,Commercial,31,210,49,0.12,"Reviews, Video, Related searches"
rtl gestern abend,"Informational, Transactional",31,170,34,0.71,"Video, People also ask, Related searches"
vodafone hd karte,"Navigational, Transactional",31,170,32,1.38,"People also ask, Related searches, Ads top, Ads bottom"
2ix2rtl,"Navigational, Transactional",31,140,35,1.44,"AI Overview, Reviews, Related searches"
rtl film heute,Commercial,31,140,39,0.00,"Video, People also ask, Related searches"
rtl nitro 2ix2,"Navigational, Transactional",31,140,29,0.00,"Reviews, Video, Related searches"
smarters pro player,Commercial,31,140,35,0.00,"Reviews, Image pack, Video, Video carousel, People also ask, Related searches"
netflix conta,"Navigational, Transactional",31,110,74,0.00,"People also ask, Related searches"
netflix register,"Navigational, Transactional",31,110,69,2.42,"Video, People also ask, Related searches"
rtl live nachrichten,Transactional,31,110,50,0.68,"Reviews, Video, People also ask, Top stories, Related searches"
rtl plus fernsehprogramm,Commercial,31,110,43,0.26,"Reviews, People also ask, Related searches"
rtl1,"Informational, Transactional",31,90,67,0.65,"Reviews, Video, Related searches"
rtl aktuell heute,"Informational, Transactional",30,1000,50,0.00,"Video, People also ask, Knowledge panel, Related searches"
rtl s,"Navigational, Transactional",30,390,85,0.00,"Sitelinks, Reviews, Video, Related searches"
bester player,Commercial,30,320,33,0.00,"Reviews, Video, Video carousel, People also ask, Related searches"
filme auf rtl plus,Transactional,30,320,38,0.11,"Reviews, Video, People also ask, Related searches, Ads top"
rtl plus sendung verpasst,"Navigational, Transactional",30,260,40,0.00,"Sitelinks, Video, People also ask, Related searches"
2ix2 nitro,"Navigational, Transactional",30,210,31,0.00,"Sitelinks, Reviews, Video, Related searches"
alternative zattoo,"Informational, Commercial",30,210,24,0.77,"AI Overview, Reviews, Video, Video carousel, People also ask, Related searches, Ads bottom"
rtl live fußball deutschland,"Navigational, Transactional",30,210,50,0.00,"Sitelinks, Reviews, Video, People also ask, Related searches"
gestern rtl,Transactional,30,170,39,0.79,"Video, People also ask, Related searches"
smarters players lite,"Informational, Commercial",30,170,40,0.32,"Reviews, Video, People also ask, Knowledge panel, Related searches"
punkt 12 live,"Informational, Transactional",30,140,29,0.48,"Reviews, Video, People also ask, Related searches"
rtl spezial heute,"Informational, Transactional",30,140,46,0.00,"Sitelinks, Video, People also ask, Related searches"
sendung verpasst rtl unter uns,"Informational, Transactional",30,140,34,0.00,"Sitelinks, Video, People also ask, Top stories, Related searches"
kostenlos ohne anmeldung,"Navigational, Transactional",30,110,55,0.00,"Reviews, Video, People also ask, Related searches"
live show free,Commercial,30,110,62,0.00,"AI Overview, Reviews, Video, Video carousel, Related searches"
netflix com sign up,"Navigational, Transactional",30,110,67,1.68,"Video, People also ask, Related searches"
fernsehprogramm heute rtl plus,Commercial,30,90,44,0.00,"Video, People also ask, Related searches"
fernsehen in deutschland,"Informational, Transactional",30,70,47,1.67,"Sitelinks, Reviews, Video, People also ask, Knowledge panel, Related searches"
rtl plus fußball heute,"Navigational, Transactional",29,390,37,0.80,"Reviews, Video, Related searches"
let's dance rtl now,"Navigational, Transactional",29,140,44,0.46,"Sitelinks, Reviews, Video, Video carousel, People also ask, Related searches"
smarters lite,"Informational, Transactional",29,90,34,0.00,"Reviews, People also ask, Knowledge panel, Related searches"
nachrichten rtl von gestern,"Navigational, Transactional",29,70,45,0.00,"Video, People also ask, Related searches"
ottrun,"Informational, Transactional",28,390,22,1.14,"AI Overview, Reviews, Image, People also ask, Related searches"
2ix2 formel 1 live,"Navigational, Transactional",28,210,35,0.00,"Video, People also ask, Related searches"
downlader,"Informational, Commercial",28,110,44,0.55,"AI Overview, Reviews, Video, Related searches"
retl,"Informational, Transactional",28,110,24,0.46,"Reviews, People also ask, Related searches"
joyn nitro,"Navigational, Transactional",27,140,66,0.84,"Sitelinks, Reviews, People also ask, Related searches"
